toeplitz_prob,final_key_prob,reconciliation_prob,verify_digest_prob,seed,output_path,k_pe,total_corrections,secure_key_length,t_verify,digest_length,verification_passed,remaining_errors_after_reconciliation,non_convergent,error,elapsed_seconds,faults_fired,length_mode,keys_match,alice_measurement_error,run,bob_output_path,alice_output_path,code_version,collection_timestamp,fault_type,prob,key_index,qber
0.0,0.5,0.0,0.0,42,results/bob_realchannel_run_tp0.0_fk0.5_rp0.0_vd0.0_seed42_20260831_194709_143924.json,390,33,2810,34,34,True,0,False,,4.209682941436768,{'final_key': 1},asymptotic,False,,0,results/bob_realchannel_run_tp0.0_fk0.5_rp0.0_vd0.0_seed42_20260831_194709_143924.json,results/alice_realchannel_run_seed42_20260831_194709_134386.json,unknown,2026-08-31T19:47:13.742270,final_key,0.5,0,0.0128205128205128
0.0,0.5,0.0,0.0,43,results/bob_realchannel_run_tp0.0_fk0.5_rp0.0_vd0.0_seed43_20260831_194714_739254.json,390,33,2810,34,34,True,0,False,,4.210244655609131,{},asymptotic,True,,1,results/bob_realchannel_run_tp0.0_fk0.5_rp0.0_vd0.0_seed43_20260831_194714_739254.json,results/alice_realchannel_run_seed43_20260831_194714_727174.json,unknown,2026-08-31T19:47:19.338816,final_key,0.5,0,0.0128205128205128
0.0,0.5,0.0,0.0,44,results/bob_realchannel_run_tp0.0_fk0.5_rp0.0_vd0.0_seed44_20260831_194720_325772.json,390,33,2810,34,34,True,0,False,,2.4439446926116943,{'final_key': 1},asymptotic,False,,2,results/bob_realchannel_run_tp0.0_fk0.5_rp0.0_vd0.0_seed44_20260831_194720_325772.json,results/alice_realchannel_run_seed44_20260831_194720_328044.json,unknown,2026-08-31T19:47:23.158371,final_key,0.5,0,0.0128205128205128
0.0,0.5,0.0,0.0,45,results/bob_realchannel_run_tp0.0_fk0.5_rp0.0_vd0.0_seed45_20260831_194724_182148.json,390,33,2810,34,34,True,0,False,,3.8072876930236816,{},asymptotic,True,,3,results/bob_realchannel_run_tp0.0_fk0.5_rp0.0_vd0.0_seed45_20260831_194724_182148.json,results/alice_realchannel_run_seed45_20260831_194724_145103.json,unknown,2026-08-31T19:47:28.375927,final_key,0.5,0,0.0128205128205128
0.0,0.5,0.0,0.0,46,results/bob_realchannel_run_tp0.0_fk0.5_rp0.0_vd0.0_seed46_20260831_194729_374189.json,390,33,2810,34,34,True,0,False,,3.4912846088409424,{},asymptotic,True,,4,results/bob_realchannel_run_tp0.0_fk0.5_rp0.0_vd0.0_seed46_20260831_194729_374189.json,results/alice_realchannel_run_seed46_20260831_194729_360725.json,unknown,2026-08-31T19:47:33.255365,final_key,0.5,0,0.0128205128205128
0.0,0.5,0.0,0.0,47,results/bob_realchannel_run_tp0.0_fk0.5_rp0.0_vd0.0_seed47_20260831_194734_250568.json,390,33,2810,34,34,True,0,False,,4.459489107131958,{},asymptotic,True,,5,results/bob_realchannel_run_tp0.0_fk0.5_rp0.0_vd0.0_seed47_20260831_194734_250568.json,results/alice_realchannel_run_seed47_20260831_194734_242723.json,unknown,2026-08-31T19:47:39.099164,final_key,0.5,0,0.0128205128205128
0.0,0.5,0.0,0.0,48,results/bob_realchannel_run_tp0.0_fk0.5_rp0.0_vd0.0_seed48_20260831_194740_110494.json,390,33,2810,34,34,True,0,False,,4.374992609024048,{},asymptotic,True,,6,results/bob_realchannel_run_tp0.0_fk0.5_rp0.0_vd0.0_seed48_20260831_194740_110494.json,results/alice_realchannel_run_seed48_20260831_194740_085411.json,unknown,2026-08-31T19:47:44.876438,final_key,0.5,0,0.0128205128205128
0.0,0.5,0.0,0.0,49,results/bob_realchannel_run_tp0.0_fk0.5_rp0.0_vd0.0_seed49_20260831_194745_889257.json,390,33,2810,34,34,True,0,False,,4.356656312942505,{},asymptotic,True,,7,results/bob_realchannel_run_tp0.0_fk0.5_rp0.0_vd0.0_seed49_20260831_194745_889257.json,results/alice_realchannel_run_seed49_20260831_194745_867028.json,unknown,2026-08-31T19:47:50.635167,final_key,0.5,0,0.0128205128205128
0.0,0.5,0.0,0.0,50,results/bob_realchannel_run_tp0.0_fk0.5_rp0.0_vd0.0_seed50_20260831_194751_640279.json,390,33,2810,34,34,True,0,False,,4.385203123092651,{'final_key': 1},asymptotic,False,,8,results/bob_realchannel_run_tp0.0_fk0.5_rp0.0_vd0.0_seed50_20260831_194751_640279.json,results/alice_realchannel_run_seed50_20260831_194751_623392.json,unknown,2026-08-31T19:47:56.396871,final_key,0.5,0,0.0128205128205128
0.0,0.5,0.0,0.0,51,results/bob_realchannel_run_tp0.0_fk0.5_rp0.0_vd0.0_seed51_20260831_194757_398396.json,390,33,2810,34,34,True,0,False,,4.354971647262573,{},asymptotic,True,,9,results/bob_realchannel_run_tp0.0_fk0.5_rp0.0_vd0.0_seed51_20260831_194757_398396.json,results/alice_realchannel_run_seed51_20260831_194757_387269.json,unknown,2026-08-31T19:48:02.153704,final_key,0.5,0,0.0128205128205128
0.0,0.3,0.0,0.0,42,results/bob_realchannel_run_tp0.0_fk0.3_rp0.0_vd0.0_seed42_20260831_194803_156115.json,390,33,2810,34,34,True,0,False,,4.205560684204102,{'final_key': 1},asymptotic,False,,0,results/bob_realchannel_run_tp0.0_fk0.3_rp0.0_vd0.0_seed42_20260831_194803_156115.json,results/alice_realchannel_run_seed42_20260831_194803_137742.json,unknown,2026-08-31T19:48:07.732884,final_key,0.3,0,0.0128205128205128
0.0,0.3,0.0,0.0,43,results/bob_realchannel_run_tp0.0_fk0.3_rp0.0_vd0.0_seed43_20260831_194808_732031.json,390,33,2810,34,34,True,0,False,,3.7578954696655273,{},asymptotic,True,,1,results/bob_realchannel_run_tp0.0_fk0.3_rp0.0_vd0.0_seed43_20260831_194808_732031.json,results/alice_realchannel_run_seed43_20260831_194808_722146.json,unknown,2026-08-31T19:48:12.879216,final_key,0.3,0,0.0128205128205128
0.0,0.3,0.0,0.0,44,results/bob_realchannel_run_tp0.0_fk0.3_rp0.0_vd0.0_seed44_20260831_194813_888246.json,390,33,2810,34,34,True,0,False,,4.433107137680054,{},asymptotic,True,,2,results/bob_realchannel_run_tp0.0_fk0.3_rp0.0_vd0.0_seed44_20260831_194813_888246.json,results/alice_realchannel_run_seed44_20260831_194813_865416.json,unknown,2026-08-31T19:48:18.710508,final_key,0.3,0,0.0128205128205128
0.0,0.3,0.0,0.0,45,results/bob_realchannel_run_tp0.0_fk0.3_rp0.0_vd0.0_seed45_20260831_194819_708288.json,390,33,2810,34,34,True,0,False,,2.957179546356201,{},asymptotic,True,,3,results/bob_realchannel_run_tp0.0_fk0.3_rp0.0_vd0.0_seed45_20260831_194819_708288.json,results/alice_realchannel_run_seed45_20260831_194819_691983.json,unknown,2026-08-31T19:48:23.055840,final_key,0.3,0,0.0128205128205128
0.0,0.3,0.0,0.0,46,results/bob_realchannel_run_tp0.0_fk0.3_rp0.0_vd0.0_seed46_20260831_194824_079776.json,390,33,2810,34,34,True,0,False,,4.177895545959473,{},asymptotic,True,,4,results/bob_realchannel_run_tp0.0_fk0.3_rp0.0_vd0.0_seed46_20260831_194824_079776.json,results/alice_realchannel_run_seed46_20260831_194824_040010.json,unknown,2026-08-31T19:48:28.657275,final_key,0.3,0,0.0128205128205128
0.0,0.3,0.0,0.0,47,results/bob_realchannel_run_tp0.0_fk0.3_rp0.0_vd0.0_seed47_20260831_194829_662952.json,390,33,2810,34,34,True,0,False,,4.4386985301971436,{},asymptotic,True,,5,results/bob_realchannel_run_tp0.0_fk0.3_rp0.0_vd0.0_seed47_20260831_194829_662952.json,results/alice_realchannel_run_seed47_20260831_194829_634382.json,unknown,2026-08-31T19:48:34.491707,final_key,0.3,0,0.0128205128205128
0.0,0.3,0.0,0.0,48,results/bob_realchannel_run_tp0.0_fk0.3_rp0.0_vd0.0_seed48_20260831_194835_495920.json,390,33,2810,34,34,True,0,False,,4.382104873657227,{},asymptotic,True,,6,results/bob_realchannel_run_tp0.0_fk0.3_rp0.0_vd0.0_seed48_20260831_194835_495920.json,results/alice_realchannel_run_seed48_20260831_194835_476972.json,unknown,2026-08-31T19:48:40.266754,final_key,0.3,0,0.0128205128205128
0.0,0.3,0.0,0.0,49,results/bob_realchannel_run_tp0.0_fk0.3_rp0.0_vd0.0_seed49_20260831_194841_283425.json,390,33,2810,34,34,True,0,False,,3.9025766849517822,{},asymptotic,True,,7,results/bob_realchannel_run_tp0.0_fk0.3_rp0.0_vd0.0_seed49_20260831_194841_283425.json,results/alice_realchannel_run_seed49_20260831_194841_262080.json,unknown,2026-08-31T19:48:45.577992,final_key,0.3,0,0.0128205128205128
0.0,0.3,0.0,0.0,50,results/bob_realchannel_run_tp0.0_fk0.3_rp0.0_vd0.0_seed50_20260831_194846_563260.json,390,33,2810,34,34,True,0,False,,2.362518548965454,{},asymptotic,True,,8,results/bob_realchannel_run_tp0.0_fk0.3_rp0.0_vd0.0_seed50_20260831_194846_563260.json,results/alice_realchannel_run_seed50_20260831_194846_559126.json,unknown,2026-08-31T19:48:49.317149,final_key,0.3,0,0.0128205128205128
0.0,0.3,0.0,0.0,51,results/bob_realchannel_run_tp0.0_fk0.3_rp0.0_vd0.0_seed51_20260831_194850_327154.json,390,33,2810,34,34,True,0,False,,4.342578887939453,{},asymptotic,True,,9,results/bob_realchannel_run_tp0.0_fk0.3_rp0.0_vd0.0_seed51_20260831_194850_327154.json,results/alice_realchannel_run_seed51_20260831_194850_299075.json,unknown,2026-08-31T19:48:55.061434,final_key,0.3,0,0.0128205128205128
0.0,0.1,0.0,0.0,42,results/bob_realchannel_run_tp0.0_fk0.1_rp0.0_vd0.0_seed42_20260831_194856_055558.json,390,33,2810,34,34,True,0,False,,4.214552164077759,{},asymptotic,True,,0,results/bob_realchannel_run_tp0.0_fk0.1_rp0.0_vd0.0_seed42_20260831_194856_055558.json,results/alice_realchannel_run_seed42_20260831_194856_042467.json,unknown,2026-08-31T19:49:00.660509,final_key,0.1,0,0.0128205128205128
0.0,0.1,0.0,0.0,43,results/bob_realchannel_run_tp0.0_fk0.1_rp0.0_vd0.0_seed43_20260831_194901_666556.json,390,33,2810,34,34,True,0,False,,1.7548823356628418,{},asymptotic,True,,1,results/bob_realchannel_run_tp0.0_fk0.1_rp0.0_vd0.0_seed43_20260831_194901_666556.json,results/alice_realchannel_run_seed43_20260831_194901_668679.json,unknown,2026-08-31T19:49:03.810987,final_key,0.1,0,0.0128205128205128
0.0,0.1,0.0,0.0,44,results/bob_realchannel_run_tp0.0_fk0.1_rp0.0_vd0.0_seed44_20260831_194904_806485.json,390,33,2810,34,34,True,0,False,,4.459522485733032,{},asymptotic,True,,2,results/bob_realchannel_run_tp0.0_fk0.1_rp0.0_vd0.0_seed44_20260831_194904_806485.json,results/alice_realchannel_run_seed44_20260831_194904_795651.json,unknown,2026-08-31T19:49:09.655688,final_key,0.1,0,0.0128205128205128
0.0,0.1,0.0,0.0,45,results/bob_realchannel_run_tp0.0_fk0.1_rp0.0_vd0.0_seed45_20260831_194910_645040.json,390,33,2810,34,34,True,0,False,,2.100264549255371,{},asymptotic,True,,3,results/bob_realchannel_run_tp0.0_fk0.1_rp0.0_vd0.0_seed45_20260831_194910_645040.json,results/alice_realchannel_run_seed45_20260831_194910_644696.json,unknown,2026-08-31T19:49:13.134545,final_key,0.1,0,0.0128205128205128
0.0,0.1,0.0,0.0,46,results/bob_realchannel_run_tp0.0_fk0.1_rp0.0_vd0.0_seed46_20260831_194914_140723.json,390,33,2810,34,34,True,0,False,,4.204633951187134,{},asymptotic,True,,4,results/bob_realchannel_run_tp0.0_fk0.1_rp0.0_vd0.0_seed46_20260831_194914_140723.json,results/alice_realchannel_run_seed46_20260831_194914_125164.json,unknown,2026-08-31T19:49:18.732362,final_key,0.1,0,0.0128205128205128
0.0,0.1,0.0,0.0,47,results/bob_realchannel_run_tp0.0_fk0.1_rp0.0_vd0.0_seed47_20260831_194919_725065.json,390,33,2810,34,34,True,0,False,,2.4605374336242676,{},asymptotic,True,,5,results/bob_realchannel_run_tp0.0_fk0.1_rp0.0_vd0.0_seed47_20260831_194919_725065.json,results/alice_realchannel_run_seed47_20260831_194919_739276.json,unknown,2026-08-31T19:49:22.587105,final_key,0.1,0,0.0128205128205128
0.0,0.1,0.0,0.0,48,results/bob_realchannel_run_tp0.0_fk0.1_rp0.0_vd0.0_seed48_20260831_194923_605734.json,390,33,2810,34,34,True,0,False,,4.359700441360474,{},asymptotic,True,,6,results/bob_realchannel_run_tp0.0_fk0.1_rp0.0_vd0.0_seed48_20260831_194923_605734.json,results/alice_realchannel_run_seed48_20260831_194923_571423.json,unknown,2026-08-31T19:49:28.336853,final_key,0.1,0,0.0128205128205128
0.0,0.1,0.0,0.0,49,results/bob_realchannel_run_tp0.0_fk0.1_rp0.0_vd0.0_seed49_20260831_194929_493830.json,390,33,2810,34,34,True,0,False,,3.4915883541107178,{},asymptotic,True,,7,results/bob_realchannel_run_tp0.0_fk0.1_rp0.0_vd0.0_seed49_20260831_194929_493830.json,results/alice_realchannel_run_seed49_20260831_194929_327300.json,unknown,2026-08-31T19:49:33.427144,final_key,0.1,0,0.0128205128205128
0.0,0.1,0.0,0.0,50,results/bob_realchannel_run_tp0.0_fk0.1_rp0.0_vd0.0_seed50_20260831_194934_466503.json,390,33,2810,34,34,True,0,False,,3.1675069332122803,{},asymptotic,True,,8,results/bob_realchannel_run_tp0.0_fk0.1_rp0.0_vd0.0_seed50_20260831_194934_466503.json,results/alice_realchannel_run_seed50_20260831_194934_416913.json,unknown,2026-08-31T19:49:38.024819,final_key,0.1,0,0.0128205128205128
0.0,0.1,0.0,0.0,51,results/bob_realchannel_run_tp0.0_fk0.1_rp0.0_vd0.0_seed51_20260831_194939_032620.json,390,33,2810,34,34,True,0,False,,3.200737714767456,{},asymptotic,True,,9,results/bob_realchannel_run_tp0.0_fk0.1_rp0.0_vd0.0_seed51_20260831_194939_032620.json,results/alice_realchannel_run_seed51_20260831_194939_006699.json,unknown,2026-08-31T19:49:42.622988,final_key,0.1,0,0.0128205128205128
0.0,0.05,0.0,0.0,42,results/bob_realchannel_run_tp0.0_fk0.05_rp0.0_vd0.0_seed42_20260831_194943_630664.json,390,33,2810,34,34,True,0,False,,3.4868416786193848,{},asymptotic,True,,0,results/bob_realchannel_run_tp0.0_fk0.05_rp0.0_vd0.0_seed42_20260831_194943_630664.json,results/alice_realchannel_run_seed42_20260831_194943_611845.json,unknown,2026-08-31T19:49:47.508344,final_key,0.05,0,0.0128205128205128
0.0,0.05,0.0,0.0,43,results/bob_realchannel_run_tp0.0_fk0.05_rp0.0_vd0.0_seed43_20260831_194948_497463.json,390,33,2810,34,34,True,0,False,,4.028345584869385,{},asymptotic,True,,1,results/bob_realchannel_run_tp0.0_fk0.05_rp0.0_vd0.0_seed43_20260831_194948_497463.json,results/alice_realchannel_run_seed43_20260831_194948_488424.json,unknown,2026-08-31T19:49:52.917395,final_key,0.05,0,0.0128205128205128
0.0,0.05,0.0,0.0,44,results/bob_realchannel_run_tp0.0_fk0.05_rp0.0_vd0.0_seed44_20260831_194953_936642.json,390,33,2810,34,34,True,0,False,,4.428789138793945,{},asymptotic,True,,2,results/bob_realchannel_run_tp0.0_fk0.05_rp0.0_vd0.0_seed44_20260831_194953_936642.json,results/alice_realchannel_run_seed44_20260831_194953_905854.json,unknown,2026-08-31T19:49:58.755708,final_key,0.05,0,0.0128205128205128
0.0,0.05,0.0,0.0,45,results/bob_realchannel_run_tp0.0_fk0.05_rp0.0_vd0.0_seed45_20260831_194959_757101.json,390,33,2810,34,34,True,0,False,,1.5414822101593018,{},asymptotic,True,,3,results/bob_realchannel_run_tp0.0_fk0.05_rp0.0_vd0.0_seed45_20260831_194959_757101.json,results/alice_realchannel_run_seed45_20260831_194959_916769.json,unknown,2026-08-31T19:50:01.785740,final_key,0.05,0,0.0128205128205128
0.0,0.05,0.0,0.0,46,results/bob_realchannel_run_tp0.0_fk0.05_rp0.0_vd0.0_seed46_20260831_195002_791461.json,390,33,2810,34,34,True,0,False,,3.7623515129089355,{},asymptotic,True,,4,results/bob_realchannel_run_tp0.0_fk0.05_rp0.0_vd0.0_seed46_20260831_195002_791461.json,results/alice_realchannel_run_seed46_20260831_195002_785876.json,unknown,2026-08-31T19:50:06.959084,final_key,0.05,0,0.0128205128205128
0.0,0.05,0.0,0.0,47,results/bob_realchannel_run_tp0.0_fk0.05_rp0.0_vd0.0_seed47_20260831_195007_971266.json,390,33,2810,34,34,True,0,False,,4.434139251708984,{},asymptotic,True,,5,results/bob_realchannel_run_tp0.0_fk0.05_rp0.0_vd0.0_seed47_20260831_195007_971266.json,results/alice_realchannel_run_seed47_20260831_195007_945799.json,unknown,2026-08-31T19:50:12.795953,final_key,0.05,0,0.0128205128205128
0.0,0.05,0.0,0.0,48,results/bob_realchannel_run_tp0.0_fk0.05_rp0.0_vd0.0_seed48_20260831_195013_795776.json,390,33,2810,34,34,True,0,False,,4.3858113288879395,{},asymptotic,True,,6,results/bob_realchannel_run_tp0.0_fk0.05_rp0.0_vd0.0_seed48_20260831_195013_795776.json,results/alice_realchannel_run_seed48_20260831_195013_785229.json,unknown,2026-08-31T19:50:18.584721,final_key,0.05,0,0.0128205128205128
0.0,0.05,0.0,0.0,49,results/bob_realchannel_run_tp0.0_fk0.05_rp0.0_vd0.0_seed49_20260831_195019_600573.json,390,33,2810,34,34,True,0,False,,3.893393039703369,{},asymptotic,True,,7,results/bob_realchannel_run_tp0.0_fk0.05_rp0.0_vd0.0_seed49_20260831_195019_600573.json,results/alice_realchannel_run_seed49_20260831_195019_575087.json,unknown,2026-08-31T19:50:23.884837,final_key,0.05,0,0.0128205128205128
0.0,0.05,0.0,0.0,50,results/bob_realchannel_run_tp0.0_fk0.05_rp0.0_vd0.0_seed50_20260831_195024_887438.json,390,33,2810,34,34,True,0,False,,4.374812841415405,{},asymptotic,True,,8,results/bob_realchannel_run_tp0.0_fk0.05_rp0.0_vd0.0_seed50_20260831_195024_887438.json,results/alice_realchannel_run_seed50_20260831_195024_875176.json,unknown,2026-08-31T19:50:29.671360,final_key,0.05,0,0.0128205128205128
0.0,0.05,0.0,0.0,51,results/bob_realchannel_run_tp0.0_fk0.05_rp0.0_vd0.0_seed51_20260831_195030_836925.json,390,33,2810,34,34,True,0,False,,4.200962781906128,{},asymptotic,True,,9,results/bob_realchannel_run_tp0.0_fk0.05_rp0.0_vd0.0_seed51_20260831_195030_836925.json,results/alice_realchannel_run_seed51_20260831_195030_664700.json,unknown,2026-08-31T19:50:35.475947,final_key,0.05,0,0.0128205128205128
0.0,0.03,0.0,0.0,42,results/bob_realchannel_run_tp0.0_fk0.03_rp0.0_vd0.0_seed42_20260831_195036_483977.json,390,33,2810,34,34,True,0,False,,3.4816365242004395,{},asymptotic,True,,0,results/bob_realchannel_run_tp0.0_fk0.03_rp0.0_vd0.0_seed42_20260831_195036_483977.json,results/alice_realchannel_run_seed42_20260831_195036_462105.json,unknown,2026-08-31T19:50:40.343036,final_key,0.03,0,0.0128205128205128
0.0,0.03,0.0,0.0,43,results/bob_realchannel_run_tp0.0_fk0.03_rp0.0_vd0.0_seed43_20260831_195041_334923.json,390,33,2810,34,34,True,0,False,,0.6298079490661621,{},asymptotic,True,,1,results/bob_realchannel_run_tp0.0_fk0.03_rp0.0_vd0.0_seed43_20260831_195041_334923.json,results/alice_realchannel_run_seed43_20260831_195041_334966.json,unknown,2026-08-31T19:50:42.373914,final_key,0.03,0,0.0128205128205128
0.0,0.03,0.0,0.0,44,results/bob_realchannel_run_tp0.0_fk0.03_rp0.0_vd0.0_seed44_20260831_195043_382064.json,390,33,2810,34,34,True,0,False,,4.443662166595459,{},asymptotic,True,,2,results/bob_realchannel_run_tp0.0_fk0.03_rp0.0_vd0.0_seed44_20260831_195043_382064.json,results/alice_realchannel_run_seed44_20260831_195043_363798.json,unknown,2026-08-31T19:50:48.235535,final_key,0.03,0,0.0128205128205128
0.0,0.03,0.0,0.0,45,results/bob_realchannel_run_tp0.0_fk0.03_rp0.0_vd0.0_seed45_20260831_195049_249331.json,390,33,2810,34,34,True,0,False,,4.268130540847778,{},asymptotic,True,,3,results/bob_realchannel_run_tp0.0_fk0.03_rp0.0_vd0.0_seed45_20260831_195049_249331.json,results/alice_realchannel_run_seed45_20260831_195049_216148.json,unknown,2026-08-31T19:50:53.927791,final_key,0.03,0,0.0128205128205128
0.0,0.03,0.0,0.0,46,results/bob_realchannel_run_tp0.0_fk0.03_rp0.0_vd0.0_seed46_20260831_195054_940066.json,390,33,2810,34,34,True,0,False,,4.210635423660278,{},asymptotic,True,,4,results/bob_realchannel_run_tp0.0_fk0.03_rp0.0_vd0.0_seed46_20260831_195054_940066.json,results/alice_realchannel_run_seed46_20260831_195054_922177.json,unknown,2026-08-31T19:50:59.560179,final_key,0.03,0,0.0128205128205128
0.0,0.03,0.0,0.0,47,results/bob_realchannel_run_tp0.0_fk0.03_rp0.0_vd0.0_seed47_20260831_195100_575291.json,390,33,2810,34,34,True,0,False,,4.438190221786499,{},asymptotic,True,,5,results/bob_realchannel_run_tp0.0_fk0.03_rp0.0_vd0.0_seed47_20260831_195100_575291.json,results/alice_realchannel_run_seed47_20260831_195100_556790.json,unknown,2026-08-31T19:51:05.404228,final_key,0.03,0,0.0128205128205128
0.0,0.03,0.0,0.0,48,results/bob_realchannel_run_tp0.0_fk0.03_rp0.0_vd0.0_seed48_20260831_195106_415711.json,390,33,2810,34,34,True,0,False,,4.36595606803894,{},asymptotic,True,,6,results/bob_realchannel_run_tp0.0_fk0.03_rp0.0_vd0.0_seed48_20260831_195106_415711.json,results/alice_realchannel_run_seed48_20260831_195106_385079.json,unknown,2026-08-31T19:51:11.174085,final_key,0.03,0,0.0128205128205128
0.0,0.03,0.0,0.0,49,results/bob_realchannel_run_tp0.0_fk0.03_rp0.0_vd0.0_seed49_20260831_195112_181842.json,390,33,2810,34,34,True,0,False,,3.8997642993927,{},asymptotic,True,,7,results/bob_realchannel_run_tp0.0_fk0.03_rp0.0_vd0.0_seed49_20260831_195112_181842.json,results/alice_realchannel_run_seed49_20260831_195112_159934.json,unknown,2026-08-31T19:51:16.489262,final_key,0.03,0,0.0128205128205128
0.0,0.03,0.0,0.0,50,results/bob_realchannel_run_tp0.0_fk0.03_rp0.0_vd0.0_seed50_20260831_195117_497877.json,390,33,2810,34,34,True,0,False,,4.5758843421936035,{},asymptotic,True,,8,results/bob_realchannel_run_tp0.0_fk0.03_rp0.0_vd0.0_seed50_20260831_195117_497877.json,results/alice_realchannel_run_seed50_20260831_195117_471492.json,unknown,2026-08-31T19:51:22.463659,final_key,0.03,0,0.0128205128205128
0.0,0.03,0.0,0.0,51,results/bob_realchannel_run_tp0.0_fk0.03_rp0.0_vd0.0_seed51_20260831_195123_469425.json,390,33,2810,34,34,True,0,False,,3.9041225910186768,{},asymptotic,True,,9,results/bob_realchannel_run_tp0.0_fk0.03_rp0.0_vd0.0_seed51_20260831_195123_469425.json,results/alice_realchannel_run_seed51_20260831_195123_444550.json,unknown,2026-08-31T19:51:27.764213,final_key,0.03,0,0.0128205128205128
0.0,0.01,0.0,0.0,42,results/bob_realchannel_run_tp0.0_fk0.01_rp0.0_vd0.0_seed42_20260831_195128_766406.json,390,33,2810,34,34,True,0,False,,3.979166269302368,{},asymptotic,True,,0,results/bob_realchannel_run_tp0.0_fk0.01_rp0.0_vd0.0_seed42_20260831_195128_766406.json,results/alice_realchannel_run_seed42_20260831_195128_752351.json,unknown,2026-08-31T19:51:33.138441,final_key,0.01,0,0.0128205128205128
0.0,0.01,0.0,0.0,43,results/bob_realchannel_run_tp0.0_fk0.01_rp0.0_vd0.0_seed43_20260831_195134_180437.json,390,33,2810,34,34,True,0,False,,4.165229082107544,{},asymptotic,True,,1,results/bob_realchannel_run_tp0.0_fk0.01_rp0.0_vd0.0_seed43_20260831_195134_180437.json,results/alice_realchannel_run_seed43_20260831_195134_121434.json,unknown,2026-08-31T19:51:38.837055,final_key,0.01,0,0.0128205128205128
0.0,0.01,0.0,0.0,44,results/bob_realchannel_run_tp0.0_fk0.01_rp0.0_vd0.0_seed44_20260831_195139_868320.json,390,33,2810,34,34,True,0,False,,3.9610774517059326,{},asymptotic,True,,2,results/bob_realchannel_run_tp0.0_fk0.01_rp0.0_vd0.0_seed44_20260831_195139_868320.json,results/alice_realchannel_run_seed44_20260831_195139_820305.json,unknown,2026-08-31T19:51:44.245035,final_key,0.01,0,0.0128205128205128
0.0,0.01,0.0,0.0,45,results/bob_realchannel_run_tp0.0_fk0.01_rp0.0_vd0.0_seed45_20260831_195145_282038.json,390,33,2810,34,34,True,0,False,,3.7995049953460693,{},asymptotic,True,,3,results/bob_realchannel_run_tp0.0_fk0.01_rp0.0_vd0.0_seed45_20260831_195145_282038.json,results/alice_realchannel_run_seed45_20260831_195145_239287.json,unknown,2026-08-31T19:51:49.494851,final_key,0.01,0,0.0128205128205128
0.0,0.01,0.0,0.0,46,results/bob_realchannel_run_tp0.0_fk0.01_rp0.0_vd0.0_seed46_20260831_195150_501218.json,390,33,2810,34,34,True,0,False,,4.204632759094238,{},asymptotic,True,,4,results/bob_realchannel_run_tp0.0_fk0.01_rp0.0_vd0.0_seed46_20260831_195150_501218.json,results/alice_realchannel_run_seed46_20260831_195150_480760.json,unknown,2026-08-31T19:51:55.127418,final_key,0.01,0,0.0128205128205128
0.0,0.01,0.0,0.0,47,results/bob_realchannel_run_tp0.0_fk0.01_rp0.0_vd0.0_seed47_20260831_195156_232559.json,390,33,2810,34,34,True,0,False,,3.169174909591675,{},asymptotic,True,,5,results/bob_realchannel_run_tp0.0_fk0.01_rp0.0_vd0.0_seed47_20260831_195156_232559.json,results/alice_realchannel_run_seed47_20260831_195156_105724.json,unknown,2026-08-31T19:51:59.810032,final_key,0.01,0,0.0128205128205128
0.0,0.01,0.0,0.0,48,results/bob_realchannel_run_tp0.0_fk0.01_rp0.0_vd0.0_seed48_20260831_195200_822822.json,390,33,2810,34,34,True,0,False,,4.3552141189575195,{},asymptotic,True,,6,results/bob_realchannel_run_tp0.0_fk0.01_rp0.0_vd0.0_seed48_20260831_195200_822822.json,results/alice_realchannel_run_seed48_20260831_195200_781076.json,unknown,2026-08-31T19:52:05.600986,final_key,0.01,0,0.0128205128205128
0.0,0.01,0.0,0.0,49,results/bob_realchannel_run_tp0.0_fk0.01_rp0.0_vd0.0_seed49_20260831_195206_687893.json,390,33,2810,34,34,True,0,False,,4.274125576019287,{},asymptotic,True,,7,results/bob_realchannel_run_tp0.0_fk0.01_rp0.0_vd0.0_seed49_20260831_195206_687893.json,results/alice_realchannel_run_seed49_20260831_195206_589004.json,unknown,2026-08-31T19:52:11.370521,final_key,0.01,0,0.0128205128205128
0.0,0.01,0.0,0.0,50,results/bob_realchannel_run_tp0.0_fk0.01_rp0.0_vd0.0_seed50_20260831_195212_381682.json,390,33,2810,34,34,True,0,False,,3.9128994941711426,{},asymptotic,True,,8,results/bob_realchannel_run_tp0.0_fk0.01_rp0.0_vd0.0_seed50_20260831_195212_381682.json,results/alice_realchannel_run_seed50_20260831_195212_361292.json,unknown,2026-08-31T19:52:16.769278,final_key,0.01,0,0.0128205128205128
0.0,0.01,0.0,0.0,51,results/bob_realchannel_run_tp0.0_fk0.01_rp0.0_vd0.0_seed51_20260831_195217_928035.json,390,33,2810,34,34,True,0,False,,3.749654531478882,{},asymptotic,True,,9,results/bob_realchannel_run_tp0.0_fk0.01_rp0.0_vd0.0_seed51_20260831_195217_928035.json,results/alice_realchannel_run_seed51_20260831_195217_754797.json,unknown,2026-08-31T19:52:22.121396,final_key,0.01,0,0.0128205128205128
0.0,0.003,0.0,0.0,42,results/bob_realchannel_run_tp0.0_fk0.003_rp0.0_vd0.0_seed42_20260831_195223_258051.json,390,33,2810,34,34,True,0,False,,4.063554525375366,{},asymptotic,True,,0,results/bob_realchannel_run_tp0.0_fk0.003_rp0.0_vd0.0_seed42_20260831_195223_258051.json,results/alice_realchannel_run_seed42_20260831_195223_103404.json,unknown,2026-08-31T19:52:27.731726,final_key,0.003,0,0.0128205128205128
0.0,0.003,0.0,0.0,43,results/bob_realchannel_run_tp0.0_fk0.003_rp0.0_vd0.0_seed43_20260831_195228_745710.json,390,33,2810,34,34,True,0,False,,4.212421655654907,{},asymptotic,True,,1,results/bob_realchannel_run_tp0.0_fk0.003_rp0.0_vd0.0_seed43_20260831_195228_745710.json,results/alice_realchannel_run_seed43_20260831_195228_730183.json,unknown,2026-08-31T19:52:33.368011,final_key,0.003,0,0.0128205128205128
0.0,0.003,0.0,0.0,44,results/bob_realchannel_run_tp0.0_fk0.003_rp0.0_vd0.0_seed44_20260831_195234_382637.json,390,33,2810,34,34,True,0,False,,4.430913686752319,{},asymptotic,True,,2,results/bob_realchannel_run_tp0.0_fk0.003_rp0.0_vd0.0_seed44_20260831_195234_382637.json,results/alice_realchannel_run_seed44_20260831_195234_350732.json,unknown,2026-08-31T19:52:39.204758,final_key,0.003,0,0.0128205128205128
0.0,0.003,0.0,0.0,45,results/bob_realchannel_run_tp0.0_fk0.003_rp0.0_vd0.0_seed45_20260831_195240_230763.json,390,33,2810,34,34,True,0,False,,4.267563104629517,{},asymptotic,True,,3,results/bob_realchannel_run_tp0.0_fk0.003_rp0.0_vd0.0_seed45_20260831_195240_230763.json,results/alice_realchannel_run_seed45_20260831_195240_196506.json,unknown,2026-08-31T19:52:44.889066,final_key,0.003,0,0.0128205128205128
0.0,0.003,0.0,0.0,46,results/bob_realchannel_run_tp0.0_fk0.003_rp0.0_vd0.0_seed46_20260831_195245_899487.json,390,33,2810,34,34,True,0,False,,4.198385238647461,{},asymptotic,True,,4,results/bob_realchannel_run_tp0.0_fk0.003_rp0.0_vd0.0_seed46_20260831_195245_899487.json,results/alice_realchannel_run_seed46_20260831_195245_873902.json,unknown,2026-08-31T19:52:50.489424,final_key,0.003,0,0.0128205128205128
0.0,0.003,0.0,0.0,47,results/bob_realchannel_run_tp0.0_fk0.003_rp0.0_vd0.0_seed47_20260831_195251_489221.json,390,33,2810,34,34,True,0,False,,4.448426246643066,{},asymptotic,True,,5,results/bob_realchannel_run_tp0.0_fk0.003_rp0.0_vd0.0_seed47_20260831_195251_489221.json,results/alice_realchannel_run_seed47_20260831_195251_476195.json,unknown,2026-08-31T19:52:56.352263,final_key,0.003,0,0.0128205128205128
0.0,0.003,0.0,0.0,48,results/bob_realchannel_run_tp0.0_fk0.003_rp0.0_vd0.0_seed48_20260831_195257_356535.json,390,33,2810,34,34,True,0,False,,2.3856184482574463,{},asymptotic,True,,6,results/bob_realchannel_run_tp0.0_fk0.003_rp0.0_vd0.0_seed48_20260831_195257_356535.json,results/alice_realchannel_run_seed48_20260831_195257_357492.json,unknown,2026-08-31T19:53:00.193390,final_key,0.003,0,0.0128205128205128
0.0,0.003,0.0,0.0,49,results/bob_realchannel_run_tp0.0_fk0.003_rp0.0_vd0.0_seed49_20260831_195301_192910.json,390,33,2810,34,34,True,0,False,,1.9089322090148926,{},asymptotic,True,,7,results/bob_realchannel_run_tp0.0_fk0.003_rp0.0_vd0.0_seed49_20260831_195301_192910.json,results/alice_realchannel_run_seed49_20260831_195301_189345.json,unknown,2026-08-31T19:53:03.513551,final_key,0.003,0,0.0128205128205128
0.0,0.003,0.0,0.0,50,results/bob_realchannel_run_tp0.0_fk0.003_rp0.0_vd0.0_seed50_20260831_195304_516657.json,390,33,2810,34,34,True,0,False,,2.3968236446380615,{},asymptotic,True,,8,results/bob_realchannel_run_tp0.0_fk0.003_rp0.0_vd0.0_seed50_20260831_195304_516657.json,results/alice_realchannel_run_seed50_20260831_195304_543236.json,unknown,2026-08-31T19:53:07.371401,final_key,0.003,0,0.0128205128205128
0.0,0.003,0.0,0.0,51,results/bob_realchannel_run_tp0.0_fk0.003_rp0.0_vd0.0_seed51_20260831_195308_378817.json,390,33,2810,34,34,True,0,False,,4.367406129837036,{},asymptotic,True,,9,results/bob_realchannel_run_tp0.0_fk0.003_rp0.0_vd0.0_seed51_20260831_195308_378817.json,results/alice_realchannel_run_seed51_20260831_195308_362692.json,unknown,2026-08-31T19:53:13.156230,final_key,0.003,0,0.0128205128205128
0.0,0.001,0.0,0.0,42,results/bob_realchannel_run_tp0.0_fk0.001_rp0.0_vd0.0_seed42_20260831_195314_159336.json,390,33,2810,34,34,True,0,False,,4.202140808105469,{},asymptotic,True,,0,results/bob_realchannel_run_tp0.0_fk0.001_rp0.0_vd0.0_seed42_20260831_195314_159336.json,results/alice_realchannel_run_seed42_20260831_195314_142922.json,unknown,2026-08-31T19:53:18.770904,final_key,0.001,0,0.0128205128205128
0.0,0.001,0.0,0.0,43,results/bob_realchannel_run_tp0.0_fk0.001_rp0.0_vd0.0_seed43_20260831_195319_772904.json,390,33,2810,34,34,True,0,False,,3.036492109298706,{},asymptotic,True,,1,results/bob_realchannel_run_tp0.0_fk0.001_rp0.0_vd0.0_seed43_20260831_195319_772904.json,results/alice_realchannel_run_seed43_20260831_195319_755247.json,unknown,2026-08-31T19:53:23.217573,final_key,0.001,0,0.0128205128205128
0.0,0.001,0.0,0.0,44,results/bob_realchannel_run_tp0.0_fk0.001_rp0.0_vd0.0_seed44_20260831_195324_223782.json,390,33,2810,34,34,True,0,False,,3.9974324703216553,{},asymptotic,True,,2,results/bob_realchannel_run_tp0.0_fk0.001_rp0.0_vd0.0_seed44_20260831_195324_223782.json,results/alice_realchannel_run_seed44_20260831_195324_213559.json,unknown,2026-08-31T19:53:28.615069,final_key,0.001,0,0.0128205128205128
0.0,0.001,0.0,0.0,45,results/bob_realchannel_run_tp0.0_fk0.001_rp0.0_vd0.0_seed45_20260831_195329_621436.json,390,33,2810,34,34,True,0,False,,4.275956630706787,{},asymptotic,True,,3,results/bob_realchannel_run_tp0.0_fk0.001_rp0.0_vd0.0_seed45_20260831_195329_621436.json,results/alice_realchannel_run_seed45_20260831_195329_601640.json,unknown,2026-08-31T19:53:34.305960,final_key,0.001,0,0.0128205128205128
0.0,0.001,0.0,0.0,46,results/bob_realchannel_run_tp0.0_fk0.001_rp0.0_vd0.0_seed46_20260831_195335_304122.json,390,33,2810,34,34,True,0,False,,4.209886789321899,{},asymptotic,True,,4,results/bob_realchannel_run_tp0.0_fk0.001_rp0.0_vd0.0_seed46_20260831_195335_304122.json,results/alice_realchannel_run_seed46_20260831_195335_292720.json,unknown,2026-08-31T19:53:39.922721,final_key,0.001,0,0.0128205128205128
0.0,0.001,0.0,0.0,47,results/bob_realchannel_run_tp0.0_fk0.001_rp0.0_vd0.0_seed47_20260831_195340_923473.json,390,33,2810,34,34,True,0,False,,4.453780174255371,{},asymptotic,True,,5,results/bob_realchannel_run_tp0.0_fk0.001_rp0.0_vd0.0_seed47_20260831_195340_923473.json,results/alice_realchannel_run_seed47_20260831_195340_918115.json,unknown,2026-08-31T19:53:45.786237,final_key,0.001,0,0.0128205128205128
0.0,0.001,0.0,0.0,48,results/bob_realchannel_run_tp0.0_fk0.001_rp0.0_vd0.0_seed48_20260831_195346_780905.json,390,33,2810,34,34,True,0,False,,4.388445138931274,{},asymptotic,True,,6,results/bob_realchannel_run_tp0.0_fk0.001_rp0.0_vd0.0_seed48_20260831_195346_780905.json,results/alice_realchannel_run_seed48_20260831_195346_772761.json,unknown,2026-08-31T19:53:51.578355,final_key,0.001,0,0.0128205128205128
0.0,0.001,0.0,0.0,49,results/bob_realchannel_run_tp0.0_fk0.001_rp0.0_vd0.0_seed49_20260831_195352_584190.json,390,33,2810,34,34,True,0,False,,4.337730646133423,{},asymptotic,True,,7,results/bob_realchannel_run_tp0.0_fk0.001_rp0.0_vd0.0_seed49_20260831_195352_584190.json,results/alice_realchannel_run_seed49_20260831_195352_551412.json,unknown,2026-08-31T19:53:57.336260,final_key,0.001,0,0.0128205128205128
0.0,0.001,0.0,0.0,50,results/bob_realchannel_run_tp0.0_fk0.001_rp0.0_vd0.0_seed50_20260831_195358_346418.json,390,33,2810,34,34,True,0,False,,3.9112584590911865,{},asymptotic,True,,8,results/bob_realchannel_run_tp0.0_fk0.001_rp0.0_vd0.0_seed50_20260831_195358_346418.json,results/alice_realchannel_run_seed50_20260831_195358_325791.json,unknown,2026-08-31T19:54:02.651494,final_key,0.001,0,0.0128205128205128
0.0,0.001,0.0,0.0,51,results/bob_realchannel_run_tp0.0_fk0.001_rp0.0_vd0.0_seed51_20260831_195403_662048.json,390,33,2810,34,34,True,0,False,,4.347754001617432,{},asymptotic,True,,9,results/bob_realchannel_run_tp0.0_fk0.001_rp0.0_vd0.0_seed51_20260831_195403_662048.json,results/alice_realchannel_run_seed51_20260831_195403_637796.json,unknown,2026-08-31T19:54:08.422056,final_key,0.001,0,0.0128205128205128
0.0,0.5,0.0,0.0,42,results/bob_realchannel_run_tp0.0_fk0.5_rp0.0_vd0.0_seed42_20260831_201325_443409.json,379,35,2608,34,34,True,0,False,,2.90887713432312,{},asymptotic,True,,0,results/bob_realchannel_run_tp0.0_fk0.5_rp0.0_vd0.0_seed42_20260831_201325_443409.json,results/alice_realchannel_run_seed42_20260831_201325_435744.json,unknown,2026-08-31T20:13:28.773059,final_key,0.5,1,0.0158311345646438
0.0,0.5,0.0,0.0,43,results/bob_realchannel_run_tp0.0_fk0.5_rp0.0_vd0.0_seed43_20260831_201329_795091.json,379,35,2608,34,34,True,0,False,,2.728452205657959,{'final_key': 1},asymptotic,False,,1,results/bob_realchannel_run_tp0.0_fk0.5_rp0.0_vd0.0_seed43_20260831_201329_795091.json,results/alice_realchannel_run_seed43_20260831_201329_764210.json,unknown,2026-08-31T20:13:32.943069,final_key,0.5,1,0.0158311345646438
0.0,0.5,0.0,0.0,44,results/bob_realchannel_run_tp0.0_fk0.5_rp0.0_vd0.0_seed44_20260831_201333_965959.json,379,35,2608,34,34,True,0,False,,2.7975196838378906,{'final_key': 1},asymptotic,False,,2,results/bob_realchannel_run_tp0.0_fk0.5_rp0.0_vd0.0_seed44_20260831_201333_965959.json,results/alice_realchannel_run_seed44_20260831_201333_936080.json,unknown,2026-08-31T20:13:37.184330,final_key,0.5,1,0.0158311345646438
0.0,0.5,0.0,0.0,45,results/bob_realchannel_run_tp0.0_fk0.5_rp0.0_vd0.0_seed45_20260831_201338_202887.json,379,35,2608,34,34,True,0,False,,2.8008553981781006,{},asymptotic,True,,3,results/bob_realchannel_run_tp0.0_fk0.5_rp0.0_vd0.0_seed45_20260831_201338_202887.json,results/alice_realchannel_run_seed45_20260831_201338_173609.json,unknown,2026-08-31T20:13:41.426011,final_key,0.5,1,0.0158311345646438
0.0,0.5,0.0,0.0,46,results/bob_realchannel_run_tp0.0_fk0.5_rp0.0_vd0.0_seed46_20260831_201342_457529.json,379,35,2608,34,34,True,0,False,,2.7980940341949463,{},asymptotic,True,,4,results/bob_realchannel_run_tp0.0_fk0.5_rp0.0_vd0.0_seed46_20260831_201342_457529.json,results/alice_realchannel_run_seed46_20260831_201342_427076.json,unknown,2026-08-31T20:13:45.675242,final_key,0.5,1,0.0158311345646438
0.0,0.5,0.0,0.0,47,results/bob_realchannel_run_tp0.0_fk0.5_rp0.0_vd0.0_seed47_20260831_201346_691536.json,379,35,2608,34,34,True,0,False,,2.7880587577819824,{},asymptotic,True,,5,results/bob_realchannel_run_tp0.0_fk0.5_rp0.0_vd0.0_seed47_20260831_201346_691536.json,results/alice_realchannel_run_seed47_20260831_201346_666297.json,unknown,2026-08-31T20:13:49.899453,final_key,0.5,1,0.0158311345646438
0.0,0.5,0.0,0.0,48,results/bob_realchannel_run_tp0.0_fk0.5_rp0.0_vd0.0_seed48_20260831_201350_920475.json,379,35,2608,34,34,True,0,False,,2.795074224472046,{'final_key': 1},asymptotic,False,,6,results/bob_realchannel_run_tp0.0_fk0.5_rp0.0_vd0.0_seed48_20260831_201350_920475.json,results/alice_realchannel_run_seed48_20260831_201350_889916.json,unknown,2026-08-31T20:13:54.134686,final_key,0.5,1,0.0158311345646438
0.0,0.5,0.0,0.0,49,results/bob_realchannel_run_tp0.0_fk0.5_rp0.0_vd0.0_seed49_20260831_201355_151184.json,379,35,2608,34,34,True,0,False,,2.728478193283081,{},asymptotic,True,,7,results/bob_realchannel_run_tp0.0_fk0.5_rp0.0_vd0.0_seed49_20260831_201355_151184.json,results/alice_realchannel_run_seed49_20260831_201355_128754.json,unknown,2026-08-31T20:13:58.298882,final_key,0.5,1,0.0158311345646438
0.0,0.5,0.0,0.0,50,results/bob_realchannel_run_tp0.0_fk0.5_rp0.0_vd0.0_seed50_20260831_201359_323335.json,379,35,2608,34,34,True,0,False,,0.944711446762085,{},asymptotic,True,,8,results/bob_realchannel_run_tp0.0_fk0.5_rp0.0_vd0.0_seed50_20260831_201359_323335.json,results/alice_realchannel_run_seed50_20260831_201359_520778.json,unknown,2026-08-31T20:14:00.687723,final_key,0.5,1,0.0158311345646438
0.0,0.5,0.0,0.0,51,results/bob_realchannel_run_tp0.0_fk0.5_rp0.0_vd0.0_seed51_20260831_201401_705784.json,379,35,2608,34,34,True,0,False,,2.893991231918335,{},asymptotic,True,,9,results/bob_realchannel_run_tp0.0_fk0.5_rp0.0_vd0.0_seed51_20260831_201401_705784.json,results/alice_realchannel_run_seed51_20260831_201401_694004.json,unknown,2026-08-31T20:14:05.022250,final_key,0.5,1,0.0158311345646438
0.0,0.3,0.0,0.0,42,results/bob_realchannel_run_tp0.0_fk0.3_rp0.0_vd0.0_seed42_20260831_201406_069770.json,379,35,2608,34,34,True,0,False,,2.8580639362335205,{},asymptotic,True,,0,results/bob_realchannel_run_tp0.0_fk0.3_rp0.0_vd0.0_seed42_20260831_201406_069770.json,results/alice_realchannel_run_seed42_20260831_201406_017007.json,unknown,2026-08-31T20:14:09.347743,final_key,0.3,1,0.0158311345646438
0.0,0.3,0.0,0.0,43,results/bob_realchannel_run_tp0.0_fk0.3_rp0.0_vd0.0_seed43_20260831_201410_373885.json,379,35,2608,34,34,True,0,False,,2.713831901550293,{},asymptotic,True,,1,results/bob_realchannel_run_tp0.0_fk0.3_rp0.0_vd0.0_seed43_20260831_201410_373885.json,results/alice_realchannel_run_seed43_20260831_201410_335306.json,unknown,2026-08-31T20:14:13.505364,final_key,0.3,1,0.0158311345646438
0.0,0.3,0.0,0.0,44,results/bob_realchannel_run_tp0.0_fk0.3_rp0.0_vd0.0_seed44_20260831_201414_529937.json,379,35,2608,34,34,True,0,False,,2.7936837673187256,{'final_key': 1},asymptotic,False,,2,results/bob_realchannel_run_tp0.0_fk0.3_rp0.0_vd0.0_seed44_20260831_201414_529937.json,results/alice_realchannel_run_seed44_20260831_201414_497786.json,unknown,2026-08-31T20:14:17.732097,final_key,0.3,1,0.0158311345646438
0.0,0.3,0.0,0.0,45,results/bob_realchannel_run_tp0.0_fk0.3_rp0.0_vd0.0_seed45_20260831_201418_756140.json,379,35,2608,34,34,True,0,False,,2.7872235774993896,{},asymptotic,True,,3,results/bob_realchannel_run_tp0.0_fk0.3_rp0.0_vd0.0_seed45_20260831_201418_756140.json,results/alice_realchannel_run_seed45_20260831_201418_719179.json,unknown,2026-08-31T20:14:21.917167,final_key,0.3,1,0.0158311345646438
0.0,0.3,0.0,0.0,46,results/bob_realchannel_run_tp0.0_fk0.3_rp0.0_vd0.0_seed46_20260831_201422_943086.json,379,35,2608,34,34,True,0,False,,2.7726924419403076,{},asymptotic,True,,4,results/bob_realchannel_run_tp0.0_fk0.3_rp0.0_vd0.0_seed46_20260831_201422_943086.json,results/alice_realchannel_run_seed46_20260831_201422_886260.json,unknown,2026-08-31T20:14:26.079417,final_key,0.3,1,0.0158311345646438
0.0,0.3,0.0,0.0,47,results/bob_realchannel_run_tp0.0_fk0.3_rp0.0_vd0.0_seed47_20260831_201427_100629.json,379,35,2608,34,34,True,0,False,,2.7671959400177,{},asymptotic,True,,5,results/bob_realchannel_run_tp0.0_fk0.3_rp0.0_vd0.0_seed47_20260831_201427_100629.json,results/alice_realchannel_run_seed47_20260831_201427_052972.json,unknown,2026-08-31T20:14:30.255871,final_key,0.3,1,0.0158311345646438
0.0,0.3,0.0,0.0,48,results/bob_realchannel_run_tp0.0_fk0.3_rp0.0_vd0.0_seed48_20260831_201431_277294.json,379,35,2608,34,34,True,0,False,,2.726377248764038,{'final_key': 1},asymptotic,False,,6,results/bob_realchannel_run_tp0.0_fk0.3_rp0.0_vd0.0_seed48_20260831_201431_277294.json,results/alice_realchannel_run_seed48_20260831_201431_224086.json,unknown,2026-08-31T20:14:34.368395,final_key,0.3,1,0.0158311345646438
0.0,0.3,0.0,0.0,49,results/bob_realchannel_run_tp0.0_fk0.3_rp0.0_vd0.0_seed49_20260831_201435_388193.json,379,35,2608,34,34,True,0,False,,3.12817120552063,{},asymptotic,True,,7,results/bob_realchannel_run_tp0.0_fk0.3_rp0.0_vd0.0_seed49_20260831_201435_388193.json,results/alice_realchannel_run_seed49_20260831_201435_373243.json,unknown,2026-08-31T20:14:38.893064,final_key,0.3,1,0.0158311345646438
0.0,0.3,0.0,0.0,50,results/bob_realchannel_run_tp0.0_fk0.3_rp0.0_vd0.0_seed50_20260831_201439_909375.json,379,35,2608,34,34,True,0,False,,2.7223949432373047,{},asymptotic,True,,8,results/bob_realchannel_run_tp0.0_fk0.3_rp0.0_vd0.0_seed50_20260831_201439_909375.json,results/alice_realchannel_run_seed50_20260831_201439_864965.json,unknown,2026-08-31T20:14:43.009111,final_key,0.3,1,0.0158311345646438
0.0,0.3,0.0,0.0,51,results/bob_realchannel_run_tp0.0_fk0.3_rp0.0_vd0.0_seed51_20260831_201444_027302.json,379,35,2608,34,34,True,0,False,,3.2085444927215576,{},asymptotic,True,,9,results/bob_realchannel_run_tp0.0_fk0.3_rp0.0_vd0.0_seed51_20260831_201444_027302.json,results/alice_realchannel_run_seed51_20260831_201443_993755.json,unknown,2026-08-31T20:14:47.610819,final_key,0.3,1,0.0158311345646438
0.0,0.1,0.0,0.0,42,results/bob_realchannel_run_tp0.0_fk0.1_rp0.0_vd0.0_seed42_20260831_201448_630823.json,379,35,2608,34,34,True,0,False,,2.8688511848449707,{},asymptotic,True,,0,results/bob_realchannel_run_tp0.0_fk0.1_rp0.0_vd0.0_seed42_20260831_201448_630823.json,results/alice_realchannel_run_seed42_20260831_201448_585274.json,unknown,2026-08-31T20:14:51.877233,final_key,0.1,1,0.0158311345646438
0.0,0.1,0.0,0.0,43,results/bob_realchannel_run_tp0.0_fk0.1_rp0.0_vd0.0_seed43_20260831_201452_897462.json,379,35,2608,34,34,True,0,False,,2.710200786590576,{},asymptotic,True,,1,results/bob_realchannel_run_tp0.0_fk0.1_rp0.0_vd0.0_seed43_20260831_201452_897462.json,results/alice_realchannel_run_seed43_20260831_201452_851706.json,unknown,2026-08-31T20:14:55.984688,final_key,0.1,1,0.0158311345646438
0.0,0.1,0.0,0.0,44,results/bob_realchannel_run_tp0.0_fk0.1_rp0.0_vd0.0_seed44_20260831_201457_015149.json,379,35,2608,34,34,True,0,False,,3.173145294189453,{'final_key': 1},asymptotic,False,,2,results/bob_realchannel_run_tp0.0_fk0.1_rp0.0_vd0.0_seed44_20260831_201457_015149.json,results/alice_realchannel_run_seed44_20260831_201456_972318.json,unknown,2026-08-31T20:15:00.569185,final_key,0.1,1,0.0158311345646438
0.0,0.1,0.0,0.0,45,results/bob_realchannel_run_tp0.0_fk0.1_rp0.0_vd0.0_seed45_20260831_201501_578390.json,379,35,2608,34,34,True,0,False,,1.4129714965820312,{},asymptotic,True,,3,results/bob_realchannel_run_tp0.0_fk0.1_rp0.0_vd0.0_seed45_20260831_201501_578390.json,results/alice_realchannel_run_seed45_20260831_201501_578733.json,unknown,2026-08-31T20:15:03.367378,final_key,0.1,1,0.0158311345646438
0.0,0.1,0.0,0.0,46,results/bob_realchannel_run_tp0.0_fk0.1_rp0.0_vd0.0_seed46_20260831_201504_372411.json,379,35,2608,34,34,True,0,False,,2.811293125152588,{},asymptotic,True,,4,results/bob_realchannel_run_tp0.0_fk0.1_rp0.0_vd0.0_seed46_20260831_201504_372411.json,results/alice_realchannel_run_seed46_20260831_201504_349942.json,unknown,2026-08-31T20:15:07.560904,final_key,0.1,1,0.0158311345646438
0.0,0.1,0.0,0.0,47,results/bob_realchannel_run_tp0.0_fk0.1_rp0.0_vd0.0_seed47_20260831_201508_571159.json,379,35,2608,34,34,True,0,False,,2.7923455238342285,{},asymptotic,True,,5,results/bob_realchannel_run_tp0.0_fk0.1_rp0.0_vd0.0_seed47_20260831_201508_571159.json,results/alice_realchannel_run_seed47_20260831_201508_536201.json,unknown,2026-08-31T20:15:11.743912,final_key,0.1,1,0.0158311345646438
0.0,0.1,0.0,0.0,48,results/bob_realchannel_run_tp0.0_fk0.1_rp0.0_vd0.0_seed48_20260831_201512_750377.json,379,35,2608,34,34,True,0,False,,2.965618133544922,{},asymptotic,True,,6,results/bob_realchannel_run_tp0.0_fk0.1_rp0.0_vd0.0_seed48_20260831_201512_750377.json,results/alice_realchannel_run_seed48_20260831_201512_732945.json,unknown,2026-08-31T20:15:16.079581,final_key,0.1,1,0.0158311345646438
0.0,0.1,0.0,0.0,49,results/bob_realchannel_run_tp0.0_fk0.1_rp0.0_vd0.0_seed49_20260831_201517_088951.json,379,35,2608,34,34,True,0,False,,2.735261917114258,{},asymptotic,True,,7,results/bob_realchannel_run_tp0.0_fk0.1_rp0.0_vd0.0_seed49_20260831_201517_088951.json,results/alice_realchannel_run_seed49_20260831_201517_068674.json,unknown,2026-08-31T20:15:20.199190,final_key,0.1,1,0.0158311345646438
0.0,0.1,0.0,0.0,50,results/bob_realchannel_run_tp0.0_fk0.1_rp0.0_vd0.0_seed50_20260831_201521_213236.json,379,35,2608,34,34,True,0,False,,3.102400064468384,{},asymptotic,True,,8,results/bob_realchannel_run_tp0.0_fk0.1_rp0.0_vd0.0_seed50_20260831_201521_213236.json,results/alice_realchannel_run_seed50_20260831_201521_177205.json,unknown,2026-08-31T20:15:24.740857,final_key,0.1,1,0.0158311345646438
0.0,0.1,0.0,0.0,51,results/bob_realchannel_run_tp0.0_fk0.1_rp0.0_vd0.0_seed51_20260831_201525_760998.json,379,35,2608,34,34,True,0,False,,2.8865268230438232,{},asymptotic,True,,9,results/bob_realchannel_run_tp0.0_fk0.1_rp0.0_vd0.0_seed51_20260831_201525_760998.json,results/alice_realchannel_run_seed51_20260831_201525_735217.json,unknown,2026-08-31T20:15:29.066307,final_key,0.1,1,0.0158311345646438
0.0,0.05,0.0,0.0,42,results/bob_realchannel_run_tp0.0_fk0.05_rp0.0_vd0.0_seed42_20260831_201530_094559.json,379,35,2608,34,34,True,0,False,,0.8970351219177246,{},asymptotic,True,,0,results/bob_realchannel_run_tp0.0_fk0.05_rp0.0_vd0.0_seed42_20260831_201530_094559.json,results/alice_realchannel_run_seed42_20260831_201530_092844.json,unknown,2026-08-31T20:15:31.484006,final_key,0.05,1,0.0158311345646438
0.0,0.05,0.0,0.0,43,results/bob_realchannel_run_tp0.0_fk0.05_rp0.0_vd0.0_seed43_20260831_201532_503540.json,379,35,2608,34,34,True,0,False,,2.728666067123413,{},asymptotic,True,,1,results/bob_realchannel_run_tp0.0_fk0.05_rp0.0_vd0.0_seed43_20260831_201532_503540.json,results/alice_realchannel_run_seed43_20260831_201532_480442.json,unknown,2026-08-31T20:15:35.652586,final_key,0.05,1,0.0158311345646438
0.0,0.05,0.0,0.0,44,results/bob_realchannel_run_tp0.0_fk0.05_rp0.0_vd0.0_seed44_20260831_201536_668813.json,379,35,2608,34,34,True,0,False,,1.207017421722412,{'final_key': 1},asymptotic,False,,2,results/bob_realchannel_run_tp0.0_fk0.05_rp0.0_vd0.0_seed44_20260831_201536_668813.json,results/alice_realchannel_run_seed44_20260831_201536_671082.json,unknown,2026-08-31T20:15:38.358889,final_key,0.05,1,0.0158311345646438
0.0,0.05,0.0,0.0,45,results/bob_realchannel_run_tp0.0_fk0.05_rp0.0_vd0.0_seed45_20260831_201539_390573.json,379,35,2608,34,34,True,0,False,,2.7928977012634277,{},asymptotic,True,,3,results/bob_realchannel_run_tp0.0_fk0.05_rp0.0_vd0.0_seed45_20260831_201539_390573.json,results/alice_realchannel_run_seed45_20260831_201539_356319.json,unknown,2026-08-31T20:15:42.606039,final_key,0.05,1,0.0158311345646438
0.0,0.05,0.0,0.0,46,results/bob_realchannel_run_tp0.0_fk0.05_rp0.0_vd0.0_seed46_20260831_201543_619896.json,379,35,2608,34,34,True,0,False,,0.8160054683685303,{},asymptotic,True,,4,results/bob_realchannel_run_tp0.0_fk0.05_rp0.0_vd0.0_seed46_20260831_201543_619896.json,results/alice_realchannel_run_seed46_20260831_201543_623790.json,unknown,2026-08-31T20:15:44.906098,final_key,0.05,1,0.0158311345646438
0.0,0.05,0.0,0.0,47,results/bob_realchannel_run_tp0.0_fk0.05_rp0.0_vd0.0_seed47_20260831_201545_963646.json,379,35,2608,34,34,True,0,False,,2.7241055965423584,{},asymptotic,True,,5,results/bob_realchannel_run_tp0.0_fk0.05_rp0.0_vd0.0_seed47_20260831_201545_963646.json,results/alice_realchannel_run_seed47_20260831_201545_896215.json,unknown,2026-08-31T20:15:49.113505,final_key,0.05,1,0.0158311345646438
0.0,0.05,0.0,0.0,48,results/bob_realchannel_run_tp0.0_fk0.05_rp0.0_vd0.0_seed48_20260831_201550_145365.json,379,35,2608,34,34,True,0,False,,2.8191025257110596,{},asymptotic,True,,6,results/bob_realchannel_run_tp0.0_fk0.05_rp0.0_vd0.0_seed48_20260831_201550_145365.json,results/alice_realchannel_run_seed48_20260831_201550_126919.json,unknown,2026-08-31T20:15:53.435374,final_key,0.05,1,0.0158311345646438
0.0,0.05,0.0,0.0,49,results/bob_realchannel_run_tp0.0_fk0.05_rp0.0_vd0.0_seed49_20260831_201554_471429.json,379,35,2608,34,34,True,0,False,,2.720442295074463,{},asymptotic,True,,7,results/bob_realchannel_run_tp0.0_fk0.05_rp0.0_vd0.0_seed49_20260831_201554_471429.json,results/alice_realchannel_run_seed49_20260831_201554_430584.json,unknown,2026-08-31T20:15:57.615382,final_key,0.05,1,0.0158311345646438
0.0,0.05,0.0,0.0,50,results/bob_realchannel_run_tp0.0_fk0.05_rp0.0_vd0.0_seed50_20260831_201558_649862.json,379,35,2608,34,34,True,0,False,,2.7140934467315674,{},asymptotic,True,,8,results/bob_realchannel_run_tp0.0_fk0.05_rp0.0_vd0.0_seed50_20260831_201558_649862.json,results/alice_realchannel_run_seed50_20260831_201558_609592.json,unknown,2026-08-31T20:16:01.784351,final_key,0.05,1,0.0158311345646438
0.0,0.05,0.0,0.0,51,results/bob_realchannel_run_tp0.0_fk0.05_rp0.0_vd0.0_seed51_20260831_201602_814818.json,379,35,2608,34,34,True,0,False,,2.869309663772583,{},asymptotic,True,,9,results/bob_realchannel_run_tp0.0_fk0.05_rp0.0_vd0.0_seed51_20260831_201602_814818.json,results/alice_realchannel_run_seed51_20260831_201602_778020.json,unknown,2026-08-31T20:16:06.062257,final_key,0.05,1,0.0158311345646438
0.0,0.03,0.0,0.0,42,results/bob_realchannel_run_tp0.0_fk0.03_rp0.0_vd0.0_seed42_20260831_201607_081119.json,379,35,2608,34,34,True,0,False,,2.8233230113983154,{},asymptotic,True,,0,results/bob_realchannel_run_tp0.0_fk0.03_rp0.0_vd0.0_seed42_20260831_201607_081119.json,results/alice_realchannel_run_seed42_20260831_201607_036924.json,unknown,2026-08-31T20:16:10.281257,final_key,0.03,1,0.0158311345646438
0.0,0.03,0.0,0.0,43,results/bob_realchannel_run_tp0.0_fk0.03_rp0.0_vd0.0_seed43_20260831_201611_293581.json,379,35,2608,34,34,True,0,False,,2.7300832271575928,{},asymptotic,True,,1,results/bob_realchannel_run_tp0.0_fk0.03_rp0.0_vd0.0_seed43_20260831_201611_293581.json,results/alice_realchannel_run_seed43_20260831_201611_260216.json,unknown,2026-08-31T20:16:14.401618,final_key,0.03,1,0.0158311345646438
0.0,0.03,0.0,0.0,44,results/bob_realchannel_run_tp0.0_fk0.03_rp0.0_vd0.0_seed44_20260831_201615_428232.json,379,35,2608,34,34,True,0,False,,2.779677152633667,{},asymptotic,True,,2,results/bob_realchannel_run_tp0.0_fk0.03_rp0.0_vd0.0_seed44_20260831_201615_428232.json,results/alice_realchannel_run_seed44_20260831_201615_374949.json,unknown,2026-08-31T20:16:18.583784,final_key,0.03,1,0.0158311345646438
0.0,0.03,0.0,0.0,45,results/bob_realchannel_run_tp0.0_fk0.03_rp0.0_vd0.0_seed45_20260831_201619_602035.json,379,35,2608,34,34,True,0,False,,2.7904622554779053,{},asymptotic,True,,3,results/bob_realchannel_run_tp0.0_fk0.03_rp0.0_vd0.0_seed45_20260831_201619_602035.json,results/alice_realchannel_run_seed45_20260831_201619_560821.json,unknown,2026-08-31T20:16:22.769957,final_key,0.03,1,0.0158311345646438
0.0,0.03,0.0,0.0,46,results/bob_realchannel_run_tp0.0_fk0.03_rp0.0_vd0.0_seed46_20260831_201623_785980.json,379,35,2608,34,34,True,0,False,,2.8097281455993652,{},asymptotic,True,,4,results/bob_realchannel_run_tp0.0_fk0.03_rp0.0_vd0.0_seed46_20260831_201623_785980.json,results/alice_realchannel_run_seed46_20260831_201623_754517.json,unknown,2026-08-31T20:16:27.014307,final_key,0.03,1,0.0158311345646438
0.0,0.03,0.0,0.0,47,results/bob_realchannel_run_tp0.0_fk0.03_rp0.0_vd0.0_seed47_20260831_201628_047675.json,379,35,2608,34,34,True,0,False,,3.3842341899871826,{},asymptotic,True,,5,results/bob_realchannel_run_tp0.0_fk0.03_rp0.0_vd0.0_seed47_20260831_201628_047675.json,results/alice_realchannel_run_seed47_20260831_201628_010798.json,unknown,2026-08-31T20:16:31.852023,final_key,0.03,1,0.0158311345646438
0.0,0.03,0.0,0.0,48,results/bob_realchannel_run_tp0.0_fk0.03_rp0.0_vd0.0_seed48_20260831_201632_881894.json,379,35,2608,34,34,True,0,False,,2.7981104850769043,{},asymptotic,True,,6,results/bob_realchannel_run_tp0.0_fk0.03_rp0.0_vd0.0_seed48_20260831_201632_881894.json,results/alice_realchannel_run_seed48_20260831_201632_842150.json,unknown,2026-08-31T20:16:36.080176,final_key,0.03,1,0.0158311345646438
0.0,0.03,0.0,0.0,49,results/bob_realchannel_run_tp0.0_fk0.03_rp0.0_vd0.0_seed49_20260831_201637_089827.json,379,35,2608,34,34,True,0,False,,2.74605655670166,{},asymptotic,True,,7,results/bob_realchannel_run_tp0.0_fk0.03_rp0.0_vd0.0_seed49_20260831_201637_089827.json,results/alice_realchannel_run_seed49_20260831_201637_076207.json,unknown,2026-08-31T20:16:40.254757,final_key,0.03,1,0.0158311345646438
0.0,0.03,0.0,0.0,50,results/bob_realchannel_run_tp0.0_fk0.03_rp0.0_vd0.0_seed50_20260831_201641_286561.json,379,35,2608,34,34,True,0,False,,2.717714309692383,{},asymptotic,True,,8,results/bob_realchannel_run_tp0.0_fk0.03_rp0.0_vd0.0_seed50_20260831_201641_286561.json,results/alice_realchannel_run_seed50_20260831_201641_246578.json,unknown,2026-08-31T20:16:44.405519,final_key,0.03,1,0.0158311345646438
0.0,0.03,0.0,0.0,51,results/bob_realchannel_run_tp0.0_fk0.03_rp0.0_vd0.0_seed51_20260831_201645_446740.json,379,35,2608,34,34,True,0,False,,2.8571243286132812,{},asymptotic,True,,9,results/bob_realchannel_run_tp0.0_fk0.03_rp0.0_vd0.0_seed51_20260831_201645_446740.json,results/alice_realchannel_run_seed51_20260831_201645_400235.json,unknown,2026-08-31T20:16:48.722939,final_key,0.03,1,0.0158311345646438
0.0,0.01,0.0,0.0,42,results/bob_realchannel_run_tp0.0_fk0.01_rp0.0_vd0.0_seed42_20260831_201649_736153.json,379,35,2608,34,34,True,0,False,,3.0637760162353516,{},asymptotic,True,,0,results/bob_realchannel_run_tp0.0_fk0.01_rp0.0_vd0.0_seed42_20260831_201649_736153.json,results/alice_realchannel_run_seed42_20260831_201649_712350.json,unknown,2026-08-31T20:16:53.201897,final_key,0.01,1,0.0158311345646438
0.0,0.01,0.0,0.0,43,results/bob_realchannel_run_tp0.0_fk0.01_rp0.0_vd0.0_seed43_20260831_201654_238729.json,379,35,2608,34,34,True,0,False,,2.71309232711792,{},asymptotic,True,,1,results/bob_realchannel_run_tp0.0_fk0.01_rp0.0_vd0.0_seed43_20260831_201654_238729.json,results/alice_realchannel_run_seed43_20260831_201654_193254.json,unknown,2026-08-31T20:16:57.370784,final_key,0.01,1,0.0158311345646438
0.0,0.01,0.0,0.0,44,results/bob_realchannel_run_tp0.0_fk0.01_rp0.0_vd0.0_seed44_20260831_201658_410231.json,379,35,2608,34,34,True,0,False,,2.8054659366607666,{},asymptotic,True,,2,results/bob_realchannel_run_tp0.0_fk0.01_rp0.0_vd0.0_seed44_20260831_201658_410231.json,results/alice_realchannel_run_seed44_20260831_201658_368214.json,unknown,2026-08-31T20:17:01.633292,final_key,0.01,1,0.0158311345646438
0.0,0.01,0.0,0.0,45,results/bob_realchannel_run_tp0.0_fk0.01_rp0.0_vd0.0_seed45_20260831_201702_671176.json,379,35,2608,34,34,True,0,False,,3.2090137004852295,{},asymptotic,True,,3,results/bob_realchannel_run_tp0.0_fk0.01_rp0.0_vd0.0_seed45_20260831_201702_671176.json,results/alice_realchannel_run_seed45_20260831_201702_658272.json,unknown,2026-08-31T20:17:06.331222,final_key,0.01,1,0.0158311345646438
0.0,0.01,0.0,0.0,46,results/bob_realchannel_run_tp0.0_fk0.01_rp0.0_vd0.0_seed46_20260831_201707_355792.json,379,35,2608,34,34,True,0,False,,2.8002431392669678,{},asymptotic,True,,4,results/bob_realchannel_run_tp0.0_fk0.01_rp0.0_vd0.0_seed46_20260831_201707_355792.json,results/alice_realchannel_run_seed46_20260831_201707_325396.json,unknown,2026-08-31T20:17:10.559136,final_key,0.01,1,0.0158311345646438
0.0,0.01,0.0,0.0,47,results/bob_realchannel_run_tp0.0_fk0.01_rp0.0_vd0.0_seed47_20260831_201711_581791.json,379,35,2608,34,34,True,0,False,,2.742363214492798,{},asymptotic,True,,5,results/bob_realchannel_run_tp0.0_fk0.01_rp0.0_vd0.0_seed47_20260831_201711_581791.json,results/alice_realchannel_run_seed47_20260831_201711_554150.json,unknown,2026-08-31T20:17:14.743055,final_key,0.01,1,0.0158311345646438
0.0,0.01,0.0,0.0,48,results/bob_realchannel_run_tp0.0_fk0.01_rp0.0_vd0.0_seed48_20260831_201715_761411.json,379,35,2608,34,34,True,0,False,,0.803839921951294,{},asymptotic,True,,6,results/bob_realchannel_run_tp0.0_fk0.01_rp0.0_vd0.0_seed48_20260831_201715_761411.json,results/alice_realchannel_run_seed48_20260831_201715_797540.json,unknown,2026-08-31T20:17:16.994939,final_key,0.01,1,0.0158311345646438
0.0,0.01,0.0,0.0,49,results/bob_realchannel_run_tp0.0_fk0.01_rp0.0_vd0.0_seed49_20260831_201718_019801.json,379,35,2608,34,34,True,0,False,,2.744096517562866,{},asymptotic,True,,7,results/bob_realchannel_run_tp0.0_fk0.01_rp0.0_vd0.0_seed49_20260831_201718_019801.json,results/alice_realchannel_run_seed49_20260831_201718_008421.json,unknown,2026-08-31T20:17:21.191050,final_key,0.01,1,0.0158311345646438
0.0,0.01,0.0,0.0,50,results/bob_realchannel_run_tp0.0_fk0.01_rp0.0_vd0.0_seed50_20260831_201722_194015.json,379,35,2608,34,34,True,0,False,,0.7817916870117188,{},asymptotic,True,,8,results/bob_realchannel_run_tp0.0_fk0.01_rp0.0_vd0.0_seed50_20260831_201722_194015.json,results/alice_realchannel_run_seed50_20260831_201722_233210.json,unknown,2026-08-31T20:17:23.395702,final_key,0.01,1,0.0158311345646438
0.0,0.01,0.0,0.0,51,results/bob_realchannel_run_tp0.0_fk0.01_rp0.0_vd0.0_seed51_20260831_201724_429950.json,379,35,2608,34,34,True,0,False,,2.862060070037842,{},asymptotic,True,,9,results/bob_realchannel_run_tp0.0_fk0.01_rp0.0_vd0.0_seed51_20260831_201724_429950.json,results/alice_realchannel_run_seed51_20260831_201724_385378.json,unknown,2026-08-31T20:17:27.711425,final_key,0.01,1,0.0158311345646438
0.0,0.003,0.0,0.0,42,results/bob_realchannel_run_tp0.0_fk0.003_rp0.0_vd0.0_seed42_20260831_201728_734648.json,379,35,2608,34,34,True,0,False,,2.8895227909088135,{},asymptotic,True,,0,results/bob_realchannel_run_tp0.0_fk0.003_rp0.0_vd0.0_seed42_20260831_201728_734648.json,results/alice_realchannel_run_seed42_20260831_201728_704206.json,unknown,2026-08-31T20:17:32.043585,final_key,0.003,1,0.0158311345646438
0.0,0.003,0.0,0.0,43,results/bob_realchannel_run_tp0.0_fk0.003_rp0.0_vd0.0_seed43_20260831_201733_122153.json,379,35,2608,34,34,True,0,False,,2.6739554405212402,{},asymptotic,True,,1,results/bob_realchannel_run_tp0.0_fk0.003_rp0.0_vd0.0_seed43_20260831_201733_122153.json,results/alice_realchannel_run_seed43_20260831_201733_038044.json,unknown,2026-08-31T20:17:36.214476,final_key,0.003,1,0.0158311345646438
0.0,0.003,0.0,0.0,44,results/bob_realchannel_run_tp0.0_fk0.003_rp0.0_vd0.0_seed44_20260831_201737_235963.json,379,35,2608,34,34,True,0,False,,3.192105770111084,{},asymptotic,True,,2,results/bob_realchannel_run_tp0.0_fk0.003_rp0.0_vd0.0_seed44_20260831_201737_235963.json,results/alice_realchannel_run_seed44_20260831_201737_206804.json,unknown,2026-08-31T20:17:40.851039,final_key,0.003,1,0.0158311345646438
0.0,0.003,0.0,0.0,45,results/bob_realchannel_run_tp0.0_fk0.003_rp0.0_vd0.0_seed45_20260831_201742_017995.json,379,35,2608,34,34,True,0,False,,2.6617000102996826,{},asymptotic,True,,3,results/bob_realchannel_run_tp0.0_fk0.003_rp0.0_vd0.0_seed45_20260831_201742_017995.json,results/alice_realchannel_run_seed45_20260831_201741_851793.json,unknown,2026-08-31T20:17:45.155254,final_key,0.003,1,0.0158311345646438
0.0,0.003,0.0,0.0,46,results/bob_realchannel_run_tp0.0_fk0.003_rp0.0_vd0.0_seed46_20260831_201746_195329.json,379,35,2608,34,34,True,0,False,,3.172778844833374,{},asymptotic,True,,4,results/bob_realchannel_run_tp0.0_fk0.003_rp0.0_vd0.0_seed46_20260831_201746_195329.json,results/alice_realchannel_run_seed46_20260831_201746_149056.json,unknown,2026-08-31T20:17:49.768326,final_key,0.003,1,0.0158311345646438
0.0,0.003,0.0,0.0,47,results/bob_realchannel_run_tp0.0_fk0.003_rp0.0_vd0.0_seed47_20260831_201750_783240.json,379,35,2608,34,34,True,0,False,,2.792386293411255,{},asymptotic,True,,5,results/bob_realchannel_run_tp0.0_fk0.003_rp0.0_vd0.0_seed47_20260831_201750_783240.json,results/alice_realchannel_run_seed47_20260831_201750_759658.json,unknown,2026-08-31T20:17:53.993981,final_key,0.003,1,0.0158311345646438
0.0,0.003,0.0,0.0,48,results/bob_realchannel_run_tp0.0_fk0.003_rp0.0_vd0.0_seed48_20260831_201755_013905.json,379,35,2608,34,34,True,0,False,,2.8056211471557617,{},asymptotic,True,,6,results/bob_realchannel_run_tp0.0_fk0.003_rp0.0_vd0.0_seed48_20260831_201755_013905.json,results/alice_realchannel_run_seed48_20260831_201754_988927.json,unknown,2026-08-31T20:17:58.237159,final_key,0.003,1,0.0158311345646438
0.0,0.003,0.0,0.0,49,results/bob_realchannel_run_tp0.0_fk0.003_rp0.0_vd0.0_seed49_20260831_201759_271059.json,379,35,2608,34,34,True,0,False,,3.100741386413574,{},asymptotic,True,,7,results/bob_realchannel_run_tp0.0_fk0.003_rp0.0_vd0.0_seed49_20260831_201759_271059.json,results/alice_realchannel_run_seed49_20260831_201759_229706.json,unknown,2026-08-31T20:18:02.771244,final_key,0.003,1,0.0158311345646438
0.0,0.003,0.0,0.0,50,results/bob_realchannel_run_tp0.0_fk0.003_rp0.0_vd0.0_seed50_20260831_201803_794153.json,379,35,2608,34,34,True,0,False,,2.722046136856079,{},asymptotic,True,,8,results/bob_realchannel_run_tp0.0_fk0.003_rp0.0_vd0.0_seed50_20260831_201803_794153.json,results/alice_realchannel_run_seed50_20260831_201803_761489.json,unknown,2026-08-31T20:18:06.935791,final_key,0.003,1,0.0158311345646438
0.0,0.003,0.0,0.0,51,results/bob_realchannel_run_tp0.0_fk0.003_rp0.0_vd0.0_seed51_20260831_201807_976983.json,379,35,2608,34,34,True,0,False,,2.858855724334717,{},asymptotic,True,,9,results/bob_realchannel_run_tp0.0_fk0.003_rp0.0_vd0.0_seed51_20260831_201807_976983.json,results/alice_realchannel_run_seed51_20260831_201807_925081.json,unknown,2026-08-31T20:18:11.252194,final_key,0.003,1,0.0158311345646438
0.0,0.001,0.0,0.0,42,results/bob_realchannel_run_tp0.0_fk0.001_rp0.0_vd0.0_seed42_20260831_201812_275373.json,379,35,2608,34,34,True,0,False,,2.8453047275543213,{},asymptotic,True,,0,results/bob_realchannel_run_tp0.0_fk0.001_rp0.0_vd0.0_seed42_20260831_201812_275373.json,results/alice_realchannel_run_seed42_20260831_201812_246821.json,unknown,2026-08-31T20:18:15.604793,final_key,0.001,1,0.0158311345646438
0.0,0.001,0.0,0.0,43,results/bob_realchannel_run_tp0.0_fk0.001_rp0.0_vd0.0_seed43_20260831_201816_625365.json,379,35,2608,34,34,True,0,False,,0.7150540351867676,{},asymptotic,True,,1,results/bob_realchannel_run_tp0.0_fk0.001_rp0.0_vd0.0_seed43_20260831_201816_625365.json,results/alice_realchannel_run_seed43_20260831_201816_645324.json,unknown,2026-08-31T20:18:17.831091,final_key,0.001,1,0.0158311345646438
0.0,0.001,0.0,0.0,44,results/bob_realchannel_run_tp0.0_fk0.001_rp0.0_vd0.0_seed44_20260831_201818_860291.json,379,35,2608,34,34,True,0,False,,2.803553819656372,{},asymptotic,True,,2,results/bob_realchannel_run_tp0.0_fk0.001_rp0.0_vd0.0_seed44_20260831_201818_860291.json,results/alice_realchannel_run_seed44_20260831_201818_833347.json,unknown,2026-08-31T20:18:22.085456,final_key,0.001,1,0.0158311345646438
0.0,0.001,0.0,0.0,45,results/bob_realchannel_run_tp0.0_fk0.001_rp0.0_vd0.0_seed45_20260831_201823_110556.json,379,35,2608,34,34,True,0,False,,3.2133615016937256,{},asymptotic,True,,3,results/bob_realchannel_run_tp0.0_fk0.001_rp0.0_vd0.0_seed45_20260831_201823_110556.json,results/alice_realchannel_run_seed45_20260831_201823_102810.json,unknown,2026-08-31T20:18:26.801805,final_key,0.001,1,0.0158311345646438
0.0,0.001,0.0,0.0,46,results/bob_realchannel_run_tp0.0_fk0.001_rp0.0_vd0.0_seed46_20260831_201827_817633.json,379,35,2608,34,34,True,0,False,,2.7624077796936035,{},asymptotic,True,,4,results/bob_realchannel_run_tp0.0_fk0.001_rp0.0_vd0.0_seed46_20260831_201827_817633.json,results/alice_realchannel_run_seed46_20260831_201827_794409.json,unknown,2026-08-31T20:18:30.999377,final_key,0.001,1,0.0158311345646438
0.0,0.001,0.0,0.0,47,results/bob_realchannel_run_tp0.0_fk0.001_rp0.0_vd0.0_seed47_20260831_201832_017438.json,379,35,2608,34,34,True,0,False,,2.78627610206604,{},asymptotic,True,,5,results/bob_realchannel_run_tp0.0_fk0.001_rp0.0_vd0.0_seed47_20260831_201832_017438.json,results/alice_realchannel_run_seed47_20260831_201831_989237.json,unknown,2026-08-31T20:18:35.204167,final_key,0.001,1,0.0158311345646438
0.0,0.001,0.0,0.0,48,results/bob_realchannel_run_tp0.0_fk0.001_rp0.0_vd0.0_seed48_20260831_201836_248460.json,379,35,2608,34,34,True,0,False,,2.7632546424865723,{},asymptotic,True,,6,results/bob_realchannel_run_tp0.0_fk0.001_rp0.0_vd0.0_seed48_20260831_201836_248460.json,results/alice_realchannel_run_seed48_20260831_201836_190598.json,unknown,2026-08-31T20:18:39.419682,final_key,0.001,1,0.0158311345646438
0.0,0.001,0.0,0.0,49,results/bob_realchannel_run_tp0.0_fk0.001_rp0.0_vd0.0_seed49_20260831_201840_445013.json,379,35,2608,34,34,True,0,False,,0.750554084777832,{},asymptotic,True,,7,results/bob_realchannel_run_tp0.0_fk0.001_rp0.0_vd0.0_seed49_20260831_201840_445013.json,results/alice_realchannel_run_seed49_20260831_201840_454607.json,unknown,2026-08-31T20:18:41.696399,final_key,0.001,1,0.0158311345646438
0.0,0.001,0.0,0.0,50,results/bob_realchannel_run_tp0.0_fk0.001_rp0.0_vd0.0_seed50_20260831_201842_749030.json,379,35,2608,34,34,True,0,False,,2.8469226360321045,{},asymptotic,True,,8,results/bob_realchannel_run_tp0.0_fk0.001_rp0.0_vd0.0_seed50_20260831_201842_749030.json,results/alice_realchannel_run_seed50_20260831_201842_691055.json,unknown,2026-08-31T20:18:46.014964,final_key,0.001,1,0.0158311345646438
0.0,0.001,0.0,0.0,51,results/bob_realchannel_run_tp0.0_fk0.001_rp0.0_vd0.0_seed51_20260831_201847_045533.json,379,35,2608,34,34,True,0,False,,0.9021015167236328,{},asymptotic,True,,9,results/bob_realchannel_run_tp0.0_fk0.001_rp0.0_vd0.0_seed51_20260831_201847_045533.json,results/alice_realchannel_run_seed51_20260831_201847_060829.json,unknown,2026-08-31T20:18:48.450936,final_key,0.001,1,0.0158311345646438
0.0,0.5,0.0,0.0,42,results/bob_realchannel_run_tp0.0_fk0.5_rp0.0_vd0.0_seed42_20260831_203832_011359.json,374,37,3180,34,34,True,0,False,,5.417612552642822,{},asymptotic,True,,0,results/bob_realchannel_run_tp0.0_fk0.5_rp0.0_vd0.0_seed42_20260831_203832_011359.json,results/alice_realchannel_run_seed42_20260831_203831_971160.json,unknown,2026-08-31T20:38:37.806036,final_key,0.5,2,0.0026737967914438
0.0,0.5,0.0,0.0,43,results/bob_realchannel_run_tp0.0_fk0.5_rp0.0_vd0.0_seed43_20260831_203838_816129.json,374,37,3180,34,34,True,0,False,,5.208758354187012,{'final_key': 1},asymptotic,False,,1,results/bob_realchannel_run_tp0.0_fk0.5_rp0.0_vd0.0_seed43_20260831_203838_816129.json,results/alice_realchannel_run_seed43_20260831_203838_789110.json,unknown,2026-08-31T20:38:44.401827,final_key,0.5,2,0.0026737967914438
0.0,0.5,0.0,0.0,44,results/bob_realchannel_run_tp0.0_fk0.5_rp0.0_vd0.0_seed44_20260831_203845_419385.json,374,37,3180,34,34,True,0,False,,4.56570291519165,{'final_key': 1},asymptotic,False,,2,results/bob_realchannel_run_tp0.0_fk0.5_rp0.0_vd0.0_seed44_20260831_203845_419385.json,results/alice_realchannel_run_seed44_20260831_203845_377348.json,unknown,2026-08-31T20:38:50.369155,final_key,0.5,2,0.0026737967914438
0.0,0.5,0.0,0.0,45,results/bob_realchannel_run_tp0.0_fk0.5_rp0.0_vd0.0_seed45_20260831_203851_403203.json,374,37,3180,34,34,True,0,False,,5.005550146102905,{},asymptotic,True,,3,results/bob_realchannel_run_tp0.0_fk0.5_rp0.0_vd0.0_seed45_20260831_203851_403203.json,results/alice_realchannel_run_seed45_20260831_203851_342633.json,unknown,2026-08-31T20:38:56.784460,final_key,0.5,2,0.0026737967914438
0.0,0.5,0.0,0.0,46,results/bob_realchannel_run_tp0.0_fk0.5_rp0.0_vd0.0_seed46_20260831_203857_797946.json,374,37,3180,34,34,True,0,False,,3.19104266166687,{'final_key': 1},asymptotic,False,,4,results/bob_realchannel_run_tp0.0_fk0.5_rp0.0_vd0.0_seed46_20260831_203857_797946.json,results/alice_realchannel_run_seed46_20260831_203857_812514.json,unknown,2026-08-31T20:39:01.456856,final_key,0.5,2,0.0026737967914438
0.0,0.5,0.0,0.0,47,results/bob_realchannel_run_tp0.0_fk0.5_rp0.0_vd0.0_seed47_20260831_203902_515871.json,374,37,3180,34,34,True,0,False,,4.729412794113159,{},asymptotic,True,,5,results/bob_realchannel_run_tp0.0_fk0.5_rp0.0_vd0.0_seed47_20260831_203902_515871.json,results/alice_realchannel_run_seed47_20260831_203902_440460.json,unknown,2026-08-31T20:39:07.624051,final_key,0.5,2,0.0026737967914438
0.0,0.5,0.0,0.0,48,results/bob_realchannel_run_tp0.0_fk0.5_rp0.0_vd0.0_seed48_20260831_203908_635751.json,374,37,3180,34,34,True,0,False,,5.456919431686401,{'final_key': 1},asymptotic,False,,6,results/bob_realchannel_run_tp0.0_fk0.5_rp0.0_vd0.0_seed48_20260831_203908_635751.json,results/alice_realchannel_run_seed48_20260831_203908_601487.json,unknown,2026-08-31T20:39:14.469252,final_key,0.5,2,0.0026737967914438
0.0,0.5,0.0,0.0,49,results/bob_realchannel_run_tp0.0_fk0.5_rp0.0_vd0.0_seed49_20260831_203915_501164.json,374,35,3180,34,34,False,2,False,,4.335836172103882,{},asymptotic,False,,7,results/bob_realchannel_run_tp0.0_fk0.5_rp0.0_vd0.0_seed49_20260831_203915_501164.json,results/alice_realchannel_run_seed49_20260831_203915_462153.json,unknown,2026-08-31T20:39:20.213519,final_key,0.5,2,0.0026737967914438
0.0,0.5,0.0,0.0,50,results/bob_realchannel_run_tp0.0_fk0.5_rp0.0_vd0.0_seed50_20260831_203921_247684.json,374,37,3180,34,34,True,0,False,,5.20940637588501,{'final_key': 1},asymptotic,False,,8,results/bob_realchannel_run_tp0.0_fk0.5_rp0.0_vd0.0_seed50_20260831_203921_247684.json,results/alice_realchannel_run_seed50_20260831_203921_192104.json,unknown,2026-08-31T20:39:26.832401,final_key,0.5,2,0.0026737967914438
0.0,0.5,0.0,0.0,51,results/bob_realchannel_run_tp0.0_fk0.5_rp0.0_vd0.0_seed51_20260831_203927_859627.json,374,37,3180,34,34,True,0,False,,5.569216251373291,{'final_key': 1},asymptotic,False,,9,results/bob_realchannel_run_tp0.0_fk0.5_rp0.0_vd0.0_seed51_20260831_203927_859627.json,results/alice_realchannel_run_seed51_20260831_203927_803915.json,unknown,2026-08-31T20:39:33.960313,final_key,0.5,2,0.0026737967914438
0.0,0.3,0.0,0.0,42,results/bob_realchannel_run_tp0.0_fk0.3_rp0.0_vd0.0_seed42_20260831_203934_984704.json,374,37,3180,34,34,True,0,False,,5.419938564300537,{},asymptotic,True,,0,results/bob_realchannel_run_tp0.0_fk0.3_rp0.0_vd0.0_seed42_20260831_203934_984704.json,results/alice_realchannel_run_seed42_20260831_203934_936404.json,unknown,2026-08-31T20:39:40.786049,final_key,0.3,2,0.0026737967914438
0.0,0.3,0.0,0.0,43,results/bob_realchannel_run_tp0.0_fk0.3_rp0.0_vd0.0_seed43_20260831_203941_809914.json,374,37,3180,34,34,True,0,False,,1.3377296924591064,{},asymptotic,True,,1,results/bob_realchannel_run_tp0.0_fk0.3_rp0.0_vd0.0_seed43_20260831_203941_809914.json,results/alice_realchannel_run_seed43_20260831_203941_812296.json,unknown,2026-08-31T20:39:43.554805,final_key,0.3,2,0.0026737967914438
0.0,0.3,0.0,0.0,44,results/bob_realchannel_run_tp0.0_fk0.3_rp0.0_vd0.0_seed44_20260831_203944_587090.json,374,37,3180,34,34,True,0,False,,5.005767107009888,{'final_key': 1},asymptotic,False,,2,results/bob_realchannel_run_tp0.0_fk0.3_rp0.0_vd0.0_seed44_20260831_203944_587090.json,results/alice_realchannel_run_seed44_20260831_203944_535771.json,unknown,2026-08-31T20:39:49.968255,final_key,0.3,2,0.0026737967914438
0.0,0.3,0.0,0.0,45,results/bob_realchannel_run_tp0.0_fk0.3_rp0.0_vd0.0_seed45_20260831_203950_986810.json,374,37,3180,34,34,True,0,False,,5.478285312652588,{},asymptotic,True,,3,results/bob_realchannel_run_tp0.0_fk0.3_rp0.0_vd0.0_seed45_20260831_203950_986810.json,results/alice_realchannel_run_seed45_20260831_203950_940048.json,unknown,2026-08-31T20:39:56.841313,final_key,0.3,2,0.0026737967914438
0.0,0.3,0.0,0.0,46,results/bob_realchannel_run_tp0.0_fk0.3_rp0.0_vd0.0_seed46_20260831_203957_872251.json,374,37,3180,34,34,True,0,False,,5.140658855438232,{'final_key': 1},asymptotic,False,,4,results/bob_realchannel_run_tp0.0_fk0.3_rp0.0_vd0.0_seed46_20260831_203957_872251.json,results/alice_realchannel_run_seed46_20260831_203957_820592.json,unknown,2026-08-31T20:40:03.389095,final_key,0.3,2,0.0026737967914438
0.0,0.3,0.0,0.0,47,results/bob_realchannel_run_tp0.0_fk0.3_rp0.0_vd0.0_seed47_20260831_204004_383698.json,374,37,3180,34,34,True,0,False,,5.721484899520874,{},asymptotic,True,,5,results/bob_realchannel_run_tp0.0_fk0.3_rp0.0_vd0.0_seed47_20260831_204004_383698.json,results/alice_realchannel_run_seed47_20260831_204004_363473.json,unknown,2026-08-31T20:40:10.493038,final_key,0.3,2,0.0026737967914438
0.0,0.3,0.0,0.0,48,results/bob_realchannel_run_tp0.0_fk0.3_rp0.0_vd0.0_seed48_20260831_204011_500014.json,374,37,3180,34,34,True,0,False,,5.465587615966797,{'final_key': 1},asymptotic,False,,6,results/bob_realchannel_run_tp0.0_fk0.3_rp0.0_vd0.0_seed48_20260831_204011_500014.json,results/alice_realchannel_run_seed48_20260831_204011_467054.json,unknown,2026-08-31T20:40:17.357840,final_key,0.3,2,0.0026737967914438
0.0,0.3,0.0,0.0,49,results/bob_realchannel_run_tp0.0_fk0.3_rp0.0_vd0.0_seed49_20260831_204018_367338.json,374,35,3180,34,34,False,2,False,,5.517828464508057,{},asymptotic,False,,7,results/bob_realchannel_run_tp0.0_fk0.3_rp0.0_vd0.0_seed49_20260831_204018_367338.json,results/alice_realchannel_run_seed49_20260831_204018_334185.json,unknown,2026-08-31T20:40:24.263027,final_key,0.3,2,0.0026737967914438
0.0,0.3,0.0,0.0,50,results/bob_realchannel_run_tp0.0_fk0.3_rp0.0_vd0.0_seed50_20260831_204025_284108.json,374,37,3180,34,34,True,0,False,,5.229361057281494,{'final_key': 1},asymptotic,False,,8,results/bob_realchannel_run_tp0.0_fk0.3_rp0.0_vd0.0_seed50_20260831_204025_284108.json,results/alice_realchannel_run_seed50_20260831_204025_260871.json,unknown,2026-08-31T20:40:30.902192,final_key,0.3,2,0.0026737967914438
0.0,0.3,0.0,0.0,51,results/bob_realchannel_run_tp0.0_fk0.3_rp0.0_vd0.0_seed51_20260831_204031_915992.json,374,37,3180,34,34,True,0,False,,5.589214324951172,{},asymptotic,True,,9,results/bob_realchannel_run_tp0.0_fk0.3_rp0.0_vd0.0_seed51_20260831_204031_915992.json,results/alice_realchannel_run_seed51_20260831_204031_878698.json,unknown,2026-08-31T20:40:37.895731,final_key,0.3,2,0.0026737967914438
0.0,0.1,0.0,0.0,42,results/bob_realchannel_run_tp0.0_fk0.1_rp0.0_vd0.0_seed42_20260831_204038_902998.json,374,37,3180,34,34,True,0,False,,3.0148653984069824,{},asymptotic,True,,0,results/bob_realchannel_run_tp0.0_fk0.1_rp0.0_vd0.0_seed42_20260831_204038_902998.json,results/alice_realchannel_run_seed42_20260831_204038_915164.json,unknown,2026-08-31T20:40:42.352918,final_key,0.1,2,0.0026737967914438
0.0,0.1,0.0,0.0,43,results/bob_realchannel_run_tp0.0_fk0.1_rp0.0_vd0.0_seed43_20260831_204043_358459.json,374,37,3180,34,34,True,0,False,,3.2305259704589844,{},asymptotic,True,,1,results/bob_realchannel_run_tp0.0_fk0.1_rp0.0_vd0.0_seed43_20260831_204043_358459.json,results/alice_realchannel_run_seed43_20260831_204043_354649.json,unknown,2026-08-31T20:40:47.010115,final_key,0.1,2,0.0026737967914438
0.0,0.1,0.0,0.0,44,results/bob_realchannel_run_tp0.0_fk0.1_rp0.0_vd0.0_seed44_20260831_204048_012601.json,374,37,3180,34,34,True,0,False,,5.044384717941284,{},asymptotic,True,,2,results/bob_realchannel_run_tp0.0_fk0.1_rp0.0_vd0.0_seed44_20260831_204048_012601.json,results/alice_realchannel_run_seed44_20260831_204047_989219.json,unknown,2026-08-31T20:40:53.415503,final_key,0.1,2,0.0026737967914438
0.0,0.1,0.0,0.0,45,results/bob_realchannel_run_tp0.0_fk0.1_rp0.0_vd0.0_seed45_20260831_204054_417603.json,374,37,3180,34,34,True,0,False,,2.611523151397705,{},asymptotic,True,,3,results/bob_realchannel_run_tp0.0_fk0.1_rp0.0_vd0.0_seed45_20260831_204054_417603.json,results/alice_realchannel_run_seed45_20260831_204054_422561.json,unknown,2026-08-31T20:40:57.425576,final_key,0.1,2,0.0026737967914438
0.0,0.1,0.0,0.0,46,results/bob_realchannel_run_tp0.0_fk0.1_rp0.0_vd0.0_seed46_20260831_204058_422072.json,374,37,3180,34,34,True,0,False,,2.7348992824554443,{'final_key': 1},asymptotic,False,,4,results/bob_realchannel_run_tp0.0_fk0.1_rp0.0_vd0.0_seed46_20260831_204058_422072.json,results/alice_realchannel_run_seed46_20260831_204058_429338.json,unknown,2026-08-31T20:41:01.560305,final_key,0.1,2,0.0026737967914438
0.0,0.1,0.0,0.0,47,results/bob_realchannel_run_tp0.0_fk0.1_rp0.0_vd0.0_seed47_20260831_204102_558094.json,374,37,3180,34,34,True,0,False,,2.114745855331421,{},asymptotic,True,,5,results/bob_realchannel_run_tp0.0_fk0.1_rp0.0_vd0.0_seed47_20260831_204102_558094.json,results/alice_realchannel_run_seed47_20260831_204102_558965.json,unknown,2026-08-31T20:41:05.058732,final_key,0.1,2,0.0026737967914438
0.0,0.1,0.0,0.0,48,results/bob_realchannel_run_tp0.0_fk0.1_rp0.0_vd0.0_seed48_20260831_204106_066285.json,374,37,3180,34,34,True,0,False,,3.502697706222534,{},asymptotic,True,,6,results/bob_realchannel_run_tp0.0_fk0.1_rp0.0_vd0.0_seed48_20260831_204106_066285.json,results/alice_realchannel_run_seed48_20260831_204106_093985.json,unknown,2026-08-31T20:41:09.930415,final_key,0.1,2,0.0026737967914438
0.0,0.1,0.0,0.0,49,results/bob_realchannel_run_tp0.0_fk0.1_rp0.0_vd0.0_seed49_20260831_204110_932618.json,374,35,3180,34,34,False,2,False,,5.516583442687988,{},asymptotic,False,,7,results/bob_realchannel_run_tp0.0_fk0.1_rp0.0_vd0.0_seed49_20260831_204110_932618.json,results/alice_realchannel_run_seed49_20260831_204110_903767.json,unknown,2026-08-31T20:41:16.804880,final_key,0.1,2,0.0026737967914438
0.0,0.1,0.0,0.0,50,results/bob_realchannel_run_tp0.0_fk0.1_rp0.0_vd0.0_seed50_20260831_204117_797986.json,374,37,3180,34,34,True,0,False,,5.231755495071411,{},asymptotic,True,,8,results/bob_realchannel_run_tp0.0_fk0.1_rp0.0_vd0.0_seed50_20260831_204117_797986.json,results/alice_realchannel_run_seed50_20260831_204117_774298.json,unknown,2026-08-31T20:41:23.387662,final_key,0.1,2,0.0026737967914438
0.0,0.1,0.0,0.0,51,results/bob_realchannel_run_tp0.0_fk0.1_rp0.0_vd0.0_seed51_20260831_204124_386184.json,374,37,3180,34,34,True,0,False,,4.879185676574707,{},asymptotic,True,,9,results/bob_realchannel_run_tp0.0_fk0.1_rp0.0_vd0.0_seed51_20260831_204124_386184.json,results/alice_realchannel_run_seed51_20260831_204124_357667.json,unknown,2026-08-31T20:41:29.631044,final_key,0.1,2,0.0026737967914438
0.0,0.05,0.0,0.0,42,results/bob_realchannel_run_tp0.0_fk0.05_rp0.0_vd0.0_seed42_20260831_204130_646804.json,374,37,3180,34,34,True,0,False,,5.4181365966796875,{},asymptotic,True,,0,results/bob_realchannel_run_tp0.0_fk0.05_rp0.0_vd0.0_seed42_20260831_204130_646804.json,results/alice_realchannel_run_seed42_20260831_204130_607276.json,unknown,2026-08-31T20:41:36.424359,final_key,0.05,2,0.0026737967914438
0.0,0.05,0.0,0.0,43,results/bob_realchannel_run_tp0.0_fk0.05_rp0.0_vd0.0_seed43_20260831_204137_440890.json,374,37,3180,34,34,True,0,False,,5.200068473815918,{},asymptotic,True,,1,results/bob_realchannel_run_tp0.0_fk0.05_rp0.0_vd0.0_seed43_20260831_204137_440890.json,results/alice_realchannel_run_seed43_20260831_204137_393236.json,unknown,2026-08-31T20:41:42.984058,final_key,0.05,2,0.0026737967914438
0.0,0.05,0.0,0.0,44,results/bob_realchannel_run_tp0.0_fk0.05_rp0.0_vd0.0_seed44_20260831_204144_008399.json,374,37,3180,34,34,True,0,False,,5.000428199768066,{},asymptotic,True,,2,results/bob_realchannel_run_tp0.0_fk0.05_rp0.0_vd0.0_seed44_20260831_204144_008399.json,results/alice_realchannel_run_seed44_20260831_204143_953456.json,unknown,2026-08-31T20:41:49.353697,final_key,0.05,2,0.0026737967914438
0.0,0.05,0.0,0.0,45,results/bob_realchannel_run_tp0.0_fk0.05_rp0.0_vd0.0_seed45_20260831_204150_353236.json,374,37,3180,34,34,True,0,False,,5.500329494476318,{},asymptotic,True,,3,results/bob_realchannel_run_tp0.0_fk0.05_rp0.0_vd0.0_seed45_20260831_204150_353236.json,results/alice_realchannel_run_seed45_20260831_204150_325555.json,unknown,2026-08-31T20:41:56.208939,final_key,0.05,2,0.0026737967914438
0.0,0.05,0.0,0.0,46,results/bob_realchannel_run_tp0.0_fk0.05_rp0.0_vd0.0_seed46_20260831_204157_222922.json,374,37,3180,34,34,True,0,False,,4.257994651794434,{},asymptotic,True,,4,results/bob_realchannel_run_tp0.0_fk0.05_rp0.0_vd0.0_seed46_20260831_204157_222922.json,results/alice_realchannel_run_seed46_20260831_204157_194195.json,unknown,2026-08-31T20:42:01.838220,final_key,0.05,2,0.0026737967914438
0.0,0.05,0.0,0.0,47,results/bob_realchannel_run_tp0.0_fk0.05_rp0.0_vd0.0_seed47_20260831_204202_845982.json,374,37,3180,34,34,True,0,False,,5.699047088623047,{},asymptotic,True,,5,results/bob_realchannel_run_tp0.0_fk0.05_rp0.0_vd0.0_seed47_20260831_204202_845982.json,results/alice_realchannel_run_seed47_20260831_204202_825631.json,unknown,2026-08-31T20:42:08.904835,final_key,0.05,2,0.0026737967914438
0.0,0.05,0.0,0.0,48,results/bob_realchannel_run_tp0.0_fk0.05_rp0.0_vd0.0_seed48_20260831_204209_929052.json,374,37,3180,34,34,True,0,False,,5.436204671859741,{},asymptotic,True,,6,results/bob_realchannel_run_tp0.0_fk0.05_rp0.0_vd0.0_seed48_20260831_204209_929052.json,results/alice_realchannel_run_seed48_20260831_204209_877601.json,unknown,2026-08-31T20:42:15.721446,final_key,0.05,2,0.0026737967914438
0.0,0.05,0.0,0.0,49,results/bob_realchannel_run_tp0.0_fk0.05_rp0.0_vd0.0_seed49_20260831_204216_717769.json,374,35,3180,34,34,False,2,False,,4.2306129932403564,{},asymptotic,False,,7,results/bob_realchannel_run_tp0.0_fk0.05_rp0.0_vd0.0_seed49_20260831_204216_717769.json,results/alice_realchannel_run_seed49_20260831_204216_698735.json,unknown,2026-08-31T20:42:21.304921,final_key,0.05,2,0.0026737967914438
0.0,0.05,0.0,0.0,50,results/bob_realchannel_run_tp0.0_fk0.05_rp0.0_vd0.0_seed50_20260831_204222_329763.json,374,37,3180,34,34,True,0,False,,4.74324893951416,{},asymptotic,True,,8,results/bob_realchannel_run_tp0.0_fk0.05_rp0.0_vd0.0_seed50_20260831_204222_329763.json,results/alice_realchannel_run_seed50_20260831_204222_278857.json,unknown,2026-08-31T20:42:27.430008,final_key,0.05,2,0.0026737967914438
0.0,0.05,0.0,0.0,51,results/bob_realchannel_run_tp0.0_fk0.05_rp0.0_vd0.0_seed51_20260831_204228_456648.json,374,37,3180,34,34,True,0,False,,5.111997127532959,{},asymptotic,True,,9,results/bob_realchannel_run_tp0.0_fk0.05_rp0.0_vd0.0_seed51_20260831_204228_456648.json,results/alice_realchannel_run_seed51_20260831_204228_408425.json,unknown,2026-08-31T20:42:33.927125,final_key,0.05,2,0.0026737967914438
0.0,0.03,0.0,0.0,42,results/bob_realchannel_run_tp0.0_fk0.03_rp0.0_vd0.0_seed42_20260831_204234_939076.json,374,37,3180,34,34,True,0,False,,5.438072443008423,{},asymptotic,True,,0,results/bob_realchannel_run_tp0.0_fk0.03_rp0.0_vd0.0_seed42_20260831_204234_939076.json,results/alice_realchannel_run_seed42_20260831_204234_902064.json,unknown,2026-08-31T20:42:40.816014,final_key,0.03,2,0.0026737967914438
0.0,0.03,0.0,0.0,43,results/bob_realchannel_run_tp0.0_fk0.03_rp0.0_vd0.0_seed43_20260831_204241_829658.json,374,37,3180,34,34,True,0,False,,5.203380107879639,{},asymptotic,True,,1,results/bob_realchannel_run_tp0.0_fk0.03_rp0.0_vd0.0_seed43_20260831_204241_829658.json,results/alice_realchannel_run_seed43_20260831_204241_786057.json,unknown,2026-08-31T20:42:47.394372,final_key,0.03,2,0.0026737967914438
0.0,0.03,0.0,0.0,44,results/bob_realchannel_run_tp0.0_fk0.03_rp0.0_vd0.0_seed44_20260831_204248_393791.json,374,37,3180,34,34,True,0,False,,5.035116910934448,{},asymptotic,True,,2,results/bob_realchannel_run_tp0.0_fk0.03_rp0.0_vd0.0_seed44_20260831_204248_393791.json,results/alice_realchannel_run_seed44_20260831_204248_368375.json,unknown,2026-08-31T20:42:53.786993,final_key,0.03,2,0.0026737967914438
0.0,0.03,0.0,0.0,45,results/bob_realchannel_run_tp0.0_fk0.03_rp0.0_vd0.0_seed45_20260831_204254_783372.json,374,37,3180,34,34,True,0,False,,5.501984596252441,{},asymptotic,True,,3,results/bob_realchannel_run_tp0.0_fk0.03_rp0.0_vd0.0_seed45_20260831_204254_783372.json,results/alice_realchannel_run_seed45_20260831_204254_763172.json,unknown,2026-08-31T20:43:00.643890,final_key,0.03,2,0.0026737967914438
0.0,0.03,0.0,0.0,46,results/bob_realchannel_run_tp0.0_fk0.03_rp0.0_vd0.0_seed46_20260831_204301_642040.json,374,37,3180,34,34,True,0,False,,4.7109010219573975,{},asymptotic,True,,4,results/bob_realchannel_run_tp0.0_fk0.03_rp0.0_vd0.0_seed46_20260831_204301_642040.json,results/alice_realchannel_run_seed46_20260831_204301_619236.json,unknown,2026-08-31T20:43:06.710045,final_key,0.03,2,0.0026737967914438
0.0,0.03,0.0,0.0,47,results/bob_realchannel_run_tp0.0_fk0.03_rp0.0_vd0.0_seed47_20260831_204307_707591.json,374,37,3180,34,34,True,0,False,,5.697253942489624,{},asymptotic,True,,5,results/bob_realchannel_run_tp0.0_fk0.03_rp0.0_vd0.0_seed47_20260831_204307_707591.json,results/alice_realchannel_run_seed47_20260831_204307_683744.json,unknown,2026-08-31T20:43:13.750692,final_key,0.03,2,0.0026737967914438
0.0,0.03,0.0,0.0,48,results/bob_realchannel_run_tp0.0_fk0.03_rp0.0_vd0.0_seed48_20260831_204314_744449.json,374,37,3180,34,34,True,0,False,,3.4652504920959473,{},asymptotic,True,,6,results/bob_realchannel_run_tp0.0_fk0.03_rp0.0_vd0.0_seed48_20260831_204314_744449.json,results/alice_realchannel_run_seed48_20260831_204314_737729.json,unknown,2026-08-31T20:43:18.568295,final_key,0.03,2,0.0026737967914438
0.0,0.03,0.0,0.0,49,results/bob_realchannel_run_tp0.0_fk0.03_rp0.0_vd0.0_seed49_20260831_204319_572165.json,374,35,3180,34,34,False,2,False,,3.948347806930542,{},asymptotic,False,,7,results/bob_realchannel_run_tp0.0_fk0.03_rp0.0_vd0.0_seed49_20260831_204319_572165.json,results/alice_realchannel_run_seed49_20260831_204319_540650.json,unknown,2026-08-31T20:43:23.877710,final_key,0.03,2,0.0026737967914438
0.0,0.03,0.0,0.0,50,results/bob_realchannel_run_tp0.0_fk0.03_rp0.0_vd0.0_seed50_20260831_204324_899507.json,374,37,3180,34,34,True,0,False,,4.757632255554199,{},asymptotic,True,,8,results/bob_realchannel_run_tp0.0_fk0.03_rp0.0_vd0.0_seed50_20260831_204324_899507.json,results/alice_realchannel_run_seed50_20260831_204324_860555.json,unknown,2026-08-31T20:43:30.025553,final_key,0.03,2,0.0026737967914438
0.0,0.03,0.0,0.0,51,results/bob_realchannel_run_tp0.0_fk0.03_rp0.0_vd0.0_seed51_20260831_204331_030405.json,374,37,3180,34,34,True,0,False,,5.598390102386475,{},asymptotic,True,,9,results/bob_realchannel_run_tp0.0_fk0.03_rp0.0_vd0.0_seed51_20260831_204331_030405.json,results/alice_realchannel_run_seed51_20260831_204330_998192.json,unknown,2026-08-31T20:43:36.986324,final_key,0.03,2,0.0026737967914438
0.0,0.01,0.0,0.0,42,results/bob_realchannel_run_tp0.0_fk0.01_rp0.0_vd0.0_seed42_20260831_204337_981968.json,374,37,3180,34,34,True,0,False,,5.455352544784546,{},asymptotic,True,,0,results/bob_realchannel_run_tp0.0_fk0.01_rp0.0_vd0.0_seed42_20260831_204337_981968.json,results/alice_realchannel_run_seed42_20260831_204337_968881.json,unknown,2026-08-31T20:43:43.808846,final_key,0.01,2,0.0026737967914438
0.0,0.01,0.0,0.0,43,results/bob_realchannel_run_tp0.0_fk0.01_rp0.0_vd0.0_seed43_20260831_204344_822227.json,374,37,3180,34,34,True,0,False,,5.190834045410156,{},asymptotic,True,,1,results/bob_realchannel_run_tp0.0_fk0.01_rp0.0_vd0.0_seed43_20260831_204344_822227.json,results/alice_realchannel_run_seed43_20260831_204344_772775.json,unknown,2026-08-31T20:43:50.358416,final_key,0.01,2,0.0026737967914438
0.0,0.01,0.0,0.0,44,results/bob_realchannel_run_tp0.0_fk0.01_rp0.0_vd0.0_seed44_20260831_204351_353471.json,374,37,3180,34,34,True,0,False,,5.039563894271851,{},asymptotic,True,,2,results/bob_realchannel_run_tp0.0_fk0.01_rp0.0_vd0.0_seed44_20260831_204351_353471.json,results/alice_realchannel_run_seed44_20260831_204351_328588.json,unknown,2026-08-31T20:43:56.751417,final_key,0.01,2,0.0026737967914438
0.0,0.01,0.0,0.0,45,results/bob_realchannel_run_tp0.0_fk0.01_rp0.0_vd0.0_seed45_20260831_204357_751173.json,374,37,3180,34,34,True,0,False,,5.493904113769531,{},asymptotic,True,,3,results/bob_realchannel_run_tp0.0_fk0.01_rp0.0_vd0.0_seed45_20260831_204357_751173.json,results/alice_realchannel_run_seed45_20260831_204357_730668.json,unknown,2026-08-31T20:44:03.619240,final_key,0.01,2,0.0026737967914438
0.0,0.01,0.0,0.0,46,results/bob_realchannel_run_tp0.0_fk0.01_rp0.0_vd0.0_seed46_20260831_204404_610892.json,374,37,3180,34,34,True,0,False,,5.1656174659729,{},asymptotic,True,,4,results/bob_realchannel_run_tp0.0_fk0.01_rp0.0_vd0.0_seed46_20260831_204404_610892.json,results/alice_realchannel_run_seed46_20260831_204404_593109.json,unknown,2026-08-31T20:44:10.121678,final_key,0.01,2,0.0026737967914438
0.0,0.01,0.0,0.0,47,results/bob_realchannel_run_tp0.0_fk0.01_rp0.0_vd0.0_seed47_20260831_204411_176684.json,374,37,3180,34,34,True,0,False,,4.327970027923584,{},asymptotic,True,,5,results/bob_realchannel_run_tp0.0_fk0.01_rp0.0_vd0.0_seed47_20260831_204411_176684.json,results/alice_realchannel_run_seed47_20260831_204411_098755.json,unknown,2026-08-31T20:44:15.864269,final_key,0.01,2,0.0026737967914438
0.0,0.01,0.0,0.0,48,results/bob_realchannel_run_tp0.0_fk0.01_rp0.0_vd0.0_seed48_20260831_204416_891112.json,374,37,3180,34,34,True,0,False,,5.44614315032959,{},asymptotic,True,,6,results/bob_realchannel_run_tp0.0_fk0.01_rp0.0_vd0.0_seed48_20260831_204416_891112.json,results/alice_realchannel_run_seed48_20260831_204416_844029.json,unknown,2026-08-31T20:44:22.696963,final_key,0.01,2,0.0026737967914438
0.0,0.01,0.0,0.0,49,results/bob_realchannel_run_tp0.0_fk0.01_rp0.0_vd0.0_seed49_20260831_204423_712417.json,374,35,3180,34,34,False,2,False,,4.604272842407227,{},asymptotic,False,,7,results/bob_realchannel_run_tp0.0_fk0.01_rp0.0_vd0.0_seed49_20260831_204423_712417.json,results/alice_realchannel_run_seed49_20260831_204423_676495.json,unknown,2026-08-31T20:44:28.673366,final_key,0.01,2,0.0026737967914438
0.0,0.01,0.0,0.0,50,results/bob_realchannel_run_tp0.0_fk0.01_rp0.0_vd0.0_seed50_20260831_204429_672436.json,374,37,3180,34,34,True,0,False,,5.232206344604492,{},asymptotic,True,,8,results/bob_realchannel_run_tp0.0_fk0.01_rp0.0_vd0.0_seed50_20260831_204429_672436.json,results/alice_realchannel_run_seed50_20260831_204429_652162.json,unknown,2026-08-31T20:44:35.262868,final_key,0.01,2,0.0026737967914438
0.0,0.01,0.0,0.0,51,results/bob_realchannel_run_tp0.0_fk0.01_rp0.0_vd0.0_seed51_20260831_204436_278111.json,374,37,3180,34,34,True,0,False,,5.570720911026001,{},asymptotic,True,,9,results/bob_realchannel_run_tp0.0_fk0.01_rp0.0_vd0.0_seed51_20260831_204436_278111.json,results/alice_realchannel_run_seed51_20260831_204436_235038.json,unknown,2026-08-31T20:44:42.209583,final_key,0.01,2,0.0026737967914438
0.0,0.003,0.0,0.0,42,results/bob_realchannel_run_tp0.0_fk0.003_rp0.0_vd0.0_seed42_20260831_204443_221572.json,374,37,3180,34,34,True,0,False,,5.415170669555664,{},asymptotic,True,,0,results/bob_realchannel_run_tp0.0_fk0.003_rp0.0_vd0.0_seed42_20260831_204443_221572.json,results/alice_realchannel_run_seed42_20260831_204443_188786.json,unknown,2026-08-31T20:44:48.996103,final_key,0.003,2,0.0026737967914438
0.0,0.003,0.0,0.0,43,results/bob_realchannel_run_tp0.0_fk0.003_rp0.0_vd0.0_seed43_20260831_204450_011992.json,374,37,3180,34,34,True,0,False,,4.780989646911621,{},asymptotic,True,,1,results/bob_realchannel_run_tp0.0_fk0.003_rp0.0_vd0.0_seed43_20260831_204450_011992.json,results/alice_realchannel_run_seed43_20260831_204449_999812.json,unknown,2026-08-31T20:44:55.170096,final_key,0.003,2,0.0026737967914438
0.0,0.003,0.0,0.0,44,results/bob_realchannel_run_tp0.0_fk0.003_rp0.0_vd0.0_seed44_20260831_204456_216785.json,374,37,3180,34,34,True,0,False,,4.987963914871216,{},asymptotic,True,,2,results/bob_realchannel_run_tp0.0_fk0.003_rp0.0_vd0.0_seed44_20260831_204456_216785.json,results/alice_realchannel_run_seed44_20260831_204456_153120.json,unknown,2026-08-31T20:45:01.560547,final_key,0.003,2,0.0026737967914438
0.0,0.003,0.0,0.0,45,results/bob_realchannel_run_tp0.0_fk0.003_rp0.0_vd0.0_seed45_20260831_204502_564202.json,374,37,3180,34,34,True,0,False,,5.4883832931518555,{},asymptotic,True,,3,results/bob_realchannel_run_tp0.0_fk0.003_rp0.0_vd0.0_seed45_20260831_204502_564202.json,results/alice_realchannel_run_seed45_20260831_204502_533792.json,unknown,2026-08-31T20:45:08.410029,final_key,0.003,2,0.0026737967914438
0.0,0.003,0.0,0.0,46,results/bob_realchannel_run_tp0.0_fk0.003_rp0.0_vd0.0_seed46_20260831_204509_427004.json,374,37,3180,34,34,True,0,False,,5.139149188995361,{},asymptotic,True,,4,results/bob_realchannel_run_tp0.0_fk0.003_rp0.0_vd0.0_seed46_20260831_204509_427004.json,results/alice_realchannel_run_seed46_20260831_204509_383855.json,unknown,2026-08-31T20:45:14.922368,final_key,0.003,2,0.0026737967914438
0.0,0.003,0.0,0.0,47,results/bob_realchannel_run_tp0.0_fk0.003_rp0.0_vd0.0_seed47_20260831_204515_917396.json,374,37,3180,34,34,True,0,False,,5.6952433586120605,{},asymptotic,True,,5,results/bob_realchannel_run_tp0.0_fk0.003_rp0.0_vd0.0_seed47_20260831_204515_917396.json,results/alice_realchannel_run_seed47_20260831_204515_896468.json,unknown,2026-08-31T20:45:21.957464,final_key,0.003,2,0.0026737967914438
0.0,0.003,0.0,0.0,48,results/bob_realchannel_run_tp0.0_fk0.003_rp0.0_vd0.0_seed48_20260831_204522_970013.json,374,37,3180,34,34,True,0,False,,5.446650743484497,{},asymptotic,True,,6,results/bob_realchannel_run_tp0.0_fk0.003_rp0.0_vd0.0_seed48_20260831_204522_970013.json,results/alice_realchannel_run_seed48_20260831_204522_935981.json,unknown,2026-08-31T20:45:28.772776,final_key,0.003,2,0.0026737967914438
0.0,0.003,0.0,0.0,49,results/bob_realchannel_run_tp0.0_fk0.003_rp0.0_vd0.0_seed49_20260831_204529_787905.json,374,35,3180,34,34,False,2,False,,5.489294767379761,{},asymptotic,False,,7,results/bob_realchannel_run_tp0.0_fk0.003_rp0.0_vd0.0_seed49_20260831_204529_787905.json,results/alice_realchannel_run_seed49_20260831_204529_744832.json,unknown,2026-08-31T20:45:35.638186,final_key,0.003,2,0.0026737967914438
0.0,0.003,0.0,0.0,50,results/bob_realchannel_run_tp0.0_fk0.003_rp0.0_vd0.0_seed50_20260831_204536_649253.json,374,37,3180,34,34,True,0,False,,5.227374076843262,{},asymptotic,True,,8,results/bob_realchannel_run_tp0.0_fk0.003_rp0.0_vd0.0_seed50_20260831_204536_649253.json,results/alice_realchannel_run_seed50_20260831_204536_626901.json,unknown,2026-08-31T20:45:42.234851,final_key,0.003,2,0.0026737967914438
0.0,0.003,0.0,0.0,51,results/bob_realchannel_run_tp0.0_fk0.003_rp0.0_vd0.0_seed51_20260831_204543_243539.json,374,37,3180,34,34,True,0,False,,5.13002347946167,{},asymptotic,True,,9,results/bob_realchannel_run_tp0.0_fk0.003_rp0.0_vd0.0_seed51_20260831_204543_243539.json,results/alice_realchannel_run_seed51_20260831_204543_208827.json,unknown,2026-08-31T20:45:48.729537,final_key,0.003,2,0.0026737967914438
0.0,0.001,0.0,0.0,42,results/bob_realchannel_run_tp0.0_fk0.001_rp0.0_vd0.0_seed42_20260831_204549_732594.json,374,37,3180,34,34,True,0,False,,3.456141710281372,{},asymptotic,True,,0,results/bob_realchannel_run_tp0.0_fk0.001_rp0.0_vd0.0_seed42_20260831_204549_732594.json,results/alice_realchannel_run_seed42_20260831_204549_727788.json,unknown,2026-08-31T20:45:53.547086,final_key,0.001,2,0.0026737967914438
0.0,0.001,0.0,0.0,43,results/bob_realchannel_run_tp0.0_fk0.001_rp0.0_vd0.0_seed43_20260831_204554_544013.json,374,37,3180,34,34,True,0,False,,5.228700637817383,{},asymptotic,True,,1,results/bob_realchannel_run_tp0.0_fk0.001_rp0.0_vd0.0_seed43_20260831_204554_544013.json,results/alice_realchannel_run_seed43_20260831_204554_529190.json,unknown,2026-08-31T20:46:00.132305,final_key,0.001,2,0.0026737967914438
0.0,0.001,0.0,0.0,44,results/bob_realchannel_run_tp0.0_fk0.001_rp0.0_vd0.0_seed44_20260831_204601_129821.json,374,37,3180,34,34,True,0,False,,4.582804918289185,{},asymptotic,True,,2,results/bob_realchannel_run_tp0.0_fk0.001_rp0.0_vd0.0_seed44_20260831_204601_129821.json,results/alice_realchannel_run_seed44_20260831_204601_104104.json,unknown,2026-08-31T20:46:06.059332,final_key,0.001,2,0.0026737967914438
0.0,0.001,0.0,0.0,45,results/bob_realchannel_run_tp0.0_fk0.001_rp0.0_vd0.0_seed45_20260831_204607_074025.json,374,37,3180,34,34,True,0,False,,5.023704767227173,{},asymptotic,True,,3,results/bob_realchannel_run_tp0.0_fk0.001_rp0.0_vd0.0_seed45_20260831_204607_074025.json,results/alice_realchannel_run_seed45_20260831_204607_032140.json,unknown,2026-08-31T20:46:12.453573,final_key,0.001,2,0.0026737967914438
0.0,0.001,0.0,0.0,46,results/bob_realchannel_run_tp0.0_fk0.001_rp0.0_vd0.0_seed46_20260831_204613_459832.json,374,37,3180,34,34,True,0,False,,4.7055439949035645,{},asymptotic,True,,4,results/bob_realchannel_run_tp0.0_fk0.001_rp0.0_vd0.0_seed46_20260831_204613_459832.json,results/alice_realchannel_run_seed46_20260831_204613_426686.json,unknown,2026-08-31T20:46:18.534524,final_key,0.001,2,0.0026737967914438
0.0,0.001,0.0,0.0,47,results/bob_realchannel_run_tp0.0_fk0.001_rp0.0_vd0.0_seed47_20260831_204619_533391.json,374,37,3180,34,34,True,0,False,,5.687486410140991,{},asymptotic,True,,5,results/bob_realchannel_run_tp0.0_fk0.001_rp0.0_vd0.0_seed47_20260831_204619_533391.json,results/alice_realchannel_run_seed47_20260831_204619_510255.json,unknown,2026-08-31T20:46:25.656123,final_key,0.001,2,0.0026737967914438
0.0,0.001,0.0,0.0,48,results/bob_realchannel_run_tp0.0_fk0.001_rp0.0_vd0.0_seed48_20260831_204626_759386.json,374,37,3180,34,34,True,0,False,,4.9060609340667725,{},asymptotic,True,,6,results/bob_realchannel_run_tp0.0_fk0.001_rp0.0_vd0.0_seed48_20260831_204626_759386.json,results/alice_realchannel_run_seed48_20260831_204626_627324.json,unknown,2026-08-31T20:46:32.031788,final_key,0.001,2,0.0026737967914438
0.0,0.001,0.0,0.0,49,results/bob_realchannel_run_tp0.0_fk0.001_rp0.0_vd0.0_seed49_20260831_204633_036396.json,374,35,3180,34,34,False,2,False,,5.52122950553894,{},asymptotic,False,,7,results/bob_realchannel_run_tp0.0_fk0.001_rp0.0_vd0.0_seed49_20260831_204633_036396.json,results/alice_realchannel_run_seed49_20260831_204633_007101.json,unknown,2026-08-31T20:46:38.914802,final_key,0.001,2,0.0026737967914438
0.0,0.001,0.0,0.0,50,results/bob_realchannel_run_tp0.0_fk0.001_rp0.0_vd0.0_seed50_20260831_204639_910688.json,374,37,3180,34,34,True,0,False,,3.2863433361053467,{},asymptotic,True,,8,results/bob_realchannel_run_tp0.0_fk0.001_rp0.0_vd0.0_seed50_20260831_204639_910688.json,results/alice_realchannel_run_seed50_20260831_204639_951342.json,unknown,2026-08-31T20:46:43.660758,final_key,0.001,2,0.0026737967914438
0.0,0.001,0.0,0.0,51,results/bob_realchannel_run_tp0.0_fk0.001_rp0.0_vd0.0_seed51_20260831_204644_661215.json,374,37,3180,34,34,True,0,False,,3.607595682144165,{},asymptotic,True,,9,results/bob_realchannel_run_tp0.0_fk0.001_rp0.0_vd0.0_seed51_20260831_204644_661215.json,results/alice_realchannel_run_seed51_20260831_204644_657820.json,unknown,2026-08-31T20:46:48.695759,final_key,0.001,2,0.0026737967914438
0.0,0.5,0.0,0.0,42,results/bob_realchannel_run_tp0.0_fk0.5_rp0.0_vd0.0_seed42_20260831_210937_616170.json,382,36,3251,34,34,True,0,False,,5.360145568847656,{},asymptotic,True,,0,results/bob_realchannel_run_tp0.0_fk0.5_rp0.0_vd0.0_seed42_20260831_210937_616170.json,results/alice_realchannel_run_seed42_20260831_210937_453525.json,unknown,2026-08-31T21:09:43.631403,final_key,0.5,3,0.0026178010471204
0.0,0.5,0.0,0.0,43,results/bob_realchannel_run_tp0.0_fk0.5_rp0.0_vd0.0_seed43_20260831_210944_668389.json,382,36,3251,34,34,True,0,False,,6.103597402572632,{'final_key': 1},asymptotic,False,,1,results/bob_realchannel_run_tp0.0_fk0.5_rp0.0_vd0.0_seed43_20260831_210944_668389.json,results/alice_realchannel_run_seed43_20260831_210944_642214.json,unknown,2026-08-31T21:09:51.182138,final_key,0.5,3,0.0026178010471204
0.0,0.5,0.0,0.0,44,results/bob_realchannel_run_tp0.0_fk0.5_rp0.0_vd0.0_seed44_20260831_210952_202930.json,382,36,3251,34,34,True,0,False,,3.4971437454223633,{'final_key': 1},asymptotic,False,,2,results/bob_realchannel_run_tp0.0_fk0.5_rp0.0_vd0.0_seed44_20260831_210952_202930.json,results/alice_realchannel_run_seed44_20260831_210952_230609.json,unknown,2026-08-31T21:09:56.113518,final_key,0.5,3,0.0026178010471204
0.0,0.5,0.0,0.0,45,results/bob_realchannel_run_tp0.0_fk0.5_rp0.0_vd0.0_seed45_20260831_210957_200964.json,382,36,3251,34,34,True,0,False,,4.48270058631897,{'final_key': 1},asymptotic,False,,3,results/bob_realchannel_run_tp0.0_fk0.5_rp0.0_vd0.0_seed45_20260831_210957_200964.json,results/alice_realchannel_run_seed45_20260831_210957_132702.json,unknown,2026-08-31T21:10:02.135038,final_key,0.5,3,0.0026178010471204
0.0,0.5,0.0,0.0,46,results/bob_realchannel_run_tp0.0_fk0.5_rp0.0_vd0.0_seed46_20260831_211003_147853.json,382,36,3251,34,34,True,0,False,,5.400693416595459,{'final_key': 1},asymptotic,False,,4,results/bob_realchannel_run_tp0.0_fk0.5_rp0.0_vd0.0_seed46_20260831_211003_147853.json,results/alice_realchannel_run_seed46_20260831_211003_141795.json,unknown,2026-08-31T21:10:09.035135,final_key,0.5,3,0.0026178010471204
0.0,0.5,0.0,0.0,47,results/bob_realchannel_run_tp0.0_fk0.5_rp0.0_vd0.0_seed47_20260831_211010_034504.json,382,36,3251,34,34,True,0,False,,3.2542033195495605,{},asymptotic,True,,5,results/bob_realchannel_run_tp0.0_fk0.5_rp0.0_vd0.0_seed47_20260831_211010_034504.json,results/alice_realchannel_run_seed47_20260831_211010_072597.json,unknown,2026-08-31T21:10:13.727926,final_key,0.5,3,0.0026178010471204
0.0,0.5,0.0,0.0,48,results/bob_realchannel_run_tp0.0_fk0.5_rp0.0_vd0.0_seed48_20260831_211014_747839.json,382,36,3251,34,34,True,0,False,,2.5087883472442627,{},asymptotic,True,,6,results/bob_realchannel_run_tp0.0_fk0.5_rp0.0_vd0.0_seed48_20260831_211014_747839.json,results/alice_realchannel_run_seed48_20260831_211014_761745.json,unknown,2026-08-31T21:10:17.736350,final_key,0.5,3,0.0026178010471204
0.0,0.5,0.0,0.0,49,results/bob_realchannel_run_tp0.0_fk0.5_rp0.0_vd0.0_seed49_20260831_211018_754253.json,382,36,3251,34,34,True,0,False,,5.489795923233032,{'final_key': 1},asymptotic,False,,7,results/bob_realchannel_run_tp0.0_fk0.5_rp0.0_vd0.0_seed49_20260831_211018_754253.json,results/alice_realchannel_run_seed49_20260831_211018_747370.json,unknown,2026-08-31T21:10:24.673474,final_key,0.5,3,0.0026178010471204
0.0,0.5,0.0,0.0,50,results/bob_realchannel_run_tp0.0_fk0.5_rp0.0_vd0.0_seed50_20260831_211025_705510.json,382,36,3251,34,34,True,0,False,,5.558915615081787,{'final_key': 1},asymptotic,False,,8,results/bob_realchannel_run_tp0.0_fk0.5_rp0.0_vd0.0_seed50_20260831_211025_705510.json,results/alice_realchannel_run_seed50_20260831_211025_678900.json,unknown,2026-08-31T21:10:31.736097,final_key,0.5,3,0.0026178010471204
0.0,0.5,0.0,0.0,51,results/bob_realchannel_run_tp0.0_fk0.5_rp0.0_vd0.0_seed51_20260831_211032_746794.json,382,36,3251,34,34,True,0,False,,3.2975361347198486,{},asymptotic,True,,9,results/bob_realchannel_run_tp0.0_fk0.5_rp0.0_vd0.0_seed51_20260831_211032_746794.json,results/alice_realchannel_run_seed51_20260831_211032_746271.json,unknown,2026-08-31T21:10:36.472870,final_key,0.5,3,0.0026178010471204
0.0,0.3,0.0,0.0,42,results/bob_realchannel_run_tp0.0_fk0.3_rp0.0_vd0.0_seed42_20260831_211037_491739.json,382,36,3251,34,34,True,0,False,,3.0446548461914062,{},asymptotic,True,,0,results/bob_realchannel_run_tp0.0_fk0.3_rp0.0_vd0.0_seed42_20260831_211037_491739.json,results/alice_realchannel_run_seed42_20260831_211037_504565.json,unknown,2026-08-31T21:10:41.024354,final_key,0.3,3,0.0026178010471204
0.0,0.3,0.0,0.0,43,results/bob_realchannel_run_tp0.0_fk0.3_rp0.0_vd0.0_seed43_20260831_211042_038292.json,382,36,3251,34,34,True,0,False,,2.9535434246063232,{'final_key': 1},asymptotic,False,,1,results/bob_realchannel_run_tp0.0_fk0.3_rp0.0_vd0.0_seed43_20260831_211042_038292.json,results/alice_realchannel_run_seed43_20260831_211042_041407.json,unknown,2026-08-31T21:10:45.401184,final_key,0.3,3,0.0026178010471204
0.0,0.3,0.0,0.0,44,results/bob_realchannel_run_tp0.0_fk0.3_rp0.0_vd0.0_seed44_20260831_211046_421907.json,382,36,3251,34,34,True,0,False,,6.361855745315552,{'final_key': 1},asymptotic,False,,2,results/bob_realchannel_run_tp0.0_fk0.3_rp0.0_vd0.0_seed44_20260831_211046_421907.json,results/alice_realchannel_run_seed44_20260831_211046_405979.json,unknown,2026-08-31T21:10:53.192139,final_key,0.3,3,0.0026178010471204
0.0,0.3,0.0,0.0,45,results/bob_realchannel_run_tp0.0_fk0.3_rp0.0_vd0.0_seed45_20260831_211054_209600.json,382,36,3251,34,34,True,0,False,,5.434441804885864,{},asymptotic,True,,3,results/bob_realchannel_run_tp0.0_fk0.3_rp0.0_vd0.0_seed45_20260831_211054_209600.json,results/alice_realchannel_run_seed45_20260831_211054_194316.json,unknown,2026-08-31T21:11:00.049953,final_key,0.3,3,0.0026178010471204
0.0,0.3,0.0,0.0,46,results/bob_realchannel_run_tp0.0_fk0.3_rp0.0_vd0.0_seed46_20260831_211101_199231.json,382,36,3251,34,34,True,0,False,,4.812854290008545,{},asymptotic,True,,4,results/bob_realchannel_run_tp0.0_fk0.3_rp0.0_vd0.0_seed46_20260831_211101_199231.json,results/alice_realchannel_run_seed46_20260831_211101_057338.json,unknown,2026-08-31T21:11:06.442875,final_key,0.3,3,0.0026178010471204
0.0,0.3,0.0,0.0,47,results/bob_realchannel_run_tp0.0_fk0.3_rp0.0_vd0.0_seed47_20260831_211107_465335.json,382,36,3251,34,34,True,0,False,,4.766545534133911,{},asymptotic,True,,5,results/bob_realchannel_run_tp0.0_fk0.3_rp0.0_vd0.0_seed47_20260831_211107_465335.json,results/alice_realchannel_run_seed47_20260831_211107_446797.json,unknown,2026-08-31T21:11:12.643363,final_key,0.3,3,0.0026178010471204
0.0,0.3,0.0,0.0,48,results/bob_realchannel_run_tp0.0_fk0.3_rp0.0_vd0.0_seed48_20260831_211113_669391.json,382,36,3251,34,34,True,0,False,,5.934269905090332,{},asymptotic,True,,6,results/bob_realchannel_run_tp0.0_fk0.3_rp0.0_vd0.0_seed48_20260831_211113_669391.json,results/alice_realchannel_run_seed48_20260831_211113_645748.json,unknown,2026-08-31T21:11:20.009902,final_key,0.3,3,0.0026178010471204
0.0,0.3,0.0,0.0,49,results/bob_realchannel_run_tp0.0_fk0.3_rp0.0_vd0.0_seed49_20260831_211121_039983.json,382,36,3251,34,34,True,0,False,,5.464251518249512,{},asymptotic,True,,7,results/bob_realchannel_run_tp0.0_fk0.3_rp0.0_vd0.0_seed49_20260831_211121_039983.json,results/alice_realchannel_run_seed49_20260831_211121_008001.json,unknown,2026-08-31T21:11:26.935362,final_key,0.3,3,0.0026178010471204
0.0,0.3,0.0,0.0,50,results/bob_realchannel_run_tp0.0_fk0.3_rp0.0_vd0.0_seed50_20260831_211127_952915.json,382,36,3251,34,34,True,0,False,,4.402801990509033,{},asymptotic,True,,8,results/bob_realchannel_run_tp0.0_fk0.3_rp0.0_vd0.0_seed50_20260831_211127_952915.json,results/alice_realchannel_run_seed50_20260831_211127_941207.json,unknown,2026-08-31T21:11:32.789514,final_key,0.3,3,0.0026178010471204
0.0,0.3,0.0,0.0,51,results/bob_realchannel_run_tp0.0_fk0.3_rp0.0_vd0.0_seed51_20260831_211133_826759.json,382,36,3251,34,34,True,0,False,,5.273142337799072,{},asymptotic,True,,9,results/bob_realchannel_run_tp0.0_fk0.3_rp0.0_vd0.0_seed51_20260831_211133_826759.json,results/alice_realchannel_run_seed51_20260831_211133_794269.json,unknown,2026-08-31T21:11:39.532358,final_key,0.3,3,0.0026178010471204
0.0,0.1,0.0,0.0,42,results/bob_realchannel_run_tp0.0_fk0.1_rp0.0_vd0.0_seed42_20260831_211140_553598.json,382,36,3251,34,34,True,0,False,,4.050794363021851,{},asymptotic,True,,0,results/bob_realchannel_run_tp0.0_fk0.1_rp0.0_vd0.0_seed42_20260831_211140_553598.json,results/alice_realchannel_run_seed42_20260831_211140_541105.json,unknown,2026-08-31T21:11:45.036015,final_key,0.1,3,0.0026178010471204
0.0,0.1,0.0,0.0,43,results/bob_realchannel_run_tp0.0_fk0.1_rp0.0_vd0.0_seed43_20260831_211146_060339.json,382,36,3251,34,34,True,0,False,,6.1000378131866455,{'final_key': 1},asymptotic,False,,1,results/bob_realchannel_run_tp0.0_fk0.1_rp0.0_vd0.0_seed43_20260831_211146_060339.json,results/alice_realchannel_run_seed43_20260831_211146_033896.json,unknown,2026-08-31T21:11:52.591217,final_key,0.1,3,0.0026178010471204
0.0,0.1,0.0,0.0,44,results/bob_realchannel_run_tp0.0_fk0.1_rp0.0_vd0.0_seed44_20260831_211153_602915.json,382,36,3251,34,34,True,0,False,,6.361101388931274,{},asymptotic,True,,2,results/bob_realchannel_run_tp0.0_fk0.1_rp0.0_vd0.0_seed44_20260831_211153_602915.json,results/alice_realchannel_run_seed44_20260831_211153_592740.json,unknown,2026-08-31T21:12:00.394395,final_key,0.1,3,0.0026178010471204
0.0,0.1,0.0,0.0,45,results/bob_realchannel_run_tp0.0_fk0.1_rp0.0_vd0.0_seed45_20260831_211201_412375.json,382,36,3251,34,34,True,0,False,,5.431639909744263,{},asymptotic,True,,3,results/bob_realchannel_run_tp0.0_fk0.1_rp0.0_vd0.0_seed45_20260831_211201_412375.json,results/alice_realchannel_run_seed45_20260831_211201_395604.json,unknown,2026-08-31T21:12:07.323521,final_key,0.1,3,0.0026178010471204
0.0,0.1,0.0,0.0,46,results/bob_realchannel_run_tp0.0_fk0.1_rp0.0_vd0.0_seed46_20260831_211208_343656.json,382,36,3251,34,34,True,0,False,,5.384660720825195,{},asymptotic,True,,4,results/bob_realchannel_run_tp0.0_fk0.1_rp0.0_vd0.0_seed46_20260831_211208_343656.json,results/alice_realchannel_run_seed46_20260831_211208_330461.json,unknown,2026-08-31T21:12:14.177459,final_key,0.1,3,0.0026178010471204
0.0,0.1,0.0,0.0,47,results/bob_realchannel_run_tp0.0_fk0.1_rp0.0_vd0.0_seed47_20260831_211215_190990.json,382,36,3251,34,34,True,0,False,,3.229548454284668,{},asymptotic,True,,5,results/bob_realchannel_run_tp0.0_fk0.1_rp0.0_vd0.0_seed47_20260831_211215_190990.json,results/alice_realchannel_run_seed47_20260831_211215_212564.json,unknown,2026-08-31T21:12:18.880986,final_key,0.1,3,0.0026178010471204
0.0,0.1,0.0,0.0,48,results/bob_realchannel_run_tp0.0_fk0.1_rp0.0_vd0.0_seed48_20260831_211219_883322.json,382,36,3251,34,34,True,0,False,,3.932941436767578,{},asymptotic,True,,6,results/bob_realchannel_run_tp0.0_fk0.1_rp0.0_vd0.0_seed48_20260831_211219_883322.json,results/alice_realchannel_run_seed48_20260831_211219_885418.json,unknown,2026-08-31T21:12:24.250321,final_key,0.1,3,0.0026178010471204
0.0,0.1,0.0,0.0,49,results/bob_realchannel_run_tp0.0_fk0.1_rp0.0_vd0.0_seed49_20260831_211225_250625.json,382,36,3251,34,34,True,0,False,,3.505868673324585,{},asymptotic,True,,7,results/bob_realchannel_run_tp0.0_fk0.1_rp0.0_vd0.0_seed49_20260831_211225_250625.json,results/alice_realchannel_run_seed49_20260831_211225_277768.json,unknown,2026-08-31T21:12:29.261247,final_key,0.1,3,0.0026178010471204
0.0,0.1,0.0,0.0,50,results/bob_realchannel_run_tp0.0_fk0.1_rp0.0_vd0.0_seed50_20260831_211230_265311.json,382,36,3251,34,34,True,0,False,,2.866661310195923,{},asymptotic,True,,8,results/bob_realchannel_run_tp0.0_fk0.1_rp0.0_vd0.0_seed50_20260831_211230_265311.json,results/alice_realchannel_run_seed50_20260831_211230_271705.json,unknown,2026-08-31T21:12:33.563488,final_key,0.1,3,0.0026178010471204
0.0,0.1,0.0,0.0,51,results/bob_realchannel_run_tp0.0_fk0.1_rp0.0_vd0.0_seed51_20260831_211234_579483.json,382,36,3251,34,34,True,0,False,,3.2888026237487793,{},asymptotic,True,,9,results/bob_realchannel_run_tp0.0_fk0.1_rp0.0_vd0.0_seed51_20260831_211234_579483.json,results/alice_realchannel_run_seed51_20260831_211234_584492.json,unknown,2026-08-31T21:12:38.334872,final_key,0.1,3,0.0026178010471204
0.0,0.05,0.0,0.0,42,results/bob_realchannel_run_tp0.0_fk0.05_rp0.0_vd0.0_seed42_20260831_211239_344785.json,382,36,3251,34,34,True,0,False,,3.480451822280884,{},asymptotic,True,,0,results/bob_realchannel_run_tp0.0_fk0.05_rp0.0_vd0.0_seed42_20260831_211239_344785.json,results/alice_realchannel_run_seed42_20260831_211239_339584.json,unknown,2026-08-31T21:12:43.276737,final_key,0.05,3,0.0026178010471204
0.0,0.05,0.0,0.0,43,results/bob_realchannel_run_tp0.0_fk0.05_rp0.0_vd0.0_seed43_20260831_211244_306958.json,382,36,3251,34,34,True,0,False,,5.657157897949219,{'final_key': 1},asymptotic,False,,1,results/bob_realchannel_run_tp0.0_fk0.05_rp0.0_vd0.0_seed43_20260831_211244_306958.json,results/alice_realchannel_run_seed43_20260831_211244_289096.json,unknown,2026-08-31T21:12:50.394491,final_key,0.05,3,0.0026178010471204
0.0,0.05,0.0,0.0,44,results/bob_realchannel_run_tp0.0_fk0.05_rp0.0_vd0.0_seed44_20260831_211251_561658.json,382,36,3251,34,34,True,0,False,,5.062291383743286,{},asymptotic,True,,2,results/bob_realchannel_run_tp0.0_fk0.05_rp0.0_vd0.0_seed44_20260831_211251_561658.json,results/alice_realchannel_run_seed44_20260831_211251_415424.json,unknown,2026-08-31T21:12:57.092905,final_key,0.05,3,0.0026178010471204
0.0,0.05,0.0,0.0,45,results/bob_realchannel_run_tp0.0_fk0.05_rp0.0_vd0.0_seed45_20260831_211258_116847.json,382,36,3251,34,34,True,0,False,,5.4274280071258545,{},asymptotic,True,,3,results/bob_realchannel_run_tp0.0_fk0.05_rp0.0_vd0.0_seed45_20260831_211258_116847.json,results/alice_realchannel_run_seed45_20260831_211258_098911.json,unknown,2026-08-31T21:13:03.973728,final_key,0.05,3,0.0026178010471204
0.0,0.05,0.0,0.0,46,results/bob_realchannel_run_tp0.0_fk0.05_rp0.0_vd0.0_seed46_20260831_211305_004746.json,382,36,3251,34,34,True,0,False,,3.3913261890411377,{},asymptotic,True,,4,results/bob_realchannel_run_tp0.0_fk0.05_rp0.0_vd0.0_seed46_20260831_211305_004746.json,results/alice_realchannel_run_seed46_20260831_211305_005385.json,unknown,2026-08-31T21:13:08.865417,final_key,0.05,3,0.0026178010471204
0.0,0.05,0.0,0.0,47,results/bob_realchannel_run_tp0.0_fk0.05_rp0.0_vd0.0_seed47_20260831_211309_896812.json,382,36,3251,34,34,True,0,False,,5.199075937271118,{},asymptotic,True,,5,results/bob_realchannel_run_tp0.0_fk0.05_rp0.0_vd0.0_seed47_20260831_211309_896812.json,results/alice_realchannel_run_seed47_20260831_211309_874384.json,unknown,2026-08-31T21:13:15.538471,final_key,0.05,3,0.0026178010471204
0.0,0.05,0.0,0.0,48,results/bob_realchannel_run_tp0.0_fk0.05_rp0.0_vd0.0_seed48_20260831_211316_552875.json,382,36,3251,34,34,True,0,False,,3.9268605709075928,{},asymptotic,True,,6,results/bob_realchannel_run_tp0.0_fk0.05_rp0.0_vd0.0_seed48_20260831_211316_552875.json,results/alice_realchannel_run_seed48_20260831_211316_560647.json,unknown,2026-08-31T21:13:20.911372,final_key,0.05,3,0.0026178010471204
0.0,0.05,0.0,0.0,49,results/bob_realchannel_run_tp0.0_fk0.05_rp0.0_vd0.0_seed49_20260831_211321_939809.json,382,36,3251,34,34,True,0,False,,5.236176490783691,{},asymptotic,True,,7,results/bob_realchannel_run_tp0.0_fk0.05_rp0.0_vd0.0_seed49_20260831_211321_939809.json,results/alice_realchannel_run_seed49_20260831_211321_919845.json,unknown,2026-08-31T21:13:27.654378,final_key,0.05,3,0.0026178010471204
0.0,0.05,0.0,0.0,50,results/bob_realchannel_run_tp0.0_fk0.05_rp0.0_vd0.0_seed50_20260831_211328_674255.json,382,36,3251,34,34,True,0,False,,3.5856122970581055,{},asymptotic,True,,8,results/bob_realchannel_run_tp0.0_fk0.05_rp0.0_vd0.0_seed50_20260831_211328_674255.json,results/alice_realchannel_run_seed50_20260831_211328_670605.json,unknown,2026-08-31T21:13:32.692686,final_key,0.05,3,0.0026178010471204
0.0,0.05,0.0,0.0,51,results/bob_realchannel_run_tp0.0_fk0.05_rp0.0_vd0.0_seed51_20260831_211333_718658.json,382,36,3251,34,34,True,0,False,,5.289268493652344,{},asymptotic,True,,9,results/bob_realchannel_run_tp0.0_fk0.05_rp0.0_vd0.0_seed51_20260831_211333_718658.json,results/alice_realchannel_run_seed51_20260831_211333_712163.json,unknown,2026-08-31T21:13:39.417391,final_key,0.05,3,0.0026178010471204
0.0,0.03,0.0,0.0,42,results/bob_realchannel_run_tp0.0_fk0.03_rp0.0_vd0.0_seed42_20260831_211340_422116.json,382,36,3251,34,34,True,0,False,,3.069965362548828,{},asymptotic,True,,0,results/bob_realchannel_run_tp0.0_fk0.03_rp0.0_vd0.0_seed42_20260831_211340_422116.json,results/alice_realchannel_run_seed42_20260831_211340_455779.json,unknown,2026-08-31T21:13:43.927340,final_key,0.03,3,0.0026178010471204
0.0,0.03,0.0,0.0,43,results/bob_realchannel_run_tp0.0_fk0.03_rp0.0_vd0.0_seed43_20260831_211344_952935.json,382,36,3251,34,34,True,0,False,,5.379055976867676,{},asymptotic,True,,1,results/bob_realchannel_run_tp0.0_fk0.03_rp0.0_vd0.0_seed43_20260831_211344_952935.json,results/alice_realchannel_run_seed43_20260831_211344_934794.json,unknown,2026-08-31T21:13:50.765465,final_key,0.03,3,0.0026178010471204
0.0,0.03,0.0,0.0,44,results/bob_realchannel_run_tp0.0_fk0.03_rp0.0_vd0.0_seed44_20260831_211351_796564.json,382,36,3251,34,34,True,0,False,,6.339419841766357,{},asymptotic,True,,2,results/bob_realchannel_run_tp0.0_fk0.03_rp0.0_vd0.0_seed44_20260831_211351_796564.json,results/alice_realchannel_run_seed44_20260831_211351_778979.json,unknown,2026-08-31T21:13:58.565934,final_key,0.03,3,0.0026178010471204
0.0,0.03,0.0,0.0,45,results/bob_realchannel_run_tp0.0_fk0.03_rp0.0_vd0.0_seed45_20260831_211359_579068.json,382,36,3251,34,34,True,0,False,,3.4340193271636963,{},asymptotic,True,,3,results/bob_realchannel_run_tp0.0_fk0.03_rp0.0_vd0.0_seed45_20260831_211359_579068.json,results/alice_realchannel_run_seed45_20260831_211359_574956.json,unknown,2026-08-31T21:14:03.446461,final_key,0.03,3,0.0026178010471204
0.0,0.03,0.0,0.0,46,results/bob_realchannel_run_tp0.0_fk0.03_rp0.0_vd0.0_seed46_20260831_211404_471285.json,382,36,3251,34,34,True,0,False,,3.424604892730713,{},asymptotic,True,,4,results/bob_realchannel_run_tp0.0_fk0.03_rp0.0_vd0.0_seed46_20260831_211404_471285.json,results/alice_realchannel_run_seed46_20260831_211404_507706.json,unknown,2026-08-31T21:14:08.438440,final_key,0.03,3,0.0026178010471204
0.0,0.03,0.0,0.0,47,results/bob_realchannel_run_tp0.0_fk0.03_rp0.0_vd0.0_seed47_20260831_211409_467221.json,382,36,3251,34,34,True,0,False,,2.3535549640655518,{},asymptotic,True,,5,results/bob_realchannel_run_tp0.0_fk0.03_rp0.0_vd0.0_seed47_20260831_211409_467221.json,results/alice_realchannel_run_seed47_20260831_211409_502646.json,unknown,2026-08-31T21:14:12.318122,final_key,0.03,3,0.0026178010471204
0.0,0.03,0.0,0.0,48,results/bob_realchannel_run_tp0.0_fk0.03_rp0.0_vd0.0_seed48_20260831_211413_348192.json,382,36,3251,34,34,True,0,False,,2.7957401275634766,{},asymptotic,True,,6,results/bob_realchannel_run_tp0.0_fk0.03_rp0.0_vd0.0_seed48_20260831_211413_348192.json,results/alice_realchannel_run_seed48_20260831_211413_391039.json,unknown,2026-08-31T21:14:16.644189,final_key,0.03,3,0.0026178010471204
0.0,0.03,0.0,0.0,49,results/bob_realchannel_run_tp0.0_fk0.03_rp0.0_vd0.0_seed49_20260831_211417_654677.json,382,36,3251,34,34,True,0,False,,3.2616963386535645,{},asymptotic,True,,7,results/bob_realchannel_run_tp0.0_fk0.03_rp0.0_vd0.0_seed49_20260831_211417_654677.json,results/alice_realchannel_run_seed49_20260831_211417_670979.json,unknown,2026-08-31T21:14:21.379369,final_key,0.03,3,0.0026178010471204
0.0,0.03,0.0,0.0,50,results/bob_realchannel_run_tp0.0_fk0.03_rp0.0_vd0.0_seed50_20260831_211422_389772.json,382,36,3251,34,34,True,0,False,,5.566704034805298,{},asymptotic,True,,8,results/bob_realchannel_run_tp0.0_fk0.03_rp0.0_vd0.0_seed50_20260831_211422_389772.json,results/alice_realchannel_run_seed50_20260831_211422_369959.json,unknown,2026-08-31T21:14:28.427091,final_key,0.03,3,0.0026178010471204
0.0,0.03,0.0,0.0,51,results/bob_realchannel_run_tp0.0_fk0.03_rp0.0_vd0.0_seed51_20260831_211429_460341.json,382,36,3251,34,34,True,0,False,,3.9114344120025635,{},asymptotic,True,,9,results/bob_realchannel_run_tp0.0_fk0.03_rp0.0_vd0.0_seed51_20260831_211429_460341.json,results/alice_realchannel_run_seed51_20260831_211429_433401.json,unknown,2026-08-31T21:14:33.803342,final_key,0.03,3,0.0026178010471204
0.0,0.01,0.0,0.0,42,results/bob_realchannel_run_tp0.0_fk0.01_rp0.0_vd0.0_seed42_20260831_211434_825496.json,382,36,3251,34,34,True,0,False,,3.4916584491729736,{},asymptotic,True,,0,results/bob_realchannel_run_tp0.0_fk0.01_rp0.0_vd0.0_seed42_20260831_211434_825496.json,results/alice_realchannel_run_seed42_20260831_211434_835535.json,unknown,2026-08-31T21:14:38.771937,final_key,0.01,3,0.0026178010471204
0.0,0.01,0.0,0.0,43,results/bob_realchannel_run_tp0.0_fk0.01_rp0.0_vd0.0_seed43_20260831_211439_784277.json,382,36,3251,34,34,True,0,False,,4.108231782913208,{},asymptotic,True,,1,results/bob_realchannel_run_tp0.0_fk0.01_rp0.0_vd0.0_seed43_20260831_211439_784277.json,results/alice_realchannel_run_seed43_20260831_211439_782205.json,unknown,2026-08-31T21:14:44.341916,final_key,0.01,3,0.0026178010471204
0.0,0.01,0.0,0.0,44,results/bob_realchannel_run_tp0.0_fk0.01_rp0.0_vd0.0_seed44_20260831_211445_351599.json,382,36,3251,34,34,True,0,False,,4.377185821533203,{},asymptotic,True,,2,results/bob_realchannel_run_tp0.0_fk0.01_rp0.0_vd0.0_seed44_20260831_211445_351599.json,results/alice_realchannel_run_seed44_20260831_211445_380188.json,unknown,2026-08-31T21:14:50.193097,final_key,0.01,3,0.0026178010471204
0.0,0.01,0.0,0.0,45,results/bob_realchannel_run_tp0.0_fk0.01_rp0.0_vd0.0_seed45_20260831_211451_220482.json,382,36,3251,34,34,True,0,False,,3.191310167312622,{},asymptotic,True,,3,results/bob_realchannel_run_tp0.0_fk0.01_rp0.0_vd0.0_seed45_20260831_211451_220482.json,results/alice_realchannel_run_seed45_20260831_211451_218875.json,unknown,2026-08-31T21:14:54.849782,final_key,0.01,3,0.0026178010471204
0.0,0.01,0.0,0.0,46,results/bob_realchannel_run_tp0.0_fk0.01_rp0.0_vd0.0_seed46_20260831_211455_868158.json,382,36,3251,34,34,True,0,False,,2.948216438293457,{},asymptotic,True,,4,results/bob_realchannel_run_tp0.0_fk0.01_rp0.0_vd0.0_seed46_20260831_211455_868158.json,results/alice_realchannel_run_seed46_20260831_211455_879630.json,unknown,2026-08-31T21:14:59.288531,final_key,0.01,3,0.0026178010471204
0.0,0.01,0.0,0.0,47,results/bob_realchannel_run_tp0.0_fk0.01_rp0.0_vd0.0_seed47_20260831_211500_313579.json,382,36,3251,34,34,True,0,False,,3.22649884223938,{},asymptotic,True,,5,results/bob_realchannel_run_tp0.0_fk0.01_rp0.0_vd0.0_seed47_20260831_211500_313579.json,results/alice_realchannel_run_seed47_20260831_211500_321281.json,unknown,2026-08-31T21:15:03.964324,final_key,0.01,3,0.0026178010471204
0.0,0.01,0.0,0.0,48,results/bob_realchannel_run_tp0.0_fk0.01_rp0.0_vd0.0_seed48_20260831_211504_979631.json,382,36,3251,34,34,True,0,False,,3.460730791091919,{},asymptotic,True,,6,results/bob_realchannel_run_tp0.0_fk0.01_rp0.0_vd0.0_seed48_20260831_211504_979631.json,results/alice_realchannel_run_seed48_20260831_211504_975003.json,unknown,2026-08-31T21:15:08.910300,final_key,0.01,3,0.0026178010471204
0.0,0.01,0.0,0.0,49,results/bob_realchannel_run_tp0.0_fk0.01_rp0.0_vd0.0_seed49_20260831_211509_939757.json,382,36,3251,34,34,True,0,False,,3.484017848968506,{},asymptotic,True,,7,results/bob_realchannel_run_tp0.0_fk0.01_rp0.0_vd0.0_seed49_20260831_211509_939757.json,results/alice_realchannel_run_seed49_20260831_211509_950826.json,unknown,2026-08-31T21:15:13.884244,final_key,0.01,3,0.0026178010471204
0.0,0.01,0.0,0.0,50,results/bob_realchannel_run_tp0.0_fk0.01_rp0.0_vd0.0_seed50_20260831_211514_905366.json,382,36,3251,34,34,True,0,False,,3.590768814086914,{},asymptotic,True,,8,results/bob_realchannel_run_tp0.0_fk0.01_rp0.0_vd0.0_seed50_20260831_211514_905366.json,results/alice_realchannel_run_seed50_20260831_211514_924157.json,unknown,2026-08-31T21:15:18.970233,final_key,0.01,3,0.0026178010471204
0.0,0.01,0.0,0.0,51,results/bob_realchannel_run_tp0.0_fk0.01_rp0.0_vd0.0_seed51_20260831_211520_100841.json,382,36,3251,34,34,True,0,False,,3.894965648651123,{},asymptotic,True,,9,results/bob_realchannel_run_tp0.0_fk0.01_rp0.0_vd0.0_seed51_20260831_211520_100841.json,results/alice_realchannel_run_seed51_20260831_211520_017501.json,unknown,2026-08-31T21:15:24.434582,final_key,0.01,3,0.0026178010471204
0.0,0.003,0.0,0.0,42,results/bob_realchannel_run_tp0.0_fk0.003_rp0.0_vd0.0_seed42_20260831_211525_639000.json,382,36,3251,34,34,True,0,False,,4.877386093139648,{},asymptotic,True,,0,results/bob_realchannel_run_tp0.0_fk0.003_rp0.0_vd0.0_seed42_20260831_211525_639000.json,results/alice_realchannel_run_seed42_20260831_211525_469576.json,unknown,2026-08-31T21:15:30.988256,final_key,0.003,3,0.0026178010471204
0.0,0.003,0.0,0.0,43,results/bob_realchannel_run_tp0.0_fk0.003_rp0.0_vd0.0_seed43_20260831_211532_046141.json,382,36,3251,34,34,True,0,False,,5.605877637863159,{},asymptotic,True,,1,results/bob_realchannel_run_tp0.0_fk0.003_rp0.0_vd0.0_seed43_20260831_211532_046141.json,results/alice_realchannel_run_seed43_20260831_211531_986256.json,unknown,2026-08-31T21:15:38.085482,final_key,0.003,3,0.0026178010471204
0.0,0.003,0.0,0.0,44,results/bob_realchannel_run_tp0.0_fk0.003_rp0.0_vd0.0_seed44_20260831_211539_145057.json,382,36,3251,34,34,True,0,False,,4.670836925506592,{},asymptotic,True,,2,results/bob_realchannel_run_tp0.0_fk0.003_rp0.0_vd0.0_seed44_20260831_211539_145057.json,results/alice_realchannel_run_seed44_20260831_211539_089675.json,unknown,2026-08-31T21:15:44.249089,final_key,0.003,3,0.0026178010471204
0.0,0.003,0.0,0.0,45,results/bob_realchannel_run_tp0.0_fk0.003_rp0.0_vd0.0_seed45_20260831_211545_265675.json,382,36,3251,34,34,True,0,False,,5.4343554973602295,{},asymptotic,True,,3,results/bob_realchannel_run_tp0.0_fk0.003_rp0.0_vd0.0_seed45_20260831_211545_265675.json,results/alice_realchannel_run_seed45_20260831_211545_252549.json,unknown,2026-08-31T21:15:51.131526,final_key,0.003,3,0.0026178010471204
0.0,0.003,0.0,0.0,46,results/bob_realchannel_run_tp0.0_fk0.003_rp0.0_vd0.0_seed46_20260831_211552_148293.json,382,36,3251,34,34,True,0,False,,2.9722402095794678,{},asymptotic,True,,4,results/bob_realchannel_run_tp0.0_fk0.003_rp0.0_vd0.0_seed46_20260831_211552_148293.json,results/alice_realchannel_run_seed46_20260831_211552_184231.json,unknown,2026-08-31T21:15:55.655657,final_key,0.003,3,0.0026178010471204
0.0,0.003,0.0,0.0,47,results/bob_realchannel_run_tp0.0_fk0.003_rp0.0_vd0.0_seed47_20260831_211556_660756.json,382,36,3251,34,34,True,0,False,,1.7835297584533691,{},asymptotic,True,,5,results/bob_realchannel_run_tp0.0_fk0.003_rp0.0_vd0.0_seed47_20260831_211556_660756.json,results/alice_realchannel_run_seed47_20260831_211556_663326.json,unknown,2026-08-31T21:15:58.880300,final_key,0.003,3,0.0026178010471204
0.0,0.003,0.0,0.0,48,results/bob_realchannel_run_tp0.0_fk0.003_rp0.0_vd0.0_seed48_20260831_211559_908289.json,382,36,3251,34,34,True,0,False,,4.083538770675659,{},asymptotic,True,,6,results/bob_realchannel_run_tp0.0_fk0.003_rp0.0_vd0.0_seed48_20260831_211559_908289.json,results/alice_realchannel_run_seed48_20260831_211559_891648.json,unknown,2026-08-31T21:16:04.405636,final_key,0.003,3,0.0026178010471204
0.0,0.003,0.0,0.0,49,results/bob_realchannel_run_tp0.0_fk0.003_rp0.0_vd0.0_seed49_20260831_211605_418236.json,382,36,3251,34,34,True,0,False,,3.477638006210327,{},asymptotic,True,,7,results/bob_realchannel_run_tp0.0_fk0.003_rp0.0_vd0.0_seed49_20260831_211605_418236.json,results/alice_realchannel_run_seed49_20260831_211605_418626.json,unknown,2026-08-31T21:16:09.305900,final_key,0.003,3,0.0026178010471204
0.0,0.003,0.0,0.0,50,results/bob_realchannel_run_tp0.0_fk0.003_rp0.0_vd0.0_seed50_20260831_211610_317651.json,382,36,3251,34,34,True,0,False,,3.5663135051727295,{},asymptotic,True,,8,results/bob_realchannel_run_tp0.0_fk0.003_rp0.0_vd0.0_seed50_20260831_211610_317651.json,results/alice_realchannel_run_seed50_20260831_211610_317173.json,unknown,2026-08-31T21:16:14.291774,final_key,0.003,3,0.0026178010471204
0.0,0.003,0.0,0.0,51,results/bob_realchannel_run_tp0.0_fk0.003_rp0.0_vd0.0_seed51_20260831_211615_299569.json,382,36,3251,34,34,True,0,False,,3.292459011077881,{},asymptotic,True,,9,results/bob_realchannel_run_tp0.0_fk0.003_rp0.0_vd0.0_seed51_20260831_211615_299569.json,results/alice_realchannel_run_seed51_20260831_211615_303514.json,unknown,2026-08-31T21:16:19.028426,final_key,0.003,3,0.0026178010471204
0.0,0.001,0.0,0.0,42,results/bob_realchannel_run_tp0.0_fk0.001_rp0.0_vd0.0_seed42_20260831_211620_042991.json,382,36,3251,34,34,True,0,False,,3.4891090393066406,{},asymptotic,True,,0,results/bob_realchannel_run_tp0.0_fk0.001_rp0.0_vd0.0_seed42_20260831_211620_042991.json,results/alice_realchannel_run_seed42_20260831_211620_055610.json,unknown,2026-08-31T21:16:24.001359,final_key,0.001,3,0.0026178010471204
0.0,0.001,0.0,0.0,43,results/bob_realchannel_run_tp0.0_fk0.001_rp0.0_vd0.0_seed43_20260831_211625_008171.json,382,36,3251,34,34,True,0,False,,3.656026601791382,{},asymptotic,True,,1,results/bob_realchannel_run_tp0.0_fk0.001_rp0.0_vd0.0_seed43_20260831_211625_008171.json,results/alice_realchannel_run_seed43_20260831_211625_003846.json,unknown,2026-08-31T21:16:29.094837,final_key,0.001,3,0.0026178010471204
0.0,0.001,0.0,0.0,44,results/bob_realchannel_run_tp0.0_fk0.001_rp0.0_vd0.0_seed44_20260831_211630_111127.json,382,36,3251,34,34,True,0,False,,4.365281343460083,{},asymptotic,True,,2,results/bob_realchannel_run_tp0.0_fk0.001_rp0.0_vd0.0_seed44_20260831_211630_111127.json,results/alice_realchannel_run_seed44_20260831_211630_113909.json,unknown,2026-08-31T21:16:34.927136,final_key,0.001,3,0.0026178010471204
0.0,0.001,0.0,0.0,45,results/bob_realchannel_run_tp0.0_fk0.001_rp0.0_vd0.0_seed45_20260831_211635_945303.json,382,36,3251,34,34,True,0,False,,4.714836597442627,{},asymptotic,True,,3,results/bob_realchannel_run_tp0.0_fk0.001_rp0.0_vd0.0_seed45_20260831_211635_945303.json,results/alice_realchannel_run_seed45_20260831_211635_926800.json,unknown,2026-08-31T21:16:41.093476,final_key,0.001,3,0.0026178010471204
0.0,0.001,0.0,0.0,46,results/bob_realchannel_run_tp0.0_fk0.001_rp0.0_vd0.0_seed46_20260831_211642_102920.json,382,36,3251,34,34,True,0,False,,3.409209966659546,{},asymptotic,True,,4,results/bob_realchannel_run_tp0.0_fk0.001_rp0.0_vd0.0_seed46_20260831_211642_102920.json,results/alice_realchannel_run_seed46_20260831_211642_117884.json,unknown,2026-08-31T21:16:45.959792,final_key,0.001,3,0.0026178010471204
0.0,0.001,0.0,0.0,47,results/bob_realchannel_run_tp0.0_fk0.001_rp0.0_vd0.0_seed47_20260831_211646_966707.json,382,36,3251,34,34,True,0,False,,2.761772632598877,{},asymptotic,True,,5,results/bob_realchannel_run_tp0.0_fk0.001_rp0.0_vd0.0_seed47_20260831_211646_966707.json,results/alice_realchannel_run_seed47_20260831_211646_964005.json,unknown,2026-08-31T21:16:50.160949,final_key,0.001,3,0.0026178010471204
0.0,0.001,0.0,0.0,48,results/bob_realchannel_run_tp0.0_fk0.001_rp0.0_vd0.0_seed48_20260831_211651_171818.json,382,36,3251,34,34,True,0,False,,3.936716079711914,{},asymptotic,True,,6,results/bob_realchannel_run_tp0.0_fk0.001_rp0.0_vd0.0_seed48_20260831_211651_171818.json,results/alice_realchannel_run_seed48_20260831_211651_182472.json,unknown,2026-08-31T21:16:55.568730,final_key,0.001,3,0.0026178010471204
0.0,0.001,0.0,0.0,49,results/bob_realchannel_run_tp0.0_fk0.001_rp0.0_vd0.0_seed49_20260831_211656_621062.json,382,36,3251,34,34,True,0,False,,5.458750486373901,{},asymptotic,True,,7,results/bob_realchannel_run_tp0.0_fk0.001_rp0.0_vd0.0_seed49_20260831_211656_621062.json,results/alice_realchannel_run_seed49_20260831_211656_580364.json,unknown,2026-08-31T21:17:02.489268,final_key,0.001,3,0.0026178010471204
0.0,0.001,0.0,0.0,50,results/bob_realchannel_run_tp0.0_fk0.001_rp0.0_vd0.0_seed50_20260831_211703_502640.json,382,36,3251,34,34,True,0,False,,3.1132559776306152,{},asymptotic,True,,8,results/bob_realchannel_run_tp0.0_fk0.001_rp0.0_vd0.0_seed50_20260831_211703_502640.json,results/alice_realchannel_run_seed50_20260831_211703_498983.json,unknown,2026-08-31T21:17:07.046079,final_key,0.001,3,0.0026178010471204
0.0,0.001,0.0,0.0,51,results/bob_realchannel_run_tp0.0_fk0.001_rp0.0_vd0.0_seed51_20260831_211708_058638.json,382,36,3251,34,34,True,0,False,,3.285494804382324,{},asymptotic,True,,9,results/bob_realchannel_run_tp0.0_fk0.001_rp0.0_vd0.0_seed51_20260831_211708_058638.json,results/alice_realchannel_run_seed51_20260831_211708_056151.json,unknown,2026-08-31T21:17:11.777402,final_key,0.001,3,0.0026178010471204
0.0,0.5,0.0,0.0,42,results/bob_realchannel_run_tp0.0_fk0.5_rp0.0_vd0.0_seed42_20260831_214101_652516.json,385,35,3131,34,34,True,0,False,,2.3085412979125977,{},asymptotic,True,,0,results/bob_realchannel_run_tp0.0_fk0.5_rp0.0_vd0.0_seed42_20260831_214101_652516.json,results/alice_realchannel_run_seed42_20260831_214101_692128.json,unknown,2026-08-31T21:41:04.411405,final_key,0.5,4,0.0051948051948051
0.0,0.5,0.0,0.0,43,results/bob_realchannel_run_tp0.0_fk0.5_rp0.0_vd0.0_seed43_20260831_214105_412866.json,385,35,3131,34,34,True,0,False,,2.632948398590088,{'final_key': 1},asymptotic,False,,1,results/bob_realchannel_run_tp0.0_fk0.5_rp0.0_vd0.0_seed43_20260831_214105_412866.json,results/alice_realchannel_run_seed43_20260831_214105_415502.json,unknown,2026-08-31T21:41:08.455735,final_key,0.5,4,0.0051948051948051
0.0,0.5,0.0,0.0,44,results/bob_realchannel_run_tp0.0_fk0.5_rp0.0_vd0.0_seed44_20260831_214109_454188.json,385,35,3131,34,34,True,0,False,,3.014537811279297,{'final_key': 1},asymptotic,False,,2,results/bob_realchannel_run_tp0.0_fk0.5_rp0.0_vd0.0_seed44_20260831_214109_454188.json,results/alice_realchannel_run_seed44_20260831_214109_464642.json,unknown,2026-08-31T21:41:12.887293,final_key,0.5,4,0.0051948051948051
0.0,0.5,0.0,0.0,45,results/bob_realchannel_run_tp0.0_fk0.5_rp0.0_vd0.0_seed45_20260831_214113_881841.json,385,35,3131,34,34,True,0,False,,2.595369338989258,{},asymptotic,True,,3,results/bob_realchannel_run_tp0.0_fk0.5_rp0.0_vd0.0_seed45_20260831_214113_881841.json,results/alice_realchannel_run_seed45_20260831_214113_901152.json,unknown,2026-08-31T21:41:16.938282,final_key,0.5,4,0.0051948051948051
0.0,0.5,0.0,0.0,46,results/bob_realchannel_run_tp0.0_fk0.5_rp0.0_vd0.0_seed46_20260831_214117_942394.json,385,35,3131,34,34,True,0,False,,2.194531202316284,{},asymptotic,True,,4,results/bob_realchannel_run_tp0.0_fk0.5_rp0.0_vd0.0_seed46_20260831_214117_942394.json,results/alice_realchannel_run_seed46_20260831_214117_942564.json,unknown,2026-08-31T21:41:20.587834,final_key,0.5,4,0.0051948051948051
0.0,0.5,0.0,0.0,47,results/bob_realchannel_run_tp0.0_fk0.5_rp0.0_vd0.0_seed47_20260831_214121_583322.json,385,35,3131,34,34,True,0,False,,2.0138349533081055,{},asymptotic,True,,5,results/bob_realchannel_run_tp0.0_fk0.5_rp0.0_vd0.0_seed47_20260831_214121_583322.json,results/alice_realchannel_run_seed47_20260831_214121_603463.json,unknown,2026-08-31T21:41:24.075467,final_key,0.5,4,0.0051948051948051
0.0,0.5,0.0,0.0,48,results/bob_realchannel_run_tp0.0_fk0.5_rp0.0_vd0.0_seed48_20260831_214125_075567.json,385,35,3131,34,34,True,0,False,,3.1099891662597656,{'final_key': 1},asymptotic,False,,6,results/bob_realchannel_run_tp0.0_fk0.5_rp0.0_vd0.0_seed48_20260831_214125_075567.json,results/alice_realchannel_run_seed48_20260831_214125_076438.json,unknown,2026-08-31T21:41:28.615527,final_key,0.5,4,0.0051948051948051
0.0,0.5,0.0,0.0,49,results/bob_realchannel_run_tp0.0_fk0.5_rp0.0_vd0.0_seed49_20260831_214129_627768.json,385,33,3131,34,34,False,2,False,,4.497810363769531,{},asymptotic,False,,7,results/bob_realchannel_run_tp0.0_fk0.5_rp0.0_vd0.0_seed49_20260831_214129_627768.json,results/alice_realchannel_run_seed49_20260831_214129_606490.json,unknown,2026-08-31T21:41:34.529850,final_key,0.5,4,0.0051948051948051
0.0,0.5,0.0,0.0,50,results/bob_realchannel_run_tp0.0_fk0.5_rp0.0_vd0.0_seed50_20260831_214135_522867.json,385,35,3131,34,34,True,0,False,,3.0098867416381836,{},asymptotic,True,,8,results/bob_realchannel_run_tp0.0_fk0.5_rp0.0_vd0.0_seed50_20260831_214135_522867.json,results/alice_realchannel_run_seed50_20260831_214135_526679.json,unknown,2026-08-31T21:41:38.967781,final_key,0.5,4,0.0051948051948051
0.0,0.5,0.0,0.0,51,results/bob_realchannel_run_tp0.0_fk0.5_rp0.0_vd0.0_seed51_20260831_214139_963661.json,385,35,3131,34,34,True,0,False,,4.773311614990234,{},asymptotic,True,,9,results/bob_realchannel_run_tp0.0_fk0.5_rp0.0_vd0.0_seed51_20260831_214139_963661.json,results/alice_realchannel_run_seed51_20260831_214139_958628.json,unknown,2026-08-31T21:41:45.128130,final_key,0.5,4,0.0051948051948051
0.0,0.3,0.0,0.0,42,results/bob_realchannel_run_tp0.0_fk0.3_rp0.0_vd0.0_seed42_20260831_214146_302923.json,385,35,3131,34,34,True,0,False,,4.5616395473480225,{},asymptotic,True,,0,results/bob_realchannel_run_tp0.0_fk0.3_rp0.0_vd0.0_seed42_20260831_214146_302923.json,results/alice_realchannel_run_seed42_20260831_214146_128912.json,unknown,2026-08-31T21:41:51.293379,final_key,0.3,4,0.0051948051948051
0.0,0.3,0.0,0.0,43,results/bob_realchannel_run_tp0.0_fk0.3_rp0.0_vd0.0_seed43_20260831_214152_306391.json,385,35,3131,34,34,True,0,False,,2.622328758239746,{},asymptotic,True,,1,results/bob_realchannel_run_tp0.0_fk0.3_rp0.0_vd0.0_seed43_20260831_214152_306391.json,results/alice_realchannel_run_seed43_20260831_214152_302954.json,unknown,2026-08-31T21:41:55.334121,final_key,0.3,4,0.0051948051948051
0.0,0.3,0.0,0.0,44,results/bob_realchannel_run_tp0.0_fk0.3_rp0.0_vd0.0_seed44_20260831_214156_341809.json,385,35,3131,34,34,True,0,False,,3.2066214084625244,{'final_key': 1},asymptotic,False,,2,results/bob_realchannel_run_tp0.0_fk0.3_rp0.0_vd0.0_seed44_20260831_214156_341809.json,results/alice_realchannel_run_seed44_20260831_214156_354038.json,unknown,2026-08-31T21:41:59.936949,final_key,0.3,4,0.0051948051948051
0.0,0.3,0.0,0.0,45,results/bob_realchannel_run_tp0.0_fk0.3_rp0.0_vd0.0_seed45_20260831_214200_956668.json,385,35,3131,34,34,True,0,False,,4.555800437927246,{},asymptotic,True,,3,results/bob_realchannel_run_tp0.0_fk0.3_rp0.0_vd0.0_seed45_20260831_214200_956668.json,results/alice_realchannel_run_seed45_20260831_214200_925074.json,unknown,2026-08-31T21:42:05.900929,final_key,0.3,4,0.0051948051948051
0.0,0.3,0.0,0.0,46,results/bob_realchannel_run_tp0.0_fk0.3_rp0.0_vd0.0_seed46_20260831_214206_899873.json,385,35,3131,34,34,True,0,False,,4.640822649002075,{},asymptotic,True,,4,results/bob_realchannel_run_tp0.0_fk0.3_rp0.0_vd0.0_seed46_20260831_214206_899873.json,results/alice_realchannel_run_seed46_20260831_214206_891079.json,unknown,2026-08-31T21:42:11.913671,final_key,0.3,4,0.0051948051948051
0.0,0.3,0.0,0.0,47,results/bob_realchannel_run_tp0.0_fk0.3_rp0.0_vd0.0_seed47_20260831_214212_915629.json,385,35,3131,34,34,True,0,False,,4.437301874160767,{},asymptotic,True,,5,results/bob_realchannel_run_tp0.0_fk0.3_rp0.0_vd0.0_seed47_20260831_214212_915629.json,results/alice_realchannel_run_seed47_20260831_214212_903557.json,unknown,2026-08-31T21:42:17.725780,final_key,0.3,4,0.0051948051948051
0.0,0.3,0.0,0.0,48,results/bob_realchannel_run_tp0.0_fk0.3_rp0.0_vd0.0_seed48_20260831_214218_732460.json,385,35,3131,34,34,True,0,False,,3.7755637168884277,{'final_key': 1},asymptotic,False,,6,results/bob_realchannel_run_tp0.0_fk0.3_rp0.0_vd0.0_seed48_20260831_214218_732460.json,results/alice_realchannel_run_seed48_20260831_214218_713999.json,unknown,2026-08-31T21:42:22.878419,final_key,0.3,4,0.0051948051948051
0.0,0.3,0.0,0.0,49,results/bob_realchannel_run_tp0.0_fk0.3_rp0.0_vd0.0_seed49_20260831_214223_884044.json,385,33,3131,34,34,False,2,False,,4.040554046630859,{},asymptotic,False,,7,results/bob_realchannel_run_tp0.0_fk0.3_rp0.0_vd0.0_seed49_20260831_214223_884044.json,results/alice_realchannel_run_seed49_20260831_214223_864076.json,unknown,2026-08-31T21:42:28.321150,final_key,0.3,4,0.0051948051948051
0.0,0.3,0.0,0.0,50,results/bob_realchannel_run_tp0.0_fk0.3_rp0.0_vd0.0_seed50_20260831_214229_318150.json,385,35,3131,34,34,True,0,False,,5.010870456695557,{},asymptotic,True,,8,results/bob_realchannel_run_tp0.0_fk0.3_rp0.0_vd0.0_seed50_20260831_214229_318150.json,results/alice_realchannel_run_seed50_20260831_214229_309288.json,unknown,2026-08-31T21:42:34.717077,final_key,0.3,4,0.0051948051948051
0.0,0.3,0.0,0.0,51,results/bob_realchannel_run_tp0.0_fk0.3_rp0.0_vd0.0_seed51_20260831_214235_743865.json,385,35,3131,34,34,True,0,False,,3.337242603302002,{},asymptotic,True,,9,results/bob_realchannel_run_tp0.0_fk0.3_rp0.0_vd0.0_seed51_20260831_214235_743865.json,results/alice_realchannel_run_seed51_20260831_214235_703496.json,unknown,2026-08-31T21:42:39.469824,final_key,0.3,4,0.0051948051948051
0.0,0.1,0.0,0.0,42,results/bob_realchannel_run_tp0.0_fk0.1_rp0.0_vd0.0_seed42_20260831_214240_469685.json,385,35,3131,34,34,True,0,False,,3.8154823780059814,{},asymptotic,True,,0,results/bob_realchannel_run_tp0.0_fk0.1_rp0.0_vd0.0_seed42_20260831_214240_469685.json,results/alice_realchannel_run_seed42_20260831_214240_454139.json,unknown,2026-08-31T21:42:44.674806,final_key,0.1,4,0.0051948051948051
0.0,0.1,0.0,0.0,43,results/bob_realchannel_run_tp0.0_fk0.1_rp0.0_vd0.0_seed43_20260831_214245_681614.json,385,35,3131,34,34,True,0,False,,4.6199963092803955,{},asymptotic,True,,1,results/bob_realchannel_run_tp0.0_fk0.1_rp0.0_vd0.0_seed43_20260831_214245_681614.json,results/alice_realchannel_run_seed43_20260831_214245_657150.json,unknown,2026-08-31T21:42:50.702002,final_key,0.1,4,0.0051948051948051
0.0,0.1,0.0,0.0,44,results/bob_realchannel_run_tp0.0_fk0.1_rp0.0_vd0.0_seed44_20260831_214251_717848.json,385,35,3131,34,34,True,0,False,,5.1829140186309814,{'final_key': 1},asymptotic,False,,2,results/bob_realchannel_run_tp0.0_fk0.1_rp0.0_vd0.0_seed44_20260831_214251_717848.json,results/alice_realchannel_run_seed44_20260831_214251_690219.json,unknown,2026-08-31T21:42:57.288807,final_key,0.1,4,0.0051948051948051
0.0,0.1,0.0,0.0,45,results/bob_realchannel_run_tp0.0_fk0.1_rp0.0_vd0.0_seed45_20260831_214258_293206.json,385,35,3131,34,34,True,0,False,,4.57156777381897,{},asymptotic,True,,3,results/bob_realchannel_run_tp0.0_fk0.1_rp0.0_vd0.0_seed45_20260831_214258_293206.json,results/alice_realchannel_run_seed45_20260831_214258_274717.json,unknown,2026-08-31T21:43:03.314481,final_key,0.1,4,0.0051948051948051
0.0,0.1,0.0,0.0,46,results/bob_realchannel_run_tp0.0_fk0.1_rp0.0_vd0.0_seed46_20260831_214304_523488.json,385,35,3131,34,34,True,0,False,,4.665221691131592,{},asymptotic,True,,4,results/bob_realchannel_run_tp0.0_fk0.1_rp0.0_vd0.0_seed46_20260831_214304_523488.json,results/alice_realchannel_run_seed46_20260831_214304_318883.json,unknown,2026-08-31T21:43:09.586417,final_key,0.1,4,0.0051948051948051
0.0,0.1,0.0,0.0,47,results/bob_realchannel_run_tp0.0_fk0.1_rp0.0_vd0.0_seed47_20260831_214310_597128.json,385,35,3131,34,34,True,0,False,,4.431821584701538,{},asymptotic,True,,5,results/bob_realchannel_run_tp0.0_fk0.1_rp0.0_vd0.0_seed47_20260831_214310_597128.json,results/alice_realchannel_run_seed47_20260831_214310_575225.json,unknown,2026-08-31T21:43:15.416708,final_key,0.1,4,0.0051948051948051
0.0,0.1,0.0,0.0,48,results/bob_realchannel_run_tp0.0_fk0.1_rp0.0_vd0.0_seed48_20260831_214316_424266.json,385,35,3131,34,34,True,0,False,,5.108743190765381,{},asymptotic,True,,6,results/bob_realchannel_run_tp0.0_fk0.1_rp0.0_vd0.0_seed48_20260831_214316_424266.json,results/alice_realchannel_run_seed48_20260831_214316_407996.json,unknown,2026-08-31T21:43:21.923174,final_key,0.1,4,0.0051948051948051
0.0,0.1,0.0,0.0,49,results/bob_realchannel_run_tp0.0_fk0.1_rp0.0_vd0.0_seed49_20260831_214322_919068.json,385,33,3131,34,34,False,2,False,,2.4982523918151855,{},asymptotic,False,,7,results/bob_realchannel_run_tp0.0_fk0.1_rp0.0_vd0.0_seed49_20260831_214322_919068.json,results/alice_realchannel_run_seed49_20260831_214322_915594.json,unknown,2026-08-31T21:43:25.816162,final_key,0.1,4,0.0051948051948051
0.0,0.1,0.0,0.0,50,results/bob_realchannel_run_tp0.0_fk0.1_rp0.0_vd0.0_seed50_20260831_214326_815141.json,385,35,3131,34,34,True,0,False,,4.561681270599365,{},asymptotic,True,,8,results/bob_realchannel_run_tp0.0_fk0.1_rp0.0_vd0.0_seed50_20260831_214326_815141.json,results/alice_realchannel_run_seed50_20260831_214326_803121.json,unknown,2026-08-31T21:43:31.765747,final_key,0.1,4,0.0051948051948051
0.0,0.1,0.0,0.0,51,results/bob_realchannel_run_tp0.0_fk0.1_rp0.0_vd0.0_seed51_20260831_214332_774896.json,385,35,3131,34,34,True,0,False,,3.1781094074249268,{},asymptotic,True,,9,results/bob_realchannel_run_tp0.0_fk0.1_rp0.0_vd0.0_seed51_20260831_214332_774896.json,results/alice_realchannel_run_seed51_20260831_214332_760224.json,unknown,2026-08-31T21:43:36.396685,final_key,0.1,4,0.0051948051948051
0.0,0.05,0.0,0.0,42,results/bob_realchannel_run_tp0.0_fk0.05_rp0.0_vd0.0_seed42_20260831_214337_395391.json,385,35,3131,34,34,True,0,False,,4.729221343994141,{},asymptotic,True,,0,results/bob_realchannel_run_tp0.0_fk0.05_rp0.0_vd0.0_seed42_20260831_214337_395391.json,results/alice_realchannel_run_seed42_20260831_214337_388693.json,unknown,2026-08-31T21:43:42.514146,final_key,0.05,4,0.0051948051948051
0.0,0.05,0.0,0.0,43,results/bob_realchannel_run_tp0.0_fk0.05_rp0.0_vd0.0_seed43_20260831_214343_520517.json,385,35,3131,34,34,True,0,False,,2.6328125,{},asymptotic,True,,1,results/bob_realchannel_run_tp0.0_fk0.05_rp0.0_vd0.0_seed43_20260831_214343_520517.json,results/alice_realchannel_run_seed43_20260831_214343_526519.json,unknown,2026-08-31T21:43:46.554495,final_key,0.05,4,0.0051948051948051
0.0,0.05,0.0,0.0,44,results/bob_realchannel_run_tp0.0_fk0.05_rp0.0_vd0.0_seed44_20260831_214347_550788.json,385,35,3131,34,34,True,0,False,,1.885786771774292,{'final_key': 1},asymptotic,False,,2,results/bob_realchannel_run_tp0.0_fk0.05_rp0.0_vd0.0_seed44_20260831_214347_550788.json,results/alice_realchannel_run_seed44_20260831_214347_561592.json,unknown,2026-08-31T21:43:49.835221,final_key,0.05,4,0.0051948051948051
0.0,0.05,0.0,0.0,45,results/bob_realchannel_run_tp0.0_fk0.05_rp0.0_vd0.0_seed45_20260831_214350_833728.json,385,35,3131,34,34,True,0,False,,2.598968029022217,{},asymptotic,True,,3,results/bob_realchannel_run_tp0.0_fk0.05_rp0.0_vd0.0_seed45_20260831_214350_833728.json,results/alice_realchannel_run_seed45_20260831_214350_851154.json,unknown,2026-08-31T21:43:53.827013,final_key,0.05,4,0.0051948051948051
0.0,0.05,0.0,0.0,46,results/bob_realchannel_run_tp0.0_fk0.05_rp0.0_vd0.0_seed46_20260831_214354_820418.json,385,35,3131,34,34,True,0,False,,4.644475698471069,{},asymptotic,True,,4,results/bob_realchannel_run_tp0.0_fk0.05_rp0.0_vd0.0_seed46_20260831_214354_820418.json,results/alice_realchannel_run_seed46_20260831_214354_809120.json,unknown,2026-08-31T21:43:59.851636,final_key,0.05,4,0.0051948051948051
0.0,0.05,0.0,0.0,47,results/bob_realchannel_run_tp0.0_fk0.05_rp0.0_vd0.0_seed47_20260831_214400_852281.json,385,35,3131,34,34,True,0,False,,2.444751501083374,{},asymptotic,True,,5,results/bob_realchannel_run_tp0.0_fk0.05_rp0.0_vd0.0_seed47_20260831_214400_852281.json,results/alice_realchannel_run_seed47_20260831_214400_854215.json,unknown,2026-08-31T21:44:03.692513,final_key,0.05,4,0.0051948051948051
0.0,0.05,0.0,0.0,48,results/bob_realchannel_run_tp0.0_fk0.05_rp0.0_vd0.0_seed48_20260831_214404_682542.json,385,35,3131,34,34,True,0,False,,3.7937052249908447,{},asymptotic,True,,6,results/bob_realchannel_run_tp0.0_fk0.05_rp0.0_vd0.0_seed48_20260831_214404_682542.json,results/alice_realchannel_run_seed48_20260831_214404_675106.json,unknown,2026-08-31T21:44:08.863825,final_key,0.05,4,0.0051948051948051
0.0,0.05,0.0,0.0,49,results/bob_realchannel_run_tp0.0_fk0.05_rp0.0_vd0.0_seed49_20260831_214409_865776.json,385,33,3131,34,34,False,2,False,,3.7909979820251465,{},asymptotic,False,,7,results/bob_realchannel_run_tp0.0_fk0.05_rp0.0_vd0.0_seed49_20260831_214409_865776.json,results/alice_realchannel_run_seed49_20260831_214409_853494.json,unknown,2026-08-31T21:44:14.044973,final_key,0.05,4,0.0051948051948051
0.0,0.05,0.0,0.0,50,results/bob_realchannel_run_tp0.0_fk0.05_rp0.0_vd0.0_seed50_20260831_214415_041540.json,385,35,3131,34,34,True,0,False,,5.003620862960815,{},asymptotic,True,,8,results/bob_realchannel_run_tp0.0_fk0.05_rp0.0_vd0.0_seed50_20260831_214415_041540.json,results/alice_realchannel_run_seed50_20260831_214415_028110.json,unknown,2026-08-31T21:44:20.511857,final_key,0.05,4,0.0051948051948051
0.0,0.05,0.0,0.0,51,results/bob_realchannel_run_tp0.0_fk0.05_rp0.0_vd0.0_seed51_20260831_214421_686881.json,385,35,3131,34,34,True,0,False,,4.593976259231567,{},asymptotic,True,,9,results/bob_realchannel_run_tp0.0_fk0.05_rp0.0_vd0.0_seed51_20260831_214421_686881.json,results/alice_realchannel_run_seed51_20260831_214421_506883.json,unknown,2026-08-31T21:44:26.670503,final_key,0.05,4,0.0051948051948051
0.0,0.03,0.0,0.0,42,results/bob_realchannel_run_tp0.0_fk0.03_rp0.0_vd0.0_seed42_20260831_214427_681378.json,385,35,3131,34,34,True,0,False,,2.743537187576294,{},asymptotic,True,,0,results/bob_realchannel_run_tp0.0_fk0.03_rp0.0_vd0.0_seed42_20260831_214427_681378.json,results/alice_realchannel_run_seed42_20260831_214427_690695.json,unknown,2026-08-31T21:44:30.855817,final_key,0.03,4,0.0051948051948051
0.0,0.03,0.0,0.0,43,results/bob_realchannel_run_tp0.0_fk0.03_rp0.0_vd0.0_seed43_20260831_214431_852555.json,385,35,3131,34,34,True,0,False,,3.7245230674743652,{},asymptotic,True,,1,results/bob_realchannel_run_tp0.0_fk0.03_rp0.0_vd0.0_seed43_20260831_214431_852555.json,results/alice_realchannel_run_seed43_20260831_214431_839723.json,unknown,2026-08-31T21:44:35.952555,final_key,0.03,4,0.0051948051948051
0.0,0.03,0.0,0.0,44,results/bob_realchannel_run_tp0.0_fk0.03_rp0.0_vd0.0_seed44_20260831_214436_942415.json,385,35,3131,34,34,True,0,False,,3.210167169570923,{},asymptotic,True,,2,results/bob_realchannel_run_tp0.0_fk0.03_rp0.0_vd0.0_seed44_20260831_214436_942415.json,results/alice_realchannel_run_seed44_20260831_214436_949230.json,unknown,2026-08-31T21:44:40.582906,final_key,0.03,4,0.0051948051948051
0.0,0.03,0.0,0.0,45,results/bob_realchannel_run_tp0.0_fk0.03_rp0.0_vd0.0_seed45_20260831_214441_585945.json,385,35,3131,34,34,True,0,False,,3.867096424102783,{},asymptotic,True,,3,results/bob_realchannel_run_tp0.0_fk0.03_rp0.0_vd0.0_seed45_20260831_214441_585945.json,results/alice_realchannel_run_seed45_20260831_214441_575953.json,unknown,2026-08-31T21:44:45.855798,final_key,0.03,4,0.0051948051948051
0.0,0.03,0.0,0.0,46,results/bob_realchannel_run_tp0.0_fk0.03_rp0.0_vd0.0_seed46_20260831_214446_873452.json,385,35,3131,34,34,True,0,False,,4.191665410995483,{},asymptotic,True,,4,results/bob_realchannel_run_tp0.0_fk0.03_rp0.0_vd0.0_seed46_20260831_214446_873452.json,results/alice_realchannel_run_seed46_20260831_214446_860497.json,unknown,2026-08-31T21:44:51.464901,final_key,0.03,4,0.0051948051948051
0.0,0.03,0.0,0.0,47,results/bob_realchannel_run_tp0.0_fk0.03_rp0.0_vd0.0_seed47_20260831_214452_469837.json,385,35,3131,34,34,True,0,False,,4.4353227615356445,{},asymptotic,True,,5,results/bob_realchannel_run_tp0.0_fk0.03_rp0.0_vd0.0_seed47_20260831_214452_469837.json,results/alice_realchannel_run_seed47_20260831_214452_449972.json,unknown,2026-08-31T21:44:57.294860,final_key,0.03,4,0.0051948051948051
0.0,0.03,0.0,0.0,48,results/bob_realchannel_run_tp0.0_fk0.03_rp0.0_vd0.0_seed48_20260831_214458_304908.json,385,35,3131,34,34,True,0,False,,4.647996425628662,{},asymptotic,True,,6,results/bob_realchannel_run_tp0.0_fk0.03_rp0.0_vd0.0_seed48_20260831_214458_304908.json,results/alice_realchannel_run_seed48_20260831_214458_284829.json,unknown,2026-08-31T21:45:03.343675,final_key,0.03,4,0.0051948051948051
0.0,0.03,0.0,0.0,49,results/bob_realchannel_run_tp0.0_fk0.03_rp0.0_vd0.0_seed49_20260831_214504_342881.json,385,33,3131,34,34,False,2,False,,4.05793023109436,{},asymptotic,False,,7,results/bob_realchannel_run_tp0.0_fk0.03_rp0.0_vd0.0_seed49_20260831_214504_342881.json,results/alice_realchannel_run_seed49_20260831_214504_332071.json,unknown,2026-08-31T21:45:08.790065,final_key,0.03,4,0.0051948051948051
0.0,0.03,0.0,0.0,50,results/bob_realchannel_run_tp0.0_fk0.03_rp0.0_vd0.0_seed50_20260831_214509_793748.json,385,35,3131,34,34,True,0,False,,4.327924013137817,{},asymptotic,True,,8,results/bob_realchannel_run_tp0.0_fk0.03_rp0.0_vd0.0_seed50_20260831_214509_793748.json,results/alice_realchannel_run_seed50_20260831_214509_780428.json,unknown,2026-08-31T21:45:14.510179,final_key,0.03,4,0.0051948051948051
0.0,0.03,0.0,0.0,51,results/bob_realchannel_run_tp0.0_fk0.03_rp0.0_vd0.0_seed51_20260831_214515_519997.json,385,35,3131,34,34,True,0,False,,4.300523042678833,{},asymptotic,True,,9,results/bob_realchannel_run_tp0.0_fk0.03_rp0.0_vd0.0_seed51_20260831_214515_519997.json,results/alice_realchannel_run_seed51_20260831_214515_496228.json,unknown,2026-08-31T21:45:20.210106,final_key,0.03,4,0.0051948051948051
0.0,0.01,0.0,0.0,42,results/bob_realchannel_run_tp0.0_fk0.01_rp0.0_vd0.0_seed42_20260831_214521_214690.json,385,35,3131,34,34,True,0,False,,4.718770742416382,{},asymptotic,True,,0,results/bob_realchannel_run_tp0.0_fk0.01_rp0.0_vd0.0_seed42_20260831_214521_214690.json,results/alice_realchannel_run_seed42_20260831_214521_203643.json,unknown,2026-08-31T21:45:26.342427,final_key,0.01,4,0.0051948051948051
0.0,0.01,0.0,0.0,43,results/bob_realchannel_run_tp0.0_fk0.01_rp0.0_vd0.0_seed43_20260831_214527_358033.json,385,35,3131,34,34,True,0,False,,2.1710376739501953,{},asymptotic,True,,1,results/bob_realchannel_run_tp0.0_fk0.01_rp0.0_vd0.0_seed43_20260831_214527_358033.json,results/alice_realchannel_run_seed43_20260831_214527_359790.json,unknown,2026-08-31T21:45:29.973331,final_key,0.01,4,0.0051948051948051
0.0,0.01,0.0,0.0,44,results/bob_realchannel_run_tp0.0_fk0.01_rp0.0_vd0.0_seed44_20260831_214531_024440.json,385,35,3131,34,34,True,0,False,,5.16416335105896,{},asymptotic,True,,2,results/bob_realchannel_run_tp0.0_fk0.01_rp0.0_vd0.0_seed44_20260831_214531_024440.json,results/alice_realchannel_run_seed44_20260831_214530_973814.json,unknown,2026-08-31T21:45:36.629284,final_key,0.01,4,0.0051948051948051
0.0,0.01,0.0,0.0,45,results/bob_realchannel_run_tp0.0_fk0.01_rp0.0_vd0.0_seed45_20260831_214537_626561.json,385,35,3131,34,34,True,0,False,,4.578352212905884,{},asymptotic,True,,3,results/bob_realchannel_run_tp0.0_fk0.01_rp0.0_vd0.0_seed45_20260831_214537_626561.json,results/alice_realchannel_run_seed45_20260831_214537_614086.json,unknown,2026-08-31T21:45:42.595353,final_key,0.01,4,0.0051948051948051
0.0,0.01,0.0,0.0,46,results/bob_realchannel_run_tp0.0_fk0.01_rp0.0_vd0.0_seed46_20260831_214543_605933.json,385,35,3131,34,34,True,0,False,,4.643572568893433,{},asymptotic,True,,4,results/bob_realchannel_run_tp0.0_fk0.01_rp0.0_vd0.0_seed46_20260831_214543_605933.json,results/alice_realchannel_run_seed46_20260831_214543_598926.json,unknown,2026-08-31T21:45:48.763360,final_key,0.01,4,0.0051948051948051
0.0,0.01,0.0,0.0,47,results/bob_realchannel_run_tp0.0_fk0.01_rp0.0_vd0.0_seed47_20260831_214549_798484.json,385,35,3131,34,34,True,0,False,,2.438413143157959,{},asymptotic,True,,5,results/bob_realchannel_run_tp0.0_fk0.01_rp0.0_vd0.0_seed47_20260831_214549_798484.json,results/alice_realchannel_run_seed47_20260831_214549_800288.json,unknown,2026-08-31T21:45:52.661024,final_key,0.01,4,0.0051948051948051
0.0,0.01,0.0,0.0,48,results/bob_realchannel_run_tp0.0_fk0.01_rp0.0_vd0.0_seed48_20260831_214553_658904.json,385,35,3131,34,34,True,0,False,,2.4378395080566406,{},asymptotic,True,,6,results/bob_realchannel_run_tp0.0_fk0.01_rp0.0_vd0.0_seed48_20260831_214553_658904.json,results/alice_realchannel_run_seed48_20260831_214553_656722.json,unknown,2026-08-31T21:45:56.532439,final_key,0.01,4,0.0051948051948051
0.0,0.01,0.0,0.0,49,results/bob_realchannel_run_tp0.0_fk0.01_rp0.0_vd0.0_seed49_20260831_214557_530325.json,385,33,3131,34,34,False,2,False,,4.506311655044556,{},asymptotic,False,,7,results/bob_realchannel_run_tp0.0_fk0.01_rp0.0_vd0.0_seed49_20260831_214557_530325.json,results/alice_realchannel_run_seed49_20260831_214557_518725.json,unknown,2026-08-31T21:46:02.428808,final_key,0.01,4,0.0051948051948051
0.0,0.01,0.0,0.0,50,results/bob_realchannel_run_tp0.0_fk0.01_rp0.0_vd0.0_seed50_20260831_214603_424043.json,385,35,3131,34,34,True,0,False,,4.55682635307312,{},asymptotic,True,,8,results/bob_realchannel_run_tp0.0_fk0.01_rp0.0_vd0.0_seed50_20260831_214603_424043.json,results/alice_realchannel_run_seed50_20260831_214603_413622.json,unknown,2026-08-31T21:46:08.353195,final_key,0.01,4,0.0051948051948051
0.0,0.01,0.0,0.0,51,results/bob_realchannel_run_tp0.0_fk0.01_rp0.0_vd0.0_seed51_20260831_214609_350566.json,385,35,3131,34,34,True,0,False,,4.7824623584747314,{},asymptotic,True,,9,results/bob_realchannel_run_tp0.0_fk0.01_rp0.0_vd0.0_seed51_20260831_214609_350566.json,results/alice_realchannel_run_seed51_20260831_214609_340392.json,unknown,2026-08-31T21:46:14.612396,final_key,0.01,4,0.0051948051948051
0.0,0.003,0.0,0.0,42,results/bob_realchannel_run_tp0.0_fk0.003_rp0.0_vd0.0_seed42_20260831_214615_617208.json,385,35,3131,34,34,True,0,False,,4.735677719116211,{},asymptotic,True,,0,results/bob_realchannel_run_tp0.0_fk0.003_rp0.0_vd0.0_seed42_20260831_214615_617208.json,results/alice_realchannel_run_seed42_20260831_214615_602132.json,unknown,2026-08-31T21:46:20.735046,final_key,0.003,4,0.0051948051948051
0.0,0.003,0.0,0.0,43,results/bob_realchannel_run_tp0.0_fk0.003_rp0.0_vd0.0_seed43_20260831_214621_735057.json,385,35,3131,34,34,True,0,False,,2.1738405227661133,{},asymptotic,True,,1,results/bob_realchannel_run_tp0.0_fk0.003_rp0.0_vd0.0_seed43_20260831_214621_735057.json,results/alice_realchannel_run_seed43_20260831_214621_732691.json,unknown,2026-08-31T21:46:24.420290,final_key,0.003,4,0.0051948051948051
0.0,0.003,0.0,0.0,44,results/bob_realchannel_run_tp0.0_fk0.003_rp0.0_vd0.0_seed44_20260831_214625_574398.json,385,35,3131,34,34,True,0,False,,5.054610967636108,{},asymptotic,True,,2,results/bob_realchannel_run_tp0.0_fk0.003_rp0.0_vd0.0_seed44_20260831_214625_574398.json,results/alice_realchannel_run_seed44_20260831_214625_415699.json,unknown,2026-08-31T21:46:31.031455,final_key,0.003,4,0.0051948051948051
0.0,0.003,0.0,0.0,45,results/bob_realchannel_run_tp0.0_fk0.003_rp0.0_vd0.0_seed45_20260831_214632_034059.json,385,35,3131,34,34,True,0,False,,4.586766719818115,{},asymptotic,True,,3,results/bob_realchannel_run_tp0.0_fk0.003_rp0.0_vd0.0_seed45_20260831_214632_034059.json,results/alice_realchannel_run_seed45_20260831_214632_024432.json,unknown,2026-08-31T21:46:37.097204,final_key,0.003,4,0.0051948051948051
0.0,0.003,0.0,0.0,46,results/bob_realchannel_run_tp0.0_fk0.003_rp0.0_vd0.0_seed46_20260831_214638_096075.json,385,35,3131,34,34,True,0,False,,2.6408944129943848,{},asymptotic,True,,4,results/bob_realchannel_run_tp0.0_fk0.003_rp0.0_vd0.0_seed46_20260831_214638_096075.json,results/alice_realchannel_run_seed46_20260831_214638_095086.json,unknown,2026-08-31T21:46:41.121191,final_key,0.003,4,0.0051948051948051
0.0,0.003,0.0,0.0,47,results/bob_realchannel_run_tp0.0_fk0.003_rp0.0_vd0.0_seed47_20260831_214642_118172.json,385,35,3131,34,34,True,0,False,,4.450663328170776,{},asymptotic,True,,5,results/bob_realchannel_run_tp0.0_fk0.003_rp0.0_vd0.0_seed47_20260831_214642_118172.json,results/alice_realchannel_run_seed47_20260831_214642_109626.json,unknown,2026-08-31T21:46:46.960231,final_key,0.003,4,0.0051948051948051
0.0,0.003,0.0,0.0,48,results/bob_realchannel_run_tp0.0_fk0.003_rp0.0_vd0.0_seed48_20260831_214647_960681.json,385,35,3131,34,34,True,0,False,,5.112840414047241,{},asymptotic,True,,6,results/bob_realchannel_run_tp0.0_fk0.003_rp0.0_vd0.0_seed48_20260831_214647_960681.json,results/alice_realchannel_run_seed48_20260831_214647_955923.json,unknown,2026-08-31T21:46:53.464487,final_key,0.003,4,0.0051948051948051
0.0,0.003,0.0,0.0,49,results/bob_realchannel_run_tp0.0_fk0.003_rp0.0_vd0.0_seed49_20260831_214654_468146.json,385,33,3131,34,34,False,2,False,,2.5274531841278076,{},asymptotic,False,,7,results/bob_realchannel_run_tp0.0_fk0.003_rp0.0_vd0.0_seed49_20260831_214654_468146.json,results/alice_realchannel_run_seed49_20260831_214654_489595.json,unknown,2026-08-31T21:46:57.429665,final_key,0.003,4,0.0051948051948051
0.0,0.003,0.0,0.0,50,results/bob_realchannel_run_tp0.0_fk0.003_rp0.0_vd0.0_seed50_20260831_214658_427350.json,385,35,3131,34,34,True,0,False,,5.0139923095703125,{},asymptotic,True,,8,results/bob_realchannel_run_tp0.0_fk0.003_rp0.0_vd0.0_seed50_20260831_214658_427350.json,results/alice_realchannel_run_seed50_20260831_214658_421760.json,unknown,2026-08-31T21:47:03.882926,final_key,0.003,4,0.0051948051948051
0.0,0.003,0.0,0.0,51,results/bob_realchannel_run_tp0.0_fk0.003_rp0.0_vd0.0_seed51_20260831_214704_873149.json,385,35,3131,34,34,True,0,False,,2.763638734817505,{},asymptotic,True,,9,results/bob_realchannel_run_tp0.0_fk0.003_rp0.0_vd0.0_seed51_20260831_214704_873149.json,results/alice_realchannel_run_seed51_20260831_214704_873595.json,unknown,2026-08-31T21:47:08.028557,final_key,0.003,4,0.0051948051948051
0.0,0.001,0.0,0.0,42,results/bob_realchannel_run_tp0.0_fk0.001_rp0.0_vd0.0_seed42_20260831_214709_039713.json,385,35,3131,34,34,True,0,False,,4.7255566120147705,{},asymptotic,True,,0,results/bob_realchannel_run_tp0.0_fk0.001_rp0.0_vd0.0_seed42_20260831_214709_039713.json,results/alice_realchannel_run_seed42_20260831_214709_030760.json,unknown,2026-08-31T21:47:14.198896,final_key,0.001,4,0.0051948051948051
0.0,0.001,0.0,0.0,43,results/bob_realchannel_run_tp0.0_fk0.001_rp0.0_vd0.0_seed43_20260831_214715_201431.json,385,35,3131,34,34,True,0,False,,2.247225761413574,{},asymptotic,True,,1,results/bob_realchannel_run_tp0.0_fk0.001_rp0.0_vd0.0_seed43_20260831_214715_201431.json,results/alice_realchannel_run_seed43_20260831_214715_275170.json,unknown,2026-08-31T21:47:17.880141,final_key,0.001,4,0.0051948051948051
0.0,0.001,0.0,0.0,44,results/bob_realchannel_run_tp0.0_fk0.001_rp0.0_vd0.0_seed44_20260831_214718_870993.json,385,35,3131,34,34,True,0,False,,2.546380043029785,{},asymptotic,True,,2,results/bob_realchannel_run_tp0.0_fk0.001_rp0.0_vd0.0_seed44_20260831_214718_870993.json,results/alice_realchannel_run_seed44_20260831_214718_878553.json,unknown,2026-08-31T21:47:21.862141,final_key,0.001,4,0.0051948051948051
0.0,0.001,0.0,0.0,45,results/bob_realchannel_run_tp0.0_fk0.001_rp0.0_vd0.0_seed45_20260831_214722_896926.json,385,35,3131,34,34,True,0,False,,4.535958528518677,{},asymptotic,True,,3,results/bob_realchannel_run_tp0.0_fk0.001_rp0.0_vd0.0_seed45_20260831_214722_896926.json,results/alice_realchannel_run_seed45_20260831_214722_847276.json,unknown,2026-08-31T21:47:27.821836,final_key,0.001,4,0.0051948051948051
0.0,0.001,0.0,0.0,46,results/bob_realchannel_run_tp0.0_fk0.001_rp0.0_vd0.0_seed46_20260831_214728_820638.json,385,35,3131,34,34,True,0,False,,2.6444597244262695,{},asymptotic,True,,4,results/bob_realchannel_run_tp0.0_fk0.001_rp0.0_vd0.0_seed46_20260831_214728_820638.json,results/alice_realchannel_run_seed46_20260831_214728_828463.json,unknown,2026-08-31T21:47:31.885346,final_key,0.001,4,0.0051948051948051
0.0,0.001,0.0,0.0,47,results/bob_realchannel_run_tp0.0_fk0.001_rp0.0_vd0.0_seed47_20260831_214732_881188.json,385,35,3131,34,34,True,0,False,,3.9919490814208984,{},asymptotic,True,,5,results/bob_realchannel_run_tp0.0_fk0.001_rp0.0_vd0.0_seed47_20260831_214732_881188.json,results/alice_realchannel_run_seed47_20260831_214732_872695.json,unknown,2026-08-31T21:47:37.262313,final_key,0.001,4,0.0051948051948051
0.0,0.001,0.0,0.0,48,results/bob_realchannel_run_tp0.0_fk0.001_rp0.0_vd0.0_seed48_20260831_214738_264894.json,385,35,3131,34,34,True,0,False,,5.119996070861816,{},asymptotic,True,,6,results/bob_realchannel_run_tp0.0_fk0.001_rp0.0_vd0.0_seed48_20260831_214738_264894.json,results/alice_realchannel_run_seed48_20260831_214738_256900.json,unknown,2026-08-31T21:47:43.791404,final_key,0.001,4,0.0051948051948051
0.0,0.001,0.0,0.0,49,results/bob_realchannel_run_tp0.0_fk0.001_rp0.0_vd0.0_seed49_20260831_214744_793310.json,385,33,3131,34,34,False,2,False,,2.275411605834961,{},asymptotic,False,,7,results/bob_realchannel_run_tp0.0_fk0.001_rp0.0_vd0.0_seed49_20260831_214744_793310.json,results/alice_realchannel_run_seed49_20260831_214744_799429.json,unknown,2026-08-31T21:47:47.499452,final_key,0.001,4,0.0051948051948051
0.0,0.001,0.0,0.0,50,results/bob_realchannel_run_tp0.0_fk0.001_rp0.0_vd0.0_seed50_20260831_214748_503234.json,385,35,3131,34,34,True,0,False,,3.007215738296509,{},asymptotic,True,,8,results/bob_realchannel_run_tp0.0_fk0.001_rp0.0_vd0.0_seed50_20260831_214748_503234.json,results/alice_realchannel_run_seed50_20260831_214748_502782.json,unknown,2026-08-31T21:47:51.955885,final_key,0.001,4,0.0051948051948051
0.0,0.001,0.0,0.0,51,results/bob_realchannel_run_tp0.0_fk0.001_rp0.0_vd0.0_seed51_20260831_214752_963505.json,385,35,3131,34,34,True,0,False,,4.765725612640381,{},asymptotic,True,,9,results/bob_realchannel_run_tp0.0_fk0.001_rp0.0_vd0.0_seed51_20260831_214752_963505.json,results/alice_realchannel_run_seed51_20260831_214752_947244.json,unknown,2026-08-31T21:47:58.120693,final_key,0.001,4,0.0051948051948051
