toeplitz_prob,final_key_prob,reconciliation_prob,verify_digest_prob,qber_after_reconciliation,secure_key_length,t_verify,verification_passed,keys_match,n_mismatched_bits,elapsed_seconds,faults_fired,non_convergent,error,condition,run,fault_type,prob,length_mode,key_index,qber,mismatch
0.5,0.0,0.0,0.0,0.0,2810,34,True,True,0,0.0245354175567626,{'toeplitz_matrix': 1},False,,key0_asymptotic_toeplitz_0.5,0,toeplitz,0.5,asymptotic,0,0.0128205128205128,False
0.5,0.0,0.0,0.0,0.0,2810,34,True,True,0,0.0229620933532714,{},False,,key0_asymptotic_toeplitz_0.5,1,toeplitz,0.5,asymptotic,0,0.0128205128205128,False
0.5,0.0,0.0,0.0,0.0,2810,34,True,True,0,0.0217452049255371,{},False,,key0_asymptotic_toeplitz_0.5,2,toeplitz,0.5,asymptotic,0,0.0128205128205128,False
0.5,0.0,0.0,0.0,0.0,2810,34,True,True,0,0.0219824314117431,{},False,,key0_asymptotic_toeplitz_0.5,3,toeplitz,0.5,asymptotic,0,0.0128205128205128,False
0.5,0.0,0.0,0.0,0.0,2810,34,True,False,1,0.0229029655456542,{'toeplitz_matrix': 1},False,,key0_asymptotic_toeplitz_0.5,4,toeplitz,0.5,asymptotic,0,0.0128205128205128,True
0.5,0.0,0.0,0.0,0.0,2810,34,True,False,1,0.023406982421875,{'toeplitz_matrix': 1},False,,key0_asymptotic_toeplitz_0.5,5,toeplitz,0.5,asymptotic,0,0.0128205128205128,True
0.5,0.0,0.0,0.0,0.0,2810,34,True,True,0,0.0216178894042968,{},False,,key0_asymptotic_toeplitz_0.5,6,toeplitz,0.5,asymptotic,0,0.0128205128205128,False
0.5,0.0,0.0,0.0,0.0,2810,34,True,True,0,0.0221312046051025,{},False,,key0_asymptotic_toeplitz_0.5,7,toeplitz,0.5,asymptotic,0,0.0128205128205128,False
0.5,0.0,0.0,0.0,0.0,2810,34,True,True,0,0.0225660800933837,{'toeplitz_matrix': 1},False,,key0_asymptotic_toeplitz_0.5,8,toeplitz,0.5,asymptotic,0,0.0128205128205128,False
0.5,0.0,0.0,0.0,0.0,2810,34,True,True,0,0.0222430229187011,{},False,,key0_asymptotic_toeplitz_0.5,9,toeplitz,0.5,asymptotic,0,0.0128205128205128,False
0.5,0.0,0.0,0.0,0.0,2810,34,True,False,1,0.0249009132385253,{'toeplitz_matrix': 1},False,,key0_asymptotic_toeplitz_0.5,10,toeplitz,0.5,asymptotic,0,0.0128205128205128,True
0.5,0.0,0.0,0.0,0.0,2810,34,True,True,0,0.0213632583618164,{},False,,key0_asymptotic_toeplitz_0.5,11,toeplitz,0.5,asymptotic,0,0.0128205128205128,False
0.5,0.0,0.0,0.0,0.0,2810,34,True,True,0,0.0222542285919189,{},False,,key0_asymptotic_toeplitz_0.5,12,toeplitz,0.5,asymptotic,0,0.0128205128205128,False
0.5,0.0,0.0,0.0,0.0,2810,34,True,False,1,0.0219008922576904,{'toeplitz_matrix': 1},False,,key0_asymptotic_toeplitz_0.5,13,toeplitz,0.5,asymptotic,0,0.0128205128205128,True
0.5,0.0,0.0,0.0,0.0,2810,34,True,False,1,0.0221707820892334,{'toeplitz_matrix': 1},False,,key0_asymptotic_toeplitz_0.5,14,toeplitz,0.5,asymptotic,0,0.0128205128205128,True
0.5,0.0,0.0,0.0,0.0,2810,34,True,True,0,0.0222697257995605,{'toeplitz_matrix': 1},False,,key0_asymptotic_toeplitz_0.5,15,toeplitz,0.5,asymptotic,0,0.0128205128205128,False
0.5,0.0,0.0,0.0,0.0,2810,34,True,False,1,0.0211234092712402,{'toeplitz_matrix': 1},False,,key0_asymptotic_toeplitz_0.5,16,toeplitz,0.5,asymptotic,0,0.0128205128205128,True
0.5,0.0,0.0,0.0,0.0,2810,34,True,False,1,0.0220043659210205,{'toeplitz_matrix': 1},False,,key0_asymptotic_toeplitz_0.5,17,toeplitz,0.5,asymptotic,0,0.0128205128205128,True
0.5,0.0,0.0,0.0,0.0,2810,34,True,True,0,0.0237181186676025,{'toeplitz_matrix': 1},False,,key0_asymptotic_toeplitz_0.5,18,toeplitz,0.5,asymptotic,0,0.0128205128205128,False
0.5,0.0,0.0,0.0,0.0,2810,34,True,True,0,0.0221078395843505,{},False,,key0_asymptotic_toeplitz_0.5,19,toeplitz,0.5,asymptotic,0,0.0128205128205128,False
0.3,0.0,0.0,0.0,0.0,2810,34,True,True,0,0.0213363170623779,{},False,,key0_asymptotic_toeplitz_0.3,0,toeplitz,0.3,asymptotic,0,0.0128205128205128,False
0.3,0.0,0.0,0.0,0.0,2810,34,True,True,0,0.0213377475738525,{},False,,key0_asymptotic_toeplitz_0.3,1,toeplitz,0.3,asymptotic,0,0.0128205128205128,False
0.3,0.0,0.0,0.0,0.0,2810,34,True,True,0,0.0244927406311035,{},False,,key0_asymptotic_toeplitz_0.3,2,toeplitz,0.3,asymptotic,0,0.0128205128205128,False
0.3,0.0,0.0,0.0,0.0,2810,34,True,True,0,0.0775070190429687,{},False,,key0_asymptotic_toeplitz_0.3,3,toeplitz,0.3,asymptotic,0,0.0128205128205128,False
0.3,0.0,0.0,0.0,0.0,2810,34,True,False,1,0.0280027389526367,{'toeplitz_matrix': 1},False,,key0_asymptotic_toeplitz_0.3,4,toeplitz,0.3,asymptotic,0,0.0128205128205128,True
0.3,0.0,0.0,0.0,0.0,2810,34,True,False,1,0.0299780368804931,{'toeplitz_matrix': 1},False,,key0_asymptotic_toeplitz_0.3,5,toeplitz,0.3,asymptotic,0,0.0128205128205128,True
0.3,0.0,0.0,0.0,0.0,2810,34,True,True,0,0.0247509479522705,{},False,,key0_asymptotic_toeplitz_0.3,6,toeplitz,0.3,asymptotic,0,0.0128205128205128,False
0.3,0.0,0.0,0.0,0.0,2810,34,True,True,0,0.0284445285797119,{},False,,key0_asymptotic_toeplitz_0.3,7,toeplitz,0.3,asymptotic,0,0.0128205128205128,False
0.3,0.0,0.0,0.0,0.0,2810,34,True,True,0,0.0264036655426025,{},False,,key0_asymptotic_toeplitz_0.3,8,toeplitz,0.3,asymptotic,0,0.0128205128205128,False
0.3,0.0,0.0,0.0,0.0,2810,34,True,True,0,0.0212340354919433,{},False,,key0_asymptotic_toeplitz_0.3,9,toeplitz,0.3,asymptotic,0,0.0128205128205128,False
0.3,0.0,0.0,0.0,0.0,2810,34,True,False,1,0.0234661102294921,{'toeplitz_matrix': 1},False,,key0_asymptotic_toeplitz_0.3,10,toeplitz,0.3,asymptotic,0,0.0128205128205128,True
0.3,0.0,0.0,0.0,0.0,2810,34,True,True,0,0.0259997844696044,{},False,,key0_asymptotic_toeplitz_0.3,11,toeplitz,0.3,asymptotic,0,0.0128205128205128,False
0.3,0.0,0.0,0.0,0.0,2810,34,True,True,0,0.0226259231567382,{},False,,key0_asymptotic_toeplitz_0.3,12,toeplitz,0.3,asymptotic,0,0.0128205128205128,False
0.3,0.0,0.0,0.0,0.0,2810,34,True,True,0,0.0221273899078369,{},False,,key0_asymptotic_toeplitz_0.3,13,toeplitz,0.3,asymptotic,0,0.0128205128205128,False
0.3,0.0,0.0,0.0,0.0,2810,34,True,True,0,0.027097463607788,{},False,,key0_asymptotic_toeplitz_0.3,14,toeplitz,0.3,asymptotic,0,0.0128205128205128,False
0.3,0.0,0.0,0.0,0.0,2810,34,True,True,0,0.0249514579772949,{'toeplitz_matrix': 1},False,,key0_asymptotic_toeplitz_0.3,15,toeplitz,0.3,asymptotic,0,0.0128205128205128,False
0.3,0.0,0.0,0.0,0.0,2810,34,True,False,1,0.0238192081451416,{'toeplitz_matrix': 1},False,,key0_asymptotic_toeplitz_0.3,16,toeplitz,0.3,asymptotic,0,0.0128205128205128,True
0.3,0.0,0.0,0.0,0.0,2810,34,True,False,1,0.021280288696289,{'toeplitz_matrix': 1},False,,key0_asymptotic_toeplitz_0.3,17,toeplitz,0.3,asymptotic,0,0.0128205128205128,True
0.3,0.0,0.0,0.0,0.0,2810,34,True,True,0,0.0210077762603759,{},False,,key0_asymptotic_toeplitz_0.3,18,toeplitz,0.3,asymptotic,0,0.0128205128205128,False
0.3,0.0,0.0,0.0,0.0,2810,34,True,True,0,0.0246200561523437,{},False,,key0_asymptotic_toeplitz_0.3,19,toeplitz,0.3,asymptotic,0,0.0128205128205128,False
0.1,0.0,0.0,0.0,0.0,2810,34,True,True,0,0.0216047763824462,{},False,,key0_asymptotic_toeplitz_0.1,0,toeplitz,0.1,asymptotic,0,0.0128205128205128,False
0.1,0.0,0.0,0.0,0.0,2810,34,True,True,0,0.0259044170379638,{},False,,key0_asymptotic_toeplitz_0.1,1,toeplitz,0.1,asymptotic,0,0.0128205128205128,False
0.1,0.0,0.0,0.0,0.0,2810,34,True,True,0,0.0207433700561523,{},False,,key0_asymptotic_toeplitz_0.1,2,toeplitz,0.1,asymptotic,0,0.0128205128205128,False
0.1,0.0,0.0,0.0,0.0,2810,34,True,True,0,0.0231077671051025,{},False,,key0_asymptotic_toeplitz_0.1,3,toeplitz,0.1,asymptotic,0,0.0128205128205128,False
0.1,0.0,0.0,0.0,0.0,2810,34,True,True,0,0.022139549255371,{},False,,key0_asymptotic_toeplitz_0.1,4,toeplitz,0.1,asymptotic,0,0.0128205128205128,False
0.1,0.0,0.0,0.0,0.0,2810,34,True,True,0,0.0218310356140136,{},False,,key0_asymptotic_toeplitz_0.1,5,toeplitz,0.1,asymptotic,0,0.0128205128205128,False
0.1,0.0,0.0,0.0,0.0,2810,34,True,True,0,0.0212881565093994,{},False,,key0_asymptotic_toeplitz_0.1,6,toeplitz,0.1,asymptotic,0,0.0128205128205128,False
0.1,0.0,0.0,0.0,0.0,2810,34,True,True,0,0.0230836868286132,{},False,,key0_asymptotic_toeplitz_0.1,7,toeplitz,0.1,asymptotic,0,0.0128205128205128,False
0.1,0.0,0.0,0.0,0.0,2810,34,True,True,0,0.0215404033660888,{},False,,key0_asymptotic_toeplitz_0.1,8,toeplitz,0.1,asymptotic,0,0.0128205128205128,False
0.1,0.0,0.0,0.0,0.0,2810,34,True,True,0,0.021132469177246,{},False,,key0_asymptotic_toeplitz_0.1,9,toeplitz,0.1,asymptotic,0,0.0128205128205128,False
0.1,0.0,0.0,0.0,0.0,2810,34,True,True,0,0.0219449996948242,{},False,,key0_asymptotic_toeplitz_0.1,10,toeplitz,0.1,asymptotic,0,0.0128205128205128,False
0.1,0.0,0.0,0.0,0.0,2810,34,True,True,0,0.0223443508148193,{},False,,key0_asymptotic_toeplitz_0.1,11,toeplitz,0.1,asymptotic,0,0.0128205128205128,False
0.1,0.0,0.0,0.0,0.0,2810,34,True,True,0,0.0233175754547119,{},False,,key0_asymptotic_toeplitz_0.1,12,toeplitz,0.1,asymptotic,0,0.0128205128205128,False
0.1,0.0,0.0,0.0,0.0,2810,34,True,True,0,0.0224888324737548,{},False,,key0_asymptotic_toeplitz_0.1,13,toeplitz,0.1,asymptotic,0,0.0128205128205128,False
0.1,0.0,0.0,0.0,0.0,2810,34,True,True,0,0.0217633247375488,{},False,,key0_asymptotic_toeplitz_0.1,14,toeplitz,0.1,asymptotic,0,0.0128205128205128,False
0.1,0.0,0.0,0.0,0.0,2810,34,True,True,0,0.0214791297912597,{},False,,key0_asymptotic_toeplitz_0.1,15,toeplitz,0.1,asymptotic,0,0.0128205128205128,False
0.1,0.0,0.0,0.0,0.0,2810,34,True,True,0,0.0212132930755615,{},False,,key0_asymptotic_toeplitz_0.1,16,toeplitz,0.1,asymptotic,0,0.0128205128205128,False
0.1,0.0,0.0,0.0,0.0,2810,34,True,True,0,0.0220417976379394,{},False,,key0_asymptotic_toeplitz_0.1,17,toeplitz,0.1,asymptotic,0,0.0128205128205128,False
0.1,0.0,0.0,0.0,0.0,2810,34,True,True,0,0.0214760303497314,{},False,,key0_asymptotic_toeplitz_0.1,18,toeplitz,0.1,asymptotic,0,0.0128205128205128,False
0.1,0.0,0.0,0.0,0.0,2810,34,True,True,0,0.0221002101898193,{},False,,key0_asymptotic_toeplitz_0.1,19,toeplitz,0.1,asymptotic,0,0.0128205128205128,False
0.05,0.0,0.0,0.0,0.0,2810,34,True,True,0,0.0208113193511962,{},False,,key0_asymptotic_toeplitz_0.05,0,toeplitz,0.05,asymptotic,0,0.0128205128205128,False
0.05,0.0,0.0,0.0,0.0,2810,34,True,True,0,0.0228538513183593,{},False,,key0_asymptotic_toeplitz_0.05,1,toeplitz,0.05,asymptotic,0,0.0128205128205128,False
0.05,0.0,0.0,0.0,0.0,2810,34,True,True,0,0.0212385654449462,{},False,,key0_asymptotic_toeplitz_0.05,2,toeplitz,0.05,asymptotic,0,0.0128205128205128,False
0.05,0.0,0.0,0.0,0.0,2810,34,True,True,0,0.0228893756866455,{},False,,key0_asymptotic_toeplitz_0.05,3,toeplitz,0.05,asymptotic,0,0.0128205128205128,False
0.05,0.0,0.0,0.0,0.0,2810,34,True,True,0,0.0217561721801757,{},False,,key0_asymptotic_toeplitz_0.05,4,toeplitz,0.05,asymptotic,0,0.0128205128205128,False
0.05,0.0,0.0,0.0,0.0,2810,34,True,True,0,0.0221240520477294,{},False,,key0_asymptotic_toeplitz_0.05,5,toeplitz,0.05,asymptotic,0,0.0128205128205128,False
0.05,0.0,0.0,0.0,0.0,2810,34,True,True,0,0.0229029655456542,{},False,,key0_asymptotic_toeplitz_0.05,6,toeplitz,0.05,asymptotic,0,0.0128205128205128,False
0.05,0.0,0.0,0.0,0.0,2810,34,True,True,0,0.0233898162841796,{},False,,key0_asymptotic_toeplitz_0.05,7,toeplitz,0.05,asymptotic,0,0.0128205128205128,False
0.05,0.0,0.0,0.0,0.0,2810,34,True,True,0,0.0214264392852783,{},False,,key0_asymptotic_toeplitz_0.05,8,toeplitz,0.05,asymptotic,0,0.0128205128205128,False
0.05,0.0,0.0,0.0,0.0,2810,34,True,True,0,0.0230648517608642,{},False,,key0_asymptotic_toeplitz_0.05,9,toeplitz,0.05,asymptotic,0,0.0128205128205128,False
0.05,0.0,0.0,0.0,0.0,2810,34,True,True,0,0.0222582817077636,{},False,,key0_asymptotic_toeplitz_0.05,10,toeplitz,0.05,asymptotic,0,0.0128205128205128,False
0.05,0.0,0.0,0.0,0.0,2810,34,True,True,0,0.0214653015136718,{},False,,key0_asymptotic_toeplitz_0.05,11,toeplitz,0.05,asymptotic,0,0.0128205128205128,False
0.05,0.0,0.0,0.0,0.0,2810,34,True,True,0,0.0238125324249267,{},False,,key0_asymptotic_toeplitz_0.05,12,toeplitz,0.05,asymptotic,0,0.0128205128205128,False
0.05,0.0,0.0,0.0,0.0,2810,34,True,True,0,0.0220170021057128,{},False,,key0_asymptotic_toeplitz_0.05,13,toeplitz,0.05,asymptotic,0,0.0128205128205128,False
0.05,0.0,0.0,0.0,0.0,2810,34,True,True,0,0.0215978622436523,{},False,,key0_asymptotic_toeplitz_0.05,14,toeplitz,0.05,asymptotic,0,0.0128205128205128,False
0.05,0.0,0.0,0.0,0.0,2810,34,True,True,0,0.0225512981414794,{},False,,key0_asymptotic_toeplitz_0.05,15,toeplitz,0.05,asymptotic,0,0.0128205128205128,False
0.05,0.0,0.0,0.0,0.0,2810,34,True,True,0,0.0209360122680664,{},False,,key0_asymptotic_toeplitz_0.05,16,toeplitz,0.05,asymptotic,0,0.0128205128205128,False
0.05,0.0,0.0,0.0,0.0,2810,34,True,True,0,0.0217604637145996,{},False,,key0_asymptotic_toeplitz_0.05,17,toeplitz,0.05,asymptotic,0,0.0128205128205128,False
0.05,0.0,0.0,0.0,0.0,2810,34,True,True,0,0.021355390548706,{},False,,key0_asymptotic_toeplitz_0.05,18,toeplitz,0.05,asymptotic,0,0.0128205128205128,False
0.05,0.0,0.0,0.0,0.0,2810,34,True,True,0,0.0217711925506591,{},False,,key0_asymptotic_toeplitz_0.05,19,toeplitz,0.05,asymptotic,0,0.0128205128205128,False
0.03,0.0,0.0,0.0,0.0,2810,34,True,True,0,0.0251824855804443,{},False,,key0_asymptotic_toeplitz_0.03,0,toeplitz,0.03,asymptotic,0,0.0128205128205128,False
0.03,0.0,0.0,0.0,0.0,2810,34,True,True,0,0.0271646976470947,{},False,,key0_asymptotic_toeplitz_0.03,1,toeplitz,0.03,asymptotic,0,0.0128205128205128,False
0.03,0.0,0.0,0.0,0.0,2810,34,True,True,0,0.0223464965820312,{},False,,key0_asymptotic_toeplitz_0.03,2,toeplitz,0.03,asymptotic,0,0.0128205128205128,False
0.03,0.0,0.0,0.0,0.0,2810,34,True,True,0,0.0216696262359619,{},False,,key0_asymptotic_toeplitz_0.03,3,toeplitz,0.03,asymptotic,0,0.0128205128205128,False
0.03,0.0,0.0,0.0,0.0,2810,34,True,True,0,0.0209903717041015,{},False,,key0_asymptotic_toeplitz_0.03,4,toeplitz,0.03,asymptotic,0,0.0128205128205128,False
0.03,0.0,0.0,0.0,0.0,2810,34,True,True,0,0.0223288536071777,{},False,,key0_asymptotic_toeplitz_0.03,5,toeplitz,0.03,asymptotic,0,0.0128205128205128,False
0.03,0.0,0.0,0.0,0.0,2810,34,True,True,0,0.0225818157196044,{},False,,key0_asymptotic_toeplitz_0.03,6,toeplitz,0.03,asymptotic,0,0.0128205128205128,False
0.03,0.0,0.0,0.0,0.0,2810,34,True,True,0,0.0229270458221435,{},False,,key0_asymptotic_toeplitz_0.03,7,toeplitz,0.03,asymptotic,0,0.0128205128205128,False
0.03,0.0,0.0,0.0,0.0,2810,34,True,True,0,0.0209689140319824,{},False,,key0_asymptotic_toeplitz_0.03,8,toeplitz,0.03,asymptotic,0,0.0128205128205128,False
0.03,0.0,0.0,0.0,0.0,2810,34,True,True,0,0.0222301483154296,{},False,,key0_asymptotic_toeplitz_0.03,9,toeplitz,0.03,asymptotic,0,0.0128205128205128,False
0.03,0.0,0.0,0.0,0.0,2810,34,True,True,0,0.0218570232391357,{},False,,key0_asymptotic_toeplitz_0.03,10,toeplitz,0.03,asymptotic,0,0.0128205128205128,False
0.03,0.0,0.0,0.0,0.0,2810,34,True,True,0,0.0262401103973388,{},False,,key0_asymptotic_toeplitz_0.03,11,toeplitz,0.03,asymptotic,0,0.0128205128205128,False
0.03,0.0,0.0,0.0,0.0,2810,34,True,True,0,0.0231170654296875,{},False,,key0_asymptotic_toeplitz_0.03,12,toeplitz,0.03,asymptotic,0,0.0128205128205128,False
0.03,0.0,0.0,0.0,0.0,2810,34,True,True,0,0.026153564453125,{},False,,key0_asymptotic_toeplitz_0.03,13,toeplitz,0.03,asymptotic,0,0.0128205128205128,False
0.03,0.0,0.0,0.0,0.0,2810,34,True,True,0,0.0250051021575927,{},False,,key0_asymptotic_toeplitz_0.03,14,toeplitz,0.03,asymptotic,0,0.0128205128205128,False
0.03,0.0,0.0,0.0,0.0,2810,34,True,True,0,0.0225861072540283,{},False,,key0_asymptotic_toeplitz_0.03,15,toeplitz,0.03,asymptotic,0,0.0128205128205128,False
0.03,0.0,0.0,0.0,0.0,2810,34,True,True,0,0.021224021911621,{},False,,key0_asymptotic_toeplitz_0.03,16,toeplitz,0.03,asymptotic,0,0.0128205128205128,False
0.03,0.0,0.0,0.0,0.0,2810,34,True,True,0,0.0220668315887451,{},False,,key0_asymptotic_toeplitz_0.03,17,toeplitz,0.03,asymptotic,0,0.0128205128205128,False
0.03,0.0,0.0,0.0,0.0,2810,34,True,True,0,0.0217950344085693,{},False,,key0_asymptotic_toeplitz_0.03,18,toeplitz,0.03,asymptotic,0,0.0128205128205128,False
0.03,0.0,0.0,0.0,0.0,2810,34,True,True,0,0.021817922592163,{},False,,key0_asymptotic_toeplitz_0.03,19,toeplitz,0.03,asymptotic,0,0.0128205128205128,False
0.01,0.0,0.0,0.0,0.0,2810,34,True,True,0,0.0224249362945556,{},False,,key0_asymptotic_toeplitz_0.01,0,toeplitz,0.01,asymptotic,0,0.0128205128205128,False
0.01,0.0,0.0,0.0,0.0,2810,34,True,True,0,0.0222387313842773,{},False,,key0_asymptotic_toeplitz_0.01,1,toeplitz,0.01,asymptotic,0,0.0128205128205128,False
0.01,0.0,0.0,0.0,0.0,2810,34,True,True,0,0.0227406024932861,{},False,,key0_asymptotic_toeplitz_0.01,2,toeplitz,0.01,asymptotic,0,0.0128205128205128,False
0.01,0.0,0.0,0.0,0.0,2810,34,True,True,0,0.0213203430175781,{},False,,key0_asymptotic_toeplitz_0.01,3,toeplitz,0.01,asymptotic,0,0.0128205128205128,False
0.01,0.0,0.0,0.0,0.0,2810,34,True,True,0,0.0222477912902832,{},False,,key0_asymptotic_toeplitz_0.01,4,toeplitz,0.01,asymptotic,0,0.0128205128205128,False
0.01,0.0,0.0,0.0,0.0,2810,34,True,True,0,0.0235688686370849,{},False,,key0_asymptotic_toeplitz_0.01,5,toeplitz,0.01,asymptotic,0,0.0128205128205128,False
0.01,0.0,0.0,0.0,0.0,2810,34,True,True,0,0.0262589454650878,{},False,,key0_asymptotic_toeplitz_0.01,6,toeplitz,0.01,asymptotic,0,0.0128205128205128,False
0.01,0.0,0.0,0.0,0.0,2810,34,True,True,0,0.0220296382904052,{},False,,key0_asymptotic_toeplitz_0.01,7,toeplitz,0.01,asymptotic,0,0.0128205128205128,False
0.01,0.0,0.0,0.0,0.0,2810,34,True,True,0,0.0245506763458251,{},False,,key0_asymptotic_toeplitz_0.01,8,toeplitz,0.01,asymptotic,0,0.0128205128205128,False
0.01,0.0,0.0,0.0,0.0,2810,34,True,True,0,0.0235636234283447,{},False,,key0_asymptotic_toeplitz_0.01,9,toeplitz,0.01,asymptotic,0,0.0128205128205128,False
0.01,0.0,0.0,0.0,0.0,2810,34,True,True,0,0.0228476524353027,{},False,,key0_asymptotic_toeplitz_0.01,10,toeplitz,0.01,asymptotic,0,0.0128205128205128,False
0.01,0.0,0.0,0.0,0.0,2810,34,True,True,0,0.0221483707427978,{},False,,key0_asymptotic_toeplitz_0.01,11,toeplitz,0.01,asymptotic,0,0.0128205128205128,False
0.01,0.0,0.0,0.0,0.0,2810,34,True,True,0,0.023193359375,{},False,,key0_asymptotic_toeplitz_0.01,12,toeplitz,0.01,asymptotic,0,0.0128205128205128,False
0.01,0.0,0.0,0.0,0.0,2810,34,True,True,0,0.0214040279388427,{},False,,key0_asymptotic_toeplitz_0.01,13,toeplitz,0.01,asymptotic,0,0.0128205128205128,False
0.01,0.0,0.0,0.0,0.0,2810,34,True,True,0,0.0219030380249023,{},False,,key0_asymptotic_toeplitz_0.01,14,toeplitz,0.01,asymptotic,0,0.0128205128205128,False
0.01,0.0,0.0,0.0,0.0,2810,34,True,True,0,0.0219104290008544,{},False,,key0_asymptotic_toeplitz_0.01,15,toeplitz,0.01,asymptotic,0,0.0128205128205128,False
0.01,0.0,0.0,0.0,0.0,2810,34,True,True,0,0.022071361541748,{},False,,key0_asymptotic_toeplitz_0.01,16,toeplitz,0.01,asymptotic,0,0.0128205128205128,False
0.01,0.0,0.0,0.0,0.0,2810,34,True,True,0,0.0224757194519042,{},False,,key0_asymptotic_toeplitz_0.01,17,toeplitz,0.01,asymptotic,0,0.0128205128205128,False
0.01,0.0,0.0,0.0,0.0,2810,34,True,True,0,0.0256197452545166,{},False,,key0_asymptotic_toeplitz_0.01,18,toeplitz,0.01,asymptotic,0,0.0128205128205128,False
0.01,0.0,0.0,0.0,0.0,2810,34,True,True,0,0.0236883163452148,{},False,,key0_asymptotic_toeplitz_0.01,19,toeplitz,0.01,asymptotic,0,0.0128205128205128,False
0.003,0.0,0.0,0.0,0.0,2810,34,True,True,0,0.0220289230346679,{},False,,key0_asymptotic_toeplitz_0.003,0,toeplitz,0.003,asymptotic,0,0.0128205128205128,False
0.003,0.0,0.0,0.0,0.0,2810,34,True,True,0,0.0229737758636474,{},False,,key0_asymptotic_toeplitz_0.003,1,toeplitz,0.003,asymptotic,0,0.0128205128205128,False
0.003,0.0,0.0,0.0,0.0,2810,34,True,True,0,0.021458625793457,{},False,,key0_asymptotic_toeplitz_0.003,2,toeplitz,0.003,asymptotic,0,0.0128205128205128,False
0.003,0.0,0.0,0.0,0.0,2810,34,True,True,0,0.0259833335876464,{},False,,key0_asymptotic_toeplitz_0.003,3,toeplitz,0.003,asymptotic,0,0.0128205128205128,False
0.003,0.0,0.0,0.0,0.0,2810,34,True,True,0,0.0420899391174316,{},False,,key0_asymptotic_toeplitz_0.003,4,toeplitz,0.003,asymptotic,0,0.0128205128205128,False
0.003,0.0,0.0,0.0,0.0,2810,34,True,True,0,0.0282659530639648,{},False,,key0_asymptotic_toeplitz_0.003,5,toeplitz,0.003,asymptotic,0,0.0128205128205128,False
0.003,0.0,0.0,0.0,0.0,2810,34,True,True,0,0.0232608318328857,{},False,,key0_asymptotic_toeplitz_0.003,6,toeplitz,0.003,asymptotic,0,0.0128205128205128,False
0.003,0.0,0.0,0.0,0.0,2810,34,True,True,0,0.0222549438476562,{},False,,key0_asymptotic_toeplitz_0.003,7,toeplitz,0.003,asymptotic,0,0.0128205128205128,False
0.003,0.0,0.0,0.0,0.0,2810,34,True,True,0,0.0209941864013671,{},False,,key0_asymptotic_toeplitz_0.003,8,toeplitz,0.003,asymptotic,0,0.0128205128205128,False
0.003,0.0,0.0,0.0,0.0,2810,34,True,True,0,0.0227460861206054,{},False,,key0_asymptotic_toeplitz_0.003,9,toeplitz,0.003,asymptotic,0,0.0128205128205128,False
0.003,0.0,0.0,0.0,0.0,2810,34,True,True,0,0.0221362113952636,{},False,,key0_asymptotic_toeplitz_0.003,10,toeplitz,0.003,asymptotic,0,0.0128205128205128,False
0.003,0.0,0.0,0.0,0.0,2810,34,True,True,0,0.0216608047485351,{},False,,key0_asymptotic_toeplitz_0.003,11,toeplitz,0.003,asymptotic,0,0.0128205128205128,False
0.003,0.0,0.0,0.0,0.0,2810,34,True,True,0,0.0218353271484375,{},False,,key0_asymptotic_toeplitz_0.003,12,toeplitz,0.003,asymptotic,0,0.0128205128205128,False
0.003,0.0,0.0,0.0,0.0,2810,34,True,True,0,0.021014928817749,{},False,,key0_asymptotic_toeplitz_0.003,13,toeplitz,0.003,asymptotic,0,0.0128205128205128,False
0.003,0.0,0.0,0.0,0.0,2810,34,True,True,0,0.0286281108856201,{},False,,key0_asymptotic_toeplitz_0.003,14,toeplitz,0.003,asymptotic,0,0.0128205128205128,False
0.003,0.0,0.0,0.0,0.0,2810,34,True,True,0,0.0448443889617919,{},False,,key0_asymptotic_toeplitz_0.003,15,toeplitz,0.003,asymptotic,0,0.0128205128205128,False
0.003,0.0,0.0,0.0,0.0,2810,34,True,True,0,0.0471177101135253,{},False,,key0_asymptotic_toeplitz_0.003,16,toeplitz,0.003,asymptotic,0,0.0128205128205128,False
0.003,0.0,0.0,0.0,0.0,2810,34,True,True,0,0.0481960773468017,{},False,,key0_asymptotic_toeplitz_0.003,17,toeplitz,0.003,asymptotic,0,0.0128205128205128,False
0.003,0.0,0.0,0.0,0.0,2810,34,True,True,0,0.0471580028533935,{},False,,key0_asymptotic_toeplitz_0.003,18,toeplitz,0.003,asymptotic,0,0.0128205128205128,False
0.003,0.0,0.0,0.0,0.0,2810,34,True,True,0,0.0309648513793945,{},False,,key0_asymptotic_toeplitz_0.003,19,toeplitz,0.003,asymptotic,0,0.0128205128205128,False
0.001,0.0,0.0,0.0,0.0,2810,34,True,True,0,0.0228157043457031,{},False,,key0_asymptotic_toeplitz_0.001,0,toeplitz,0.001,asymptotic,0,0.0128205128205128,False
0.001,0.0,0.0,0.0,0.0,2810,34,True,True,0,0.0230095386505126,{},False,,key0_asymptotic_toeplitz_0.001,1,toeplitz,0.001,asymptotic,0,0.0128205128205128,False
0.001,0.0,0.0,0.0,0.0,2810,34,True,True,0,0.0252604484558105,{},False,,key0_asymptotic_toeplitz_0.001,2,toeplitz,0.001,asymptotic,0,0.0128205128205128,False
0.001,0.0,0.0,0.0,0.0,2810,34,True,True,0,0.0211448669433593,{},False,,key0_asymptotic_toeplitz_0.001,3,toeplitz,0.001,asymptotic,0,0.0128205128205128,False
0.001,0.0,0.0,0.0,0.0,2810,34,True,True,0,0.0273692607879638,{},False,,key0_asymptotic_toeplitz_0.001,4,toeplitz,0.001,asymptotic,0,0.0128205128205128,False
0.001,0.0,0.0,0.0,0.0,2810,34,True,True,0,0.0210826396942138,{},False,,key0_asymptotic_toeplitz_0.001,5,toeplitz,0.001,asymptotic,0,0.0128205128205128,False
0.001,0.0,0.0,0.0,0.0,2810,34,True,True,0,0.0223405361175537,{},False,,key0_asymptotic_toeplitz_0.001,6,toeplitz,0.001,asymptotic,0,0.0128205128205128,False
0.001,0.0,0.0,0.0,0.0,2810,34,True,True,0,0.025503396987915,{},False,,key0_asymptotic_toeplitz_0.001,7,toeplitz,0.001,asymptotic,0,0.0128205128205128,False
0.001,0.0,0.0,0.0,0.0,2810,34,True,True,0,0.0214021205902099,{},False,,key0_asymptotic_toeplitz_0.001,8,toeplitz,0.001,asymptotic,0,0.0128205128205128,False
0.001,0.0,0.0,0.0,0.0,2810,34,True,True,0,0.0234363079071044,{},False,,key0_asymptotic_toeplitz_0.001,9,toeplitz,0.001,asymptotic,0,0.0128205128205128,False
0.001,0.0,0.0,0.0,0.0,2810,34,True,True,0,0.0235016345977783,{},False,,key0_asymptotic_toeplitz_0.001,10,toeplitz,0.001,asymptotic,0,0.0128205128205128,False
0.001,0.0,0.0,0.0,0.0,2810,34,True,True,0,0.0230548381805419,{},False,,key0_asymptotic_toeplitz_0.001,11,toeplitz,0.001,asymptotic,0,0.0128205128205128,False
0.001,0.0,0.0,0.0,0.0,2810,34,True,True,0,0.0222866535186767,{},False,,key0_asymptotic_toeplitz_0.001,12,toeplitz,0.001,asymptotic,0,0.0128205128205128,False
0.001,0.0,0.0,0.0,0.0,2810,34,True,True,0,0.0218434333801269,{},False,,key0_asymptotic_toeplitz_0.001,13,toeplitz,0.001,asymptotic,0,0.0128205128205128,False
0.001,0.0,0.0,0.0,0.0,2810,34,True,True,0,0.0364506244659423,{},False,,key0_asymptotic_toeplitz_0.001,14,toeplitz,0.001,asymptotic,0,0.0128205128205128,False
0.001,0.0,0.0,0.0,0.0,2810,34,True,True,0,0.0376994609832763,{},False,,key0_asymptotic_toeplitz_0.001,15,toeplitz,0.001,asymptotic,0,0.0128205128205128,False
0.001,0.0,0.0,0.0,0.0,2810,34,True,True,0,0.0230813026428222,{},False,,key0_asymptotic_toeplitz_0.001,16,toeplitz,0.001,asymptotic,0,0.0128205128205128,False
0.001,0.0,0.0,0.0,0.0,2810,34,True,True,0,0.0208358764648437,{},False,,key0_asymptotic_toeplitz_0.001,17,toeplitz,0.001,asymptotic,0,0.0128205128205128,False
0.001,0.0,0.0,0.0,0.0,2810,34,True,True,0,0.0232505798339843,{},False,,key0_asymptotic_toeplitz_0.001,18,toeplitz,0.001,asymptotic,0,0.0128205128205128,False
0.001,0.0,0.0,0.0,0.0,2810,34,True,True,0,0.0233018398284912,{},False,,key0_asymptotic_toeplitz_0.001,19,toeplitz,0.001,asymptotic,0,0.0128205128205128,False
0.0,0.5,0.0,0.0,0.0,2810,34,True,False,1,0.0243198871612548,{'final_key': 1},False,,key0_asymptotic_final_key_0.5,0,final_key,0.5,asymptotic,0,0.0128205128205128,True
0.0,0.5,0.0,0.0,0.0,2810,34,True,True,0,0.0221273899078369,{},False,,key0_asymptotic_final_key_0.5,1,final_key,0.5,asymptotic,0,0.0128205128205128,False
0.0,0.5,0.0,0.0,0.0,2810,34,True,False,1,0.0217585563659667,{'final_key': 1},False,,key0_asymptotic_final_key_0.5,2,final_key,0.5,asymptotic,0,0.0128205128205128,True
0.0,0.5,0.0,0.0,0.0,2810,34,True,True,0,0.0212059020996093,{},False,,key0_asymptotic_final_key_0.5,3,final_key,0.5,asymptotic,0,0.0128205128205128,False
0.0,0.5,0.0,0.0,0.0,2810,34,True,True,0,0.0217385292053222,{},False,,key0_asymptotic_final_key_0.5,4,final_key,0.5,asymptotic,0,0.0128205128205128,False
0.0,0.5,0.0,0.0,0.0,2810,34,True,True,0,0.0220189094543457,{},False,,key0_asymptotic_final_key_0.5,5,final_key,0.5,asymptotic,0,0.0128205128205128,False
0.0,0.5,0.0,0.0,0.0,2810,34,True,True,0,0.021066665649414,{},False,,key0_asymptotic_final_key_0.5,6,final_key,0.5,asymptotic,0,0.0128205128205128,False
0.0,0.5,0.0,0.0,0.0,2810,34,True,True,0,0.0222504138946533,{},False,,key0_asymptotic_final_key_0.5,7,final_key,0.5,asymptotic,0,0.0128205128205128,False
0.0,0.5,0.0,0.0,0.0,2810,34,True,False,1,0.0219395160675048,{'final_key': 1},False,,key0_asymptotic_final_key_0.5,8,final_key,0.5,asymptotic,0,0.0128205128205128,True
0.0,0.5,0.0,0.0,0.0,2810,34,True,True,0,0.0209941864013671,{},False,,key0_asymptotic_final_key_0.5,9,final_key,0.5,asymptotic,0,0.0128205128205128,False
0.0,0.5,0.0,0.0,0.0,2810,34,True,False,1,0.0254054069519042,{'final_key': 1},False,,key0_asymptotic_final_key_0.5,10,final_key,0.5,asymptotic,0,0.0128205128205128,True
0.0,0.5,0.0,0.0,0.0,2810,34,True,False,1,0.0216195583343505,{'final_key': 1},False,,key0_asymptotic_final_key_0.5,11,final_key,0.5,asymptotic,0,0.0128205128205128,True
0.0,0.5,0.0,0.0,0.0,2810,34,True,False,1,0.0235698223114013,{'final_key': 1},False,,key0_asymptotic_final_key_0.5,12,final_key,0.5,asymptotic,0,0.0128205128205128,True
0.0,0.5,0.0,0.0,0.0,2810,34,True,False,1,0.0210411548614501,{'final_key': 1},False,,key0_asymptotic_final_key_0.5,13,final_key,0.5,asymptotic,0,0.0128205128205128,True
0.0,0.5,0.0,0.0,0.0,2810,34,True,True,0,0.0240752696990966,{},False,,key0_asymptotic_final_key_0.5,14,final_key,0.5,asymptotic,0,0.0128205128205128,False
0.0,0.5,0.0,0.0,0.0,2810,34,True,True,0,0.023566722869873,{},False,,key0_asymptotic_final_key_0.5,15,final_key,0.5,asymptotic,0,0.0128205128205128,False
0.0,0.5,0.0,0.0,0.0,2810,34,True,False,1,0.0228502750396728,{'final_key': 1},False,,key0_asymptotic_final_key_0.5,16,final_key,0.5,asymptotic,0,0.0128205128205128,True
0.0,0.5,0.0,0.0,0.0,2810,34,True,False,1,0.0269834995269775,{'final_key': 1},False,,key0_asymptotic_final_key_0.5,17,final_key,0.5,asymptotic,0,0.0128205128205128,True
0.0,0.5,0.0,0.0,0.0,2810,34,True,False,1,0.021357774734497,{'final_key': 1},False,,key0_asymptotic_final_key_0.5,18,final_key,0.5,asymptotic,0,0.0128205128205128,True
0.0,0.5,0.0,0.0,0.0,2810,34,True,True,0,0.0289256572723388,{},False,,key0_asymptotic_final_key_0.5,19,final_key,0.5,asymptotic,0,0.0128205128205128,False
0.0,0.3,0.0,0.0,0.0,2810,34,True,False,1,0.0221138000488281,{'final_key': 1},False,,key0_asymptotic_final_key_0.3,0,final_key,0.3,asymptotic,0,0.0128205128205128,True
0.0,0.3,0.0,0.0,0.0,2810,34,True,True,0,0.0267643928527832,{},False,,key0_asymptotic_final_key_0.3,1,final_key,0.3,asymptotic,0,0.0128205128205128,False
0.0,0.3,0.0,0.0,0.0,2810,34,True,True,0,0.0217649936676025,{},False,,key0_asymptotic_final_key_0.3,2,final_key,0.3,asymptotic,0,0.0128205128205128,False
0.0,0.3,0.0,0.0,0.0,2810,34,True,True,0,0.0210242271423339,{},False,,key0_asymptotic_final_key_0.3,3,final_key,0.3,asymptotic,0,0.0128205128205128,False
0.0,0.3,0.0,0.0,0.0,2810,34,True,True,0,0.0213258266448974,{},False,,key0_asymptotic_final_key_0.3,4,final_key,0.3,asymptotic,0,0.0128205128205128,False
0.0,0.3,0.0,0.0,0.0,2810,34,True,True,0,0.0227952003479003,{},False,,key0_asymptotic_final_key_0.3,5,final_key,0.3,asymptotic,0,0.0128205128205128,False
0.0,0.3,0.0,0.0,0.0,2810,34,True,True,0,0.0267703533172607,{},False,,key0_asymptotic_final_key_0.3,6,final_key,0.3,asymptotic,0,0.0128205128205128,False
0.0,0.3,0.0,0.0,0.0,2810,34,True,True,0,0.0222730636596679,{},False,,key0_asymptotic_final_key_0.3,7,final_key,0.3,asymptotic,0,0.0128205128205128,False
0.0,0.3,0.0,0.0,0.0,2810,34,True,True,0,0.0216341018676757,{},False,,key0_asymptotic_final_key_0.3,8,final_key,0.3,asymptotic,0,0.0128205128205128,False
0.0,0.3,0.0,0.0,0.0,2810,34,True,True,0,0.0224659442901611,{},False,,key0_asymptotic_final_key_0.3,9,final_key,0.3,asymptotic,0,0.0128205128205128,False
0.0,0.3,0.0,0.0,0.0,2810,34,True,False,1,0.0225725173950195,{'final_key': 1},False,,key0_asymptotic_final_key_0.3,10,final_key,0.3,asymptotic,0,0.0128205128205128,True
0.0,0.3,0.0,0.0,0.0,2810,34,True,True,0,0.0217835903167724,{},False,,key0_asymptotic_final_key_0.3,11,final_key,0.3,asymptotic,0,0.0128205128205128,False
0.0,0.3,0.0,0.0,0.0,2810,34,True,False,1,0.0225021839141845,{'final_key': 1},False,,key0_asymptotic_final_key_0.3,12,final_key,0.3,asymptotic,0,0.0128205128205128,True
0.0,0.3,0.0,0.0,0.0,2810,34,True,False,1,0.0216572284698486,{'final_key': 1},False,,key0_asymptotic_final_key_0.3,13,final_key,0.3,asymptotic,0,0.0128205128205128,True
0.0,0.3,0.0,0.0,0.0,2810,34,True,True,0,0.025886058807373,{},False,,key0_asymptotic_final_key_0.3,14,final_key,0.3,asymptotic,0,0.0128205128205128,False
0.0,0.3,0.0,0.0,0.0,2810,34,True,True,0,0.021712303161621,{},False,,key0_asymptotic_final_key_0.3,15,final_key,0.3,asymptotic,0,0.0128205128205128,False
0.0,0.3,0.0,0.0,0.0,2810,34,True,False,1,0.0211095809936523,{'final_key': 1},False,,key0_asymptotic_final_key_0.3,16,final_key,0.3,asymptotic,0,0.0128205128205128,True
0.0,0.3,0.0,0.0,0.0,2810,34,True,False,1,0.0215411186218261,{'final_key': 1},False,,key0_asymptotic_final_key_0.3,17,final_key,0.3,asymptotic,0,0.0128205128205128,True
0.0,0.3,0.0,0.0,0.0,2810,34,True,False,1,0.022407054901123,{'final_key': 1},False,,key0_asymptotic_final_key_0.3,18,final_key,0.3,asymptotic,0,0.0128205128205128,True
0.0,0.3,0.0,0.0,0.0,2810,34,True,True,0,0.0243360996246337,{},False,,key0_asymptotic_final_key_0.3,19,final_key,0.3,asymptotic,0,0.0128205128205128,False
0.0,0.1,0.0,0.0,0.0,2810,34,True,True,0,0.0211193561553955,{},False,,key0_asymptotic_final_key_0.1,0,final_key,0.1,asymptotic,0,0.0128205128205128,False
0.0,0.1,0.0,0.0,0.0,2810,34,True,True,0,0.0281043052673339,{},False,,key0_asymptotic_final_key_0.1,1,final_key,0.1,asymptotic,0,0.0128205128205128,False
0.0,0.1,0.0,0.0,0.0,2810,34,True,True,0,0.0243165493011474,{},False,,key0_asymptotic_final_key_0.1,2,final_key,0.1,asymptotic,0,0.0128205128205128,False
0.0,0.1,0.0,0.0,0.0,2810,34,True,True,0,0.0244224071502685,{},False,,key0_asymptotic_final_key_0.1,3,final_key,0.1,asymptotic,0,0.0128205128205128,False
0.0,0.1,0.0,0.0,0.0,2810,34,True,True,0,0.0219645500183105,{},False,,key0_asymptotic_final_key_0.1,4,final_key,0.1,asymptotic,0,0.0128205128205128,False
0.0,0.1,0.0,0.0,0.0,2810,34,True,True,0,0.0212602615356445,{},False,,key0_asymptotic_final_key_0.1,5,final_key,0.1,asymptotic,0,0.0128205128205128,False
0.0,0.1,0.0,0.0,0.0,2810,34,True,True,0,0.0220305919647216,{},False,,key0_asymptotic_final_key_0.1,6,final_key,0.1,asymptotic,0,0.0128205128205128,False
0.0,0.1,0.0,0.0,0.0,2810,34,True,True,0,0.0218615531921386,{},False,,key0_asymptotic_final_key_0.1,7,final_key,0.1,asymptotic,0,0.0128205128205128,False
0.0,0.1,0.0,0.0,0.0,2810,34,True,True,0,0.0221867561340332,{},False,,key0_asymptotic_final_key_0.1,8,final_key,0.1,asymptotic,0,0.0128205128205128,False
0.0,0.1,0.0,0.0,0.0,2810,34,True,True,0,0.0221331119537353,{},False,,key0_asymptotic_final_key_0.1,9,final_key,0.1,asymptotic,0,0.0128205128205128,False
0.0,0.1,0.0,0.0,0.0,2810,34,True,False,1,0.0221827030181884,{'final_key': 1},False,,key0_asymptotic_final_key_0.1,10,final_key,0.1,asymptotic,0,0.0128205128205128,True
0.0,0.1,0.0,0.0,0.0,2810,34,True,True,0,0.0223569869995117,{},False,,key0_asymptotic_final_key_0.1,11,final_key,0.1,asymptotic,0,0.0128205128205128,False
0.0,0.1,0.0,0.0,0.0,2810,34,True,False,1,0.0222752094268798,{'final_key': 1},False,,key0_asymptotic_final_key_0.1,12,final_key,0.1,asymptotic,0,0.0128205128205128,True
0.0,0.1,0.0,0.0,0.0,2810,34,True,True,0,0.0227134227752685,{},False,,key0_asymptotic_final_key_0.1,13,final_key,0.1,asymptotic,0,0.0128205128205128,False
0.0,0.1,0.0,0.0,0.0,2810,34,True,True,0,0.0218770503997802,{},False,,key0_asymptotic_final_key_0.1,14,final_key,0.1,asymptotic,0,0.0128205128205128,False
0.0,0.1,0.0,0.0,0.0,2810,34,True,True,0,0.0229480266571044,{},False,,key0_asymptotic_final_key_0.1,15,final_key,0.1,asymptotic,0,0.0128205128205128,False
0.0,0.1,0.0,0.0,0.0,2810,34,True,True,0,0.0232048034667968,{},False,,key0_asymptotic_final_key_0.1,16,final_key,0.1,asymptotic,0,0.0128205128205128,False
0.0,0.1,0.0,0.0,0.0,2810,34,True,True,0,0.023792028427124,{},False,,key0_asymptotic_final_key_0.1,17,final_key,0.1,asymptotic,0,0.0128205128205128,False
0.0,0.1,0.0,0.0,0.0,2810,34,True,True,0,0.021364688873291,{},False,,key0_asymptotic_final_key_0.1,18,final_key,0.1,asymptotic,0,0.0128205128205128,False
0.0,0.1,0.0,0.0,0.0,2810,34,True,True,0,0.0225381851196289,{},False,,key0_asymptotic_final_key_0.1,19,final_key,0.1,asymptotic,0,0.0128205128205128,False
0.0,0.05,0.0,0.0,0.0,2810,34,True,True,0,0.0249545574188232,{},False,,key0_asymptotic_final_key_0.05,0,final_key,0.05,asymptotic,0,0.0128205128205128,False
0.0,0.05,0.0,0.0,0.0,2810,34,True,True,0,0.0298094749450683,{},False,,key0_asymptotic_final_key_0.05,1,final_key,0.05,asymptotic,0,0.0128205128205128,False
0.0,0.05,0.0,0.0,0.0,2810,34,True,True,0,0.0218639373779296,{},False,,key0_asymptotic_final_key_0.05,2,final_key,0.05,asymptotic,0,0.0128205128205128,False
0.0,0.05,0.0,0.0,0.0,2810,34,True,True,0,0.0219273567199707,{},False,,key0_asymptotic_final_key_0.05,3,final_key,0.05,asymptotic,0,0.0128205128205128,False
0.0,0.05,0.0,0.0,0.0,2810,34,True,True,0,0.0211632251739501,{},False,,key0_asymptotic_final_key_0.05,4,final_key,0.05,asymptotic,0,0.0128205128205128,False
0.0,0.05,0.0,0.0,0.0,2810,34,True,True,0,0.0284099578857421,{},False,,key0_asymptotic_final_key_0.05,5,final_key,0.05,asymptotic,0,0.0128205128205128,False
0.0,0.05,0.0,0.0,0.0,2810,34,True,True,0,0.0207612514495849,{},False,,key0_asymptotic_final_key_0.05,6,final_key,0.05,asymptotic,0,0.0128205128205128,False
0.0,0.05,0.0,0.0,0.0,2810,34,True,True,0,0.0210144519805908,{},False,,key0_asymptotic_final_key_0.05,7,final_key,0.05,asymptotic,0,0.0128205128205128,False
0.0,0.05,0.0,0.0,0.0,2810,34,True,True,0,0.0210514068603515,{},False,,key0_asymptotic_final_key_0.05,8,final_key,0.05,asymptotic,0,0.0128205128205128,False
0.0,0.05,0.0,0.0,0.0,2810,34,True,True,0,0.0224359035491943,{},False,,key0_asymptotic_final_key_0.05,9,final_key,0.05,asymptotic,0,0.0128205128205128,False
0.0,0.05,0.0,0.0,0.0,2810,34,True,True,0,0.0289075374603271,{},False,,key0_asymptotic_final_key_0.05,10,final_key,0.05,asymptotic,0,0.0128205128205128,False
0.0,0.05,0.0,0.0,0.0,2810,34,True,True,0,0.0227282047271728,{},False,,key0_asymptotic_final_key_0.05,11,final_key,0.05,asymptotic,0,0.0128205128205128,False
0.0,0.05,0.0,0.0,0.0,2810,34,True,True,0,0.0223457813262939,{},False,,key0_asymptotic_final_key_0.05,12,final_key,0.05,asymptotic,0,0.0128205128205128,False
0.0,0.05,0.0,0.0,0.0,2810,34,True,True,0,0.0215890407562255,{},False,,key0_asymptotic_final_key_0.05,13,final_key,0.05,asymptotic,0,0.0128205128205128,False
0.0,0.05,0.0,0.0,0.0,2810,34,True,True,0,0.0207946300506591,{},False,,key0_asymptotic_final_key_0.05,14,final_key,0.05,asymptotic,0,0.0128205128205128,False
0.0,0.05,0.0,0.0,0.0,2810,34,True,True,0,0.0269515514373779,{},False,,key0_asymptotic_final_key_0.05,15,final_key,0.05,asymptotic,0,0.0128205128205128,False
0.0,0.05,0.0,0.0,0.0,2810,34,True,True,0,0.0257356166839599,{},False,,key0_asymptotic_final_key_0.05,16,final_key,0.05,asymptotic,0,0.0128205128205128,False
0.0,0.05,0.0,0.0,0.0,2810,34,True,True,0,0.0249941349029541,{},False,,key0_asymptotic_final_key_0.05,17,final_key,0.05,asymptotic,0,0.0128205128205128,False
0.0,0.05,0.0,0.0,0.0,2810,34,True,True,0,0.0259144306182861,{},False,,key0_asymptotic_final_key_0.05,18,final_key,0.05,asymptotic,0,0.0128205128205128,False
0.0,0.05,0.0,0.0,0.0,2810,34,True,True,0,0.0237486362457275,{},False,,key0_asymptotic_final_key_0.05,19,final_key,0.05,asymptotic,0,0.0128205128205128,False
0.0,0.03,0.0,0.0,0.0,2810,34,True,True,0,0.0236628055572509,{},False,,key0_asymptotic_final_key_0.03,0,final_key,0.03,asymptotic,0,0.0128205128205128,False
0.0,0.03,0.0,0.0,0.0,2810,34,True,True,0,0.0250401496887207,{},False,,key0_asymptotic_final_key_0.03,1,final_key,0.03,asymptotic,0,0.0128205128205128,False
0.0,0.03,0.0,0.0,0.0,2810,34,True,True,0,0.0220742225646972,{},False,,key0_asymptotic_final_key_0.03,2,final_key,0.03,asymptotic,0,0.0128205128205128,False
0.0,0.03,0.0,0.0,0.0,2810,34,True,True,0,0.0217244625091552,{},False,,key0_asymptotic_final_key_0.03,3,final_key,0.03,asymptotic,0,0.0128205128205128,False
0.0,0.03,0.0,0.0,0.0,2810,34,True,True,0,0.0221822261810302,{},False,,key0_asymptotic_final_key_0.03,4,final_key,0.03,asymptotic,0,0.0128205128205128,False
0.0,0.03,0.0,0.0,0.0,2810,34,True,True,0,0.0255770683288574,{},False,,key0_asymptotic_final_key_0.03,5,final_key,0.03,asymptotic,0,0.0128205128205128,False
0.0,0.03,0.0,0.0,0.0,2810,34,True,True,0,0.0267326831817626,{},False,,key0_asymptotic_final_key_0.03,6,final_key,0.03,asymptotic,0,0.0128205128205128,False
0.0,0.03,0.0,0.0,0.0,2810,34,True,True,0,0.0240395069122314,{},False,,key0_asymptotic_final_key_0.03,7,final_key,0.03,asymptotic,0,0.0128205128205128,False
0.0,0.03,0.0,0.0,0.0,2810,34,True,True,0,0.0239870548248291,{},False,,key0_asymptotic_final_key_0.03,8,final_key,0.03,asymptotic,0,0.0128205128205128,False
0.0,0.03,0.0,0.0,0.0,2810,34,True,True,0,0.0225210189819335,{},False,,key0_asymptotic_final_key_0.03,9,final_key,0.03,asymptotic,0,0.0128205128205128,False
0.0,0.03,0.0,0.0,0.0,2810,34,True,True,0,0.0223338603973388,{},False,,key0_asymptotic_final_key_0.03,10,final_key,0.03,asymptotic,0,0.0128205128205128,False
0.0,0.03,0.0,0.0,0.0,2810,34,True,True,0,0.0214982032775878,{},False,,key0_asymptotic_final_key_0.03,11,final_key,0.03,asymptotic,0,0.0128205128205128,False
0.0,0.03,0.0,0.0,0.0,2810,34,True,True,0,0.0216584205627441,{},False,,key0_asymptotic_final_key_0.03,12,final_key,0.03,asymptotic,0,0.0128205128205128,False
0.0,0.03,0.0,0.0,0.0,2810,34,True,True,0,0.0220906734466552,{},False,,key0_asymptotic_final_key_0.03,13,final_key,0.03,asymptotic,0,0.0128205128205128,False
0.0,0.03,0.0,0.0,0.0,2810,34,True,True,0,0.0249173641204834,{},False,,key0_asymptotic_final_key_0.03,14,final_key,0.03,asymptotic,0,0.0128205128205128,False
0.0,0.03,0.0,0.0,0.0,2810,34,True,True,0,0.0216956138610839,{},False,,key0_asymptotic_final_key_0.03,15,final_key,0.03,asymptotic,0,0.0128205128205128,False
0.0,0.03,0.0,0.0,0.0,2810,34,True,True,0,0.0209975242614746,{},False,,key0_asymptotic_final_key_0.03,16,final_key,0.03,asymptotic,0,0.0128205128205128,False
0.0,0.03,0.0,0.0,0.0,2810,34,True,True,0,0.0213673114776611,{},False,,key0_asymptotic_final_key_0.03,17,final_key,0.03,asymptotic,0,0.0128205128205128,False
0.0,0.03,0.0,0.0,0.0,2810,34,True,True,0,0.022493839263916,{},False,,key0_asymptotic_final_key_0.03,18,final_key,0.03,asymptotic,0,0.0128205128205128,False
0.0,0.03,0.0,0.0,0.0,2810,34,True,True,0,0.0249950885772705,{},False,,key0_asymptotic_final_key_0.03,19,final_key,0.03,asymptotic,0,0.0128205128205128,False
0.0,0.01,0.0,0.0,0.0,2810,34,True,True,0,0.0207455158233642,{},False,,key0_asymptotic_final_key_0.01,0,final_key,0.01,asymptotic,0,0.0128205128205128,False
0.0,0.01,0.0,0.0,0.0,2810,34,True,True,0,0.0214028358459472,{},False,,key0_asymptotic_final_key_0.01,1,final_key,0.01,asymptotic,0,0.0128205128205128,False
0.0,0.01,0.0,0.0,0.0,2810,34,True,True,0,0.0225799083709716,{},False,,key0_asymptotic_final_key_0.01,2,final_key,0.01,asymptotic,0,0.0128205128205128,False
0.0,0.01,0.0,0.0,0.0,2810,34,True,True,0,0.0211892127990722,{},False,,key0_asymptotic_final_key_0.01,3,final_key,0.01,asymptotic,0,0.0128205128205128,False
0.0,0.01,0.0,0.0,0.0,2810,34,True,True,0,0.0219974517822265,{},False,,key0_asymptotic_final_key_0.01,4,final_key,0.01,asymptotic,0,0.0128205128205128,False
0.0,0.01,0.0,0.0,0.0,2810,34,True,True,0,0.0212316513061523,{},False,,key0_asymptotic_final_key_0.01,5,final_key,0.01,asymptotic,0,0.0128205128205128,False
0.0,0.01,0.0,0.0,0.0,2810,34,True,True,0,0.0218901634216308,{},False,,key0_asymptotic_final_key_0.01,6,final_key,0.01,asymptotic,0,0.0128205128205128,False
0.0,0.01,0.0,0.0,0.0,2810,34,True,True,0,0.0218687057495117,{},False,,key0_asymptotic_final_key_0.01,7,final_key,0.01,asymptotic,0,0.0128205128205128,False
0.0,0.01,0.0,0.0,0.0,2810,34,True,True,0,0.0211033821105957,{},False,,key0_asymptotic_final_key_0.01,8,final_key,0.01,asymptotic,0,0.0128205128205128,False
0.0,0.01,0.0,0.0,0.0,2810,34,True,True,0,0.0225105285644531,{},False,,key0_asymptotic_final_key_0.01,9,final_key,0.01,asymptotic,0,0.0128205128205128,False
0.0,0.01,0.0,0.0,0.0,2810,34,True,True,0,0.0233869552612304,{},False,,key0_asymptotic_final_key_0.01,10,final_key,0.01,asymptotic,0,0.0128205128205128,False
0.0,0.01,0.0,0.0,0.0,2810,34,True,True,0,0.0294272899627685,{},False,,key0_asymptotic_final_key_0.01,11,final_key,0.01,asymptotic,0,0.0128205128205128,False
0.0,0.01,0.0,0.0,0.0,2810,34,True,True,0,0.0250365734100341,{},False,,key0_asymptotic_final_key_0.01,12,final_key,0.01,asymptotic,0,0.0128205128205128,False
0.0,0.01,0.0,0.0,0.0,2810,34,True,True,0,0.0392959117889404,{},False,,key0_asymptotic_final_key_0.01,13,final_key,0.01,asymptotic,0,0.0128205128205128,False
0.0,0.01,0.0,0.0,0.0,2810,34,True,True,0,0.0409307479858398,{},False,,key0_asymptotic_final_key_0.01,14,final_key,0.01,asymptotic,0,0.0128205128205128,False
0.0,0.01,0.0,0.0,0.0,2810,34,True,True,0,0.0325238704681396,{},False,,key0_asymptotic_final_key_0.01,15,final_key,0.01,asymptotic,0,0.0128205128205128,False
0.0,0.01,0.0,0.0,0.0,2810,34,True,True,0,0.0274176597595214,{},False,,key0_asymptotic_final_key_0.01,16,final_key,0.01,asymptotic,0,0.0128205128205128,False
0.0,0.01,0.0,0.0,0.0,2810,34,True,True,0,0.0357182025909423,{},False,,key0_asymptotic_final_key_0.01,17,final_key,0.01,asymptotic,0,0.0128205128205128,False
0.0,0.01,0.0,0.0,0.0,2810,34,True,True,0,0.0303328037261962,{},False,,key0_asymptotic_final_key_0.01,18,final_key,0.01,asymptotic,0,0.0128205128205128,False
0.0,0.01,0.0,0.0,0.0,2810,34,True,True,0,0.0301811695098876,{},False,,key0_asymptotic_final_key_0.01,19,final_key,0.01,asymptotic,0,0.0128205128205128,False
0.0,0.003,0.0,0.0,0.0,2810,34,True,True,0,0.0305888652801513,{},False,,key0_asymptotic_final_key_0.003,0,final_key,0.003,asymptotic,0,0.0128205128205128,False
0.0,0.003,0.0,0.0,0.0,2810,34,True,True,0,0.0347795486450195,{},False,,key0_asymptotic_final_key_0.003,1,final_key,0.003,asymptotic,0,0.0128205128205128,False
0.0,0.003,0.0,0.0,0.0,2810,34,True,True,0,0.0304930210113525,{},False,,key0_asymptotic_final_key_0.003,2,final_key,0.003,asymptotic,0,0.0128205128205128,False
0.0,0.003,0.0,0.0,0.0,2810,34,True,True,0,0.0272994041442871,{},False,,key0_asymptotic_final_key_0.003,3,final_key,0.003,asymptotic,0,0.0128205128205128,False
0.0,0.003,0.0,0.0,0.0,2810,34,True,True,0,0.0249736309051513,{},False,,key0_asymptotic_final_key_0.003,4,final_key,0.003,asymptotic,0,0.0128205128205128,False
0.0,0.003,0.0,0.0,0.0,2810,34,True,True,0,0.0227961540222167,{},False,,key0_asymptotic_final_key_0.003,5,final_key,0.003,asymptotic,0,0.0128205128205128,False
0.0,0.003,0.0,0.0,0.0,2810,34,True,True,0,0.0215353965759277,{},False,,key0_asymptotic_final_key_0.003,6,final_key,0.003,asymptotic,0,0.0128205128205128,False
0.0,0.003,0.0,0.0,0.0,2810,34,True,True,0,0.0217254161834716,{},False,,key0_asymptotic_final_key_0.003,7,final_key,0.003,asymptotic,0,0.0128205128205128,False
0.0,0.003,0.0,0.0,0.0,2810,34,True,True,0,0.0219249725341796,{},False,,key0_asymptotic_final_key_0.003,8,final_key,0.003,asymptotic,0,0.0128205128205128,False
0.0,0.003,0.0,0.0,0.0,2810,34,True,True,0,0.0215768814086914,{},False,,key0_asymptotic_final_key_0.003,9,final_key,0.003,asymptotic,0,0.0128205128205128,False
0.0,0.003,0.0,0.0,0.0,2810,34,True,True,0,0.0219645500183105,{},False,,key0_asymptotic_final_key_0.003,10,final_key,0.003,asymptotic,0,0.0128205128205128,False
0.0,0.003,0.0,0.0,0.0,2810,34,True,True,0,0.0219078063964843,{},False,,key0_asymptotic_final_key_0.003,11,final_key,0.003,asymptotic,0,0.0128205128205128,False
0.0,0.003,0.0,0.0,0.0,2810,34,True,True,0,0.0244717597961425,{},False,,key0_asymptotic_final_key_0.003,12,final_key,0.003,asymptotic,0,0.0128205128205128,False
0.0,0.003,0.0,0.0,0.0,2810,34,True,True,0,0.0229485034942626,{},False,,key0_asymptotic_final_key_0.003,13,final_key,0.003,asymptotic,0,0.0128205128205128,False
0.0,0.003,0.0,0.0,0.0,2810,34,True,True,0,0.0260329246520996,{},False,,key0_asymptotic_final_key_0.003,14,final_key,0.003,asymptotic,0,0.0128205128205128,False
0.0,0.003,0.0,0.0,0.0,2810,34,True,True,0,0.0480532646179199,{},False,,key0_asymptotic_final_key_0.003,15,final_key,0.003,asymptotic,0,0.0128205128205128,False
0.0,0.003,0.0,0.0,0.0,2810,34,True,True,0,0.0379841327667236,{},False,,key0_asymptotic_final_key_0.003,16,final_key,0.003,asymptotic,0,0.0128205128205128,False
0.0,0.003,0.0,0.0,0.0,2810,34,True,True,0,0.03413987159729,{},False,,key0_asymptotic_final_key_0.003,17,final_key,0.003,asymptotic,0,0.0128205128205128,False
0.0,0.003,0.0,0.0,0.0,2810,34,True,True,0,0.0278759002685546,{},False,,key0_asymptotic_final_key_0.003,18,final_key,0.003,asymptotic,0,0.0128205128205128,False
0.0,0.003,0.0,0.0,0.0,2810,34,True,True,0,0.040107250213623,{},False,,key0_asymptotic_final_key_0.003,19,final_key,0.003,asymptotic,0,0.0128205128205128,False
0.0,0.001,0.0,0.0,0.0,2810,34,True,True,0,0.0283188819885253,{},False,,key0_asymptotic_final_key_0.001,0,final_key,0.001,asymptotic,0,0.0128205128205128,False
0.0,0.001,0.0,0.0,0.0,2810,34,True,True,0,0.0304362773895263,{},False,,key0_asymptotic_final_key_0.001,1,final_key,0.001,asymptotic,0,0.0128205128205128,False
0.0,0.001,0.0,0.0,0.0,2810,34,True,True,0,0.0250792503356933,{},False,,key0_asymptotic_final_key_0.001,2,final_key,0.001,asymptotic,0,0.0128205128205128,False
0.0,0.001,0.0,0.0,0.0,2810,34,True,True,0,0.0341005325317382,{},False,,key0_asymptotic_final_key_0.001,3,final_key,0.001,asymptotic,0,0.0128205128205128,False
0.0,0.001,0.0,0.0,0.0,2810,34,True,True,0,0.0308029651641845,{},False,,key0_asymptotic_final_key_0.001,4,final_key,0.001,asymptotic,0,0.0128205128205128,False
0.0,0.001,0.0,0.0,0.0,2810,34,True,True,0,0.0362470149993896,{},False,,key0_asymptotic_final_key_0.001,5,final_key,0.001,asymptotic,0,0.0128205128205128,False
0.0,0.001,0.0,0.0,0.0,2810,34,True,True,0,0.0274579524993896,{},False,,key0_asymptotic_final_key_0.001,6,final_key,0.001,asymptotic,0,0.0128205128205128,False
0.0,0.001,0.0,0.0,0.0,2810,34,True,True,0,0.0245313644409179,{},False,,key0_asymptotic_final_key_0.001,7,final_key,0.001,asymptotic,0,0.0128205128205128,False
0.0,0.001,0.0,0.0,0.0,2810,34,True,True,0,0.0209803581237792,{},False,,key0_asymptotic_final_key_0.001,8,final_key,0.001,asymptotic,0,0.0128205128205128,False
0.0,0.001,0.0,0.0,0.0,2810,34,True,True,0,0.0220553874969482,{},False,,key0_asymptotic_final_key_0.001,9,final_key,0.001,asymptotic,0,0.0128205128205128,False
0.0,0.001,0.0,0.0,0.0,2810,34,True,True,0,0.0240445137023925,{},False,,key0_asymptotic_final_key_0.001,10,final_key,0.001,asymptotic,0,0.0128205128205128,False
0.0,0.001,0.0,0.0,0.0,2810,34,True,True,0,0.0217981338500976,{},False,,key0_asymptotic_final_key_0.001,11,final_key,0.001,asymptotic,0,0.0128205128205128,False
0.0,0.001,0.0,0.0,0.0,2810,34,True,True,0,0.0217218399047851,{},False,,key0_asymptotic_final_key_0.001,12,final_key,0.001,asymptotic,0,0.0128205128205128,False
0.0,0.001,0.0,0.0,0.0,2810,34,True,True,0,0.0220410823822021,{},False,,key0_asymptotic_final_key_0.001,13,final_key,0.001,asymptotic,0,0.0128205128205128,False
0.0,0.001,0.0,0.0,0.0,2810,34,True,True,0,0.0226202011108398,{},False,,key0_asymptotic_final_key_0.001,14,final_key,0.001,asymptotic,0,0.0128205128205128,False
0.0,0.001,0.0,0.0,0.0,2810,34,True,True,0,0.0229547023773193,{},False,,key0_asymptotic_final_key_0.001,15,final_key,0.001,asymptotic,0,0.0128205128205128,False
0.0,0.001,0.0,0.0,0.0,2810,34,True,True,0,0.0213241577148437,{},False,,key0_asymptotic_final_key_0.001,16,final_key,0.001,asymptotic,0,0.0128205128205128,False
0.0,0.001,0.0,0.0,0.0,2810,34,True,True,0,0.0214684009552001,{},False,,key0_asymptotic_final_key_0.001,17,final_key,0.001,asymptotic,0,0.0128205128205128,False
0.0,0.001,0.0,0.0,0.0,2810,34,True,True,0,0.0271832942962646,{},False,,key0_asymptotic_final_key_0.001,18,final_key,0.001,asymptotic,0,0.0128205128205128,False
0.0,0.001,0.0,0.0,0.0,2810,34,True,True,0,0.039919376373291,{},False,,key0_asymptotic_final_key_0.001,19,final_key,0.001,asymptotic,0,0.0128205128205128,False
0.0,0.0,0.5,0.0,0.0045662100456621,2810,34,False,False,1439,0.0425450801849365,{'reconciliation_state': 16},False,,key0_asymptotic_reconciliation_0.5,0,reconciliation,0.5,asymptotic,0,0.0128205128205128,True
0.0,0.0,0.5,0.0,0.0037100456621004,2810,34,False,False,1364,0.0382907390594482,{'reconciliation_state': 12},False,,key0_asymptotic_reconciliation_0.5,1,reconciliation,0.5,asymptotic,0,0.0128205128205128,True
0.0,0.0,0.5,0.0,0.0048515981735159,2810,34,False,False,1404,0.0603110790252685,{'reconciliation_state': 14},False,,key0_asymptotic_reconciliation_0.5,2,reconciliation,0.5,asymptotic,0,0.0128205128205128,True
0.0,0.0,0.5,0.0,0.0034246575342465,2810,34,False,False,1383,0.0609698295593261,{'reconciliation_state': 12},False,,key0_asymptotic_reconciliation_0.5,3,reconciliation,0.5,asymptotic,0,0.0128205128205128,True
0.0,0.0,0.5,0.0,0.0051369863013698,2810,34,False,False,1473,0.0553493499755859,{'reconciliation_state': 14},False,,key0_asymptotic_reconciliation_0.5,4,reconciliation,0.5,asymptotic,0,0.0128205128205128,True
0.0,0.0,0.5,0.0,0.0039954337899543,2810,34,False,False,1386,0.0508677959442138,{'reconciliation_state': 14},False,,key0_asymptotic_reconciliation_0.5,5,reconciliation,0.5,asymptotic,0,0.0128205128205128,True
0.0,0.0,0.5,0.0,0.0051369863013698,2810,34,False,False,1442,0.0322983264923095,{'reconciliation_state': 18},False,,key0_asymptotic_reconciliation_0.5,6,reconciliation,0.5,asymptotic,0,0.0128205128205128,True
0.0,0.0,0.5,0.0,0.0059931506849315,2810,34,False,False,1425,0.0337140560150146,{'reconciliation_state': 18},False,,key0_asymptotic_reconciliation_0.5,7,reconciliation,0.5,asymptotic,0,0.0128205128205128,True
0.0,0.0,0.5,0.0,0.0051369863013698,2810,34,False,False,1376,0.0507266521453857,{'reconciliation_state': 17},False,,key0_asymptotic_reconciliation_0.5,8,reconciliation,0.5,asymptotic,0,0.0128205128205128,True
0.0,0.0,0.5,0.0,0.0037100456621004,2810,34,False,False,1414,0.0487458705902099,{'reconciliation_state': 13},False,,key0_asymptotic_reconciliation_0.5,9,reconciliation,0.5,asymptotic,0,0.0128205128205128,True
0.0,0.0,0.5,0.0,0.0051369863013698,2810,34,False,False,1379,0.0555074214935302,{'reconciliation_state': 17},False,,key0_asymptotic_reconciliation_0.5,10,reconciliation,0.5,asymptotic,0,0.0128205128205128,True
0.0,0.0,0.5,0.0,0.0054223744292237,2810,34,False,False,1408,0.0521609783172607,{'reconciliation_state': 17},False,,key0_asymptotic_reconciliation_0.5,11,reconciliation,0.5,asymptotic,0,0.0128205128205128,True
0.0,0.0,0.5,0.0,0.0042808219178082,2810,34,False,False,1384,0.0513169765472412,{'reconciliation_state': 13},False,,key0_asymptotic_reconciliation_0.5,12,reconciliation,0.5,asymptotic,0,0.0128205128205128,True
0.0,0.0,0.5,0.0,0.0042808219178082,2810,34,False,False,1423,0.0588188171386718,{'reconciliation_state': 15},False,,key0_asymptotic_reconciliation_0.5,13,reconciliation,0.5,asymptotic,0,0.0128205128205128,True
0.0,0.0,0.5,0.0,0.0059931506849315,2810,34,False,False,1406,0.0533642768859863,{'reconciliation_state': 21},False,,key0_asymptotic_reconciliation_0.5,14,reconciliation,0.5,asymptotic,0,0.0128205128205128,True
0.0,0.0,0.5,0.0,0.0051369863013698,2810,34,False,False,1410,0.056182861328125,{'reconciliation_state': 18},False,,key0_asymptotic_reconciliation_0.5,15,reconciliation,0.5,asymptotic,0,0.0128205128205128,True
0.0,0.0,0.5,0.0,0.0042808219178082,2810,34,False,False,1365,0.0501918792724609,{'reconciliation_state': 15},False,,key0_asymptotic_reconciliation_0.5,16,reconciliation,0.5,asymptotic,0,0.0128205128205128,True
0.0,0.0,0.5,0.0,0.0034246575342465,2810,34,False,False,1422,0.0468573570251464,{'reconciliation_state': 12},False,,key0_asymptotic_reconciliation_0.5,17,reconciliation,0.5,asymptotic,0,0.0128205128205128,True
0.0,0.0,0.5,0.0,0.0037100456621004,2810,34,False,False,1372,0.0564935207366943,{'reconciliation_state': 13},False,,key0_asymptotic_reconciliation_0.5,18,reconciliation,0.5,asymptotic,0,0.0128205128205128,True
0.0,0.0,0.5,0.0,0.0062785388127853,2810,34,False,False,1411,0.0589971542358398,{'reconciliation_state': 21},False,,key0_asymptotic_reconciliation_0.5,19,reconciliation,0.5,asymptotic,0,0.0128205128205128,True
0.0,0.0,0.3,0.0,0.0034246575342465,2810,34,False,False,1450,0.0502095222473144,{'reconciliation_state': 12},False,,key0_asymptotic_reconciliation_0.3,0,reconciliation,0.3,asymptotic,0,0.0128205128205128,True
0.0,0.0,0.3,0.0,0.002283105022831,2810,34,False,False,1376,0.0492024421691894,{'reconciliation_state': 8},False,,key0_asymptotic_reconciliation_0.3,1,reconciliation,0.3,asymptotic,0,0.0128205128205128,True
0.0,0.0,0.3,0.0,0.0031392694063926,2810,34,False,False,1398,0.0525765419006347,{'reconciliation_state': 10},False,,key0_asymptotic_reconciliation_0.3,2,reconciliation,0.3,asymptotic,0,0.0128205128205128,True
0.0,0.0,0.3,0.0,0.0019977168949771,2810,34,False,False,1438,0.0541555881500244,{'reconciliation_state': 7},False,,key0_asymptotic_reconciliation_0.3,3,reconciliation,0.3,asymptotic,0,0.0128205128205128,True
0.0,0.0,0.3,0.0,0.0025684931506849,2810,34,False,False,1418,0.0481226444244384,{'reconciliation_state': 8},False,,key0_asymptotic_reconciliation_0.3,4,reconciliation,0.3,asymptotic,0,0.0128205128205128,True
0.0,0.0,0.3,0.0,0.0028538812785388,2810,34,False,False,1388,0.0508227348327636,{'reconciliation_state': 10},False,,key0_asymptotic_reconciliation_0.3,5,reconciliation,0.3,asymptotic,0,0.0128205128205128,True
0.0,0.0,0.3,0.0,0.0028538812785388,2810,34,False,False,1396,0.059955358505249,{'reconciliation_state': 10},False,,key0_asymptotic_reconciliation_0.3,6,reconciliation,0.3,asymptotic,0,0.0128205128205128,True
0.0,0.0,0.3,0.0,0.0028538812785388,2810,34,False,False,1371,0.0532987117767334,{'reconciliation_state': 10},False,,key0_asymptotic_reconciliation_0.3,7,reconciliation,0.3,asymptotic,0,0.0128205128205128,True
0.0,0.0,0.3,0.0,0.0028538812785388,2810,34,False,False,1430,0.0520758628845214,{'reconciliation_state': 10},False,,key0_asymptotic_reconciliation_0.3,8,reconciliation,0.3,asymptotic,0,0.0128205128205128,True
0.0,0.0,0.3,0.0,0.0025684931506849,2810,34,False,False,1446,0.0482716560363769,{'reconciliation_state': 8},False,,key0_asymptotic_reconciliation_0.3,9,reconciliation,0.3,asymptotic,0,0.0128205128205128,True
0.0,0.0,0.3,0.0,0.0042808219178082,2810,34,False,False,1486,0.0488364696502685,{'reconciliation_state': 13},False,,key0_asymptotic_reconciliation_0.3,10,reconciliation,0.3,asymptotic,0,0.0128205128205128,True
0.0,0.0,0.3,0.0,0.002283105022831,2810,34,False,False,1375,0.0461328029632568,{'reconciliation_state': 8},False,,key0_asymptotic_reconciliation_0.3,11,reconciliation,0.3,asymptotic,0,0.0128205128205128,True
0.0,0.0,0.3,0.0,0.002283105022831,2810,34,False,False,1392,0.0501003265380859,{'reconciliation_state': 8},False,,key0_asymptotic_reconciliation_0.3,12,reconciliation,0.3,asymptotic,0,0.0128205128205128,True
0.0,0.0,0.3,0.0,0.0019977168949771,2810,34,False,False,1396,0.0476818084716796,{'reconciliation_state': 7},False,,key0_asymptotic_reconciliation_0.3,13,reconciliation,0.3,asymptotic,0,0.0128205128205128,True
0.0,0.0,0.3,0.0,0.0039954337899543,2810,34,False,False,1425,0.0500192642211914,{'reconciliation_state': 14},False,,key0_asymptotic_reconciliation_0.3,14,reconciliation,0.3,asymptotic,0,0.0128205128205128,True
0.0,0.0,0.3,0.0,0.0039954337899543,2810,34,False,False,1403,0.0504190921783447,{'reconciliation_state': 14},False,,key0_asymptotic_reconciliation_0.3,15,reconciliation,0.3,asymptotic,0,0.0128205128205128,True
0.0,0.0,0.3,0.0,0.0028538812785388,2810,34,False,False,1379,0.0494492053985595,{'reconciliation_state': 10},False,,key0_asymptotic_reconciliation_0.3,16,reconciliation,0.3,asymptotic,0,0.0128205128205128,True
0.0,0.0,0.3,0.0,0.0025684931506849,2810,34,False,False,1412,0.0471515655517578,{'reconciliation_state': 9},False,,key0_asymptotic_reconciliation_0.3,17,reconciliation,0.3,asymptotic,0,0.0128205128205128,True
0.0,0.0,0.3,0.0,0.002283105022831,2810,34,False,False,1422,0.0477423667907714,{'reconciliation_state': 8},False,,key0_asymptotic_reconciliation_0.3,18,reconciliation,0.3,asymptotic,0,0.0128205128205128,True
0.0,0.0,0.3,0.0,0.0025684931506849,2810,34,False,False,1419,0.0511181354522705,{'reconciliation_state': 9},False,,key0_asymptotic_reconciliation_0.3,19,reconciliation,0.3,asymptotic,0,0.0128205128205128,True
0.0,0.0,0.1,0.0,0.0005707762557077,2810,34,False,False,1387,0.0444915294647216,{'reconciliation_state': 2},False,,key0_asymptotic_reconciliation_0.1,0,reconciliation,0.1,asymptotic,0,0.0128205128205128,True
0.0,0.0,0.1,0.0,0.0008561643835616,2810,34,False,False,1396,0.044309377670288,{'reconciliation_state': 3},False,,key0_asymptotic_reconciliation_0.1,1,reconciliation,0.1,asymptotic,0,0.0128205128205128,True
0.0,0.0,0.1,0.0,0.0019977168949771,2810,34,False,False,1358,0.0484697818756103,{'reconciliation_state': 6},False,,key0_asymptotic_reconciliation_0.1,2,reconciliation,0.1,asymptotic,0,0.0128205128205128,True
0.0,0.0,0.1,0.0,0.0002853881278538,2810,34,False,False,1408,0.0429019927978515,{'reconciliation_state': 1},False,,key0_asymptotic_reconciliation_0.1,3,reconciliation,0.1,asymptotic,0,0.0128205128205128,True
0.0,0.0,0.1,0.0,0.0008561643835616,2810,34,False,False,1401,0.0397119522094726,{'reconciliation_state': 3},False,,key0_asymptotic_reconciliation_0.1,4,reconciliation,0.1,asymptotic,0,0.0128205128205128,True
0.0,0.0,0.1,0.0,0.0017123287671232,2810,34,False,False,1390,0.0473370552062988,{'reconciliation_state': 6},False,,key0_asymptotic_reconciliation_0.1,5,reconciliation,0.1,asymptotic,0,0.0128205128205128,True
0.0,0.0,0.1,0.0,0.0008561643835616,2810,34,False,False,1397,0.0434651374816894,{'reconciliation_state': 3},False,,key0_asymptotic_reconciliation_0.1,6,reconciliation,0.1,asymptotic,0,0.0128205128205128,True
0.0,0.0,0.1,0.0,0.0008561643835616,2810,34,False,False,1374,0.0446770191192626,{'reconciliation_state': 3},False,,key0_asymptotic_reconciliation_0.1,7,reconciliation,0.1,asymptotic,0,0.0128205128205128,True
0.0,0.0,0.1,0.0,0.0014269406392694,2810,34,False,False,1381,0.0474274158477783,{'reconciliation_state': 5},False,,key0_asymptotic_reconciliation_0.1,8,reconciliation,0.1,asymptotic,0,0.0128205128205128,True
0.0,0.0,0.1,0.0,0.0011415525114155,2810,34,False,False,1371,0.0463306903839111,{'reconciliation_state': 4},False,,key0_asymptotic_reconciliation_0.1,9,reconciliation,0.1,asymptotic,0,0.0128205128205128,True
0.0,0.0,0.1,0.0,0.0019977168949771,2810,34,False,False,1395,0.0255968570709228,{'reconciliation_state': 5},False,,key0_asymptotic_reconciliation_0.1,10,reconciliation,0.1,asymptotic,0,0.0128205128205128,True
0.0,0.0,0.1,0.0,0.0014269406392694,2810,34,False,False,1416,0.0338521003723144,{'reconciliation_state': 5},False,,key0_asymptotic_reconciliation_0.1,11,reconciliation,0.1,asymptotic,0,0.0128205128205128,True
0.0,0.0,0.1,0.0,0.0008561643835616,2810,34,False,False,1379,0.0465431213378906,{'reconciliation_state': 3},False,,key0_asymptotic_reconciliation_0.1,12,reconciliation,0.1,asymptotic,0,0.0128205128205128,True
0.0,0.0,0.1,0.0,0.0005707762557077,2810,34,False,False,1395,0.0458960533142089,{'reconciliation_state': 2},False,,key0_asymptotic_reconciliation_0.1,13,reconciliation,0.1,asymptotic,0,0.0128205128205128,True
0.0,0.0,0.1,0.0,0.0008561643835616,2810,34,False,False,1391,0.0317013263702392,{'reconciliation_state': 3},False,,key0_asymptotic_reconciliation_0.1,14,reconciliation,0.1,asymptotic,0,0.0128205128205128,True
0.0,0.0,0.1,0.0,0.0008561643835616,2810,34,False,False,1374,0.047612190246582,{'reconciliation_state': 3},False,,key0_asymptotic_reconciliation_0.1,15,reconciliation,0.1,asymptotic,0,0.0128205128205128,True
0.0,0.0,0.1,0.0,0.0017123287671232,2810,34,False,False,1398,0.0493462085723876,{'reconciliation_state': 6},False,,key0_asymptotic_reconciliation_0.1,16,reconciliation,0.1,asymptotic,0,0.0128205128205128,True
0.0,0.0,0.1,0.0,0.0011415525114155,2810,34,False,False,1420,0.04591965675354,{'reconciliation_state': 4},False,,key0_asymptotic_reconciliation_0.1,17,reconciliation,0.1,asymptotic,0,0.0128205128205128,True
0.0,0.0,0.1,0.0,0.0005707762557077,2810,34,False,False,1451,0.0452947616577148,{'reconciliation_state': 2},False,,key0_asymptotic_reconciliation_0.1,18,reconciliation,0.1,asymptotic,0,0.0128205128205128,True
0.0,0.0,0.1,0.0,0.0005707762557077,2810,34,False,False,1390,0.0442137718200683,{'reconciliation_state': 2},False,,key0_asymptotic_reconciliation_0.1,19,reconciliation,0.1,asymptotic,0,0.0128205128205128,True
0.0,0.0,0.05,0.0,0.0002853881278538,2810,34,False,False,1452,0.0485119819641113,{'reconciliation_state': 1},False,,key0_asymptotic_reconciliation_0.05,0,reconciliation,0.05,asymptotic,0,0.0128205128205128,True
0.0,0.0,0.05,0.0,0.0005707762557077,2810,34,False,False,1419,0.0394036769866943,{'reconciliation_state': 2},False,,key0_asymptotic_reconciliation_0.05,1,reconciliation,0.05,asymptotic,0,0.0128205128205128,True
0.0,0.0,0.05,0.0,0.0002853881278538,2810,34,False,False,1391,0.0431053638458251,{'reconciliation_state': 1},False,,key0_asymptotic_reconciliation_0.05,2,reconciliation,0.05,asymptotic,0,0.0128205128205128,True
0.0,0.0,0.05,0.0,0.0,2810,34,True,True,0,0.0426599979400634,{},False,,key0_asymptotic_reconciliation_0.05,3,reconciliation,0.05,asymptotic,0,0.0128205128205128,False
0.0,0.0,0.05,0.0,0.0002853881278538,2810,34,False,False,1401,0.0431270599365234,{'reconciliation_state': 1},False,,key0_asymptotic_reconciliation_0.05,4,reconciliation,0.05,asymptotic,0,0.0128205128205128,True
0.0,0.0,0.05,0.0,0.0011415525114155,2810,34,False,False,1387,0.0483994483947753,{'reconciliation_state': 4},False,,key0_asymptotic_reconciliation_0.05,5,reconciliation,0.05,asymptotic,0,0.0128205128205128,True
0.0,0.0,0.05,0.0,0.0002853881278538,2810,34,False,False,1384,0.0426602363586425,{'reconciliation_state': 1},False,,key0_asymptotic_reconciliation_0.05,6,reconciliation,0.05,asymptotic,0,0.0128205128205128,True
0.0,0.0,0.05,0.0,0.0,2810,34,True,True,0,0.0408947467803955,{},False,,key0_asymptotic_reconciliation_0.05,7,reconciliation,0.05,asymptotic,0,0.0128205128205128,False
0.0,0.0,0.05,0.0,0.0005707762557077,2810,34,False,False,1397,0.0458869934082031,{'reconciliation_state': 2},False,,key0_asymptotic_reconciliation_0.05,8,reconciliation,0.05,asymptotic,0,0.0128205128205128,True
0.0,0.0,0.05,0.0,0.0005707762557077,2810,34,False,False,1427,0.0450022220611572,{'reconciliation_state': 2},False,,key0_asymptotic_reconciliation_0.05,9,reconciliation,0.05,asymptotic,0,0.0128205128205128,True
0.0,0.0,0.05,0.0,0.0008561643835616,2810,34,False,False,1394,0.0436892509460449,{'reconciliation_state': 3},False,,key0_asymptotic_reconciliation_0.05,10,reconciliation,0.05,asymptotic,0,0.0128205128205128,True
0.0,0.0,0.05,0.0,0.0005707762557077,2810,34,False,False,1379,0.0430986881256103,{'reconciliation_state': 2},False,,key0_asymptotic_reconciliation_0.05,11,reconciliation,0.05,asymptotic,0,0.0128205128205128,True
0.0,0.0,0.05,0.0,0.0005707762557077,2810,34,False,False,1408,0.0475342273712158,{'reconciliation_state': 2},False,,key0_asymptotic_reconciliation_0.05,12,reconciliation,0.05,asymptotic,0,0.0128205128205128,True
0.0,0.0,0.05,0.0,0.0,2810,34,True,True,0,0.0398163795471191,{},False,,key0_asymptotic_reconciliation_0.05,13,reconciliation,0.05,asymptotic,0,0.0128205128205128,False
0.0,0.0,0.05,0.0,0.0005707762557077,2810,34,False,False,1405,0.0241467952728271,{'reconciliation_state': 2},False,,key0_asymptotic_reconciliation_0.05,14,reconciliation,0.05,asymptotic,0,0.0128205128205128,True
0.0,0.0,0.05,0.0,0.0005707762557077,2810,34,False,False,1431,0.0288305282592773,{'reconciliation_state': 2},False,,key0_asymptotic_reconciliation_0.05,15,reconciliation,0.05,asymptotic,0,0.0128205128205128,True
0.0,0.0,0.05,0.0,0.0008561643835616,2810,34,False,False,1393,0.0281233787536621,{'reconciliation_state': 3},False,,key0_asymptotic_reconciliation_0.05,16,reconciliation,0.05,asymptotic,0,0.0128205128205128,True
0.0,0.0,0.05,0.0,0.0008561643835616,2810,34,False,False,1367,0.0402712821960449,{'reconciliation_state': 3},False,,key0_asymptotic_reconciliation_0.05,17,reconciliation,0.05,asymptotic,0,0.0128205128205128,True
0.0,0.0,0.05,0.0,0.0005707762557077,2810,34,False,False,1435,0.0435512065887451,{'reconciliation_state': 2},False,,key0_asymptotic_reconciliation_0.05,18,reconciliation,0.05,asymptotic,0,0.0128205128205128,True
0.0,0.0,0.05,0.0,0.0002853881278538,2810,34,False,False,1428,0.0428855419158935,{'reconciliation_state': 1},False,,key0_asymptotic_reconciliation_0.05,19,reconciliation,0.05,asymptotic,0,0.0128205128205128,True
0.0,0.0,0.03,0.0,0.0002853881278538,2810,34,False,False,1397,0.0374839305877685,{'reconciliation_state': 1},False,,key0_asymptotic_reconciliation_0.03,0,reconciliation,0.03,asymptotic,0,0.0128205128205128,True
0.0,0.0,0.03,0.0,0.0,2810,34,True,True,0,0.0368869304656982,{},False,,key0_asymptotic_reconciliation_0.03,1,reconciliation,0.03,asymptotic,0,0.0128205128205128,False
0.0,0.0,0.03,0.0,0.0002853881278538,2810,34,False,False,1390,0.0386366844177246,{'reconciliation_state': 1},False,,key0_asymptotic_reconciliation_0.03,2,reconciliation,0.03,asymptotic,0,0.0128205128205128,True
0.0,0.0,0.03,0.0,0.0,2810,34,True,True,0,0.037161111831665,{},False,,key0_asymptotic_reconciliation_0.03,3,reconciliation,0.03,asymptotic,0,0.0128205128205128,False
0.0,0.0,0.03,0.0,0.0002853881278538,2810,34,False,False,1361,0.025641918182373,{'reconciliation_state': 1},False,,key0_asymptotic_reconciliation_0.03,4,reconciliation,0.03,asymptotic,0,0.0128205128205128,True
0.0,0.0,0.03,0.0,0.0005707762557077,2810,34,False,False,1423,0.0238339900970459,{'reconciliation_state': 2},False,,key0_asymptotic_reconciliation_0.03,5,reconciliation,0.03,asymptotic,0,0.0128205128205128,True
0.0,0.0,0.03,0.0,0.0002853881278538,2810,34,False,False,1405,0.0293526649475097,{'reconciliation_state': 1},False,,key0_asymptotic_reconciliation_0.03,6,reconciliation,0.03,asymptotic,0,0.0128205128205128,True
0.0,0.0,0.03,0.0,0.0,2810,34,True,True,0,0.0302009582519531,{},False,,key0_asymptotic_reconciliation_0.03,7,reconciliation,0.03,asymptotic,0,0.0128205128205128,False
0.0,0.0,0.03,0.0,0.0005707762557077,2810,34,False,False,1395,0.0255508422851562,{'reconciliation_state': 2},False,,key0_asymptotic_reconciliation_0.03,8,reconciliation,0.03,asymptotic,0,0.0128205128205128,True
0.0,0.0,0.03,0.0,0.0005707762557077,2810,34,False,False,1393,0.0362231731414794,{'reconciliation_state': 2},False,,key0_asymptotic_reconciliation_0.03,9,reconciliation,0.03,asymptotic,0,0.0128205128205128,True
0.0,0.0,0.03,0.0,0.0002853881278538,2810,34,False,False,1442,0.0263564586639404,{'reconciliation_state': 1},False,,key0_asymptotic_reconciliation_0.03,10,reconciliation,0.03,asymptotic,0,0.0128205128205128,True
0.0,0.0,0.03,0.0,0.0002853881278538,2810,34,False,False,1408,0.0233242511749267,{'reconciliation_state': 1},False,,key0_asymptotic_reconciliation_0.03,11,reconciliation,0.03,asymptotic,0,0.0128205128205128,True
0.0,0.0,0.03,0.0,0.0002853881278538,2810,34,False,False,1418,0.0244190692901611,{'reconciliation_state': 1},False,,key0_asymptotic_reconciliation_0.03,12,reconciliation,0.03,asymptotic,0,0.0128205128205128,True
0.0,0.0,0.03,0.0,0.0,2810,34,True,True,0,0.0218920707702636,{},False,,key0_asymptotic_reconciliation_0.03,13,reconciliation,0.03,asymptotic,0,0.0128205128205128,False
0.0,0.0,0.03,0.0,0.0002853881278538,2810,34,False,False,1386,0.0248115062713623,{'reconciliation_state': 1},False,,key0_asymptotic_reconciliation_0.03,14,reconciliation,0.03,asymptotic,0,0.0128205128205128,True
0.0,0.0,0.03,0.0,0.0005707762557077,2810,34,False,False,1411,0.0256240367889404,{'reconciliation_state': 2},False,,key0_asymptotic_reconciliation_0.03,15,reconciliation,0.03,asymptotic,0,0.0128205128205128,True
0.0,0.0,0.03,0.0,0.0008561643835616,2810,34,False,False,1429,0.025198221206665,{'reconciliation_state': 3},False,,key0_asymptotic_reconciliation_0.03,16,reconciliation,0.03,asymptotic,0,0.0128205128205128,True
0.0,0.0,0.03,0.0,0.0008561643835616,2810,34,False,False,1457,0.024904727935791,{'reconciliation_state': 3},False,,key0_asymptotic_reconciliation_0.03,17,reconciliation,0.03,asymptotic,0,0.0128205128205128,True
0.0,0.0,0.03,0.0,0.0005707762557077,2810,34,False,False,1432,0.0237650871276855,{'reconciliation_state': 2},False,,key0_asymptotic_reconciliation_0.03,18,reconciliation,0.03,asymptotic,0,0.0128205128205128,True
0.0,0.0,0.03,0.0,0.0002853881278538,2810,34,False,False,1446,0.022496223449707,{'reconciliation_state': 1},False,,key0_asymptotic_reconciliation_0.03,19,reconciliation,0.03,asymptotic,0,0.0128205128205128,True
0.0,0.0,0.01,0.0,0.0,2810,34,True,True,0,0.0216200351715087,{},False,,key0_asymptotic_reconciliation_0.01,0,reconciliation,0.01,asymptotic,0,0.0128205128205128,False
0.0,0.0,0.01,0.0,0.0,2810,34,True,True,0,0.0258114337921142,{},False,,key0_asymptotic_reconciliation_0.01,1,reconciliation,0.01,asymptotic,0,0.0128205128205128,False
0.0,0.0,0.01,0.0,0.0002853881278538,2810,34,False,False,1420,0.0220654010772705,{'reconciliation_state': 1},False,,key0_asymptotic_reconciliation_0.01,2,reconciliation,0.01,asymptotic,0,0.0128205128205128,True
0.0,0.0,0.01,0.0,0.0,2810,34,True,True,0,0.0233597755432128,{},False,,key0_asymptotic_reconciliation_0.01,3,reconciliation,0.01,asymptotic,0,0.0128205128205128,False
0.0,0.0,0.01,0.0,0.0,2810,34,True,True,0,0.0218269824981689,{},False,,key0_asymptotic_reconciliation_0.01,4,reconciliation,0.01,asymptotic,0,0.0128205128205128,False
0.0,0.0,0.01,0.0,0.0,2810,34,True,True,0,0.0215656757354736,{},False,,key0_asymptotic_reconciliation_0.01,5,reconciliation,0.01,asymptotic,0,0.0128205128205128,False
0.0,0.0,0.01,0.0,0.0,2810,34,True,True,0,0.0214002132415771,{},False,,key0_asymptotic_reconciliation_0.01,6,reconciliation,0.01,asymptotic,0,0.0128205128205128,False
0.0,0.0,0.01,0.0,0.0,2810,34,True,True,0,0.0284571647644042,{},False,,key0_asymptotic_reconciliation_0.01,7,reconciliation,0.01,asymptotic,0,0.0128205128205128,False
0.0,0.0,0.01,0.0,0.0002853881278538,2810,34,False,False,1438,0.022134780883789,{'reconciliation_state': 1},False,,key0_asymptotic_reconciliation_0.01,8,reconciliation,0.01,asymptotic,0,0.0128205128205128,True
0.0,0.0,0.01,0.0,0.0,2810,34,True,True,0,0.022357702255249,{},False,,key0_asymptotic_reconciliation_0.01,9,reconciliation,0.01,asymptotic,0,0.0128205128205128,False
0.0,0.0,0.01,0.0,0.0,2810,34,True,True,0,0.021744966506958,{},False,,key0_asymptotic_reconciliation_0.01,10,reconciliation,0.01,asymptotic,0,0.0128205128205128,False
0.0,0.0,0.01,0.0,0.0,2810,34,True,True,0,0.0219964981079101,{},False,,key0_asymptotic_reconciliation_0.01,11,reconciliation,0.01,asymptotic,0,0.0128205128205128,False
0.0,0.0,0.01,0.0,0.0,2810,34,True,True,0,0.0247395038604736,{},False,,key0_asymptotic_reconciliation_0.01,12,reconciliation,0.01,asymptotic,0,0.0128205128205128,False
0.0,0.0,0.01,0.0,0.0,2810,34,True,True,0,0.0220632553100585,{},False,,key0_asymptotic_reconciliation_0.01,13,reconciliation,0.01,asymptotic,0,0.0128205128205128,False
0.0,0.0,0.01,0.0,0.0002853881278538,2810,34,False,False,1403,0.022282600402832,{'reconciliation_state': 1},False,,key0_asymptotic_reconciliation_0.01,14,reconciliation,0.01,asymptotic,0,0.0128205128205128,True
0.0,0.0,0.01,0.0,0.0002853881278538,2810,34,False,False,1402,0.0229368209838867,{'reconciliation_state': 1},False,,key0_asymptotic_reconciliation_0.01,15,reconciliation,0.01,asymptotic,0,0.0128205128205128,True
0.0,0.0,0.01,0.0,0.0002853881278538,2810,34,False,False,1397,0.0234198570251464,{'reconciliation_state': 1},False,,key0_asymptotic_reconciliation_0.01,16,reconciliation,0.01,asymptotic,0,0.0128205128205128,True
0.0,0.0,0.01,0.0,0.0,2810,34,True,True,0,0.0220561027526855,{},False,,key0_asymptotic_reconciliation_0.01,17,reconciliation,0.01,asymptotic,0,0.0128205128205128,False
0.0,0.0,0.01,0.0,0.0,2810,34,True,True,0,0.0234060287475585,{},False,,key0_asymptotic_reconciliation_0.01,18,reconciliation,0.01,asymptotic,0,0.0128205128205128,False
0.0,0.0,0.01,0.0,0.0,2810,34,True,True,0,0.0210235118865966,{},False,,key0_asymptotic_reconciliation_0.01,19,reconciliation,0.01,asymptotic,0,0.0128205128205128,False
0.0,0.0,0.003,0.0,0.0,2810,34,True,True,0,0.022292137145996,{},False,,key0_asymptotic_reconciliation_0.003,0,reconciliation,0.003,asymptotic,0,0.0128205128205128,False
0.0,0.0,0.003,0.0,0.0,2810,34,True,True,0,0.0238871574401855,{},False,,key0_asymptotic_reconciliation_0.003,1,reconciliation,0.003,asymptotic,0,0.0128205128205128,False
0.0,0.0,0.003,0.0,0.0,2810,34,True,True,0,0.0229454040527343,{},False,,key0_asymptotic_reconciliation_0.003,2,reconciliation,0.003,asymptotic,0,0.0128205128205128,False
0.0,0.0,0.003,0.0,0.0,2810,34,True,True,0,0.0211267471313476,{},False,,key0_asymptotic_reconciliation_0.003,3,reconciliation,0.003,asymptotic,0,0.0128205128205128,False
0.0,0.0,0.003,0.0,0.0,2810,34,True,True,0,0.0227034091949462,{},False,,key0_asymptotic_reconciliation_0.003,4,reconciliation,0.003,asymptotic,0,0.0128205128205128,False
0.0,0.0,0.003,0.0,0.0,2810,34,True,True,0,0.0225050449371337,{},False,,key0_asymptotic_reconciliation_0.003,5,reconciliation,0.003,asymptotic,0,0.0128205128205128,False
0.0,0.0,0.003,0.0,0.0,2810,34,True,True,0,0.0221188068389892,{},False,,key0_asymptotic_reconciliation_0.003,6,reconciliation,0.003,asymptotic,0,0.0128205128205128,False
0.0,0.0,0.003,0.0,0.0,2810,34,True,True,0,0.0225453376770019,{},False,,key0_asymptotic_reconciliation_0.003,7,reconciliation,0.003,asymptotic,0,0.0128205128205128,False
0.0,0.0,0.003,0.0,0.0,2810,34,True,True,0,0.0210721492767334,{},False,,key0_asymptotic_reconciliation_0.003,8,reconciliation,0.003,asymptotic,0,0.0128205128205128,False
0.0,0.0,0.003,0.0,0.0,2810,34,True,True,0,0.0260939598083496,{},False,,key0_asymptotic_reconciliation_0.003,9,reconciliation,0.003,asymptotic,0,0.0128205128205128,False
0.0,0.0,0.003,0.0,0.0,2810,34,True,True,0,0.0228383541107177,{},False,,key0_asymptotic_reconciliation_0.003,10,reconciliation,0.003,asymptotic,0,0.0128205128205128,False
0.0,0.0,0.003,0.0,0.0,2810,34,True,True,0,0.0329697132110595,{},False,,key0_asymptotic_reconciliation_0.003,11,reconciliation,0.003,asymptotic,0,0.0128205128205128,False
0.0,0.0,0.003,0.0,0.0,2810,34,True,True,0,0.0266530513763427,{},False,,key0_asymptotic_reconciliation_0.003,12,reconciliation,0.003,asymptotic,0,0.0128205128205128,False
0.0,0.0,0.003,0.0,0.0,2810,34,True,True,0,0.0221166610717773,{},False,,key0_asymptotic_reconciliation_0.003,13,reconciliation,0.003,asymptotic,0,0.0128205128205128,False
0.0,0.0,0.003,0.0,0.0,2810,34,True,True,0,0.0217609405517578,{},False,,key0_asymptotic_reconciliation_0.003,14,reconciliation,0.003,asymptotic,0,0.0128205128205128,False
0.0,0.0,0.003,0.0,0.0,2810,34,True,True,0,0.0221731662750244,{},False,,key0_asymptotic_reconciliation_0.003,15,reconciliation,0.003,asymptotic,0,0.0128205128205128,False
0.0,0.0,0.003,0.0,0.0002853881278538,2810,34,False,False,1411,0.0222015380859375,{'reconciliation_state': 1},False,,key0_asymptotic_reconciliation_0.003,16,reconciliation,0.003,asymptotic,0,0.0128205128205128,True
0.0,0.0,0.003,0.0,0.0,2810,34,True,True,0,0.0227808952331542,{},False,,key0_asymptotic_reconciliation_0.003,17,reconciliation,0.003,asymptotic,0,0.0128205128205128,False
0.0,0.0,0.003,0.0,0.0,2810,34,True,True,0,0.0221970081329345,{},False,,key0_asymptotic_reconciliation_0.003,18,reconciliation,0.003,asymptotic,0,0.0128205128205128,False
0.0,0.0,0.003,0.0,0.0,2810,34,True,True,0,0.0261697769165039,{},False,,key0_asymptotic_reconciliation_0.003,19,reconciliation,0.003,asymptotic,0,0.0128205128205128,False
0.0,0.0,0.001,0.0,0.0,2810,34,True,True,0,0.0216565132141113,{},False,,key0_asymptotic_reconciliation_0.001,0,reconciliation,0.001,asymptotic,0,0.0128205128205128,False
0.0,0.0,0.001,0.0,0.0,2810,34,True,True,0,0.025771141052246,{},False,,key0_asymptotic_reconciliation_0.001,1,reconciliation,0.001,asymptotic,0,0.0128205128205128,False
0.0,0.0,0.001,0.0,0.0,2810,34,True,True,0,0.0309104919433593,{},False,,key0_asymptotic_reconciliation_0.001,2,reconciliation,0.001,asymptotic,0,0.0128205128205128,False
0.0,0.0,0.001,0.0,0.0,2810,34,True,True,0,0.0222079753875732,{},False,,key0_asymptotic_reconciliation_0.001,3,reconciliation,0.001,asymptotic,0,0.0128205128205128,False
0.0,0.0,0.001,0.0,0.0,2810,34,True,True,0,0.0228798389434814,{},False,,key0_asymptotic_reconciliation_0.001,4,reconciliation,0.001,asymptotic,0,0.0128205128205128,False
0.0,0.0,0.001,0.0,0.0,2810,34,True,True,0,0.0218813419342041,{},False,,key0_asymptotic_reconciliation_0.001,5,reconciliation,0.001,asymptotic,0,0.0128205128205128,False
0.0,0.0,0.001,0.0,0.0,2810,34,True,True,0,0.0252225399017334,{},False,,key0_asymptotic_reconciliation_0.001,6,reconciliation,0.001,asymptotic,0,0.0128205128205128,False
0.0,0.0,0.001,0.0,0.0,2810,34,True,True,0,0.0419666767120361,{},False,,key0_asymptotic_reconciliation_0.001,7,reconciliation,0.001,asymptotic,0,0.0128205128205128,False
0.0,0.0,0.001,0.0,0.0,2810,34,True,True,0,0.0298168659210205,{},False,,key0_asymptotic_reconciliation_0.001,8,reconciliation,0.001,asymptotic,0,0.0128205128205128,False
0.0,0.0,0.001,0.0,0.0,2810,34,True,True,0,0.0235450267791748,{},False,,key0_asymptotic_reconciliation_0.001,9,reconciliation,0.001,asymptotic,0,0.0128205128205128,False
0.0,0.0,0.001,0.0,0.0,2810,34,True,True,0,0.0234849452972412,{},False,,key0_asymptotic_reconciliation_0.001,10,reconciliation,0.001,asymptotic,0,0.0128205128205128,False
0.0,0.0,0.001,0.0,0.0,2810,34,True,True,0,0.0231492519378662,{},False,,key0_asymptotic_reconciliation_0.001,11,reconciliation,0.001,asymptotic,0,0.0128205128205128,False
0.0,0.0,0.001,0.0,0.0,2810,34,True,True,0,0.0231845378875732,{},False,,key0_asymptotic_reconciliation_0.001,12,reconciliation,0.001,asymptotic,0,0.0128205128205128,False
0.0,0.0,0.001,0.0,0.0,2810,34,True,True,0,0.0216362476348876,{},False,,key0_asymptotic_reconciliation_0.001,13,reconciliation,0.001,asymptotic,0,0.0128205128205128,False
0.0,0.0,0.001,0.0,0.0,2810,34,True,True,0,0.0220139026641845,{},False,,key0_asymptotic_reconciliation_0.001,14,reconciliation,0.001,asymptotic,0,0.0128205128205128,False
0.0,0.0,0.001,0.0,0.0,2810,34,True,True,0,0.0223195552825927,{},False,,key0_asymptotic_reconciliation_0.001,15,reconciliation,0.001,asymptotic,0,0.0128205128205128,False
0.0,0.0,0.001,0.0,0.0,2810,34,True,True,0,0.02303147315979,{},False,,key0_asymptotic_reconciliation_0.001,16,reconciliation,0.001,asymptotic,0,0.0128205128205128,False
0.0,0.0,0.001,0.0,0.0,2810,34,True,True,0,0.0235419273376464,{},False,,key0_asymptotic_reconciliation_0.001,17,reconciliation,0.001,asymptotic,0,0.0128205128205128,False
0.0,0.0,0.001,0.0,0.0,2810,34,True,True,0,0.0226411819458007,{},False,,key0_asymptotic_reconciliation_0.001,18,reconciliation,0.001,asymptotic,0,0.0128205128205128,False
0.0,0.0,0.001,0.0,0.0,2810,34,True,True,0,0.0240612030029296,{},False,,key0_asymptotic_reconciliation_0.001,19,reconciliation,0.001,asymptotic,0,0.0128205128205128,False
0.5,0.0,0.0,0.0,0.0,1714,34,True,True,0,0.0199930667877197,{'toeplitz_matrix': 1},False,,key0_placeholder_toeplitz_0.5,0,toeplitz,0.5,placeholder,0,0.0128205128205128,False
0.5,0.0,0.0,0.0,0.0,1714,34,True,True,0,0.0226409435272216,{},False,,key0_placeholder_toeplitz_0.5,1,toeplitz,0.5,placeholder,0,0.0128205128205128,False
0.5,0.0,0.0,0.0,0.0,1714,34,True,True,0,0.0194768905639648,{},False,,key0_placeholder_toeplitz_0.5,2,toeplitz,0.5,placeholder,0,0.0128205128205128,False
0.5,0.0,0.0,0.0,0.0,1714,34,True,True,0,0.020097017288208,{},False,,key0_placeholder_toeplitz_0.5,3,toeplitz,0.5,placeholder,0,0.0128205128205128,False
0.5,0.0,0.0,0.0,0.0,1714,34,True,False,1,0.0199227333068847,{'toeplitz_matrix': 1},False,,key0_placeholder_toeplitz_0.5,4,toeplitz,0.5,placeholder,0,0.0128205128205128,True
0.5,0.0,0.0,0.0,0.0,1714,34,True,False,1,0.0198738574981689,{'toeplitz_matrix': 1},False,,key0_placeholder_toeplitz_0.5,5,toeplitz,0.5,placeholder,0,0.0128205128205128,True
0.5,0.0,0.0,0.0,0.0,1714,34,True,True,0,0.0218007564544677,{},False,,key0_placeholder_toeplitz_0.5,6,toeplitz,0.5,placeholder,0,0.0128205128205128,False
0.5,0.0,0.0,0.0,0.0,1714,34,True,True,0,0.022982120513916,{},False,,key0_placeholder_toeplitz_0.5,7,toeplitz,0.5,placeholder,0,0.0128205128205128,False
0.5,0.0,0.0,0.0,0.0,1714,34,True,True,0,0.0211241245269775,{'toeplitz_matrix': 1},False,,key0_placeholder_toeplitz_0.5,8,toeplitz,0.5,placeholder,0,0.0128205128205128,False
0.5,0.0,0.0,0.0,0.0,1714,34,True,True,0,0.0222828388214111,{},False,,key0_placeholder_toeplitz_0.5,9,toeplitz,0.5,placeholder,0,0.0128205128205128,False
0.5,0.0,0.0,0.0,0.0,1714,34,True,False,1,0.019974946975708,{'toeplitz_matrix': 1},False,,key0_placeholder_toeplitz_0.5,10,toeplitz,0.5,placeholder,0,0.0128205128205128,True
0.5,0.0,0.0,0.0,0.0,1714,34,True,True,0,0.0251812934875488,{},False,,key0_placeholder_toeplitz_0.5,11,toeplitz,0.5,placeholder,0,0.0128205128205128,False
0.5,0.0,0.0,0.0,0.0,1714,34,True,True,0,0.0261051654815673,{},False,,key0_placeholder_toeplitz_0.5,12,toeplitz,0.5,placeholder,0,0.0128205128205128,False
0.5,0.0,0.0,0.0,0.0,1714,34,True,False,1,0.026738166809082,{'toeplitz_matrix': 1},False,,key0_placeholder_toeplitz_0.5,13,toeplitz,0.5,placeholder,0,0.0128205128205128,True
0.5,0.0,0.0,0.0,0.0,1714,34,True,False,1,0.0215163230895996,{'toeplitz_matrix': 1},False,,key0_placeholder_toeplitz_0.5,14,toeplitz,0.5,placeholder,0,0.0128205128205128,True
0.5,0.0,0.0,0.0,0.0,1714,34,True,True,0,0.0218384265899658,{'toeplitz_matrix': 1},False,,key0_placeholder_toeplitz_0.5,15,toeplitz,0.5,placeholder,0,0.0128205128205128,False
0.5,0.0,0.0,0.0,0.0,1714,34,True,False,1,0.020979881286621,{'toeplitz_matrix': 1},False,,key0_placeholder_toeplitz_0.5,16,toeplitz,0.5,placeholder,0,0.0128205128205128,True
0.5,0.0,0.0,0.0,0.0,1714,34,True,False,1,0.0234162807464599,{'toeplitz_matrix': 1},False,,key0_placeholder_toeplitz_0.5,17,toeplitz,0.5,placeholder,0,0.0128205128205128,True
0.5,0.0,0.0,0.0,0.0,1714,34,True,True,0,0.019787311553955,{'toeplitz_matrix': 1},False,,key0_placeholder_toeplitz_0.5,18,toeplitz,0.5,placeholder,0,0.0128205128205128,False
0.5,0.0,0.0,0.0,0.0,1714,34,True,True,0,0.0240101814270019,{},False,,key0_placeholder_toeplitz_0.5,19,toeplitz,0.5,placeholder,0,0.0128205128205128,False
0.3,0.0,0.0,0.0,0.0,1714,34,True,True,0,0.0205128192901611,{},False,,key0_placeholder_toeplitz_0.3,0,toeplitz,0.3,placeholder,0,0.0128205128205128,False
0.3,0.0,0.0,0.0,0.0,1714,34,True,True,0,0.0212371349334716,{},False,,key0_placeholder_toeplitz_0.3,1,toeplitz,0.3,placeholder,0,0.0128205128205128,False
0.3,0.0,0.0,0.0,0.0,1714,34,True,True,0,0.02587890625,{},False,,key0_placeholder_toeplitz_0.3,2,toeplitz,0.3,placeholder,0,0.0128205128205128,False
0.3,0.0,0.0,0.0,0.0,1714,34,True,True,0,0.0211427211761474,{},False,,key0_placeholder_toeplitz_0.3,3,toeplitz,0.3,placeholder,0,0.0128205128205128,False
0.3,0.0,0.0,0.0,0.0,1714,34,True,False,1,0.0205018520355224,{'toeplitz_matrix': 1},False,,key0_placeholder_toeplitz_0.3,4,toeplitz,0.3,placeholder,0,0.0128205128205128,True
0.3,0.0,0.0,0.0,0.0,1714,34,True,False,1,0.0216012001037597,{'toeplitz_matrix': 1},False,,key0_placeholder_toeplitz_0.3,5,toeplitz,0.3,placeholder,0,0.0128205128205128,True
0.3,0.0,0.0,0.0,0.0,1714,34,True,True,0,0.0204448699951171,{},False,,key0_placeholder_toeplitz_0.3,6,toeplitz,0.3,placeholder,0,0.0128205128205128,False
0.3,0.0,0.0,0.0,0.0,1714,34,True,True,0,0.0223286151885986,{},False,,key0_placeholder_toeplitz_0.3,7,toeplitz,0.3,placeholder,0,0.0128205128205128,False
0.3,0.0,0.0,0.0,0.0,1714,34,True,True,0,0.0204815864562988,{},False,,key0_placeholder_toeplitz_0.3,8,toeplitz,0.3,placeholder,0,0.0128205128205128,False
0.3,0.0,0.0,0.0,0.0,1714,34,True,True,0,0.0200514793395996,{},False,,key0_placeholder_toeplitz_0.3,9,toeplitz,0.3,placeholder,0,0.0128205128205128,False
0.3,0.0,0.0,0.0,0.0,1714,34,True,False,1,0.0203711986541748,{'toeplitz_matrix': 1},False,,key0_placeholder_toeplitz_0.3,10,toeplitz,0.3,placeholder,0,0.0128205128205128,True
0.3,0.0,0.0,0.0,0.0,1714,34,True,True,0,0.0205669403076171,{},False,,key0_placeholder_toeplitz_0.3,11,toeplitz,0.3,placeholder,0,0.0128205128205128,False
0.3,0.0,0.0,0.0,0.0,1714,34,True,True,0,0.0233569145202636,{},False,,key0_placeholder_toeplitz_0.3,12,toeplitz,0.3,placeholder,0,0.0128205128205128,False
0.3,0.0,0.0,0.0,0.0,1714,34,True,True,0,0.0218119621276855,{},False,,key0_placeholder_toeplitz_0.3,13,toeplitz,0.3,placeholder,0,0.0128205128205128,False
0.3,0.0,0.0,0.0,0.0,1714,34,True,True,0,0.0195178985595703,{},False,,key0_placeholder_toeplitz_0.3,14,toeplitz,0.3,placeholder,0,0.0128205128205128,False
0.3,0.0,0.0,0.0,0.0,1714,34,True,True,0,0.0213077068328857,{'toeplitz_matrix': 1},False,,key0_placeholder_toeplitz_0.3,15,toeplitz,0.3,placeholder,0,0.0128205128205128,False
0.3,0.0,0.0,0.0,0.0,1714,34,True,False,1,0.02099609375,{'toeplitz_matrix': 1},False,,key0_placeholder_toeplitz_0.3,16,toeplitz,0.3,placeholder,0,0.0128205128205128,True
0.3,0.0,0.0,0.0,0.0,1714,34,True,False,1,0.0211288928985595,{'toeplitz_matrix': 1},False,,key0_placeholder_toeplitz_0.3,17,toeplitz,0.3,placeholder,0,0.0128205128205128,True
0.3,0.0,0.0,0.0,0.0,1714,34,True,True,0,0.0296299457550048,{},False,,key0_placeholder_toeplitz_0.3,18,toeplitz,0.3,placeholder,0,0.0128205128205128,False
0.3,0.0,0.0,0.0,0.0,1714,34,True,True,0,0.0209698677062988,{},False,,key0_placeholder_toeplitz_0.3,19,toeplitz,0.3,placeholder,0,0.0128205128205128,False
0.1,0.0,0.0,0.0,0.0,1714,34,True,True,0,0.0229499340057373,{},False,,key0_placeholder_toeplitz_0.1,0,toeplitz,0.1,placeholder,0,0.0128205128205128,False
0.1,0.0,0.0,0.0,0.0,1714,34,True,True,0,0.0260024070739746,{},False,,key0_placeholder_toeplitz_0.1,1,toeplitz,0.1,placeholder,0,0.0128205128205128,False
0.1,0.0,0.0,0.0,0.0,1714,34,True,True,0,0.0234146118164062,{},False,,key0_placeholder_toeplitz_0.1,2,toeplitz,0.1,placeholder,0,0.0128205128205128,False
0.1,0.0,0.0,0.0,0.0,1714,34,True,True,0,0.0243651866912841,{},False,,key0_placeholder_toeplitz_0.1,3,toeplitz,0.1,placeholder,0,0.0128205128205128,False
0.1,0.0,0.0,0.0,0.0,1714,34,True,True,0,0.0241303443908691,{},False,,key0_placeholder_toeplitz_0.1,4,toeplitz,0.1,placeholder,0,0.0128205128205128,False
0.1,0.0,0.0,0.0,0.0,1714,34,True,True,0,0.0234172344207763,{},False,,key0_placeholder_toeplitz_0.1,5,toeplitz,0.1,placeholder,0,0.0128205128205128,False
0.1,0.0,0.0,0.0,0.0,1714,34,True,True,0,0.0255019664764404,{},False,,key0_placeholder_toeplitz_0.1,6,toeplitz,0.1,placeholder,0,0.0128205128205128,False
0.1,0.0,0.0,0.0,0.0,1714,34,True,True,0,0.0226693153381347,{},False,,key0_placeholder_toeplitz_0.1,7,toeplitz,0.1,placeholder,0,0.0128205128205128,False
0.1,0.0,0.0,0.0,0.0,1714,34,True,True,0,0.0240395069122314,{},False,,key0_placeholder_toeplitz_0.1,8,toeplitz,0.1,placeholder,0,0.0128205128205128,False
0.1,0.0,0.0,0.0,0.0,1714,34,True,True,0,0.0263144969940185,{},False,,key0_placeholder_toeplitz_0.1,9,toeplitz,0.1,placeholder,0,0.0128205128205128,False
0.1,0.0,0.0,0.0,0.0,1714,34,True,True,0,0.0361287593841552,{},False,,key0_placeholder_toeplitz_0.1,10,toeplitz,0.1,placeholder,0,0.0128205128205128,False
0.1,0.0,0.0,0.0,0.0,1714,34,True,True,0,0.0328061580657959,{},False,,key0_placeholder_toeplitz_0.1,11,toeplitz,0.1,placeholder,0,0.0128205128205128,False
0.1,0.0,0.0,0.0,0.0,1714,34,True,True,0,0.0357871055603027,{},False,,key0_placeholder_toeplitz_0.1,12,toeplitz,0.1,placeholder,0,0.0128205128205128,False
0.1,0.0,0.0,0.0,0.0,1714,34,True,True,0,0.0286686420440673,{},False,,key0_placeholder_toeplitz_0.1,13,toeplitz,0.1,placeholder,0,0.0128205128205128,False
0.1,0.0,0.0,0.0,0.0,1714,34,True,True,0,0.0256509780883789,{},False,,key0_placeholder_toeplitz_0.1,14,toeplitz,0.1,placeholder,0,0.0128205128205128,False
0.1,0.0,0.0,0.0,0.0,1714,34,True,True,0,0.0274274349212646,{},False,,key0_placeholder_toeplitz_0.1,15,toeplitz,0.1,placeholder,0,0.0128205128205128,False
0.1,0.0,0.0,0.0,0.0,1714,34,True,True,0,0.0213680267333984,{},False,,key0_placeholder_toeplitz_0.1,16,toeplitz,0.1,placeholder,0,0.0128205128205128,False
0.1,0.0,0.0,0.0,0.0,1714,34,True,True,0,0.022066593170166,{},False,,key0_placeholder_toeplitz_0.1,17,toeplitz,0.1,placeholder,0,0.0128205128205128,False
0.1,0.0,0.0,0.0,0.0,1714,34,True,True,0,0.0214488506317138,{},False,,key0_placeholder_toeplitz_0.1,18,toeplitz,0.1,placeholder,0,0.0128205128205128,False
0.1,0.0,0.0,0.0,0.0,1714,34,True,True,0,0.0207040309906005,{},False,,key0_placeholder_toeplitz_0.1,19,toeplitz,0.1,placeholder,0,0.0128205128205128,False
0.05,0.0,0.0,0.0,0.0,1714,34,True,True,0,0.0215029716491699,{},False,,key0_placeholder_toeplitz_0.05,0,toeplitz,0.05,placeholder,0,0.0128205128205128,False
0.05,0.0,0.0,0.0,0.0,1714,34,True,True,0,0.023078441619873,{},False,,key0_placeholder_toeplitz_0.05,1,toeplitz,0.05,placeholder,0,0.0128205128205128,False
0.05,0.0,0.0,0.0,0.0,1714,34,True,True,0,0.021054983139038,{},False,,key0_placeholder_toeplitz_0.05,2,toeplitz,0.05,placeholder,0,0.0128205128205128,False
0.05,0.0,0.0,0.0,0.0,1714,34,True,True,0,0.0213932991027832,{},False,,key0_placeholder_toeplitz_0.05,3,toeplitz,0.05,placeholder,0,0.0128205128205128,False
0.05,0.0,0.0,0.0,0.0,1714,34,True,True,0,0.0201022624969482,{},False,,key0_placeholder_toeplitz_0.05,4,toeplitz,0.05,placeholder,0,0.0128205128205128,False
0.05,0.0,0.0,0.0,0.0,1714,34,True,True,0,0.0211822986602783,{},False,,key0_placeholder_toeplitz_0.05,5,toeplitz,0.05,placeholder,0,0.0128205128205128,False
0.05,0.0,0.0,0.0,0.0,1714,34,True,True,0,0.0203475952148437,{},False,,key0_placeholder_toeplitz_0.05,6,toeplitz,0.05,placeholder,0,0.0128205128205128,False
0.05,0.0,0.0,0.0,0.0,1714,34,True,True,0,0.0213358402252197,{},False,,key0_placeholder_toeplitz_0.05,7,toeplitz,0.05,placeholder,0,0.0128205128205128,False
0.05,0.0,0.0,0.0,0.0,1714,34,True,True,0,0.01971435546875,{},False,,key0_placeholder_toeplitz_0.05,8,toeplitz,0.05,placeholder,0,0.0128205128205128,False
0.05,0.0,0.0,0.0,0.0,1714,34,True,True,0,0.0213100910186767,{},False,,key0_placeholder_toeplitz_0.05,9,toeplitz,0.05,placeholder,0,0.0128205128205128,False
0.05,0.0,0.0,0.0,0.0,1714,34,True,True,0,0.0203220844268798,{},False,,key0_placeholder_toeplitz_0.05,10,toeplitz,0.05,placeholder,0,0.0128205128205128,False
0.05,0.0,0.0,0.0,0.0,1714,34,True,True,0,0.0225715637207031,{},False,,key0_placeholder_toeplitz_0.05,11,toeplitz,0.05,placeholder,0,0.0128205128205128,False
0.05,0.0,0.0,0.0,0.0,1714,34,True,True,0,0.0217475891113281,{},False,,key0_placeholder_toeplitz_0.05,12,toeplitz,0.05,placeholder,0,0.0128205128205128,False
0.05,0.0,0.0,0.0,0.0,1714,34,True,True,0,0.0195932388305664,{},False,,key0_placeholder_toeplitz_0.05,13,toeplitz,0.05,placeholder,0,0.0128205128205128,False
0.05,0.0,0.0,0.0,0.0,1714,34,True,True,0,0.0197546482086181,{},False,,key0_placeholder_toeplitz_0.05,14,toeplitz,0.05,placeholder,0,0.0128205128205128,False
0.05,0.0,0.0,0.0,0.0,1714,34,True,True,0,0.0213029384613037,{},False,,key0_placeholder_toeplitz_0.05,15,toeplitz,0.05,placeholder,0,0.0128205128205128,False
0.05,0.0,0.0,0.0,0.0,1714,34,True,True,0,0.021705150604248,{},False,,key0_placeholder_toeplitz_0.05,16,toeplitz,0.05,placeholder,0,0.0128205128205128,False
0.05,0.0,0.0,0.0,0.0,1714,34,True,True,0,0.0206458568572998,{},False,,key0_placeholder_toeplitz_0.05,17,toeplitz,0.05,placeholder,0,0.0128205128205128,False
0.05,0.0,0.0,0.0,0.0,1714,34,True,True,0,0.0202493667602539,{},False,,key0_placeholder_toeplitz_0.05,18,toeplitz,0.05,placeholder,0,0.0128205128205128,False
0.05,0.0,0.0,0.0,0.0,1714,34,True,True,0,0.0223157405853271,{},False,,key0_placeholder_toeplitz_0.05,19,toeplitz,0.05,placeholder,0,0.0128205128205128,False
0.03,0.0,0.0,0.0,0.0,1714,34,True,True,0,0.0212519168853759,{},False,,key0_placeholder_toeplitz_0.03,0,toeplitz,0.03,placeholder,0,0.0128205128205128,False
0.03,0.0,0.0,0.0,0.0,1714,34,True,True,0,0.021914005279541,{},False,,key0_placeholder_toeplitz_0.03,1,toeplitz,0.03,placeholder,0,0.0128205128205128,False
0.03,0.0,0.0,0.0,0.0,1714,34,True,True,0,0.0237729549407959,{},False,,key0_placeholder_toeplitz_0.03,2,toeplitz,0.03,placeholder,0,0.0128205128205128,False
0.03,0.0,0.0,0.0,0.0,1714,34,True,True,0,0.0201375484466552,{},False,,key0_placeholder_toeplitz_0.03,3,toeplitz,0.03,placeholder,0,0.0128205128205128,False
0.03,0.0,0.0,0.0,0.0,1714,34,True,True,0,0.0207836627960205,{},False,,key0_placeholder_toeplitz_0.03,4,toeplitz,0.03,placeholder,0,0.0128205128205128,False
0.03,0.0,0.0,0.0,0.0,1714,34,True,True,0,0.0204882621765136,{},False,,key0_placeholder_toeplitz_0.03,5,toeplitz,0.03,placeholder,0,0.0128205128205128,False
0.03,0.0,0.0,0.0,0.0,1714,34,True,True,0,0.0203444957733154,{},False,,key0_placeholder_toeplitz_0.03,6,toeplitz,0.03,placeholder,0,0.0128205128205128,False
0.03,0.0,0.0,0.0,0.0,1714,34,True,True,0,0.0204927921295166,{},False,,key0_placeholder_toeplitz_0.03,7,toeplitz,0.03,placeholder,0,0.0128205128205128,False
0.03,0.0,0.0,0.0,0.0,1714,34,True,True,0,0.0208752155303955,{},False,,key0_placeholder_toeplitz_0.03,8,toeplitz,0.03,placeholder,0,0.0128205128205128,False
0.03,0.0,0.0,0.0,0.0,1714,34,True,True,0,0.0261344909667968,{},False,,key0_placeholder_toeplitz_0.03,9,toeplitz,0.03,placeholder,0,0.0128205128205128,False
0.03,0.0,0.0,0.0,0.0,1714,34,True,True,0,0.021052598953247,{},False,,key0_placeholder_toeplitz_0.03,10,toeplitz,0.03,placeholder,0,0.0128205128205128,False
0.03,0.0,0.0,0.0,0.0,1714,34,True,True,0,0.0235013961791992,{},False,,key0_placeholder_toeplitz_0.03,11,toeplitz,0.03,placeholder,0,0.0128205128205128,False
0.03,0.0,0.0,0.0,0.0,1714,34,True,True,0,0.0226361751556396,{},False,,key0_placeholder_toeplitz_0.03,12,toeplitz,0.03,placeholder,0,0.0128205128205128,False
0.03,0.0,0.0,0.0,0.0,1714,34,True,True,0,0.021651268005371,{},False,,key0_placeholder_toeplitz_0.03,13,toeplitz,0.03,placeholder,0,0.0128205128205128,False
0.03,0.0,0.0,0.0,0.0,1714,34,True,True,0,0.019766092300415,{},False,,key0_placeholder_toeplitz_0.03,14,toeplitz,0.03,placeholder,0,0.0128205128205128,False
0.03,0.0,0.0,0.0,0.0,1714,34,True,True,0,0.0205018520355224,{},False,,key0_placeholder_toeplitz_0.03,15,toeplitz,0.03,placeholder,0,0.0128205128205128,False
0.03,0.0,0.0,0.0,0.0,1714,34,True,True,0,0.0200839042663574,{},False,,key0_placeholder_toeplitz_0.03,16,toeplitz,0.03,placeholder,0,0.0128205128205128,False
0.03,0.0,0.0,0.0,0.0,1714,34,True,True,0,0.0217535495758056,{},False,,key0_placeholder_toeplitz_0.03,17,toeplitz,0.03,placeholder,0,0.0128205128205128,False
0.03,0.0,0.0,0.0,0.0,1714,34,True,True,0,0.0226094722747802,{},False,,key0_placeholder_toeplitz_0.03,18,toeplitz,0.03,placeholder,0,0.0128205128205128,False
0.03,0.0,0.0,0.0,0.0,1714,34,True,True,0,0.0215339660644531,{},False,,key0_placeholder_toeplitz_0.03,19,toeplitz,0.03,placeholder,0,0.0128205128205128,False
0.01,0.0,0.0,0.0,0.0,1714,34,True,True,0,0.0225429534912109,{},False,,key0_placeholder_toeplitz_0.01,0,toeplitz,0.01,placeholder,0,0.0128205128205128,False
0.01,0.0,0.0,0.0,0.0,1714,34,True,True,0,0.0302088260650634,{},False,,key0_placeholder_toeplitz_0.01,1,toeplitz,0.01,placeholder,0,0.0128205128205128,False
0.01,0.0,0.0,0.0,0.0,1714,34,True,True,0,0.0213356018066406,{},False,,key0_placeholder_toeplitz_0.01,2,toeplitz,0.01,placeholder,0,0.0128205128205128,False
0.01,0.0,0.0,0.0,0.0,1714,34,True,True,0,0.0195395946502685,{},False,,key0_placeholder_toeplitz_0.01,3,toeplitz,0.01,placeholder,0,0.0128205128205128,False
0.01,0.0,0.0,0.0,0.0,1714,34,True,True,0,0.0196564197540283,{},False,,key0_placeholder_toeplitz_0.01,4,toeplitz,0.01,placeholder,0,0.0128205128205128,False
0.01,0.0,0.0,0.0,0.0,1714,34,True,True,0,0.0202944278717041,{},False,,key0_placeholder_toeplitz_0.01,5,toeplitz,0.01,placeholder,0,0.0128205128205128,False
0.01,0.0,0.0,0.0,0.0,1714,34,True,True,0,0.0194466114044189,{},False,,key0_placeholder_toeplitz_0.01,6,toeplitz,0.01,placeholder,0,0.0128205128205128,False
0.01,0.0,0.0,0.0,0.0,1714,34,True,True,0,0.0210733413696289,{},False,,key0_placeholder_toeplitz_0.01,7,toeplitz,0.01,placeholder,0,0.0128205128205128,False
0.01,0.0,0.0,0.0,0.0,1714,34,True,True,0,0.0194792747497558,{},False,,key0_placeholder_toeplitz_0.01,8,toeplitz,0.01,placeholder,0,0.0128205128205128,False
0.01,0.0,0.0,0.0,0.0,1714,34,True,True,0,0.0197982788085937,{},False,,key0_placeholder_toeplitz_0.01,9,toeplitz,0.01,placeholder,0,0.0128205128205128,False
0.01,0.0,0.0,0.0,0.0,1714,34,True,True,0,0.0209782123565673,{},False,,key0_placeholder_toeplitz_0.01,10,toeplitz,0.01,placeholder,0,0.0128205128205128,False
0.01,0.0,0.0,0.0,0.0,1714,34,True,True,0,0.0219333171844482,{},False,,key0_placeholder_toeplitz_0.01,11,toeplitz,0.01,placeholder,0,0.0128205128205128,False
0.01,0.0,0.0,0.0,0.0,1714,34,True,True,0,0.0217416286468505,{},False,,key0_placeholder_toeplitz_0.01,12,toeplitz,0.01,placeholder,0,0.0128205128205128,False
0.01,0.0,0.0,0.0,0.0,1714,34,True,True,0,0.0195538997650146,{},False,,key0_placeholder_toeplitz_0.01,13,toeplitz,0.01,placeholder,0,0.0128205128205128,False
0.01,0.0,0.0,0.0,0.0,1714,34,True,True,0,0.0202326774597167,{},False,,key0_placeholder_toeplitz_0.01,14,toeplitz,0.01,placeholder,0,0.0128205128205128,False
0.01,0.0,0.0,0.0,0.0,1714,34,True,True,0,0.0202364921569824,{},False,,key0_placeholder_toeplitz_0.01,15,toeplitz,0.01,placeholder,0,0.0128205128205128,False
0.01,0.0,0.0,0.0,0.0,1714,34,True,True,0,0.0206224918365478,{},False,,key0_placeholder_toeplitz_0.01,16,toeplitz,0.01,placeholder,0,0.0128205128205128,False
0.01,0.0,0.0,0.0,0.0,1714,34,True,True,0,0.0199854373931884,{},False,,key0_placeholder_toeplitz_0.01,17,toeplitz,0.01,placeholder,0,0.0128205128205128,False
0.01,0.0,0.0,0.0,0.0,1714,34,True,True,0,0.0205442905426025,{},False,,key0_placeholder_toeplitz_0.01,18,toeplitz,0.01,placeholder,0,0.0128205128205128,False
0.01,0.0,0.0,0.0,0.0,1714,34,True,True,0,0.0267243385314941,{},False,,key0_placeholder_toeplitz_0.01,19,toeplitz,0.01,placeholder,0,0.0128205128205128,False
0.003,0.0,0.0,0.0,0.0,1714,34,True,True,0,0.0200874805450439,{},False,,key0_placeholder_toeplitz_0.003,0,toeplitz,0.003,placeholder,0,0.0128205128205128,False
0.003,0.0,0.0,0.0,0.0,1714,34,True,True,0,0.0225753784179687,{},False,,key0_placeholder_toeplitz_0.003,1,toeplitz,0.003,placeholder,0,0.0128205128205128,False
0.003,0.0,0.0,0.0,0.0,1714,34,True,True,0,0.0221226215362548,{},False,,key0_placeholder_toeplitz_0.003,2,toeplitz,0.003,placeholder,0,0.0128205128205128,False
0.003,0.0,0.0,0.0,0.0,1714,34,True,True,0,0.0198276042938232,{},False,,key0_placeholder_toeplitz_0.003,3,toeplitz,0.003,placeholder,0,0.0128205128205128,False
0.003,0.0,0.0,0.0,0.0,1714,34,True,True,0,0.0224575996398925,{},False,,key0_placeholder_toeplitz_0.003,4,toeplitz,0.003,placeholder,0,0.0128205128205128,False
0.003,0.0,0.0,0.0,0.0,1714,34,True,True,0,0.0204713344573974,{},False,,key0_placeholder_toeplitz_0.003,5,toeplitz,0.003,placeholder,0,0.0128205128205128,False
0.003,0.0,0.0,0.0,0.0,1714,34,True,True,0,0.0215013027191162,{},False,,key0_placeholder_toeplitz_0.003,6,toeplitz,0.003,placeholder,0,0.0128205128205128,False
0.003,0.0,0.0,0.0,0.0,1714,34,True,True,0,0.021327257156372,{},False,,key0_placeholder_toeplitz_0.003,7,toeplitz,0.003,placeholder,0,0.0128205128205128,False
0.003,0.0,0.0,0.0,0.0,1714,34,True,True,0,0.0197176933288574,{},False,,key0_placeholder_toeplitz_0.003,8,toeplitz,0.003,placeholder,0,0.0128205128205128,False
0.003,0.0,0.0,0.0,0.0,1714,34,True,True,0,0.025393009185791,{},False,,key0_placeholder_toeplitz_0.003,9,toeplitz,0.003,placeholder,0,0.0128205128205128,False
0.003,0.0,0.0,0.0,0.0,1714,34,True,True,0,0.0536246299743652,{},False,,key0_placeholder_toeplitz_0.003,10,toeplitz,0.003,placeholder,0,0.0128205128205128,False
0.003,0.0,0.0,0.0,0.0,1714,34,True,True,0,0.027695894241333,{},False,,key0_placeholder_toeplitz_0.003,11,toeplitz,0.003,placeholder,0,0.0128205128205128,False
0.003,0.0,0.0,0.0,0.0,1714,34,True,True,0,0.0214514732360839,{},False,,key0_placeholder_toeplitz_0.003,12,toeplitz,0.003,placeholder,0,0.0128205128205128,False
0.003,0.0,0.0,0.0,0.0,1714,34,True,True,0,0.0253336429595947,{},False,,key0_placeholder_toeplitz_0.003,13,toeplitz,0.003,placeholder,0,0.0128205128205128,False
0.003,0.0,0.0,0.0,0.0,1714,34,True,True,0,0.028832197189331,{},False,,key0_placeholder_toeplitz_0.003,14,toeplitz,0.003,placeholder,0,0.0128205128205128,False
0.003,0.0,0.0,0.0,0.0,1714,34,True,True,0,0.0263307094573974,{},False,,key0_placeholder_toeplitz_0.003,15,toeplitz,0.003,placeholder,0,0.0128205128205128,False
0.003,0.0,0.0,0.0,0.0,1714,34,True,True,0,0.0245957374572753,{},False,,key0_placeholder_toeplitz_0.003,16,toeplitz,0.003,placeholder,0,0.0128205128205128,False
0.003,0.0,0.0,0.0,0.0,1714,34,True,True,0,0.0305416584014892,{},False,,key0_placeholder_toeplitz_0.003,17,toeplitz,0.003,placeholder,0,0.0128205128205128,False
0.003,0.0,0.0,0.0,0.0,1714,34,True,True,0,0.0255916118621826,{},False,,key0_placeholder_toeplitz_0.003,18,toeplitz,0.003,placeholder,0,0.0128205128205128,False
0.003,0.0,0.0,0.0,0.0,1714,34,True,True,0,0.0268082618713378,{},False,,key0_placeholder_toeplitz_0.003,19,toeplitz,0.003,placeholder,0,0.0128205128205128,False
0.001,0.0,0.0,0.0,0.0,1714,34,True,True,0,0.0201597213745117,{},False,,key0_placeholder_toeplitz_0.001,0,toeplitz,0.001,placeholder,0,0.0128205128205128,False
0.001,0.0,0.0,0.0,0.0,1714,34,True,True,0,0.0203540325164794,{},False,,key0_placeholder_toeplitz_0.001,1,toeplitz,0.001,placeholder,0,0.0128205128205128,False
0.001,0.0,0.0,0.0,0.0,1714,34,True,True,0,0.0240883827209472,{},False,,key0_placeholder_toeplitz_0.001,2,toeplitz,0.001,placeholder,0,0.0128205128205128,False
0.001,0.0,0.0,0.0,0.0,1714,34,True,True,0,0.0225186347961425,{},False,,key0_placeholder_toeplitz_0.001,3,toeplitz,0.001,placeholder,0,0.0128205128205128,False
0.001,0.0,0.0,0.0,0.0,1714,34,True,True,0,0.0244700908660888,{},False,,key0_placeholder_toeplitz_0.001,4,toeplitz,0.001,placeholder,0,0.0128205128205128,False
0.001,0.0,0.0,0.0,0.0,1714,34,True,True,0,0.0215415954589843,{},False,,key0_placeholder_toeplitz_0.001,5,toeplitz,0.001,placeholder,0,0.0128205128205128,False
0.001,0.0,0.0,0.0,0.0,1714,34,True,True,0,0.0206232070922851,{},False,,key0_placeholder_toeplitz_0.001,6,toeplitz,0.001,placeholder,0,0.0128205128205128,False
0.001,0.0,0.0,0.0,0.0,1714,34,True,True,0,0.0208384990692138,{},False,,key0_placeholder_toeplitz_0.001,7,toeplitz,0.001,placeholder,0,0.0128205128205128,False
0.001,0.0,0.0,0.0,0.0,1714,34,True,True,0,0.023148775100708,{},False,,key0_placeholder_toeplitz_0.001,8,toeplitz,0.001,placeholder,0,0.0128205128205128,False
0.001,0.0,0.0,0.0,0.0,1714,34,True,True,0,0.0211410522460937,{},False,,key0_placeholder_toeplitz_0.001,9,toeplitz,0.001,placeholder,0,0.0128205128205128,False
0.001,0.0,0.0,0.0,0.0,1714,34,True,True,0,0.0206382274627685,{},False,,key0_placeholder_toeplitz_0.001,10,toeplitz,0.001,placeholder,0,0.0128205128205128,False
0.001,0.0,0.0,0.0,0.0,1714,34,True,True,0,0.0217695236206054,{},False,,key0_placeholder_toeplitz_0.001,11,toeplitz,0.001,placeholder,0,0.0128205128205128,False
0.001,0.0,0.0,0.0,0.0,1714,34,True,True,0,0.024611473083496,{},False,,key0_placeholder_toeplitz_0.001,12,toeplitz,0.001,placeholder,0,0.0128205128205128,False
0.001,0.0,0.0,0.0,0.0,1714,34,True,True,0,0.0211131572723388,{},False,,key0_placeholder_toeplitz_0.001,13,toeplitz,0.001,placeholder,0,0.0128205128205128,False
0.001,0.0,0.0,0.0,0.0,1714,34,True,True,0,0.0218198299407959,{},False,,key0_placeholder_toeplitz_0.001,14,toeplitz,0.001,placeholder,0,0.0128205128205128,False
0.001,0.0,0.0,0.0,0.0,1714,34,True,True,0,0.0208563804626464,{},False,,key0_placeholder_toeplitz_0.001,15,toeplitz,0.001,placeholder,0,0.0128205128205128,False
0.001,0.0,0.0,0.0,0.0,1714,34,True,True,0,0.0209522247314453,{},False,,key0_placeholder_toeplitz_0.001,16,toeplitz,0.001,placeholder,0,0.0128205128205128,False
0.001,0.0,0.0,0.0,0.0,1714,34,True,True,0,0.0215990543365478,{},False,,key0_placeholder_toeplitz_0.001,17,toeplitz,0.001,placeholder,0,0.0128205128205128,False
0.001,0.0,0.0,0.0,0.0,1714,34,True,True,0,0.0217094421386718,{},False,,key0_placeholder_toeplitz_0.001,18,toeplitz,0.001,placeholder,0,0.0128205128205128,False
0.001,0.0,0.0,0.0,0.0,1714,34,True,True,0,0.0215561389923095,{},False,,key0_placeholder_toeplitz_0.001,19,toeplitz,0.001,placeholder,0,0.0128205128205128,False
0.0,0.5,0.0,0.0,0.0,1714,34,True,False,1,0.0202243328094482,{'final_key': 1},False,,key0_placeholder_final_key_0.5,0,final_key,0.5,placeholder,0,0.0128205128205128,True
0.0,0.5,0.0,0.0,0.0,1714,34,True,True,0,0.0220527648925781,{},False,,key0_placeholder_final_key_0.5,1,final_key,0.5,placeholder,0,0.0128205128205128,False
0.0,0.5,0.0,0.0,0.0,1714,34,True,False,1,0.0208692550659179,{'final_key': 1},False,,key0_placeholder_final_key_0.5,2,final_key,0.5,placeholder,0,0.0128205128205128,True
0.0,0.5,0.0,0.0,0.0,1714,34,True,True,0,0.0207350254058837,{},False,,key0_placeholder_final_key_0.5,3,final_key,0.5,placeholder,0,0.0128205128205128,False
0.0,0.5,0.0,0.0,0.0,1714,34,True,True,0,0.0214712619781494,{},False,,key0_placeholder_final_key_0.5,4,final_key,0.5,placeholder,0,0.0128205128205128,False
0.0,0.5,0.0,0.0,0.0,1714,34,True,True,0,0.0208444595336914,{},False,,key0_placeholder_final_key_0.5,5,final_key,0.5,placeholder,0,0.0128205128205128,False
0.0,0.5,0.0,0.0,0.0,1714,34,True,True,0,0.0211033821105957,{},False,,key0_placeholder_final_key_0.5,6,final_key,0.5,placeholder,0,0.0128205128205128,False
0.0,0.5,0.0,0.0,0.0,1714,34,True,True,0,0.021512746810913,{},False,,key0_placeholder_final_key_0.5,7,final_key,0.5,placeholder,0,0.0128205128205128,False
0.0,0.5,0.0,0.0,0.0,1714,34,True,False,1,0.0215272903442382,{'final_key': 1},False,,key0_placeholder_final_key_0.5,8,final_key,0.5,placeholder,0,0.0128205128205128,True
0.0,0.5,0.0,0.0,0.0,1714,34,True,True,0,0.0217702388763427,{},False,,key0_placeholder_final_key_0.5,9,final_key,0.5,placeholder,0,0.0128205128205128,False
0.0,0.5,0.0,0.0,0.0,1714,34,True,False,1,0.0210494995117187,{'final_key': 1},False,,key0_placeholder_final_key_0.5,10,final_key,0.5,placeholder,0,0.0128205128205128,True
0.0,0.5,0.0,0.0,0.0,1714,34,True,False,1,0.0214707851409912,{'final_key': 1},False,,key0_placeholder_final_key_0.5,11,final_key,0.5,placeholder,0,0.0128205128205128,True
0.0,0.5,0.0,0.0,0.0,1714,34,True,False,1,0.0212633609771728,{'final_key': 1},False,,key0_placeholder_final_key_0.5,12,final_key,0.5,placeholder,0,0.0128205128205128,True
0.0,0.5,0.0,0.0,0.0,1714,34,True,False,1,0.0207068920135498,{'final_key': 1},False,,key0_placeholder_final_key_0.5,13,final_key,0.5,placeholder,0,0.0128205128205128,True
0.0,0.5,0.0,0.0,0.0,1714,34,True,True,0,0.0216336250305175,{},False,,key0_placeholder_final_key_0.5,14,final_key,0.5,placeholder,0,0.0128205128205128,False
0.0,0.5,0.0,0.0,0.0,1714,34,True,True,0,0.0210976600646972,{},False,,key0_placeholder_final_key_0.5,15,final_key,0.5,placeholder,0,0.0128205128205128,False
0.0,0.5,0.0,0.0,0.0,1714,34,True,False,1,0.0202715396881103,{'final_key': 1},False,,key0_placeholder_final_key_0.5,16,final_key,0.5,placeholder,0,0.0128205128205128,True
0.0,0.5,0.0,0.0,0.0,1714,34,True,False,1,0.0204267501831054,{'final_key': 1},False,,key0_placeholder_final_key_0.5,17,final_key,0.5,placeholder,0,0.0128205128205128,True
0.0,0.5,0.0,0.0,0.0,1714,34,True,False,1,0.0225706100463867,{'final_key': 1},False,,key0_placeholder_final_key_0.5,18,final_key,0.5,placeholder,0,0.0128205128205128,True
0.0,0.5,0.0,0.0,0.0,1714,34,True,True,0,0.0219895839691162,{},False,,key0_placeholder_final_key_0.5,19,final_key,0.5,placeholder,0,0.0128205128205128,False
0.0,0.3,0.0,0.0,0.0,1714,34,True,False,1,0.019794225692749,{'final_key': 1},False,,key0_placeholder_final_key_0.3,0,final_key,0.3,placeholder,0,0.0128205128205128,True
0.0,0.3,0.0,0.0,0.0,1714,34,True,True,0,0.0205121040344238,{},False,,key0_placeholder_final_key_0.3,1,final_key,0.3,placeholder,0,0.0128205128205128,False
0.0,0.3,0.0,0.0,0.0,1714,34,True,True,0,0.0207164287567138,{},False,,key0_placeholder_final_key_0.3,2,final_key,0.3,placeholder,0,0.0128205128205128,False
0.0,0.3,0.0,0.0,0.0,1714,34,True,True,0,0.0194385051727294,{},False,,key0_placeholder_final_key_0.3,3,final_key,0.3,placeholder,0,0.0128205128205128,False
0.0,0.3,0.0,0.0,0.0,1714,34,True,True,0,0.0197992324829101,{},False,,key0_placeholder_final_key_0.3,4,final_key,0.3,placeholder,0,0.0128205128205128,False
0.0,0.3,0.0,0.0,0.0,1714,34,True,True,0,0.0201256275177001,{},False,,key0_placeholder_final_key_0.3,5,final_key,0.3,placeholder,0,0.0128205128205128,False
0.0,0.3,0.0,0.0,0.0,1714,34,True,True,0,0.0201554298400878,{},False,,key0_placeholder_final_key_0.3,6,final_key,0.3,placeholder,0,0.0128205128205128,False
0.0,0.3,0.0,0.0,0.0,1714,34,True,True,0,0.021733283996582,{},False,,key0_placeholder_final_key_0.3,7,final_key,0.3,placeholder,0,0.0128205128205128,False
0.0,0.3,0.0,0.0,0.0,1714,34,True,True,0,0.0208237171173095,{},False,,key0_placeholder_final_key_0.3,8,final_key,0.3,placeholder,0,0.0128205128205128,False
0.0,0.3,0.0,0.0,0.0,1714,34,True,True,0,0.0225722789764404,{},False,,key0_placeholder_final_key_0.3,9,final_key,0.3,placeholder,0,0.0128205128205128,False
0.0,0.3,0.0,0.0,0.0,1714,34,True,False,1,0.0394701957702636,{'final_key': 1},False,,key0_placeholder_final_key_0.3,10,final_key,0.3,placeholder,0,0.0128205128205128,True
0.0,0.3,0.0,0.0,0.0,1714,34,True,True,0,0.0441114902496337,{},False,,key0_placeholder_final_key_0.3,11,final_key,0.3,placeholder,0,0.0128205128205128,False
0.0,0.3,0.0,0.0,0.0,1714,34,True,False,1,0.0227453708648681,{'final_key': 1},False,,key0_placeholder_final_key_0.3,12,final_key,0.3,placeholder,0,0.0128205128205128,True
0.0,0.3,0.0,0.0,0.0,1714,34,True,False,1,0.0211560726165771,{'final_key': 1},False,,key0_placeholder_final_key_0.3,13,final_key,0.3,placeholder,0,0.0128205128205128,True
0.0,0.3,0.0,0.0,0.0,1714,34,True,True,0,0.0202529430389404,{},False,,key0_placeholder_final_key_0.3,14,final_key,0.3,placeholder,0,0.0128205128205128,False
0.0,0.3,0.0,0.0,0.0,1714,34,True,True,0,0.0210022926330566,{},False,,key0_placeholder_final_key_0.3,15,final_key,0.3,placeholder,0,0.0128205128205128,False
0.0,0.3,0.0,0.0,0.0,1714,34,True,False,1,0.0210268497467041,{'final_key': 1},False,,key0_placeholder_final_key_0.3,16,final_key,0.3,placeholder,0,0.0128205128205128,True
0.0,0.3,0.0,0.0,0.0,1714,34,True,False,1,0.0207855701446533,{'final_key': 1},False,,key0_placeholder_final_key_0.3,17,final_key,0.3,placeholder,0,0.0128205128205128,True
0.0,0.3,0.0,0.0,0.0,1714,34,True,False,1,0.0200171470642089,{'final_key': 1},False,,key0_placeholder_final_key_0.3,18,final_key,0.3,placeholder,0,0.0128205128205128,True
0.0,0.3,0.0,0.0,0.0,1714,34,True,True,0,0.0206120014190673,{},False,,key0_placeholder_final_key_0.3,19,final_key,0.3,placeholder,0,0.0128205128205128,False
0.0,0.1,0.0,0.0,0.0,1714,34,True,True,0,0.0201826095581054,{},False,,key0_placeholder_final_key_0.1,0,final_key,0.1,placeholder,0,0.0128205128205128,False
0.0,0.1,0.0,0.0,0.0,1714,34,True,True,0,0.0204265117645263,{},False,,key0_placeholder_final_key_0.1,1,final_key,0.1,placeholder,0,0.0128205128205128,False
0.0,0.1,0.0,0.0,0.0,1714,34,True,True,0,0.0202245712280273,{},False,,key0_placeholder_final_key_0.1,2,final_key,0.1,placeholder,0,0.0128205128205128,False
0.0,0.1,0.0,0.0,0.0,1714,34,True,True,0,0.0215106010437011,{},False,,key0_placeholder_final_key_0.1,3,final_key,0.1,placeholder,0,0.0128205128205128,False
0.0,0.1,0.0,0.0,0.0,1714,34,True,True,0,0.0227799415588378,{},False,,key0_placeholder_final_key_0.1,4,final_key,0.1,placeholder,0,0.0128205128205128,False
0.0,0.1,0.0,0.0,0.0,1714,34,True,True,0,0.0201132297515869,{},False,,key0_placeholder_final_key_0.1,5,final_key,0.1,placeholder,0,0.0128205128205128,False
0.0,0.1,0.0,0.0,0.0,1714,34,True,True,0,0.0216836929321289,{},False,,key0_placeholder_final_key_0.1,6,final_key,0.1,placeholder,0,0.0128205128205128,False
0.0,0.1,0.0,0.0,0.0,1714,34,True,True,0,0.0226385593414306,{},False,,key0_placeholder_final_key_0.1,7,final_key,0.1,placeholder,0,0.0128205128205128,False
0.0,0.1,0.0,0.0,0.0,1714,34,True,True,0,0.0437269210815429,{},False,,key0_placeholder_final_key_0.1,8,final_key,0.1,placeholder,0,0.0128205128205128,False
0.0,0.1,0.0,0.0,0.0,1714,34,True,True,0,0.0224449634552001,{},False,,key0_placeholder_final_key_0.1,9,final_key,0.1,placeholder,0,0.0128205128205128,False
0.0,0.1,0.0,0.0,0.0,1714,34,True,False,1,0.0212078094482421,{'final_key': 1},False,,key0_placeholder_final_key_0.1,10,final_key,0.1,placeholder,0,0.0128205128205128,True
0.0,0.1,0.0,0.0,0.0,1714,34,True,True,0,0.0209259986877441,{},False,,key0_placeholder_final_key_0.1,11,final_key,0.1,placeholder,0,0.0128205128205128,False
0.0,0.1,0.0,0.0,0.0,1714,34,True,False,1,0.0230517387390136,{'final_key': 1},False,,key0_placeholder_final_key_0.1,12,final_key,0.1,placeholder,0,0.0128205128205128,True
0.0,0.1,0.0,0.0,0.0,1714,34,True,True,0,0.0267980098724365,{},False,,key0_placeholder_final_key_0.1,13,final_key,0.1,placeholder,0,0.0128205128205128,False
0.0,0.1,0.0,0.0,0.0,1714,34,True,True,0,0.0387330055236816,{},False,,key0_placeholder_final_key_0.1,14,final_key,0.1,placeholder,0,0.0128205128205128,False
0.0,0.1,0.0,0.0,0.0,1714,34,True,True,0,0.0251235961914062,{},False,,key0_placeholder_final_key_0.1,15,final_key,0.1,placeholder,0,0.0128205128205128,False
0.0,0.1,0.0,0.0,0.0,1714,34,True,True,0,0.0221624374389648,{},False,,key0_placeholder_final_key_0.1,16,final_key,0.1,placeholder,0,0.0128205128205128,False
0.0,0.1,0.0,0.0,0.0,1714,34,True,True,0,0.0228650569915771,{},False,,key0_placeholder_final_key_0.1,17,final_key,0.1,placeholder,0,0.0128205128205128,False
0.0,0.1,0.0,0.0,0.0,1714,34,True,True,0,0.020740270614624,{},False,,key0_placeholder_final_key_0.1,18,final_key,0.1,placeholder,0,0.0128205128205128,False
0.0,0.1,0.0,0.0,0.0,1714,34,True,True,0,0.0203721523284912,{},False,,key0_placeholder_final_key_0.1,19,final_key,0.1,placeholder,0,0.0128205128205128,False
0.0,0.05,0.0,0.0,0.0,1714,34,True,True,0,0.020644187927246,{},False,,key0_placeholder_final_key_0.05,0,final_key,0.05,placeholder,0,0.0128205128205128,False
0.0,0.05,0.0,0.0,0.0,1714,34,True,True,0,0.0206391811370849,{},False,,key0_placeholder_final_key_0.05,1,final_key,0.05,placeholder,0,0.0128205128205128,False
0.0,0.05,0.0,0.0,0.0,1714,34,True,True,0,0.0204756259918212,{},False,,key0_placeholder_final_key_0.05,2,final_key,0.05,placeholder,0,0.0128205128205128,False
0.0,0.05,0.0,0.0,0.0,1714,34,True,True,0,0.0196263790130615,{},False,,key0_placeholder_final_key_0.05,3,final_key,0.05,placeholder,0,0.0128205128205128,False
0.0,0.05,0.0,0.0,0.0,1714,34,True,True,0,0.0214531421661376,{},False,,key0_placeholder_final_key_0.05,4,final_key,0.05,placeholder,0,0.0128205128205128,False
0.0,0.05,0.0,0.0,0.0,1714,34,True,True,0,0.0220975875854492,{},False,,key0_placeholder_final_key_0.05,5,final_key,0.05,placeholder,0,0.0128205128205128,False
0.0,0.05,0.0,0.0,0.0,1714,34,True,True,0,0.0198011398315429,{},False,,key0_placeholder_final_key_0.05,6,final_key,0.05,placeholder,0,0.0128205128205128,False
0.0,0.05,0.0,0.0,0.0,1714,34,True,True,0,0.0203619003295898,{},False,,key0_placeholder_final_key_0.05,7,final_key,0.05,placeholder,0,0.0128205128205128,False
0.0,0.05,0.0,0.0,0.0,1714,34,True,True,0,0.0204799175262451,{},False,,key0_placeholder_final_key_0.05,8,final_key,0.05,placeholder,0,0.0128205128205128,False
0.0,0.05,0.0,0.0,0.0,1714,34,True,True,0,0.0204293727874755,{},False,,key0_placeholder_final_key_0.05,9,final_key,0.05,placeholder,0,0.0128205128205128,False
0.0,0.05,0.0,0.0,0.0,1714,34,True,True,0,0.0205829143524169,{},False,,key0_placeholder_final_key_0.05,10,final_key,0.05,placeholder,0,0.0128205128205128,False
0.0,0.05,0.0,0.0,0.0,1714,34,True,True,0,0.0215988159179687,{},False,,key0_placeholder_final_key_0.05,11,final_key,0.05,placeholder,0,0.0128205128205128,False
0.0,0.05,0.0,0.0,0.0,1714,34,True,True,0,0.0236449241638183,{},False,,key0_placeholder_final_key_0.05,12,final_key,0.05,placeholder,0,0.0128205128205128,False
0.0,0.05,0.0,0.0,0.0,1714,34,True,True,0,0.0244281291961669,{},False,,key0_placeholder_final_key_0.05,13,final_key,0.05,placeholder,0,0.0128205128205128,False
0.0,0.05,0.0,0.0,0.0,1714,34,True,True,0,0.0218305587768554,{},False,,key0_placeholder_final_key_0.05,14,final_key,0.05,placeholder,0,0.0128205128205128,False
0.0,0.05,0.0,0.0,0.0,1714,34,True,True,0,0.0200085639953613,{},False,,key0_placeholder_final_key_0.05,15,final_key,0.05,placeholder,0,0.0128205128205128,False
0.0,0.05,0.0,0.0,0.0,1714,34,True,True,0,0.0194361209869384,{},False,,key0_placeholder_final_key_0.05,16,final_key,0.05,placeholder,0,0.0128205128205128,False
0.0,0.05,0.0,0.0,0.0,1714,34,True,True,0,0.0195796489715576,{},False,,key0_placeholder_final_key_0.05,17,final_key,0.05,placeholder,0,0.0128205128205128,False
0.0,0.05,0.0,0.0,0.0,1714,34,True,True,0,0.020231008529663,{},False,,key0_placeholder_final_key_0.05,18,final_key,0.05,placeholder,0,0.0128205128205128,False
0.0,0.05,0.0,0.0,0.0,1714,34,True,True,0,0.0212416648864746,{},False,,key0_placeholder_final_key_0.05,19,final_key,0.05,placeholder,0,0.0128205128205128,False
0.0,0.03,0.0,0.0,0.0,1714,34,True,True,0,0.0201842784881591,{},False,,key0_placeholder_final_key_0.03,0,final_key,0.03,placeholder,0,0.0128205128205128,False
0.0,0.03,0.0,0.0,0.0,1714,34,True,True,0,0.0200502872467041,{},False,,key0_placeholder_final_key_0.03,1,final_key,0.03,placeholder,0,0.0128205128205128,False
0.0,0.03,0.0,0.0,0.0,1714,34,True,True,0,0.0211720466613769,{},False,,key0_placeholder_final_key_0.03,2,final_key,0.03,placeholder,0,0.0128205128205128,False
0.0,0.03,0.0,0.0,0.0,1714,34,True,True,0,0.0197687149047851,{},False,,key0_placeholder_final_key_0.03,3,final_key,0.03,placeholder,0,0.0128205128205128,False
0.0,0.03,0.0,0.0,0.0,1714,34,True,True,0,0.0220317840576171,{},False,,key0_placeholder_final_key_0.03,4,final_key,0.03,placeholder,0,0.0128205128205128,False
0.0,0.03,0.0,0.0,0.0,1714,34,True,True,0,0.020700454711914,{},False,,key0_placeholder_final_key_0.03,5,final_key,0.03,placeholder,0,0.0128205128205128,False
0.0,0.03,0.0,0.0,0.0,1714,34,True,True,0,0.0205500125885009,{},False,,key0_placeholder_final_key_0.03,6,final_key,0.03,placeholder,0,0.0128205128205128,False
0.0,0.03,0.0,0.0,0.0,1714,34,True,True,0,0.0205693244934082,{},False,,key0_placeholder_final_key_0.03,7,final_key,0.03,placeholder,0,0.0128205128205128,False
0.0,0.03,0.0,0.0,0.0,1714,34,True,True,0,0.019686222076416,{},False,,key0_placeholder_final_key_0.03,8,final_key,0.03,placeholder,0,0.0128205128205128,False
0.0,0.03,0.0,0.0,0.0,1714,34,True,True,0,0.0329170227050781,{},False,,key0_placeholder_final_key_0.03,9,final_key,0.03,placeholder,0,0.0128205128205128,False
0.0,0.03,0.0,0.0,0.0,1714,34,True,True,0,0.0210978984832763,{},False,,key0_placeholder_final_key_0.03,10,final_key,0.03,placeholder,0,0.0128205128205128,False
0.0,0.03,0.0,0.0,0.0,1714,34,True,True,0,0.0206847190856933,{},False,,key0_placeholder_final_key_0.03,11,final_key,0.03,placeholder,0,0.0128205128205128,False
0.0,0.03,0.0,0.0,0.0,1714,34,True,True,0,0.0212404727935791,{},False,,key0_placeholder_final_key_0.03,12,final_key,0.03,placeholder,0,0.0128205128205128,False
0.0,0.03,0.0,0.0,0.0,1714,34,True,True,0,0.0208187103271484,{},False,,key0_placeholder_final_key_0.03,13,final_key,0.03,placeholder,0,0.0128205128205128,False
0.0,0.03,0.0,0.0,0.0,1714,34,True,True,0,0.0211524963378906,{},False,,key0_placeholder_final_key_0.03,14,final_key,0.03,placeholder,0,0.0128205128205128,False
0.0,0.03,0.0,0.0,0.0,1714,34,True,True,0,0.022749900817871,{},False,,key0_placeholder_final_key_0.03,15,final_key,0.03,placeholder,0,0.0128205128205128,False
0.0,0.03,0.0,0.0,0.0,1714,34,True,True,0,0.0194175243377685,{},False,,key0_placeholder_final_key_0.03,16,final_key,0.03,placeholder,0,0.0128205128205128,False
0.0,0.03,0.0,0.0,0.0,1714,34,True,True,0,0.0199825763702392,{},False,,key0_placeholder_final_key_0.03,17,final_key,0.03,placeholder,0,0.0128205128205128,False
0.0,0.03,0.0,0.0,0.0,1714,34,True,True,0,0.0199043750762939,{},False,,key0_placeholder_final_key_0.03,18,final_key,0.03,placeholder,0,0.0128205128205128,False
0.0,0.03,0.0,0.0,0.0,1714,34,True,True,0,0.0200405120849609,{},False,,key0_placeholder_final_key_0.03,19,final_key,0.03,placeholder,0,0.0128205128205128,False
0.0,0.01,0.0,0.0,0.0,1714,34,True,True,0,0.0194716453552246,{},False,,key0_placeholder_final_key_0.01,0,final_key,0.01,placeholder,0,0.0128205128205128,False
0.0,0.01,0.0,0.0,0.0,1714,34,True,True,0,0.0201034545898437,{},False,,key0_placeholder_final_key_0.01,1,final_key,0.01,placeholder,0,0.0128205128205128,False
0.0,0.01,0.0,0.0,0.0,1714,34,True,True,0,0.0202538967132568,{},False,,key0_placeholder_final_key_0.01,2,final_key,0.01,placeholder,0,0.0128205128205128,False
0.0,0.01,0.0,0.0,0.0,1714,34,True,True,0,0.0199923515319824,{},False,,key0_placeholder_final_key_0.01,3,final_key,0.01,placeholder,0,0.0128205128205128,False
0.0,0.01,0.0,0.0,0.0,1714,34,True,True,0,0.0221843719482421,{},False,,key0_placeholder_final_key_0.01,4,final_key,0.01,placeholder,0,0.0128205128205128,False
0.0,0.01,0.0,0.0,0.0,1714,34,True,True,0,0.0202767848968505,{},False,,key0_placeholder_final_key_0.01,5,final_key,0.01,placeholder,0,0.0128205128205128,False
0.0,0.01,0.0,0.0,0.0,1714,34,True,True,0,0.0197076797485351,{},False,,key0_placeholder_final_key_0.01,6,final_key,0.01,placeholder,0,0.0128205128205128,False
0.0,0.01,0.0,0.0,0.0,1714,34,True,True,0,0.0222976207733154,{},False,,key0_placeholder_final_key_0.01,7,final_key,0.01,placeholder,0,0.0128205128205128,False
0.0,0.01,0.0,0.0,0.0,1714,34,True,True,0,0.0201644897460937,{},False,,key0_placeholder_final_key_0.01,8,final_key,0.01,placeholder,0,0.0128205128205128,False
0.0,0.01,0.0,0.0,0.0,1714,34,True,True,0,0.0200471878051757,{},False,,key0_placeholder_final_key_0.01,9,final_key,0.01,placeholder,0,0.0128205128205128,False
0.0,0.01,0.0,0.0,0.0,1714,34,True,True,0,0.0202147960662841,{},False,,key0_placeholder_final_key_0.01,10,final_key,0.01,placeholder,0,0.0128205128205128,False
0.0,0.01,0.0,0.0,0.0,1714,34,True,True,0,0.0204010009765625,{},False,,key0_placeholder_final_key_0.01,11,final_key,0.01,placeholder,0,0.0128205128205128,False
0.0,0.01,0.0,0.0,0.0,1714,34,True,True,0,0.0219173431396484,{},False,,key0_placeholder_final_key_0.01,12,final_key,0.01,placeholder,0,0.0128205128205128,False
0.0,0.01,0.0,0.0,0.0,1714,34,True,True,0,0.0197284221649169,{},False,,key0_placeholder_final_key_0.01,13,final_key,0.01,placeholder,0,0.0128205128205128,False
0.0,0.01,0.0,0.0,0.0,1714,34,True,True,0,0.0213563442230224,{},False,,key0_placeholder_final_key_0.01,14,final_key,0.01,placeholder,0,0.0128205128205128,False
0.0,0.01,0.0,0.0,0.0,1714,34,True,True,0,0.0201094150543212,{},False,,key0_placeholder_final_key_0.01,15,final_key,0.01,placeholder,0,0.0128205128205128,False
0.0,0.01,0.0,0.0,0.0,1714,34,True,True,0,0.0198612213134765,{},False,,key0_placeholder_final_key_0.01,16,final_key,0.01,placeholder,0,0.0128205128205128,False
0.0,0.01,0.0,0.0,0.0,1714,34,True,True,0,0.020892858505249,{},False,,key0_placeholder_final_key_0.01,17,final_key,0.01,placeholder,0,0.0128205128205128,False
0.0,0.01,0.0,0.0,0.0,1714,34,True,True,0,0.0197925567626953,{},False,,key0_placeholder_final_key_0.01,18,final_key,0.01,placeholder,0,0.0128205128205128,False
0.0,0.01,0.0,0.0,0.0,1714,34,True,True,0,0.022874116897583,{},False,,key0_placeholder_final_key_0.01,19,final_key,0.01,placeholder,0,0.0128205128205128,False
0.0,0.003,0.0,0.0,0.0,1714,34,True,True,0,0.0235002040863037,{},False,,key0_placeholder_final_key_0.003,0,final_key,0.003,placeholder,0,0.0128205128205128,False
0.0,0.003,0.0,0.0,0.0,1714,34,True,True,0,0.0205609798431396,{},False,,key0_placeholder_final_key_0.003,1,final_key,0.003,placeholder,0,0.0128205128205128,False
0.0,0.003,0.0,0.0,0.0,1714,34,True,True,0,0.020334243774414,{},False,,key0_placeholder_final_key_0.003,2,final_key,0.003,placeholder,0,0.0128205128205128,False
0.0,0.003,0.0,0.0,0.0,1714,34,True,True,0,0.0191452503204345,{},False,,key0_placeholder_final_key_0.003,3,final_key,0.003,placeholder,0,0.0128205128205128,False
0.0,0.003,0.0,0.0,0.0,1714,34,True,True,0,0.0205626487731933,{},False,,key0_placeholder_final_key_0.003,4,final_key,0.003,placeholder,0,0.0128205128205128,False
0.0,0.003,0.0,0.0,0.0,1714,34,True,True,0,0.0209004878997802,{},False,,key0_placeholder_final_key_0.003,5,final_key,0.003,placeholder,0,0.0128205128205128,False
0.0,0.003,0.0,0.0,0.0,1714,34,True,True,0,0.019911766052246,{},False,,key0_placeholder_final_key_0.003,6,final_key,0.003,placeholder,0,0.0128205128205128,False
0.0,0.003,0.0,0.0,0.0,1714,34,True,True,0,0.020967960357666,{},False,,key0_placeholder_final_key_0.003,7,final_key,0.003,placeholder,0,0.0128205128205128,False
0.0,0.003,0.0,0.0,0.0,1714,34,True,True,0,0.0201561450958251,{},False,,key0_placeholder_final_key_0.003,8,final_key,0.003,placeholder,0,0.0128205128205128,False
0.0,0.003,0.0,0.0,0.0,1714,34,True,True,0,0.0202724933624267,{},False,,key0_placeholder_final_key_0.003,9,final_key,0.003,placeholder,0,0.0128205128205128,False
0.0,0.003,0.0,0.0,0.0,1714,34,True,True,0,0.0197992324829101,{},False,,key0_placeholder_final_key_0.003,10,final_key,0.003,placeholder,0,0.0128205128205128,False
0.0,0.003,0.0,0.0,0.0,1714,34,True,True,0,0.019902229309082,{},False,,key0_placeholder_final_key_0.003,11,final_key,0.003,placeholder,0,0.0128205128205128,False
0.0,0.003,0.0,0.0,0.0,1714,34,True,True,0,0.0209112167358398,{},False,,key0_placeholder_final_key_0.003,12,final_key,0.003,placeholder,0,0.0128205128205128,False
0.0,0.003,0.0,0.0,0.0,1714,34,True,True,0,0.019460916519165,{},False,,key0_placeholder_final_key_0.003,13,final_key,0.003,placeholder,0,0.0128205128205128,False
0.0,0.003,0.0,0.0,0.0,1714,34,True,True,0,0.0212416648864746,{},False,,key0_placeholder_final_key_0.003,14,final_key,0.003,placeholder,0,0.0128205128205128,False
0.0,0.003,0.0,0.0,0.0,1714,34,True,True,0,0.0230734348297119,{},False,,key0_placeholder_final_key_0.003,15,final_key,0.003,placeholder,0,0.0128205128205128,False
0.0,0.003,0.0,0.0,0.0,1714,34,True,True,0,0.0195643901824951,{},False,,key0_placeholder_final_key_0.003,16,final_key,0.003,placeholder,0,0.0128205128205128,False
0.0,0.003,0.0,0.0,0.0,1714,34,True,True,0,0.0203216075897216,{},False,,key0_placeholder_final_key_0.003,17,final_key,0.003,placeholder,0,0.0128205128205128,False
0.0,0.003,0.0,0.0,0.0,1714,34,True,True,0,0.0212266445159912,{},False,,key0_placeholder_final_key_0.003,18,final_key,0.003,placeholder,0,0.0128205128205128,False
0.0,0.003,0.0,0.0,0.0,1714,34,True,True,0,0.020205020904541,{},False,,key0_placeholder_final_key_0.003,19,final_key,0.003,placeholder,0,0.0128205128205128,False
0.0,0.001,0.0,0.0,0.0,1714,34,True,True,0,0.0195658206939697,{},False,,key0_placeholder_final_key_0.001,0,final_key,0.001,placeholder,0,0.0128205128205128,False
0.0,0.001,0.0,0.0,0.0,1714,34,True,True,0,0.020890474319458,{},False,,key0_placeholder_final_key_0.001,1,final_key,0.001,placeholder,0,0.0128205128205128,False
0.0,0.001,0.0,0.0,0.0,1714,34,True,True,0,0.0216538906097412,{},False,,key0_placeholder_final_key_0.001,2,final_key,0.001,placeholder,0,0.0128205128205128,False
0.0,0.001,0.0,0.0,0.0,1714,34,True,True,0,0.0195884704589843,{},False,,key0_placeholder_final_key_0.001,3,final_key,0.001,placeholder,0,0.0128205128205128,False
0.0,0.001,0.0,0.0,0.0,1714,34,True,True,0,0.0220799446105957,{},False,,key0_placeholder_final_key_0.001,4,final_key,0.001,placeholder,0,0.0128205128205128,False
0.0,0.001,0.0,0.0,0.0,1714,34,True,True,0,0.0202882289886474,{},False,,key0_placeholder_final_key_0.001,5,final_key,0.001,placeholder,0,0.0128205128205128,False
0.0,0.001,0.0,0.0,0.0,1714,34,True,True,0,0.0238080024719238,{},False,,key0_placeholder_final_key_0.001,6,final_key,0.001,placeholder,0,0.0128205128205128,False
0.0,0.001,0.0,0.0,0.0,1714,34,True,True,0,0.0200157165527343,{},False,,key0_placeholder_final_key_0.001,7,final_key,0.001,placeholder,0,0.0128205128205128,False
0.0,0.001,0.0,0.0,0.0,1714,34,True,True,0,0.0193431377410888,{},False,,key0_placeholder_final_key_0.001,8,final_key,0.001,placeholder,0,0.0128205128205128,False
0.0,0.001,0.0,0.0,0.0,1714,34,True,True,0,0.0203006267547607,{},False,,key0_placeholder_final_key_0.001,9,final_key,0.001,placeholder,0,0.0128205128205128,False
0.0,0.001,0.0,0.0,0.0,1714,34,True,True,0,0.0200502872467041,{},False,,key0_placeholder_final_key_0.001,10,final_key,0.001,placeholder,0,0.0128205128205128,False
0.0,0.001,0.0,0.0,0.0,1714,34,True,True,0,0.0215229988098144,{},False,,key0_placeholder_final_key_0.001,11,final_key,0.001,placeholder,0,0.0128205128205128,False
0.0,0.001,0.0,0.0,0.0,1714,34,True,True,0,0.0206532478332519,{},False,,key0_placeholder_final_key_0.001,12,final_key,0.001,placeholder,0,0.0128205128205128,False
0.0,0.001,0.0,0.0,0.0,1714,34,True,True,0,0.019895315170288,{},False,,key0_placeholder_final_key_0.001,13,final_key,0.001,placeholder,0,0.0128205128205128,False
0.0,0.001,0.0,0.0,0.0,1714,34,True,True,0,0.0207021236419677,{},False,,key0_placeholder_final_key_0.001,14,final_key,0.001,placeholder,0,0.0128205128205128,False
0.0,0.001,0.0,0.0,0.0,1714,34,True,True,0,0.0211822986602783,{},False,,key0_placeholder_final_key_0.001,15,final_key,0.001,placeholder,0,0.0128205128205128,False
0.0,0.001,0.0,0.0,0.0,1714,34,True,True,0,0.0209982395172119,{},False,,key0_placeholder_final_key_0.001,16,final_key,0.001,placeholder,0,0.0128205128205128,False
0.0,0.001,0.0,0.0,0.0,1714,34,True,True,0,0.0200002193450927,{},False,,key0_placeholder_final_key_0.001,17,final_key,0.001,placeholder,0,0.0128205128205128,False
0.0,0.001,0.0,0.0,0.0,1714,34,True,True,0,0.0192639827728271,{},False,,key0_placeholder_final_key_0.001,18,final_key,0.001,placeholder,0,0.0128205128205128,False
0.0,0.001,0.0,0.0,0.0,1714,34,True,True,0,0.0212361812591552,{},False,,key0_placeholder_final_key_0.001,19,final_key,0.001,placeholder,0,0.0128205128205128,False
0.0,0.0,0.5,0.0,0.0045662100456621,1714,34,False,False,872,0.0253069400787353,{'reconciliation_state': 16},False,,key0_placeholder_reconciliation_0.5,0,reconciliation,0.5,placeholder,0,0.0128205128205128,True
0.0,0.0,0.5,0.0,0.0037100456621004,1714,34,False,False,886,0.02413010597229,{'reconciliation_state': 12},False,,key0_placeholder_reconciliation_0.5,1,reconciliation,0.5,placeholder,0,0.0128205128205128,True
0.0,0.0,0.5,0.0,0.0048515981735159,1714,34,False,False,865,0.0261280536651611,{'reconciliation_state': 14},False,,key0_placeholder_reconciliation_0.5,2,reconciliation,0.5,placeholder,0,0.0128205128205128,True
0.0,0.0,0.5,0.0,0.0034246575342465,1714,34,False,False,876,0.0276241302490234,{'reconciliation_state': 12},False,,key0_placeholder_reconciliation_0.5,3,reconciliation,0.5,placeholder,0,0.0128205128205128,True
0.0,0.0,0.5,0.0,0.0051369863013698,1714,34,False,False,858,0.024566650390625,{'reconciliation_state': 14},False,,key0_placeholder_reconciliation_0.5,4,reconciliation,0.5,placeholder,0,0.0128205128205128,True
0.0,0.0,0.5,0.0,0.0039954337899543,1714,34,False,False,869,0.0241527557373046,{'reconciliation_state': 14},False,,key0_placeholder_reconciliation_0.5,5,reconciliation,0.5,placeholder,0,0.0128205128205128,True
0.0,0.0,0.5,0.0,0.0051369863013698,1714,34,False,False,858,0.0304107666015625,{'reconciliation_state': 18},False,,key0_placeholder_reconciliation_0.5,6,reconciliation,0.5,placeholder,0,0.0128205128205128,True
0.0,0.0,0.5,0.0,0.0059931506849315,1714,34,False,False,864,0.0251040458679199,{'reconciliation_state': 18},False,,key0_placeholder_reconciliation_0.5,7,reconciliation,0.5,placeholder,0,0.0128205128205128,True
0.0,0.0,0.5,0.0,0.0051369863013698,1714,34,False,False,879,0.0238792896270751,{'reconciliation_state': 17},False,,key0_placeholder_reconciliation_0.5,8,reconciliation,0.5,placeholder,0,0.0128205128205128,True
0.0,0.0,0.5,0.0,0.0037100456621004,1714,34,False,False,848,0.0230524539947509,{'reconciliation_state': 13},False,,key0_placeholder_reconciliation_0.5,9,reconciliation,0.5,placeholder,0,0.0128205128205128,True
0.0,0.0,0.5,0.0,0.0051369863013698,1714,34,False,False,859,0.0249567031860351,{'reconciliation_state': 17},False,,key0_placeholder_reconciliation_0.5,10,reconciliation,0.5,placeholder,0,0.0128205128205128,True
0.0,0.0,0.5,0.0,0.0054223744292237,1714,34,False,False,870,0.0256383419036865,{'reconciliation_state': 17},False,,key0_placeholder_reconciliation_0.5,11,reconciliation,0.5,placeholder,0,0.0128205128205128,True
0.0,0.0,0.5,0.0,0.0042808219178082,1714,34,False,False,869,0.024897813796997,{'reconciliation_state': 13},False,,key0_placeholder_reconciliation_0.5,12,reconciliation,0.5,placeholder,0,0.0128205128205128,True
0.0,0.0,0.5,0.0,0.0042808219178082,1714,34,False,False,822,0.0252497196197509,{'reconciliation_state': 15},False,,key0_placeholder_reconciliation_0.5,13,reconciliation,0.5,placeholder,0,0.0128205128205128,True
0.0,0.0,0.5,0.0,0.0059931506849315,1714,34,False,False,824,0.0253324508666992,{'reconciliation_state': 21},False,,key0_placeholder_reconciliation_0.5,14,reconciliation,0.5,placeholder,0,0.0128205128205128,True
0.0,0.0,0.5,0.0,0.0051369863013698,1714,34,False,False,847,0.0252954959869384,{'reconciliation_state': 18},False,,key0_placeholder_reconciliation_0.5,15,reconciliation,0.5,placeholder,0,0.0128205128205128,True
0.0,0.0,0.5,0.0,0.0042808219178082,1714,34,False,False,885,0.0268247127532959,{'reconciliation_state': 15},False,,key0_placeholder_reconciliation_0.5,16,reconciliation,0.5,placeholder,0,0.0128205128205128,True
0.0,0.0,0.5,0.0,0.0034246575342465,1714,34,False,False,843,0.0530049800872802,{'reconciliation_state': 12},False,,key0_placeholder_reconciliation_0.5,17,reconciliation,0.5,placeholder,0,0.0128205128205128,True
0.0,0.0,0.5,0.0,0.0037100456621004,1714,34,False,False,793,0.0497634410858154,{'reconciliation_state': 13},False,,key0_placeholder_reconciliation_0.5,18,reconciliation,0.5,placeholder,0,0.0128205128205128,True
0.0,0.0,0.5,0.0,0.0062785388127853,1714,34,False,False,842,0.0551850795745849,{'reconciliation_state': 21},False,,key0_placeholder_reconciliation_0.5,19,reconciliation,0.5,placeholder,0,0.0128205128205128,True
0.0,0.0,0.3,0.0,0.0034246575342465,1714,34,False,False,871,0.0250179767608642,{'reconciliation_state': 12},False,,key0_placeholder_reconciliation_0.3,0,reconciliation,0.3,placeholder,0,0.0128205128205128,True
0.0,0.0,0.3,0.0,0.002283105022831,1714,34,False,False,913,0.0240786075592041,{'reconciliation_state': 8},False,,key0_placeholder_reconciliation_0.3,1,reconciliation,0.3,placeholder,0,0.0128205128205128,True
0.0,0.0,0.3,0.0,0.0031392694063926,1714,34,False,False,844,0.0263698101043701,{'reconciliation_state': 10},False,,key0_placeholder_reconciliation_0.3,2,reconciliation,0.3,placeholder,0,0.0128205128205128,True
0.0,0.0,0.3,0.0,0.0019977168949771,1714,34,False,False,841,0.030184268951416,{'reconciliation_state': 7},False,,key0_placeholder_reconciliation_0.3,3,reconciliation,0.3,placeholder,0,0.0128205128205128,True
0.0,0.0,0.3,0.0,0.0025684931506849,1714,34,False,False,915,0.02229905128479,{'reconciliation_state': 8},False,,key0_placeholder_reconciliation_0.3,4,reconciliation,0.3,placeholder,0,0.0128205128205128,True
0.0,0.0,0.3,0.0,0.0028538812785388,1714,34,False,False,813,0.0246469974517822,{'reconciliation_state': 10},False,,key0_placeholder_reconciliation_0.3,5,reconciliation,0.3,placeholder,0,0.0128205128205128,True
0.0,0.0,0.3,0.0,0.0028538812785388,1714,34,False,False,856,0.0260701179504394,{'reconciliation_state': 10},False,,key0_placeholder_reconciliation_0.3,6,reconciliation,0.3,placeholder,0,0.0128205128205128,True
0.0,0.0,0.3,0.0,0.0028538812785388,1714,34,False,False,864,0.0285480022430419,{'reconciliation_state': 10},False,,key0_placeholder_reconciliation_0.3,7,reconciliation,0.3,placeholder,0,0.0128205128205128,True
0.0,0.0,0.3,0.0,0.0028538812785388,1714,34,False,False,877,0.0258319377899169,{'reconciliation_state': 10},False,,key0_placeholder_reconciliation_0.3,8,reconciliation,0.3,placeholder,0,0.0128205128205128,True
0.0,0.0,0.3,0.0,0.0025684931506849,1714,34,False,False,862,0.0233116149902343,{'reconciliation_state': 8},False,,key0_placeholder_reconciliation_0.3,9,reconciliation,0.3,placeholder,0,0.0128205128205128,True
0.0,0.0,0.3,0.0,0.0042808219178082,1714,34,False,False,892,0.0254263877868652,{'reconciliation_state': 13},False,,key0_placeholder_reconciliation_0.3,10,reconciliation,0.3,placeholder,0,0.0128205128205128,True
0.0,0.0,0.3,0.0,0.002283105022831,1714,34,False,False,872,0.0223975181579589,{'reconciliation_state': 8},False,,key0_placeholder_reconciliation_0.3,11,reconciliation,0.3,placeholder,0,0.0128205128205128,True
0.0,0.0,0.3,0.0,0.002283105022831,1714,34,False,False,849,0.0232625007629394,{'reconciliation_state': 8},False,,key0_placeholder_reconciliation_0.3,12,reconciliation,0.3,placeholder,0,0.0128205128205128,True
0.0,0.0,0.3,0.0,0.0019977168949771,1714,34,False,False,825,0.0238332748413085,{'reconciliation_state': 7},False,,key0_placeholder_reconciliation_0.3,13,reconciliation,0.3,placeholder,0,0.0128205128205128,True
0.0,0.0,0.3,0.0,0.0039954337899543,1714,34,False,False,848,0.0257303714752197,{'reconciliation_state': 14},False,,key0_placeholder_reconciliation_0.3,14,reconciliation,0.3,placeholder,0,0.0128205128205128,True
0.0,0.0,0.3,0.0,0.0039954337899543,1714,34,False,False,849,0.0252654552459716,{'reconciliation_state': 14},False,,key0_placeholder_reconciliation_0.3,15,reconciliation,0.3,placeholder,0,0.0128205128205128,True
0.0,0.0,0.3,0.0,0.0028538812785388,1714,34,False,False,860,0.0247900485992431,{'reconciliation_state': 10},False,,key0_placeholder_reconciliation_0.3,16,reconciliation,0.3,placeholder,0,0.0128205128205128,True
0.0,0.0,0.3,0.0,0.0025684931506849,1714,34,False,False,834,0.0235571861267089,{'reconciliation_state': 9},False,,key0_placeholder_reconciliation_0.3,17,reconciliation,0.3,placeholder,0,0.0128205128205128,True
0.0,0.0,0.3,0.0,0.002283105022831,1714,34,False,False,832,0.0221552848815917,{'reconciliation_state': 8},False,,key0_placeholder_reconciliation_0.3,18,reconciliation,0.3,placeholder,0,0.0128205128205128,True
0.0,0.0,0.3,0.0,0.0025684931506849,1714,34,False,False,854,0.0255606174468994,{'reconciliation_state': 9},False,,key0_placeholder_reconciliation_0.3,19,reconciliation,0.3,placeholder,0,0.0128205128205128,True
0.0,0.0,0.1,0.0,0.0005707762557077,1714,34,False,False,825,0.022517442703247,{'reconciliation_state': 2},False,,key0_placeholder_reconciliation_0.1,0,reconciliation,0.1,placeholder,0,0.0128205128205128,True
0.0,0.0,0.1,0.0,0.0008561643835616,1714,34,False,False,862,0.022529125213623,{'reconciliation_state': 3},False,,key0_placeholder_reconciliation_0.1,1,reconciliation,0.1,placeholder,0,0.0128205128205128,True
0.0,0.0,0.1,0.0,0.0019977168949771,1714,34,False,False,886,0.0256223678588867,{'reconciliation_state': 6},False,,key0_placeholder_reconciliation_0.1,2,reconciliation,0.1,placeholder,0,0.0128205128205128,True
0.0,0.0,0.1,0.0,0.0002853881278538,1714,34,False,False,918,0.0255689620971679,{'reconciliation_state': 1},False,,key0_placeholder_reconciliation_0.1,3,reconciliation,0.1,placeholder,0,0.0128205128205128,True
0.0,0.0,0.1,0.0,0.0008561643835616,1714,34,False,False,862,0.0227999687194824,{'reconciliation_state': 3},False,,key0_placeholder_reconciliation_0.1,4,reconciliation,0.1,placeholder,0,0.0128205128205128,True
0.0,0.0,0.1,0.0,0.0017123287671232,1714,34,False,False,880,0.021907091140747,{'reconciliation_state': 6},False,,key0_placeholder_reconciliation_0.1,5,reconciliation,0.1,placeholder,0,0.0128205128205128,True
0.0,0.0,0.1,0.0,0.0008561643835616,1714,34,False,False,828,0.0204725265502929,{'reconciliation_state': 3},False,,key0_placeholder_reconciliation_0.1,6,reconciliation,0.1,placeholder,0,0.0128205128205128,True
0.0,0.0,0.1,0.0,0.0008561643835616,1714,34,False,False,831,0.0233473777770996,{'reconciliation_state': 3},False,,key0_placeholder_reconciliation_0.1,7,reconciliation,0.1,placeholder,0,0.0128205128205128,True
0.0,0.0,0.1,0.0,0.0014269406392694,1714,34,False,False,880,0.0231456756591796,{'reconciliation_state': 5},False,,key0_placeholder_reconciliation_0.1,8,reconciliation,0.1,placeholder,0,0.0128205128205128,True
0.0,0.0,0.1,0.0,0.0011415525114155,1714,34,False,False,852,0.0226311683654785,{'reconciliation_state': 4},False,,key0_placeholder_reconciliation_0.1,9,reconciliation,0.1,placeholder,0,0.0128205128205128,True
0.0,0.0,0.1,0.0,0.0019977168949771,1714,34,False,False,881,0.0238509178161621,{'reconciliation_state': 5},False,,key0_placeholder_reconciliation_0.1,10,reconciliation,0.1,placeholder,0,0.0128205128205128,True
0.0,0.0,0.1,0.0,0.0014269406392694,1714,34,False,False,846,0.0242300033569335,{'reconciliation_state': 5},False,,key0_placeholder_reconciliation_0.1,11,reconciliation,0.1,placeholder,0,0.0128205128205128,True
0.0,0.0,0.1,0.0,0.0008561643835616,1714,34,False,False,832,0.0248925685882568,{'reconciliation_state': 3},False,,key0_placeholder_reconciliation_0.1,12,reconciliation,0.1,placeholder,0,0.0128205128205128,True
0.0,0.0,0.1,0.0,0.0005707762557077,1714,34,False,False,856,0.022454023361206,{'reconciliation_state': 2},False,,key0_placeholder_reconciliation_0.1,13,reconciliation,0.1,placeholder,0,0.0128205128205128,True
0.0,0.0,0.1,0.0,0.0008561643835616,1714,34,False,False,852,0.0239062309265136,{'reconciliation_state': 3},False,,key0_placeholder_reconciliation_0.1,14,reconciliation,0.1,placeholder,0,0.0128205128205128,True
0.0,0.0,0.1,0.0,0.0008561643835616,1714,34,False,False,829,0.0243921279907226,{'reconciliation_state': 3},False,,key0_placeholder_reconciliation_0.1,15,reconciliation,0.1,placeholder,0,0.0128205128205128,True
0.0,0.0,0.1,0.0,0.0017123287671232,1714,34,False,False,876,0.0269100666046142,{'reconciliation_state': 6},False,,key0_placeholder_reconciliation_0.1,16,reconciliation,0.1,placeholder,0,0.0128205128205128,True
0.0,0.0,0.1,0.0,0.0011415525114155,1714,34,False,False,868,0.0221624374389648,{'reconciliation_state': 4},False,,key0_placeholder_reconciliation_0.1,17,reconciliation,0.1,placeholder,0,0.0128205128205128,True
0.0,0.0,0.1,0.0,0.0005707762557077,1714,34,False,False,827,0.0218749046325683,{'reconciliation_state': 2},False,,key0_placeholder_reconciliation_0.1,18,reconciliation,0.1,placeholder,0,0.0128205128205128,True
0.0,0.0,0.1,0.0,0.0005707762557077,1714,34,False,False,856,0.0211355686187744,{'reconciliation_state': 2},False,,key0_placeholder_reconciliation_0.1,19,reconciliation,0.1,placeholder,0,0.0128205128205128,True
0.0,0.0,0.05,0.0,0.0002853881278538,1714,34,False,False,834,0.0205497741699218,{'reconciliation_state': 1},False,,key0_placeholder_reconciliation_0.05,0,reconciliation,0.05,placeholder,0,0.0128205128205128,True
0.0,0.0,0.05,0.0,0.0005707762557077,1714,34,False,False,831,0.0233500003814697,{'reconciliation_state': 2},False,,key0_placeholder_reconciliation_0.05,1,reconciliation,0.05,placeholder,0,0.0128205128205128,True
0.0,0.0,0.05,0.0,0.0002853881278538,1714,34,False,False,862,0.0218377113342285,{'reconciliation_state': 1},False,,key0_placeholder_reconciliation_0.05,2,reconciliation,0.05,placeholder,0,0.0128205128205128,True
0.0,0.0,0.05,0.0,0.0,1714,34,True,True,0,0.0196034908294677,{},False,,key0_placeholder_reconciliation_0.05,3,reconciliation,0.05,placeholder,0,0.0128205128205128,False
0.0,0.0,0.05,0.0,0.0002853881278538,1714,34,False,False,860,0.0207529067993164,{'reconciliation_state': 1},False,,key0_placeholder_reconciliation_0.05,4,reconciliation,0.05,placeholder,0,0.0128205128205128,True
0.0,0.0,0.05,0.0,0.0011415525114155,1714,34,False,False,842,0.0238494873046875,{'reconciliation_state': 4},False,,key0_placeholder_reconciliation_0.05,5,reconciliation,0.05,placeholder,0,0.0128205128205128,True
0.0,0.0,0.05,0.0,0.0002853881278538,1714,34,False,False,854,0.0216186046600341,{'reconciliation_state': 1},False,,key0_placeholder_reconciliation_0.05,6,reconciliation,0.05,placeholder,0,0.0128205128205128,True
0.0,0.0,0.05,0.0,0.0,1714,34,True,True,0,0.0201525688171386,{},False,,key0_placeholder_reconciliation_0.05,7,reconciliation,0.05,placeholder,0,0.0128205128205128,False
0.0,0.0,0.05,0.0,0.0005707762557077,1714,34,False,False,879,0.0214452743530273,{'reconciliation_state': 2},False,,key0_placeholder_reconciliation_0.05,8,reconciliation,0.05,placeholder,0,0.0128205128205128,True
0.0,0.0,0.05,0.0,0.0005707762557077,1714,34,False,False,868,0.0254766941070556,{'reconciliation_state': 2},False,,key0_placeholder_reconciliation_0.05,9,reconciliation,0.05,placeholder,0,0.0128205128205128,True
0.0,0.0,0.05,0.0,0.0008561643835616,1714,34,False,False,860,0.0215752124786376,{'reconciliation_state': 3},False,,key0_placeholder_reconciliation_0.05,10,reconciliation,0.05,placeholder,0,0.0128205128205128,True
0.0,0.0,0.05,0.0,0.0005707762557077,1714,34,False,False,883,0.0223331451416015,{'reconciliation_state': 2},False,,key0_placeholder_reconciliation_0.05,11,reconciliation,0.05,placeholder,0,0.0128205128205128,True
0.0,0.0,0.05,0.0,0.0005707762557077,1714,34,False,False,821,0.0229048728942871,{'reconciliation_state': 2},False,,key0_placeholder_reconciliation_0.05,12,reconciliation,0.05,placeholder,0,0.0128205128205128,True
0.0,0.0,0.05,0.0,0.0,1714,34,True,True,0,0.0205488204956054,{},False,,key0_placeholder_reconciliation_0.05,13,reconciliation,0.05,placeholder,0,0.0128205128205128,False
0.0,0.0,0.05,0.0,0.0005707762557077,1714,34,False,False,857,0.0223298072814941,{'reconciliation_state': 2},False,,key0_placeholder_reconciliation_0.05,14,reconciliation,0.05,placeholder,0,0.0128205128205128,True
0.0,0.0,0.05,0.0,0.0005707762557077,1714,34,False,False,869,0.022510290145874,{'reconciliation_state': 2},False,,key0_placeholder_reconciliation_0.05,15,reconciliation,0.05,placeholder,0,0.0128205128205128,True
0.0,0.0,0.05,0.0,0.0008561643835616,1714,34,False,False,863,0.0228192806243896,{'reconciliation_state': 3},False,,key0_placeholder_reconciliation_0.05,16,reconciliation,0.05,placeholder,0,0.0128205128205128,True
0.0,0.0,0.05,0.0,0.0008561643835616,1714,34,False,False,829,0.023169994354248,{'reconciliation_state': 3},False,,key0_placeholder_reconciliation_0.05,17,reconciliation,0.05,placeholder,0,0.0128205128205128,True
0.0,0.0,0.05,0.0,0.0005707762557077,1714,34,False,False,880,0.0213904380798339,{'reconciliation_state': 2},False,,key0_placeholder_reconciliation_0.05,18,reconciliation,0.05,placeholder,0,0.0128205128205128,True
0.0,0.0,0.05,0.0,0.0002853881278538,1714,34,False,False,858,0.0219314098358154,{'reconciliation_state': 1},False,,key0_placeholder_reconciliation_0.05,19,reconciliation,0.05,placeholder,0,0.0128205128205128,True
0.0,0.0,0.03,0.0,0.0002853881278538,1714,34,False,False,883,0.0219953060150146,{'reconciliation_state': 1},False,,key0_placeholder_reconciliation_0.03,0,reconciliation,0.03,placeholder,0,0.0128205128205128,True
0.0,0.0,0.03,0.0,0.0,1714,34,True,True,0,0.0209963321685791,{},False,,key0_placeholder_reconciliation_0.03,1,reconciliation,0.03,placeholder,0,0.0128205128205128,False
0.0,0.0,0.03,0.0,0.0002853881278538,1714,34,False,False,864,0.0206525325775146,{'reconciliation_state': 1},False,,key0_placeholder_reconciliation_0.03,2,reconciliation,0.03,placeholder,0,0.0128205128205128,True
0.0,0.0,0.03,0.0,0.0,1714,34,True,True,0,0.0194051265716552,{},False,,key0_placeholder_reconciliation_0.03,3,reconciliation,0.03,placeholder,0,0.0128205128205128,False
0.0,0.0,0.03,0.0,0.0002853881278538,1714,34,False,False,875,0.0212438106536865,{'reconciliation_state': 1},False,,key0_placeholder_reconciliation_0.03,4,reconciliation,0.03,placeholder,0,0.0128205128205128,True
0.0,0.0,0.03,0.0,0.0005707762557077,1714,34,False,False,837,0.0232574939727783,{'reconciliation_state': 2},False,,key0_placeholder_reconciliation_0.03,5,reconciliation,0.03,placeholder,0,0.0128205128205128,True
0.0,0.0,0.03,0.0,0.0002853881278538,1714,34,False,False,868,0.024320363998413,{'reconciliation_state': 1},False,,key0_placeholder_reconciliation_0.03,6,reconciliation,0.03,placeholder,0,0.0128205128205128,True
0.0,0.0,0.03,0.0,0.0,1714,34,True,True,0,0.0212171077728271,{},False,,key0_placeholder_reconciliation_0.03,7,reconciliation,0.03,placeholder,0,0.0128205128205128,False
0.0,0.0,0.03,0.0,0.0005707762557077,1714,34,False,False,833,0.0294277667999267,{'reconciliation_state': 2},False,,key0_placeholder_reconciliation_0.03,8,reconciliation,0.03,placeholder,0,0.0128205128205128,True
0.0,0.0,0.03,0.0,0.0005707762557077,1714,34,False,False,867,0.0249412059783935,{'reconciliation_state': 2},False,,key0_placeholder_reconciliation_0.03,9,reconciliation,0.03,placeholder,0,0.0128205128205128,True
0.0,0.0,0.03,0.0,0.0002853881278538,1714,34,False,False,882,0.0206522941589355,{'reconciliation_state': 1},False,,key0_placeholder_reconciliation_0.03,10,reconciliation,0.03,placeholder,0,0.0128205128205128,True
0.0,0.0,0.03,0.0,0.0002853881278538,1714,34,False,False,844,0.0230731964111328,{'reconciliation_state': 1},False,,key0_placeholder_reconciliation_0.03,11,reconciliation,0.03,placeholder,0,0.0128205128205128,True
0.0,0.0,0.03,0.0,0.0002853881278538,1714,34,False,False,809,0.0212512016296386,{'reconciliation_state': 1},False,,key0_placeholder_reconciliation_0.03,12,reconciliation,0.03,placeholder,0,0.0128205128205128,True
0.0,0.0,0.03,0.0,0.0,1714,34,True,True,0,0.0206787586212158,{},False,,key0_placeholder_reconciliation_0.03,13,reconciliation,0.03,placeholder,0,0.0128205128205128,False
0.0,0.0,0.03,0.0,0.0002853881278538,1714,34,False,False,868,0.020273208618164,{'reconciliation_state': 1},False,,key0_placeholder_reconciliation_0.03,14,reconciliation,0.03,placeholder,0,0.0128205128205128,True
0.0,0.0,0.03,0.0,0.0005707762557077,1714,34,False,False,872,0.0225083827972412,{'reconciliation_state': 2},False,,key0_placeholder_reconciliation_0.03,15,reconciliation,0.03,placeholder,0,0.0128205128205128,True
0.0,0.0,0.03,0.0,0.0008561643835616,1714,34,False,False,877,0.0219254493713378,{'reconciliation_state': 3},False,,key0_placeholder_reconciliation_0.03,16,reconciliation,0.03,placeholder,0,0.0128205128205128,True
0.0,0.0,0.03,0.0,0.0008561643835616,1714,34,False,False,863,0.0233080387115478,{'reconciliation_state': 3},False,,key0_placeholder_reconciliation_0.03,17,reconciliation,0.03,placeholder,0,0.0128205128205128,True
0.0,0.0,0.03,0.0,0.0005707762557077,1714,34,False,False,835,0.0217649936676025,{'reconciliation_state': 2},False,,key0_placeholder_reconciliation_0.03,18,reconciliation,0.03,placeholder,0,0.0128205128205128,True
0.0,0.0,0.03,0.0,0.0002853881278538,1714,34,False,False,855,0.0217933654785156,{'reconciliation_state': 1},False,,key0_placeholder_reconciliation_0.03,19,reconciliation,0.03,placeholder,0,0.0128205128205128,True
0.0,0.0,0.01,0.0,0.0,1714,34,True,True,0,0.0203831195831298,{},False,,key0_placeholder_reconciliation_0.01,0,reconciliation,0.01,placeholder,0,0.0128205128205128,False
0.0,0.0,0.01,0.0,0.0,1714,34,True,True,0,0.0203082561492919,{},False,,key0_placeholder_reconciliation_0.01,1,reconciliation,0.01,placeholder,0,0.0128205128205128,False
0.0,0.0,0.01,0.0,0.0002853881278538,1714,34,False,False,877,0.0218944549560546,{'reconciliation_state': 1},False,,key0_placeholder_reconciliation_0.01,2,reconciliation,0.01,placeholder,0,0.0128205128205128,True
0.0,0.0,0.01,0.0,0.0,1714,34,True,True,0,0.0210239887237548,{},False,,key0_placeholder_reconciliation_0.01,3,reconciliation,0.01,placeholder,0,0.0128205128205128,False
0.0,0.0,0.01,0.0,0.0,1714,34,True,True,0,0.0198240280151367,{},False,,key0_placeholder_reconciliation_0.01,4,reconciliation,0.01,placeholder,0,0.0128205128205128,False
0.0,0.0,0.01,0.0,0.0,1714,34,True,True,0,0.0202438831329345,{},False,,key0_placeholder_reconciliation_0.01,5,reconciliation,0.01,placeholder,0,0.0128205128205128,False
0.0,0.0,0.01,0.0,0.0,1714,34,True,True,0,0.0213313102722167,{},False,,key0_placeholder_reconciliation_0.01,6,reconciliation,0.01,placeholder,0,0.0128205128205128,False
0.0,0.0,0.01,0.0,0.0,1714,34,True,True,0,0.0205175876617431,{},False,,key0_placeholder_reconciliation_0.01,7,reconciliation,0.01,placeholder,0,0.0128205128205128,False
0.0,0.0,0.01,0.0,0.0002853881278538,1714,34,False,False,864,0.0200464725494384,{'reconciliation_state': 1},False,,key0_placeholder_reconciliation_0.01,8,reconciliation,0.01,placeholder,0,0.0128205128205128,True
0.0,0.0,0.01,0.0,0.0,1714,34,True,True,0,0.0223441123962402,{},False,,key0_placeholder_reconciliation_0.01,9,reconciliation,0.01,placeholder,0,0.0128205128205128,False
0.0,0.0,0.01,0.0,0.0,1714,34,True,True,0,0.0206677913665771,{},False,,key0_placeholder_reconciliation_0.01,10,reconciliation,0.01,placeholder,0,0.0128205128205128,False
0.0,0.0,0.01,0.0,0.0,1714,34,True,True,0,0.0198543071746826,{},False,,key0_placeholder_reconciliation_0.01,11,reconciliation,0.01,placeholder,0,0.0128205128205128,False
0.0,0.0,0.01,0.0,0.0,1714,34,True,True,0,0.0213785171508789,{},False,,key0_placeholder_reconciliation_0.01,12,reconciliation,0.01,placeholder,0,0.0128205128205128,False
0.0,0.0,0.01,0.0,0.0,1714,34,True,True,0,0.0211570262908935,{},False,,key0_placeholder_reconciliation_0.01,13,reconciliation,0.01,placeholder,0,0.0128205128205128,False
0.0,0.0,0.01,0.0,0.0002853881278538,1714,34,False,False,865,0.0214660167694091,{'reconciliation_state': 1},False,,key0_placeholder_reconciliation_0.01,14,reconciliation,0.01,placeholder,0,0.0128205128205128,True
0.0,0.0,0.01,0.0,0.0002853881278538,1714,34,False,False,875,0.0228960514068603,{'reconciliation_state': 1},False,,key0_placeholder_reconciliation_0.01,15,reconciliation,0.01,placeholder,0,0.0128205128205128,True
0.0,0.0,0.01,0.0,0.0002853881278538,1714,34,False,False,812,0.0209791660308837,{'reconciliation_state': 1},False,,key0_placeholder_reconciliation_0.01,16,reconciliation,0.01,placeholder,0,0.0128205128205128,True
0.0,0.0,0.01,0.0,0.0,1714,34,True,True,0,0.0212047100067138,{},False,,key0_placeholder_reconciliation_0.01,17,reconciliation,0.01,placeholder,0,0.0128205128205128,False
0.0,0.0,0.01,0.0,0.0,1714,34,True,True,0,0.0228087902069091,{},False,,key0_placeholder_reconciliation_0.01,18,reconciliation,0.01,placeholder,0,0.0128205128205128,False
0.0,0.0,0.01,0.0,0.0,1714,34,True,True,0,0.020726203918457,{},False,,key0_placeholder_reconciliation_0.01,19,reconciliation,0.01,placeholder,0,0.0128205128205128,False
0.0,0.0,0.003,0.0,0.0,1714,34,True,True,0,0.0205059051513671,{},False,,key0_placeholder_reconciliation_0.003,0,reconciliation,0.003,placeholder,0,0.0128205128205128,False
0.0,0.0,0.003,0.0,0.0,1714,34,True,True,0,0.020531415939331,{},False,,key0_placeholder_reconciliation_0.003,1,reconciliation,0.003,placeholder,0,0.0128205128205128,False
0.0,0.0,0.003,0.0,0.0,1714,34,True,True,0,0.0211994647979736,{},False,,key0_placeholder_reconciliation_0.003,2,reconciliation,0.003,placeholder,0,0.0128205128205128,False
0.0,0.0,0.003,0.0,0.0,1714,34,True,True,0,0.0210371017456054,{},False,,key0_placeholder_reconciliation_0.003,3,reconciliation,0.003,placeholder,0,0.0128205128205128,False
0.0,0.0,0.003,0.0,0.0,1714,34,True,True,0,0.02256441116333,{},False,,key0_placeholder_reconciliation_0.003,4,reconciliation,0.003,placeholder,0,0.0128205128205128,False
0.0,0.0,0.003,0.0,0.0,1714,34,True,True,0,0.0195825099945068,{},False,,key0_placeholder_reconciliation_0.003,5,reconciliation,0.003,placeholder,0,0.0128205128205128,False
0.0,0.0,0.003,0.0,0.0,1714,34,True,True,0,0.0210895538330078,{},False,,key0_placeholder_reconciliation_0.003,6,reconciliation,0.003,placeholder,0,0.0128205128205128,False
0.0,0.0,0.003,0.0,0.0,1714,34,True,True,0,0.0203557014465332,{},False,,key0_placeholder_reconciliation_0.003,7,reconciliation,0.003,placeholder,0,0.0128205128205128,False
0.0,0.0,0.003,0.0,0.0,1714,34,True,True,0,0.0193843841552734,{},False,,key0_placeholder_reconciliation_0.003,8,reconciliation,0.003,placeholder,0,0.0128205128205128,False
0.0,0.0,0.003,0.0,0.0,1714,34,True,True,0,0.0205676555633544,{},False,,key0_placeholder_reconciliation_0.003,9,reconciliation,0.003,placeholder,0,0.0128205128205128,False
0.0,0.0,0.003,0.0,0.0,1714,34,True,True,0,0.0217988491058349,{},False,,key0_placeholder_reconciliation_0.003,10,reconciliation,0.003,placeholder,0,0.0128205128205128,False
0.0,0.0,0.003,0.0,0.0,1714,34,True,True,0,0.0208134651184082,{},False,,key0_placeholder_reconciliation_0.003,11,reconciliation,0.003,placeholder,0,0.0128205128205128,False
0.0,0.0,0.003,0.0,0.0,1714,34,True,True,0,0.0210342407226562,{},False,,key0_placeholder_reconciliation_0.003,12,reconciliation,0.003,placeholder,0,0.0128205128205128,False
0.0,0.0,0.003,0.0,0.0,1714,34,True,True,0,0.0245101451873779,{},False,,key0_placeholder_reconciliation_0.003,13,reconciliation,0.003,placeholder,0,0.0128205128205128,False
0.0,0.0,0.003,0.0,0.0,1714,34,True,True,0,0.0199518203735351,{},False,,key0_placeholder_reconciliation_0.003,14,reconciliation,0.003,placeholder,0,0.0128205128205128,False
0.0,0.0,0.003,0.0,0.0,1714,34,True,True,0,0.0208702087402343,{},False,,key0_placeholder_reconciliation_0.003,15,reconciliation,0.003,placeholder,0,0.0128205128205128,False
0.0,0.0,0.003,0.0,0.0002853881278538,1714,34,False,False,854,0.0214998722076416,{'reconciliation_state': 1},False,,key0_placeholder_reconciliation_0.003,16,reconciliation,0.003,placeholder,0,0.0128205128205128,True
0.0,0.0,0.003,0.0,0.0,1714,34,True,True,0,0.0197465419769287,{},False,,key0_placeholder_reconciliation_0.003,17,reconciliation,0.003,placeholder,0,0.0128205128205128,False
0.0,0.0,0.003,0.0,0.0,1714,34,True,True,0,0.0194251537322998,{},False,,key0_placeholder_reconciliation_0.003,18,reconciliation,0.003,placeholder,0,0.0128205128205128,False
0.0,0.0,0.003,0.0,0.0,1714,34,True,True,0,0.0237274169921875,{},False,,key0_placeholder_reconciliation_0.003,19,reconciliation,0.003,placeholder,0,0.0128205128205128,False
0.0,0.0,0.001,0.0,0.0,1714,34,True,True,0,0.0212912559509277,{},False,,key0_placeholder_reconciliation_0.001,0,reconciliation,0.001,placeholder,0,0.0128205128205128,False
0.0,0.0,0.001,0.0,0.0,1714,34,True,True,0,0.0280911922454834,{},False,,key0_placeholder_reconciliation_0.001,1,reconciliation,0.001,placeholder,0,0.0128205128205128,False
0.0,0.0,0.001,0.0,0.0,1714,34,True,True,0,0.0198595523834228,{},False,,key0_placeholder_reconciliation_0.001,2,reconciliation,0.001,placeholder,0,0.0128205128205128,False
0.0,0.0,0.001,0.0,0.0,1714,34,True,True,0,0.0203020572662353,{},False,,key0_placeholder_reconciliation_0.001,3,reconciliation,0.001,placeholder,0,0.0128205128205128,False
0.0,0.0,0.001,0.0,0.0,1714,34,True,True,0,0.0216209888458251,{},False,,key0_placeholder_reconciliation_0.001,4,reconciliation,0.001,placeholder,0,0.0128205128205128,False
0.0,0.0,0.001,0.0,0.0,1714,34,True,True,0,0.0207476615905761,{},False,,key0_placeholder_reconciliation_0.001,5,reconciliation,0.001,placeholder,0,0.0128205128205128,False
0.0,0.0,0.001,0.0,0.0,1714,34,True,True,0,0.019585371017456,{},False,,key0_placeholder_reconciliation_0.001,6,reconciliation,0.001,placeholder,0,0.0128205128205128,False
0.0,0.0,0.001,0.0,0.0,1714,34,True,True,0,0.0239770412445068,{},False,,key0_placeholder_reconciliation_0.001,7,reconciliation,0.001,placeholder,0,0.0128205128205128,False
0.0,0.0,0.001,0.0,0.0,1714,34,True,True,0,0.0197730064392089,{},False,,key0_placeholder_reconciliation_0.001,8,reconciliation,0.001,placeholder,0,0.0128205128205128,False
0.0,0.0,0.001,0.0,0.0,1714,34,True,True,0,0.0205657482147216,{},False,,key0_placeholder_reconciliation_0.001,9,reconciliation,0.001,placeholder,0,0.0128205128205128,False
0.0,0.0,0.001,0.0,0.0,1714,34,True,True,0,0.0207312107086181,{},False,,key0_placeholder_reconciliation_0.001,10,reconciliation,0.001,placeholder,0,0.0128205128205128,False
0.0,0.0,0.001,0.0,0.0,1714,34,True,True,0,0.020958662033081,{},False,,key0_placeholder_reconciliation_0.001,11,reconciliation,0.001,placeholder,0,0.0128205128205128,False
0.0,0.0,0.001,0.0,0.0,1714,34,True,True,0,0.0211515426635742,{},False,,key0_placeholder_reconciliation_0.001,12,reconciliation,0.001,placeholder,0,0.0128205128205128,False
0.0,0.0,0.001,0.0,0.0,1714,34,True,True,0,0.0195600986480712,{},False,,key0_placeholder_reconciliation_0.001,13,reconciliation,0.001,placeholder,0,0.0128205128205128,False
0.0,0.0,0.001,0.0,0.0,1714,34,True,True,0,0.0196635723114013,{},False,,key0_placeholder_reconciliation_0.001,14,reconciliation,0.001,placeholder,0,0.0128205128205128,False
0.0,0.0,0.001,0.0,0.0,1714,34,True,True,0,0.0201978683471679,{},False,,key0_placeholder_reconciliation_0.001,15,reconciliation,0.001,placeholder,0,0.0128205128205128,False
0.0,0.0,0.001,0.0,0.0,1714,34,True,True,0,0.020557165145874,{},False,,key0_placeholder_reconciliation_0.001,16,reconciliation,0.001,placeholder,0,0.0128205128205128,False
0.0,0.0,0.001,0.0,0.0,1714,34,True,True,0,0.0208256244659423,{},False,,key0_placeholder_reconciliation_0.001,17,reconciliation,0.001,placeholder,0,0.0128205128205128,False
0.0,0.0,0.001,0.0,0.0,1714,34,True,True,0,0.0196361541748046,{},False,,key0_placeholder_reconciliation_0.001,18,reconciliation,0.001,placeholder,0,0.0128205128205128,False
0.0,0.0,0.001,0.0,0.0,1714,34,True,True,0,0.0214428901672363,{},False,,key0_placeholder_reconciliation_0.001,19,reconciliation,0.001,placeholder,0,0.0128205128205128,False
0.5,0.0,0.0,0.0,0.0,2608,34,True,False,1,0.0205588340759277,{'toeplitz_matrix': 1},False,,key1_asymptotic_toeplitz_0.5,0,toeplitz,0.5,asymptotic,1,0.0158311345646438,True
0.5,0.0,0.0,0.0,0.0,2608,34,True,True,0,0.018857717514038,{},False,,key1_asymptotic_toeplitz_0.5,1,toeplitz,0.5,asymptotic,1,0.0158311345646438,False
0.5,0.0,0.0,0.0,0.0,2608,34,True,True,0,0.0183794498443603,{},False,,key1_asymptotic_toeplitz_0.5,2,toeplitz,0.5,asymptotic,1,0.0158311345646438,False
0.5,0.0,0.0,0.0,0.0,2608,34,True,True,0,0.0183486938476562,{},False,,key1_asymptotic_toeplitz_0.5,3,toeplitz,0.5,asymptotic,1,0.0158311345646438,False
0.5,0.0,0.0,0.0,0.0,2608,34,True,True,0,0.0197641849517822,{},False,,key1_asymptotic_toeplitz_0.5,4,toeplitz,0.5,asymptotic,1,0.0158311345646438,False
0.5,0.0,0.0,0.0,0.0,2608,34,True,True,0,0.0198366641998291,{},False,,key1_asymptotic_toeplitz_0.5,5,toeplitz,0.5,asymptotic,1,0.0158311345646438,False
0.5,0.0,0.0,0.0,0.0,2608,34,True,False,1,0.0190908908843994,{'toeplitz_matrix': 1},False,,key1_asymptotic_toeplitz_0.5,6,toeplitz,0.5,asymptotic,1,0.0158311345646438,True
0.5,0.0,0.0,0.0,0.0,2608,34,True,False,1,0.0184297561645507,{'toeplitz_matrix': 1},False,,key1_asymptotic_toeplitz_0.5,7,toeplitz,0.5,asymptotic,1,0.0158311345646438,True
0.5,0.0,0.0,0.0,0.0,2608,34,True,True,0,0.0233480930328369,{},False,,key1_asymptotic_toeplitz_0.5,8,toeplitz,0.5,asymptotic,1,0.0158311345646438,False
0.5,0.0,0.0,0.0,0.0,2608,34,True,True,0,0.0196468830108642,{'toeplitz_matrix': 1},False,,key1_asymptotic_toeplitz_0.5,9,toeplitz,0.5,asymptotic,1,0.0158311345646438,False
0.5,0.0,0.0,0.0,0.0,2608,34,True,True,0,0.0209429264068603,{'toeplitz_matrix': 1},False,,key1_asymptotic_toeplitz_0.5,10,toeplitz,0.5,asymptotic,1,0.0158311345646438,False
0.5,0.0,0.0,0.0,0.0,2608,34,True,True,0,0.0188724994659423,{},False,,key1_asymptotic_toeplitz_0.5,11,toeplitz,0.5,asymptotic,1,0.0158311345646438,False
0.5,0.0,0.0,0.0,0.0,2608,34,True,True,0,0.019371747970581,{},False,,key1_asymptotic_toeplitz_0.5,12,toeplitz,0.5,asymptotic,1,0.0158311345646438,False
0.5,0.0,0.0,0.0,0.0,2608,34,True,True,0,0.0191254615783691,{},False,,key1_asymptotic_toeplitz_0.5,13,toeplitz,0.5,asymptotic,1,0.0158311345646438,False
0.5,0.0,0.0,0.0,0.0,2608,34,True,True,0,0.0185685157775878,{},False,,key1_asymptotic_toeplitz_0.5,14,toeplitz,0.5,asymptotic,1,0.0158311345646438,False
0.5,0.0,0.0,0.0,0.0,2608,34,True,True,0,0.0196986198425292,{'toeplitz_matrix': 1},False,,key1_asymptotic_toeplitz_0.5,15,toeplitz,0.5,asymptotic,1,0.0158311345646438,False
0.5,0.0,0.0,0.0,0.0,2608,34,True,True,0,0.019486665725708,{},False,,key1_asymptotic_toeplitz_0.5,16,toeplitz,0.5,asymptotic,1,0.0158311345646438,False
0.5,0.0,0.0,0.0,0.0,2608,34,True,True,0,0.018399953842163,{},False,,key1_asymptotic_toeplitz_0.5,17,toeplitz,0.5,asymptotic,1,0.0158311345646438,False
0.5,0.0,0.0,0.0,0.0,2608,34,True,True,0,0.0190310478210449,{},False,,key1_asymptotic_toeplitz_0.5,18,toeplitz,0.5,asymptotic,1,0.0158311345646438,False
0.5,0.0,0.0,0.0,0.0,2608,34,True,True,0,0.0193912982940673,{'toeplitz_matrix': 1},False,,key1_asymptotic_toeplitz_0.5,19,toeplitz,0.5,asymptotic,1,0.0158311345646438,False
0.3,0.0,0.0,0.0,0.0,2608,34,True,False,1,0.0221242904663085,{'toeplitz_matrix': 1},False,,key1_asymptotic_toeplitz_0.3,0,toeplitz,0.3,asymptotic,1,0.0158311345646438,True
0.3,0.0,0.0,0.0,0.0,2608,34,True,True,0,0.0249774456024169,{},False,,key1_asymptotic_toeplitz_0.3,1,toeplitz,0.3,asymptotic,1,0.0158311345646438,False
0.3,0.0,0.0,0.0,0.0,2608,34,True,True,0,0.0199096202850341,{},False,,key1_asymptotic_toeplitz_0.3,2,toeplitz,0.3,asymptotic,1,0.0158311345646438,False
0.3,0.0,0.0,0.0,0.0,2608,34,True,True,0,0.0196404457092285,{},False,,key1_asymptotic_toeplitz_0.3,3,toeplitz,0.3,asymptotic,1,0.0158311345646438,False
0.3,0.0,0.0,0.0,0.0,2608,34,True,True,0,0.0201232433319091,{},False,,key1_asymptotic_toeplitz_0.3,4,toeplitz,0.3,asymptotic,1,0.0158311345646438,False
0.3,0.0,0.0,0.0,0.0,2608,34,True,True,0,0.0188910961151123,{},False,,key1_asymptotic_toeplitz_0.3,5,toeplitz,0.3,asymptotic,1,0.0158311345646438,False
0.3,0.0,0.0,0.0,0.0,2608,34,True,False,1,0.0185256004333496,{'toeplitz_matrix': 1},False,,key1_asymptotic_toeplitz_0.3,6,toeplitz,0.3,asymptotic,1,0.0158311345646438,True
0.3,0.0,0.0,0.0,0.0,2608,34,True,False,1,0.017765998840332,{'toeplitz_matrix': 1},False,,key1_asymptotic_toeplitz_0.3,7,toeplitz,0.3,asymptotic,1,0.0158311345646438,True
0.3,0.0,0.0,0.0,0.0,2608,34,True,True,0,0.0195167064666748,{},False,,key1_asymptotic_toeplitz_0.3,8,toeplitz,0.3,asymptotic,1,0.0158311345646438,False
0.3,0.0,0.0,0.0,0.0,2608,34,True,True,0,0.0204885005950927,{'toeplitz_matrix': 1},False,,key1_asymptotic_toeplitz_0.3,9,toeplitz,0.3,asymptotic,1,0.0158311345646438,False
0.3,0.0,0.0,0.0,0.0,2608,34,True,True,0,0.0194826126098632,{'toeplitz_matrix': 1},False,,key1_asymptotic_toeplitz_0.3,10,toeplitz,0.3,asymptotic,1,0.0158311345646438,False
0.3,0.0,0.0,0.0,0.0,2608,34,True,True,0,0.0203211307525634,{},False,,key1_asymptotic_toeplitz_0.3,11,toeplitz,0.3,asymptotic,1,0.0158311345646438,False
0.3,0.0,0.0,0.0,0.0,2608,34,True,True,0,0.0195958614349365,{},False,,key1_asymptotic_toeplitz_0.3,12,toeplitz,0.3,asymptotic,1,0.0158311345646438,False
0.3,0.0,0.0,0.0,0.0,2608,34,True,True,0,0.0191833972930908,{},False,,key1_asymptotic_toeplitz_0.3,13,toeplitz,0.3,asymptotic,1,0.0158311345646438,False
0.3,0.0,0.0,0.0,0.0,2608,34,True,True,0,0.0196061134338378,{},False,,key1_asymptotic_toeplitz_0.3,14,toeplitz,0.3,asymptotic,1,0.0158311345646438,False
0.3,0.0,0.0,0.0,0.0,2608,34,True,True,0,0.0182440280914306,{'toeplitz_matrix': 1},False,,key1_asymptotic_toeplitz_0.3,15,toeplitz,0.3,asymptotic,1,0.0158311345646438,False
0.3,0.0,0.0,0.0,0.0,2608,34,True,True,0,0.0195317268371582,{},False,,key1_asymptotic_toeplitz_0.3,16,toeplitz,0.3,asymptotic,1,0.0158311345646438,False
0.3,0.0,0.0,0.0,0.0,2608,34,True,True,0,0.0185811519622802,{},False,,key1_asymptotic_toeplitz_0.3,17,toeplitz,0.3,asymptotic,1,0.0158311345646438,False
0.3,0.0,0.0,0.0,0.0,2608,34,True,True,0,0.0188002586364746,{},False,,key1_asymptotic_toeplitz_0.3,18,toeplitz,0.3,asymptotic,1,0.0158311345646438,False
0.3,0.0,0.0,0.0,0.0,2608,34,True,True,0,0.018613576889038,{},False,,key1_asymptotic_toeplitz_0.3,19,toeplitz,0.3,asymptotic,1,0.0158311345646438,False
0.1,0.0,0.0,0.0,0.0,2608,34,True,True,0,0.0194032192230224,{},False,,key1_asymptotic_toeplitz_0.1,0,toeplitz,0.1,asymptotic,1,0.0158311345646438,False
0.1,0.0,0.0,0.0,0.0,2608,34,True,True,0,0.0188174247741699,{},False,,key1_asymptotic_toeplitz_0.1,1,toeplitz,0.1,asymptotic,1,0.0158311345646438,False
0.1,0.0,0.0,0.0,0.0,2608,34,True,True,0,0.0198736190795898,{},False,,key1_asymptotic_toeplitz_0.1,2,toeplitz,0.1,asymptotic,1,0.0158311345646438,False
0.1,0.0,0.0,0.0,0.0,2608,34,True,True,0,0.0183844566345214,{},False,,key1_asymptotic_toeplitz_0.1,3,toeplitz,0.1,asymptotic,1,0.0158311345646438,False
0.1,0.0,0.0,0.0,0.0,2608,34,True,True,0,0.0193102359771728,{},False,,key1_asymptotic_toeplitz_0.1,4,toeplitz,0.1,asymptotic,1,0.0158311345646438,False
0.1,0.0,0.0,0.0,0.0,2608,34,True,True,0,0.0189614295959472,{},False,,key1_asymptotic_toeplitz_0.1,5,toeplitz,0.1,asymptotic,1,0.0158311345646438,False
0.1,0.0,0.0,0.0,0.0,2608,34,True,False,1,0.019998550415039,{'toeplitz_matrix': 1},False,,key1_asymptotic_toeplitz_0.1,6,toeplitz,0.1,asymptotic,1,0.0158311345646438,True
0.1,0.0,0.0,0.0,0.0,2608,34,True,False,1,0.0180692672729492,{'toeplitz_matrix': 1},False,,key1_asymptotic_toeplitz_0.1,7,toeplitz,0.1,asymptotic,1,0.0158311345646438,True
0.1,0.0,0.0,0.0,0.0,2608,34,True,True,0,0.0192036628723144,{},False,,key1_asymptotic_toeplitz_0.1,8,toeplitz,0.1,asymptotic,1,0.0158311345646438,False
0.1,0.0,0.0,0.0,0.0,2608,34,True,True,0,0.0194337368011474,{'toeplitz_matrix': 1},False,,key1_asymptotic_toeplitz_0.1,9,toeplitz,0.1,asymptotic,1,0.0158311345646438,False
0.1,0.0,0.0,0.0,0.0,2608,34,True,True,0,0.0179419517517089,{},False,,key1_asymptotic_toeplitz_0.1,10,toeplitz,0.1,asymptotic,1,0.0158311345646438,False
0.1,0.0,0.0,0.0,0.0,2608,34,True,True,0,0.0186414718627929,{},False,,key1_asymptotic_toeplitz_0.1,11,toeplitz,0.1,asymptotic,1,0.0158311345646438,False
0.1,0.0,0.0,0.0,0.0,2608,34,True,True,0,0.019404649734497,{},False,,key1_asymptotic_toeplitz_0.1,12,toeplitz,0.1,asymptotic,1,0.0158311345646438,False
0.1,0.0,0.0,0.0,0.0,2608,34,True,True,0,0.020766258239746,{},False,,key1_asymptotic_toeplitz_0.1,13,toeplitz,0.1,asymptotic,1,0.0158311345646438,False
0.1,0.0,0.0,0.0,0.0,2608,34,True,True,0,0.0191726684570312,{},False,,key1_asymptotic_toeplitz_0.1,14,toeplitz,0.1,asymptotic,1,0.0158311345646438,False
0.1,0.0,0.0,0.0,0.0,2608,34,True,True,0,0.0201835632324218,{},False,,key1_asymptotic_toeplitz_0.1,15,toeplitz,0.1,asymptotic,1,0.0158311345646438,False
0.1,0.0,0.0,0.0,0.0,2608,34,True,True,0,0.0220406055450439,{},False,,key1_asymptotic_toeplitz_0.1,16,toeplitz,0.1,asymptotic,1,0.0158311345646438,False
0.1,0.0,0.0,0.0,0.0,2608,34,True,True,0,0.0185997486114501,{},False,,key1_asymptotic_toeplitz_0.1,17,toeplitz,0.1,asymptotic,1,0.0158311345646438,False
0.1,0.0,0.0,0.0,0.0,2608,34,True,True,0,0.0203955173492431,{},False,,key1_asymptotic_toeplitz_0.1,18,toeplitz,0.1,asymptotic,1,0.0158311345646438,False
0.1,0.0,0.0,0.0,0.0,2608,34,True,True,0,0.0200345516204834,{},False,,key1_asymptotic_toeplitz_0.1,19,toeplitz,0.1,asymptotic,1,0.0158311345646438,False
0.05,0.0,0.0,0.0,0.0,2608,34,True,True,0,0.0199644565582275,{},False,,key1_asymptotic_toeplitz_0.05,0,toeplitz,0.05,asymptotic,1,0.0158311345646438,False
0.05,0.0,0.0,0.0,0.0,2608,34,True,True,0,0.0198414325714111,{},False,,key1_asymptotic_toeplitz_0.05,1,toeplitz,0.05,asymptotic,1,0.0158311345646438,False
0.05,0.0,0.0,0.0,0.0,2608,34,True,True,0,0.0243070125579834,{},False,,key1_asymptotic_toeplitz_0.05,2,toeplitz,0.05,asymptotic,1,0.0158311345646438,False
0.05,0.0,0.0,0.0,0.0,2608,34,True,True,0,0.0201046466827392,{},False,,key1_asymptotic_toeplitz_0.05,3,toeplitz,0.05,asymptotic,1,0.0158311345646438,False
0.05,0.0,0.0,0.0,0.0,2608,34,True,True,0,0.019874095916748,{},False,,key1_asymptotic_toeplitz_0.05,4,toeplitz,0.05,asymptotic,1,0.0158311345646438,False
0.05,0.0,0.0,0.0,0.0,2608,34,True,True,0,0.0184748172760009,{},False,,key1_asymptotic_toeplitz_0.05,5,toeplitz,0.05,asymptotic,1,0.0158311345646438,False
0.05,0.0,0.0,0.0,0.0,2608,34,True,False,1,0.0190441608428955,{'toeplitz_matrix': 1},False,,key1_asymptotic_toeplitz_0.05,6,toeplitz,0.05,asymptotic,1,0.0158311345646438,True
0.05,0.0,0.0,0.0,0.0,2608,34,True,False,1,0.0181164741516113,{'toeplitz_matrix': 1},False,,key1_asymptotic_toeplitz_0.05,7,toeplitz,0.05,asymptotic,1,0.0158311345646438,True
0.05,0.0,0.0,0.0,0.0,2608,34,True,True,0,0.0192680358886718,{},False,,key1_asymptotic_toeplitz_0.05,8,toeplitz,0.05,asymptotic,1,0.0158311345646438,False
0.05,0.0,0.0,0.0,0.0,2608,34,True,True,0,0.0194301605224609,{'toeplitz_matrix': 1},False,,key1_asymptotic_toeplitz_0.05,9,toeplitz,0.05,asymptotic,1,0.0158311345646438,False
0.05,0.0,0.0,0.0,0.0,2608,34,True,True,0,0.020179271697998,{},False,,key1_asymptotic_toeplitz_0.05,10,toeplitz,0.05,asymptotic,1,0.0158311345646438,False
0.05,0.0,0.0,0.0,0.0,2608,34,True,True,0,0.0207633972167968,{},False,,key1_asymptotic_toeplitz_0.05,11,toeplitz,0.05,asymptotic,1,0.0158311345646438,False
0.05,0.0,0.0,0.0,0.0,2608,34,True,True,0,0.0244293212890625,{},False,,key1_asymptotic_toeplitz_0.05,12,toeplitz,0.05,asymptotic,1,0.0158311345646438,False
0.05,0.0,0.0,0.0,0.0,2608,34,True,True,0,0.0206015110015869,{},False,,key1_asymptotic_toeplitz_0.05,13,toeplitz,0.05,asymptotic,1,0.0158311345646438,False
0.05,0.0,0.0,0.0,0.0,2608,34,True,True,0,0.0196597576141357,{},False,,key1_asymptotic_toeplitz_0.05,14,toeplitz,0.05,asymptotic,1,0.0158311345646438,False
0.05,0.0,0.0,0.0,0.0,2608,34,True,True,0,0.0185637474060058,{},False,,key1_asymptotic_toeplitz_0.05,15,toeplitz,0.05,asymptotic,1,0.0158311345646438,False
0.05,0.0,0.0,0.0,0.0,2608,34,True,True,0,0.0202858448028564,{},False,,key1_asymptotic_toeplitz_0.05,16,toeplitz,0.05,asymptotic,1,0.0158311345646438,False
0.05,0.0,0.0,0.0,0.0,2608,34,True,True,0,0.0191171169281005,{},False,,key1_asymptotic_toeplitz_0.05,17,toeplitz,0.05,asymptotic,1,0.0158311345646438,False
0.05,0.0,0.0,0.0,0.0,2608,34,True,True,0,0.0187916755676269,{},False,,key1_asymptotic_toeplitz_0.05,18,toeplitz,0.05,asymptotic,1,0.0158311345646438,False
0.05,0.0,0.0,0.0,0.0,2608,34,True,True,0,0.0185198783874511,{},False,,key1_asymptotic_toeplitz_0.05,19,toeplitz,0.05,asymptotic,1,0.0158311345646438,False
0.03,0.0,0.0,0.0,0.0,2608,34,True,True,0,0.0188562870025634,{},False,,key1_asymptotic_toeplitz_0.03,0,toeplitz,0.03,asymptotic,1,0.0158311345646438,False
0.03,0.0,0.0,0.0,0.0,2608,34,True,True,0,0.0196433067321777,{},False,,key1_asymptotic_toeplitz_0.03,1,toeplitz,0.03,asymptotic,1,0.0158311345646438,False
0.03,0.0,0.0,0.0,0.0,2608,34,True,True,0,0.0190844535827636,{},False,,key1_asymptotic_toeplitz_0.03,2,toeplitz,0.03,asymptotic,1,0.0158311345646438,False
0.03,0.0,0.0,0.0,0.0,2608,34,True,True,0,0.0185298919677734,{},False,,key1_asymptotic_toeplitz_0.03,3,toeplitz,0.03,asymptotic,1,0.0158311345646438,False
0.03,0.0,0.0,0.0,0.0,2608,34,True,True,0,0.0217974185943603,{},False,,key1_asymptotic_toeplitz_0.03,4,toeplitz,0.03,asymptotic,1,0.0158311345646438,False
0.03,0.0,0.0,0.0,0.0,2608,34,True,True,0,0.0184676647186279,{},False,,key1_asymptotic_toeplitz_0.03,5,toeplitz,0.03,asymptotic,1,0.0158311345646438,False
0.03,0.0,0.0,0.0,0.0,2608,34,True,True,0,0.018543004989624,{},False,,key1_asymptotic_toeplitz_0.03,6,toeplitz,0.03,asymptotic,1,0.0158311345646438,False
0.03,0.0,0.0,0.0,0.0,2608,34,True,True,0,0.0202794075012207,{},False,,key1_asymptotic_toeplitz_0.03,7,toeplitz,0.03,asymptotic,1,0.0158311345646438,False
0.03,0.0,0.0,0.0,0.0,2608,34,True,True,0,0.0184004306793212,{},False,,key1_asymptotic_toeplitz_0.03,8,toeplitz,0.03,asymptotic,1,0.0158311345646438,False
0.03,0.0,0.0,0.0,0.0,2608,34,True,True,0,0.0190048217773437,{},False,,key1_asymptotic_toeplitz_0.03,9,toeplitz,0.03,asymptotic,1,0.0158311345646438,False
0.03,0.0,0.0,0.0,0.0,2608,34,True,True,0,0.0183517932891845,{},False,,key1_asymptotic_toeplitz_0.03,10,toeplitz,0.03,asymptotic,1,0.0158311345646438,False
0.03,0.0,0.0,0.0,0.0,2608,34,True,True,0,0.0191154479980468,{},False,,key1_asymptotic_toeplitz_0.03,11,toeplitz,0.03,asymptotic,1,0.0158311345646438,False
0.03,0.0,0.0,0.0,0.0,2608,34,True,True,0,0.0186018943786621,{},False,,key1_asymptotic_toeplitz_0.03,12,toeplitz,0.03,asymptotic,1,0.0158311345646438,False
0.03,0.0,0.0,0.0,0.0,2608,34,True,True,0,0.0189824104309082,{},False,,key1_asymptotic_toeplitz_0.03,13,toeplitz,0.03,asymptotic,1,0.0158311345646438,False
0.03,0.0,0.0,0.0,0.0,2608,34,True,True,0,0.0187187194824218,{},False,,key1_asymptotic_toeplitz_0.03,14,toeplitz,0.03,asymptotic,1,0.0158311345646438,False
0.03,0.0,0.0,0.0,0.0,2608,34,True,True,0,0.0196130275726318,{},False,,key1_asymptotic_toeplitz_0.03,15,toeplitz,0.03,asymptotic,1,0.0158311345646438,False
0.03,0.0,0.0,0.0,0.0,2608,34,True,True,0,0.0186467170715332,{},False,,key1_asymptotic_toeplitz_0.03,16,toeplitz,0.03,asymptotic,1,0.0158311345646438,False
0.03,0.0,0.0,0.0,0.0,2608,34,True,True,0,0.0195534229278564,{},False,,key1_asymptotic_toeplitz_0.03,17,toeplitz,0.03,asymptotic,1,0.0158311345646438,False
0.03,0.0,0.0,0.0,0.0,2608,34,True,True,0,0.0188939571380615,{},False,,key1_asymptotic_toeplitz_0.03,18,toeplitz,0.03,asymptotic,1,0.0158311345646438,False
0.03,0.0,0.0,0.0,0.0,2608,34,True,True,0,0.0182516574859619,{},False,,key1_asymptotic_toeplitz_0.03,19,toeplitz,0.03,asymptotic,1,0.0158311345646438,False
0.01,0.0,0.0,0.0,0.0,2608,34,True,True,0,0.0188820362091064,{},False,,key1_asymptotic_toeplitz_0.01,0,toeplitz,0.01,asymptotic,1,0.0158311345646438,False
0.01,0.0,0.0,0.0,0.0,2608,34,True,True,0,0.0185809135437011,{},False,,key1_asymptotic_toeplitz_0.01,1,toeplitz,0.01,asymptotic,1,0.0158311345646438,False
0.01,0.0,0.0,0.0,0.0,2608,34,True,True,0,0.0193026065826416,{},False,,key1_asymptotic_toeplitz_0.01,2,toeplitz,0.01,asymptotic,1,0.0158311345646438,False
0.01,0.0,0.0,0.0,0.0,2608,34,True,True,0,0.0198636054992675,{},False,,key1_asymptotic_toeplitz_0.01,3,toeplitz,0.01,asymptotic,1,0.0158311345646438,False
0.01,0.0,0.0,0.0,0.0,2608,34,True,True,0,0.02264404296875,{},False,,key1_asymptotic_toeplitz_0.01,4,toeplitz,0.01,asymptotic,1,0.0158311345646438,False
0.01,0.0,0.0,0.0,0.0,2608,34,True,True,0,0.0214989185333251,{},False,,key1_asymptotic_toeplitz_0.01,5,toeplitz,0.01,asymptotic,1,0.0158311345646438,False
0.01,0.0,0.0,0.0,0.0,2608,34,True,True,0,0.022449254989624,{},False,,key1_asymptotic_toeplitz_0.01,6,toeplitz,0.01,asymptotic,1,0.0158311345646438,False
0.01,0.0,0.0,0.0,0.0,2608,34,True,True,0,0.019113540649414,{},False,,key1_asymptotic_toeplitz_0.01,7,toeplitz,0.01,asymptotic,1,0.0158311345646438,False
0.01,0.0,0.0,0.0,0.0,2608,34,True,True,0,0.020251989364624,{},False,,key1_asymptotic_toeplitz_0.01,8,toeplitz,0.01,asymptotic,1,0.0158311345646438,False
0.01,0.0,0.0,0.0,0.0,2608,34,True,True,0,0.0215370655059814,{},False,,key1_asymptotic_toeplitz_0.01,9,toeplitz,0.01,asymptotic,1,0.0158311345646438,False
0.01,0.0,0.0,0.0,0.0,2608,34,True,True,0,0.0189733505249023,{},False,,key1_asymptotic_toeplitz_0.01,10,toeplitz,0.01,asymptotic,1,0.0158311345646438,False
0.01,0.0,0.0,0.0,0.0,2608,34,True,True,0,0.0184693336486816,{},False,,key1_asymptotic_toeplitz_0.01,11,toeplitz,0.01,asymptotic,1,0.0158311345646438,False
0.01,0.0,0.0,0.0,0.0,2608,34,True,True,0,0.0186085700988769,{},False,,key1_asymptotic_toeplitz_0.01,12,toeplitz,0.01,asymptotic,1,0.0158311345646438,False
0.01,0.0,0.0,0.0,0.0,2608,34,True,True,0,0.0203354358673095,{},False,,key1_asymptotic_toeplitz_0.01,13,toeplitz,0.01,asymptotic,1,0.0158311345646438,False
0.01,0.0,0.0,0.0,0.0,2608,34,True,True,0,0.0188338756561279,{},False,,key1_asymptotic_toeplitz_0.01,14,toeplitz,0.01,asymptotic,1,0.0158311345646438,False
0.01,0.0,0.0,0.0,0.0,2608,34,True,True,0,0.0190699100494384,{},False,,key1_asymptotic_toeplitz_0.01,15,toeplitz,0.01,asymptotic,1,0.0158311345646438,False
0.01,0.0,0.0,0.0,0.0,2608,34,True,True,0,0.0184864997863769,{},False,,key1_asymptotic_toeplitz_0.01,16,toeplitz,0.01,asymptotic,1,0.0158311345646438,False
0.01,0.0,0.0,0.0,0.0,2608,34,True,True,0,0.0203123092651367,{},False,,key1_asymptotic_toeplitz_0.01,17,toeplitz,0.01,asymptotic,1,0.0158311345646438,False
0.01,0.0,0.0,0.0,0.0,2608,34,True,True,0,0.024036169052124,{},False,,key1_asymptotic_toeplitz_0.01,18,toeplitz,0.01,asymptotic,1,0.0158311345646438,False
0.01,0.0,0.0,0.0,0.0,2608,34,True,True,0,0.0219242572784423,{},False,,key1_asymptotic_toeplitz_0.01,19,toeplitz,0.01,asymptotic,1,0.0158311345646438,False
0.003,0.0,0.0,0.0,0.0,2608,34,True,True,0,0.0216040611267089,{},False,,key1_asymptotic_toeplitz_0.003,0,toeplitz,0.003,asymptotic,1,0.0158311345646438,False
0.003,0.0,0.0,0.0,0.0,2608,34,True,True,0,0.022392988204956,{},False,,key1_asymptotic_toeplitz_0.003,1,toeplitz,0.003,asymptotic,1,0.0158311345646438,False
0.003,0.0,0.0,0.0,0.0,2608,34,True,True,0,0.0227420330047607,{},False,,key1_asymptotic_toeplitz_0.003,2,toeplitz,0.003,asymptotic,1,0.0158311345646438,False
0.003,0.0,0.0,0.0,0.0,2608,34,True,True,0,0.0183374881744384,{},False,,key1_asymptotic_toeplitz_0.003,3,toeplitz,0.003,asymptotic,1,0.0158311345646438,False
0.003,0.0,0.0,0.0,0.0,2608,34,True,True,0,0.0186083316802978,{},False,,key1_asymptotic_toeplitz_0.003,4,toeplitz,0.003,asymptotic,1,0.0158311345646438,False
0.003,0.0,0.0,0.0,0.0,2608,34,True,True,0,0.0194272994995117,{},False,,key1_asymptotic_toeplitz_0.003,5,toeplitz,0.003,asymptotic,1,0.0158311345646438,False
0.003,0.0,0.0,0.0,0.0,2608,34,True,True,0,0.0199284553527832,{},False,,key1_asymptotic_toeplitz_0.003,6,toeplitz,0.003,asymptotic,1,0.0158311345646438,False
0.003,0.0,0.0,0.0,0.0,2608,34,True,True,0,0.0187935829162597,{},False,,key1_asymptotic_toeplitz_0.003,7,toeplitz,0.003,asymptotic,1,0.0158311345646438,False
0.003,0.0,0.0,0.0,0.0,2608,34,True,True,0,0.0193955898284912,{},False,,key1_asymptotic_toeplitz_0.003,8,toeplitz,0.003,asymptotic,1,0.0158311345646438,False
0.003,0.0,0.0,0.0,0.0,2608,34,True,True,0,0.0220298767089843,{},False,,key1_asymptotic_toeplitz_0.003,9,toeplitz,0.003,asymptotic,1,0.0158311345646438,False
0.003,0.0,0.0,0.0,0.0,2608,34,True,True,0,0.0185885429382324,{},False,,key1_asymptotic_toeplitz_0.003,10,toeplitz,0.003,asymptotic,1,0.0158311345646438,False
0.003,0.0,0.0,0.0,0.0,2608,34,True,True,0,0.0187695026397705,{},False,,key1_asymptotic_toeplitz_0.003,11,toeplitz,0.003,asymptotic,1,0.0158311345646438,False
0.003,0.0,0.0,0.0,0.0,2608,34,True,True,0,0.0183582305908203,{},False,,key1_asymptotic_toeplitz_0.003,12,toeplitz,0.003,asymptotic,1,0.0158311345646438,False
0.003,0.0,0.0,0.0,0.0,2608,34,True,True,0,0.0193886756896972,{},False,,key1_asymptotic_toeplitz_0.003,13,toeplitz,0.003,asymptotic,1,0.0158311345646438,False
0.003,0.0,0.0,0.0,0.0,2608,34,True,True,0,0.02020263671875,{},False,,key1_asymptotic_toeplitz_0.003,14,toeplitz,0.003,asymptotic,1,0.0158311345646438,False
0.003,0.0,0.0,0.0,0.0,2608,34,True,True,0,0.0185801982879638,{},False,,key1_asymptotic_toeplitz_0.003,15,toeplitz,0.003,asymptotic,1,0.0158311345646438,False
0.003,0.0,0.0,0.0,0.0,2608,34,True,True,0,0.0184261798858642,{},False,,key1_asymptotic_toeplitz_0.003,16,toeplitz,0.003,asymptotic,1,0.0158311345646438,False
0.003,0.0,0.0,0.0,0.0,2608,34,True,True,0,0.0203447341918945,{},False,,key1_asymptotic_toeplitz_0.003,17,toeplitz,0.003,asymptotic,1,0.0158311345646438,False
0.003,0.0,0.0,0.0,0.0,2608,34,True,True,0,0.0198132991790771,{},False,,key1_asymptotic_toeplitz_0.003,18,toeplitz,0.003,asymptotic,1,0.0158311345646438,False
0.003,0.0,0.0,0.0,0.0,2608,34,True,True,0,0.0195620059967041,{},False,,key1_asymptotic_toeplitz_0.003,19,toeplitz,0.003,asymptotic,1,0.0158311345646438,False
0.001,0.0,0.0,0.0,0.0,2608,34,True,True,0,0.018627643585205,{},False,,key1_asymptotic_toeplitz_0.001,0,toeplitz,0.001,asymptotic,1,0.0158311345646438,False
0.001,0.0,0.0,0.0,0.0,2608,34,True,True,0,0.0210621356964111,{},False,,key1_asymptotic_toeplitz_0.001,1,toeplitz,0.001,asymptotic,1,0.0158311345646438,False
0.001,0.0,0.0,0.0,0.0,2608,34,True,True,0,0.0181567668914794,{},False,,key1_asymptotic_toeplitz_0.001,2,toeplitz,0.001,asymptotic,1,0.0158311345646438,False
0.001,0.0,0.0,0.0,0.0,2608,34,True,True,0,0.02138352394104,{},False,,key1_asymptotic_toeplitz_0.001,3,toeplitz,0.001,asymptotic,1,0.0158311345646438,False
0.001,0.0,0.0,0.0,0.0,2608,34,True,True,0,0.0192353725433349,{},False,,key1_asymptotic_toeplitz_0.001,4,toeplitz,0.001,asymptotic,1,0.0158311345646438,False
0.001,0.0,0.0,0.0,0.0,2608,34,True,True,0,0.0232112407684326,{},False,,key1_asymptotic_toeplitz_0.001,5,toeplitz,0.001,asymptotic,1,0.0158311345646438,False
0.001,0.0,0.0,0.0,0.0,2608,34,True,True,0,0.022806167602539,{},False,,key1_asymptotic_toeplitz_0.001,6,toeplitz,0.001,asymptotic,1,0.0158311345646438,False
0.001,0.0,0.0,0.0,0.0,2608,34,True,True,0,0.0187361240386962,{},False,,key1_asymptotic_toeplitz_0.001,7,toeplitz,0.001,asymptotic,1,0.0158311345646438,False
0.001,0.0,0.0,0.0,0.0,2608,34,True,True,0,0.0196595191955566,{},False,,key1_asymptotic_toeplitz_0.001,8,toeplitz,0.001,asymptotic,1,0.0158311345646438,False
0.001,0.0,0.0,0.0,0.0,2608,34,True,True,0,0.0197083950042724,{},False,,key1_asymptotic_toeplitz_0.001,9,toeplitz,0.001,asymptotic,1,0.0158311345646438,False
0.001,0.0,0.0,0.0,0.0,2608,34,True,True,0,0.0181975364685058,{},False,,key1_asymptotic_toeplitz_0.001,10,toeplitz,0.001,asymptotic,1,0.0158311345646438,False
0.001,0.0,0.0,0.0,0.0,2608,34,True,True,0,0.0183920860290527,{},False,,key1_asymptotic_toeplitz_0.001,11,toeplitz,0.001,asymptotic,1,0.0158311345646438,False
0.001,0.0,0.0,0.0,0.0,2608,34,True,True,0,0.018644094467163,{},False,,key1_asymptotic_toeplitz_0.001,12,toeplitz,0.001,asymptotic,1,0.0158311345646438,False
0.001,0.0,0.0,0.0,0.0,2608,34,True,True,0,0.0211808681488037,{},False,,key1_asymptotic_toeplitz_0.001,13,toeplitz,0.001,asymptotic,1,0.0158311345646438,False
0.001,0.0,0.0,0.0,0.0,2608,34,True,True,0,0.019324779510498,{},False,,key1_asymptotic_toeplitz_0.001,14,toeplitz,0.001,asymptotic,1,0.0158311345646438,False
0.001,0.0,0.0,0.0,0.0,2608,34,True,True,0,0.0183041095733642,{},False,,key1_asymptotic_toeplitz_0.001,15,toeplitz,0.001,asymptotic,1,0.0158311345646438,False
0.001,0.0,0.0,0.0,0.0,2608,34,True,True,0,0.0182368755340576,{},False,,key1_asymptotic_toeplitz_0.001,16,toeplitz,0.001,asymptotic,1,0.0158311345646438,False
0.001,0.0,0.0,0.0,0.0,2608,34,True,True,0,0.0191850662231445,{},False,,key1_asymptotic_toeplitz_0.001,17,toeplitz,0.001,asymptotic,1,0.0158311345646438,False
0.001,0.0,0.0,0.0,0.0,2608,34,True,True,0,0.0179195404052734,{},False,,key1_asymptotic_toeplitz_0.001,18,toeplitz,0.001,asymptotic,1,0.0158311345646438,False
0.001,0.0,0.0,0.0,0.0,2608,34,True,True,0,0.020531415939331,{},False,,key1_asymptotic_toeplitz_0.001,19,toeplitz,0.001,asymptotic,1,0.0158311345646438,False
0.0,0.5,0.0,0.0,0.0,2608,34,True,True,0,0.0181527137756347,{},False,,key1_asymptotic_final_key_0.5,0,final_key,0.5,asymptotic,1,0.0158311345646438,False
0.0,0.5,0.0,0.0,0.0,2608,34,True,False,1,0.0190458297729492,{'final_key': 1},False,,key1_asymptotic_final_key_0.5,1,final_key,0.5,asymptotic,1,0.0158311345646438,True
0.0,0.5,0.0,0.0,0.0,2608,34,True,False,1,0.0185883045196533,{'final_key': 1},False,,key1_asymptotic_final_key_0.5,2,final_key,0.5,asymptotic,1,0.0158311345646438,True
0.0,0.5,0.0,0.0,0.0,2608,34,True,True,0,0.0180201530456542,{},False,,key1_asymptotic_final_key_0.5,3,final_key,0.5,asymptotic,1,0.0158311345646438,False
0.0,0.5,0.0,0.0,0.0,2608,34,True,True,0,0.018233299255371,{},False,,key1_asymptotic_final_key_0.5,4,final_key,0.5,asymptotic,1,0.0158311345646438,False
0.0,0.5,0.0,0.0,0.0,2608,34,True,True,0,0.0195808410644531,{},False,,key1_asymptotic_final_key_0.5,5,final_key,0.5,asymptotic,1,0.0158311345646438,False
0.0,0.5,0.0,0.0,0.0,2608,34,True,False,1,0.0184595584869384,{'final_key': 1},False,,key1_asymptotic_final_key_0.5,6,final_key,0.5,asymptotic,1,0.0158311345646438,True
0.0,0.5,0.0,0.0,0.0,2608,34,True,True,0,0.0185470581054687,{},False,,key1_asymptotic_final_key_0.5,7,final_key,0.5,asymptotic,1,0.0158311345646438,False
0.0,0.5,0.0,0.0,0.0,2608,34,True,True,0,0.0196256637573242,{},False,,key1_asymptotic_final_key_0.5,8,final_key,0.5,asymptotic,1,0.0158311345646438,False
0.0,0.5,0.0,0.0,0.0,2608,34,True,True,0,0.0196313858032226,{},False,,key1_asymptotic_final_key_0.5,9,final_key,0.5,asymptotic,1,0.0158311345646438,False
0.0,0.5,0.0,0.0,0.0,2608,34,True,False,1,0.0207715034484863,{'final_key': 1},False,,key1_asymptotic_final_key_0.5,10,final_key,0.5,asymptotic,1,0.0158311345646438,True
0.0,0.5,0.0,0.0,0.0,2608,34,True,False,1,0.0189740657806396,{'final_key': 1},False,,key1_asymptotic_final_key_0.5,11,final_key,0.5,asymptotic,1,0.0158311345646438,True
0.0,0.5,0.0,0.0,0.0,2608,34,True,True,0,0.0224926471710205,{},False,,key1_asymptotic_final_key_0.5,12,final_key,0.5,asymptotic,1,0.0158311345646438,False
0.0,0.5,0.0,0.0,0.0,2608,34,True,True,0,0.0235865116119384,{},False,,key1_asymptotic_final_key_0.5,13,final_key,0.5,asymptotic,1,0.0158311345646438,False
0.0,0.5,0.0,0.0,0.0,2608,34,True,True,0,0.0186779499053955,{},False,,key1_asymptotic_final_key_0.5,14,final_key,0.5,asymptotic,1,0.0158311345646438,False
0.0,0.5,0.0,0.0,0.0,2608,34,True,True,0,0.0192477703094482,{},False,,key1_asymptotic_final_key_0.5,15,final_key,0.5,asymptotic,1,0.0158311345646438,False
0.0,0.5,0.0,0.0,0.0,2608,34,True,False,1,0.0187392234802246,{'final_key': 1},False,,key1_asymptotic_final_key_0.5,16,final_key,0.5,asymptotic,1,0.0158311345646438,True
0.0,0.5,0.0,0.0,0.0,2608,34,True,False,1,0.0194344520568847,{'final_key': 1},False,,key1_asymptotic_final_key_0.5,17,final_key,0.5,asymptotic,1,0.0158311345646438,True
0.0,0.5,0.0,0.0,0.0,2608,34,True,True,0,0.0187363624572753,{},False,,key1_asymptotic_final_key_0.5,18,final_key,0.5,asymptotic,1,0.0158311345646438,False
0.0,0.5,0.0,0.0,0.0,2608,34,True,False,1,0.0181901454925537,{'final_key': 1},False,,key1_asymptotic_final_key_0.5,19,final_key,0.5,asymptotic,1,0.0158311345646438,True
0.0,0.3,0.0,0.0,0.0,2608,34,True,True,0,0.0220513343811035,{},False,,key1_asymptotic_final_key_0.3,0,final_key,0.3,asymptotic,1,0.0158311345646438,False
0.0,0.3,0.0,0.0,0.0,2608,34,True,True,0,0.020031452178955,{},False,,key1_asymptotic_final_key_0.3,1,final_key,0.3,asymptotic,1,0.0158311345646438,False
0.0,0.3,0.0,0.0,0.0,2608,34,True,False,1,0.0192627906799316,{'final_key': 1},False,,key1_asymptotic_final_key_0.3,2,final_key,0.3,asymptotic,1,0.0158311345646438,True
0.0,0.3,0.0,0.0,0.0,2608,34,True,True,0,0.0183446407318115,{},False,,key1_asymptotic_final_key_0.3,3,final_key,0.3,asymptotic,1,0.0158311345646438,False
0.0,0.3,0.0,0.0,0.0,2608,34,True,True,0,0.0194270610809326,{},False,,key1_asymptotic_final_key_0.3,4,final_key,0.3,asymptotic,1,0.0158311345646438,False
0.0,0.3,0.0,0.0,0.0,2608,34,True,True,0,0.0201203823089599,{},False,,key1_asymptotic_final_key_0.3,5,final_key,0.3,asymptotic,1,0.0158311345646438,False
0.0,0.3,0.0,0.0,0.0,2608,34,True,False,1,0.0182974338531494,{'final_key': 1},False,,key1_asymptotic_final_key_0.3,6,final_key,0.3,asymptotic,1,0.0158311345646438,True
0.0,0.3,0.0,0.0,0.0,2608,34,True,True,0,0.0178930759429931,{},False,,key1_asymptotic_final_key_0.3,7,final_key,0.3,asymptotic,1,0.0158311345646438,False
0.0,0.3,0.0,0.0,0.0,2608,34,True,True,0,0.0220932960510253,{},False,,key1_asymptotic_final_key_0.3,8,final_key,0.3,asymptotic,1,0.0158311345646438,False
0.0,0.3,0.0,0.0,0.0,2608,34,True,True,0,0.018683910369873,{},False,,key1_asymptotic_final_key_0.3,9,final_key,0.3,asymptotic,1,0.0158311345646438,False
0.0,0.3,0.0,0.0,0.0,2608,34,True,False,1,0.0194401741027832,{'final_key': 1},False,,key1_asymptotic_final_key_0.3,10,final_key,0.3,asymptotic,1,0.0158311345646438,True
0.0,0.3,0.0,0.0,0.0,2608,34,True,False,1,0.0197620391845703,{'final_key': 1},False,,key1_asymptotic_final_key_0.3,11,final_key,0.3,asymptotic,1,0.0158311345646438,True
0.0,0.3,0.0,0.0,0.0,2608,34,True,True,0,0.0187029838562011,{},False,,key1_asymptotic_final_key_0.3,12,final_key,0.3,asymptotic,1,0.0158311345646438,False
0.0,0.3,0.0,0.0,0.0,2608,34,True,True,0,0.0197134017944335,{},False,,key1_asymptotic_final_key_0.3,13,final_key,0.3,asymptotic,1,0.0158311345646438,False
0.0,0.3,0.0,0.0,0.0,2608,34,True,True,0,0.018284797668457,{},False,,key1_asymptotic_final_key_0.3,14,final_key,0.3,asymptotic,1,0.0158311345646438,False
0.0,0.3,0.0,0.0,0.0,2608,34,True,True,0,0.0187315940856933,{},False,,key1_asymptotic_final_key_0.3,15,final_key,0.3,asymptotic,1,0.0158311345646438,False
0.0,0.3,0.0,0.0,0.0,2608,34,True,False,1,0.0379900932312011,{'final_key': 1},False,,key1_asymptotic_final_key_0.3,16,final_key,0.3,asymptotic,1,0.0158311345646438,True
0.0,0.3,0.0,0.0,0.0,2608,34,True,False,1,0.0378880500793457,{'final_key': 1},False,,key1_asymptotic_final_key_0.3,17,final_key,0.3,asymptotic,1,0.0158311345646438,True
0.0,0.3,0.0,0.0,0.0,2608,34,True,True,0,0.0185959339141845,{},False,,key1_asymptotic_final_key_0.3,18,final_key,0.3,asymptotic,1,0.0158311345646438,False
0.0,0.3,0.0,0.0,0.0,2608,34,True,False,1,0.0191996097564697,{'final_key': 1},False,,key1_asymptotic_final_key_0.3,19,final_key,0.3,asymptotic,1,0.0158311345646438,True
0.0,0.1,0.0,0.0,0.0,2608,34,True,True,0,0.0193123817443847,{},False,,key1_asymptotic_final_key_0.1,0,final_key,0.1,asymptotic,1,0.0158311345646438,False
0.0,0.1,0.0,0.0,0.0,2608,34,True,True,0,0.0231716632843017,{},False,,key1_asymptotic_final_key_0.1,1,final_key,0.1,asymptotic,1,0.0158311345646438,False
0.0,0.1,0.0,0.0,0.0,2608,34,True,False,1,0.0196282863616943,{'final_key': 1},False,,key1_asymptotic_final_key_0.1,2,final_key,0.1,asymptotic,1,0.0158311345646438,True
0.0,0.1,0.0,0.0,0.0,2608,34,True,True,0,0.0198578834533691,{},False,,key1_asymptotic_final_key_0.1,3,final_key,0.1,asymptotic,1,0.0158311345646438,False
0.0,0.1,0.0,0.0,0.0,2608,34,True,True,0,0.0199575424194335,{},False,,key1_asymptotic_final_key_0.1,4,final_key,0.1,asymptotic,1,0.0158311345646438,False
0.0,0.1,0.0,0.0,0.0,2608,34,True,True,0,0.0208189487457275,{},False,,key1_asymptotic_final_key_0.1,5,final_key,0.1,asymptotic,1,0.0158311345646438,False
0.0,0.1,0.0,0.0,0.0,2608,34,True,True,0,0.0194852352142334,{},False,,key1_asymptotic_final_key_0.1,6,final_key,0.1,asymptotic,1,0.0158311345646438,False
0.0,0.1,0.0,0.0,0.0,2608,34,True,True,0,0.0194647312164306,{},False,,key1_asymptotic_final_key_0.1,7,final_key,0.1,asymptotic,1,0.0158311345646438,False
0.0,0.1,0.0,0.0,0.0,2608,34,True,True,0,0.0190956592559814,{},False,,key1_asymptotic_final_key_0.1,8,final_key,0.1,asymptotic,1,0.0158311345646438,False
0.0,0.1,0.0,0.0,0.0,2608,34,True,True,0,0.0194816589355468,{},False,,key1_asymptotic_final_key_0.1,9,final_key,0.1,asymptotic,1,0.0158311345646438,False
0.0,0.1,0.0,0.0,0.0,2608,34,True,False,1,0.0183207988739013,{'final_key': 1},False,,key1_asymptotic_final_key_0.1,10,final_key,0.1,asymptotic,1,0.0158311345646438,True
0.0,0.1,0.0,0.0,0.0,2608,34,True,True,0,0.0197029113769531,{},False,,key1_asymptotic_final_key_0.1,11,final_key,0.1,asymptotic,1,0.0158311345646438,False
0.0,0.1,0.0,0.0,0.0,2608,34,True,True,0,0.0187873840332031,{},False,,key1_asymptotic_final_key_0.1,12,final_key,0.1,asymptotic,1,0.0158311345646438,False
0.0,0.1,0.0,0.0,0.0,2608,34,True,True,0,0.0192134380340576,{},False,,key1_asymptotic_final_key_0.1,13,final_key,0.1,asymptotic,1,0.0158311345646438,False
0.0,0.1,0.0,0.0,0.0,2608,34,True,True,0,0.0201144218444824,{},False,,key1_asymptotic_final_key_0.1,14,final_key,0.1,asymptotic,1,0.0158311345646438,False
0.0,0.1,0.0,0.0,0.0,2608,34,True,True,0,0.0180943012237548,{},False,,key1_asymptotic_final_key_0.1,15,final_key,0.1,asymptotic,1,0.0158311345646438,False
0.0,0.1,0.0,0.0,0.0,2608,34,True,False,1,0.0182564258575439,{'final_key': 1},False,,key1_asymptotic_final_key_0.1,16,final_key,0.1,asymptotic,1,0.0158311345646438,True
0.0,0.1,0.0,0.0,0.0,2608,34,True,True,0,0.0189368724822998,{},False,,key1_asymptotic_final_key_0.1,17,final_key,0.1,asymptotic,1,0.0158311345646438,False
0.0,0.1,0.0,0.0,0.0,2608,34,True,True,0,0.0190596580505371,{},False,,key1_asymptotic_final_key_0.1,18,final_key,0.1,asymptotic,1,0.0158311345646438,False
0.0,0.1,0.0,0.0,0.0,2608,34,True,True,0,0.0188195705413818,{},False,,key1_asymptotic_final_key_0.1,19,final_key,0.1,asymptotic,1,0.0158311345646438,False
0.0,0.05,0.0,0.0,0.0,2608,34,True,True,0,0.0203669071197509,{},False,,key1_asymptotic_final_key_0.05,0,final_key,0.05,asymptotic,1,0.0158311345646438,False
0.0,0.05,0.0,0.0,0.0,2608,34,True,True,0,0.0244941711425781,{},False,,key1_asymptotic_final_key_0.05,1,final_key,0.05,asymptotic,1,0.0158311345646438,False
0.0,0.05,0.0,0.0,0.0,2608,34,True,False,1,0.0212712287902832,{'final_key': 1},False,,key1_asymptotic_final_key_0.05,2,final_key,0.05,asymptotic,1,0.0158311345646438,True
0.0,0.05,0.0,0.0,0.0,2608,34,True,True,0,0.0185480117797851,{},False,,key1_asymptotic_final_key_0.05,3,final_key,0.05,asymptotic,1,0.0158311345646438,False
0.0,0.05,0.0,0.0,0.0,2608,34,True,True,0,0.0188474655151367,{},False,,key1_asymptotic_final_key_0.05,4,final_key,0.05,asymptotic,1,0.0158311345646438,False
0.0,0.05,0.0,0.0,0.0,2608,34,True,True,0,0.0191757678985595,{},False,,key1_asymptotic_final_key_0.05,5,final_key,0.05,asymptotic,1,0.0158311345646438,False
0.0,0.05,0.0,0.0,0.0,2608,34,True,True,0,0.0188136100769042,{},False,,key1_asymptotic_final_key_0.05,6,final_key,0.05,asymptotic,1,0.0158311345646438,False
0.0,0.05,0.0,0.0,0.0,2608,34,True,True,0,0.0203571319580078,{},False,,key1_asymptotic_final_key_0.05,7,final_key,0.05,asymptotic,1,0.0158311345646438,False
0.0,0.05,0.0,0.0,0.0,2608,34,True,True,0,0.0190117359161376,{},False,,key1_asymptotic_final_key_0.05,8,final_key,0.05,asymptotic,1,0.0158311345646438,False
0.0,0.05,0.0,0.0,0.0,2608,34,True,True,0,0.0196990966796875,{},False,,key1_asymptotic_final_key_0.05,9,final_key,0.05,asymptotic,1,0.0158311345646438,False
0.0,0.05,0.0,0.0,0.0,2608,34,True,True,0,0.0192363262176513,{},False,,key1_asymptotic_final_key_0.05,10,final_key,0.05,asymptotic,1,0.0158311345646438,False
0.0,0.05,0.0,0.0,0.0,2608,34,True,True,0,0.0202698707580566,{},False,,key1_asymptotic_final_key_0.05,11,final_key,0.05,asymptotic,1,0.0158311345646438,False
0.0,0.05,0.0,0.0,0.0,2608,34,True,True,0,0.0210611820220947,{},False,,key1_asymptotic_final_key_0.05,12,final_key,0.05,asymptotic,1,0.0158311345646438,False
0.0,0.05,0.0,0.0,0.0,2608,34,True,True,0,0.0220513343811035,{},False,,key1_asymptotic_final_key_0.05,13,final_key,0.05,asymptotic,1,0.0158311345646438,False
0.0,0.05,0.0,0.0,0.0,2608,34,True,True,0,0.020653486251831,{},False,,key1_asymptotic_final_key_0.05,14,final_key,0.05,asymptotic,1,0.0158311345646438,False
0.0,0.05,0.0,0.0,0.0,2608,34,True,True,0,0.0189733505249023,{},False,,key1_asymptotic_final_key_0.05,15,final_key,0.05,asymptotic,1,0.0158311345646438,False
0.0,0.05,0.0,0.0,0.0,2608,34,True,True,0,0.0183901786804199,{},False,,key1_asymptotic_final_key_0.05,16,final_key,0.05,asymptotic,1,0.0158311345646438,False
0.0,0.05,0.0,0.0,0.0,2608,34,True,True,0,0.0192213058471679,{},False,,key1_asymptotic_final_key_0.05,17,final_key,0.05,asymptotic,1,0.0158311345646438,False
0.0,0.05,0.0,0.0,0.0,2608,34,True,True,0,0.0285015106201171,{},False,,key1_asymptotic_final_key_0.05,18,final_key,0.05,asymptotic,1,0.0158311345646438,False
0.0,0.05,0.0,0.0,0.0,2608,34,True,True,0,0.0255072116851806,{},False,,key1_asymptotic_final_key_0.05,19,final_key,0.05,asymptotic,1,0.0158311345646438,False
0.0,0.03,0.0,0.0,0.0,2608,34,True,True,0,0.0184087753295898,{},False,,key1_asymptotic_final_key_0.03,0,final_key,0.03,asymptotic,1,0.0158311345646438,False
0.0,0.03,0.0,0.0,0.0,2608,34,True,True,0,0.0201654434204101,{},False,,key1_asymptotic_final_key_0.03,1,final_key,0.03,asymptotic,1,0.0158311345646438,False
0.0,0.03,0.0,0.0,0.0,2608,34,True,True,0,0.0180599689483642,{},False,,key1_asymptotic_final_key_0.03,2,final_key,0.03,asymptotic,1,0.0158311345646438,False
0.0,0.03,0.0,0.0,0.0,2608,34,True,True,0,0.0212109088897705,{},False,,key1_asymptotic_final_key_0.03,3,final_key,0.03,asymptotic,1,0.0158311345646438,False
0.0,0.03,0.0,0.0,0.0,2608,34,True,True,0,0.0188610553741455,{},False,,key1_asymptotic_final_key_0.03,4,final_key,0.03,asymptotic,1,0.0158311345646438,False
0.0,0.03,0.0,0.0,0.0,2608,34,True,True,0,0.0192368030548095,{},False,,key1_asymptotic_final_key_0.03,5,final_key,0.03,asymptotic,1,0.0158311345646438,False
0.0,0.03,0.0,0.0,0.0,2608,34,True,True,0,0.0194997787475585,{},False,,key1_asymptotic_final_key_0.03,6,final_key,0.03,asymptotic,1,0.0158311345646438,False
0.0,0.03,0.0,0.0,0.0,2608,34,True,True,0,0.0176968574523925,{},False,,key1_asymptotic_final_key_0.03,7,final_key,0.03,asymptotic,1,0.0158311345646438,False
0.0,0.03,0.0,0.0,0.0,2608,34,True,True,0,0.0194067955017089,{},False,,key1_asymptotic_final_key_0.03,8,final_key,0.03,asymptotic,1,0.0158311345646438,False
0.0,0.03,0.0,0.0,0.0,2608,34,True,True,0,0.0221924781799316,{},False,,key1_asymptotic_final_key_0.03,9,final_key,0.03,asymptotic,1,0.0158311345646438,False
0.0,0.03,0.0,0.0,0.0,2608,34,True,True,0,0.018510103225708,{},False,,key1_asymptotic_final_key_0.03,10,final_key,0.03,asymptotic,1,0.0158311345646438,False
0.0,0.03,0.0,0.0,0.0,2608,34,True,True,0,0.0199332237243652,{},False,,key1_asymptotic_final_key_0.03,11,final_key,0.03,asymptotic,1,0.0158311345646438,False
0.0,0.03,0.0,0.0,0.0,2608,34,True,True,0,0.0185739994049072,{},False,,key1_asymptotic_final_key_0.03,12,final_key,0.03,asymptotic,1,0.0158311345646438,False
0.0,0.03,0.0,0.0,0.0,2608,34,True,True,0,0.0202550888061523,{},False,,key1_asymptotic_final_key_0.03,13,final_key,0.03,asymptotic,1,0.0158311345646438,False
0.0,0.03,0.0,0.0,0.0,2608,34,True,True,0,0.019242525100708,{},False,,key1_asymptotic_final_key_0.03,14,final_key,0.03,asymptotic,1,0.0158311345646438,False
0.0,0.03,0.0,0.0,0.0,2608,34,True,True,0,0.0198736190795898,{},False,,key1_asymptotic_final_key_0.03,15,final_key,0.03,asymptotic,1,0.0158311345646438,False
0.0,0.03,0.0,0.0,0.0,2608,34,True,True,0,0.0189945697784423,{},False,,key1_asymptotic_final_key_0.03,16,final_key,0.03,asymptotic,1,0.0158311345646438,False
0.0,0.03,0.0,0.0,0.0,2608,34,True,True,0,0.0197987556457519,{},False,,key1_asymptotic_final_key_0.03,17,final_key,0.03,asymptotic,1,0.0158311345646438,False
0.0,0.03,0.0,0.0,0.0,2608,34,True,True,0,0.0183565616607666,{},False,,key1_asymptotic_final_key_0.03,18,final_key,0.03,asymptotic,1,0.0158311345646438,False
0.0,0.03,0.0,0.0,0.0,2608,34,True,True,0,0.0183236598968505,{},False,,key1_asymptotic_final_key_0.03,19,final_key,0.03,asymptotic,1,0.0158311345646438,False
0.0,0.01,0.0,0.0,0.0,2608,34,True,True,0,0.0190160274505615,{},False,,key1_asymptotic_final_key_0.01,0,final_key,0.01,asymptotic,1,0.0158311345646438,False
0.0,0.01,0.0,0.0,0.0,2608,34,True,True,0,0.0192766189575195,{},False,,key1_asymptotic_final_key_0.01,1,final_key,0.01,asymptotic,1,0.0158311345646438,False
0.0,0.01,0.0,0.0,0.0,2608,34,True,True,0,0.0190076828002929,{},False,,key1_asymptotic_final_key_0.01,2,final_key,0.01,asymptotic,1,0.0158311345646438,False
0.0,0.01,0.0,0.0,0.0,2608,34,True,True,0,0.0186324119567871,{},False,,key1_asymptotic_final_key_0.01,3,final_key,0.01,asymptotic,1,0.0158311345646438,False
0.0,0.01,0.0,0.0,0.0,2608,34,True,True,0,0.0186598300933837,{},False,,key1_asymptotic_final_key_0.01,4,final_key,0.01,asymptotic,1,0.0158311345646438,False
0.0,0.01,0.0,0.0,0.0,2608,34,True,True,0,0.0200440883636474,{},False,,key1_asymptotic_final_key_0.01,5,final_key,0.01,asymptotic,1,0.0158311345646438,False
0.0,0.01,0.0,0.0,0.0,2608,34,True,True,0,0.0193738937377929,{},False,,key1_asymptotic_final_key_0.01,6,final_key,0.01,asymptotic,1,0.0158311345646438,False
0.0,0.01,0.0,0.0,0.0,2608,34,True,True,0,0.0180268287658691,{},False,,key1_asymptotic_final_key_0.01,7,final_key,0.01,asymptotic,1,0.0158311345646438,False
0.0,0.01,0.0,0.0,0.0,2608,34,True,True,0,0.0182576179504394,{},False,,key1_asymptotic_final_key_0.01,8,final_key,0.01,asymptotic,1,0.0158311345646438,False
0.0,0.01,0.0,0.0,0.0,2608,34,True,True,0,0.0192866325378417,{},False,,key1_asymptotic_final_key_0.01,9,final_key,0.01,asymptotic,1,0.0158311345646438,False
0.0,0.01,0.0,0.0,0.0,2608,34,True,True,0,0.019712209701538,{},False,,key1_asymptotic_final_key_0.01,10,final_key,0.01,asymptotic,1,0.0158311345646438,False
0.0,0.01,0.0,0.0,0.0,2608,34,True,True,0,0.0228552818298339,{},False,,key1_asymptotic_final_key_0.01,11,final_key,0.01,asymptotic,1,0.0158311345646438,False
0.0,0.01,0.0,0.0,0.0,2608,34,True,True,0,0.0221059322357177,{},False,,key1_asymptotic_final_key_0.01,12,final_key,0.01,asymptotic,1,0.0158311345646438,False
0.0,0.01,0.0,0.0,0.0,2608,34,True,True,0,0.0198051929473876,{},False,,key1_asymptotic_final_key_0.01,13,final_key,0.01,asymptotic,1,0.0158311345646438,False
0.0,0.01,0.0,0.0,0.0,2608,34,True,True,0,0.0183348655700683,{},False,,key1_asymptotic_final_key_0.01,14,final_key,0.01,asymptotic,1,0.0158311345646438,False
0.0,0.01,0.0,0.0,0.0,2608,34,True,True,0,0.0177478790283203,{},False,,key1_asymptotic_final_key_0.01,15,final_key,0.01,asymptotic,1,0.0158311345646438,False
0.0,0.01,0.0,0.0,0.0,2608,34,True,True,0,0.0195839405059814,{},False,,key1_asymptotic_final_key_0.01,16,final_key,0.01,asymptotic,1,0.0158311345646438,False
0.0,0.01,0.0,0.0,0.0,2608,34,True,True,0,0.0194213390350341,{},False,,key1_asymptotic_final_key_0.01,17,final_key,0.01,asymptotic,1,0.0158311345646438,False
0.0,0.01,0.0,0.0,0.0,2608,34,True,True,0,0.018679141998291,{},False,,key1_asymptotic_final_key_0.01,18,final_key,0.01,asymptotic,1,0.0158311345646438,False
0.0,0.01,0.0,0.0,0.0,2608,34,True,True,0,0.0187289714813232,{},False,,key1_asymptotic_final_key_0.01,19,final_key,0.01,asymptotic,1,0.0158311345646438,False
0.0,0.003,0.0,0.0,0.0,2608,34,True,True,0,0.018094778060913,{},False,,key1_asymptotic_final_key_0.003,0,final_key,0.003,asymptotic,1,0.0158311345646438,False
0.0,0.003,0.0,0.0,0.0,2608,34,True,True,0,0.0196075439453125,{},False,,key1_asymptotic_final_key_0.003,1,final_key,0.003,asymptotic,1,0.0158311345646438,False
0.0,0.003,0.0,0.0,0.0,2608,34,True,True,0,0.0195145606994628,{},False,,key1_asymptotic_final_key_0.003,2,final_key,0.003,asymptotic,1,0.0158311345646438,False
0.0,0.003,0.0,0.0,0.0,2608,34,True,True,0,0.0193591117858886,{},False,,key1_asymptotic_final_key_0.003,3,final_key,0.003,asymptotic,1,0.0158311345646438,False
0.0,0.003,0.0,0.0,0.0,2608,34,True,True,0,0.018338918685913,{},False,,key1_asymptotic_final_key_0.003,4,final_key,0.003,asymptotic,1,0.0158311345646438,False
0.0,0.003,0.0,0.0,0.0,2608,34,True,True,0,0.0200941562652587,{},False,,key1_asymptotic_final_key_0.003,5,final_key,0.003,asymptotic,1,0.0158311345646438,False
0.0,0.003,0.0,0.0,0.0,2608,34,True,True,0,0.0188057422637939,{},False,,key1_asymptotic_final_key_0.003,6,final_key,0.003,asymptotic,1,0.0158311345646438,False
0.0,0.003,0.0,0.0,0.0,2608,34,True,True,0,0.0224866867065429,{},False,,key1_asymptotic_final_key_0.003,7,final_key,0.003,asymptotic,1,0.0158311345646438,False
0.0,0.003,0.0,0.0,0.0,2608,34,True,True,0,0.0198950767517089,{},False,,key1_asymptotic_final_key_0.003,8,final_key,0.003,asymptotic,1,0.0158311345646438,False
0.0,0.003,0.0,0.0,0.0,2608,34,True,True,0,0.020465612411499,{},False,,key1_asymptotic_final_key_0.003,9,final_key,0.003,asymptotic,1,0.0158311345646438,False
0.0,0.003,0.0,0.0,0.0,2608,34,True,True,0,0.0189964771270751,{},False,,key1_asymptotic_final_key_0.003,10,final_key,0.003,asymptotic,1,0.0158311345646438,False
0.0,0.003,0.0,0.0,0.0,2608,34,True,True,0,0.0189008712768554,{},False,,key1_asymptotic_final_key_0.003,11,final_key,0.003,asymptotic,1,0.0158311345646438,False
0.0,0.003,0.0,0.0,0.0,2608,34,True,True,0,0.020559549331665,{},False,,key1_asymptotic_final_key_0.003,12,final_key,0.003,asymptotic,1,0.0158311345646438,False
0.0,0.003,0.0,0.0,0.0,2608,34,True,True,0,0.0206897258758544,{},False,,key1_asymptotic_final_key_0.003,13,final_key,0.003,asymptotic,1,0.0158311345646438,False
0.0,0.003,0.0,0.0,0.0,2608,34,True,True,0,0.0183386802673339,{},False,,key1_asymptotic_final_key_0.003,14,final_key,0.003,asymptotic,1,0.0158311345646438,False
0.0,0.003,0.0,0.0,0.0,2608,34,True,True,0,0.0203597545623779,{},False,,key1_asymptotic_final_key_0.003,15,final_key,0.003,asymptotic,1,0.0158311345646438,False
0.0,0.003,0.0,0.0,0.0,2608,34,True,True,0,0.0186185836791992,{},False,,key1_asymptotic_final_key_0.003,16,final_key,0.003,asymptotic,1,0.0158311345646438,False
0.0,0.003,0.0,0.0,0.0,2608,34,True,True,0,0.0218939781188964,{},False,,key1_asymptotic_final_key_0.003,17,final_key,0.003,asymptotic,1,0.0158311345646438,False
0.0,0.003,0.0,0.0,0.0,2608,34,True,True,0,0.0219237804412841,{},False,,key1_asymptotic_final_key_0.003,18,final_key,0.003,asymptotic,1,0.0158311345646438,False
0.0,0.003,0.0,0.0,0.0,2608,34,True,True,0,0.0188143253326416,{},False,,key1_asymptotic_final_key_0.003,19,final_key,0.003,asymptotic,1,0.0158311345646438,False
0.0,0.001,0.0,0.0,0.0,2608,34,True,True,0,0.0183241367340087,{},False,,key1_asymptotic_final_key_0.001,0,final_key,0.001,asymptotic,1,0.0158311345646438,False
0.0,0.001,0.0,0.0,0.0,2608,34,True,True,0,0.019601821899414,{},False,,key1_asymptotic_final_key_0.001,1,final_key,0.001,asymptotic,1,0.0158311345646438,False
0.0,0.001,0.0,0.0,0.0,2608,34,True,True,0,0.019399881362915,{},False,,key1_asymptotic_final_key_0.001,2,final_key,0.001,asymptotic,1,0.0158311345646438,False
0.0,0.001,0.0,0.0,0.0,2608,34,True,True,0,0.0184252262115478,{},False,,key1_asymptotic_final_key_0.001,3,final_key,0.001,asymptotic,1,0.0158311345646438,False
0.0,0.001,0.0,0.0,0.0,2608,34,True,True,0,0.0195512771606445,{},False,,key1_asymptotic_final_key_0.001,4,final_key,0.001,asymptotic,1,0.0158311345646438,False
0.0,0.001,0.0,0.0,0.0,2608,34,True,True,0,0.0195925235748291,{},False,,key1_asymptotic_final_key_0.001,5,final_key,0.001,asymptotic,1,0.0158311345646438,False
0.0,0.001,0.0,0.0,0.0,2608,34,True,True,0,0.0201525688171386,{},False,,key1_asymptotic_final_key_0.001,6,final_key,0.001,asymptotic,1,0.0158311345646438,False
0.0,0.001,0.0,0.0,0.0,2608,34,True,True,0,0.0191500186920166,{},False,,key1_asymptotic_final_key_0.001,7,final_key,0.001,asymptotic,1,0.0158311345646438,False
0.0,0.001,0.0,0.0,0.0,2608,34,True,True,0,0.037064790725708,{},False,,key1_asymptotic_final_key_0.001,8,final_key,0.001,asymptotic,1,0.0158311345646438,False
0.0,0.001,0.0,0.0,0.0,2608,34,True,True,0,0.0248639583587646,{},False,,key1_asymptotic_final_key_0.001,9,final_key,0.001,asymptotic,1,0.0158311345646438,False
0.0,0.001,0.0,0.0,0.0,2608,34,True,True,0,0.0187084674835205,{},False,,key1_asymptotic_final_key_0.001,10,final_key,0.001,asymptotic,1,0.0158311345646438,False
0.0,0.001,0.0,0.0,0.0,2608,34,True,True,0,0.0189216136932373,{},False,,key1_asymptotic_final_key_0.001,11,final_key,0.001,asymptotic,1,0.0158311345646438,False
0.0,0.001,0.0,0.0,0.0,2608,34,True,True,0,0.020308494567871,{},False,,key1_asymptotic_final_key_0.001,12,final_key,0.001,asymptotic,1,0.0158311345646438,False
0.0,0.001,0.0,0.0,0.0,2608,34,True,True,0,0.0202498435974121,{},False,,key1_asymptotic_final_key_0.001,13,final_key,0.001,asymptotic,1,0.0158311345646438,False
0.0,0.001,0.0,0.0,0.0,2608,34,True,True,0,0.0192265510559082,{},False,,key1_asymptotic_final_key_0.001,14,final_key,0.001,asymptotic,1,0.0158311345646438,False
0.0,0.001,0.0,0.0,0.0,2608,34,True,True,0,0.0185945034027099,{},False,,key1_asymptotic_final_key_0.001,15,final_key,0.001,asymptotic,1,0.0158311345646438,False
0.0,0.001,0.0,0.0,0.0,2608,34,True,True,0,0.0194804668426513,{},False,,key1_asymptotic_final_key_0.001,16,final_key,0.001,asymptotic,1,0.0158311345646438,False
0.0,0.001,0.0,0.0,0.0,2608,34,True,True,0,0.0201656818389892,{},False,,key1_asymptotic_final_key_0.001,17,final_key,0.001,asymptotic,1,0.0158311345646438,False
0.0,0.001,0.0,0.0,0.0,2608,34,True,True,0,0.0188074111938476,{},False,,key1_asymptotic_final_key_0.001,18,final_key,0.001,asymptotic,1,0.0158311345646438,False
0.0,0.001,0.0,0.0,0.0,2608,34,True,True,0,0.020205020904541,{},False,,key1_asymptotic_final_key_0.001,19,final_key,0.001,asymptotic,1,0.0158311345646438,False
0.0,0.0,0.5,0.0,0.0052801408037547,2608,34,False,False,1353,0.0271470546722412,{'reconciliation_state': 18},False,,key1_asymptotic_reconciliation_0.5,0,reconciliation,0.5,asymptotic,1,0.0158311345646438,True
0.0,0.0,0.5,0.0,0.0035200938691698,2608,34,False,False,1334,0.0252070426940917,{'reconciliation_state': 12},False,,key1_asymptotic_reconciliation_0.5,1,reconciliation,0.5,asymptotic,1,0.0158311345646438,True
0.0,0.0,0.5,0.0,0.0044001173364623,2608,34,False,False,1306,0.0255842208862304,{'reconciliation_state': 15},False,,key1_asymptotic_reconciliation_0.5,2,reconciliation,0.5,asymptotic,1,0.0158311345646438,True
0.0,0.0,0.5,0.0,0.0035200938691698,2608,34,False,False,1293,0.0238416194915771,{'reconciliation_state': 12},False,,key1_asymptotic_reconciliation_0.5,3,reconciliation,0.5,asymptotic,1,0.0158311345646438,True
0.0,0.0,0.5,0.0,0.0055734819595189,2608,34,False,False,1282,0.0334119796752929,{'reconciliation_state': 18},False,,key1_asymptotic_reconciliation_0.5,4,reconciliation,0.5,asymptotic,1,0.0158311345646438,True
0.0,0.0,0.5,0.0,0.0044001173364623,2608,34,False,False,1318,0.0243041515350341,{'reconciliation_state': 15},False,,key1_asymptotic_reconciliation_0.5,5,reconciliation,0.5,asymptotic,1,0.0158311345646438,True
0.0,0.0,0.5,0.0,0.0055734819595189,2608,34,False,False,1244,0.0259082317352294,{'reconciliation_state': 18},False,,key1_asymptotic_reconciliation_0.5,6,reconciliation,0.5,asymptotic,1,0.0158311345646438,True
0.0,0.0,0.5,0.0,0.0061601642710472,2608,34,False,False,1330,0.025588035583496,{'reconciliation_state': 19},False,,key1_asymptotic_reconciliation_0.5,7,reconciliation,0.5,asymptotic,1,0.0158311345646438,True
0.0,0.0,0.5,0.0,0.005866823115283,2608,34,False,False,1319,0.0233550071716308,{'reconciliation_state': 17},False,,key1_asymptotic_reconciliation_0.5,8,reconciliation,0.5,asymptotic,1,0.0158311345646438,True
0.0,0.0,0.5,0.0,0.0041067761806981,2608,34,False,False,1272,0.0386362075805664,{'reconciliation_state': 13},False,,key1_asymptotic_reconciliation_0.5,9,reconciliation,0.5,asymptotic,1,0.0158311345646438,True
0.0,0.0,0.5,0.0,0.0055734819595189,2608,34,False,False,1288,0.0449833869934082,{'reconciliation_state': 19},False,,key1_asymptotic_reconciliation_0.5,10,reconciliation,0.5,asymptotic,1,0.0158311345646438,True
0.0,0.0,0.5,0.0,0.005866823115283,2608,34,False,False,1332,0.042731761932373,{'reconciliation_state': 19},False,,key1_asymptotic_reconciliation_0.5,11,reconciliation,0.5,asymptotic,1,0.0158311345646438,True
0.0,0.0,0.5,0.0,0.0044001173364623,2608,34,False,False,1307,0.0427634716033935,{'reconciliation_state': 15},False,,key1_asymptotic_reconciliation_0.5,12,reconciliation,0.5,asymptotic,1,0.0158311345646438,True
0.0,0.0,0.5,0.0,0.0049867996479906,2608,34,False,False,1317,0.0430214405059814,{'reconciliation_state': 16},False,,key1_asymptotic_reconciliation_0.5,13,reconciliation,0.5,asymptotic,1,0.0158311345646438,True
0.0,0.0,0.5,0.0,0.0067468465825755,2608,34,False,False,1294,0.0402374267578125,{'reconciliation_state': 22},False,,key1_asymptotic_reconciliation_0.5,14,reconciliation,0.5,asymptotic,1,0.0158311345646438,True
0.0,0.0,0.5,0.0,0.005866823115283,2608,34,False,False,1299,0.0448036193847656,{'reconciliation_state': 19},False,,key1_asymptotic_reconciliation_0.5,15,reconciliation,0.5,asymptotic,1,0.0158311345646438,True
0.0,0.0,0.5,0.0,0.0049867996479906,2608,34,False,False,1262,0.0452640056610107,{'reconciliation_state': 17},False,,key1_asymptotic_reconciliation_0.5,16,reconciliation,0.5,asymptotic,1,0.0158311345646438,True
0.0,0.0,0.5,0.0,0.0041067761806981,2608,34,False,False,1255,0.0448813438415527,{'reconciliation_state': 14},False,,key1_asymptotic_reconciliation_0.5,17,reconciliation,0.5,asymptotic,1,0.0158311345646438,True
0.0,0.0,0.5,0.0,0.0044001173364623,2608,34,False,False,1333,0.0519518852233886,{'reconciliation_state': 15},False,,key1_asymptotic_reconciliation_0.5,18,reconciliation,0.5,asymptotic,1,0.0158311345646438,True
0.0,0.0,0.5,0.0,0.0061601642710472,2608,34,False,False,1322,0.0472488403320312,{'reconciliation_state': 21},False,,key1_asymptotic_reconciliation_0.5,19,reconciliation,0.5,asymptotic,1,0.0158311345646438,True
0.0,0.0,0.3,0.0,0.0038134350249339,2608,34,False,False,1336,0.0463354587554931,{'reconciliation_state': 13},False,,key1_asymptotic_reconciliation_0.3,0,reconciliation,0.3,asymptotic,1,0.0158311345646438,True
0.0,0.0,0.3,0.0,0.0023467292461132,2608,34,False,False,1275,0.0431118011474609,{'reconciliation_state': 8},False,,key1_asymptotic_reconciliation_0.3,1,reconciliation,0.3,asymptotic,1,0.0158311345646438,True
0.0,0.0,0.3,0.0,0.0029334115576415,2608,34,False,False,1337,0.046170949935913,{'reconciliation_state': 10},False,,key1_asymptotic_reconciliation_0.3,2,reconciliation,0.3,asymptotic,1,0.0158311345646438,True
0.0,0.0,0.3,0.0,0.002053388090349,2608,34,False,False,1294,0.0434274673461914,{'reconciliation_state': 7},False,,key1_asymptotic_reconciliation_0.3,3,reconciliation,0.3,asymptotic,1,0.0158311345646438,True
0.0,0.0,0.3,0.0,0.0026400704018773,2608,34,False,False,1323,0.0451140403747558,{'reconciliation_state': 9},False,,key1_asymptotic_reconciliation_0.3,4,reconciliation,0.3,asymptotic,1,0.0158311345646438,True
0.0,0.0,0.3,0.0,0.0032267527134056,2608,34,False,False,1310,0.0451133251190185,{'reconciliation_state': 11},False,,key1_asymptotic_reconciliation_0.3,5,reconciliation,0.3,asymptotic,1,0.0158311345646438,True
0.0,0.0,0.3,0.0,0.0029334115576415,2608,34,False,False,1301,0.0451412200927734,{'reconciliation_state': 10},False,,key1_asymptotic_reconciliation_0.3,6,reconciliation,0.3,asymptotic,1,0.0158311345646438,True
0.0,0.0,0.3,0.0,0.0029334115576415,2608,34,False,False,1335,0.0409915447235107,{'reconciliation_state': 10},False,,key1_asymptotic_reconciliation_0.3,7,reconciliation,0.3,asymptotic,1,0.0158311345646438,True
0.0,0.0,0.3,0.0,0.0029334115576415,2608,34,False,False,1297,0.0406885147094726,{'reconciliation_state': 10},False,,key1_asymptotic_reconciliation_0.3,8,reconciliation,0.3,asymptotic,1,0.0158311345646438,True
0.0,0.0,0.3,0.0,0.0023467292461132,2608,34,False,False,1299,0.0467321872711181,{'reconciliation_state': 8},False,,key1_asymptotic_reconciliation_0.3,9,reconciliation,0.3,asymptotic,1,0.0158311345646438,True
0.0,0.0,0.3,0.0,0.0046934584922264,2608,34,False,False,1314,0.0445446968078613,{'reconciliation_state': 13},False,,key1_asymptotic_reconciliation_0.3,10,reconciliation,0.3,asymptotic,1,0.0158311345646438,True
0.0,0.0,0.3,0.0,0.0023467292461132,2608,34,False,False,1339,0.0467579364776611,{'reconciliation_state': 8},False,,key1_asymptotic_reconciliation_0.3,11,reconciliation,0.3,asymptotic,1,0.0158311345646438,True
0.0,0.0,0.3,0.0,0.0026400704018773,2608,34,False,False,1335,0.0429041385650634,{'reconciliation_state': 9},False,,key1_asymptotic_reconciliation_0.3,12,reconciliation,0.3,asymptotic,1,0.0158311345646438,True
0.0,0.0,0.3,0.0,0.0023467292461132,2608,34,False,False,1280,0.0427131652832031,{'reconciliation_state': 8},False,,key1_asymptotic_reconciliation_0.3,13,reconciliation,0.3,asymptotic,1,0.0158311345646438,True
0.0,0.0,0.3,0.0,0.0041067761806981,2608,34,False,False,1295,0.0479438304901123,{'reconciliation_state': 14},False,,key1_asymptotic_reconciliation_0.3,14,reconciliation,0.3,asymptotic,1,0.0158311345646438,True
0.0,0.0,0.3,0.0,0.0046934584922264,2608,34,False,False,1312,0.0428862571716308,{'reconciliation_state': 15},False,,key1_asymptotic_reconciliation_0.3,15,reconciliation,0.3,asymptotic,1,0.0158311345646438,True
0.0,0.0,0.3,0.0,0.0035200938691698,2608,34,False,False,1301,0.0443277359008789,{'reconciliation_state': 12},False,,key1_asymptotic_reconciliation_0.3,16,reconciliation,0.3,asymptotic,1,0.0158311345646438,True
0.0,0.0,0.3,0.0,0.0032267527134056,2608,34,False,False,1279,0.0445976257324218,{'reconciliation_state': 11},False,,key1_asymptotic_reconciliation_0.3,17,reconciliation,0.3,asymptotic,1,0.0158311345646438,True
0.0,0.0,0.3,0.0,0.0026400704018773,2608,34,False,False,1277,0.0437054634094238,{'reconciliation_state': 9},False,,key1_asymptotic_reconciliation_0.3,18,reconciliation,0.3,asymptotic,1,0.0158311345646438,True
0.0,0.0,0.3,0.0,0.0026400704018773,2608,34,False,False,1316,0.0426909923553466,{'reconciliation_state': 9},False,,key1_asymptotic_reconciliation_0.3,19,reconciliation,0.3,asymptotic,1,0.0158311345646438,True
0.0,0.0,0.1,0.0,0.0005866823115283,2608,34,False,False,1299,0.0387723445892334,{'reconciliation_state': 2},False,,key1_asymptotic_reconciliation_0.1,0,reconciliation,0.1,asymptotic,1,0.0158311345646438,True
0.0,0.0,0.1,0.0,0.0008800234672924,2608,34,False,False,1316,0.0416474342346191,{'reconciliation_state': 3},False,,key1_asymptotic_reconciliation_0.1,1,reconciliation,0.1,asymptotic,1,0.0158311345646438,True
0.0,0.0,0.1,0.0,0.0017600469345849,2608,34,False,False,1314,0.0290589332580566,{'reconciliation_state': 6},False,,key1_asymptotic_reconciliation_0.1,2,reconciliation,0.1,asymptotic,1,0.0158311345646438,True
0.0,0.0,0.1,0.0,0.0002933411557641,2608,34,False,False,1328,0.0194463729858398,{'reconciliation_state': 1},False,,key1_asymptotic_reconciliation_0.1,3,reconciliation,0.1,asymptotic,1,0.0158311345646438,True
0.0,0.0,0.1,0.0,0.0008800234672924,2608,34,False,False,1283,0.0206947326660156,{'reconciliation_state': 3},False,,key1_asymptotic_reconciliation_0.1,4,reconciliation,0.1,asymptotic,1,0.0158311345646438,True
0.0,0.0,0.1,0.0,0.0017600469345849,2608,34,False,False,1307,0.024937629699707,{'reconciliation_state': 6},False,,key1_asymptotic_reconciliation_0.1,5,reconciliation,0.1,asymptotic,1,0.0158311345646438,True
0.0,0.0,0.1,0.0,0.0008800234672924,2608,34,False,False,1381,0.0214269161224365,{'reconciliation_state': 3},False,,key1_asymptotic_reconciliation_0.1,6,reconciliation,0.1,asymptotic,1,0.0158311345646438,True
0.0,0.0,0.1,0.0,0.0008800234672924,2608,34,False,False,1273,0.0204935073852539,{'reconciliation_state': 3},False,,key1_asymptotic_reconciliation_0.1,7,reconciliation,0.1,asymptotic,1,0.0158311345646438,True
0.0,0.0,0.1,0.0,0.0014667057788207,2608,34,False,False,1283,0.0222845077514648,{'reconciliation_state': 5},False,,key1_asymptotic_reconciliation_0.1,8,reconciliation,0.1,asymptotic,1,0.0158311345646438,True
0.0,0.0,0.1,0.0,0.0011733646230566,2608,34,False,False,1322,0.0222928524017334,{'reconciliation_state': 4},False,,key1_asymptotic_reconciliation_0.1,9,reconciliation,0.1,asymptotic,1,0.0158311345646438,True
0.0,0.0,0.1,0.0,0.0017600469345849,2608,34,False,False,1372,0.0221738815307617,{'reconciliation_state': 6},False,,key1_asymptotic_reconciliation_0.1,10,reconciliation,0.1,asymptotic,1,0.0158311345646438,True
0.0,0.0,0.1,0.0,0.0014667057788207,2608,34,False,False,1293,0.0268802642822265,{'reconciliation_state': 5},False,,key1_asymptotic_reconciliation_0.1,11,reconciliation,0.1,asymptotic,1,0.0158311345646438,True
0.0,0.0,0.1,0.0,0.0011733646230566,2608,34,False,False,1316,0.0234348773956298,{'reconciliation_state': 4},False,,key1_asymptotic_reconciliation_0.1,12,reconciliation,0.1,asymptotic,1,0.0158311345646438,True
0.0,0.0,0.1,0.0,0.0005866823115283,2608,34,False,False,1300,0.0217852592468261,{'reconciliation_state': 2},False,,key1_asymptotic_reconciliation_0.1,13,reconciliation,0.1,asymptotic,1,0.0158311345646438,True
0.0,0.0,0.1,0.0,0.0008800234672924,2608,34,False,False,1355,0.0302848815917968,{'reconciliation_state': 3},False,,key1_asymptotic_reconciliation_0.1,14,reconciliation,0.1,asymptotic,1,0.0158311345646438,True
0.0,0.0,0.1,0.0,0.0008800234672924,2608,34,False,False,1297,0.0473058223724365,{'reconciliation_state': 3},False,,key1_asymptotic_reconciliation_0.1,15,reconciliation,0.1,asymptotic,1,0.0158311345646438,True
0.0,0.0,0.1,0.0,0.0017600469345849,2608,34,False,False,1264,0.0314564704895019,{'reconciliation_state': 6},False,,key1_asymptotic_reconciliation_0.1,16,reconciliation,0.1,asymptotic,1,0.0158311345646438,True
0.0,0.0,0.1,0.0,0.0011733646230566,2608,34,False,False,1323,0.0234847068786621,{'reconciliation_state': 4},False,,key1_asymptotic_reconciliation_0.1,17,reconciliation,0.1,asymptotic,1,0.0158311345646438,True
0.0,0.0,0.1,0.0,0.0005866823115283,2608,34,False,False,1339,0.0209853649139404,{'reconciliation_state': 2},False,,key1_asymptotic_reconciliation_0.1,18,reconciliation,0.1,asymptotic,1,0.0158311345646438,True
0.0,0.0,0.1,0.0,0.0005866823115283,2608,34,False,False,1330,0.0205485820770263,{'reconciliation_state': 2},False,,key1_asymptotic_reconciliation_0.1,19,reconciliation,0.1,asymptotic,1,0.0158311345646438,True
0.0,0.0,0.05,0.0,0.0002933411557641,2608,34,False,False,1305,0.0222156047821044,{'reconciliation_state': 1},False,,key1_asymptotic_reconciliation_0.05,0,reconciliation,0.05,asymptotic,1,0.0158311345646438,True
0.0,0.0,0.05,0.0,0.0005866823115283,2608,34,False,False,1310,0.0213716030120849,{'reconciliation_state': 2},False,,key1_asymptotic_reconciliation_0.05,1,reconciliation,0.05,asymptotic,1,0.0158311345646438,True
0.0,0.0,0.05,0.0,0.0002933411557641,2608,34,False,False,1300,0.0220365524291992,{'reconciliation_state': 1},False,,key1_asymptotic_reconciliation_0.05,2,reconciliation,0.05,asymptotic,1,0.0158311345646438,True
0.0,0.0,0.05,0.0,0.0,2608,34,True,True,0,0.0202386379241943,{},False,,key1_asymptotic_reconciliation_0.05,3,reconciliation,0.05,asymptotic,1,0.0158311345646438,False
0.0,0.0,0.05,0.0,0.0002933411557641,2608,34,False,False,1284,0.0200765132904052,{'reconciliation_state': 1},False,,key1_asymptotic_reconciliation_0.05,4,reconciliation,0.05,asymptotic,1,0.0158311345646438,True
0.0,0.0,0.05,0.0,0.0011733646230566,2608,34,False,False,1293,0.023881196975708,{'reconciliation_state': 4},False,,key1_asymptotic_reconciliation_0.05,5,reconciliation,0.05,asymptotic,1,0.0158311345646438,True
0.0,0.0,0.05,0.0,0.0002933411557641,2608,34,False,False,1363,0.0204071998596191,{'reconciliation_state': 1},False,,key1_asymptotic_reconciliation_0.05,6,reconciliation,0.05,asymptotic,1,0.0158311345646438,True
0.0,0.0,0.05,0.0,0.0,2608,34,True,True,0,0.0192294120788574,{},False,,key1_asymptotic_reconciliation_0.05,7,reconciliation,0.05,asymptotic,1,0.0158311345646438,False
0.0,0.0,0.05,0.0,0.0005866823115283,2608,34,False,False,1282,0.0213189125061035,{'reconciliation_state': 2},False,,key1_asymptotic_reconciliation_0.05,8,reconciliation,0.05,asymptotic,1,0.0158311345646438,True
0.0,0.0,0.05,0.0,0.0005866823115283,2608,34,False,False,1285,0.0212466716766357,{'reconciliation_state': 2},False,,key1_asymptotic_reconciliation_0.05,9,reconciliation,0.05,asymptotic,1,0.0158311345646438,True
0.0,0.0,0.05,0.0,0.0008800234672924,2608,34,False,False,1301,0.0220899581909179,{'reconciliation_state': 3},False,,key1_asymptotic_reconciliation_0.05,10,reconciliation,0.05,asymptotic,1,0.0158311345646438,True
0.0,0.0,0.05,0.0,0.0005866823115283,2608,34,False,False,1326,0.021378755569458,{'reconciliation_state': 2},False,,key1_asymptotic_reconciliation_0.05,11,reconciliation,0.05,asymptotic,1,0.0158311345646438,True
0.0,0.0,0.05,0.0,0.0005866823115283,2608,34,False,False,1365,0.0229997634887695,{'reconciliation_state': 2},False,,key1_asymptotic_reconciliation_0.05,12,reconciliation,0.05,asymptotic,1,0.0158311345646438,True
0.0,0.0,0.05,0.0,0.0,2608,34,True,True,0,0.0196874141693115,{},False,,key1_asymptotic_reconciliation_0.05,13,reconciliation,0.05,asymptotic,1,0.0158311345646438,False
0.0,0.0,0.05,0.0,0.0005866823115283,2608,34,False,False,1347,0.020705223083496,{'reconciliation_state': 2},False,,key1_asymptotic_reconciliation_0.05,14,reconciliation,0.05,asymptotic,1,0.0158311345646438,True
0.0,0.0,0.05,0.0,0.0005866823115283,2608,34,False,False,1303,0.02034592628479,{'reconciliation_state': 2},False,,key1_asymptotic_reconciliation_0.05,15,reconciliation,0.05,asymptotic,1,0.0158311345646438,True
0.0,0.0,0.05,0.0,0.0008800234672924,2608,34,False,False,1314,0.0249626636505126,{'reconciliation_state': 3},False,,key1_asymptotic_reconciliation_0.05,16,reconciliation,0.05,asymptotic,1,0.0158311345646438,True
0.0,0.0,0.05,0.0,0.0008800234672924,2608,34,False,False,1292,0.036036729812622,{'reconciliation_state': 3},False,,key1_asymptotic_reconciliation_0.05,17,reconciliation,0.05,asymptotic,1,0.0158311345646438,True
0.0,0.0,0.05,0.0,0.0005866823115283,2608,34,False,False,1291,0.0359480381011962,{'reconciliation_state': 2},False,,key1_asymptotic_reconciliation_0.05,18,reconciliation,0.05,asymptotic,1,0.0158311345646438,True
0.0,0.0,0.05,0.0,0.0002933411557641,2608,34,False,False,1258,0.0362155437469482,{'reconciliation_state': 1},False,,key1_asymptotic_reconciliation_0.05,19,reconciliation,0.05,asymptotic,1,0.0158311345646438,True
0.0,0.0,0.03,0.0,0.0002933411557641,2608,34,False,False,1276,0.0251722335815429,{'reconciliation_state': 1},False,,key1_asymptotic_reconciliation_0.03,0,reconciliation,0.03,asymptotic,1,0.0158311345646438,True
0.0,0.0,0.03,0.0,0.0,2608,34,True,True,0,0.0205235481262207,{},False,,key1_asymptotic_reconciliation_0.03,1,reconciliation,0.03,asymptotic,1,0.0158311345646438,False
0.0,0.0,0.03,0.0,0.0002933411557641,2608,34,False,False,1314,0.0203490257263183,{'reconciliation_state': 1},False,,key1_asymptotic_reconciliation_0.03,2,reconciliation,0.03,asymptotic,1,0.0158311345646438,True
0.0,0.0,0.03,0.0,0.0,2608,34,True,True,0,0.0203175544738769,{},False,,key1_asymptotic_reconciliation_0.03,3,reconciliation,0.03,asymptotic,1,0.0158311345646438,False
0.0,0.0,0.03,0.0,0.0002933411557641,2608,34,False,False,1303,0.019097089767456,{'reconciliation_state': 1},False,,key1_asymptotic_reconciliation_0.03,4,reconciliation,0.03,asymptotic,1,0.0158311345646438,True
0.0,0.0,0.03,0.0,0.0005866823115283,2608,34,False,False,1332,0.0219724178314209,{'reconciliation_state': 2},False,,key1_asymptotic_reconciliation_0.03,5,reconciliation,0.03,asymptotic,1,0.0158311345646438,True
0.0,0.0,0.03,0.0,0.0002933411557641,2608,34,False,False,1299,0.0202579498291015,{'reconciliation_state': 1},False,,key1_asymptotic_reconciliation_0.03,6,reconciliation,0.03,asymptotic,1,0.0158311345646438,True
0.0,0.0,0.03,0.0,0.0,2608,34,True,True,0,0.021378755569458,{},False,,key1_asymptotic_reconciliation_0.03,7,reconciliation,0.03,asymptotic,1,0.0158311345646438,False
0.0,0.0,0.03,0.0,0.0005866823115283,2608,34,False,False,1253,0.0264334678649902,{'reconciliation_state': 2},False,,key1_asymptotic_reconciliation_0.03,8,reconciliation,0.03,asymptotic,1,0.0158311345646438,True
0.0,0.0,0.03,0.0,0.0005866823115283,2608,34,False,False,1342,0.0466117858886718,{'reconciliation_state': 2},False,,key1_asymptotic_reconciliation_0.03,9,reconciliation,0.03,asymptotic,1,0.0158311345646438,True
0.0,0.0,0.03,0.0,0.0002933411557641,2608,34,False,False,1353,0.03291916847229,{'reconciliation_state': 1},False,,key1_asymptotic_reconciliation_0.03,10,reconciliation,0.03,asymptotic,1,0.0158311345646438,True
0.0,0.0,0.03,0.0,0.0002933411557641,2608,34,False,False,1327,0.021569013595581,{'reconciliation_state': 1},False,,key1_asymptotic_reconciliation_0.03,11,reconciliation,0.03,asymptotic,1,0.0158311345646438,True
0.0,0.0,0.03,0.0,0.0002933411557641,2608,34,False,False,1274,0.0192193984985351,{'reconciliation_state': 1},False,,key1_asymptotic_reconciliation_0.03,12,reconciliation,0.03,asymptotic,1,0.0158311345646438,True
0.0,0.0,0.03,0.0,0.0,2608,34,True,True,0,0.021803855895996,{},False,,key1_asymptotic_reconciliation_0.03,13,reconciliation,0.03,asymptotic,1,0.0158311345646438,False
0.0,0.0,0.03,0.0,0.0002933411557641,2608,34,False,False,1300,0.022043228149414,{'reconciliation_state': 1},False,,key1_asymptotic_reconciliation_0.03,14,reconciliation,0.03,asymptotic,1,0.0158311345646438,True
0.0,0.0,0.03,0.0,0.0005866823115283,2608,34,False,False,1312,0.0278980731964111,{'reconciliation_state': 2},False,,key1_asymptotic_reconciliation_0.03,15,reconciliation,0.03,asymptotic,1,0.0158311345646438,True
0.0,0.0,0.03,0.0,0.0008800234672924,2608,34,False,False,1287,0.0242900848388671,{'reconciliation_state': 3},False,,key1_asymptotic_reconciliation_0.03,16,reconciliation,0.03,asymptotic,1,0.0158311345646438,True
0.0,0.0,0.03,0.0,0.0008800234672924,2608,34,False,False,1316,0.0261871814727783,{'reconciliation_state': 3},False,,key1_asymptotic_reconciliation_0.03,17,reconciliation,0.03,asymptotic,1,0.0158311345646438,True
0.0,0.0,0.03,0.0,0.0005866823115283,2608,34,False,False,1317,0.0364634990692138,{'reconciliation_state': 2},False,,key1_asymptotic_reconciliation_0.03,18,reconciliation,0.03,asymptotic,1,0.0158311345646438,True
0.0,0.0,0.03,0.0,0.0002933411557641,2608,34,False,False,1251,0.0299248695373535,{'reconciliation_state': 1},False,,key1_asymptotic_reconciliation_0.03,19,reconciliation,0.03,asymptotic,1,0.0158311345646438,True
0.0,0.0,0.01,0.0,0.0,2608,34,True,True,0,0.018805980682373,{},False,,key1_asymptotic_reconciliation_0.01,0,reconciliation,0.01,asymptotic,1,0.0158311345646438,False
0.0,0.0,0.01,0.0,0.0,2608,34,True,True,0,0.0192949771881103,{},False,,key1_asymptotic_reconciliation_0.01,1,reconciliation,0.01,asymptotic,1,0.0158311345646438,False
0.0,0.0,0.01,0.0,0.0002933411557641,2608,34,False,False,1328,0.0203282833099365,{'reconciliation_state': 1},False,,key1_asymptotic_reconciliation_0.01,2,reconciliation,0.01,asymptotic,1,0.0158311345646438,True
0.0,0.0,0.01,0.0,0.0,2608,34,True,True,0,0.018836498260498,{},False,,key1_asymptotic_reconciliation_0.01,3,reconciliation,0.01,asymptotic,1,0.0158311345646438,False
0.0,0.0,0.01,0.0,0.0,2608,34,True,True,0,0.0188853740692138,{},False,,key1_asymptotic_reconciliation_0.01,4,reconciliation,0.01,asymptotic,1,0.0158311345646438,False
0.0,0.0,0.01,0.0,0.0,2608,34,True,True,0,0.0199904441833496,{},False,,key1_asymptotic_reconciliation_0.01,5,reconciliation,0.01,asymptotic,1,0.0158311345646438,False
0.0,0.0,0.01,0.0,0.0,2608,34,True,True,0,0.0196247100830078,{},False,,key1_asymptotic_reconciliation_0.01,6,reconciliation,0.01,asymptotic,1,0.0158311345646438,False
0.0,0.0,0.01,0.0,0.0,2608,34,True,True,0,0.0188262462615966,{},False,,key1_asymptotic_reconciliation_0.01,7,reconciliation,0.01,asymptotic,1,0.0158311345646438,False
0.0,0.0,0.01,0.0,0.0002933411557641,2608,34,False,False,1285,0.0216431617736816,{'reconciliation_state': 1},False,,key1_asymptotic_reconciliation_0.01,8,reconciliation,0.01,asymptotic,1,0.0158311345646438,True
0.0,0.0,0.01,0.0,0.0,2608,34,True,True,0,0.0245020389556884,{},False,,key1_asymptotic_reconciliation_0.01,9,reconciliation,0.01,asymptotic,1,0.0158311345646438,False
0.0,0.0,0.01,0.0,0.0,2608,34,True,True,0,0.0198197364807128,{},False,,key1_asymptotic_reconciliation_0.01,10,reconciliation,0.01,asymptotic,1,0.0158311345646438,False
0.0,0.0,0.01,0.0,0.0,2608,34,True,True,0,0.0201623439788818,{},False,,key1_asymptotic_reconciliation_0.01,11,reconciliation,0.01,asymptotic,1,0.0158311345646438,False
0.0,0.0,0.01,0.0,0.0,2608,34,True,True,0,0.0188522338867187,{},False,,key1_asymptotic_reconciliation_0.01,12,reconciliation,0.01,asymptotic,1,0.0158311345646438,False
0.0,0.0,0.01,0.0,0.0,2608,34,True,True,0,0.0193076133728027,{},False,,key1_asymptotic_reconciliation_0.01,13,reconciliation,0.01,asymptotic,1,0.0158311345646438,False
0.0,0.0,0.01,0.0,0.0002933411557641,2608,34,False,False,1283,0.0200698375701904,{'reconciliation_state': 1},False,,key1_asymptotic_reconciliation_0.01,14,reconciliation,0.01,asymptotic,1,0.0158311345646438,True
0.0,0.0,0.01,0.0,0.0002933411557641,2608,34,False,False,1297,0.019305944442749,{'reconciliation_state': 1},False,,key1_asymptotic_reconciliation_0.01,15,reconciliation,0.01,asymptotic,1,0.0158311345646438,True
0.0,0.0,0.01,0.0,0.0002933411557641,2608,34,False,False,1282,0.0195498466491699,{'reconciliation_state': 1},False,,key1_asymptotic_reconciliation_0.01,16,reconciliation,0.01,asymptotic,1,0.0158311345646438,True
0.0,0.0,0.01,0.0,0.0,2608,34,True,True,0,0.0192546844482421,{},False,,key1_asymptotic_reconciliation_0.01,17,reconciliation,0.01,asymptotic,1,0.0158311345646438,False
0.0,0.0,0.01,0.0,0.0,2608,34,True,True,0,0.0225231647491455,{},False,,key1_asymptotic_reconciliation_0.01,18,reconciliation,0.01,asymptotic,1,0.0158311345646438,False
0.0,0.0,0.01,0.0,0.0,2608,34,True,True,0,0.0196030139923095,{},False,,key1_asymptotic_reconciliation_0.01,19,reconciliation,0.01,asymptotic,1,0.0158311345646438,False
0.0,0.0,0.003,0.0,0.0,2608,34,True,True,0,0.0189995765686035,{},False,,key1_asymptotic_reconciliation_0.003,0,reconciliation,0.003,asymptotic,1,0.0158311345646438,False
0.0,0.0,0.003,0.0,0.0,2608,34,True,True,0,0.0191936492919921,{},False,,key1_asymptotic_reconciliation_0.003,1,reconciliation,0.003,asymptotic,1,0.0158311345646438,False
0.0,0.0,0.003,0.0,0.0,2608,34,True,True,0,0.019777774810791,{},False,,key1_asymptotic_reconciliation_0.003,2,reconciliation,0.003,asymptotic,1,0.0158311345646438,False
0.0,0.0,0.003,0.0,0.0,2608,34,True,True,0,0.0200355052947998,{},False,,key1_asymptotic_reconciliation_0.003,3,reconciliation,0.003,asymptotic,1,0.0158311345646438,False
0.0,0.0,0.003,0.0,0.0,2608,34,True,True,0,0.0191748142242431,{},False,,key1_asymptotic_reconciliation_0.003,4,reconciliation,0.003,asymptotic,1,0.0158311345646438,False
0.0,0.0,0.003,0.0,0.0,2608,34,True,True,0,0.0193622112274169,{},False,,key1_asymptotic_reconciliation_0.003,5,reconciliation,0.003,asymptotic,1,0.0158311345646438,False
0.0,0.0,0.003,0.0,0.0,2608,34,True,True,0,0.0208032131195068,{},False,,key1_asymptotic_reconciliation_0.003,6,reconciliation,0.003,asymptotic,1,0.0158311345646438,False
0.0,0.0,0.003,0.0,0.0,2608,34,True,True,0,0.0195190906524658,{},False,,key1_asymptotic_reconciliation_0.003,7,reconciliation,0.003,asymptotic,1,0.0158311345646438,False
0.0,0.0,0.003,0.0,0.0,2608,34,True,True,0,0.0197992324829101,{},False,,key1_asymptotic_reconciliation_0.003,8,reconciliation,0.003,asymptotic,1,0.0158311345646438,False
0.0,0.0,0.003,0.0,0.0,2608,34,True,True,0,0.0216550827026367,{},False,,key1_asymptotic_reconciliation_0.003,9,reconciliation,0.003,asymptotic,1,0.0158311345646438,False
0.0,0.0,0.003,0.0,0.0,2608,34,True,True,0,0.0204761028289794,{},False,,key1_asymptotic_reconciliation_0.003,10,reconciliation,0.003,asymptotic,1,0.0158311345646438,False
0.0,0.0,0.003,0.0,0.0,2608,34,True,True,0,0.0199201107025146,{},False,,key1_asymptotic_reconciliation_0.003,11,reconciliation,0.003,asymptotic,1,0.0158311345646438,False
0.0,0.0,0.003,0.0,0.0,2608,34,True,True,0,0.0192396640777587,{},False,,key1_asymptotic_reconciliation_0.003,12,reconciliation,0.003,asymptotic,1,0.0158311345646438,False
0.0,0.0,0.003,0.0,0.0,2608,34,True,True,0,0.0208089351654052,{},False,,key1_asymptotic_reconciliation_0.003,13,reconciliation,0.003,asymptotic,1,0.0158311345646438,False
0.0,0.0,0.003,0.0,0.0,2608,34,True,True,0,0.0202655792236328,{},False,,key1_asymptotic_reconciliation_0.003,14,reconciliation,0.003,asymptotic,1,0.0158311345646438,False
0.0,0.0,0.003,0.0,0.0,2608,34,True,True,0,0.0193512439727783,{},False,,key1_asymptotic_reconciliation_0.003,15,reconciliation,0.003,asymptotic,1,0.0158311345646438,False
0.0,0.0,0.003,0.0,0.0002933411557641,2608,34,False,False,1315,0.0210139751434326,{'reconciliation_state': 1},False,,key1_asymptotic_reconciliation_0.003,16,reconciliation,0.003,asymptotic,1,0.0158311345646438,True
0.0,0.0,0.003,0.0,0.0,2608,34,True,True,0,0.0191638469696044,{},False,,key1_asymptotic_reconciliation_0.003,17,reconciliation,0.003,asymptotic,1,0.0158311345646438,False
0.0,0.0,0.003,0.0,0.0,2608,34,True,True,0,0.0199682712554931,{},False,,key1_asymptotic_reconciliation_0.003,18,reconciliation,0.003,asymptotic,1,0.0158311345646438,False
0.0,0.0,0.003,0.0,0.0,2608,34,True,True,0,0.0192534923553466,{},False,,key1_asymptotic_reconciliation_0.003,19,reconciliation,0.003,asymptotic,1,0.0158311345646438,False
0.0,0.0,0.001,0.0,0.0,2608,34,True,True,0,0.0199131965637207,{},False,,key1_asymptotic_reconciliation_0.001,0,reconciliation,0.001,asymptotic,1,0.0158311345646438,False
0.0,0.0,0.001,0.0,0.0,2608,34,True,True,0,0.0222787857055664,{},False,,key1_asymptotic_reconciliation_0.001,1,reconciliation,0.001,asymptotic,1,0.0158311345646438,False
0.0,0.0,0.001,0.0,0.0,2608,34,True,True,0,0.0259716510772705,{},False,,key1_asymptotic_reconciliation_0.001,2,reconciliation,0.001,asymptotic,1,0.0158311345646438,False
0.0,0.0,0.001,0.0,0.0,2608,34,True,True,0,0.0209429264068603,{},False,,key1_asymptotic_reconciliation_0.001,3,reconciliation,0.001,asymptotic,1,0.0158311345646438,False
0.0,0.0,0.001,0.0,0.0,2608,34,True,True,0,0.0192587375640869,{},False,,key1_asymptotic_reconciliation_0.001,4,reconciliation,0.001,asymptotic,1,0.0158311345646438,False
0.0,0.0,0.001,0.0,0.0,2608,34,True,True,0,0.0272092819213867,{},False,,key1_asymptotic_reconciliation_0.001,5,reconciliation,0.001,asymptotic,1,0.0158311345646438,False
0.0,0.0,0.001,0.0,0.0,2608,34,True,True,0,0.0234577655792236,{},False,,key1_asymptotic_reconciliation_0.001,6,reconciliation,0.001,asymptotic,1,0.0158311345646438,False
0.0,0.0,0.001,0.0,0.0,2608,34,True,True,0,0.0190181732177734,{},False,,key1_asymptotic_reconciliation_0.001,7,reconciliation,0.001,asymptotic,1,0.0158311345646438,False
0.0,0.0,0.001,0.0,0.0,2608,34,True,True,0,0.0249772071838378,{},False,,key1_asymptotic_reconciliation_0.001,8,reconciliation,0.001,asymptotic,1,0.0158311345646438,False
0.0,0.0,0.001,0.0,0.0,2608,34,True,True,0,0.021122932434082,{},False,,key1_asymptotic_reconciliation_0.001,9,reconciliation,0.001,asymptotic,1,0.0158311345646438,False
0.0,0.0,0.001,0.0,0.0,2608,34,True,True,0,0.0210151672363281,{},False,,key1_asymptotic_reconciliation_0.001,10,reconciliation,0.001,asymptotic,1,0.0158311345646438,False
0.0,0.0,0.001,0.0,0.0,2608,34,True,True,0,0.0192766189575195,{},False,,key1_asymptotic_reconciliation_0.001,11,reconciliation,0.001,asymptotic,1,0.0158311345646438,False
0.0,0.0,0.001,0.0,0.0,2608,34,True,True,0,0.0195453166961669,{},False,,key1_asymptotic_reconciliation_0.001,12,reconciliation,0.001,asymptotic,1,0.0158311345646438,False
0.0,0.0,0.001,0.0,0.0,2608,34,True,True,0,0.0195076465606689,{},False,,key1_asymptotic_reconciliation_0.001,13,reconciliation,0.001,asymptotic,1,0.0158311345646438,False
0.0,0.0,0.001,0.0,0.0,2608,34,True,True,0,0.0212578773498535,{},False,,key1_asymptotic_reconciliation_0.001,14,reconciliation,0.001,asymptotic,1,0.0158311345646438,False
0.0,0.0,0.001,0.0,0.0,2608,34,True,True,0,0.0190932750701904,{},False,,key1_asymptotic_reconciliation_0.001,15,reconciliation,0.001,asymptotic,1,0.0158311345646438,False
0.0,0.0,0.001,0.0,0.0,2608,34,True,True,0,0.0186340808868408,{},False,,key1_asymptotic_reconciliation_0.001,16,reconciliation,0.001,asymptotic,1,0.0158311345646438,False
0.0,0.0,0.001,0.0,0.0,2608,34,True,True,0,0.0193450450897216,{},False,,key1_asymptotic_reconciliation_0.001,17,reconciliation,0.001,asymptotic,1,0.0158311345646438,False
0.0,0.0,0.001,0.0,0.0,2608,34,True,True,0,0.020486831665039,{},False,,key1_asymptotic_reconciliation_0.001,18,reconciliation,0.001,asymptotic,1,0.0158311345646438,False
0.0,0.0,0.001,0.0,0.0,2608,34,True,True,0,0.0196051597595214,{},False,,key1_asymptotic_reconciliation_0.001,19,reconciliation,0.001,asymptotic,1,0.0158311345646438,False
0.5,0.0,0.0,0.0,0.0,1666,34,True,False,1,0.0215075016021728,{'toeplitz_matrix': 1},False,,key1_placeholder_toeplitz_0.5,0,toeplitz,0.5,placeholder,1,0.0158311345646438,True
0.5,0.0,0.0,0.0,0.0,1666,34,True,True,0,0.0198867321014404,{},False,,key1_placeholder_toeplitz_0.5,1,toeplitz,0.5,placeholder,1,0.0158311345646438,False
0.5,0.0,0.0,0.0,0.0,1666,34,True,True,0,0.0206682682037353,{},False,,key1_placeholder_toeplitz_0.5,2,toeplitz,0.5,placeholder,1,0.0158311345646438,False
0.5,0.0,0.0,0.0,0.0,1666,34,True,True,0,0.0230836868286132,{},False,,key1_placeholder_toeplitz_0.5,3,toeplitz,0.5,placeholder,1,0.0158311345646438,False
0.5,0.0,0.0,0.0,0.0,1666,34,True,True,0,0.0194041728973388,{},False,,key1_placeholder_toeplitz_0.5,4,toeplitz,0.5,placeholder,1,0.0158311345646438,False
0.5,0.0,0.0,0.0,0.0,1666,34,True,True,0,0.0212302207946777,{},False,,key1_placeholder_toeplitz_0.5,5,toeplitz,0.5,placeholder,1,0.0158311345646438,False
0.5,0.0,0.0,0.0,0.0,1666,34,True,False,1,0.0208940505981445,{'toeplitz_matrix': 1},False,,key1_placeholder_toeplitz_0.5,6,toeplitz,0.5,placeholder,1,0.0158311345646438,True
0.5,0.0,0.0,0.0,0.0,1666,34,True,False,1,0.0183651447296142,{'toeplitz_matrix': 1},False,,key1_placeholder_toeplitz_0.5,7,toeplitz,0.5,placeholder,1,0.0158311345646438,True
0.5,0.0,0.0,0.0,0.0,1666,34,True,True,0,0.0201001167297363,{},False,,key1_placeholder_toeplitz_0.5,8,toeplitz,0.5,placeholder,1,0.0158311345646438,False
0.5,0.0,0.0,0.0,0.0,1666,34,True,True,0,0.0191168785095214,{'toeplitz_matrix': 1},False,,key1_placeholder_toeplitz_0.5,9,toeplitz,0.5,placeholder,1,0.0158311345646438,False
0.5,0.0,0.0,0.0,0.0,1666,34,True,True,0,0.021470308303833,{'toeplitz_matrix': 1},False,,key1_placeholder_toeplitz_0.5,10,toeplitz,0.5,placeholder,1,0.0158311345646438,False
0.5,0.0,0.0,0.0,0.0,1666,34,True,True,0,0.0201544761657714,{},False,,key1_placeholder_toeplitz_0.5,11,toeplitz,0.5,placeholder,1,0.0158311345646438,False
0.5,0.0,0.0,0.0,0.0,1666,34,True,True,0,0.0188038349151611,{},False,,key1_placeholder_toeplitz_0.5,12,toeplitz,0.5,placeholder,1,0.0158311345646438,False
0.5,0.0,0.0,0.0,0.0,1666,34,True,True,0,0.0201528072357177,{},False,,key1_placeholder_toeplitz_0.5,13,toeplitz,0.5,placeholder,1,0.0158311345646438,False
0.5,0.0,0.0,0.0,0.0,1666,34,True,True,0,0.02134370803833,{},False,,key1_placeholder_toeplitz_0.5,14,toeplitz,0.5,placeholder,1,0.0158311345646438,False
0.5,0.0,0.0,0.0,0.0,1666,34,True,True,0,0.0191037654876709,{'toeplitz_matrix': 1},False,,key1_placeholder_toeplitz_0.5,15,toeplitz,0.5,placeholder,1,0.0158311345646438,False
0.5,0.0,0.0,0.0,0.0,1666,34,True,True,0,0.0188925266265869,{},False,,key1_placeholder_toeplitz_0.5,16,toeplitz,0.5,placeholder,1,0.0158311345646438,False
0.5,0.0,0.0,0.0,0.0,1666,34,True,True,0,0.0186169147491455,{},False,,key1_placeholder_toeplitz_0.5,17,toeplitz,0.5,placeholder,1,0.0158311345646438,False
0.5,0.0,0.0,0.0,0.0,1666,34,True,True,0,0.0216646194458007,{},False,,key1_placeholder_toeplitz_0.5,18,toeplitz,0.5,placeholder,1,0.0158311345646438,False
0.5,0.0,0.0,0.0,0.0,1666,34,True,True,0,0.0196378231048584,{'toeplitz_matrix': 1},False,,key1_placeholder_toeplitz_0.5,19,toeplitz,0.5,placeholder,1,0.0158311345646438,False
0.3,0.0,0.0,0.0,0.0,1666,34,True,False,1,0.0210354328155517,{'toeplitz_matrix': 1},False,,key1_placeholder_toeplitz_0.3,0,toeplitz,0.3,placeholder,1,0.0158311345646438,True
0.3,0.0,0.0,0.0,0.0,1666,34,True,True,0,0.028693675994873,{},False,,key1_placeholder_toeplitz_0.3,1,toeplitz,0.3,placeholder,1,0.0158311345646438,False
0.3,0.0,0.0,0.0,0.0,1666,34,True,True,0,0.020153522491455,{},False,,key1_placeholder_toeplitz_0.3,2,toeplitz,0.3,placeholder,1,0.0158311345646438,False
0.3,0.0,0.0,0.0,0.0,1666,34,True,True,0,0.0209457874298095,{},False,,key1_placeholder_toeplitz_0.3,3,toeplitz,0.3,placeholder,1,0.0158311345646438,False
0.3,0.0,0.0,0.0,0.0,1666,34,True,True,0,0.0198514461517334,{},False,,key1_placeholder_toeplitz_0.3,4,toeplitz,0.3,placeholder,1,0.0158311345646438,False
0.3,0.0,0.0,0.0,0.0,1666,34,True,True,0,0.0193562507629394,{},False,,key1_placeholder_toeplitz_0.3,5,toeplitz,0.3,placeholder,1,0.0158311345646438,False
0.3,0.0,0.0,0.0,0.0,1666,34,True,False,1,0.0197968482971191,{'toeplitz_matrix': 1},False,,key1_placeholder_toeplitz_0.3,6,toeplitz,0.3,placeholder,1,0.0158311345646438,True
0.3,0.0,0.0,0.0,0.0,1666,34,True,False,1,0.0186965465545654,{'toeplitz_matrix': 1},False,,key1_placeholder_toeplitz_0.3,7,toeplitz,0.3,placeholder,1,0.0158311345646438,True
0.3,0.0,0.0,0.0,0.0,1666,34,True,True,0,0.0197505950927734,{},False,,key1_placeholder_toeplitz_0.3,8,toeplitz,0.3,placeholder,1,0.0158311345646438,False
0.3,0.0,0.0,0.0,0.0,1666,34,True,True,0,0.0204019546508789,{'toeplitz_matrix': 1},False,,key1_placeholder_toeplitz_0.3,9,toeplitz,0.3,placeholder,1,0.0158311345646438,False
0.3,0.0,0.0,0.0,0.0,1666,34,True,True,0,0.0262839794158935,{'toeplitz_matrix': 1},False,,key1_placeholder_toeplitz_0.3,10,toeplitz,0.3,placeholder,1,0.0158311345646438,False
0.3,0.0,0.0,0.0,0.0,1666,34,True,True,0,0.0210664272308349,{},False,,key1_placeholder_toeplitz_0.3,11,toeplitz,0.3,placeholder,1,0.0158311345646438,False
0.3,0.0,0.0,0.0,0.0,1666,34,True,True,0,0.0196185111999511,{},False,,key1_placeholder_toeplitz_0.3,12,toeplitz,0.3,placeholder,1,0.0158311345646438,False
0.3,0.0,0.0,0.0,0.0,1666,34,True,True,0,0.0213103294372558,{},False,,key1_placeholder_toeplitz_0.3,13,toeplitz,0.3,placeholder,1,0.0158311345646438,False
0.3,0.0,0.0,0.0,0.0,1666,34,True,True,0,0.0228157043457031,{},False,,key1_placeholder_toeplitz_0.3,14,toeplitz,0.3,placeholder,1,0.0158311345646438,False
0.3,0.0,0.0,0.0,0.0,1666,34,True,True,0,0.0195100307464599,{'toeplitz_matrix': 1},False,,key1_placeholder_toeplitz_0.3,15,toeplitz,0.3,placeholder,1,0.0158311345646438,False
0.3,0.0,0.0,0.0,0.0,1666,34,True,True,0,0.0188863277435302,{},False,,key1_placeholder_toeplitz_0.3,16,toeplitz,0.3,placeholder,1,0.0158311345646438,False
0.3,0.0,0.0,0.0,0.0,1666,34,True,True,0,0.0189933776855468,{},False,,key1_placeholder_toeplitz_0.3,17,toeplitz,0.3,placeholder,1,0.0158311345646438,False
0.3,0.0,0.0,0.0,0.0,1666,34,True,True,0,0.0201315879821777,{},False,,key1_placeholder_toeplitz_0.3,18,toeplitz,0.3,placeholder,1,0.0158311345646438,False
0.3,0.0,0.0,0.0,0.0,1666,34,True,True,0,0.0186710357666015,{},False,,key1_placeholder_toeplitz_0.3,19,toeplitz,0.3,placeholder,1,0.0158311345646438,False
0.1,0.0,0.0,0.0,0.0,1666,34,True,True,0,0.0206665992736816,{},False,,key1_placeholder_toeplitz_0.1,0,toeplitz,0.1,placeholder,1,0.0158311345646438,False
0.1,0.0,0.0,0.0,0.0,1666,34,True,True,0,0.0190687179565429,{},False,,key1_placeholder_toeplitz_0.1,1,toeplitz,0.1,placeholder,1,0.0158311345646438,False
0.1,0.0,0.0,0.0,0.0,1666,34,True,True,0,0.0202114582061767,{},False,,key1_placeholder_toeplitz_0.1,2,toeplitz,0.1,placeholder,1,0.0158311345646438,False
0.1,0.0,0.0,0.0,0.0,1666,34,True,True,0,0.0192553997039794,{},False,,key1_placeholder_toeplitz_0.1,3,toeplitz,0.1,placeholder,1,0.0158311345646438,False
0.1,0.0,0.0,0.0,0.0,1666,34,True,True,0,0.0186719894409179,{},False,,key1_placeholder_toeplitz_0.1,4,toeplitz,0.1,placeholder,1,0.0158311345646438,False
0.1,0.0,0.0,0.0,0.0,1666,34,True,True,0,0.0204212665557861,{},False,,key1_placeholder_toeplitz_0.1,5,toeplitz,0.1,placeholder,1,0.0158311345646438,False
0.1,0.0,0.0,0.0,0.0,1666,34,True,False,1,0.0194952487945556,{'toeplitz_matrix': 1},False,,key1_placeholder_toeplitz_0.1,6,toeplitz,0.1,placeholder,1,0.0158311345646438,True
0.1,0.0,0.0,0.0,0.0,1666,34,True,False,1,0.0186536312103271,{'toeplitz_matrix': 1},False,,key1_placeholder_toeplitz_0.1,7,toeplitz,0.1,placeholder,1,0.0158311345646438,True
0.1,0.0,0.0,0.0,0.0,1666,34,True,True,0,0.0206532478332519,{},False,,key1_placeholder_toeplitz_0.1,8,toeplitz,0.1,placeholder,1,0.0158311345646438,False
0.1,0.0,0.0,0.0,0.0,1666,34,True,True,0,0.0195498466491699,{'toeplitz_matrix': 1},False,,key1_placeholder_toeplitz_0.1,9,toeplitz,0.1,placeholder,1,0.0158311345646438,False
0.1,0.0,0.0,0.0,0.0,1666,34,True,True,0,0.0201787948608398,{},False,,key1_placeholder_toeplitz_0.1,10,toeplitz,0.1,placeholder,1,0.0158311345646438,False
0.1,0.0,0.0,0.0,0.0,1666,34,True,True,0,0.0208833217620849,{},False,,key1_placeholder_toeplitz_0.1,11,toeplitz,0.1,placeholder,1,0.0158311345646438,False
0.1,0.0,0.0,0.0,0.0,1666,34,True,True,0,0.0194506645202636,{},False,,key1_placeholder_toeplitz_0.1,12,toeplitz,0.1,placeholder,1,0.0158311345646438,False
0.1,0.0,0.0,0.0,0.0,1666,34,True,True,0,0.0199801921844482,{},False,,key1_placeholder_toeplitz_0.1,13,toeplitz,0.1,placeholder,1,0.0158311345646438,False
0.1,0.0,0.0,0.0,0.0,1666,34,True,True,0,0.0200476646423339,{},False,,key1_placeholder_toeplitz_0.1,14,toeplitz,0.1,placeholder,1,0.0158311345646438,False
0.1,0.0,0.0,0.0,0.0,1666,34,True,True,0,0.0188016891479492,{},False,,key1_placeholder_toeplitz_0.1,15,toeplitz,0.1,placeholder,1,0.0158311345646438,False
0.1,0.0,0.0,0.0,0.0,1666,34,True,True,0,0.0186464786529541,{},False,,key1_placeholder_toeplitz_0.1,16,toeplitz,0.1,placeholder,1,0.0158311345646438,False
0.1,0.0,0.0,0.0,0.0,1666,34,True,True,0,0.0195207595825195,{},False,,key1_placeholder_toeplitz_0.1,17,toeplitz,0.1,placeholder,1,0.0158311345646438,False
0.1,0.0,0.0,0.0,0.0,1666,34,True,True,0,0.0203025341033935,{},False,,key1_placeholder_toeplitz_0.1,18,toeplitz,0.1,placeholder,1,0.0158311345646438,False
0.1,0.0,0.0,0.0,0.0,1666,34,True,True,0,0.0193269252777099,{},False,,key1_placeholder_toeplitz_0.1,19,toeplitz,0.1,placeholder,1,0.0158311345646438,False
0.05,0.0,0.0,0.0,0.0,1666,34,True,True,0,0.019202709197998,{},False,,key1_placeholder_toeplitz_0.05,0,toeplitz,0.05,placeholder,1,0.0158311345646438,False
0.05,0.0,0.0,0.0,0.0,1666,34,True,True,0,0.0202035903930664,{},False,,key1_placeholder_toeplitz_0.05,1,toeplitz,0.05,placeholder,1,0.0158311345646438,False
0.05,0.0,0.0,0.0,0.0,1666,34,True,True,0,0.0205152034759521,{},False,,key1_placeholder_toeplitz_0.05,2,toeplitz,0.05,placeholder,1,0.0158311345646438,False
0.05,0.0,0.0,0.0,0.0,1666,34,True,True,0,0.0206437110900878,{},False,,key1_placeholder_toeplitz_0.05,3,toeplitz,0.05,placeholder,1,0.0158311345646438,False
0.05,0.0,0.0,0.0,0.0,1666,34,True,True,0,0.0197682380676269,{},False,,key1_placeholder_toeplitz_0.05,4,toeplitz,0.05,placeholder,1,0.0158311345646438,False
0.05,0.0,0.0,0.0,0.0,1666,34,True,True,0,0.0195295810699462,{},False,,key1_placeholder_toeplitz_0.05,5,toeplitz,0.05,placeholder,1,0.0158311345646438,False
0.05,0.0,0.0,0.0,0.0,1666,34,True,False,1,0.0202152729034423,{'toeplitz_matrix': 1},False,,key1_placeholder_toeplitz_0.05,6,toeplitz,0.05,placeholder,1,0.0158311345646438,True
0.05,0.0,0.0,0.0,0.0,1666,34,True,False,1,0.0181949138641357,{'toeplitz_matrix': 1},False,,key1_placeholder_toeplitz_0.05,7,toeplitz,0.05,placeholder,1,0.0158311345646438,True
0.05,0.0,0.0,0.0,0.0,1666,34,True,True,0,0.0202693939208984,{},False,,key1_placeholder_toeplitz_0.05,8,toeplitz,0.05,placeholder,1,0.0158311345646438,False
0.05,0.0,0.0,0.0,0.0,1666,34,True,True,0,0.0198915004730224,{'toeplitz_matrix': 1},False,,key1_placeholder_toeplitz_0.05,9,toeplitz,0.05,placeholder,1,0.0158311345646438,False
0.05,0.0,0.0,0.0,0.0,1666,34,True,True,0,0.0193955898284912,{},False,,key1_placeholder_toeplitz_0.05,10,toeplitz,0.05,placeholder,1,0.0158311345646438,False
0.05,0.0,0.0,0.0,0.0,1666,34,True,True,0,0.0193681716918945,{},False,,key1_placeholder_toeplitz_0.05,11,toeplitz,0.05,placeholder,1,0.0158311345646438,False
0.05,0.0,0.0,0.0,0.0,1666,34,True,True,0,0.0185773372650146,{},False,,key1_placeholder_toeplitz_0.05,12,toeplitz,0.05,placeholder,1,0.0158311345646438,False
0.05,0.0,0.0,0.0,0.0,1666,34,True,True,0,0.0215895175933837,{},False,,key1_placeholder_toeplitz_0.05,13,toeplitz,0.05,placeholder,1,0.0158311345646438,False
0.05,0.0,0.0,0.0,0.0,1666,34,True,True,0,0.0207033157348632,{},False,,key1_placeholder_toeplitz_0.05,14,toeplitz,0.05,placeholder,1,0.0158311345646438,False
0.05,0.0,0.0,0.0,0.0,1666,34,True,True,0,0.018580675125122,{},False,,key1_placeholder_toeplitz_0.05,15,toeplitz,0.05,placeholder,1,0.0158311345646438,False
0.05,0.0,0.0,0.0,0.0,1666,34,True,True,0,0.0186982154846191,{},False,,key1_placeholder_toeplitz_0.05,16,toeplitz,0.05,placeholder,1,0.0158311345646438,False
0.05,0.0,0.0,0.0,0.0,1666,34,True,True,0,0.0187029838562011,{},False,,key1_placeholder_toeplitz_0.05,17,toeplitz,0.05,placeholder,1,0.0158311345646438,False
0.05,0.0,0.0,0.0,0.0,1666,34,True,True,0,0.0199480056762695,{},False,,key1_placeholder_toeplitz_0.05,18,toeplitz,0.05,placeholder,1,0.0158311345646438,False
0.05,0.0,0.0,0.0,0.0,1666,34,True,True,0,0.0207757949829101,{},False,,key1_placeholder_toeplitz_0.05,19,toeplitz,0.05,placeholder,1,0.0158311345646438,False
0.03,0.0,0.0,0.0,0.0,1666,34,True,True,0,0.0236246585845947,{},False,,key1_placeholder_toeplitz_0.03,0,toeplitz,0.03,placeholder,1,0.0158311345646438,False
0.03,0.0,0.0,0.0,0.0,1666,34,True,True,0,0.0208470821380615,{},False,,key1_placeholder_toeplitz_0.03,1,toeplitz,0.03,placeholder,1,0.0158311345646438,False
0.03,0.0,0.0,0.0,0.0,1666,34,True,True,0,0.0215563774108886,{},False,,key1_placeholder_toeplitz_0.03,2,toeplitz,0.03,placeholder,1,0.0158311345646438,False
0.03,0.0,0.0,0.0,0.0,1666,34,True,True,0,0.0270700454711914,{},False,,key1_placeholder_toeplitz_0.03,3,toeplitz,0.03,placeholder,1,0.0158311345646438,False
0.03,0.0,0.0,0.0,0.0,1666,34,True,True,0,0.0205631256103515,{},False,,key1_placeholder_toeplitz_0.03,4,toeplitz,0.03,placeholder,1,0.0158311345646438,False
0.03,0.0,0.0,0.0,0.0,1666,34,True,True,0,0.0190989971160888,{},False,,key1_placeholder_toeplitz_0.03,5,toeplitz,0.03,placeholder,1,0.0158311345646438,False
0.03,0.0,0.0,0.0,0.0,1666,34,True,True,0,0.0197377204895019,{},False,,key1_placeholder_toeplitz_0.03,6,toeplitz,0.03,placeholder,1,0.0158311345646438,False
0.03,0.0,0.0,0.0,0.0,1666,34,True,True,0,0.0200035572052001,{},False,,key1_placeholder_toeplitz_0.03,7,toeplitz,0.03,placeholder,1,0.0158311345646438,False
0.03,0.0,0.0,0.0,0.0,1666,34,True,True,0,0.0200831890106201,{},False,,key1_placeholder_toeplitz_0.03,8,toeplitz,0.03,placeholder,1,0.0158311345646438,False
0.03,0.0,0.0,0.0,0.0,1666,34,True,True,0,0.019155740737915,{},False,,key1_placeholder_toeplitz_0.03,9,toeplitz,0.03,placeholder,1,0.0158311345646438,False
0.03,0.0,0.0,0.0,0.0,1666,34,True,True,0,0.0198726654052734,{},False,,key1_placeholder_toeplitz_0.03,10,toeplitz,0.03,placeholder,1,0.0158311345646438,False
0.03,0.0,0.0,0.0,0.0,1666,34,True,True,0,0.0198094844818115,{},False,,key1_placeholder_toeplitz_0.03,11,toeplitz,0.03,placeholder,1,0.0158311345646438,False
0.03,0.0,0.0,0.0,0.0,1666,34,True,True,0,0.019496202468872,{},False,,key1_placeholder_toeplitz_0.03,12,toeplitz,0.03,placeholder,1,0.0158311345646438,False
0.03,0.0,0.0,0.0,0.0,1666,34,True,True,0,0.0205025672912597,{},False,,key1_placeholder_toeplitz_0.03,13,toeplitz,0.03,placeholder,1,0.0158311345646438,False
0.03,0.0,0.0,0.0,0.0,1666,34,True,True,0,0.0222859382629394,{},False,,key1_placeholder_toeplitz_0.03,14,toeplitz,0.03,placeholder,1,0.0158311345646438,False
0.03,0.0,0.0,0.0,0.0,1666,34,True,True,0,0.0191600322723388,{},False,,key1_placeholder_toeplitz_0.03,15,toeplitz,0.03,placeholder,1,0.0158311345646438,False
0.03,0.0,0.0,0.0,0.0,1666,34,True,True,0,0.0184612274169921,{},False,,key1_placeholder_toeplitz_0.03,16,toeplitz,0.03,placeholder,1,0.0158311345646438,False
0.03,0.0,0.0,0.0,0.0,1666,34,True,True,0,0.0191760063171386,{},False,,key1_placeholder_toeplitz_0.03,17,toeplitz,0.03,placeholder,1,0.0158311345646438,False
0.03,0.0,0.0,0.0,0.0,1666,34,True,True,0,0.022301435470581,{},False,,key1_placeholder_toeplitz_0.03,18,toeplitz,0.03,placeholder,1,0.0158311345646438,False
0.03,0.0,0.0,0.0,0.0,1666,34,True,True,0,0.0188531875610351,{},False,,key1_placeholder_toeplitz_0.03,19,toeplitz,0.03,placeholder,1,0.0158311345646438,False
0.01,0.0,0.0,0.0,0.0,1666,34,True,True,0,0.0190820693969726,{},False,,key1_placeholder_toeplitz_0.01,0,toeplitz,0.01,placeholder,1,0.0158311345646438,False
0.01,0.0,0.0,0.0,0.0,1666,34,True,True,0,0.0191268920898437,{},False,,key1_placeholder_toeplitz_0.01,1,toeplitz,0.01,placeholder,1,0.0158311345646438,False
0.01,0.0,0.0,0.0,0.0,1666,34,True,True,0,0.0202720165252685,{},False,,key1_placeholder_toeplitz_0.01,2,toeplitz,0.01,placeholder,1,0.0158311345646438,False
0.01,0.0,0.0,0.0,0.0,1666,34,True,True,0,0.0199480056762695,{},False,,key1_placeholder_toeplitz_0.01,3,toeplitz,0.01,placeholder,1,0.0158311345646438,False
0.01,0.0,0.0,0.0,0.0,1666,34,True,True,0,0.0197041034698486,{},False,,key1_placeholder_toeplitz_0.01,4,toeplitz,0.01,placeholder,1,0.0158311345646438,False
0.01,0.0,0.0,0.0,0.0,1666,34,True,True,0,0.0209975242614746,{},False,,key1_placeholder_toeplitz_0.01,5,toeplitz,0.01,placeholder,1,0.0158311345646438,False
0.01,0.0,0.0,0.0,0.0,1666,34,True,True,0,0.0203964710235595,{},False,,key1_placeholder_toeplitz_0.01,6,toeplitz,0.01,placeholder,1,0.0158311345646438,False
0.01,0.0,0.0,0.0,0.0,1666,34,True,True,0,0.0184383392333984,{},False,,key1_placeholder_toeplitz_0.01,7,toeplitz,0.01,placeholder,1,0.0158311345646438,False
0.01,0.0,0.0,0.0,0.0,1666,34,True,True,0,0.0204870700836181,{},False,,key1_placeholder_toeplitz_0.01,8,toeplitz,0.01,placeholder,1,0.0158311345646438,False
0.01,0.0,0.0,0.0,0.0,1666,34,True,True,0,0.0193142890930175,{},False,,key1_placeholder_toeplitz_0.01,9,toeplitz,0.01,placeholder,1,0.0158311345646438,False
0.01,0.0,0.0,0.0,0.0,1666,34,True,True,0,0.0196211338043212,{},False,,key1_placeholder_toeplitz_0.01,10,toeplitz,0.01,placeholder,1,0.0158311345646438,False
0.01,0.0,0.0,0.0,0.0,1666,34,True,True,0,0.02577805519104,{},False,,key1_placeholder_toeplitz_0.01,11,toeplitz,0.01,placeholder,1,0.0158311345646438,False
0.01,0.0,0.0,0.0,0.0,1666,34,True,True,0,0.0208427906036376,{},False,,key1_placeholder_toeplitz_0.01,12,toeplitz,0.01,placeholder,1,0.0158311345646438,False
0.01,0.0,0.0,0.0,0.0,1666,34,True,True,0,0.0209636688232421,{},False,,key1_placeholder_toeplitz_0.01,13,toeplitz,0.01,placeholder,1,0.0158311345646438,False
0.01,0.0,0.0,0.0,0.0,1666,34,True,True,0,0.025001049041748,{},False,,key1_placeholder_toeplitz_0.01,14,toeplitz,0.01,placeholder,1,0.0158311345646438,False
0.01,0.0,0.0,0.0,0.0,1666,34,True,True,0,0.0194869041442871,{},False,,key1_placeholder_toeplitz_0.01,15,toeplitz,0.01,placeholder,1,0.0158311345646438,False
0.01,0.0,0.0,0.0,0.0,1666,34,True,True,0,0.0189607143402099,{},False,,key1_placeholder_toeplitz_0.01,16,toeplitz,0.01,placeholder,1,0.0158311345646438,False
0.01,0.0,0.0,0.0,0.0,1666,34,True,True,0,0.0223052501678466,{},False,,key1_placeholder_toeplitz_0.01,17,toeplitz,0.01,placeholder,1,0.0158311345646438,False
0.01,0.0,0.0,0.0,0.0,1666,34,True,True,0,0.0199451446533203,{},False,,key1_placeholder_toeplitz_0.01,18,toeplitz,0.01,placeholder,1,0.0158311345646438,False
0.01,0.0,0.0,0.0,0.0,1666,34,True,True,0,0.0211093425750732,{},False,,key1_placeholder_toeplitz_0.01,19,toeplitz,0.01,placeholder,1,0.0158311345646438,False
0.003,0.0,0.0,0.0,0.0,1666,34,True,True,0,0.0217885971069335,{},False,,key1_placeholder_toeplitz_0.003,0,toeplitz,0.003,placeholder,1,0.0158311345646438,False
0.003,0.0,0.0,0.0,0.0,1666,34,True,True,0,0.0203163623809814,{},False,,key1_placeholder_toeplitz_0.003,1,toeplitz,0.003,placeholder,1,0.0158311345646438,False
0.003,0.0,0.0,0.0,0.0,1666,34,True,True,0,0.0222139358520507,{},False,,key1_placeholder_toeplitz_0.003,2,toeplitz,0.003,placeholder,1,0.0158311345646438,False
0.003,0.0,0.0,0.0,0.0,1666,34,True,True,0,0.0198619365692138,{},False,,key1_placeholder_toeplitz_0.003,3,toeplitz,0.003,placeholder,1,0.0158311345646438,False
0.003,0.0,0.0,0.0,0.0,1666,34,True,True,0,0.0209920406341552,{},False,,key1_placeholder_toeplitz_0.003,4,toeplitz,0.003,placeholder,1,0.0158311345646438,False
0.003,0.0,0.0,0.0,0.0,1666,34,True,True,0,0.0271453857421875,{},False,,key1_placeholder_toeplitz_0.003,5,toeplitz,0.003,placeholder,1,0.0158311345646438,False
0.003,0.0,0.0,0.0,0.0,1666,34,True,True,0,0.0212047100067138,{},False,,key1_placeholder_toeplitz_0.003,6,toeplitz,0.003,placeholder,1,0.0158311345646438,False
0.003,0.0,0.0,0.0,0.0,1666,34,True,True,0,0.0303232669830322,{},False,,key1_placeholder_toeplitz_0.003,7,toeplitz,0.003,placeholder,1,0.0158311345646438,False
0.003,0.0,0.0,0.0,0.0,1666,34,True,True,0,0.0237219333648681,{},False,,key1_placeholder_toeplitz_0.003,8,toeplitz,0.003,placeholder,1,0.0158311345646438,False
0.003,0.0,0.0,0.0,0.0,1666,34,True,True,0,0.0219333171844482,{},False,,key1_placeholder_toeplitz_0.003,9,toeplitz,0.003,placeholder,1,0.0158311345646438,False
0.003,0.0,0.0,0.0,0.0,1666,34,True,True,0,0.0242707729339599,{},False,,key1_placeholder_toeplitz_0.003,10,toeplitz,0.003,placeholder,1,0.0158311345646438,False
0.003,0.0,0.0,0.0,0.0,1666,34,True,True,0,0.0216362476348876,{},False,,key1_placeholder_toeplitz_0.003,11,toeplitz,0.003,placeholder,1,0.0158311345646438,False
0.003,0.0,0.0,0.0,0.0,1666,34,True,True,0,0.019655704498291,{},False,,key1_placeholder_toeplitz_0.003,12,toeplitz,0.003,placeholder,1,0.0158311345646438,False
0.003,0.0,0.0,0.0,0.0,1666,34,True,True,0,0.0195934772491455,{},False,,key1_placeholder_toeplitz_0.003,13,toeplitz,0.003,placeholder,1,0.0158311345646438,False
0.003,0.0,0.0,0.0,0.0,1666,34,True,True,0,0.0231790542602539,{},False,,key1_placeholder_toeplitz_0.003,14,toeplitz,0.003,placeholder,1,0.0158311345646438,False
0.003,0.0,0.0,0.0,0.0,1666,34,True,True,0,0.0189449787139892,{},False,,key1_placeholder_toeplitz_0.003,15,toeplitz,0.003,placeholder,1,0.0158311345646438,False
0.003,0.0,0.0,0.0,0.0,1666,34,True,True,0,0.0205698013305664,{},False,,key1_placeholder_toeplitz_0.003,16,toeplitz,0.003,placeholder,1,0.0158311345646438,False
0.003,0.0,0.0,0.0,0.0,1666,34,True,True,0,0.0220570564270019,{},False,,key1_placeholder_toeplitz_0.003,17,toeplitz,0.003,placeholder,1,0.0158311345646438,False
0.003,0.0,0.0,0.0,0.0,1666,34,True,True,0,0.0213737487792968,{},False,,key1_placeholder_toeplitz_0.003,18,toeplitz,0.003,placeholder,1,0.0158311345646438,False
0.003,0.0,0.0,0.0,0.0,1666,34,True,True,0,0.0201222896575927,{},False,,key1_placeholder_toeplitz_0.003,19,toeplitz,0.003,placeholder,1,0.0158311345646438,False
0.001,0.0,0.0,0.0,0.0,1666,34,True,True,0,0.0195655822753906,{},False,,key1_placeholder_toeplitz_0.001,0,toeplitz,0.001,placeholder,1,0.0158311345646438,False
0.001,0.0,0.0,0.0,0.0,1666,34,True,True,0,0.0218005180358886,{},False,,key1_placeholder_toeplitz_0.001,1,toeplitz,0.001,placeholder,1,0.0158311345646438,False
0.001,0.0,0.0,0.0,0.0,1666,34,True,True,0,0.0194988250732421,{},False,,key1_placeholder_toeplitz_0.001,2,toeplitz,0.001,placeholder,1,0.0158311345646438,False
0.001,0.0,0.0,0.0,0.0,1666,34,True,True,0,0.0185005664825439,{},False,,key1_placeholder_toeplitz_0.001,3,toeplitz,0.001,placeholder,1,0.0158311345646438,False
0.001,0.0,0.0,0.0,0.0,1666,34,True,True,0,0.0203833580017089,{},False,,key1_placeholder_toeplitz_0.001,4,toeplitz,0.001,placeholder,1,0.0158311345646438,False
0.001,0.0,0.0,0.0,0.0,1666,34,True,True,0,0.0195832252502441,{},False,,key1_placeholder_toeplitz_0.001,5,toeplitz,0.001,placeholder,1,0.0158311345646438,False
0.001,0.0,0.0,0.0,0.0,1666,34,True,True,0,0.0204286575317382,{},False,,key1_placeholder_toeplitz_0.001,6,toeplitz,0.001,placeholder,1,0.0158311345646438,False
0.001,0.0,0.0,0.0,0.0,1666,34,True,True,0,0.0191266536712646,{},False,,key1_placeholder_toeplitz_0.001,7,toeplitz,0.001,placeholder,1,0.0158311345646438,False
0.001,0.0,0.0,0.0,0.0,1666,34,True,True,0,0.0188119411468505,{},False,,key1_placeholder_toeplitz_0.001,8,toeplitz,0.001,placeholder,1,0.0158311345646438,False
0.001,0.0,0.0,0.0,0.0,1666,34,True,True,0,0.0185608863830566,{},False,,key1_placeholder_toeplitz_0.001,9,toeplitz,0.001,placeholder,1,0.0158311345646438,False
0.001,0.0,0.0,0.0,0.0,1666,34,True,True,0,0.0192070007324218,{},False,,key1_placeholder_toeplitz_0.001,10,toeplitz,0.001,placeholder,1,0.0158311345646438,False
0.001,0.0,0.0,0.0,0.0,1666,34,True,True,0,0.0201334953308105,{},False,,key1_placeholder_toeplitz_0.001,11,toeplitz,0.001,placeholder,1,0.0158311345646438,False
0.001,0.0,0.0,0.0,0.0,1666,34,True,True,0,0.0190865993499755,{},False,,key1_placeholder_toeplitz_0.001,12,toeplitz,0.001,placeholder,1,0.0158311345646438,False
0.001,0.0,0.0,0.0,0.0,1666,34,True,True,0,0.0369279384613037,{},False,,key1_placeholder_toeplitz_0.001,13,toeplitz,0.001,placeholder,1,0.0158311345646438,False
0.001,0.0,0.0,0.0,0.0,1666,34,True,True,0,0.0283443927764892,{},False,,key1_placeholder_toeplitz_0.001,14,toeplitz,0.001,placeholder,1,0.0158311345646438,False
0.001,0.0,0.0,0.0,0.0,1666,34,True,True,0,0.0201029777526855,{},False,,key1_placeholder_toeplitz_0.001,15,toeplitz,0.001,placeholder,1,0.0158311345646438,False
0.001,0.0,0.0,0.0,0.0,1666,34,True,True,0,0.0186347961425781,{},False,,key1_placeholder_toeplitz_0.001,16,toeplitz,0.001,placeholder,1,0.0158311345646438,False
0.001,0.0,0.0,0.0,0.0,1666,34,True,True,0,0.0187656879425048,{},False,,key1_placeholder_toeplitz_0.001,17,toeplitz,0.001,placeholder,1,0.0158311345646438,False
0.001,0.0,0.0,0.0,0.0,1666,34,True,True,0,0.0192224979400634,{},False,,key1_placeholder_toeplitz_0.001,18,toeplitz,0.001,placeholder,1,0.0158311345646438,False
0.001,0.0,0.0,0.0,0.0,1666,34,True,True,0,0.0208916664123535,{},False,,key1_placeholder_toeplitz_0.001,19,toeplitz,0.001,placeholder,1,0.0158311345646438,False
0.0,0.5,0.0,0.0,0.0,1666,34,True,True,0,0.019620656967163,{},False,,key1_placeholder_final_key_0.5,0,final_key,0.5,placeholder,1,0.0158311345646438,False
0.0,0.5,0.0,0.0,0.0,1666,34,True,False,1,0.0200588703155517,{'final_key': 1},False,,key1_placeholder_final_key_0.5,1,final_key,0.5,placeholder,1,0.0158311345646438,True
0.0,0.5,0.0,0.0,0.0,1666,34,True,False,1,0.0193233489990234,{'final_key': 1},False,,key1_placeholder_final_key_0.5,2,final_key,0.5,placeholder,1,0.0158311345646438,True
0.0,0.5,0.0,0.0,0.0,1666,34,True,True,0,0.0183470249176025,{},False,,key1_placeholder_final_key_0.5,3,final_key,0.5,placeholder,1,0.0158311345646438,False
0.0,0.5,0.0,0.0,0.0,1666,34,True,True,0,0.0197455883026123,{},False,,key1_placeholder_final_key_0.5,4,final_key,0.5,placeholder,1,0.0158311345646438,False
0.0,0.5,0.0,0.0,0.0,1666,34,True,True,0,0.0204324722290039,{},False,,key1_placeholder_final_key_0.5,5,final_key,0.5,placeholder,1,0.0158311345646438,False
0.0,0.5,0.0,0.0,0.0,1666,34,True,False,1,0.0198874473571777,{'final_key': 1},False,,key1_placeholder_final_key_0.5,6,final_key,0.5,placeholder,1,0.0158311345646438,True
0.0,0.5,0.0,0.0,0.0,1666,34,True,True,0,0.0189654827117919,{},False,,key1_placeholder_final_key_0.5,7,final_key,0.5,placeholder,1,0.0158311345646438,False
0.0,0.5,0.0,0.0,0.0,1666,34,True,True,0,0.0194075107574462,{},False,,key1_placeholder_final_key_0.5,8,final_key,0.5,placeholder,1,0.0158311345646438,False
0.0,0.5,0.0,0.0,0.0,1666,34,True,True,0,0.0193517208099365,{},False,,key1_placeholder_final_key_0.5,9,final_key,0.5,placeholder,1,0.0158311345646438,False
0.0,0.5,0.0,0.0,0.0,1666,34,True,False,1,0.0191609859466552,{'final_key': 1},False,,key1_placeholder_final_key_0.5,10,final_key,0.5,placeholder,1,0.0158311345646438,True
0.0,0.5,0.0,0.0,0.0,1666,34,True,False,1,0.0201494693756103,{'final_key': 1},False,,key1_placeholder_final_key_0.5,11,final_key,0.5,placeholder,1,0.0158311345646438,True
0.0,0.5,0.0,0.0,0.0,1666,34,True,True,0,0.0190622806549072,{},False,,key1_placeholder_final_key_0.5,12,final_key,0.5,placeholder,1,0.0158311345646438,False
0.0,0.5,0.0,0.0,0.0,1666,34,True,True,0,0.0186331272125244,{},False,,key1_placeholder_final_key_0.5,13,final_key,0.5,placeholder,1,0.0158311345646438,False
0.0,0.5,0.0,0.0,0.0,1666,34,True,True,0,0.0210826396942138,{},False,,key1_placeholder_final_key_0.5,14,final_key,0.5,placeholder,1,0.0158311345646438,False
0.0,0.5,0.0,0.0,0.0,1666,34,True,True,0,0.0257441997528076,{},False,,key1_placeholder_final_key_0.5,15,final_key,0.5,placeholder,1,0.0158311345646438,False
0.0,0.5,0.0,0.0,0.0,1666,34,True,False,1,0.0202860832214355,{'final_key': 1},False,,key1_placeholder_final_key_0.5,16,final_key,0.5,placeholder,1,0.0158311345646438,True
0.0,0.5,0.0,0.0,0.0,1666,34,True,False,1,0.0199224948883056,{'final_key': 1},False,,key1_placeholder_final_key_0.5,17,final_key,0.5,placeholder,1,0.0158311345646438,True
0.0,0.5,0.0,0.0,0.0,1666,34,True,True,0,0.0196208953857421,{},False,,key1_placeholder_final_key_0.5,18,final_key,0.5,placeholder,1,0.0158311345646438,False
0.0,0.5,0.0,0.0,0.0,1666,34,True,False,1,0.0233964920043945,{'final_key': 1},False,,key1_placeholder_final_key_0.5,19,final_key,0.5,placeholder,1,0.0158311345646438,True
0.0,0.3,0.0,0.0,0.0,1666,34,True,True,0,0.0199394226074218,{},False,,key1_placeholder_final_key_0.3,0,final_key,0.3,placeholder,1,0.0158311345646438,False
0.0,0.3,0.0,0.0,0.0,1666,34,True,True,0,0.0193917751312255,{},False,,key1_placeholder_final_key_0.3,1,final_key,0.3,placeholder,1,0.0158311345646438,False
0.0,0.3,0.0,0.0,0.0,1666,34,True,False,1,0.0189347267150878,{'final_key': 1},False,,key1_placeholder_final_key_0.3,2,final_key,0.3,placeholder,1,0.0158311345646438,True
0.0,0.3,0.0,0.0,0.0,1666,34,True,True,0,0.0208923816680908,{},False,,key1_placeholder_final_key_0.3,3,final_key,0.3,placeholder,1,0.0158311345646438,False
0.0,0.3,0.0,0.0,0.0,1666,34,True,True,0,0.0199897289276123,{},False,,key1_placeholder_final_key_0.3,4,final_key,0.3,placeholder,1,0.0158311345646438,False
0.0,0.3,0.0,0.0,0.0,1666,34,True,True,0,0.0215392112731933,{},False,,key1_placeholder_final_key_0.3,5,final_key,0.3,placeholder,1,0.0158311345646438,False
0.0,0.3,0.0,0.0,0.0,1666,34,True,False,1,0.0192945003509521,{'final_key': 1},False,,key1_placeholder_final_key_0.3,6,final_key,0.3,placeholder,1,0.0158311345646438,True
0.0,0.3,0.0,0.0,0.0,1666,34,True,True,0,0.0190608501434326,{},False,,key1_placeholder_final_key_0.3,7,final_key,0.3,placeholder,1,0.0158311345646438,False
0.0,0.3,0.0,0.0,0.0,1666,34,True,True,0,0.0194711685180664,{},False,,key1_placeholder_final_key_0.3,8,final_key,0.3,placeholder,1,0.0158311345646438,False
0.0,0.3,0.0,0.0,0.0,1666,34,True,True,0,0.018916368484497,{},False,,key1_placeholder_final_key_0.3,9,final_key,0.3,placeholder,1,0.0158311345646438,False
0.0,0.3,0.0,0.0,0.0,1666,34,True,False,1,0.0211169719696044,{'final_key': 1},False,,key1_placeholder_final_key_0.3,10,final_key,0.3,placeholder,1,0.0158311345646438,True
0.0,0.3,0.0,0.0,0.0,1666,34,True,False,1,0.0209791660308837,{'final_key': 1},False,,key1_placeholder_final_key_0.3,11,final_key,0.3,placeholder,1,0.0158311345646438,True
0.0,0.3,0.0,0.0,0.0,1666,34,True,True,0,0.0338034629821777,{},False,,key1_placeholder_final_key_0.3,12,final_key,0.3,placeholder,1,0.0158311345646438,False
0.0,0.3,0.0,0.0,0.0,1666,34,True,True,0,0.0213034152984619,{},False,,key1_placeholder_final_key_0.3,13,final_key,0.3,placeholder,1,0.0158311345646438,False
0.0,0.3,0.0,0.0,0.0,1666,34,True,True,0,0.0192096233367919,{},False,,key1_placeholder_final_key_0.3,14,final_key,0.3,placeholder,1,0.0158311345646438,False
0.0,0.3,0.0,0.0,0.0,1666,34,True,True,0,0.0206832885742187,{},False,,key1_placeholder_final_key_0.3,15,final_key,0.3,placeholder,1,0.0158311345646438,False
0.0,0.3,0.0,0.0,0.0,1666,34,True,False,1,0.0186138153076171,{'final_key': 1},False,,key1_placeholder_final_key_0.3,16,final_key,0.3,placeholder,1,0.0158311345646438,True
0.0,0.3,0.0,0.0,0.0,1666,34,True,False,1,0.0194499492645263,{'final_key': 1},False,,key1_placeholder_final_key_0.3,17,final_key,0.3,placeholder,1,0.0158311345646438,True
0.0,0.3,0.0,0.0,0.0,1666,34,True,True,0,0.0196328163146972,{},False,,key1_placeholder_final_key_0.3,18,final_key,0.3,placeholder,1,0.0158311345646438,False
0.0,0.3,0.0,0.0,0.0,1666,34,True,False,1,0.0203232765197753,{'final_key': 1},False,,key1_placeholder_final_key_0.3,19,final_key,0.3,placeholder,1,0.0158311345646438,True
0.0,0.1,0.0,0.0,0.0,1666,34,True,True,0,0.0187678337097167,{},False,,key1_placeholder_final_key_0.1,0,final_key,0.1,placeholder,1,0.0158311345646438,False
0.0,0.1,0.0,0.0,0.0,1666,34,True,True,0,0.0198264122009277,{},False,,key1_placeholder_final_key_0.1,1,final_key,0.1,placeholder,1,0.0158311345646438,False
0.0,0.1,0.0,0.0,0.0,1666,34,True,False,1,0.0204455852508544,{'final_key': 1},False,,key1_placeholder_final_key_0.1,2,final_key,0.1,placeholder,1,0.0158311345646438,True
0.0,0.1,0.0,0.0,0.0,1666,34,True,True,0,0.0198121070861816,{},False,,key1_placeholder_final_key_0.1,3,final_key,0.1,placeholder,1,0.0158311345646438,False
0.0,0.1,0.0,0.0,0.0,1666,34,True,True,0,0.0190393924713134,{},False,,key1_placeholder_final_key_0.1,4,final_key,0.1,placeholder,1,0.0158311345646438,False
0.0,0.1,0.0,0.0,0.0,1666,34,True,True,0,0.01890230178833,{},False,,key1_placeholder_final_key_0.1,5,final_key,0.1,placeholder,1,0.0158311345646438,False
0.0,0.1,0.0,0.0,0.0,1666,34,True,True,0,0.0206222534179687,{},False,,key1_placeholder_final_key_0.1,6,final_key,0.1,placeholder,1,0.0158311345646438,False
0.0,0.1,0.0,0.0,0.0,1666,34,True,True,0,0.0198631286621093,{},False,,key1_placeholder_final_key_0.1,7,final_key,0.1,placeholder,1,0.0158311345646438,False
0.0,0.1,0.0,0.0,0.0,1666,34,True,True,0,0.0196843147277832,{},False,,key1_placeholder_final_key_0.1,8,final_key,0.1,placeholder,1,0.0158311345646438,False
0.0,0.1,0.0,0.0,0.0,1666,34,True,True,0,0.0196082592010498,{},False,,key1_placeholder_final_key_0.1,9,final_key,0.1,placeholder,1,0.0158311345646438,False
0.0,0.1,0.0,0.0,0.0,1666,34,True,False,1,0.0197656154632568,{'final_key': 1},False,,key1_placeholder_final_key_0.1,10,final_key,0.1,placeholder,1,0.0158311345646438,True
0.0,0.1,0.0,0.0,0.0,1666,34,True,True,0,0.0205821990966796,{},False,,key1_placeholder_final_key_0.1,11,final_key,0.1,placeholder,1,0.0158311345646438,False
0.0,0.1,0.0,0.0,0.0,1666,34,True,True,0,0.0189979076385498,{},False,,key1_placeholder_final_key_0.1,12,final_key,0.1,placeholder,1,0.0158311345646438,False
0.0,0.1,0.0,0.0,0.0,1666,34,True,True,0,0.0194487571716308,{},False,,key1_placeholder_final_key_0.1,13,final_key,0.1,placeholder,1,0.0158311345646438,False
0.0,0.1,0.0,0.0,0.0,1666,34,True,True,0,0.0195975303649902,{},False,,key1_placeholder_final_key_0.1,14,final_key,0.1,placeholder,1,0.0158311345646438,False
0.0,0.1,0.0,0.0,0.0,1666,34,True,True,0,0.0212910175323486,{},False,,key1_placeholder_final_key_0.1,15,final_key,0.1,placeholder,1,0.0158311345646438,False
0.0,0.1,0.0,0.0,0.0,1666,34,True,False,1,0.0215837955474853,{'final_key': 1},False,,key1_placeholder_final_key_0.1,16,final_key,0.1,placeholder,1,0.0158311345646438,True
0.0,0.1,0.0,0.0,0.0,1666,34,True,True,0,0.0203509330749511,{},False,,key1_placeholder_final_key_0.1,17,final_key,0.1,placeholder,1,0.0158311345646438,False
0.0,0.1,0.0,0.0,0.0,1666,34,True,True,0,0.0188868045806884,{},False,,key1_placeholder_final_key_0.1,18,final_key,0.1,placeholder,1,0.0158311345646438,False
0.0,0.1,0.0,0.0,0.0,1666,34,True,True,0,0.020313024520874,{},False,,key1_placeholder_final_key_0.1,19,final_key,0.1,placeholder,1,0.0158311345646438,False
0.0,0.05,0.0,0.0,0.0,1666,34,True,True,0,0.0191414356231689,{},False,,key1_placeholder_final_key_0.05,0,final_key,0.05,placeholder,1,0.0158311345646438,False
0.0,0.05,0.0,0.0,0.0,1666,34,True,True,0,0.0192179679870605,{},False,,key1_placeholder_final_key_0.05,1,final_key,0.05,placeholder,1,0.0158311345646438,False
0.0,0.05,0.0,0.0,0.0,1666,34,True,False,1,0.0199561119079589,{'final_key': 1},False,,key1_placeholder_final_key_0.05,2,final_key,0.05,placeholder,1,0.0158311345646438,True
0.0,0.05,0.0,0.0,0.0,1666,34,True,True,0,0.0232331752777099,{},False,,key1_placeholder_final_key_0.05,3,final_key,0.05,placeholder,1,0.0158311345646438,False
0.0,0.05,0.0,0.0,0.0,1666,34,True,True,0,0.0219194889068603,{},False,,key1_placeholder_final_key_0.05,4,final_key,0.05,placeholder,1,0.0158311345646438,False
0.0,0.05,0.0,0.0,0.0,1666,34,True,True,0,0.0191044807434082,{},False,,key1_placeholder_final_key_0.05,5,final_key,0.05,placeholder,1,0.0158311345646438,False
0.0,0.05,0.0,0.0,0.0,1666,34,True,True,0,0.021008014678955,{},False,,key1_placeholder_final_key_0.05,6,final_key,0.05,placeholder,1,0.0158311345646438,False
0.0,0.05,0.0,0.0,0.0,1666,34,True,True,0,0.0237069129943847,{},False,,key1_placeholder_final_key_0.05,7,final_key,0.05,placeholder,1,0.0158311345646438,False
0.0,0.05,0.0,0.0,0.0,1666,34,True,True,0,0.0209829807281494,{},False,,key1_placeholder_final_key_0.05,8,final_key,0.05,placeholder,1,0.0158311345646438,False
0.0,0.05,0.0,0.0,0.0,1666,34,True,True,0,0.0209472179412841,{},False,,key1_placeholder_final_key_0.05,9,final_key,0.05,placeholder,1,0.0158311345646438,False
0.0,0.05,0.0,0.0,0.0,1666,34,True,True,0,0.0196523666381835,{},False,,key1_placeholder_final_key_0.05,10,final_key,0.05,placeholder,1,0.0158311345646438,False
0.0,0.05,0.0,0.0,0.0,1666,34,True,True,0,0.0205628871917724,{},False,,key1_placeholder_final_key_0.05,11,final_key,0.05,placeholder,1,0.0158311345646438,False
0.0,0.05,0.0,0.0,0.0,1666,34,True,True,0,0.0195522308349609,{},False,,key1_placeholder_final_key_0.05,12,final_key,0.05,placeholder,1,0.0158311345646438,False
0.0,0.05,0.0,0.0,0.0,1666,34,True,True,0,0.0205872058868408,{},False,,key1_placeholder_final_key_0.05,13,final_key,0.05,placeholder,1,0.0158311345646438,False
0.0,0.05,0.0,0.0,0.0,1666,34,True,True,0,0.0196890830993652,{},False,,key1_placeholder_final_key_0.05,14,final_key,0.05,placeholder,1,0.0158311345646438,False
0.0,0.05,0.0,0.0,0.0,1666,34,True,True,0,0.0197710990905761,{},False,,key1_placeholder_final_key_0.05,15,final_key,0.05,placeholder,1,0.0158311345646438,False
0.0,0.05,0.0,0.0,0.0,1666,34,True,True,0,0.0205910205841064,{},False,,key1_placeholder_final_key_0.05,16,final_key,0.05,placeholder,1,0.0158311345646438,False
0.0,0.05,0.0,0.0,0.0,1666,34,True,True,0,0.0194466114044189,{},False,,key1_placeholder_final_key_0.05,17,final_key,0.05,placeholder,1,0.0158311345646438,False
0.0,0.05,0.0,0.0,0.0,1666,34,True,True,0,0.0213549137115478,{},False,,key1_placeholder_final_key_0.05,18,final_key,0.05,placeholder,1,0.0158311345646438,False
0.0,0.05,0.0,0.0,0.0,1666,34,True,True,0,0.0191709995269775,{},False,,key1_placeholder_final_key_0.05,19,final_key,0.05,placeholder,1,0.0158311345646438,False
0.0,0.03,0.0,0.0,0.0,1666,34,True,True,0,0.0188071727752685,{},False,,key1_placeholder_final_key_0.03,0,final_key,0.03,placeholder,1,0.0158311345646438,False
0.0,0.03,0.0,0.0,0.0,1666,34,True,True,0,0.0186817646026611,{},False,,key1_placeholder_final_key_0.03,1,final_key,0.03,placeholder,1,0.0158311345646438,False
0.0,0.03,0.0,0.0,0.0,1666,34,True,True,0,0.019280195236206,{},False,,key1_placeholder_final_key_0.03,2,final_key,0.03,placeholder,1,0.0158311345646438,False
0.0,0.03,0.0,0.0,0.0,1666,34,True,True,0,0.0191650390625,{},False,,key1_placeholder_final_key_0.03,3,final_key,0.03,placeholder,1,0.0158311345646438,False
0.0,0.03,0.0,0.0,0.0,1666,34,True,True,0,0.0185489654541015,{},False,,key1_placeholder_final_key_0.03,4,final_key,0.03,placeholder,1,0.0158311345646438,False
0.0,0.03,0.0,0.0,0.0,1666,34,True,True,0,0.0196192264556884,{},False,,key1_placeholder_final_key_0.03,5,final_key,0.03,placeholder,1,0.0158311345646438,False
0.0,0.03,0.0,0.0,0.0,1666,34,True,True,0,0.0188367366790771,{},False,,key1_placeholder_final_key_0.03,6,final_key,0.03,placeholder,1,0.0158311345646438,False
0.0,0.03,0.0,0.0,0.0,1666,34,True,True,0,0.0215084552764892,{},False,,key1_placeholder_final_key_0.03,7,final_key,0.03,placeholder,1,0.0158311345646438,False
0.0,0.03,0.0,0.0,0.0,1666,34,True,True,0,0.0194895267486572,{},False,,key1_placeholder_final_key_0.03,8,final_key,0.03,placeholder,1,0.0158311345646438,False
0.0,0.03,0.0,0.0,0.0,1666,34,True,True,0,0.0187530517578125,{},False,,key1_placeholder_final_key_0.03,9,final_key,0.03,placeholder,1,0.0158311345646438,False
0.0,0.03,0.0,0.0,0.0,1666,34,True,True,0,0.0203781127929687,{},False,,key1_placeholder_final_key_0.03,10,final_key,0.03,placeholder,1,0.0158311345646438,False
0.0,0.03,0.0,0.0,0.0,1666,34,True,True,0,0.0196952819824218,{},False,,key1_placeholder_final_key_0.03,11,final_key,0.03,placeholder,1,0.0158311345646438,False
0.0,0.03,0.0,0.0,0.0,1666,34,True,True,0,0.0193452835083007,{},False,,key1_placeholder_final_key_0.03,12,final_key,0.03,placeholder,1,0.0158311345646438,False
0.0,0.03,0.0,0.0,0.0,1666,34,True,True,0,0.0200090408325195,{},False,,key1_placeholder_final_key_0.03,13,final_key,0.03,placeholder,1,0.0158311345646438,False
0.0,0.03,0.0,0.0,0.0,1666,34,True,True,0,0.0196161270141601,{},False,,key1_placeholder_final_key_0.03,14,final_key,0.03,placeholder,1,0.0158311345646438,False
0.0,0.03,0.0,0.0,0.0,1666,34,True,True,0,0.019763708114624,{},False,,key1_placeholder_final_key_0.03,15,final_key,0.03,placeholder,1,0.0158311345646438,False
0.0,0.03,0.0,0.0,0.0,1666,34,True,True,0,0.0194473266601562,{},False,,key1_placeholder_final_key_0.03,16,final_key,0.03,placeholder,1,0.0158311345646438,False
0.0,0.03,0.0,0.0,0.0,1666,34,True,True,0,0.0195510387420654,{},False,,key1_placeholder_final_key_0.03,17,final_key,0.03,placeholder,1,0.0158311345646438,False
0.0,0.03,0.0,0.0,0.0,1666,34,True,True,0,0.020458698272705,{},False,,key1_placeholder_final_key_0.03,18,final_key,0.03,placeholder,1,0.0158311345646438,False
0.0,0.03,0.0,0.0,0.0,1666,34,True,True,0,0.0212078094482421,{},False,,key1_placeholder_final_key_0.03,19,final_key,0.03,placeholder,1,0.0158311345646438,False
0.0,0.01,0.0,0.0,0.0,1666,34,True,True,0,0.0190973281860351,{},False,,key1_placeholder_final_key_0.01,0,final_key,0.01,placeholder,1,0.0158311345646438,False
0.0,0.01,0.0,0.0,0.0,1666,34,True,True,0,0.0192408561706542,{},False,,key1_placeholder_final_key_0.01,1,final_key,0.01,placeholder,1,0.0158311345646438,False
0.0,0.01,0.0,0.0,0.0,1666,34,True,True,0,0.0196526050567626,{},False,,key1_placeholder_final_key_0.01,2,final_key,0.01,placeholder,1,0.0158311345646438,False
0.0,0.01,0.0,0.0,0.0,1666,34,True,True,0,0.0190889835357666,{},False,,key1_placeholder_final_key_0.01,3,final_key,0.01,placeholder,1,0.0158311345646438,False
0.0,0.01,0.0,0.0,0.0,1666,34,True,True,0,0.019115924835205,{},False,,key1_placeholder_final_key_0.01,4,final_key,0.01,placeholder,1,0.0158311345646438,False
0.0,0.01,0.0,0.0,0.0,1666,34,True,True,0,0.0183968544006347,{},False,,key1_placeholder_final_key_0.01,5,final_key,0.01,placeholder,1,0.0158311345646438,False
0.0,0.01,0.0,0.0,0.0,1666,34,True,True,0,0.0197885036468505,{},False,,key1_placeholder_final_key_0.01,6,final_key,0.01,placeholder,1,0.0158311345646438,False
0.0,0.01,0.0,0.0,0.0,1666,34,True,True,0,0.0200295448303222,{},False,,key1_placeholder_final_key_0.01,7,final_key,0.01,placeholder,1,0.0158311345646438,False
0.0,0.01,0.0,0.0,0.0,1666,34,True,True,0,0.019536018371582,{},False,,key1_placeholder_final_key_0.01,8,final_key,0.01,placeholder,1,0.0158311345646438,False
0.0,0.01,0.0,0.0,0.0,1666,34,True,True,0,0.0204048156738281,{},False,,key1_placeholder_final_key_0.01,9,final_key,0.01,placeholder,1,0.0158311345646438,False
0.0,0.01,0.0,0.0,0.0,1666,34,True,True,0,0.0188422203063964,{},False,,key1_placeholder_final_key_0.01,10,final_key,0.01,placeholder,1,0.0158311345646438,False
0.0,0.01,0.0,0.0,0.0,1666,34,True,True,0,0.0202772617340087,{},False,,key1_placeholder_final_key_0.01,11,final_key,0.01,placeholder,1,0.0158311345646438,False
0.0,0.01,0.0,0.0,0.0,1666,34,True,True,0,0.0205774307250976,{},False,,key1_placeholder_final_key_0.01,12,final_key,0.01,placeholder,1,0.0158311345646438,False
0.0,0.01,0.0,0.0,0.0,1666,34,True,True,0,0.0228805541992187,{},False,,key1_placeholder_final_key_0.01,13,final_key,0.01,placeholder,1,0.0158311345646438,False
0.0,0.01,0.0,0.0,0.0,1666,34,True,True,0,0.0204470157623291,{},False,,key1_placeholder_final_key_0.01,14,final_key,0.01,placeholder,1,0.0158311345646438,False
0.0,0.01,0.0,0.0,0.0,1666,34,True,True,0,0.0216050148010253,{},False,,key1_placeholder_final_key_0.01,15,final_key,0.01,placeholder,1,0.0158311345646438,False
0.0,0.01,0.0,0.0,0.0,1666,34,True,True,0,0.0187783241271972,{},False,,key1_placeholder_final_key_0.01,16,final_key,0.01,placeholder,1,0.0158311345646438,False
0.0,0.01,0.0,0.0,0.0,1666,34,True,True,0,0.0189015865325927,{},False,,key1_placeholder_final_key_0.01,17,final_key,0.01,placeholder,1,0.0158311345646438,False
0.0,0.01,0.0,0.0,0.0,1666,34,True,True,0,0.0214507579803466,{},False,,key1_placeholder_final_key_0.01,18,final_key,0.01,placeholder,1,0.0158311345646438,False
0.0,0.01,0.0,0.0,0.0,1666,34,True,True,0,0.0209689140319824,{},False,,key1_placeholder_final_key_0.01,19,final_key,0.01,placeholder,1,0.0158311345646438,False
0.0,0.003,0.0,0.0,0.0,1666,34,True,True,0,0.0187041759490966,{},False,,key1_placeholder_final_key_0.003,0,final_key,0.003,placeholder,1,0.0158311345646438,False
0.0,0.003,0.0,0.0,0.0,1666,34,True,True,0,0.0202093124389648,{},False,,key1_placeholder_final_key_0.003,1,final_key,0.003,placeholder,1,0.0158311345646438,False
0.0,0.003,0.0,0.0,0.0,1666,34,True,True,0,0.0192649364471435,{},False,,key1_placeholder_final_key_0.003,2,final_key,0.003,placeholder,1,0.0158311345646438,False
0.0,0.003,0.0,0.0,0.0,1666,34,True,True,0,0.0203940868377685,{},False,,key1_placeholder_final_key_0.003,3,final_key,0.003,placeholder,1,0.0158311345646438,False
0.0,0.003,0.0,0.0,0.0,1666,34,True,True,0,0.0188777446746826,{},False,,key1_placeholder_final_key_0.003,4,final_key,0.003,placeholder,1,0.0158311345646438,False
0.0,0.003,0.0,0.0,0.0,1666,34,True,True,0,0.0192286968231201,{},False,,key1_placeholder_final_key_0.003,5,final_key,0.003,placeholder,1,0.0158311345646438,False
0.0,0.003,0.0,0.0,0.0,1666,34,True,True,0,0.0189588069915771,{},False,,key1_placeholder_final_key_0.003,6,final_key,0.003,placeholder,1,0.0158311345646438,False
0.0,0.003,0.0,0.0,0.0,1666,34,True,True,0,0.0192875862121582,{},False,,key1_placeholder_final_key_0.003,7,final_key,0.003,placeholder,1,0.0158311345646438,False
0.0,0.003,0.0,0.0,0.0,1666,34,True,True,0,0.0191552639007568,{},False,,key1_placeholder_final_key_0.003,8,final_key,0.003,placeholder,1,0.0158311345646438,False
0.0,0.003,0.0,0.0,0.0,1666,34,True,True,0,0.0191855430603027,{},False,,key1_placeholder_final_key_0.003,9,final_key,0.003,placeholder,1,0.0158311345646438,False
0.0,0.003,0.0,0.0,0.0,1666,34,True,True,0,0.0210318565368652,{},False,,key1_placeholder_final_key_0.003,10,final_key,0.003,placeholder,1,0.0158311345646438,False
0.0,0.003,0.0,0.0,0.0,1666,34,True,True,0,0.0206520557403564,{},False,,key1_placeholder_final_key_0.003,11,final_key,0.003,placeholder,1,0.0158311345646438,False
0.0,0.003,0.0,0.0,0.0,1666,34,True,True,0,0.01955246925354,{},False,,key1_placeholder_final_key_0.003,12,final_key,0.003,placeholder,1,0.0158311345646438,False
0.0,0.003,0.0,0.0,0.0,1666,34,True,True,0,0.019310712814331,{},False,,key1_placeholder_final_key_0.003,13,final_key,0.003,placeholder,1,0.0158311345646438,False
0.0,0.003,0.0,0.0,0.0,1666,34,True,True,0,0.0188212394714355,{},False,,key1_placeholder_final_key_0.003,14,final_key,0.003,placeholder,1,0.0158311345646438,False
0.0,0.003,0.0,0.0,0.0,1666,34,True,True,0,0.0189342498779296,{},False,,key1_placeholder_final_key_0.003,15,final_key,0.003,placeholder,1,0.0158311345646438,False
0.0,0.003,0.0,0.0,0.0,1666,34,True,True,0,0.0187382698059082,{},False,,key1_placeholder_final_key_0.003,16,final_key,0.003,placeholder,1,0.0158311345646438,False
0.0,0.003,0.0,0.0,0.0,1666,34,True,True,0,0.0197153091430664,{},False,,key1_placeholder_final_key_0.003,17,final_key,0.003,placeholder,1,0.0158311345646438,False
0.0,0.003,0.0,0.0,0.0,1666,34,True,True,0,0.0191326141357421,{},False,,key1_placeholder_final_key_0.003,18,final_key,0.003,placeholder,1,0.0158311345646438,False
0.0,0.003,0.0,0.0,0.0,1666,34,True,True,0,0.0194392204284667,{},False,,key1_placeholder_final_key_0.003,19,final_key,0.003,placeholder,1,0.0158311345646438,False
0.0,0.001,0.0,0.0,0.0,1666,34,True,True,0,0.0189526081085205,{},False,,key1_placeholder_final_key_0.001,0,final_key,0.001,placeholder,1,0.0158311345646438,False
0.0,0.001,0.0,0.0,0.0,1666,34,True,True,0,0.0204749107360839,{},False,,key1_placeholder_final_key_0.001,1,final_key,0.001,placeholder,1,0.0158311345646438,False
0.0,0.001,0.0,0.0,0.0,1666,34,True,True,0,0.019639253616333,{},False,,key1_placeholder_final_key_0.001,2,final_key,0.001,placeholder,1,0.0158311345646438,False
0.0,0.001,0.0,0.0,0.0,1666,34,True,True,0,0.0197875499725341,{},False,,key1_placeholder_final_key_0.001,3,final_key,0.001,placeholder,1,0.0158311345646438,False
0.0,0.001,0.0,0.0,0.0,1666,34,True,True,0,0.019202709197998,{},False,,key1_placeholder_final_key_0.001,4,final_key,0.001,placeholder,1,0.0158311345646438,False
0.0,0.001,0.0,0.0,0.0,1666,34,True,True,0,0.0187335014343261,{},False,,key1_placeholder_final_key_0.001,5,final_key,0.001,placeholder,1,0.0158311345646438,False
0.0,0.001,0.0,0.0,0.0,1666,34,True,True,0,0.0196394920349121,{},False,,key1_placeholder_final_key_0.001,6,final_key,0.001,placeholder,1,0.0158311345646438,False
0.0,0.001,0.0,0.0,0.0,1666,34,True,True,0,0.0196073055267334,{},False,,key1_placeholder_final_key_0.001,7,final_key,0.001,placeholder,1,0.0158311345646438,False
0.0,0.001,0.0,0.0,0.0,1666,34,True,True,0,0.0190935134887695,{},False,,key1_placeholder_final_key_0.001,8,final_key,0.001,placeholder,1,0.0158311345646438,False
0.0,0.001,0.0,0.0,0.0,1666,34,True,True,0,0.0188946723937988,{},False,,key1_placeholder_final_key_0.001,9,final_key,0.001,placeholder,1,0.0158311345646438,False
0.0,0.001,0.0,0.0,0.0,1666,34,True,True,0,0.018984317779541,{},False,,key1_placeholder_final_key_0.001,10,final_key,0.001,placeholder,1,0.0158311345646438,False
0.0,0.001,0.0,0.0,0.0,1666,34,True,True,0,0.0196211338043212,{},False,,key1_placeholder_final_key_0.001,11,final_key,0.001,placeholder,1,0.0158311345646438,False
0.0,0.001,0.0,0.0,0.0,1666,34,True,True,0,0.0207087993621826,{},False,,key1_placeholder_final_key_0.001,12,final_key,0.001,placeholder,1,0.0158311345646438,False
0.0,0.001,0.0,0.0,0.0,1666,34,True,True,0,0.0194997787475585,{},False,,key1_placeholder_final_key_0.001,13,final_key,0.001,placeholder,1,0.0158311345646438,False
0.0,0.001,0.0,0.0,0.0,1666,34,True,True,0,0.0189285278320312,{},False,,key1_placeholder_final_key_0.001,14,final_key,0.001,placeholder,1,0.0158311345646438,False
0.0,0.001,0.0,0.0,0.0,1666,34,True,True,0,0.0193138122558593,{},False,,key1_placeholder_final_key_0.001,15,final_key,0.001,placeholder,1,0.0158311345646438,False
0.0,0.001,0.0,0.0,0.0,1666,34,True,True,0,0.0185730457305908,{},False,,key1_placeholder_final_key_0.001,16,final_key,0.001,placeholder,1,0.0158311345646438,False
0.0,0.001,0.0,0.0,0.0,1666,34,True,True,0,0.0200958251953125,{},False,,key1_placeholder_final_key_0.001,17,final_key,0.001,placeholder,1,0.0158311345646438,False
0.0,0.001,0.0,0.0,0.0,1666,34,True,True,0,0.0189394950866699,{},False,,key1_placeholder_final_key_0.001,18,final_key,0.001,placeholder,1,0.0158311345646438,False
0.0,0.001,0.0,0.0,0.0,1666,34,True,True,0,0.0218951702117919,{},False,,key1_placeholder_final_key_0.001,19,final_key,0.001,placeholder,1,0.0158311345646438,False
0.0,0.0,0.5,0.0,0.0052801408037547,1666,34,False,False,837,0.0230765342712402,{'reconciliation_state': 18},False,,key1_placeholder_reconciliation_0.5,0,reconciliation,0.5,placeholder,1,0.0158311345646438,True
0.0,0.0,0.5,0.0,0.0035200938691698,1666,34,False,False,854,0.0219068527221679,{'reconciliation_state': 12},False,,key1_placeholder_reconciliation_0.5,1,reconciliation,0.5,placeholder,1,0.0158311345646438,True
0.0,0.0,0.5,0.0,0.0044001173364623,1666,34,False,False,838,0.0317738056182861,{'reconciliation_state': 15},False,,key1_placeholder_reconciliation_0.5,2,reconciliation,0.5,placeholder,1,0.0158311345646438,True
0.0,0.0,0.5,0.0,0.0035200938691698,1666,34,False,False,833,0.0253655910491943,{'reconciliation_state': 12},False,,key1_placeholder_reconciliation_0.5,3,reconciliation,0.5,placeholder,1,0.0158311345646438,True
0.0,0.0,0.5,0.0,0.0055734819595189,1666,34,False,False,820,0.0241801738739013,{'reconciliation_state': 18},False,,key1_placeholder_reconciliation_0.5,4,reconciliation,0.5,placeholder,1,0.0158311345646438,True
0.0,0.0,0.5,0.0,0.0044001173364623,1666,34,False,False,838,0.2419002056121826,{'reconciliation_state': 15},False,,key1_placeholder_reconciliation_0.5,5,reconciliation,0.5,placeholder,1,0.0158311345646438,True
0.0,0.0,0.5,0.0,0.0055734819595189,1666,34,False,False,825,0.0295135974884033,{'reconciliation_state': 18},False,,key1_placeholder_reconciliation_0.5,6,reconciliation,0.5,placeholder,1,0.0158311345646438,True
0.0,0.0,0.5,0.0,0.0061601642710472,1666,34,False,False,834,0.0263450145721435,{'reconciliation_state': 19},False,,key1_placeholder_reconciliation_0.5,7,reconciliation,0.5,placeholder,1,0.0158311345646438,True
0.0,0.0,0.5,0.0,0.005866823115283,1666,34,False,False,850,0.0240383148193359,{'reconciliation_state': 17},False,,key1_placeholder_reconciliation_0.5,8,reconciliation,0.5,placeholder,1,0.0158311345646438,True
0.0,0.0,0.5,0.0,0.0041067761806981,1666,34,False,False,815,0.0250327587127685,{'reconciliation_state': 13},False,,key1_placeholder_reconciliation_0.5,9,reconciliation,0.5,placeholder,1,0.0158311345646438,True
0.0,0.0,0.5,0.0,0.0055734819595189,1666,34,False,False,836,0.0241701602935791,{'reconciliation_state': 19},False,,key1_placeholder_reconciliation_0.5,10,reconciliation,0.5,placeholder,1,0.0158311345646438,True
0.0,0.0,0.5,0.0,0.005866823115283,1666,34,False,False,834,0.0232675075531005,{'reconciliation_state': 19},False,,key1_placeholder_reconciliation_0.5,11,reconciliation,0.5,placeholder,1,0.0158311345646438,True
0.0,0.0,0.5,0.0,0.0044001173364623,1666,34,False,False,828,0.0229485034942626,{'reconciliation_state': 15},False,,key1_placeholder_reconciliation_0.5,12,reconciliation,0.5,placeholder,1,0.0158311345646438,True
0.0,0.0,0.5,0.0,0.0049867996479906,1666,34,False,False,866,0.024552583694458,{'reconciliation_state': 16},False,,key1_placeholder_reconciliation_0.5,13,reconciliation,0.5,placeholder,1,0.0158311345646438,True
0.0,0.0,0.5,0.0,0.0067468465825755,1666,34,False,False,848,0.0235576629638671,{'reconciliation_state': 22},False,,key1_placeholder_reconciliation_0.5,14,reconciliation,0.5,placeholder,1,0.0158311345646438,True
0.0,0.0,0.5,0.0,0.005866823115283,1666,34,False,False,858,0.0239455699920654,{'reconciliation_state': 19},False,,key1_placeholder_reconciliation_0.5,15,reconciliation,0.5,placeholder,1,0.0158311345646438,True
0.0,0.0,0.5,0.0,0.0049867996479906,1666,34,False,False,829,0.0241692066192626,{'reconciliation_state': 17},False,,key1_placeholder_reconciliation_0.5,16,reconciliation,0.5,placeholder,1,0.0158311345646438,True
0.0,0.0,0.5,0.0,0.0041067761806981,1666,34,False,False,853,0.0243597030639648,{'reconciliation_state': 14},False,,key1_placeholder_reconciliation_0.5,17,reconciliation,0.5,placeholder,1,0.0158311345646438,True
0.0,0.0,0.5,0.0,0.0044001173364623,1666,34,False,False,803,0.0240585803985595,{'reconciliation_state': 15},False,,key1_placeholder_reconciliation_0.5,18,reconciliation,0.5,placeholder,1,0.0158311345646438,True
0.0,0.0,0.5,0.0,0.0061601642710472,1666,34,False,False,864,0.0244214534759521,{'reconciliation_state': 21},False,,key1_placeholder_reconciliation_0.5,19,reconciliation,0.5,placeholder,1,0.0158311345646438,True
0.0,0.0,0.3,0.0,0.0038134350249339,1666,34,False,False,832,0.0236825942993164,{'reconciliation_state': 13},False,,key1_placeholder_reconciliation_0.3,0,reconciliation,0.3,placeholder,1,0.0158311345646438,True
0.0,0.0,0.3,0.0,0.0023467292461132,1666,34,False,False,882,0.0244545936584472,{'reconciliation_state': 8},False,,key1_placeholder_reconciliation_0.3,1,reconciliation,0.3,placeholder,1,0.0158311345646438,True
0.0,0.0,0.3,0.0,0.0029334115576415,1666,34,False,False,844,0.0247313976287841,{'reconciliation_state': 10},False,,key1_placeholder_reconciliation_0.3,2,reconciliation,0.3,placeholder,1,0.0158311345646438,True
0.0,0.0,0.3,0.0,0.002053388090349,1666,34,False,False,866,0.021660566329956,{'reconciliation_state': 7},False,,key1_placeholder_reconciliation_0.3,3,reconciliation,0.3,placeholder,1,0.0158311345646438,True
0.0,0.0,0.3,0.0,0.0026400704018773,1666,34,False,False,811,0.0236413478851318,{'reconciliation_state': 9},False,,key1_placeholder_reconciliation_0.3,4,reconciliation,0.3,placeholder,1,0.0158311345646438,True
0.0,0.0,0.3,0.0,0.0032267527134056,1666,34,False,False,828,0.0242755413055419,{'reconciliation_state': 11},False,,key1_placeholder_reconciliation_0.3,5,reconciliation,0.3,placeholder,1,0.0158311345646438,True
0.0,0.0,0.3,0.0,0.0029334115576415,1666,34,False,False,834,0.0230171680450439,{'reconciliation_state': 10},False,,key1_placeholder_reconciliation_0.3,6,reconciliation,0.3,placeholder,1,0.0158311345646438,True
0.0,0.0,0.3,0.0,0.0029334115576415,1666,34,False,False,865,0.0218579769134521,{'reconciliation_state': 10},False,,key1_placeholder_reconciliation_0.3,7,reconciliation,0.3,placeholder,1,0.0158311345646438,True
0.0,0.0,0.3,0.0,0.0029334115576415,1666,34,False,False,851,0.0238311290740966,{'reconciliation_state': 10},False,,key1_placeholder_reconciliation_0.3,8,reconciliation,0.3,placeholder,1,0.0158311345646438,True
0.0,0.0,0.3,0.0,0.0023467292461132,1666,34,False,False,829,0.0236496925354003,{'reconciliation_state': 8},False,,key1_placeholder_reconciliation_0.3,9,reconciliation,0.3,placeholder,1,0.0158311345646438,True
0.0,0.0,0.3,0.0,0.0046934584922264,1666,34,False,False,848,0.024871826171875,{'reconciliation_state': 13},False,,key1_placeholder_reconciliation_0.3,10,reconciliation,0.3,placeholder,1,0.0158311345646438,True
0.0,0.0,0.3,0.0,0.0023467292461132,1666,34,False,False,841,0.0256316661834716,{'reconciliation_state': 8},False,,key1_placeholder_reconciliation_0.3,11,reconciliation,0.3,placeholder,1,0.0158311345646438,True
0.0,0.0,0.3,0.0,0.0026400704018773,1666,34,False,False,845,0.0218892097473144,{'reconciliation_state': 9},False,,key1_placeholder_reconciliation_0.3,12,reconciliation,0.3,placeholder,1,0.0158311345646438,True
0.0,0.0,0.3,0.0,0.0023467292461132,1666,34,False,False,821,0.0234210491180419,{'reconciliation_state': 8},False,,key1_placeholder_reconciliation_0.3,13,reconciliation,0.3,placeholder,1,0.0158311345646438,True
0.0,0.0,0.3,0.0,0.0041067761806981,1666,34,False,False,833,0.0321431159973144,{'reconciliation_state': 14},False,,key1_placeholder_reconciliation_0.3,14,reconciliation,0.3,placeholder,1,0.0158311345646438,True
0.0,0.0,0.3,0.0,0.0046934584922264,1666,34,False,False,828,0.026155948638916,{'reconciliation_state': 15},False,,key1_placeholder_reconciliation_0.3,15,reconciliation,0.3,placeholder,1,0.0158311345646438,True
0.0,0.0,0.3,0.0,0.0035200938691698,1666,34,False,False,809,0.0234007835388183,{'reconciliation_state': 12},False,,key1_placeholder_reconciliation_0.3,16,reconciliation,0.3,placeholder,1,0.0158311345646438,True
0.0,0.0,0.3,0.0,0.0032267527134056,1666,34,False,False,825,0.0238196849822998,{'reconciliation_state': 11},False,,key1_placeholder_reconciliation_0.3,17,reconciliation,0.3,placeholder,1,0.0158311345646438,True
0.0,0.0,0.3,0.0,0.0026400704018773,1666,34,False,False,857,0.0248050689697265,{'reconciliation_state': 9},False,,key1_placeholder_reconciliation_0.3,18,reconciliation,0.3,placeholder,1,0.0158311345646438,True
0.0,0.0,0.3,0.0,0.0026400704018773,1666,34,False,False,825,0.0286295413970947,{'reconciliation_state': 9},False,,key1_placeholder_reconciliation_0.3,19,reconciliation,0.3,placeholder,1,0.0158311345646438,True
0.0,0.0,0.1,0.0,0.0005866823115283,1666,34,False,False,837,0.0211775302886962,{'reconciliation_state': 2},False,,key1_placeholder_reconciliation_0.1,0,reconciliation,0.1,placeholder,1,0.0158311345646438,True
0.0,0.0,0.1,0.0,0.0008800234672924,1666,34,False,False,860,0.0213179588317871,{'reconciliation_state': 3},False,,key1_placeholder_reconciliation_0.1,1,reconciliation,0.1,placeholder,1,0.0158311345646438,True
0.0,0.0,0.1,0.0,0.0017600469345849,1666,34,False,False,840,0.02471923828125,{'reconciliation_state': 6},False,,key1_placeholder_reconciliation_0.1,2,reconciliation,0.1,placeholder,1,0.0158311345646438,True
0.0,0.0,0.1,0.0,0.0002933411557641,1666,34,False,False,854,0.0206212997436523,{'reconciliation_state': 1},False,,key1_placeholder_reconciliation_0.1,3,reconciliation,0.1,placeholder,1,0.0158311345646438,True
0.0,0.0,0.1,0.0,0.0008800234672924,1666,34,False,False,828,0.0202083587646484,{'reconciliation_state': 3},False,,key1_placeholder_reconciliation_0.1,4,reconciliation,0.1,placeholder,1,0.0158311345646438,True
0.0,0.0,0.1,0.0,0.0017600469345849,1666,34,False,False,821,0.0236966609954834,{'reconciliation_state': 6},False,,key1_placeholder_reconciliation_0.1,5,reconciliation,0.1,placeholder,1,0.0158311345646438,True
0.0,0.0,0.1,0.0,0.0008800234672924,1666,34,False,False,827,0.0216298103332519,{'reconciliation_state': 3},False,,key1_placeholder_reconciliation_0.1,6,reconciliation,0.1,placeholder,1,0.0158311345646438,True
0.0,0.0,0.1,0.0,0.0008800234672924,1666,34,False,False,863,0.0205001831054687,{'reconciliation_state': 3},False,,key1_placeholder_reconciliation_0.1,7,reconciliation,0.1,placeholder,1,0.0158311345646438,True
0.0,0.0,0.1,0.0,0.0014667057788207,1666,34,False,False,847,0.0213634967803955,{'reconciliation_state': 5},False,,key1_placeholder_reconciliation_0.1,8,reconciliation,0.1,placeholder,1,0.0158311345646438,True
0.0,0.0,0.1,0.0,0.0011733646230566,1666,34,False,False,796,0.02384614944458,{'reconciliation_state': 4},False,,key1_placeholder_reconciliation_0.1,9,reconciliation,0.1,placeholder,1,0.0158311345646438,True
0.0,0.0,0.1,0.0,0.0017600469345849,1666,34,False,False,800,0.0223462581634521,{'reconciliation_state': 6},False,,key1_placeholder_reconciliation_0.1,10,reconciliation,0.1,placeholder,1,0.0158311345646438,True
0.0,0.0,0.1,0.0,0.0014667057788207,1666,34,False,False,801,0.024468183517456,{'reconciliation_state': 5},False,,key1_placeholder_reconciliation_0.1,11,reconciliation,0.1,placeholder,1,0.0158311345646438,True
0.0,0.0,0.1,0.0,0.0011733646230566,1666,34,False,False,828,0.0215256214141845,{'reconciliation_state': 4},False,,key1_placeholder_reconciliation_0.1,12,reconciliation,0.1,placeholder,1,0.0158311345646438,True
0.0,0.0,0.1,0.0,0.0005866823115283,1666,34,False,False,816,0.0204815864562988,{'reconciliation_state': 2},False,,key1_placeholder_reconciliation_0.1,13,reconciliation,0.1,placeholder,1,0.0158311345646438,True
0.0,0.0,0.1,0.0,0.0008800234672924,1666,34,False,False,843,0.0195391178131103,{'reconciliation_state': 3},False,,key1_placeholder_reconciliation_0.1,14,reconciliation,0.1,placeholder,1,0.0158311345646438,True
0.0,0.0,0.1,0.0,0.0008800234672924,1666,34,False,False,806,0.0207893848419189,{'reconciliation_state': 3},False,,key1_placeholder_reconciliation_0.1,15,reconciliation,0.1,placeholder,1,0.0158311345646438,True
0.0,0.0,0.1,0.0,0.0017600469345849,1666,34,False,False,797,0.0219197273254394,{'reconciliation_state': 6},False,,key1_placeholder_reconciliation_0.1,16,reconciliation,0.1,placeholder,1,0.0158311345646438,True
0.0,0.0,0.1,0.0,0.0011733646230566,1666,34,False,False,830,0.0204834938049316,{'reconciliation_state': 4},False,,key1_placeholder_reconciliation_0.1,17,reconciliation,0.1,placeholder,1,0.0158311345646438,True
0.0,0.0,0.1,0.0,0.0005866823115283,1666,34,False,False,844,0.019564151763916,{'reconciliation_state': 2},False,,key1_placeholder_reconciliation_0.1,18,reconciliation,0.1,placeholder,1,0.0158311345646438,True
0.0,0.0,0.1,0.0,0.0005866823115283,1666,34,False,False,828,0.0225508213043212,{'reconciliation_state': 2},False,,key1_placeholder_reconciliation_0.1,19,reconciliation,0.1,placeholder,1,0.0158311345646438,True
0.0,0.0,0.05,0.0,0.0002933411557641,1666,34,False,False,861,0.0203428268432617,{'reconciliation_state': 1},False,,key1_placeholder_reconciliation_0.05,0,reconciliation,0.05,placeholder,1,0.0158311345646438,True
0.0,0.0,0.05,0.0,0.0005866823115283,1666,34,False,False,830,0.0215969085693359,{'reconciliation_state': 2},False,,key1_placeholder_reconciliation_0.05,1,reconciliation,0.05,placeholder,1,0.0158311345646438,True
0.0,0.0,0.05,0.0,0.0002933411557641,1666,34,False,False,835,0.0207746028900146,{'reconciliation_state': 1},False,,key1_placeholder_reconciliation_0.05,2,reconciliation,0.05,placeholder,1,0.0158311345646438,True
0.0,0.0,0.05,0.0,0.0,1666,34,True,True,0,0.0199997425079345,{},False,,key1_placeholder_reconciliation_0.05,3,reconciliation,0.05,placeholder,1,0.0158311345646438,False
0.0,0.0,0.05,0.0,0.0002933411557641,1666,34,False,False,849,0.0199058055877685,{'reconciliation_state': 1},False,,key1_placeholder_reconciliation_0.05,4,reconciliation,0.05,placeholder,1,0.0158311345646438,True
0.0,0.0,0.05,0.0,0.0011733646230566,1666,34,False,False,865,0.0223214626312255,{'reconciliation_state': 4},False,,key1_placeholder_reconciliation_0.05,5,reconciliation,0.05,placeholder,1,0.0158311345646438,True
0.0,0.0,0.05,0.0,0.0002933411557641,1666,34,False,False,821,0.0206496715545654,{'reconciliation_state': 1},False,,key1_placeholder_reconciliation_0.05,6,reconciliation,0.05,placeholder,1,0.0158311345646438,True
0.0,0.0,0.05,0.0,0.0,1666,34,True,True,0,0.0197415351867675,{},False,,key1_placeholder_reconciliation_0.05,7,reconciliation,0.05,placeholder,1,0.0158311345646438,False
0.0,0.0,0.05,0.0,0.0005866823115283,1666,34,False,False,839,0.0209624767303466,{'reconciliation_state': 2},False,,key1_placeholder_reconciliation_0.05,8,reconciliation,0.05,placeholder,1,0.0158311345646438,True
0.0,0.0,0.05,0.0,0.0005866823115283,1666,34,False,False,826,0.0222902297973632,{'reconciliation_state': 2},False,,key1_placeholder_reconciliation_0.05,9,reconciliation,0.05,placeholder,1,0.0158311345646438,True
0.0,0.0,0.05,0.0,0.0008800234672924,1666,34,False,False,783,0.0229256153106689,{'reconciliation_state': 3},False,,key1_placeholder_reconciliation_0.05,10,reconciliation,0.05,placeholder,1,0.0158311345646438,True
0.0,0.0,0.05,0.0,0.0005866823115283,1666,34,False,False,849,0.0209918022155761,{'reconciliation_state': 2},False,,key1_placeholder_reconciliation_0.05,11,reconciliation,0.05,placeholder,1,0.0158311345646438,True
0.0,0.0,0.05,0.0,0.0005866823115283,1666,34,False,False,817,0.0192348957061767,{'reconciliation_state': 2},False,,key1_placeholder_reconciliation_0.05,12,reconciliation,0.05,placeholder,1,0.0158311345646438,True
0.0,0.0,0.05,0.0,0.0,1666,34,True,True,0,0.0195796489715576,{},False,,key1_placeholder_reconciliation_0.05,13,reconciliation,0.05,placeholder,1,0.0158311345646438,False
0.0,0.0,0.05,0.0,0.0005866823115283,1666,34,False,False,852,0.0205614566802978,{'reconciliation_state': 2},False,,key1_placeholder_reconciliation_0.05,14,reconciliation,0.05,placeholder,1,0.0158311345646438,True
0.0,0.0,0.05,0.0,0.0005866823115283,1666,34,False,False,800,0.0201408863067626,{'reconciliation_state': 2},False,,key1_placeholder_reconciliation_0.05,15,reconciliation,0.05,placeholder,1,0.0158311345646438,True
0.0,0.0,0.05,0.0,0.0008800234672924,1666,34,False,False,830,0.0212953090667724,{'reconciliation_state': 3},False,,key1_placeholder_reconciliation_0.05,16,reconciliation,0.05,placeholder,1,0.0158311345646438,True
0.0,0.0,0.05,0.0,0.0008800234672924,1666,34,False,False,818,0.0214438438415527,{'reconciliation_state': 3},False,,key1_placeholder_reconciliation_0.05,17,reconciliation,0.05,placeholder,1,0.0158311345646438,True
0.0,0.0,0.05,0.0,0.0005866823115283,1666,34,False,False,839,0.019176959991455,{'reconciliation_state': 2},False,,key1_placeholder_reconciliation_0.05,18,reconciliation,0.05,placeholder,1,0.0158311345646438,True
0.0,0.0,0.05,0.0,0.0002933411557641,1666,34,False,False,816,0.0224051475524902,{'reconciliation_state': 1},False,,key1_placeholder_reconciliation_0.05,19,reconciliation,0.05,placeholder,1,0.0158311345646438,True
0.0,0.0,0.03,0.0,0.0002933411557641,1666,34,False,False,824,0.0251328945159912,{'reconciliation_state': 1},False,,key1_placeholder_reconciliation_0.03,0,reconciliation,0.03,placeholder,1,0.0158311345646438,True
0.0,0.0,0.03,0.0,0.0,1666,34,True,True,0,0.0195300579071044,{},False,,key1_placeholder_reconciliation_0.03,1,reconciliation,0.03,placeholder,1,0.0158311345646438,False
0.0,0.0,0.03,0.0,0.0002933411557641,1666,34,False,False,840,0.0197572708129882,{'reconciliation_state': 1},False,,key1_placeholder_reconciliation_0.03,2,reconciliation,0.03,placeholder,1,0.0158311345646438,True
0.0,0.0,0.03,0.0,0.0,1666,34,True,True,0,0.0183768272399902,{},False,,key1_placeholder_reconciliation_0.03,3,reconciliation,0.03,placeholder,1,0.0158311345646438,False
0.0,0.0,0.03,0.0,0.0002933411557641,1666,34,False,False,799,0.0220715999603271,{'reconciliation_state': 1},False,,key1_placeholder_reconciliation_0.03,4,reconciliation,0.03,placeholder,1,0.0158311345646438,True
0.0,0.0,0.03,0.0,0.0005866823115283,1666,34,False,False,826,0.0226891040802001,{'reconciliation_state': 2},False,,key1_placeholder_reconciliation_0.03,5,reconciliation,0.03,placeholder,1,0.0158311345646438,True
0.0,0.0,0.03,0.0,0.0002933411557641,1666,34,False,False,812,0.0209155082702636,{'reconciliation_state': 1},False,,key1_placeholder_reconciliation_0.03,6,reconciliation,0.03,placeholder,1,0.0158311345646438,True
0.0,0.0,0.03,0.0,0.0,1666,34,True,True,0,0.0185317993164062,{},False,,key1_placeholder_reconciliation_0.03,7,reconciliation,0.03,placeholder,1,0.0158311345646438,False
0.0,0.0,0.03,0.0,0.0005866823115283,1666,34,False,False,827,0.0218582153320312,{'reconciliation_state': 2},False,,key1_placeholder_reconciliation_0.03,8,reconciliation,0.03,placeholder,1,0.0158311345646438,True
0.0,0.0,0.03,0.0,0.0005866823115283,1666,34,False,False,831,0.021991491317749,{'reconciliation_state': 2},False,,key1_placeholder_reconciliation_0.03,9,reconciliation,0.03,placeholder,1,0.0158311345646438,True
0.0,0.0,0.03,0.0,0.0002933411557641,1666,34,False,False,843,0.0209195613861084,{'reconciliation_state': 1},False,,key1_placeholder_reconciliation_0.03,10,reconciliation,0.03,placeholder,1,0.0158311345646438,True
0.0,0.0,0.03,0.0,0.0002933411557641,1666,34,False,False,837,0.0204608440399169,{'reconciliation_state': 1},False,,key1_placeholder_reconciliation_0.03,11,reconciliation,0.03,placeholder,1,0.0158311345646438,True
0.0,0.0,0.03,0.0,0.0002933411557641,1666,34,False,False,789,0.0204889774322509,{'reconciliation_state': 1},False,,key1_placeholder_reconciliation_0.03,12,reconciliation,0.03,placeholder,1,0.0158311345646438,True
0.0,0.0,0.03,0.0,0.0,1666,34,True,True,0,0.0193085670471191,{},False,,key1_placeholder_reconciliation_0.03,13,reconciliation,0.03,placeholder,1,0.0158311345646438,False
0.0,0.0,0.03,0.0,0.0002933411557641,1666,34,False,False,822,0.0213122367858886,{'reconciliation_state': 1},False,,key1_placeholder_reconciliation_0.03,14,reconciliation,0.03,placeholder,1,0.0158311345646438,True
0.0,0.0,0.03,0.0,0.0005866823115283,1666,34,False,False,846,0.0206053256988525,{'reconciliation_state': 2},False,,key1_placeholder_reconciliation_0.03,15,reconciliation,0.03,placeholder,1,0.0158311345646438,True
0.0,0.0,0.03,0.0,0.0008800234672924,1666,34,False,False,808,0.0221948623657226,{'reconciliation_state': 3},False,,key1_placeholder_reconciliation_0.03,16,reconciliation,0.03,placeholder,1,0.0158311345646438,True
0.0,0.0,0.03,0.0,0.0008800234672924,1666,34,False,False,841,0.0208420753479003,{'reconciliation_state': 3},False,,key1_placeholder_reconciliation_0.03,17,reconciliation,0.03,placeholder,1,0.0158311345646438,True
0.0,0.0,0.03,0.0,0.0005866823115283,1666,34,False,False,819,0.0197396278381347,{'reconciliation_state': 2},False,,key1_placeholder_reconciliation_0.03,18,reconciliation,0.03,placeholder,1,0.0158311345646438,True
0.0,0.0,0.03,0.0,0.0002933411557641,1666,34,False,False,837,0.0236213207244873,{'reconciliation_state': 1},False,,key1_placeholder_reconciliation_0.03,19,reconciliation,0.03,placeholder,1,0.0158311345646438,True
0.0,0.0,0.01,0.0,0.0,1666,34,True,True,0,0.02016282081604,{},False,,key1_placeholder_reconciliation_0.01,0,reconciliation,0.01,placeholder,1,0.0158311345646438,False
0.0,0.0,0.01,0.0,0.0,1666,34,True,True,0,0.019050121307373,{},False,,key1_placeholder_reconciliation_0.01,1,reconciliation,0.01,placeholder,1,0.0158311345646438,False
0.0,0.0,0.01,0.0,0.0002933411557641,1666,34,False,False,828,0.0198793411254882,{'reconciliation_state': 1},False,,key1_placeholder_reconciliation_0.01,2,reconciliation,0.01,placeholder,1,0.0158311345646438,True
0.0,0.0,0.01,0.0,0.0,1666,34,True,True,0,0.020143985748291,{},False,,key1_placeholder_reconciliation_0.01,3,reconciliation,0.01,placeholder,1,0.0158311345646438,False
0.0,0.0,0.01,0.0,0.0,1666,34,True,True,0,0.0190591812133789,{},False,,key1_placeholder_reconciliation_0.01,4,reconciliation,0.01,placeholder,1,0.0158311345646438,False
0.0,0.0,0.01,0.0,0.0,1666,34,True,True,0,0.0188124179840087,{},False,,key1_placeholder_reconciliation_0.01,5,reconciliation,0.01,placeholder,1,0.0158311345646438,False
0.0,0.0,0.01,0.0,0.0,1666,34,True,True,0,0.0198032855987548,{},False,,key1_placeholder_reconciliation_0.01,6,reconciliation,0.01,placeholder,1,0.0158311345646438,False
0.0,0.0,0.01,0.0,0.0,1666,34,True,True,0,0.0192043781280517,{},False,,key1_placeholder_reconciliation_0.01,7,reconciliation,0.01,placeholder,1,0.0158311345646438,False
0.0,0.0,0.01,0.0,0.0002933411557641,1666,34,False,False,832,0.0205597877502441,{'reconciliation_state': 1},False,,key1_placeholder_reconciliation_0.01,8,reconciliation,0.01,placeholder,1,0.0158311345646438,True
0.0,0.0,0.01,0.0,0.0,1666,34,True,True,0,0.0200345516204834,{},False,,key1_placeholder_reconciliation_0.01,9,reconciliation,0.01,placeholder,1,0.0158311345646438,False
0.0,0.0,0.01,0.0,0.0,1666,34,True,True,0,0.0214946269989013,{},False,,key1_placeholder_reconciliation_0.01,10,reconciliation,0.01,placeholder,1,0.0158311345646438,False
0.0,0.0,0.01,0.0,0.0,1666,34,True,True,0,0.0215029716491699,{},False,,key1_placeholder_reconciliation_0.01,11,reconciliation,0.01,placeholder,1,0.0158311345646438,False
0.0,0.0,0.01,0.0,0.0,1666,34,True,True,0,0.0193681716918945,{},False,,key1_placeholder_reconciliation_0.01,12,reconciliation,0.01,placeholder,1,0.0158311345646438,False
0.0,0.0,0.01,0.0,0.0,1666,34,True,True,0,0.0203778743743896,{},False,,key1_placeholder_reconciliation_0.01,13,reconciliation,0.01,placeholder,1,0.0158311345646438,False
0.0,0.0,0.01,0.0,0.0002933411557641,1666,34,False,False,801,0.0199275016784667,{'reconciliation_state': 1},False,,key1_placeholder_reconciliation_0.01,14,reconciliation,0.01,placeholder,1,0.0158311345646438,True
0.0,0.0,0.01,0.0,0.0002933411557641,1666,34,False,False,833,0.0223405361175537,{'reconciliation_state': 1},False,,key1_placeholder_reconciliation_0.01,15,reconciliation,0.01,placeholder,1,0.0158311345646438,True
0.0,0.0,0.01,0.0,0.0002933411557641,1666,34,False,False,803,0.019500732421875,{'reconciliation_state': 1},False,,key1_placeholder_reconciliation_0.01,16,reconciliation,0.01,placeholder,1,0.0158311345646438,True
0.0,0.0,0.01,0.0,0.0,1666,34,True,True,0,0.0189363956451416,{},False,,key1_placeholder_reconciliation_0.01,17,reconciliation,0.01,placeholder,1,0.0158311345646438,False
0.0,0.0,0.01,0.0,0.0,1666,34,True,True,0,0.019097089767456,{},False,,key1_placeholder_reconciliation_0.01,18,reconciliation,0.01,placeholder,1,0.0158311345646438,False
0.0,0.0,0.01,0.0,0.0,1666,34,True,True,0,0.0205011367797851,{},False,,key1_placeholder_reconciliation_0.01,19,reconciliation,0.01,placeholder,1,0.0158311345646438,False
0.0,0.0,0.003,0.0,0.0,1666,34,True,True,0,0.0216066837310791,{},False,,key1_placeholder_reconciliation_0.003,0,reconciliation,0.003,placeholder,1,0.0158311345646438,False
0.0,0.0,0.003,0.0,0.0,1666,34,True,True,0,0.0195438861846923,{},False,,key1_placeholder_reconciliation_0.003,1,reconciliation,0.003,placeholder,1,0.0158311345646438,False
0.0,0.0,0.003,0.0,0.0,1666,34,True,True,0,0.0195338726043701,{},False,,key1_placeholder_reconciliation_0.003,2,reconciliation,0.003,placeholder,1,0.0158311345646438,False
0.0,0.0,0.003,0.0,0.0,1666,34,True,True,0,0.0197172164916992,{},False,,key1_placeholder_reconciliation_0.003,3,reconciliation,0.003,placeholder,1,0.0158311345646438,False
0.0,0.0,0.003,0.0,0.0,1666,34,True,True,0,0.0186681747436523,{},False,,key1_placeholder_reconciliation_0.003,4,reconciliation,0.003,placeholder,1,0.0158311345646438,False
0.0,0.0,0.003,0.0,0.0,1666,34,True,True,0,0.0192718505859375,{},False,,key1_placeholder_reconciliation_0.003,5,reconciliation,0.003,placeholder,1,0.0158311345646438,False
0.0,0.0,0.003,0.0,0.0,1666,34,True,True,0,0.0186018943786621,{},False,,key1_placeholder_reconciliation_0.003,6,reconciliation,0.003,placeholder,1,0.0158311345646438,False
0.0,0.0,0.003,0.0,0.0,1666,34,True,True,0,0.023306131362915,{},False,,key1_placeholder_reconciliation_0.003,7,reconciliation,0.003,placeholder,1,0.0158311345646438,False
0.0,0.0,0.003,0.0,0.0,1666,34,True,True,0,0.0220966339111328,{},False,,key1_placeholder_reconciliation_0.003,8,reconciliation,0.003,placeholder,1,0.0158311345646438,False
0.0,0.0,0.003,0.0,0.0,1666,34,True,True,0,0.0206940174102783,{},False,,key1_placeholder_reconciliation_0.003,9,reconciliation,0.003,placeholder,1,0.0158311345646438,False
0.0,0.0,0.003,0.0,0.0,1666,34,True,True,0,0.0211942195892334,{},False,,key1_placeholder_reconciliation_0.003,10,reconciliation,0.003,placeholder,1,0.0158311345646438,False
0.0,0.0,0.003,0.0,0.0,1666,34,True,True,0,0.0206632614135742,{},False,,key1_placeholder_reconciliation_0.003,11,reconciliation,0.003,placeholder,1,0.0158311345646438,False
0.0,0.0,0.003,0.0,0.0,1666,34,True,True,0,0.0193202495574951,{},False,,key1_placeholder_reconciliation_0.003,12,reconciliation,0.003,placeholder,1,0.0158311345646438,False
0.0,0.0,0.003,0.0,0.0,1666,34,True,True,0,0.0210981369018554,{},False,,key1_placeholder_reconciliation_0.003,13,reconciliation,0.003,placeholder,1,0.0158311345646438,False
0.0,0.0,0.003,0.0,0.0,1666,34,True,True,0,0.0202183723449707,{},False,,key1_placeholder_reconciliation_0.003,14,reconciliation,0.003,placeholder,1,0.0158311345646438,False
0.0,0.0,0.003,0.0,0.0,1666,34,True,True,0,0.0199978351593017,{},False,,key1_placeholder_reconciliation_0.003,15,reconciliation,0.003,placeholder,1,0.0158311345646438,False
0.0,0.0,0.003,0.0,0.0002933411557641,1666,34,False,False,871,0.0205013751983642,{'reconciliation_state': 1},False,,key1_placeholder_reconciliation_0.003,16,reconciliation,0.003,placeholder,1,0.0158311345646438,True
0.0,0.0,0.003,0.0,0.0,1666,34,True,True,0,0.019805908203125,{},False,,key1_placeholder_reconciliation_0.003,17,reconciliation,0.003,placeholder,1,0.0158311345646438,False
0.0,0.0,0.003,0.0,0.0,1666,34,True,True,0,0.0195822715759277,{},False,,key1_placeholder_reconciliation_0.003,18,reconciliation,0.003,placeholder,1,0.0158311345646438,False
0.0,0.0,0.003,0.0,0.0,1666,34,True,True,0,0.0189573764801025,{},False,,key1_placeholder_reconciliation_0.003,19,reconciliation,0.003,placeholder,1,0.0158311345646438,False
0.0,0.0,0.001,0.0,0.0,1666,34,True,True,0,0.0219242572784423,{},False,,key1_placeholder_reconciliation_0.001,0,reconciliation,0.001,placeholder,1,0.0158311345646438,False
0.0,0.0,0.001,0.0,0.0,1666,34,True,True,0,0.0203652381896972,{},False,,key1_placeholder_reconciliation_0.001,1,reconciliation,0.001,placeholder,1,0.0158311345646438,False
0.0,0.0,0.001,0.0,0.0,1666,34,True,True,0,0.0189616680145263,{},False,,key1_placeholder_reconciliation_0.001,2,reconciliation,0.001,placeholder,1,0.0158311345646438,False
0.0,0.0,0.001,0.0,0.0,1666,34,True,True,0,0.0201616287231445,{},False,,key1_placeholder_reconciliation_0.001,3,reconciliation,0.001,placeholder,1,0.0158311345646438,False
0.0,0.0,0.001,0.0,0.0,1666,34,True,True,0,0.0188233852386474,{},False,,key1_placeholder_reconciliation_0.001,4,reconciliation,0.001,placeholder,1,0.0158311345646438,False
0.0,0.0,0.001,0.0,0.0,1666,34,True,True,0,0.0196738243103027,{},False,,key1_placeholder_reconciliation_0.001,5,reconciliation,0.001,placeholder,1,0.0158311345646438,False
0.0,0.0,0.001,0.0,0.0,1666,34,True,True,0,0.0193161964416503,{},False,,key1_placeholder_reconciliation_0.001,6,reconciliation,0.001,placeholder,1,0.0158311345646438,False
0.0,0.0,0.001,0.0,0.0,1666,34,True,True,0,0.0196805000305175,{},False,,key1_placeholder_reconciliation_0.001,7,reconciliation,0.001,placeholder,1,0.0158311345646438,False
0.0,0.0,0.001,0.0,0.0,1666,34,True,True,0,0.0193088054656982,{},False,,key1_placeholder_reconciliation_0.001,8,reconciliation,0.001,placeholder,1,0.0158311345646438,False
0.0,0.0,0.001,0.0,0.0,1666,34,True,True,0,0.0190377235412597,{},False,,key1_placeholder_reconciliation_0.001,9,reconciliation,0.001,placeholder,1,0.0158311345646438,False
0.0,0.0,0.001,0.0,0.0,1666,34,True,True,0,0.0201649665832519,{},False,,key1_placeholder_reconciliation_0.001,10,reconciliation,0.001,placeholder,1,0.0158311345646438,False
0.0,0.0,0.001,0.0,0.0,1666,34,True,True,0,0.0214641094207763,{},False,,key1_placeholder_reconciliation_0.001,11,reconciliation,0.001,placeholder,1,0.0158311345646438,False
0.0,0.0,0.001,0.0,0.0,1666,34,True,True,0,0.0197477340698242,{},False,,key1_placeholder_reconciliation_0.001,12,reconciliation,0.001,placeholder,1,0.0158311345646438,False
0.0,0.0,0.001,0.0,0.0,1666,34,True,True,0,0.0191800594329834,{},False,,key1_placeholder_reconciliation_0.001,13,reconciliation,0.001,placeholder,1,0.0158311345646438,False
0.0,0.0,0.001,0.0,0.0,1666,34,True,True,0,0.0186388492584228,{},False,,key1_placeholder_reconciliation_0.001,14,reconciliation,0.001,placeholder,1,0.0158311345646438,False
0.0,0.0,0.001,0.0,0.0,1666,34,True,True,0,0.0204064846038818,{},False,,key1_placeholder_reconciliation_0.001,15,reconciliation,0.001,placeholder,1,0.0158311345646438,False
0.0,0.0,0.001,0.0,0.0,1666,34,True,True,0,0.0187151432037353,{},False,,key1_placeholder_reconciliation_0.001,16,reconciliation,0.001,placeholder,1,0.0158311345646438,False
0.0,0.0,0.001,0.0,0.0,1666,34,True,True,0,0.0193727016448974,{},False,,key1_placeholder_reconciliation_0.001,17,reconciliation,0.001,placeholder,1,0.0158311345646438,False
0.0,0.0,0.001,0.0,0.0,1666,34,True,True,0,0.0194239616394042,{},False,,key1_placeholder_reconciliation_0.001,18,reconciliation,0.001,placeholder,1,0.0158311345646438,False
0.0,0.0,0.001,0.0,0.0,1666,34,True,True,0,0.0198967456817626,{},False,,key1_placeholder_reconciliation_0.001,19,reconciliation,0.001,placeholder,1,0.0158311345646438,False
0.5,0.0,0.0,0.0,0.0,3180,34,True,True,0,0.0335822105407714,{},False,,key2_asymptotic_toeplitz_0.5,0,toeplitz,0.5,asymptotic,2,0.0026737967914438,False
0.5,0.0,0.0,0.0,0.0,3180,34,True,True,0,0.0365152359008789,{'toeplitz_matrix': 1},False,,key2_asymptotic_toeplitz_0.5,1,toeplitz,0.5,asymptotic,2,0.0026737967914438,False
0.5,0.0,0.0,0.0,0.000595238095238,3180,34,False,False,1536,0.0359792709350585,{},False,,key2_asymptotic_toeplitz_0.5,2,toeplitz,0.5,asymptotic,2,0.0026737967914438,True
0.5,0.0,0.0,0.0,0.000595238095238,3180,34,False,False,1629,0.0399115085601806,{},False,,key2_asymptotic_toeplitz_0.5,3,toeplitz,0.5,asymptotic,2,0.0026737967914438,True
0.5,0.0,0.0,0.0,0.0,3180,34,True,True,0,0.0390763282775878,{'toeplitz_matrix': 1},False,,key2_asymptotic_toeplitz_0.5,4,toeplitz,0.5,asymptotic,2,0.0026737967914438,False
0.5,0.0,0.0,0.0,0.0,3180,34,True,True,0,0.028369665145874,{},False,,key2_asymptotic_toeplitz_0.5,5,toeplitz,0.5,asymptotic,2,0.0026737967914438,False
0.5,0.0,0.0,0.0,0.0,3180,34,True,True,0,0.0344328880310058,{},False,,key2_asymptotic_toeplitz_0.5,6,toeplitz,0.5,asymptotic,2,0.0026737967914438,False
0.5,0.0,0.0,0.0,0.0,3180,34,True,False,1,0.0309891700744628,{'toeplitz_matrix': 1},False,,key2_asymptotic_toeplitz_0.5,7,toeplitz,0.5,asymptotic,2,0.0026737967914438,True
0.5,0.0,0.0,0.0,0.0,3180,34,True,False,1,0.0286471843719482,{'toeplitz_matrix': 1},False,,key2_asymptotic_toeplitz_0.5,8,toeplitz,0.5,asymptotic,2,0.0026737967914438,True
0.5,0.0,0.0,0.0,0.0,3180,34,True,True,0,0.0338058471679687,{},False,,key2_asymptotic_toeplitz_0.5,9,toeplitz,0.5,asymptotic,2,0.0026737967914438,False
0.5,0.0,0.0,0.0,0.0,3180,34,True,True,0,0.0388391017913818,{},False,,key2_asymptotic_toeplitz_0.5,10,toeplitz,0.5,asymptotic,2,0.0026737967914438,False
0.5,0.0,0.0,0.0,0.0,3180,34,True,True,0,0.0340702533721923,{},False,,key2_asymptotic_toeplitz_0.5,11,toeplitz,0.5,asymptotic,2,0.0026737967914438,False
0.5,0.0,0.0,0.0,0.0,3180,34,True,True,0,0.0366442203521728,{'toeplitz_matrix': 1},False,,key2_asymptotic_toeplitz_0.5,12,toeplitz,0.5,asymptotic,2,0.0026737967914438,False
0.5,0.0,0.0,0.0,0.0,3180,34,True,True,0,0.0366742610931396,{'toeplitz_matrix': 1},False,,key2_asymptotic_toeplitz_0.5,13,toeplitz,0.5,asymptotic,2,0.0026737967914438,False
0.5,0.0,0.0,0.0,0.0,3180,34,True,True,0,0.0360946655273437,{'toeplitz_matrix': 1},False,,key2_asymptotic_toeplitz_0.5,14,toeplitz,0.5,asymptotic,2,0.0026737967914438,False
0.5,0.0,0.0,0.0,0.0,3180,34,True,True,0,0.0376818180084228,{},False,,key2_asymptotic_toeplitz_0.5,15,toeplitz,0.5,asymptotic,2,0.0026737967914438,False
0.5,0.0,0.0,0.0,0.0,3180,34,True,True,0,0.0285248756408691,{},False,,key2_asymptotic_toeplitz_0.5,16,toeplitz,0.5,asymptotic,2,0.0026737967914438,False
0.5,0.0,0.0,0.0,0.0,3180,34,True,True,0,0.0348086357116699,{'toeplitz_matrix': 1},False,,key2_asymptotic_toeplitz_0.5,17,toeplitz,0.5,asymptotic,2,0.0026737967914438,False
0.5,0.0,0.0,0.0,0.0,3180,34,True,True,0,0.0294258594512939,{},False,,key2_asymptotic_toeplitz_0.5,18,toeplitz,0.5,asymptotic,2,0.0026737967914438,False
0.5,0.0,0.0,0.0,0.0,3180,34,True,True,0,0.0377397537231445,{},False,,key2_asymptotic_toeplitz_0.5,19,toeplitz,0.5,asymptotic,2,0.0026737967914438,False
0.3,0.0,0.0,0.0,0.0,3180,34,True,True,0,0.0325634479522705,{},False,,key2_asymptotic_toeplitz_0.3,0,toeplitz,0.3,asymptotic,2,0.0026737967914438,False
0.3,0.0,0.0,0.0,0.0,3180,34,True,True,0,0.0356547832489013,{'toeplitz_matrix': 1},False,,key2_asymptotic_toeplitz_0.3,1,toeplitz,0.3,asymptotic,2,0.0026737967914438,False
0.3,0.0,0.0,0.0,0.000595238095238,3180,34,False,False,1623,0.0321605205535888,{},False,,key2_asymptotic_toeplitz_0.3,2,toeplitz,0.3,asymptotic,2,0.0026737967914438,True
0.3,0.0,0.0,0.0,0.000595238095238,3180,34,False,False,1590,0.0340204238891601,{},False,,key2_asymptotic_toeplitz_0.3,3,toeplitz,0.3,asymptotic,2,0.0026737967914438,True
0.3,0.0,0.0,0.0,0.0,3180,34,True,True,0,0.0325300693511962,{},False,,key2_asymptotic_toeplitz_0.3,4,toeplitz,0.3,asymptotic,2,0.0026737967914438,False
0.3,0.0,0.0,0.0,0.0,3180,34,True,True,0,0.0286893844604492,{},False,,key2_asymptotic_toeplitz_0.3,5,toeplitz,0.3,asymptotic,2,0.0026737967914438,False
0.3,0.0,0.0,0.0,0.0,3180,34,True,True,0,0.0340614318847656,{},False,,key2_asymptotic_toeplitz_0.3,6,toeplitz,0.3,asymptotic,2,0.0026737967914438,False
0.3,0.0,0.0,0.0,0.0,3180,34,True,True,0,0.028881549835205,{},False,,key2_asymptotic_toeplitz_0.3,7,toeplitz,0.3,asymptotic,2,0.0026737967914438,False
0.3,0.0,0.0,0.0,0.0,3180,34,True,True,0,0.0293619632720947,{},False,,key2_asymptotic_toeplitz_0.3,8,toeplitz,0.3,asymptotic,2,0.0026737967914438,False
0.3,0.0,0.0,0.0,0.0,3180,34,True,True,0,0.0331082344055175,{},False,,key2_asymptotic_toeplitz_0.3,9,toeplitz,0.3,asymptotic,2,0.0026737967914438,False
0.3,0.0,0.0,0.0,0.0,3180,34,True,True,0,0.0336151123046875,{},False,,key2_asymptotic_toeplitz_0.3,10,toeplitz,0.3,asymptotic,2,0.0026737967914438,False
0.3,0.0,0.0,0.0,0.0,3180,34,True,True,0,0.0339589118957519,{},False,,key2_asymptotic_toeplitz_0.3,11,toeplitz,0.3,asymptotic,2,0.0026737967914438,False
0.3,0.0,0.0,0.0,0.0,3180,34,True,True,0,0.0349061489105224,{},False,,key2_asymptotic_toeplitz_0.3,12,toeplitz,0.3,asymptotic,2,0.0026737967914438,False
0.3,0.0,0.0,0.0,0.0,3180,34,True,True,0,0.0363831520080566,{'toeplitz_matrix': 1},False,,key2_asymptotic_toeplitz_0.3,13,toeplitz,0.3,asymptotic,2,0.0026737967914438,False
0.3,0.0,0.0,0.0,0.0,3180,34,True,True,0,0.0311782360076904,{'toeplitz_matrix': 1},False,,key2_asymptotic_toeplitz_0.3,14,toeplitz,0.3,asymptotic,2,0.0026737967914438,False
0.3,0.0,0.0,0.0,0.0,3180,34,True,True,0,0.0324413776397705,{},False,,key2_asymptotic_toeplitz_0.3,15,toeplitz,0.3,asymptotic,2,0.0026737967914438,False
0.3,0.0,0.0,0.0,0.0,3180,34,True,True,0,0.0310463905334472,{},False,,key2_asymptotic_toeplitz_0.3,16,toeplitz,0.3,asymptotic,2,0.0026737967914438,False
0.3,0.0,0.0,0.0,0.0,3180,34,True,True,0,0.0347125530242919,{'toeplitz_matrix': 1},False,,key2_asymptotic_toeplitz_0.3,17,toeplitz,0.3,asymptotic,2,0.0026737967914438,False
0.3,0.0,0.0,0.0,0.0,3180,34,True,True,0,0.0282514095306396,{},False,,key2_asymptotic_toeplitz_0.3,18,toeplitz,0.3,asymptotic,2,0.0026737967914438,False
0.3,0.0,0.0,0.0,0.0,3180,34,True,True,0,0.0400745868682861,{},False,,key2_asymptotic_toeplitz_0.3,19,toeplitz,0.3,asymptotic,2,0.0026737967914438,False
0.1,0.0,0.0,0.0,0.0,3180,34,True,True,0,0.0369110107421875,{},False,,key2_asymptotic_toeplitz_0.1,0,toeplitz,0.1,asymptotic,2,0.0026737967914438,False
0.1,0.0,0.0,0.0,0.0,3180,34,True,True,0,0.0349369049072265,{'toeplitz_matrix': 1},False,,key2_asymptotic_toeplitz_0.1,1,toeplitz,0.1,asymptotic,2,0.0026737967914438,False
0.1,0.0,0.0,0.0,0.000595238095238,3180,34,False,False,1569,0.0334906578063964,{},False,,key2_asymptotic_toeplitz_0.1,2,toeplitz,0.1,asymptotic,2,0.0026737967914438,True
0.1,0.0,0.0,0.0,0.000595238095238,3180,34,False,False,1564,0.0368766784667968,{},False,,key2_asymptotic_toeplitz_0.1,3,toeplitz,0.1,asymptotic,2,0.0026737967914438,True
0.1,0.0,0.0,0.0,0.0,3180,34,True,True,0,0.03167724609375,{},False,,key2_asymptotic_toeplitz_0.1,4,toeplitz,0.1,asymptotic,2,0.0026737967914438,False
0.1,0.0,0.0,0.0,0.0,3180,34,True,True,0,0.029672622680664,{},False,,key2_asymptotic_toeplitz_0.1,5,toeplitz,0.1,asymptotic,2,0.0026737967914438,False
0.1,0.0,0.0,0.0,0.0,3180,34,True,True,0,0.0355379581451416,{},False,,key2_asymptotic_toeplitz_0.1,6,toeplitz,0.1,asymptotic,2,0.0026737967914438,False
0.1,0.0,0.0,0.0,0.0,3180,34,True,True,0,0.0307471752166748,{},False,,key2_asymptotic_toeplitz_0.1,7,toeplitz,0.1,asymptotic,2,0.0026737967914438,False
0.1,0.0,0.0,0.0,0.0,3180,34,True,True,0,0.0293147563934326,{},False,,key2_asymptotic_toeplitz_0.1,8,toeplitz,0.1,asymptotic,2,0.0026737967914438,False
0.1,0.0,0.0,0.0,0.0,3180,34,True,True,0,0.0349237918853759,{},False,,key2_asymptotic_toeplitz_0.1,9,toeplitz,0.1,asymptotic,2,0.0026737967914438,False
0.1,0.0,0.0,0.0,0.0,3180,34,True,True,0,0.0344109535217285,{},False,,key2_asymptotic_toeplitz_0.1,10,toeplitz,0.1,asymptotic,2,0.0026737967914438,False
0.1,0.0,0.0,0.0,0.0,3180,34,True,True,0,0.0367054939270019,{},False,,key2_asymptotic_toeplitz_0.1,11,toeplitz,0.1,asymptotic,2,0.0026737967914438,False
0.1,0.0,0.0,0.0,0.0,3180,34,True,True,0,0.037257432937622,{},False,,key2_asymptotic_toeplitz_0.1,12,toeplitz,0.1,asymptotic,2,0.0026737967914438,False
0.1,0.0,0.0,0.0,0.0,3180,34,True,True,0,0.0364372730255126,{},False,,key2_asymptotic_toeplitz_0.1,13,toeplitz,0.1,asymptotic,2,0.0026737967914438,False
0.1,0.0,0.0,0.0,0.0,3180,34,True,True,0,0.0327353477478027,{'toeplitz_matrix': 1},False,,key2_asymptotic_toeplitz_0.1,14,toeplitz,0.1,asymptotic,2,0.0026737967914438,False
0.1,0.0,0.0,0.0,0.0,3180,34,True,True,0,0.0323235988616943,{},False,,key2_asymptotic_toeplitz_0.1,15,toeplitz,0.1,asymptotic,2,0.0026737967914438,False
0.1,0.0,0.0,0.0,0.0,3180,34,True,True,0,0.0286452770233154,{},False,,key2_asymptotic_toeplitz_0.1,16,toeplitz,0.1,asymptotic,2,0.0026737967914438,False
0.1,0.0,0.0,0.0,0.0,3180,34,True,True,0,0.0338966846466064,{'toeplitz_matrix': 1},False,,key2_asymptotic_toeplitz_0.1,17,toeplitz,0.1,asymptotic,2,0.0026737967914438,False
0.1,0.0,0.0,0.0,0.0,3180,34,True,True,0,0.0316812992095947,{},False,,key2_asymptotic_toeplitz_0.1,18,toeplitz,0.1,asymptotic,2,0.0026737967914438,False
0.1,0.0,0.0,0.0,0.0,3180,34,True,True,0,0.036841869354248,{},False,,key2_asymptotic_toeplitz_0.1,19,toeplitz,0.1,asymptotic,2,0.0026737967914438,False
0.05,0.0,0.0,0.0,0.0,3180,34,True,True,0,0.0338997840881347,{},False,,key2_asymptotic_toeplitz_0.05,0,toeplitz,0.05,asymptotic,2,0.0026737967914438,False
0.05,0.0,0.0,0.0,0.0,3180,34,True,True,0,0.0343649387359619,{'toeplitz_matrix': 1},False,,key2_asymptotic_toeplitz_0.05,1,toeplitz,0.05,asymptotic,2,0.0026737967914438,False
0.05,0.0,0.0,0.0,0.000595238095238,3180,34,False,False,1588,0.0327911376953125,{},False,,key2_asymptotic_toeplitz_0.05,2,toeplitz,0.05,asymptotic,2,0.0026737967914438,True
0.05,0.0,0.0,0.0,0.000595238095238,3180,34,False,False,1637,0.0344781875610351,{},False,,key2_asymptotic_toeplitz_0.05,3,toeplitz,0.05,asymptotic,2,0.0026737967914438,True
0.05,0.0,0.0,0.0,0.0,3180,34,True,True,0,0.0312745571136474,{},False,,key2_asymptotic_toeplitz_0.05,4,toeplitz,0.05,asymptotic,2,0.0026737967914438,False
0.05,0.0,0.0,0.0,0.0,3180,34,True,True,0,0.0292193889617919,{},False,,key2_asymptotic_toeplitz_0.05,5,toeplitz,0.05,asymptotic,2,0.0026737967914438,False
0.05,0.0,0.0,0.0,0.0,3180,34,True,True,0,0.0346579551696777,{},False,,key2_asymptotic_toeplitz_0.05,6,toeplitz,0.05,asymptotic,2,0.0026737967914438,False
0.05,0.0,0.0,0.0,0.0,3180,34,True,True,0,0.0281386375427246,{},False,,key2_asymptotic_toeplitz_0.05,7,toeplitz,0.05,asymptotic,2,0.0026737967914438,False
0.05,0.0,0.0,0.0,0.0,3180,34,True,True,0,0.0285325050354003,{},False,,key2_asymptotic_toeplitz_0.05,8,toeplitz,0.05,asymptotic,2,0.0026737967914438,False
0.05,0.0,0.0,0.0,0.0,3180,34,True,True,0,0.0474979877471923,{},False,,key2_asymptotic_toeplitz_0.05,9,toeplitz,0.05,asymptotic,2,0.0026737967914438,False
0.05,0.0,0.0,0.0,0.0,3180,34,True,True,0,0.0488395690917968,{},False,,key2_asymptotic_toeplitz_0.05,10,toeplitz,0.05,asymptotic,2,0.0026737967914438,False
0.05,0.0,0.0,0.0,0.0,3180,34,True,True,0,0.0349619388580322,{},False,,key2_asymptotic_toeplitz_0.05,11,toeplitz,0.05,asymptotic,2,0.0026737967914438,False
0.05,0.0,0.0,0.0,0.0,3180,34,True,True,0,0.0400986671447753,{},False,,key2_asymptotic_toeplitz_0.05,12,toeplitz,0.05,asymptotic,2,0.0026737967914438,False
0.05,0.0,0.0,0.0,0.0,3180,34,True,True,0,0.0346410274505615,{},False,,key2_asymptotic_toeplitz_0.05,13,toeplitz,0.05,asymptotic,2,0.0026737967914438,False
0.05,0.0,0.0,0.0,0.0,3180,34,True,True,0,0.0304071903228759,{},False,,key2_asymptotic_toeplitz_0.05,14,toeplitz,0.05,asymptotic,2,0.0026737967914438,False
0.05,0.0,0.0,0.0,0.0,3180,34,True,True,0,0.0328168869018554,{},False,,key2_asymptotic_toeplitz_0.05,15,toeplitz,0.05,asymptotic,2,0.0026737967914438,False
0.05,0.0,0.0,0.0,0.0,3180,34,True,True,0,0.0283935070037841,{},False,,key2_asymptotic_toeplitz_0.05,16,toeplitz,0.05,asymptotic,2,0.0026737967914438,False
0.05,0.0,0.0,0.0,0.0,3180,34,True,True,0,0.0379352569580078,{},False,,key2_asymptotic_toeplitz_0.05,17,toeplitz,0.05,asymptotic,2,0.0026737967914438,False
0.05,0.0,0.0,0.0,0.0,3180,34,True,True,0,0.0318045616149902,{},False,,key2_asymptotic_toeplitz_0.05,18,toeplitz,0.05,asymptotic,2,0.0026737967914438,False
0.05,0.0,0.0,0.0,0.0,3180,34,True,True,0,0.0370314121246337,{},False,,key2_asymptotic_toeplitz_0.05,19,toeplitz,0.05,asymptotic,2,0.0026737967914438,False
0.03,0.0,0.0,0.0,0.0,3180,34,True,True,0,0.0339839458465576,{},False,,key2_asymptotic_toeplitz_0.03,0,toeplitz,0.03,asymptotic,2,0.0026737967914438,False
0.03,0.0,0.0,0.0,0.0,3180,34,True,True,0,0.0371532440185546,{},False,,key2_asymptotic_toeplitz_0.03,1,toeplitz,0.03,asymptotic,2,0.0026737967914438,False
0.03,0.0,0.0,0.0,0.000595238095238,3180,34,False,False,1619,0.0327413082122802,{},False,,key2_asymptotic_toeplitz_0.03,2,toeplitz,0.03,asymptotic,2,0.0026737967914438,True
0.03,0.0,0.0,0.0,0.000595238095238,3180,34,False,False,1570,0.0348193645477294,{},False,,key2_asymptotic_toeplitz_0.03,3,toeplitz,0.03,asymptotic,2,0.0026737967914438,True
0.03,0.0,0.0,0.0,0.0,3180,34,True,True,0,0.0314533710479736,{},False,,key2_asymptotic_toeplitz_0.03,4,toeplitz,0.03,asymptotic,2,0.0026737967914438,False
0.03,0.0,0.0,0.0,0.0,3180,34,True,True,0,0.0282018184661865,{},False,,key2_asymptotic_toeplitz_0.03,5,toeplitz,0.03,asymptotic,2,0.0026737967914438,False
0.03,0.0,0.0,0.0,0.0,3180,34,True,True,0,0.0603785514831543,{},False,,key2_asymptotic_toeplitz_0.03,6,toeplitz,0.03,asymptotic,2,0.0026737967914438,False
0.03,0.0,0.0,0.0,0.0,3180,34,True,True,0,0.033339500427246,{},False,,key2_asymptotic_toeplitz_0.03,7,toeplitz,0.03,asymptotic,2,0.0026737967914438,False
0.03,0.0,0.0,0.0,0.0,3180,34,True,True,0,0.0288152694702148,{},False,,key2_asymptotic_toeplitz_0.03,8,toeplitz,0.03,asymptotic,2,0.0026737967914438,False
0.03,0.0,0.0,0.0,0.0,3180,34,True,True,0,0.0334889888763427,{},False,,key2_asymptotic_toeplitz_0.03,9,toeplitz,0.03,asymptotic,2,0.0026737967914438,False
0.03,0.0,0.0,0.0,0.0,3180,34,True,True,0,0.0338804721832275,{},False,,key2_asymptotic_toeplitz_0.03,10,toeplitz,0.03,asymptotic,2,0.0026737967914438,False
0.03,0.0,0.0,0.0,0.0,3180,34,True,True,0,0.0349109172821044,{},False,,key2_asymptotic_toeplitz_0.03,11,toeplitz,0.03,asymptotic,2,0.0026737967914438,False
0.03,0.0,0.0,0.0,0.0,3180,34,True,True,0,0.0349347591400146,{},False,,key2_asymptotic_toeplitz_0.03,12,toeplitz,0.03,asymptotic,2,0.0026737967914438,False
0.03,0.0,0.0,0.0,0.0,3180,34,True,True,0,0.035898208618164,{},False,,key2_asymptotic_toeplitz_0.03,13,toeplitz,0.03,asymptotic,2,0.0026737967914438,False
0.03,0.0,0.0,0.0,0.0,3180,34,True,True,0,0.031142234802246,{},False,,key2_asymptotic_toeplitz_0.03,14,toeplitz,0.03,asymptotic,2,0.0026737967914438,False
0.03,0.0,0.0,0.0,0.0,3180,34,True,True,0,0.0331995487213134,{},False,,key2_asymptotic_toeplitz_0.03,15,toeplitz,0.03,asymptotic,2,0.0026737967914438,False
0.03,0.0,0.0,0.0,0.0,3180,34,True,True,0,0.0284821987152099,{},False,,key2_asymptotic_toeplitz_0.03,16,toeplitz,0.03,asymptotic,2,0.0026737967914438,False
0.03,0.0,0.0,0.0,0.0,3180,34,True,True,0,0.0386192798614501,{},False,,key2_asymptotic_toeplitz_0.03,17,toeplitz,0.03,asymptotic,2,0.0026737967914438,False
0.03,0.0,0.0,0.0,0.0,3180,34,True,True,0,0.0314087867736816,{},False,,key2_asymptotic_toeplitz_0.03,18,toeplitz,0.03,asymptotic,2,0.0026737967914438,False
0.03,0.0,0.0,0.0,0.0,3180,34,True,True,0,0.0354714393615722,{},False,,key2_asymptotic_toeplitz_0.03,19,toeplitz,0.03,asymptotic,2,0.0026737967914438,False
0.01,0.0,0.0,0.0,0.0,3180,34,True,True,0,0.0348107814788818,{},False,,key2_asymptotic_toeplitz_0.01,0,toeplitz,0.01,asymptotic,2,0.0026737967914438,False
0.01,0.0,0.0,0.0,0.0,3180,34,True,True,0,0.0410399436950683,{},False,,key2_asymptotic_toeplitz_0.01,1,toeplitz,0.01,asymptotic,2,0.0026737967914438,False
0.01,0.0,0.0,0.0,0.000595238095238,3180,34,False,False,1546,0.0344429016113281,{},False,,key2_asymptotic_toeplitz_0.01,2,toeplitz,0.01,asymptotic,2,0.0026737967914438,True
0.01,0.0,0.0,0.0,0.000595238095238,3180,34,False,False,1548,0.0347762107849121,{},False,,key2_asymptotic_toeplitz_0.01,3,toeplitz,0.01,asymptotic,2,0.0026737967914438,True
0.01,0.0,0.0,0.0,0.0,3180,34,True,True,0,0.0321395397186279,{},False,,key2_asymptotic_toeplitz_0.01,4,toeplitz,0.01,asymptotic,2,0.0026737967914438,False
0.01,0.0,0.0,0.0,0.0,3180,34,True,True,0,0.0293507575988769,{},False,,key2_asymptotic_toeplitz_0.01,5,toeplitz,0.01,asymptotic,2,0.0026737967914438,False
0.01,0.0,0.0,0.0,0.0,3180,34,True,True,0,0.0387854576110839,{},False,,key2_asymptotic_toeplitz_0.01,6,toeplitz,0.01,asymptotic,2,0.0026737967914438,False
0.01,0.0,0.0,0.0,0.0,3180,34,True,True,0,0.0318546295166015,{},False,,key2_asymptotic_toeplitz_0.01,7,toeplitz,0.01,asymptotic,2,0.0026737967914438,False
0.01,0.0,0.0,0.0,0.0,3180,34,True,True,0,0.0420539379119873,{},False,,key2_asymptotic_toeplitz_0.01,8,toeplitz,0.01,asymptotic,2,0.0026737967914438,False
0.01,0.0,0.0,0.0,0.0,3180,34,True,True,0,0.0339598655700683,{},False,,key2_asymptotic_toeplitz_0.01,9,toeplitz,0.01,asymptotic,2,0.0026737967914438,False
0.01,0.0,0.0,0.0,0.0,3180,34,True,True,0,0.0342066287994384,{},False,,key2_asymptotic_toeplitz_0.01,10,toeplitz,0.01,asymptotic,2,0.0026737967914438,False
0.01,0.0,0.0,0.0,0.0,3180,34,True,True,0,0.0357499122619628,{},False,,key2_asymptotic_toeplitz_0.01,11,toeplitz,0.01,asymptotic,2,0.0026737967914438,False
0.01,0.0,0.0,0.0,0.0,3180,34,True,True,0,0.0357589721679687,{},False,,key2_asymptotic_toeplitz_0.01,12,toeplitz,0.01,asymptotic,2,0.0026737967914438,False
0.01,0.0,0.0,0.0,0.0,3180,34,True,True,0,0.0345568656921386,{},False,,key2_asymptotic_toeplitz_0.01,13,toeplitz,0.01,asymptotic,2,0.0026737967914438,False
0.01,0.0,0.0,0.0,0.0,3180,34,True,True,0,0.0315382480621337,{},False,,key2_asymptotic_toeplitz_0.01,14,toeplitz,0.01,asymptotic,2,0.0026737967914438,False
0.01,0.0,0.0,0.0,0.0,3180,34,True,True,0,0.0331335067749023,{},False,,key2_asymptotic_toeplitz_0.01,15,toeplitz,0.01,asymptotic,2,0.0026737967914438,False
0.01,0.0,0.0,0.0,0.0,3180,34,True,True,0,0.0294957160949707,{},False,,key2_asymptotic_toeplitz_0.01,16,toeplitz,0.01,asymptotic,2,0.0026737967914438,False
0.01,0.0,0.0,0.0,0.0,3180,34,True,True,0,0.0351994037628173,{},False,,key2_asymptotic_toeplitz_0.01,17,toeplitz,0.01,asymptotic,2,0.0026737967914438,False
0.01,0.0,0.0,0.0,0.0,3180,34,True,True,0,0.0282509326934814,{},False,,key2_asymptotic_toeplitz_0.01,18,toeplitz,0.01,asymptotic,2,0.0026737967914438,False
0.01,0.0,0.0,0.0,0.0,3180,34,True,True,0,0.0386252403259277,{},False,,key2_asymptotic_toeplitz_0.01,19,toeplitz,0.01,asymptotic,2,0.0026737967914438,False
0.003,0.0,0.0,0.0,0.0,3180,34,True,True,0,0.0351278781890869,{},False,,key2_asymptotic_toeplitz_0.003,0,toeplitz,0.003,asymptotic,2,0.0026737967914438,False
0.003,0.0,0.0,0.0,0.0,3180,34,True,True,0,0.0343072414398193,{},False,,key2_asymptotic_toeplitz_0.003,1,toeplitz,0.003,asymptotic,2,0.0026737967914438,False
0.003,0.0,0.0,0.0,0.000595238095238,3180,34,False,False,1572,0.0341367721557617,{},False,,key2_asymptotic_toeplitz_0.003,2,toeplitz,0.003,asymptotic,2,0.0026737967914438,True
0.003,0.0,0.0,0.0,0.000595238095238,3180,34,False,False,1553,0.0341308116912841,{},False,,key2_asymptotic_toeplitz_0.003,3,toeplitz,0.003,asymptotic,2,0.0026737967914438,True
0.003,0.0,0.0,0.0,0.0,3180,34,True,True,0,0.0302963256835937,{},False,,key2_asymptotic_toeplitz_0.003,4,toeplitz,0.003,asymptotic,2,0.0026737967914438,False
0.003,0.0,0.0,0.0,0.0,3180,34,True,True,0,0.0287580490112304,{},False,,key2_asymptotic_toeplitz_0.003,5,toeplitz,0.003,asymptotic,2,0.0026737967914438,False
0.003,0.0,0.0,0.0,0.0,3180,34,True,True,0,0.0385341644287109,{},False,,key2_asymptotic_toeplitz_0.003,6,toeplitz,0.003,asymptotic,2,0.0026737967914438,False
0.003,0.0,0.0,0.0,0.0,3180,34,True,True,0,0.0314395427703857,{},False,,key2_asymptotic_toeplitz_0.003,7,toeplitz,0.003,asymptotic,2,0.0026737967914438,False
0.003,0.0,0.0,0.0,0.0,3180,34,True,True,0,0.0292036533355712,{},False,,key2_asymptotic_toeplitz_0.003,8,toeplitz,0.003,asymptotic,2,0.0026737967914438,False
0.003,0.0,0.0,0.0,0.0,3180,34,True,True,0,0.0331830978393554,{},False,,key2_asymptotic_toeplitz_0.003,9,toeplitz,0.003,asymptotic,2,0.0026737967914438,False
0.003,0.0,0.0,0.0,0.0,3180,34,True,True,0,0.0330085754394531,{},False,,key2_asymptotic_toeplitz_0.003,10,toeplitz,0.003,asymptotic,2,0.0026737967914438,False
0.003,0.0,0.0,0.0,0.0,3180,34,True,True,0,0.0370843410491943,{},False,,key2_asymptotic_toeplitz_0.003,11,toeplitz,0.003,asymptotic,2,0.0026737967914438,False
0.003,0.0,0.0,0.0,0.0,3180,34,True,True,0,0.035712718963623,{},False,,key2_asymptotic_toeplitz_0.003,12,toeplitz,0.003,asymptotic,2,0.0026737967914438,False
0.003,0.0,0.0,0.0,0.0,3180,34,True,True,0,0.0350253582000732,{},False,,key2_asymptotic_toeplitz_0.003,13,toeplitz,0.003,asymptotic,2,0.0026737967914438,False
0.003,0.0,0.0,0.0,0.0,3180,34,True,True,0,0.0327913761138916,{},False,,key2_asymptotic_toeplitz_0.003,14,toeplitz,0.003,asymptotic,2,0.0026737967914438,False
0.003,0.0,0.0,0.0,0.0,3180,34,True,True,0,0.0326995849609375,{},False,,key2_asymptotic_toeplitz_0.003,15,toeplitz,0.003,asymptotic,2,0.0026737967914438,False
0.003,0.0,0.0,0.0,0.0,3180,34,True,True,0,0.0290982723236084,{},False,,key2_asymptotic_toeplitz_0.003,16,toeplitz,0.003,asymptotic,2,0.0026737967914438,False
0.003,0.0,0.0,0.0,0.0,3180,34,True,True,0,0.0332717895507812,{},False,,key2_asymptotic_toeplitz_0.003,17,toeplitz,0.003,asymptotic,2,0.0026737967914438,False
0.003,0.0,0.0,0.0,0.0,3180,34,True,True,0,0.0295524597167968,{},False,,key2_asymptotic_toeplitz_0.003,18,toeplitz,0.003,asymptotic,2,0.0026737967914438,False
0.003,0.0,0.0,0.0,0.0,3180,34,True,True,0,0.0340473651885986,{},False,,key2_asymptotic_toeplitz_0.003,19,toeplitz,0.003,asymptotic,2,0.0026737967914438,False
0.001,0.0,0.0,0.0,0.0,3180,34,True,True,0,0.0336408615112304,{},False,,key2_asymptotic_toeplitz_0.001,0,toeplitz,0.001,asymptotic,2,0.0026737967914438,False
0.001,0.0,0.0,0.0,0.0,3180,34,True,True,0,0.0353403091430664,{},False,,key2_asymptotic_toeplitz_0.001,1,toeplitz,0.001,asymptotic,2,0.0026737967914438,False
0.001,0.0,0.0,0.0,0.000595238095238,3180,34,False,False,1570,0.0325775146484375,{},False,,key2_asymptotic_toeplitz_0.001,2,toeplitz,0.001,asymptotic,2,0.0026737967914438,True
0.001,0.0,0.0,0.0,0.000595238095238,3180,34,False,False,1586,0.035003662109375,{},False,,key2_asymptotic_toeplitz_0.001,3,toeplitz,0.001,asymptotic,2,0.0026737967914438,True
0.001,0.0,0.0,0.0,0.0,3180,34,True,True,0,0.0316123962402343,{},False,,key2_asymptotic_toeplitz_0.001,4,toeplitz,0.001,asymptotic,2,0.0026737967914438,False
0.001,0.0,0.0,0.0,0.0,3180,34,True,True,0,0.0327999591827392,{},False,,key2_asymptotic_toeplitz_0.001,5,toeplitz,0.001,asymptotic,2,0.0026737967914438,False
0.001,0.0,0.0,0.0,0.0,3180,34,True,True,0,0.0363962650299072,{},False,,key2_asymptotic_toeplitz_0.001,6,toeplitz,0.001,asymptotic,2,0.0026737967914438,False
0.001,0.0,0.0,0.0,0.0,3180,34,True,True,0,0.0296120643615722,{},False,,key2_asymptotic_toeplitz_0.001,7,toeplitz,0.001,asymptotic,2,0.0026737967914438,False
0.001,0.0,0.0,0.0,0.0,3180,34,True,True,0,0.0285212993621826,{},False,,key2_asymptotic_toeplitz_0.001,8,toeplitz,0.001,asymptotic,2,0.0026737967914438,False
0.001,0.0,0.0,0.0,0.0,3180,34,True,True,0,0.033858299255371,{},False,,key2_asymptotic_toeplitz_0.001,9,toeplitz,0.001,asymptotic,2,0.0026737967914438,False
0.001,0.0,0.0,0.0,0.0,3180,34,True,True,0,0.0336689949035644,{},False,,key2_asymptotic_toeplitz_0.001,10,toeplitz,0.001,asymptotic,2,0.0026737967914438,False
0.001,0.0,0.0,0.0,0.0,3180,34,True,True,0,0.0344924926757812,{},False,,key2_asymptotic_toeplitz_0.001,11,toeplitz,0.001,asymptotic,2,0.0026737967914438,False
0.001,0.0,0.0,0.0,0.0,3180,34,True,True,0,0.0345501899719238,{},False,,key2_asymptotic_toeplitz_0.001,12,toeplitz,0.001,asymptotic,2,0.0026737967914438,False
0.001,0.0,0.0,0.0,0.0,3180,34,True,True,0,0.0372848510742187,{},False,,key2_asymptotic_toeplitz_0.001,13,toeplitz,0.001,asymptotic,2,0.0026737967914438,False
0.001,0.0,0.0,0.0,0.0,3180,34,True,True,0,0.0302903652191162,{},False,,key2_asymptotic_toeplitz_0.001,14,toeplitz,0.001,asymptotic,2,0.0026737967914438,False
0.001,0.0,0.0,0.0,0.0,3180,34,True,True,0,0.0320699214935302,{},False,,key2_asymptotic_toeplitz_0.001,15,toeplitz,0.001,asymptotic,2,0.0026737967914438,False
0.001,0.0,0.0,0.0,0.0,3180,34,True,True,0,0.0351893901824951,{},False,,key2_asymptotic_toeplitz_0.001,16,toeplitz,0.001,asymptotic,2,0.0026737967914438,False
0.001,0.0,0.0,0.0,0.0,3180,34,True,True,0,0.0371749401092529,{},False,,key2_asymptotic_toeplitz_0.001,17,toeplitz,0.001,asymptotic,2,0.0026737967914438,False
0.001,0.0,0.0,0.0,0.0,3180,34,True,True,0,0.0292210578918457,{},False,,key2_asymptotic_toeplitz_0.001,18,toeplitz,0.001,asymptotic,2,0.0026737967914438,False
0.001,0.0,0.0,0.0,0.0,3180,34,True,True,0,0.0382382869720459,{},False,,key2_asymptotic_toeplitz_0.001,19,toeplitz,0.001,asymptotic,2,0.0026737967914438,False
0.0,0.5,0.0,0.0,0.0,3180,34,True,True,0,0.0356528759002685,{},False,,key2_asymptotic_final_key_0.5,0,final_key,0.5,asymptotic,2,0.0026737967914438,False
0.0,0.5,0.0,0.0,0.0,3180,34,True,False,1,0.0346362590789794,{'final_key': 1},False,,key2_asymptotic_final_key_0.5,1,final_key,0.5,asymptotic,2,0.0026737967914438,True
0.0,0.5,0.0,0.0,0.000595238095238,3180,34,False,False,1632,0.0334608554840087,{'final_key': 1},False,,key2_asymptotic_final_key_0.5,2,final_key,0.5,asymptotic,2,0.0026737967914438,True
0.0,0.5,0.0,0.0,0.000595238095238,3180,34,False,False,1607,0.0339789390563964,{},False,,key2_asymptotic_final_key_0.5,3,final_key,0.5,asymptotic,2,0.0026737967914438,True
0.0,0.5,0.0,0.0,0.0,3180,34,True,False,1,0.032447338104248,{'final_key': 1},False,,key2_asymptotic_final_key_0.5,4,final_key,0.5,asymptotic,2,0.0026737967914438,True
0.0,0.5,0.0,0.0,0.0,3180,34,True,True,0,0.0284583568572998,{},False,,key2_asymptotic_final_key_0.5,5,final_key,0.5,asymptotic,2,0.0026737967914438,False
0.0,0.5,0.0,0.0,0.0,3180,34,True,False,1,0.0348818302154541,{'final_key': 1},False,,key2_asymptotic_final_key_0.5,6,final_key,0.5,asymptotic,2,0.0026737967914438,True
0.0,0.5,0.0,0.0,0.0,3180,34,True,False,1,0.0286903381347656,{'final_key': 1},False,,key2_asymptotic_final_key_0.5,7,final_key,0.5,asymptotic,2,0.0026737967914438,True
0.0,0.5,0.0,0.0,0.0,3180,34,True,False,1,0.0287365913391113,{'final_key': 1},False,,key2_asymptotic_final_key_0.5,8,final_key,0.5,asymptotic,2,0.0026737967914438,True
0.0,0.5,0.0,0.0,0.0,3180,34,True,False,1,0.0338056087493896,{'final_key': 1},False,,key2_asymptotic_final_key_0.5,9,final_key,0.5,asymptotic,2,0.0026737967914438,True
0.0,0.5,0.0,0.0,0.0,3180,34,True,True,0,0.0322613716125488,{},False,,key2_asymptotic_final_key_0.5,10,final_key,0.5,asymptotic,2,0.0026737967914438,False
0.0,0.5,0.0,0.0,0.0,3180,34,True,True,0,0.0349164009094238,{},False,,key2_asymptotic_final_key_0.5,11,final_key,0.5,asymptotic,2,0.0026737967914438,False
0.0,0.5,0.0,0.0,0.0,3180,34,True,True,0,0.0332531929016113,{},False,,key2_asymptotic_final_key_0.5,12,final_key,0.5,asymptotic,2,0.0026737967914438,False
0.0,0.5,0.0,0.0,0.0,3180,34,True,True,0,0.0348875522613525,{},False,,key2_asymptotic_final_key_0.5,13,final_key,0.5,asymptotic,2,0.0026737967914438,False
0.0,0.5,0.0,0.0,0.0,3180,34,True,False,1,0.0312936305999755,{'final_key': 1},False,,key2_asymptotic_final_key_0.5,14,final_key,0.5,asymptotic,2,0.0026737967914438,True
0.0,0.5,0.0,0.0,0.0,3180,34,True,True,0,0.0338096618652343,{},False,,key2_asymptotic_final_key_0.5,15,final_key,0.5,asymptotic,2,0.0026737967914438,False
0.0,0.5,0.0,0.0,0.0,3180,34,True,False,1,0.0281662940979003,{'final_key': 1},False,,key2_asymptotic_final_key_0.5,16,final_key,0.5,asymptotic,2,0.0026737967914438,True
0.0,0.5,0.0,0.0,0.0,3180,34,True,True,0,0.0343449115753173,{},False,,key2_asymptotic_final_key_0.5,17,final_key,0.5,asymptotic,2,0.0026737967914438,False
0.0,0.5,0.0,0.0,0.0,3180,34,True,False,1,0.0287752151489257,{'final_key': 1},False,,key2_asymptotic_final_key_0.5,18,final_key,0.5,asymptotic,2,0.0026737967914438,True
0.0,0.5,0.0,0.0,0.0,3180,34,True,True,0,0.0340147018432617,{},False,,key2_asymptotic_final_key_0.5,19,final_key,0.5,asymptotic,2,0.0026737967914438,False
0.0,0.3,0.0,0.0,0.0,3180,34,True,True,0,0.0343720912933349,{},False,,key2_asymptotic_final_key_0.3,0,final_key,0.3,asymptotic,2,0.0026737967914438,False
0.0,0.3,0.0,0.0,0.0,3180,34,True,True,0,0.037041425704956,{},False,,key2_asymptotic_final_key_0.3,1,final_key,0.3,asymptotic,2,0.0026737967914438,False
0.0,0.3,0.0,0.0,0.000595238095238,3180,34,False,False,1605,0.0341742038726806,{'final_key': 1},False,,key2_asymptotic_final_key_0.3,2,final_key,0.3,asymptotic,2,0.0026737967914438,True
0.0,0.3,0.0,0.0,0.000595238095238,3180,34,False,False,1615,0.0343353748321533,{},False,,key2_asymptotic_final_key_0.3,3,final_key,0.3,asymptotic,2,0.0026737967914438,True
0.0,0.3,0.0,0.0,0.0,3180,34,True,False,1,0.0314974784851074,{'final_key': 1},False,,key2_asymptotic_final_key_0.3,4,final_key,0.3,asymptotic,2,0.0026737967914438,True
0.0,0.3,0.0,0.0,0.0,3180,34,True,True,0,0.0273747444152832,{},False,,key2_asymptotic_final_key_0.3,5,final_key,0.3,asymptotic,2,0.0026737967914438,False
0.0,0.3,0.0,0.0,0.0,3180,34,True,False,1,0.0403671264648437,{'final_key': 1},False,,key2_asymptotic_final_key_0.3,6,final_key,0.3,asymptotic,2,0.0026737967914438,True
0.0,0.3,0.0,0.0,0.0,3180,34,True,False,1,0.0304110050201416,{'final_key': 1},False,,key2_asymptotic_final_key_0.3,7,final_key,0.3,asymptotic,2,0.0026737967914438,True
0.0,0.3,0.0,0.0,0.0,3180,34,True,False,1,0.0286755561828613,{'final_key': 1},False,,key2_asymptotic_final_key_0.3,8,final_key,0.3,asymptotic,2,0.0026737967914438,True
0.0,0.3,0.0,0.0,0.0,3180,34,True,True,0,0.0368933677673339,{},False,,key2_asymptotic_final_key_0.3,9,final_key,0.3,asymptotic,2,0.0026737967914438,False
0.0,0.3,0.0,0.0,0.0,3180,34,True,True,0,0.0334546566009521,{},False,,key2_asymptotic_final_key_0.3,10,final_key,0.3,asymptotic,2,0.0026737967914438,False
0.0,0.3,0.0,0.0,0.0,3180,34,True,True,0,0.036761999130249,{},False,,key2_asymptotic_final_key_0.3,11,final_key,0.3,asymptotic,2,0.0026737967914438,False
0.0,0.3,0.0,0.0,0.0,3180,34,True,True,0,0.0365197658538818,{},False,,key2_asymptotic_final_key_0.3,12,final_key,0.3,asymptotic,2,0.0026737967914438,False
0.0,0.3,0.0,0.0,0.0,3180,34,True,True,0,0.0358412265777587,{},False,,key2_asymptotic_final_key_0.3,13,final_key,0.3,asymptotic,2,0.0026737967914438,False
0.0,0.3,0.0,0.0,0.0,3180,34,True,True,0,0.0306010246276855,{},False,,key2_asymptotic_final_key_0.3,14,final_key,0.3,asymptotic,2,0.0026737967914438,False
0.0,0.3,0.0,0.0,0.0,3180,34,True,True,0,0.0357484817504882,{},False,,key2_asymptotic_final_key_0.3,15,final_key,0.3,asymptotic,2,0.0026737967914438,False
0.0,0.3,0.0,0.0,0.0,3180,34,True,False,1,0.0270302295684814,{'final_key': 1},False,,key2_asymptotic_final_key_0.3,16,final_key,0.3,asymptotic,2,0.0026737967914438,True
0.0,0.3,0.0,0.0,0.0,3180,34,True,True,0,0.0342695713043212,{},False,,key2_asymptotic_final_key_0.3,17,final_key,0.3,asymptotic,2,0.0026737967914438,False
0.0,0.3,0.0,0.0,0.0,3180,34,True,False,1,0.0286455154418945,{'final_key': 1},False,,key2_asymptotic_final_key_0.3,18,final_key,0.3,asymptotic,2,0.0026737967914438,True
0.0,0.3,0.0,0.0,0.0,3180,34,True,True,0,0.0364394187927246,{},False,,key2_asymptotic_final_key_0.3,19,final_key,0.3,asymptotic,2,0.0026737967914438,False
0.0,0.1,0.0,0.0,0.0,3180,34,True,True,0,0.0341513156890869,{},False,,key2_asymptotic_final_key_0.1,0,final_key,0.1,asymptotic,2,0.0026737967914438,False
0.0,0.1,0.0,0.0,0.0,3180,34,True,True,0,0.0359587669372558,{},False,,key2_asymptotic_final_key_0.1,1,final_key,0.1,asymptotic,2,0.0026737967914438,False
0.0,0.1,0.0,0.0,0.000595238095238,3180,34,False,False,1602,0.0338504314422607,{'final_key': 1},False,,key2_asymptotic_final_key_0.1,2,final_key,0.1,asymptotic,2,0.0026737967914438,True
0.0,0.1,0.0,0.0,0.000595238095238,3180,34,False,False,1627,0.0342235565185546,{},False,,key2_asymptotic_final_key_0.1,3,final_key,0.1,asymptotic,2,0.0026737967914438,True
0.0,0.1,0.0,0.0,0.0,3180,34,True,False,1,0.0320479869842529,{'final_key': 1},False,,key2_asymptotic_final_key_0.1,4,final_key,0.1,asymptotic,2,0.0026737967914438,True
0.0,0.1,0.0,0.0,0.0,3180,34,True,True,0,0.0282032489776611,{},False,,key2_asymptotic_final_key_0.1,5,final_key,0.1,asymptotic,2,0.0026737967914438,False
0.0,0.1,0.0,0.0,0.0,3180,34,True,True,0,0.0357615947723388,{},False,,key2_asymptotic_final_key_0.1,6,final_key,0.1,asymptotic,2,0.0026737967914438,False
0.0,0.1,0.0,0.0,0.0,3180,34,True,True,0,0.0295748710632324,{},False,,key2_asymptotic_final_key_0.1,7,final_key,0.1,asymptotic,2,0.0026737967914438,False
0.0,0.1,0.0,0.0,0.0,3180,34,True,True,0,0.0302350521087646,{},False,,key2_asymptotic_final_key_0.1,8,final_key,0.1,asymptotic,2,0.0026737967914438,False
0.0,0.1,0.0,0.0,0.0,3180,34,True,True,0,0.0333797931671142,{},False,,key2_asymptotic_final_key_0.1,9,final_key,0.1,asymptotic,2,0.0026737967914438,False
0.0,0.1,0.0,0.0,0.0,3180,34,True,True,0,0.0337562561035156,{},False,,key2_asymptotic_final_key_0.1,10,final_key,0.1,asymptotic,2,0.0026737967914438,False
0.0,0.1,0.0,0.0,0.0,3180,34,True,True,0,0.0352613925933837,{},False,,key2_asymptotic_final_key_0.1,11,final_key,0.1,asymptotic,2,0.0026737967914438,False
0.0,0.1,0.0,0.0,0.0,3180,34,True,True,0,0.0356717109680175,{},False,,key2_asymptotic_final_key_0.1,12,final_key,0.1,asymptotic,2,0.0026737967914438,False
0.0,0.1,0.0,0.0,0.0,3180,34,True,True,0,0.0358645915985107,{},False,,key2_asymptotic_final_key_0.1,13,final_key,0.1,asymptotic,2,0.0026737967914438,False
0.0,0.1,0.0,0.0,0.0,3180,34,True,True,0,0.031581163406372,{},False,,key2_asymptotic_final_key_0.1,14,final_key,0.1,asymptotic,2,0.0026737967914438,False
0.0,0.1,0.0,0.0,0.0,3180,34,True,True,0,0.0339441299438476,{},False,,key2_asymptotic_final_key_0.1,15,final_key,0.1,asymptotic,2,0.0026737967914438,False
0.0,0.1,0.0,0.0,0.0,3180,34,True,False,1,0.0325026512145996,{'final_key': 1},False,,key2_asymptotic_final_key_0.1,16,final_key,0.1,asymptotic,2,0.0026737967914438,True
0.0,0.1,0.0,0.0,0.0,3180,34,True,True,0,0.0354523658752441,{},False,,key2_asymptotic_final_key_0.1,17,final_key,0.1,asymptotic,2,0.0026737967914438,False
0.0,0.1,0.0,0.0,0.0,3180,34,True,False,1,0.0297017097473144,{'final_key': 1},False,,key2_asymptotic_final_key_0.1,18,final_key,0.1,asymptotic,2,0.0026737967914438,True
0.0,0.1,0.0,0.0,0.0,3180,34,True,True,0,0.0369980335235595,{},False,,key2_asymptotic_final_key_0.1,19,final_key,0.1,asymptotic,2,0.0026737967914438,False
0.0,0.05,0.0,0.0,0.0,3180,34,True,True,0,0.033290147781372,{},False,,key2_asymptotic_final_key_0.05,0,final_key,0.05,asymptotic,2,0.0026737967914438,False
0.0,0.05,0.0,0.0,0.0,3180,34,True,True,0,0.0369114875793457,{},False,,key2_asymptotic_final_key_0.05,1,final_key,0.05,asymptotic,2,0.0026737967914438,False
0.0,0.05,0.0,0.0,0.000595238095238,3180,34,False,False,1560,0.0343093872070312,{'final_key': 1},False,,key2_asymptotic_final_key_0.05,2,final_key,0.05,asymptotic,2,0.0026737967914438,True
0.0,0.05,0.0,0.0,0.000595238095238,3180,34,False,False,1625,0.0341498851776123,{},False,,key2_asymptotic_final_key_0.05,3,final_key,0.05,asymptotic,2,0.0026737967914438,True
0.0,0.05,0.0,0.0,0.0,3180,34,True,True,0,0.0314610004425048,{},False,,key2_asymptotic_final_key_0.05,4,final_key,0.05,asymptotic,2,0.0026737967914438,False
0.0,0.05,0.0,0.0,0.0,3180,34,True,True,0,0.029205322265625,{},False,,key2_asymptotic_final_key_0.05,5,final_key,0.05,asymptotic,2,0.0026737967914438,False
0.0,0.05,0.0,0.0,0.0,3180,34,True,True,0,0.0388574600219726,{},False,,key2_asymptotic_final_key_0.05,6,final_key,0.05,asymptotic,2,0.0026737967914438,False
0.0,0.05,0.0,0.0,0.0,3180,34,True,True,0,0.0281903743743896,{},False,,key2_asymptotic_final_key_0.05,7,final_key,0.05,asymptotic,2,0.0026737967914438,False
0.0,0.05,0.0,0.0,0.0,3180,34,True,True,0,0.0293498039245605,{},False,,key2_asymptotic_final_key_0.05,8,final_key,0.05,asymptotic,2,0.0026737967914438,False
0.0,0.05,0.0,0.0,0.0,3180,34,True,True,0,0.0337247848510742,{},False,,key2_asymptotic_final_key_0.05,9,final_key,0.05,asymptotic,2,0.0026737967914438,False
0.0,0.05,0.0,0.0,0.0,3180,34,True,True,0,0.0345520973205566,{},False,,key2_asymptotic_final_key_0.05,10,final_key,0.05,asymptotic,2,0.0026737967914438,False
0.0,0.05,0.0,0.0,0.0,3180,34,True,True,0,0.0348658561706543,{},False,,key2_asymptotic_final_key_0.05,11,final_key,0.05,asymptotic,2,0.0026737967914438,False
0.0,0.05,0.0,0.0,0.0,3180,34,True,True,0,0.0342161655426025,{},False,,key2_asymptotic_final_key_0.05,12,final_key,0.05,asymptotic,2,0.0026737967914438,False
0.0,0.05,0.0,0.0,0.0,3180,34,True,True,0,0.038970947265625,{},False,,key2_asymptotic_final_key_0.05,13,final_key,0.05,asymptotic,2,0.0026737967914438,False
0.0,0.05,0.0,0.0,0.0,3180,34,True,True,0,0.0315744876861572,{},False,,key2_asymptotic_final_key_0.05,14,final_key,0.05,asymptotic,2,0.0026737967914438,False
0.0,0.05,0.0,0.0,0.0,3180,34,True,True,0,0.03348970413208,{},False,,key2_asymptotic_final_key_0.05,15,final_key,0.05,asymptotic,2,0.0026737967914438,False
0.0,0.05,0.0,0.0,0.0,3180,34,True,False,1,0.0293836593627929,{'final_key': 1},False,,key2_asymptotic_final_key_0.05,16,final_key,0.05,asymptotic,2,0.0026737967914438,True
0.0,0.05,0.0,0.0,0.0,3180,34,True,True,0,0.0358307361602783,{},False,,key2_asymptotic_final_key_0.05,17,final_key,0.05,asymptotic,2,0.0026737967914438,False
0.0,0.05,0.0,0.0,0.0,3180,34,True,True,0,0.0293350219726562,{},False,,key2_asymptotic_final_key_0.05,18,final_key,0.05,asymptotic,2,0.0026737967914438,False
0.0,0.05,0.0,0.0,0.0,3180,34,True,True,0,0.0361533164978027,{},False,,key2_asymptotic_final_key_0.05,19,final_key,0.05,asymptotic,2,0.0026737967914438,False
0.0,0.03,0.0,0.0,0.0,3180,34,True,True,0,0.0394728183746337,{},False,,key2_asymptotic_final_key_0.03,0,final_key,0.03,asymptotic,2,0.0026737967914438,False
0.0,0.03,0.0,0.0,0.0,3180,34,True,True,0,0.0349512100219726,{},False,,key2_asymptotic_final_key_0.03,1,final_key,0.03,asymptotic,2,0.0026737967914438,False
0.0,0.03,0.0,0.0,0.000595238095238,3180,34,False,False,1610,0.0329816341400146,{},False,,key2_asymptotic_final_key_0.03,2,final_key,0.03,asymptotic,2,0.0026737967914438,True
0.0,0.03,0.0,0.0,0.000595238095238,3180,34,False,False,1654,0.0331289768218994,{},False,,key2_asymptotic_final_key_0.03,3,final_key,0.03,asymptotic,2,0.0026737967914438,True
0.0,0.03,0.0,0.0,0.0,3180,34,True,True,0,0.0320401191711425,{},False,,key2_asymptotic_final_key_0.03,4,final_key,0.03,asymptotic,2,0.0026737967914438,False
0.0,0.03,0.0,0.0,0.0,3180,34,True,True,0,0.0290284156799316,{},False,,key2_asymptotic_final_key_0.03,5,final_key,0.03,asymptotic,2,0.0026737967914438,False
0.0,0.03,0.0,0.0,0.0,3180,34,True,True,0,0.0362310409545898,{},False,,key2_asymptotic_final_key_0.03,6,final_key,0.03,asymptotic,2,0.0026737967914438,False
0.0,0.03,0.0,0.0,0.0,3180,34,True,True,0,0.0288457870483398,{},False,,key2_asymptotic_final_key_0.03,7,final_key,0.03,asymptotic,2,0.0026737967914438,False
0.0,0.03,0.0,0.0,0.0,3180,34,True,True,0,0.029848575592041,{},False,,key2_asymptotic_final_key_0.03,8,final_key,0.03,asymptotic,2,0.0026737967914438,False
0.0,0.03,0.0,0.0,0.0,3180,34,True,True,0,0.0334887504577636,{},False,,key2_asymptotic_final_key_0.03,9,final_key,0.03,asymptotic,2,0.0026737967914438,False
0.0,0.03,0.0,0.0,0.0,3180,34,True,True,0,0.037353515625,{},False,,key2_asymptotic_final_key_0.03,10,final_key,0.03,asymptotic,2,0.0026737967914438,False
0.0,0.03,0.0,0.0,0.0,3180,34,True,True,0,0.034801959991455,{},False,,key2_asymptotic_final_key_0.03,11,final_key,0.03,asymptotic,2,0.0026737967914438,False
0.0,0.03,0.0,0.0,0.0,3180,34,True,True,0,0.0353238582611084,{},False,,key2_asymptotic_final_key_0.03,12,final_key,0.03,asymptotic,2,0.0026737967914438,False
0.0,0.03,0.0,0.0,0.0,3180,34,True,True,0,0.0368654727935791,{},False,,key2_asymptotic_final_key_0.03,13,final_key,0.03,asymptotic,2,0.0026737967914438,False
0.0,0.03,0.0,0.0,0.0,3180,34,True,True,0,0.0321848392486572,{},False,,key2_asymptotic_final_key_0.03,14,final_key,0.03,asymptotic,2,0.0026737967914438,False
0.0,0.03,0.0,0.0,0.0,3180,34,True,True,0,0.0352509021759033,{},False,,key2_asymptotic_final_key_0.03,15,final_key,0.03,asymptotic,2,0.0026737967914438,False
0.0,0.03,0.0,0.0,0.0,3180,34,True,True,0,0.0278670787811279,{},False,,key2_asymptotic_final_key_0.03,16,final_key,0.03,asymptotic,2,0.0026737967914438,False
0.0,0.03,0.0,0.0,0.0,3180,34,True,True,0,0.0344576835632324,{},False,,key2_asymptotic_final_key_0.03,17,final_key,0.03,asymptotic,2,0.0026737967914438,False
0.0,0.03,0.0,0.0,0.0,3180,34,True,True,0,0.0284774303436279,{},False,,key2_asymptotic_final_key_0.03,18,final_key,0.03,asymptotic,2,0.0026737967914438,False
0.0,0.03,0.0,0.0,0.0,3180,34,True,True,0,0.0348913669586181,{},False,,key2_asymptotic_final_key_0.03,19,final_key,0.03,asymptotic,2,0.0026737967914438,False
0.0,0.01,0.0,0.0,0.0,3180,34,True,True,0,0.0346710681915283,{},False,,key2_asymptotic_final_key_0.01,0,final_key,0.01,asymptotic,2,0.0026737967914438,False
0.0,0.01,0.0,0.0,0.0,3180,34,True,True,0,0.0349066257476806,{},False,,key2_asymptotic_final_key_0.01,1,final_key,0.01,asymptotic,2,0.0026737967914438,False
0.0,0.01,0.0,0.0,0.000595238095238,3180,34,False,False,1605,0.0328364372253418,{},False,,key2_asymptotic_final_key_0.01,2,final_key,0.01,asymptotic,2,0.0026737967914438,True
0.0,0.01,0.0,0.0,0.000595238095238,3180,34,False,False,1556,0.0340702533721923,{},False,,key2_asymptotic_final_key_0.01,3,final_key,0.01,asymptotic,2,0.0026737967914438,True
0.0,0.01,0.0,0.0,0.0,3180,34,True,True,0,0.0316884517669677,{},False,,key2_asymptotic_final_key_0.01,4,final_key,0.01,asymptotic,2,0.0026737967914438,False
0.0,0.01,0.0,0.0,0.0,3180,34,True,True,0,0.0279357433319091,{},False,,key2_asymptotic_final_key_0.01,5,final_key,0.01,asymptotic,2,0.0026737967914438,False
0.0,0.01,0.0,0.0,0.0,3180,34,True,True,0,0.0346012115478515,{},False,,key2_asymptotic_final_key_0.01,6,final_key,0.01,asymptotic,2,0.0026737967914438,False
0.0,0.01,0.0,0.0,0.0,3180,34,True,True,0,0.0307681560516357,{},False,,key2_asymptotic_final_key_0.01,7,final_key,0.01,asymptotic,2,0.0026737967914438,False
0.0,0.01,0.0,0.0,0.0,3180,34,True,True,0,0.030433177947998,{},False,,key2_asymptotic_final_key_0.01,8,final_key,0.01,asymptotic,2,0.0026737967914438,False
0.0,0.01,0.0,0.0,0.0,3180,34,True,True,0,0.0333735942840576,{},False,,key2_asymptotic_final_key_0.01,9,final_key,0.01,asymptotic,2,0.0026737967914438,False
0.0,0.01,0.0,0.0,0.0,3180,34,True,True,0,0.0356652736663818,{},False,,key2_asymptotic_final_key_0.01,10,final_key,0.01,asymptotic,2,0.0026737967914438,False
0.0,0.01,0.0,0.0,0.0,3180,34,True,True,0,0.034088134765625,{},False,,key2_asymptotic_final_key_0.01,11,final_key,0.01,asymptotic,2,0.0026737967914438,False
0.0,0.01,0.0,0.0,0.0,3180,34,True,True,0,0.0346698760986328,{},False,,key2_asymptotic_final_key_0.01,12,final_key,0.01,asymptotic,2,0.0026737967914438,False
0.0,0.01,0.0,0.0,0.0,3180,34,True,True,0,0.0372204780578613,{},False,,key2_asymptotic_final_key_0.01,13,final_key,0.01,asymptotic,2,0.0026737967914438,False
0.0,0.01,0.0,0.0,0.0,3180,34,True,True,0,0.0302944183349609,{},False,,key2_asymptotic_final_key_0.01,14,final_key,0.01,asymptotic,2,0.0026737967914438,False
0.0,0.01,0.0,0.0,0.0,3180,34,True,True,0,0.0364501476287841,{},False,,key2_asymptotic_final_key_0.01,15,final_key,0.01,asymptotic,2,0.0026737967914438,False
0.0,0.01,0.0,0.0,0.0,3180,34,True,True,0,0.0354020595550537,{},False,,key2_asymptotic_final_key_0.01,16,final_key,0.01,asymptotic,2,0.0026737967914438,False
0.0,0.01,0.0,0.0,0.0,3180,34,True,True,0,0.0373709201812744,{},False,,key2_asymptotic_final_key_0.01,17,final_key,0.01,asymptotic,2,0.0026737967914438,False
0.0,0.01,0.0,0.0,0.0,3180,34,True,True,0,0.0277886390686035,{},False,,key2_asymptotic_final_key_0.01,18,final_key,0.01,asymptotic,2,0.0026737967914438,False
0.0,0.01,0.0,0.0,0.0,3180,34,True,True,0,0.0385329723358154,{},False,,key2_asymptotic_final_key_0.01,19,final_key,0.01,asymptotic,2,0.0026737967914438,False
0.0,0.003,0.0,0.0,0.0,3180,34,True,True,0,0.0349402427673339,{},False,,key2_asymptotic_final_key_0.003,0,final_key,0.003,asymptotic,2,0.0026737967914438,False
0.0,0.003,0.0,0.0,0.0,3180,34,True,True,0,0.0355811119079589,{},False,,key2_asymptotic_final_key_0.003,1,final_key,0.003,asymptotic,2,0.0026737967914438,False
0.0,0.003,0.0,0.0,0.000595238095238,3180,34,False,False,1616,0.0333662033081054,{},False,,key2_asymptotic_final_key_0.003,2,final_key,0.003,asymptotic,2,0.0026737967914438,True
0.0,0.003,0.0,0.0,0.000595238095238,3180,34,False,False,1555,0.0348842144012451,{},False,,key2_asymptotic_final_key_0.003,3,final_key,0.003,asymptotic,2,0.0026737967914438,True
0.0,0.003,0.0,0.0,0.0,3180,34,True,True,0,0.0324549674987793,{},False,,key2_asymptotic_final_key_0.003,4,final_key,0.003,asymptotic,2,0.0026737967914438,False
0.0,0.003,0.0,0.0,0.0,3180,34,True,True,0,0.0288934707641601,{},False,,key2_asymptotic_final_key_0.003,5,final_key,0.003,asymptotic,2,0.0026737967914438,False
0.0,0.003,0.0,0.0,0.0,3180,34,True,True,0,0.0345046520233154,{},False,,key2_asymptotic_final_key_0.003,6,final_key,0.003,asymptotic,2,0.0026737967914438,False
0.0,0.003,0.0,0.0,0.0,3180,34,True,True,0,0.0282068252563476,{},False,,key2_asymptotic_final_key_0.003,7,final_key,0.003,asymptotic,2,0.0026737967914438,False
0.0,0.003,0.0,0.0,0.0,3180,34,True,True,0,0.0294852256774902,{},False,,key2_asymptotic_final_key_0.003,8,final_key,0.003,asymptotic,2,0.0026737967914438,False
0.0,0.003,0.0,0.0,0.0,3180,34,True,True,0,0.0346031188964843,{},False,,key2_asymptotic_final_key_0.003,9,final_key,0.003,asymptotic,2,0.0026737967914438,False
0.0,0.003,0.0,0.0,0.0,3180,34,True,True,0,0.0336396694183349,{},False,,key2_asymptotic_final_key_0.003,10,final_key,0.003,asymptotic,2,0.0026737967914438,False
0.0,0.003,0.0,0.0,0.0,3180,34,True,True,0,0.0343174934387207,{},False,,key2_asymptotic_final_key_0.003,11,final_key,0.003,asymptotic,2,0.0026737967914438,False
0.0,0.003,0.0,0.0,0.0,3180,34,True,True,0,0.035099983215332,{},False,,key2_asymptotic_final_key_0.003,12,final_key,0.003,asymptotic,2,0.0026737967914438,False
0.0,0.003,0.0,0.0,0.0,3180,34,True,True,0,0.0351781845092773,{},False,,key2_asymptotic_final_key_0.003,13,final_key,0.003,asymptotic,2,0.0026737967914438,False
0.0,0.003,0.0,0.0,0.0,3180,34,True,True,0,0.0322446823120117,{},False,,key2_asymptotic_final_key_0.003,14,final_key,0.003,asymptotic,2,0.0026737967914438,False
0.0,0.003,0.0,0.0,0.0,3180,34,True,True,0,0.034489631652832,{},False,,key2_asymptotic_final_key_0.003,15,final_key,0.003,asymptotic,2,0.0026737967914438,False
0.0,0.003,0.0,0.0,0.0,3180,34,True,True,0,0.0286078453063964,{},False,,key2_asymptotic_final_key_0.003,16,final_key,0.003,asymptotic,2,0.0026737967914438,False
0.0,0.003,0.0,0.0,0.0,3180,34,True,True,0,0.0372459888458251,{},False,,key2_asymptotic_final_key_0.003,17,final_key,0.003,asymptotic,2,0.0026737967914438,False
0.0,0.003,0.0,0.0,0.0,3180,34,True,True,0,0.0298249721527099,{},False,,key2_asymptotic_final_key_0.003,18,final_key,0.003,asymptotic,2,0.0026737967914438,False
0.0,0.003,0.0,0.0,0.0,3180,34,True,True,0,0.0363094806671142,{},False,,key2_asymptotic_final_key_0.003,19,final_key,0.003,asymptotic,2,0.0026737967914438,False
0.0,0.001,0.0,0.0,0.0,3180,34,True,True,0,0.0359876155853271,{},False,,key2_asymptotic_final_key_0.001,0,final_key,0.001,asymptotic,2,0.0026737967914438,False
0.0,0.001,0.0,0.0,0.0,3180,34,True,True,0,0.035130500793457,{},False,,key2_asymptotic_final_key_0.001,1,final_key,0.001,asymptotic,2,0.0026737967914438,False
0.0,0.001,0.0,0.0,0.000595238095238,3180,34,False,False,1613,0.0328028202056884,{},False,,key2_asymptotic_final_key_0.001,2,final_key,0.001,asymptotic,2,0.0026737967914438,True
0.0,0.001,0.0,0.0,0.000595238095238,3180,34,False,False,1614,0.0351226329803466,{},False,,key2_asymptotic_final_key_0.001,3,final_key,0.001,asymptotic,2,0.0026737967914438,True
0.0,0.001,0.0,0.0,0.0,3180,34,True,True,0,0.0311074256896972,{},False,,key2_asymptotic_final_key_0.001,4,final_key,0.001,asymptotic,2,0.0026737967914438,False
0.0,0.001,0.0,0.0,0.0,3180,34,True,True,0,0.0366098880767822,{},False,,key2_asymptotic_final_key_0.001,5,final_key,0.001,asymptotic,2,0.0026737967914438,False
0.0,0.001,0.0,0.0,0.0,3180,34,True,True,0,0.036428689956665,{},False,,key2_asymptotic_final_key_0.001,6,final_key,0.001,asymptotic,2,0.0026737967914438,False
0.0,0.001,0.0,0.0,0.0,3180,34,True,True,0,0.0285480022430419,{},False,,key2_asymptotic_final_key_0.001,7,final_key,0.001,asymptotic,2,0.0026737967914438,False
0.0,0.001,0.0,0.0,0.0,3180,34,True,True,0,0.0287544727325439,{},False,,key2_asymptotic_final_key_0.001,8,final_key,0.001,asymptotic,2,0.0026737967914438,False
0.0,0.001,0.0,0.0,0.0,3180,34,True,True,0,0.0347163677215576,{},False,,key2_asymptotic_final_key_0.001,9,final_key,0.001,asymptotic,2,0.0026737967914438,False
0.0,0.001,0.0,0.0,0.0,3180,34,True,True,0,0.0354719161987304,{},False,,key2_asymptotic_final_key_0.001,10,final_key,0.001,asymptotic,2,0.0026737967914438,False
0.0,0.001,0.0,0.0,0.0,3180,34,True,True,0,0.0342564582824707,{},False,,key2_asymptotic_final_key_0.001,11,final_key,0.001,asymptotic,2,0.0026737967914438,False
0.0,0.001,0.0,0.0,0.0,3180,34,True,True,0,0.0353846549987793,{},False,,key2_asymptotic_final_key_0.001,12,final_key,0.001,asymptotic,2,0.0026737967914438,False
0.0,0.001,0.0,0.0,0.0,3180,34,True,True,0,0.0360126495361328,{},False,,key2_asymptotic_final_key_0.001,13,final_key,0.001,asymptotic,2,0.0026737967914438,False
0.0,0.001,0.0,0.0,0.0,3180,34,True,True,0,0.0332202911376953,{},False,,key2_asymptotic_final_key_0.001,14,final_key,0.001,asymptotic,2,0.0026737967914438,False
0.0,0.001,0.0,0.0,0.0,3180,34,True,True,0,0.0329487323760986,{},False,,key2_asymptotic_final_key_0.001,15,final_key,0.001,asymptotic,2,0.0026737967914438,False
0.0,0.001,0.0,0.0,0.0,3180,34,True,True,0,0.0276753902435302,{},False,,key2_asymptotic_final_key_0.001,16,final_key,0.001,asymptotic,2,0.0026737967914438,False
0.0,0.001,0.0,0.0,0.0,3180,34,True,True,0,0.0347533226013183,{},False,,key2_asymptotic_final_key_0.001,17,final_key,0.001,asymptotic,2,0.0026737967914438,False
0.0,0.001,0.0,0.0,0.0,3180,34,True,True,0,0.0280859470367431,{},False,,key2_asymptotic_final_key_0.001,18,final_key,0.001,asymptotic,2,0.0026737967914438,False
0.0,0.001,0.0,0.0,0.0,3180,34,True,True,0,0.0348448753356933,{},False,,key2_asymptotic_final_key_0.001,19,final_key,0.001,asymptotic,2,0.0026737967914438,False
0.0,0.0,0.5,0.0,0.0071428571428571,3180,34,False,False,1619,0.0326464176177978,{'reconciliation_state': 11},False,,key2_asymptotic_reconciliation_0.5,0,reconciliation,0.5,asymptotic,2,0.0026737967914438,True
0.0,0.0,0.5,0.0,0.0053571428571428,3180,34,False,False,1576,0.0394096374511718,{'reconciliation_state': 8},False,,key2_asymptotic_reconciliation_0.5,1,reconciliation,0.5,asymptotic,2,0.0026737967914438,True
0.0,0.0,0.5,0.0,0.0077380952380952,3180,34,False,False,1582,0.024132490158081,{'reconciliation_state': 9},False,,key2_asymptotic_reconciliation_0.5,2,reconciliation,0.5,asymptotic,2,0.0026737967914438,True
0.0,0.0,0.5,0.0,0.0056547619047619,3180,34,False,False,1626,0.0351560115814209,{'reconciliation_state': 10},False,,key2_asymptotic_reconciliation_0.5,3,reconciliation,0.5,asymptotic,2,0.0026737967914438,True
0.0,0.0,0.5,0.0,0.0086309523809523,3180,34,False,False,1560,0.0255029201507568,{'reconciliation_state': 6},False,,key2_asymptotic_reconciliation_0.5,4,reconciliation,0.5,asymptotic,2,0.0026737967914438,True
0.0,0.0,0.5,0.0,0.0071428571428571,3180,34,False,False,1581,0.0304346084594726,{'reconciliation_state': 9},False,,key2_asymptotic_reconciliation_0.5,5,reconciliation,0.5,asymptotic,2,0.0026737967914438,True
0.0,0.0,0.5,0.0,0.0074404761904761,3180,34,False,False,1523,0.0306093692779541,{'reconciliation_state': 12},False,,key2_asymptotic_reconciliation_0.5,6,reconciliation,0.5,asymptotic,2,0.0026737967914438,True
0.0,0.0,0.5,0.0,0.0074404761904761,3180,34,False,False,1547,0.0322475433349609,{'reconciliation_state': 11},False,,key2_asymptotic_reconciliation_0.5,7,reconciliation,0.5,asymptotic,2,0.0026737967914438,True
0.0,0.0,0.5,0.0,0.0086309523809523,3180,34,False,False,1623,0.0308601856231689,{'reconciliation_state': 10},False,,key2_asymptotic_reconciliation_0.5,8,reconciliation,0.5,asymptotic,2,0.0026737967914438,True
0.0,0.0,0.5,0.0,0.0071428571428571,3180,34,False,False,1564,0.0274727344512939,{'reconciliation_state': 7},False,,key2_asymptotic_reconciliation_0.5,9,reconciliation,0.5,asymptotic,2,0.0026737967914438,True
0.0,0.0,0.5,0.0,0.0074404761904761,3180,34,False,False,1575,0.0312004089355468,{'reconciliation_state': 13},False,,key2_asymptotic_reconciliation_0.5,10,reconciliation,0.5,asymptotic,2,0.0026737967914438,True
0.0,0.0,0.5,0.0,0.0080357142857142,3180,34,False,False,1595,0.0327343940734863,{'reconciliation_state': 10},False,,key2_asymptotic_reconciliation_0.5,11,reconciliation,0.5,asymptotic,2,0.0026737967914438,True
0.0,0.0,0.5,0.0,0.006547619047619,3180,34,False,False,1585,0.0359323024749755,{'reconciliation_state': 13},False,,key2_asymptotic_reconciliation_0.5,12,reconciliation,0.5,asymptotic,2,0.0026737967914438,True
0.0,0.0,0.5,0.0,0.0086309523809523,3180,34,False,False,1559,0.0331385135650634,{'reconciliation_state': 13},False,,key2_asymptotic_reconciliation_0.5,13,reconciliation,0.5,asymptotic,2,0.0026737967914438,True
0.0,0.0,0.5,0.0,0.0074404761904761,3180,34,False,False,1603,0.0379538536071777,{'reconciliation_state': 17},False,,key2_asymptotic_reconciliation_0.5,14,reconciliation,0.5,asymptotic,2,0.0026737967914438,True
0.0,0.0,0.5,0.0,0.0089285714285714,3180,34,False,False,1562,0.0301268100738525,{'reconciliation_state': 12},False,,key2_asymptotic_reconciliation_0.5,15,reconciliation,0.5,asymptotic,2,0.0026737967914438,True
0.0,0.0,0.5,0.0,0.0089285714285714,3180,34,False,False,1563,0.0271639823913574,{'reconciliation_state': 6},False,,key2_asymptotic_reconciliation_0.5,16,reconciliation,0.5,asymptotic,2,0.0026737967914438,True
0.0,0.0,0.5,0.0,0.0050595238095238,3180,34,False,False,1575,0.0377085208892822,{'reconciliation_state': 11},False,,key2_asymptotic_reconciliation_0.5,17,reconciliation,0.5,asymptotic,2,0.0026737967914438,True
0.0,0.0,0.5,0.0,0.006845238095238,3180,34,False,False,1530,0.0347979068756103,{'reconciliation_state': 11},False,,key2_asymptotic_reconciliation_0.5,18,reconciliation,0.5,asymptotic,2,0.0026737967914438,True
0.0,0.0,0.5,0.0,0.0098214285714285,3180,34,False,False,1596,0.0293140411376953,{'reconciliation_state': 12},False,,key2_asymptotic_reconciliation_0.5,19,reconciliation,0.5,asymptotic,2,0.0026737967914438,True
0.0,0.0,0.3,0.0,0.0056547619047619,3180,34,False,False,1558,0.0356945991516113,{'reconciliation_state': 10},False,,key2_asymptotic_reconciliation_0.3,0,reconciliation,0.3,asymptotic,2,0.0026737967914438,True
0.0,0.0,0.3,0.0,0.0038690476190476,3180,34,False,False,1611,0.0373115539550781,{'reconciliation_state': 7},False,,key2_asymptotic_reconciliation_0.3,1,reconciliation,0.3,asymptotic,2,0.0026737967914438,True
0.0,0.0,0.3,0.0,0.0038690476190476,3180,34,False,False,1615,0.0382266044616699,{'reconciliation_state': 10},False,,key2_asymptotic_reconciliation_0.3,2,reconciliation,0.3,asymptotic,2,0.0026737967914438,True
0.0,0.0,0.3,0.0,0.00625,3180,34,False,False,1616,0.0295896530151367,{'reconciliation_state': 4},False,,key2_asymptotic_reconciliation_0.3,3,reconciliation,0.3,asymptotic,2,0.0026737967914438,True
0.0,0.0,0.3,0.0,0.0044642857142857,3180,34,False,False,1599,0.032259464263916,{'reconciliation_state': 7},False,,key2_asymptotic_reconciliation_0.3,4,reconciliation,0.3,asymptotic,2,0.0026737967914438,True
0.0,0.0,0.3,0.0,0.0044642857142857,3180,34,False,False,1578,0.0347452163696289,{'reconciliation_state': 8},False,,key2_asymptotic_reconciliation_0.3,5,reconciliation,0.3,asymptotic,2,0.0026737967914438,True
0.0,0.0,0.3,0.0,0.0038690476190476,3180,34,False,False,1645,0.0374927520751953,{'reconciliation_state': 10},False,,key2_asymptotic_reconciliation_0.3,6,reconciliation,0.3,asymptotic,2,0.0026737967914438,True
0.0,0.0,0.3,0.0,0.0035714285714285,3180,34,False,False,1587,0.0398714542388916,{'reconciliation_state': 11},False,,key2_asymptotic_reconciliation_0.3,7,reconciliation,0.3,asymptotic,2,0.0026737967914438,True
0.0,0.0,0.3,0.0,0.0050595238095238,3180,34,False,False,1567,0.0339748859405517,{'reconciliation_state': 10},False,,key2_asymptotic_reconciliation_0.3,8,reconciliation,0.3,asymptotic,2,0.0026737967914438,True
0.0,0.0,0.3,0.0,0.0026785714285714,3180,34,False,False,1547,0.0410747528076171,{'reconciliation_state': 9},False,,key2_asymptotic_reconciliation_0.3,9,reconciliation,0.3,asymptotic,2,0.0026737967914438,True
0.0,0.0,0.3,0.0,0.0056547619047619,3180,34,False,False,1497,0.0349726676940918,{'reconciliation_state': 11},False,,key2_asymptotic_reconciliation_0.3,10,reconciliation,0.3,asymptotic,2,0.0026737967914438,True
0.0,0.0,0.3,0.0,0.0041666666666666,3180,34,False,False,1526,0.0378870964050293,{'reconciliation_state': 8},False,,key2_asymptotic_reconciliation_0.3,11,reconciliation,0.3,asymptotic,2,0.0026737967914438,True
0.0,0.0,0.3,0.0,0.0029761904761904,3180,34,False,False,1580,0.0385525226593017,{'reconciliation_state': 9},False,,key2_asymptotic_reconciliation_0.3,12,reconciliation,0.3,asymptotic,2,0.0026737967914438,True
0.0,0.0,0.3,0.0,0.0029761904761904,3180,34,False,False,1592,0.0379712581634521,{'reconciliation_state': 7},False,,key2_asymptotic_reconciliation_0.3,13,reconciliation,0.3,asymptotic,2,0.0026737967914438,True
0.0,0.0,0.3,0.0,0.006547619047619,3180,34,False,False,1577,0.0328848361968994,{'reconciliation_state': 10},False,,key2_asymptotic_reconciliation_0.3,14,reconciliation,0.3,asymptotic,2,0.0026737967914438,True
0.0,0.0,0.3,0.0,0.0077380952380952,3180,34,False,False,1552,0.0323848724365234,{'reconciliation_state': 10},False,,key2_asymptotic_reconciliation_0.3,15,reconciliation,0.3,asymptotic,2,0.0026737967914438,True
0.0,0.0,0.3,0.0,0.0041666666666666,3180,34,False,False,1625,0.0375840663909912,{'reconciliation_state': 10},False,,key2_asymptotic_reconciliation_0.3,16,reconciliation,0.3,asymptotic,2,0.0026737967914438,True
0.0,0.0,0.3,0.0,0.0047619047619047,3180,34,False,False,1577,0.0308070182800292,{'reconciliation_state': 6},False,,key2_asymptotic_reconciliation_0.3,17,reconciliation,0.3,asymptotic,2,0.0026737967914438,True
0.0,0.0,0.3,0.0,0.0032738095238095,3180,34,False,False,1627,0.0361835956573486,{'reconciliation_state': 9},False,,key2_asymptotic_reconciliation_0.3,18,reconciliation,0.3,asymptotic,2,0.0026737967914438,True
0.0,0.0,0.3,0.0,0.0059523809523809,3180,34,False,False,1590,0.0332064628601074,{'reconciliation_state': 9},False,,key2_asymptotic_reconciliation_0.3,19,reconciliation,0.3,asymptotic,2,0.0026737967914438,True
0.0,0.0,0.1,0.0,0.0047619047619047,3180,34,False,False,1585,0.0259273052215576,{'reconciliation_state': 2},False,,key2_asymptotic_reconciliation_0.1,0,reconciliation,0.1,asymptotic,2,0.0026737967914438,True
0.0,0.0,0.1,0.0,0.0008928571428571,3180,34,False,False,1566,0.0349268913269043,{'reconciliation_state': 3},False,,key2_asymptotic_reconciliation_0.1,1,reconciliation,0.1,asymptotic,2,0.0026737967914438,True
0.0,0.0,0.1,0.0,0.0041666666666666,3180,34,False,False,1628,0.0317649841308593,{'reconciliation_state': 6},False,,key2_asymptotic_reconciliation_0.1,2,reconciliation,0.1,asymptotic,2,0.0026737967914438,True
0.0,0.0,0.1,0.0,0.000297619047619,3180,34,False,False,1541,0.0375664234161376,{'reconciliation_state': 1},False,,key2_asymptotic_reconciliation_0.1,3,reconciliation,0.1,asymptotic,2,0.0026737967914438,True
0.0,0.0,0.1,0.0,0.0008928571428571,3180,34,False,False,1610,0.0428874492645263,{'reconciliation_state': 3},False,,key2_asymptotic_reconciliation_0.1,4,reconciliation,0.1,asymptotic,2,0.0026737967914438,True
0.0,0.0,0.1,0.0,0.0017857142857142,3180,34,False,False,1581,0.0348439216613769,{'reconciliation_state': 6},False,,key2_asymptotic_reconciliation_0.1,5,reconciliation,0.1,asymptotic,2,0.0026737967914438,True
0.0,0.0,0.1,0.0,0.0014880952380952,3180,34,False,False,1599,0.0350761413574218,{'reconciliation_state': 3},False,,key2_asymptotic_reconciliation_0.1,6,reconciliation,0.1,asymptotic,2,0.0026737967914438,True
0.0,0.0,0.1,0.0,0.0011904761904761,3180,34,False,False,1533,0.0347630977630615,{'reconciliation_state': 4},False,,key2_asymptotic_reconciliation_0.1,7,reconciliation,0.1,asymptotic,2,0.0026737967914438,True
0.0,0.0,0.1,0.0,0.0017857142857142,3180,34,False,False,1590,0.0340652465820312,{'reconciliation_state': 5},False,,key2_asymptotic_reconciliation_0.1,8,reconciliation,0.1,asymptotic,2,0.0026737967914438,True
0.0,0.0,0.1,0.0,0.0026785714285714,3180,34,False,False,1618,0.0385310649871826,{'reconciliation_state': 4},False,,key2_asymptotic_reconciliation_0.1,9,reconciliation,0.1,asymptotic,2,0.0026737967914438,True
0.0,0.0,0.1,0.0,0.0032738095238095,3180,34,False,False,1623,0.0362842082977294,{'reconciliation_state': 5},False,,key2_asymptotic_reconciliation_0.1,10,reconciliation,0.1,asymptotic,2,0.0026737967914438,True
0.0,0.0,0.1,0.0,0.0017857142857142,3180,34,False,False,1571,0.0401909351348876,{'reconciliation_state': 5},False,,key2_asymptotic_reconciliation_0.1,11,reconciliation,0.1,asymptotic,2,0.0026737967914438,True
0.0,0.0,0.1,0.0,0.006547619047619,3180,34,False,False,1566,0.0291297435760498,{'reconciliation_state': 3},False,,key2_asymptotic_reconciliation_0.1,12,reconciliation,0.1,asymptotic,2,0.0026737967914438,True
0.0,0.0,0.1,0.0,0.000595238095238,3180,34,False,False,1571,0.037614107131958,{'reconciliation_state': 2},False,,key2_asymptotic_reconciliation_0.1,13,reconciliation,0.1,asymptotic,2,0.0026737967914438,True
0.0,0.0,0.1,0.0,0.0020833333333333,3180,34,False,False,1615,0.0368134975433349,{'reconciliation_state': 3},False,,key2_asymptotic_reconciliation_0.1,14,reconciliation,0.1,asymptotic,2,0.0026737967914438,True
0.0,0.0,0.1,0.0,0.0008928571428571,3180,34,False,False,1570,0.0341746807098388,{'reconciliation_state': 3},False,,key2_asymptotic_reconciliation_0.1,15,reconciliation,0.1,asymptotic,2,0.0026737967914438,True
0.0,0.0,0.1,0.0,0.0020833333333333,3180,34,False,False,1615,0.0366413593292236,{'reconciliation_state': 7},False,,key2_asymptotic_reconciliation_0.1,16,reconciliation,0.1,asymptotic,2,0.0026737967914438,True
0.0,0.0,0.1,0.0,0.0011904761904761,3180,34,False,False,1625,0.0384135246276855,{'reconciliation_state': 4},False,,key2_asymptotic_reconciliation_0.1,17,reconciliation,0.1,asymptotic,2,0.0026737967914438,True
0.0,0.0,0.1,0.0,0.000595238095238,3180,34,False,False,1592,0.0334837436676025,{'reconciliation_state': 2},False,,key2_asymptotic_reconciliation_0.1,18,reconciliation,0.1,asymptotic,2,0.0026737967914438,True
0.0,0.0,0.1,0.0,0.000595238095238,3180,34,False,False,1630,0.0382776260375976,{'reconciliation_state': 2},False,,key2_asymptotic_reconciliation_0.1,19,reconciliation,0.1,asymptotic,2,0.0026737967914438,True
0.0,0.0,0.05,0.0,0.000297619047619,3180,34,False,False,1588,0.0316963195800781,{'reconciliation_state': 1},False,,key2_asymptotic_reconciliation_0.05,0,reconciliation,0.05,asymptotic,2,0.0026737967914438,True
0.0,0.0,0.05,0.0,0.000595238095238,3180,34,False,False,1593,0.036060094833374,{'reconciliation_state': 2},False,,key2_asymptotic_reconciliation_0.05,1,reconciliation,0.05,asymptotic,2,0.0026737967914438,True
0.0,0.0,0.05,0.0,0.000595238095238,3180,34,False,False,1551,0.0583376884460449,{'reconciliation_state': 2},False,,key2_asymptotic_reconciliation_0.05,2,reconciliation,0.05,asymptotic,2,0.0026737967914438,True
0.0,0.0,0.05,0.0,0.000595238095238,3180,34,False,False,1579,0.0405716896057128,{},False,,key2_asymptotic_reconciliation_0.05,3,reconciliation,0.05,asymptotic,2,0.0026737967914438,True
0.0,0.0,0.05,0.0,0.000297619047619,3180,34,False,False,1566,0.0355250835418701,{'reconciliation_state': 1},False,,key2_asymptotic_reconciliation_0.05,4,reconciliation,0.05,asymptotic,2,0.0026737967914438,True
0.0,0.0,0.05,0.0,0.0011904761904761,3180,34,False,False,1554,0.0370504856109619,{'reconciliation_state': 4},False,,key2_asymptotic_reconciliation_0.05,5,reconciliation,0.05,asymptotic,2,0.0026737967914438,True
0.0,0.0,0.05,0.0,0.000595238095238,3180,34,False,False,1575,0.0366606712341308,{'reconciliation_state': 2},False,,key2_asymptotic_reconciliation_0.05,6,reconciliation,0.05,asymptotic,2,0.0026737967914438,True
0.0,0.0,0.05,0.0,0.000297619047619,3180,34,False,False,1665,0.0325822830200195,{'reconciliation_state': 1},False,,key2_asymptotic_reconciliation_0.05,7,reconciliation,0.05,asymptotic,2,0.0026737967914438,True
0.0,0.0,0.05,0.0,0.000595238095238,3180,34,False,False,1541,0.0378134250640869,{'reconciliation_state': 2},False,,key2_asymptotic_reconciliation_0.05,8,reconciliation,0.05,asymptotic,2,0.0026737967914438,True
0.0,0.0,0.05,0.0,0.0008928571428571,3180,34,False,False,1563,0.0385513305664062,{'reconciliation_state': 3},False,,key2_asymptotic_reconciliation_0.05,9,reconciliation,0.05,asymptotic,2,0.0026737967914438,True
0.0,0.0,0.05,0.0,0.0041666666666666,3180,34,False,False,1602,0.0282449722290039,{'reconciliation_state': 1},False,,key2_asymptotic_reconciliation_0.05,10,reconciliation,0.05,asymptotic,2,0.0026737967914438,True
0.0,0.0,0.05,0.0,0.006547619047619,3180,34,False,False,1544,0.0262975692749023,{'reconciliation_state': 1},False,,key2_asymptotic_reconciliation_0.05,11,reconciliation,0.05,asymptotic,2,0.0026737967914438,True
0.0,0.0,0.05,0.0,0.000595238095238,3180,34,False,False,1622,0.0381567478179931,{'reconciliation_state': 2},False,,key2_asymptotic_reconciliation_0.05,12,reconciliation,0.05,asymptotic,2,0.0026737967914438,True
0.0,0.0,0.05,0.0,0.0,3180,34,True,True,0,0.0349085330963134,{},False,,key2_asymptotic_reconciliation_0.05,13,reconciliation,0.05,asymptotic,2,0.0026737967914438,False
0.0,0.0,0.05,0.0,0.0008928571428571,3180,34,False,False,1566,0.0406775474548339,{'reconciliation_state': 2},False,,key2_asymptotic_reconciliation_0.05,14,reconciliation,0.05,asymptotic,2,0.0026737967914438,True
0.0,0.0,0.05,0.0,0.000595238095238,3180,34,False,False,1581,0.037463903427124,{'reconciliation_state': 2},False,,key2_asymptotic_reconciliation_0.05,15,reconciliation,0.05,asymptotic,2,0.0026737967914438,True
0.0,0.0,0.05,0.0,0.0008928571428571,3180,34,False,False,1550,0.0382132530212402,{'reconciliation_state': 3},False,,key2_asymptotic_reconciliation_0.05,16,reconciliation,0.05,asymptotic,2,0.0026737967914438,True
0.0,0.0,0.05,0.0,0.0008928571428571,3180,34,False,False,1537,0.0378439426422119,{'reconciliation_state': 3},False,,key2_asymptotic_reconciliation_0.05,17,reconciliation,0.05,asymptotic,2,0.0026737967914438,True
0.0,0.0,0.05,0.0,0.000595238095238,3180,34,False,False,1587,0.0347533226013183,{'reconciliation_state': 2},False,,key2_asymptotic_reconciliation_0.05,18,reconciliation,0.05,asymptotic,2,0.0026737967914438,True
0.0,0.0,0.05,0.0,0.000297619047619,3180,34,False,False,1543,0.0371959209442138,{'reconciliation_state': 1},False,,key2_asymptotic_reconciliation_0.05,19,reconciliation,0.05,asymptotic,2,0.0026737967914438,True
0.0,0.0,0.03,0.0,0.000297619047619,3180,34,False,False,1540,0.0318045616149902,{'reconciliation_state': 1},False,,key2_asymptotic_reconciliation_0.03,0,reconciliation,0.03,asymptotic,2,0.0026737967914438,True
0.0,0.0,0.03,0.0,0.0,3180,34,True,True,0,0.0511198043823242,{},False,,key2_asymptotic_reconciliation_0.03,1,reconciliation,0.03,asymptotic,2,0.0026737967914438,False
0.0,0.0,0.03,0.0,0.000297619047619,3180,34,False,False,1615,0.0364477634429931,{'reconciliation_state': 1},False,,key2_asymptotic_reconciliation_0.03,2,reconciliation,0.03,asymptotic,2,0.0026737967914438,True
0.0,0.0,0.03,0.0,0.000595238095238,3180,34,False,False,1583,0.0342214107513427,{},False,,key2_asymptotic_reconciliation_0.03,3,reconciliation,0.03,asymptotic,2,0.0026737967914438,True
0.0,0.0,0.03,0.0,0.000297619047619,3180,34,False,False,1587,0.0352637767791748,{'reconciliation_state': 1},False,,key2_asymptotic_reconciliation_0.03,4,reconciliation,0.03,asymptotic,2,0.0026737967914438,True
0.0,0.0,0.03,0.0,0.000595238095238,3180,34,False,False,1580,0.031376838684082,{'reconciliation_state': 2},False,,key2_asymptotic_reconciliation_0.03,5,reconciliation,0.03,asymptotic,2,0.0026737967914438,True
0.0,0.0,0.03,0.0,0.000297619047619,3180,34,False,False,1537,0.0371103286743164,{'reconciliation_state': 1},False,,key2_asymptotic_reconciliation_0.03,6,reconciliation,0.03,asymptotic,2,0.0026737967914438,True
0.0,0.0,0.03,0.0,0.0,3180,34,True,True,0,0.0295822620391845,{},False,,key2_asymptotic_reconciliation_0.03,7,reconciliation,0.03,asymptotic,2,0.0026737967914438,False
0.0,0.0,0.03,0.0,0.000595238095238,3180,34,False,False,1604,0.0378506183624267,{'reconciliation_state': 2},False,,key2_asymptotic_reconciliation_0.03,8,reconciliation,0.03,asymptotic,2,0.0026737967914438,True
0.0,0.0,0.03,0.0,0.000595238095238,3180,34,False,False,1601,0.0348873138427734,{'reconciliation_state': 2},False,,key2_asymptotic_reconciliation_0.03,9,reconciliation,0.03,asymptotic,2,0.0026737967914438,True
0.0,0.0,0.03,0.0,0.0041666666666666,3180,34,False,False,1679,0.0275845527648925,{'reconciliation_state': 1},False,,key2_asymptotic_reconciliation_0.03,10,reconciliation,0.03,asymptotic,2,0.0026737967914438,True
0.0,0.0,0.03,0.0,0.000297619047619,3180,34,False,False,1605,0.0362238883972168,{'reconciliation_state': 1},False,,key2_asymptotic_reconciliation_0.03,11,reconciliation,0.03,asymptotic,2,0.0026737967914438,True
0.0,0.0,0.03,0.0,0.000297619047619,3180,34,False,False,1587,0.0356419086456298,{'reconciliation_state': 1},False,,key2_asymptotic_reconciliation_0.03,12,reconciliation,0.03,asymptotic,2,0.0026737967914438,True
0.0,0.0,0.03,0.0,0.0,3180,34,True,True,0,0.0360651016235351,{},False,,key2_asymptotic_reconciliation_0.03,13,reconciliation,0.03,asymptotic,2,0.0026737967914438,False
0.0,0.0,0.03,0.0,0.000297619047619,3180,34,False,False,1574,0.0394623279571533,{'reconciliation_state': 1},False,,key2_asymptotic_reconciliation_0.03,14,reconciliation,0.03,asymptotic,2,0.0026737967914438,True
0.0,0.0,0.03,0.0,0.000595238095238,3180,34,False,False,1602,0.0420291423797607,{'reconciliation_state': 2},False,,key2_asymptotic_reconciliation_0.03,15,reconciliation,0.03,asymptotic,2,0.0026737967914438,True
0.0,0.0,0.03,0.0,0.0008928571428571,3180,34,False,False,1594,0.0358815193176269,{'reconciliation_state': 3},False,,key2_asymptotic_reconciliation_0.03,16,reconciliation,0.03,asymptotic,2,0.0026737967914438,True
0.0,0.0,0.03,0.0,0.0008928571428571,3180,34,False,False,1561,0.0356183052062988,{'reconciliation_state': 3},False,,key2_asymptotic_reconciliation_0.03,17,reconciliation,0.03,asymptotic,2,0.0026737967914438,True
0.0,0.0,0.03,0.0,0.000595238095238,3180,34,False,False,1603,0.035398244857788,{'reconciliation_state': 2},False,,key2_asymptotic_reconciliation_0.03,18,reconciliation,0.03,asymptotic,2,0.0026737967914438,True
0.0,0.0,0.03,0.0,0.000297619047619,3180,34,False,False,1618,0.0450079441070556,{'reconciliation_state': 1},False,,key2_asymptotic_reconciliation_0.03,19,reconciliation,0.03,asymptotic,2,0.0026737967914438,True
0.0,0.0,0.01,0.0,0.0,3180,34,True,True,0,0.0332720279693603,{},False,,key2_asymptotic_reconciliation_0.01,0,reconciliation,0.01,asymptotic,2,0.0026737967914438,False
0.0,0.0,0.01,0.0,0.0,3180,34,True,True,0,0.0404291152954101,{},False,,key2_asymptotic_reconciliation_0.01,1,reconciliation,0.01,asymptotic,2,0.0026737967914438,False
0.0,0.0,0.01,0.0,0.000297619047619,3180,34,False,False,1576,0.0368425846099853,{'reconciliation_state': 1},False,,key2_asymptotic_reconciliation_0.01,2,reconciliation,0.01,asymptotic,2,0.0026737967914438,True
0.0,0.0,0.01,0.0,0.000595238095238,3180,34,False,False,1516,0.0353815555572509,{},False,,key2_asymptotic_reconciliation_0.01,3,reconciliation,0.01,asymptotic,2,0.0026737967914438,True
0.0,0.0,0.01,0.0,0.0,3180,34,True,True,0,0.0339572429656982,{},False,,key2_asymptotic_reconciliation_0.01,4,reconciliation,0.01,asymptotic,2,0.0026737967914438,False
0.0,0.0,0.01,0.0,0.0,3180,34,True,True,0,0.030522346496582,{},False,,key2_asymptotic_reconciliation_0.01,5,reconciliation,0.01,asymptotic,2,0.0026737967914438,False
0.0,0.0,0.01,0.0,0.0,3180,34,True,True,0,0.0359222888946533,{},False,,key2_asymptotic_reconciliation_0.01,6,reconciliation,0.01,asymptotic,2,0.0026737967914438,False
0.0,0.0,0.01,0.0,0.0,3180,34,True,True,0,0.03078293800354,{},False,,key2_asymptotic_reconciliation_0.01,7,reconciliation,0.01,asymptotic,2,0.0026737967914438,False
0.0,0.0,0.01,0.0,0.000297619047619,3180,34,False,False,1620,0.0328068733215332,{'reconciliation_state': 1},False,,key2_asymptotic_reconciliation_0.01,8,reconciliation,0.01,asymptotic,2,0.0026737967914438,True
0.0,0.0,0.01,0.0,0.0,3180,34,True,True,0,0.0350675582885742,{},False,,key2_asymptotic_reconciliation_0.01,9,reconciliation,0.01,asymptotic,2,0.0026737967914438,False
0.0,0.0,0.01,0.0,0.0,3180,34,True,True,0,0.0353960990905761,{},False,,key2_asymptotic_reconciliation_0.01,10,reconciliation,0.01,asymptotic,2,0.0026737967914438,False
0.0,0.0,0.01,0.0,0.0,3180,34,True,True,0,0.0369246006011962,{},False,,key2_asymptotic_reconciliation_0.01,11,reconciliation,0.01,asymptotic,2,0.0026737967914438,False
0.0,0.0,0.01,0.0,0.0,3180,34,True,True,0,0.0357756614685058,{},False,,key2_asymptotic_reconciliation_0.01,12,reconciliation,0.01,asymptotic,2,0.0026737967914438,False
0.0,0.0,0.01,0.0,0.0,3180,34,True,True,0,0.0355036258697509,{},False,,key2_asymptotic_reconciliation_0.01,13,reconciliation,0.01,asymptotic,2,0.0026737967914438,False
0.0,0.0,0.01,0.0,0.000297619047619,3180,34,False,False,1558,0.0397417545318603,{'reconciliation_state': 1},False,,key2_asymptotic_reconciliation_0.01,14,reconciliation,0.01,asymptotic,2,0.0026737967914438,True
0.0,0.0,0.01,0.0,0.000297619047619,3180,34,False,False,1593,0.0354485511779785,{'reconciliation_state': 1},False,,key2_asymptotic_reconciliation_0.01,15,reconciliation,0.01,asymptotic,2,0.0026737967914438,True
0.0,0.0,0.01,0.0,0.000297619047619,3180,34,False,False,1583,0.0325944423675537,{'reconciliation_state': 1},False,,key2_asymptotic_reconciliation_0.01,16,reconciliation,0.01,asymptotic,2,0.0026737967914438,True
0.0,0.0,0.01,0.0,0.0,3180,34,True,True,0,0.0370829105377197,{},False,,key2_asymptotic_reconciliation_0.01,17,reconciliation,0.01,asymptotic,2,0.0026737967914438,False
0.0,0.0,0.01,0.0,0.0,3180,34,True,True,0,0.037527322769165,{},False,,key2_asymptotic_reconciliation_0.01,18,reconciliation,0.01,asymptotic,2,0.0026737967914438,False
0.0,0.0,0.01,0.0,0.0,3180,34,True,True,0,0.0386061668395996,{},False,,key2_asymptotic_reconciliation_0.01,19,reconciliation,0.01,asymptotic,2,0.0026737967914438,False
0.0,0.0,0.003,0.0,0.0,3180,34,True,True,0,0.0335755348205566,{},False,,key2_asymptotic_reconciliation_0.003,0,reconciliation,0.003,asymptotic,2,0.0026737967914438,False
0.0,0.0,0.003,0.0,0.0,3180,34,True,True,0,0.034804344177246,{},False,,key2_asymptotic_reconciliation_0.003,1,reconciliation,0.003,asymptotic,2,0.0026737967914438,False
0.0,0.0,0.003,0.0,0.000595238095238,3180,34,False,False,1535,0.0331172943115234,{},False,,key2_asymptotic_reconciliation_0.003,2,reconciliation,0.003,asymptotic,2,0.0026737967914438,True
0.0,0.0,0.003,0.0,0.000595238095238,3180,34,False,False,1649,0.0347814559936523,{},False,,key2_asymptotic_reconciliation_0.003,3,reconciliation,0.003,asymptotic,2,0.0026737967914438,True
0.0,0.0,0.003,0.0,0.0,3180,34,True,True,0,0.0366806983947753,{},False,,key2_asymptotic_reconciliation_0.003,4,reconciliation,0.003,asymptotic,2,0.0026737967914438,False
0.0,0.0,0.003,0.0,0.0,3180,34,True,True,0,0.0292189121246337,{},False,,key2_asymptotic_reconciliation_0.003,5,reconciliation,0.003,asymptotic,2,0.0026737967914438,False
0.0,0.0,0.003,0.0,0.0,3180,34,True,True,0,0.0352320671081543,{},False,,key2_asymptotic_reconciliation_0.003,6,reconciliation,0.003,asymptotic,2,0.0026737967914438,False
0.0,0.0,0.003,0.0,0.0,3180,34,True,True,0,0.0313107967376709,{},False,,key2_asymptotic_reconciliation_0.003,7,reconciliation,0.003,asymptotic,2,0.0026737967914438,False
0.0,0.0,0.003,0.0,0.0,3180,34,True,True,0,0.0293109416961669,{},False,,key2_asymptotic_reconciliation_0.003,8,reconciliation,0.003,asymptotic,2,0.0026737967914438,False
0.0,0.0,0.003,0.0,0.0,3180,34,True,True,0,0.0337059497833251,{},False,,key2_asymptotic_reconciliation_0.003,9,reconciliation,0.003,asymptotic,2,0.0026737967914438,False
0.0,0.0,0.003,0.0,0.0,3180,34,True,True,0,0.0350096225738525,{},False,,key2_asymptotic_reconciliation_0.003,10,reconciliation,0.003,asymptotic,2,0.0026737967914438,False
0.0,0.0,0.003,0.0,0.0,3180,34,True,True,0,0.0350701808929443,{},False,,key2_asymptotic_reconciliation_0.003,11,reconciliation,0.003,asymptotic,2,0.0026737967914438,False
0.0,0.0,0.003,0.0,0.0,3180,34,True,True,0,0.0357167720794677,{},False,,key2_asymptotic_reconciliation_0.003,12,reconciliation,0.003,asymptotic,2,0.0026737967914438,False
0.0,0.0,0.003,0.0,0.0,3180,34,True,True,0,0.0365960597991943,{},False,,key2_asymptotic_reconciliation_0.003,13,reconciliation,0.003,asymptotic,2,0.0026737967914438,False
0.0,0.0,0.003,0.0,0.0,3180,34,True,True,0,0.0328600406646728,{},False,,key2_asymptotic_reconciliation_0.003,14,reconciliation,0.003,asymptotic,2,0.0026737967914438,False
0.0,0.0,0.003,0.0,0.0,3180,34,True,True,0,0.0355958938598632,{},False,,key2_asymptotic_reconciliation_0.003,15,reconciliation,0.003,asymptotic,2,0.0026737967914438,False
0.0,0.0,0.003,0.0,0.000297619047619,3180,34,False,False,1623,0.0374906063079834,{'reconciliation_state': 1},False,,key2_asymptotic_reconciliation_0.003,16,reconciliation,0.003,asymptotic,2,0.0026737967914438,True
0.0,0.0,0.003,0.0,0.0,3180,34,True,True,0,0.0343973636627197,{},False,,key2_asymptotic_reconciliation_0.003,17,reconciliation,0.003,asymptotic,2,0.0026737967914438,False
0.0,0.0,0.003,0.0,0.0,3180,34,True,True,0,0.029567003250122,{},False,,key2_asymptotic_reconciliation_0.003,18,reconciliation,0.003,asymptotic,2,0.0026737967914438,False
0.0,0.0,0.003,0.0,0.0,3180,34,True,True,0,0.039567232131958,{},False,,key2_asymptotic_reconciliation_0.003,19,reconciliation,0.003,asymptotic,2,0.0026737967914438,False
0.0,0.0,0.001,0.0,0.0,3180,34,True,True,0,0.032721996307373,{},False,,key2_asymptotic_reconciliation_0.001,0,reconciliation,0.001,asymptotic,2,0.0026737967914438,False
0.0,0.0,0.001,0.0,0.0,3180,34,True,True,0,0.0354766845703125,{},False,,key2_asymptotic_reconciliation_0.001,1,reconciliation,0.001,asymptotic,2,0.0026737967914438,False
0.0,0.0,0.001,0.0,0.000595238095238,3180,34,False,False,1544,0.0353844165802001,{},False,,key2_asymptotic_reconciliation_0.001,2,reconciliation,0.001,asymptotic,2,0.0026737967914438,True
0.0,0.0,0.001,0.0,0.000595238095238,3180,34,False,False,1584,0.0338747501373291,{},False,,key2_asymptotic_reconciliation_0.001,3,reconciliation,0.001,asymptotic,2,0.0026737967914438,True
0.0,0.0,0.001,0.0,0.0,3180,34,True,True,0,0.0320241451263427,{},False,,key2_asymptotic_reconciliation_0.001,4,reconciliation,0.001,asymptotic,2,0.0026737967914438,False
0.0,0.0,0.001,0.0,0.0,3180,34,True,True,0,0.0291733741760253,{},False,,key2_asymptotic_reconciliation_0.001,5,reconciliation,0.001,asymptotic,2,0.0026737967914438,False
0.0,0.0,0.001,0.0,0.0,3180,34,True,True,0,0.0347309112548828,{},False,,key2_asymptotic_reconciliation_0.001,6,reconciliation,0.001,asymptotic,2,0.0026737967914438,False
0.0,0.0,0.001,0.0,0.0,3180,34,True,True,0,0.0290026664733886,{},False,,key2_asymptotic_reconciliation_0.001,7,reconciliation,0.001,asymptotic,2,0.0026737967914438,False
0.0,0.0,0.001,0.0,0.0,3180,34,True,True,0,0.0292179584503173,{},False,,key2_asymptotic_reconciliation_0.001,8,reconciliation,0.001,asymptotic,2,0.0026737967914438,False
0.0,0.0,0.001,0.0,0.0,3180,34,True,True,0,0.0343389511108398,{},False,,key2_asymptotic_reconciliation_0.001,9,reconciliation,0.001,asymptotic,2,0.0026737967914438,False
0.0,0.0,0.001,0.0,0.0,3180,34,True,True,0,0.0346522331237793,{},False,,key2_asymptotic_reconciliation_0.001,10,reconciliation,0.001,asymptotic,2,0.0026737967914438,False
0.0,0.0,0.001,0.0,0.0,3180,34,True,True,0,0.0343167781829834,{},False,,key2_asymptotic_reconciliation_0.001,11,reconciliation,0.001,asymptotic,2,0.0026737967914438,False
0.0,0.0,0.001,0.0,0.0,3180,34,True,True,0,0.0345935821533203,{},False,,key2_asymptotic_reconciliation_0.001,12,reconciliation,0.001,asymptotic,2,0.0026737967914438,False
0.0,0.0,0.001,0.0,0.0,3180,34,True,True,0,0.0351674556732177,{},False,,key2_asymptotic_reconciliation_0.001,13,reconciliation,0.001,asymptotic,2,0.0026737967914438,False
0.0,0.0,0.001,0.0,0.0,3180,34,True,True,0,0.0315387248992919,{},False,,key2_asymptotic_reconciliation_0.001,14,reconciliation,0.001,asymptotic,2,0.0026737967914438,False
0.0,0.0,0.001,0.0,0.0,3180,34,True,True,0,0.0353105068206787,{},False,,key2_asymptotic_reconciliation_0.001,15,reconciliation,0.001,asymptotic,2,0.0026737967914438,False
0.0,0.0,0.001,0.0,0.0,3180,34,True,True,0,0.0320720672607421,{},False,,key2_asymptotic_reconciliation_0.001,16,reconciliation,0.001,asymptotic,2,0.0026737967914438,False
0.0,0.0,0.001,0.0,0.0,3180,34,True,True,0,0.0371475219726562,{},False,,key2_asymptotic_reconciliation_0.001,17,reconciliation,0.001,asymptotic,2,0.0026737967914438,False
0.0,0.0,0.001,0.0,0.0,3180,34,True,True,0,0.0283789634704589,{},False,,key2_asymptotic_reconciliation_0.001,18,reconciliation,0.001,asymptotic,2,0.0026737967914438,False
0.0,0.0,0.001,0.0,0.0,3180,34,True,True,0,0.0353217124938964,{},False,,key2_asymptotic_reconciliation_0.001,19,reconciliation,0.001,asymptotic,2,0.0026737967914438,False
0.5,0.0,0.0,0.0,0.0,1642,34,True,True,0,0.033470869064331,{},False,,key2_placeholder_toeplitz_0.5,0,toeplitz,0.5,placeholder,2,0.0026737967914438,False
0.5,0.0,0.0,0.0,0.0,1642,34,True,True,0,0.0347802639007568,{'toeplitz_matrix': 1},False,,key2_placeholder_toeplitz_0.5,1,toeplitz,0.5,placeholder,2,0.0026737967914438,False
0.5,0.0,0.0,0.0,0.000595238095238,1642,34,False,False,820,0.0346362590789794,{},False,,key2_placeholder_toeplitz_0.5,2,toeplitz,0.5,placeholder,2,0.0026737967914438,True
0.5,0.0,0.0,0.0,0.000595238095238,1642,34,False,False,811,0.0329360961914062,{},False,,key2_placeholder_toeplitz_0.5,3,toeplitz,0.5,placeholder,2,0.0026737967914438,True
0.5,0.0,0.0,0.0,0.0,1642,34,True,True,0,0.0311923027038574,{'toeplitz_matrix': 1},False,,key2_placeholder_toeplitz_0.5,4,toeplitz,0.5,placeholder,2,0.0026737967914438,False
0.5,0.0,0.0,0.0,0.0,1642,34,True,True,0,0.0284461975097656,{},False,,key2_placeholder_toeplitz_0.5,5,toeplitz,0.5,placeholder,2,0.0026737967914438,False
0.5,0.0,0.0,0.0,0.0,1642,34,True,True,0,0.0366988182067871,{},False,,key2_placeholder_toeplitz_0.5,6,toeplitz,0.5,placeholder,2,0.0026737967914438,False
0.5,0.0,0.0,0.0,0.0,1642,34,True,False,1,0.0277299880981445,{'toeplitz_matrix': 1},False,,key2_placeholder_toeplitz_0.5,7,toeplitz,0.5,placeholder,2,0.0026737967914438,True
0.5,0.0,0.0,0.0,0.0,1642,34,True,False,1,0.030691385269165,{'toeplitz_matrix': 1},False,,key2_placeholder_toeplitz_0.5,8,toeplitz,0.5,placeholder,2,0.0026737967914438,True
0.5,0.0,0.0,0.0,0.0,1642,34,True,True,0,0.0329461097717285,{},False,,key2_placeholder_toeplitz_0.5,9,toeplitz,0.5,placeholder,2,0.0026737967914438,False
0.5,0.0,0.0,0.0,0.0,1642,34,True,True,0,0.0326106548309326,{},False,,key2_placeholder_toeplitz_0.5,10,toeplitz,0.5,placeholder,2,0.0026737967914438,False
0.5,0.0,0.0,0.0,0.0,1642,34,True,True,0,0.033818244934082,{},False,,key2_placeholder_toeplitz_0.5,11,toeplitz,0.5,placeholder,2,0.0026737967914438,False
0.5,0.0,0.0,0.0,0.0,1642,34,True,True,0,0.0333099365234375,{'toeplitz_matrix': 1},False,,key2_placeholder_toeplitz_0.5,12,toeplitz,0.5,placeholder,2,0.0026737967914438,False
0.5,0.0,0.0,0.0,0.0,1642,34,True,True,0,0.0333364009857177,{'toeplitz_matrix': 1},False,,key2_placeholder_toeplitz_0.5,13,toeplitz,0.5,placeholder,2,0.0026737967914438,False
0.5,0.0,0.0,0.0,0.0,1642,34,True,True,0,0.0347585678100585,{'toeplitz_matrix': 1},False,,key2_placeholder_toeplitz_0.5,14,toeplitz,0.5,placeholder,2,0.0026737967914438,False
0.5,0.0,0.0,0.0,0.0,1642,34,True,True,0,0.0320243835449218,{},False,,key2_placeholder_toeplitz_0.5,15,toeplitz,0.5,placeholder,2,0.0026737967914438,False
0.5,0.0,0.0,0.0,0.0,1642,34,True,True,0,0.0269594192504882,{},False,,key2_placeholder_toeplitz_0.5,16,toeplitz,0.5,placeholder,2,0.0026737967914438,False
0.5,0.0,0.0,0.0,0.0,1642,34,True,True,0,0.0323162078857421,{'toeplitz_matrix': 1},False,,key2_placeholder_toeplitz_0.5,17,toeplitz,0.5,placeholder,2,0.0026737967914438,False
0.5,0.0,0.0,0.0,0.0,1642,34,True,True,0,0.0263757705688476,{},False,,key2_placeholder_toeplitz_0.5,18,toeplitz,0.5,placeholder,2,0.0026737967914438,False
0.5,0.0,0.0,0.0,0.0,1642,34,True,True,0,0.0341956615447998,{},False,,key2_placeholder_toeplitz_0.5,19,toeplitz,0.5,placeholder,2,0.0026737967914438,False
0.3,0.0,0.0,0.0,0.0,1642,34,True,True,0,0.0311369895935058,{},False,,key2_placeholder_toeplitz_0.3,0,toeplitz,0.3,placeholder,2,0.0026737967914438,False
0.3,0.0,0.0,0.0,0.0,1642,34,True,True,0,0.0339982509613037,{'toeplitz_matrix': 1},False,,key2_placeholder_toeplitz_0.3,1,toeplitz,0.3,placeholder,2,0.0026737967914438,False
0.3,0.0,0.0,0.0,0.000595238095238,1642,34,False,False,804,0.0361762046813964,{},False,,key2_placeholder_toeplitz_0.3,2,toeplitz,0.3,placeholder,2,0.0026737967914438,True
0.3,0.0,0.0,0.0,0.000595238095238,1642,34,False,False,818,0.0324583053588867,{},False,,key2_placeholder_toeplitz_0.3,3,toeplitz,0.3,placeholder,2,0.0026737967914438,True
0.3,0.0,0.0,0.0,0.0,1642,34,True,True,0,0.0296008586883544,{},False,,key2_placeholder_toeplitz_0.3,4,toeplitz,0.3,placeholder,2,0.0026737967914438,False
0.3,0.0,0.0,0.0,0.0,1642,34,True,True,0,0.0267460346221923,{},False,,key2_placeholder_toeplitz_0.3,5,toeplitz,0.3,placeholder,2,0.0026737967914438,False
0.3,0.0,0.0,0.0,0.0,1642,34,True,True,0,0.0331630706787109,{},False,,key2_placeholder_toeplitz_0.3,6,toeplitz,0.3,placeholder,2,0.0026737967914438,False
0.3,0.0,0.0,0.0,0.0,1642,34,True,True,0,0.0480823516845703,{},False,,key2_placeholder_toeplitz_0.3,7,toeplitz,0.3,placeholder,2,0.0026737967914438,False
0.3,0.0,0.0,0.0,0.0,1642,34,True,True,0,0.0401647090911865,{},False,,key2_placeholder_toeplitz_0.3,8,toeplitz,0.3,placeholder,2,0.0026737967914438,False
0.3,0.0,0.0,0.0,0.0,1642,34,True,True,0,0.0333709716796875,{},False,,key2_placeholder_toeplitz_0.3,9,toeplitz,0.3,placeholder,2,0.0026737967914438,False
0.3,0.0,0.0,0.0,0.0,1642,34,True,True,0,0.0338733196258544,{},False,,key2_placeholder_toeplitz_0.3,10,toeplitz,0.3,placeholder,2,0.0026737967914438,False
0.3,0.0,0.0,0.0,0.0,1642,34,True,True,0,0.032444953918457,{},False,,key2_placeholder_toeplitz_0.3,11,toeplitz,0.3,placeholder,2,0.0026737967914438,False
0.3,0.0,0.0,0.0,0.0,1642,34,True,True,0,0.0345408916473388,{},False,,key2_placeholder_toeplitz_0.3,12,toeplitz,0.3,placeholder,2,0.0026737967914438,False
0.3,0.0,0.0,0.0,0.0,1642,34,True,True,0,0.0356009006500244,{'toeplitz_matrix': 1},False,,key2_placeholder_toeplitz_0.3,13,toeplitz,0.3,placeholder,2,0.0026737967914438,False
0.3,0.0,0.0,0.0,0.0,1642,34,True,True,0,0.0329415798187255,{'toeplitz_matrix': 1},False,,key2_placeholder_toeplitz_0.3,14,toeplitz,0.3,placeholder,2,0.0026737967914438,False
0.3,0.0,0.0,0.0,0.0,1642,34,True,True,0,0.0375769138336181,{},False,,key2_placeholder_toeplitz_0.3,15,toeplitz,0.3,placeholder,2,0.0026737967914438,False
0.3,0.0,0.0,0.0,0.0,1642,34,True,True,0,0.0285530090332031,{},False,,key2_placeholder_toeplitz_0.3,16,toeplitz,0.3,placeholder,2,0.0026737967914438,False
0.3,0.0,0.0,0.0,0.0,1642,34,True,True,0,0.0329008102416992,{'toeplitz_matrix': 1},False,,key2_placeholder_toeplitz_0.3,17,toeplitz,0.3,placeholder,2,0.0026737967914438,False
0.3,0.0,0.0,0.0,0.0,1642,34,True,True,0,0.0287954807281494,{},False,,key2_placeholder_toeplitz_0.3,18,toeplitz,0.3,placeholder,2,0.0026737967914438,False
0.3,0.0,0.0,0.0,0.0,1642,34,True,True,0,0.0339124202728271,{},False,,key2_placeholder_toeplitz_0.3,19,toeplitz,0.3,placeholder,2,0.0026737967914438,False
0.1,0.0,0.0,0.0,0.0,1642,34,True,True,0,0.0325989723205566,{},False,,key2_placeholder_toeplitz_0.1,0,toeplitz,0.1,placeholder,2,0.0026737967914438,False
0.1,0.0,0.0,0.0,0.0,1642,34,True,True,0,0.0350217819213867,{'toeplitz_matrix': 1},False,,key2_placeholder_toeplitz_0.1,1,toeplitz,0.1,placeholder,2,0.0026737967914438,False
0.1,0.0,0.0,0.0,0.000595238095238,1642,34,False,False,791,0.0332565307617187,{},False,,key2_placeholder_toeplitz_0.1,2,toeplitz,0.1,placeholder,2,0.0026737967914438,True
0.1,0.0,0.0,0.0,0.000595238095238,1642,34,False,False,827,0.0322573184967041,{},False,,key2_placeholder_toeplitz_0.1,3,toeplitz,0.1,placeholder,2,0.0026737967914438,True
0.1,0.0,0.0,0.0,0.0,1642,34,True,True,0,0.0308320522308349,{},False,,key2_placeholder_toeplitz_0.1,4,toeplitz,0.1,placeholder,2,0.0026737967914438,False
0.1,0.0,0.0,0.0,0.0,1642,34,True,True,0,0.0267093181610107,{},False,,key2_placeholder_toeplitz_0.1,5,toeplitz,0.1,placeholder,2,0.0026737967914438,False
0.1,0.0,0.0,0.0,0.0,1642,34,True,True,0,0.0323436260223388,{},False,,key2_placeholder_toeplitz_0.1,6,toeplitz,0.1,placeholder,2,0.0026737967914438,False
0.1,0.0,0.0,0.0,0.0,1642,34,True,True,0,0.0284109115600585,{},False,,key2_placeholder_toeplitz_0.1,7,toeplitz,0.1,placeholder,2,0.0026737967914438,False
0.1,0.0,0.0,0.0,0.0,1642,34,True,True,0,0.0286648273468017,{},False,,key2_placeholder_toeplitz_0.1,8,toeplitz,0.1,placeholder,2,0.0026737967914438,False
0.1,0.0,0.0,0.0,0.0,1642,34,True,True,0,0.0335116386413574,{},False,,key2_placeholder_toeplitz_0.1,9,toeplitz,0.1,placeholder,2,0.0026737967914438,False
0.1,0.0,0.0,0.0,0.0,1642,34,True,True,0,0.0314927101135253,{},False,,key2_placeholder_toeplitz_0.1,10,toeplitz,0.1,placeholder,2,0.0026737967914438,False
0.1,0.0,0.0,0.0,0.0,1642,34,True,True,0,0.037550926208496,{},False,,key2_placeholder_toeplitz_0.1,11,toeplitz,0.1,placeholder,2,0.0026737967914438,False
0.1,0.0,0.0,0.0,0.0,1642,34,True,True,0,0.073444128036499,{},False,,key2_placeholder_toeplitz_0.1,12,toeplitz,0.1,placeholder,2,0.0026737967914438,False
0.1,0.0,0.0,0.0,0.0,1642,34,True,True,0,0.0333778858184814,{},False,,key2_placeholder_toeplitz_0.1,13,toeplitz,0.1,placeholder,2,0.0026737967914438,False
0.1,0.0,0.0,0.0,0.0,1642,34,True,True,0,0.0294365882873535,{'toeplitz_matrix': 1},False,,key2_placeholder_toeplitz_0.1,14,toeplitz,0.1,placeholder,2,0.0026737967914438,False
0.1,0.0,0.0,0.0,0.0,1642,34,True,True,0,0.0346927642822265,{},False,,key2_placeholder_toeplitz_0.1,15,toeplitz,0.1,placeholder,2,0.0026737967914438,False
0.1,0.0,0.0,0.0,0.0,1642,34,True,True,0,0.0309574604034423,{},False,,key2_placeholder_toeplitz_0.1,16,toeplitz,0.1,placeholder,2,0.0026737967914438,False
0.1,0.0,0.0,0.0,0.0,1642,34,True,True,0,0.0326545238494873,{'toeplitz_matrix': 1},False,,key2_placeholder_toeplitz_0.1,17,toeplitz,0.1,placeholder,2,0.0026737967914438,False
0.1,0.0,0.0,0.0,0.0,1642,34,True,True,0,0.0266258716583251,{},False,,key2_placeholder_toeplitz_0.1,18,toeplitz,0.1,placeholder,2,0.0026737967914438,False
0.1,0.0,0.0,0.0,0.0,1642,34,True,True,0,0.0354237556457519,{},False,,key2_placeholder_toeplitz_0.1,19,toeplitz,0.1,placeholder,2,0.0026737967914438,False
0.05,0.0,0.0,0.0,0.0,1642,34,True,True,0,0.0319046974182128,{},False,,key2_placeholder_toeplitz_0.05,0,toeplitz,0.05,placeholder,2,0.0026737967914438,False
0.05,0.0,0.0,0.0,0.0,1642,34,True,True,0,0.0321450233459472,{'toeplitz_matrix': 1},False,,key2_placeholder_toeplitz_0.05,1,toeplitz,0.05,placeholder,2,0.0026737967914438,False
0.05,0.0,0.0,0.0,0.000595238095238,1642,34,False,False,818,0.0354359149932861,{},False,,key2_placeholder_toeplitz_0.05,2,toeplitz,0.05,placeholder,2,0.0026737967914438,True
0.05,0.0,0.0,0.0,0.000595238095238,1642,34,False,False,813,0.0329017639160156,{},False,,key2_placeholder_toeplitz_0.05,3,toeplitz,0.05,placeholder,2,0.0026737967914438,True
0.05,0.0,0.0,0.0,0.0,1642,34,True,True,0,0.0311405658721923,{},False,,key2_placeholder_toeplitz_0.05,4,toeplitz,0.05,placeholder,2,0.0026737967914438,False
0.05,0.0,0.0,0.0,0.0,1642,34,True,True,0,0.0284631252288818,{},False,,key2_placeholder_toeplitz_0.05,5,toeplitz,0.05,placeholder,2,0.0026737967914438,False
0.05,0.0,0.0,0.0,0.0,1642,34,True,True,0,0.0370945930480957,{},False,,key2_placeholder_toeplitz_0.05,6,toeplitz,0.05,placeholder,2,0.0026737967914438,False
0.05,0.0,0.0,0.0,0.0,1642,34,True,True,0,0.0266258716583251,{},False,,key2_placeholder_toeplitz_0.05,7,toeplitz,0.05,placeholder,2,0.0026737967914438,False
0.05,0.0,0.0,0.0,0.0,1642,34,True,True,0,0.0271272659301757,{},False,,key2_placeholder_toeplitz_0.05,8,toeplitz,0.05,placeholder,2,0.0026737967914438,False
0.05,0.0,0.0,0.0,0.0,1642,34,True,True,0,0.0327422618865966,{},False,,key2_placeholder_toeplitz_0.05,9,toeplitz,0.05,placeholder,2,0.0026737967914438,False
0.05,0.0,0.0,0.0,0.0,1642,34,True,True,0,0.0322186946868896,{},False,,key2_placeholder_toeplitz_0.05,10,toeplitz,0.05,placeholder,2,0.0026737967914438,False
0.05,0.0,0.0,0.0,0.0,1642,34,True,True,0,0.0362024307250976,{},False,,key2_placeholder_toeplitz_0.05,11,toeplitz,0.05,placeholder,2,0.0026737967914438,False
0.05,0.0,0.0,0.0,0.0,1642,34,True,True,0,0.0330588817596435,{},False,,key2_placeholder_toeplitz_0.05,12,toeplitz,0.05,placeholder,2,0.0026737967914438,False
0.05,0.0,0.0,0.0,0.0,1642,34,True,True,0,0.0337979793548584,{},False,,key2_placeholder_toeplitz_0.05,13,toeplitz,0.05,placeholder,2,0.0026737967914438,False
0.05,0.0,0.0,0.0,0.0,1642,34,True,True,0,0.0308578014373779,{},False,,key2_placeholder_toeplitz_0.05,14,toeplitz,0.05,placeholder,2,0.0026737967914438,False
0.05,0.0,0.0,0.0,0.0,1642,34,True,True,0,0.0313677787780761,{},False,,key2_placeholder_toeplitz_0.05,15,toeplitz,0.05,placeholder,2,0.0026737967914438,False
0.05,0.0,0.0,0.0,0.0,1642,34,True,True,0,0.0268752574920654,{},False,,key2_placeholder_toeplitz_0.05,16,toeplitz,0.05,placeholder,2,0.0026737967914438,False
0.05,0.0,0.0,0.0,0.0,1642,34,True,True,0,0.0327734947204589,{},False,,key2_placeholder_toeplitz_0.05,17,toeplitz,0.05,placeholder,2,0.0026737967914438,False
0.05,0.0,0.0,0.0,0.0,1642,34,True,True,0,0.0289874076843261,{},False,,key2_placeholder_toeplitz_0.05,18,toeplitz,0.05,placeholder,2,0.0026737967914438,False
0.05,0.0,0.0,0.0,0.0,1642,34,True,True,0,0.0342018604278564,{},False,,key2_placeholder_toeplitz_0.05,19,toeplitz,0.05,placeholder,2,0.0026737967914438,False
0.03,0.0,0.0,0.0,0.0,1642,34,True,True,0,0.0328896045684814,{},False,,key2_placeholder_toeplitz_0.03,0,toeplitz,0.03,placeholder,2,0.0026737967914438,False
0.03,0.0,0.0,0.0,0.0,1642,34,True,True,0,0.034067153930664,{},False,,key2_placeholder_toeplitz_0.03,1,toeplitz,0.03,placeholder,2,0.0026737967914438,False
0.03,0.0,0.0,0.0,0.000595238095238,1642,34,False,False,828,0.0327088832855224,{},False,,key2_placeholder_toeplitz_0.03,2,toeplitz,0.03,placeholder,2,0.0026737967914438,True
0.03,0.0,0.0,0.0,0.000595238095238,1642,34,False,False,803,0.0320372581481933,{},False,,key2_placeholder_toeplitz_0.03,3,toeplitz,0.03,placeholder,2,0.0026737967914438,True
0.03,0.0,0.0,0.0,0.0,1642,34,True,True,0,0.0300002098083496,{},False,,key2_placeholder_toeplitz_0.03,4,toeplitz,0.03,placeholder,2,0.0026737967914438,False
0.03,0.0,0.0,0.0,0.0,1642,34,True,True,0,0.0274951457977294,{},False,,key2_placeholder_toeplitz_0.03,5,toeplitz,0.03,placeholder,2,0.0026737967914438,False
0.03,0.0,0.0,0.0,0.0,1642,34,True,True,0,0.0337831974029541,{},False,,key2_placeholder_toeplitz_0.03,6,toeplitz,0.03,placeholder,2,0.0026737967914438,False
0.03,0.0,0.0,0.0,0.0,1642,34,True,True,0,0.0314102172851562,{},False,,key2_placeholder_toeplitz_0.03,7,toeplitz,0.03,placeholder,2,0.0026737967914438,False
0.03,0.0,0.0,0.0,0.0,1642,34,True,True,0,0.0320117473602294,{},False,,key2_placeholder_toeplitz_0.03,8,toeplitz,0.03,placeholder,2,0.0026737967914438,False
0.03,0.0,0.0,0.0,0.0,1642,34,True,True,0,0.031989574432373,{},False,,key2_placeholder_toeplitz_0.03,9,toeplitz,0.03,placeholder,2,0.0026737967914438,False
0.03,0.0,0.0,0.0,0.0,1642,34,True,True,0,0.0323505401611328,{},False,,key2_placeholder_toeplitz_0.03,10,toeplitz,0.03,placeholder,2,0.0026737967914438,False
0.03,0.0,0.0,0.0,0.0,1642,34,True,True,0,0.0328657627105712,{},False,,key2_placeholder_toeplitz_0.03,11,toeplitz,0.03,placeholder,2,0.0026737967914438,False
0.03,0.0,0.0,0.0,0.0,1642,34,True,True,0,0.0334641933441162,{},False,,key2_placeholder_toeplitz_0.03,12,toeplitz,0.03,placeholder,2,0.0026737967914438,False
0.03,0.0,0.0,0.0,0.0,1642,34,True,True,0,0.0337388515472412,{},False,,key2_placeholder_toeplitz_0.03,13,toeplitz,0.03,placeholder,2,0.0026737967914438,False
0.03,0.0,0.0,0.0,0.0,1642,34,True,True,0,0.0314178466796875,{},False,,key2_placeholder_toeplitz_0.03,14,toeplitz,0.03,placeholder,2,0.0026737967914438,False
0.03,0.0,0.0,0.0,0.0,1642,34,True,True,0,0.031130313873291,{},False,,key2_placeholder_toeplitz_0.03,15,toeplitz,0.03,placeholder,2,0.0026737967914438,False
0.03,0.0,0.0,0.0,0.0,1642,34,True,True,0,0.0290133953094482,{},False,,key2_placeholder_toeplitz_0.03,16,toeplitz,0.03,placeholder,2,0.0026737967914438,False
0.03,0.0,0.0,0.0,0.0,1642,34,True,True,0,0.0344796180725097,{},False,,key2_placeholder_toeplitz_0.03,17,toeplitz,0.03,placeholder,2,0.0026737967914438,False
0.03,0.0,0.0,0.0,0.0,1642,34,True,True,0,0.0272579193115234,{},False,,key2_placeholder_toeplitz_0.03,18,toeplitz,0.03,placeholder,2,0.0026737967914438,False
0.03,0.0,0.0,0.0,0.0,1642,34,True,True,0,0.0340814590454101,{},False,,key2_placeholder_toeplitz_0.03,19,toeplitz,0.03,placeholder,2,0.0026737967914438,False
0.01,0.0,0.0,0.0,0.0,1642,34,True,True,0,0.0317482948303222,{},False,,key2_placeholder_toeplitz_0.01,0,toeplitz,0.01,placeholder,2,0.0026737967914438,False
0.01,0.0,0.0,0.0,0.0,1642,34,True,True,0,0.034714937210083,{},False,,key2_placeholder_toeplitz_0.01,1,toeplitz,0.01,placeholder,2,0.0026737967914438,False
0.01,0.0,0.0,0.0,0.000595238095238,1642,34,False,False,769,0.0320043563842773,{},False,,key2_placeholder_toeplitz_0.01,2,toeplitz,0.01,placeholder,2,0.0026737967914438,True
0.01,0.0,0.0,0.0,0.000595238095238,1642,34,False,False,836,0.0327491760253906,{},False,,key2_placeholder_toeplitz_0.01,3,toeplitz,0.01,placeholder,2,0.0026737967914438,True
0.01,0.0,0.0,0.0,0.0,1642,34,True,True,0,0.0298924446105957,{},False,,key2_placeholder_toeplitz_0.01,4,toeplitz,0.01,placeholder,2,0.0026737967914438,False
0.01,0.0,0.0,0.0,0.0,1642,34,True,True,0,0.0259864330291748,{},False,,key2_placeholder_toeplitz_0.01,5,toeplitz,0.01,placeholder,2,0.0026737967914438,False
0.01,0.0,0.0,0.0,0.0,1642,34,True,True,0,0.0319254398345947,{},False,,key2_placeholder_toeplitz_0.01,6,toeplitz,0.01,placeholder,2,0.0026737967914438,False
0.01,0.0,0.0,0.0,0.0,1642,34,True,True,0,0.0310418605804443,{},False,,key2_placeholder_toeplitz_0.01,7,toeplitz,0.01,placeholder,2,0.0026737967914438,False
0.01,0.0,0.0,0.0,0.0,1642,34,True,True,0,0.0285396575927734,{},False,,key2_placeholder_toeplitz_0.01,8,toeplitz,0.01,placeholder,2,0.0026737967914438,False
0.01,0.0,0.0,0.0,0.0,1642,34,True,True,0,0.0319399833679199,{},False,,key2_placeholder_toeplitz_0.01,9,toeplitz,0.01,placeholder,2,0.0026737967914438,False
0.01,0.0,0.0,0.0,0.0,1642,34,True,True,0,0.0399477481842041,{},False,,key2_placeholder_toeplitz_0.01,10,toeplitz,0.01,placeholder,2,0.0026737967914438,False
0.01,0.0,0.0,0.0,0.0,1642,34,True,True,0,0.0394167900085449,{},False,,key2_placeholder_toeplitz_0.01,11,toeplitz,0.01,placeholder,2,0.0026737967914438,False
0.01,0.0,0.0,0.0,0.0,1642,34,True,True,0,0.0347847938537597,{},False,,key2_placeholder_toeplitz_0.01,12,toeplitz,0.01,placeholder,2,0.0026737967914438,False
0.01,0.0,0.0,0.0,0.0,1642,34,True,True,0,0.0340039730072021,{},False,,key2_placeholder_toeplitz_0.01,13,toeplitz,0.01,placeholder,2,0.0026737967914438,False
0.01,0.0,0.0,0.0,0.0,1642,34,True,True,0,0.0314221382141113,{},False,,key2_placeholder_toeplitz_0.01,14,toeplitz,0.01,placeholder,2,0.0026737967914438,False
0.01,0.0,0.0,0.0,0.0,1642,34,True,True,0,0.0318396091461181,{},False,,key2_placeholder_toeplitz_0.01,15,toeplitz,0.01,placeholder,2,0.0026737967914438,False
0.01,0.0,0.0,0.0,0.0,1642,34,True,True,0,0.0270576477050781,{},False,,key2_placeholder_toeplitz_0.01,16,toeplitz,0.01,placeholder,2,0.0026737967914438,False
0.01,0.0,0.0,0.0,0.0,1642,34,True,True,0,0.0344681739807128,{},False,,key2_placeholder_toeplitz_0.01,17,toeplitz,0.01,placeholder,2,0.0026737967914438,False
0.01,0.0,0.0,0.0,0.0,1642,34,True,True,0,0.0326151847839355,{},False,,key2_placeholder_toeplitz_0.01,18,toeplitz,0.01,placeholder,2,0.0026737967914438,False
0.01,0.0,0.0,0.0,0.0,1642,34,True,True,0,0.0343365669250488,{},False,,key2_placeholder_toeplitz_0.01,19,toeplitz,0.01,placeholder,2,0.0026737967914438,False
0.003,0.0,0.0,0.0,0.0,1642,34,True,True,0,0.0310461521148681,{},False,,key2_placeholder_toeplitz_0.003,0,toeplitz,0.003,placeholder,2,0.0026737967914438,False
0.003,0.0,0.0,0.0,0.0,1642,34,True,True,0,0.0350782871246337,{},False,,key2_placeholder_toeplitz_0.003,1,toeplitz,0.003,placeholder,2,0.0026737967914438,False
0.003,0.0,0.0,0.0,0.000595238095238,1642,34,False,False,817,0.0311851501464843,{},False,,key2_placeholder_toeplitz_0.003,2,toeplitz,0.003,placeholder,2,0.0026737967914438,True
0.003,0.0,0.0,0.0,0.000595238095238,1642,34,False,False,819,0.0327661037445068,{},False,,key2_placeholder_toeplitz_0.003,3,toeplitz,0.003,placeholder,2,0.0026737967914438,True
0.003,0.0,0.0,0.0,0.0,1642,34,True,True,0,0.0318312644958496,{},False,,key2_placeholder_toeplitz_0.003,4,toeplitz,0.003,placeholder,2,0.0026737967914438,False
0.003,0.0,0.0,0.0,0.0,1642,34,True,True,0,0.0279605388641357,{},False,,key2_placeholder_toeplitz_0.003,5,toeplitz,0.003,placeholder,2,0.0026737967914438,False
0.003,0.0,0.0,0.0,0.0,1642,34,True,True,0,0.0340540409088134,{},False,,key2_placeholder_toeplitz_0.003,6,toeplitz,0.003,placeholder,2,0.0026737967914438,False
0.003,0.0,0.0,0.0,0.0,1642,34,True,True,0,0.027841567993164,{},False,,key2_placeholder_toeplitz_0.003,7,toeplitz,0.003,placeholder,2,0.0026737967914438,False
0.003,0.0,0.0,0.0,0.0,1642,34,True,True,0,0.0281271934509277,{},False,,key2_placeholder_toeplitz_0.003,8,toeplitz,0.003,placeholder,2,0.0026737967914438,False
0.003,0.0,0.0,0.0,0.0,1642,34,True,True,0,0.0329127311706543,{},False,,key2_placeholder_toeplitz_0.003,9,toeplitz,0.003,placeholder,2,0.0026737967914438,False
0.003,0.0,0.0,0.0,0.0,1642,34,True,True,0,0.0319232940673828,{},False,,key2_placeholder_toeplitz_0.003,10,toeplitz,0.003,placeholder,2,0.0026737967914438,False
0.003,0.0,0.0,0.0,0.0,1642,34,True,True,0,0.0326898097991943,{},False,,key2_placeholder_toeplitz_0.003,11,toeplitz,0.003,placeholder,2,0.0026737967914438,False
0.003,0.0,0.0,0.0,0.0,1642,34,True,True,0,0.0333285331726074,{},False,,key2_placeholder_toeplitz_0.003,12,toeplitz,0.003,placeholder,2,0.0026737967914438,False
0.003,0.0,0.0,0.0,0.0,1642,34,True,True,0,0.0360019207000732,{},False,,key2_placeholder_toeplitz_0.003,13,toeplitz,0.003,placeholder,2,0.0026737967914438,False
0.003,0.0,0.0,0.0,0.0,1642,34,True,True,0,0.0309112071990966,{},False,,key2_placeholder_toeplitz_0.003,14,toeplitz,0.003,placeholder,2,0.0026737967914438,False
0.003,0.0,0.0,0.0,0.0,1642,34,True,True,0,0.0323317050933837,{},False,,key2_placeholder_toeplitz_0.003,15,toeplitz,0.003,placeholder,2,0.0026737967914438,False
0.003,0.0,0.0,0.0,0.0,1642,34,True,True,0,0.0278043746948242,{},False,,key2_placeholder_toeplitz_0.003,16,toeplitz,0.003,placeholder,2,0.0026737967914438,False
0.003,0.0,0.0,0.0,0.0,1642,34,True,True,0,0.0342211723327636,{},False,,key2_placeholder_toeplitz_0.003,17,toeplitz,0.003,placeholder,2,0.0026737967914438,False
0.003,0.0,0.0,0.0,0.0,1642,34,True,True,0,0.0283844470977783,{},False,,key2_placeholder_toeplitz_0.003,18,toeplitz,0.003,placeholder,2,0.0026737967914438,False
0.003,0.0,0.0,0.0,0.0,1642,34,True,True,0,0.0360596179962158,{},False,,key2_placeholder_toeplitz_0.003,19,toeplitz,0.003,placeholder,2,0.0026737967914438,False
0.001,0.0,0.0,0.0,0.0,1642,34,True,True,0,0.0324518680572509,{},False,,key2_placeholder_toeplitz_0.001,0,toeplitz,0.001,placeholder,2,0.0026737967914438,False
0.001,0.0,0.0,0.0,0.0,1642,34,True,True,0,0.0333137512207031,{},False,,key2_placeholder_toeplitz_0.001,1,toeplitz,0.001,placeholder,2,0.0026737967914438,False
0.001,0.0,0.0,0.0,0.000595238095238,1642,34,False,False,829,0.0322721004486084,{},False,,key2_placeholder_toeplitz_0.001,2,toeplitz,0.001,placeholder,2,0.0026737967914438,True
0.001,0.0,0.0,0.0,0.000595238095238,1642,34,False,False,808,0.0344560146331787,{},False,,key2_placeholder_toeplitz_0.001,3,toeplitz,0.001,placeholder,2,0.0026737967914438,True
0.001,0.0,0.0,0.0,0.0,1642,34,True,True,0,0.0309939384460449,{},False,,key2_placeholder_toeplitz_0.001,4,toeplitz,0.001,placeholder,2,0.0026737967914438,False
0.001,0.0,0.0,0.0,0.0,1642,34,True,True,0,0.027667760848999,{},False,,key2_placeholder_toeplitz_0.001,5,toeplitz,0.001,placeholder,2,0.0026737967914438,False
0.001,0.0,0.0,0.0,0.0,1642,34,True,True,0,0.0324351787567138,{},False,,key2_placeholder_toeplitz_0.001,6,toeplitz,0.001,placeholder,2,0.0026737967914438,False
0.001,0.0,0.0,0.0,0.0,1642,34,True,True,0,0.0281581878662109,{},False,,key2_placeholder_toeplitz_0.001,7,toeplitz,0.001,placeholder,2,0.0026737967914438,False
0.001,0.0,0.0,0.0,0.0,1642,34,True,True,0,0.0273325443267822,{},False,,key2_placeholder_toeplitz_0.001,8,toeplitz,0.001,placeholder,2,0.0026737967914438,False
0.001,0.0,0.0,0.0,0.0,1642,34,True,True,0,0.0407545566558837,{},False,,key2_placeholder_toeplitz_0.001,9,toeplitz,0.001,placeholder,2,0.0026737967914438,False
0.001,0.0,0.0,0.0,0.0,1642,34,True,True,0,0.0322332382202148,{},False,,key2_placeholder_toeplitz_0.001,10,toeplitz,0.001,placeholder,2,0.0026737967914438,False
0.001,0.0,0.0,0.0,0.0,1642,34,True,True,0,0.0371801853179931,{},False,,key2_placeholder_toeplitz_0.001,11,toeplitz,0.001,placeholder,2,0.0026737967914438,False
0.001,0.0,0.0,0.0,0.0,1642,34,True,True,0,0.0327253341674804,{},False,,key2_placeholder_toeplitz_0.001,12,toeplitz,0.001,placeholder,2,0.0026737967914438,False
0.001,0.0,0.0,0.0,0.0,1642,34,True,True,0,0.0330455303192138,{},False,,key2_placeholder_toeplitz_0.001,13,toeplitz,0.001,placeholder,2,0.0026737967914438,False
0.001,0.0,0.0,0.0,0.0,1642,34,True,True,0,0.0315070152282714,{},False,,key2_placeholder_toeplitz_0.001,14,toeplitz,0.001,placeholder,2,0.0026737967914438,False
0.001,0.0,0.0,0.0,0.0,1642,34,True,True,0,0.034006118774414,{},False,,key2_placeholder_toeplitz_0.001,15,toeplitz,0.001,placeholder,2,0.0026737967914438,False
0.001,0.0,0.0,0.0,0.0,1642,34,True,True,0,0.0278263092041015,{},False,,key2_placeholder_toeplitz_0.001,16,toeplitz,0.001,placeholder,2,0.0026737967914438,False
0.001,0.0,0.0,0.0,0.0,1642,34,True,True,0,0.0340111255645751,{},False,,key2_placeholder_toeplitz_0.001,17,toeplitz,0.001,placeholder,2,0.0026737967914438,False
0.001,0.0,0.0,0.0,0.0,1642,34,True,True,0,0.0288691520690917,{},False,,key2_placeholder_toeplitz_0.001,18,toeplitz,0.001,placeholder,2,0.0026737967914438,False
0.001,0.0,0.0,0.0,0.0,1642,34,True,True,0,0.0333719253540039,{},False,,key2_placeholder_toeplitz_0.001,19,toeplitz,0.001,placeholder,2,0.0026737967914438,False
0.0,0.5,0.0,0.0,0.0,1642,34,True,True,0,0.0309593677520751,{},False,,key2_placeholder_final_key_0.5,0,final_key,0.5,placeholder,2,0.0026737967914438,False
0.0,0.5,0.0,0.0,0.0,1642,34,True,False,1,0.0339305400848388,{'final_key': 1},False,,key2_placeholder_final_key_0.5,1,final_key,0.5,placeholder,2,0.0026737967914438,True
0.0,0.5,0.0,0.0,0.000595238095238,1642,34,False,False,843,0.0347969532012939,{'final_key': 1},False,,key2_placeholder_final_key_0.5,2,final_key,0.5,placeholder,2,0.0026737967914438,True
0.0,0.5,0.0,0.0,0.000595238095238,1642,34,False,False,827,0.0325016975402832,{},False,,key2_placeholder_final_key_0.5,3,final_key,0.5,placeholder,2,0.0026737967914438,True
0.0,0.5,0.0,0.0,0.0,1642,34,True,False,1,0.0330071449279785,{'final_key': 1},False,,key2_placeholder_final_key_0.5,4,final_key,0.5,placeholder,2,0.0026737967914438,True
0.0,0.5,0.0,0.0,0.0,1642,34,True,True,0,0.0280139446258544,{},False,,key2_placeholder_final_key_0.5,5,final_key,0.5,placeholder,2,0.0026737967914438,False
0.0,0.5,0.0,0.0,0.0,1642,34,True,False,1,0.0333056449890136,{'final_key': 1},False,,key2_placeholder_final_key_0.5,6,final_key,0.5,placeholder,2,0.0026737967914438,True
0.0,0.5,0.0,0.0,0.0,1642,34,True,False,1,0.0272948741912841,{'final_key': 1},False,,key2_placeholder_final_key_0.5,7,final_key,0.5,placeholder,2,0.0026737967914438,True
0.0,0.5,0.0,0.0,0.0,1642,34,True,False,1,0.0273299217224121,{'final_key': 1},False,,key2_placeholder_final_key_0.5,8,final_key,0.5,placeholder,2,0.0026737967914438,True
0.0,0.5,0.0,0.0,0.0,1642,34,True,False,1,0.0349586009979248,{'final_key': 1},False,,key2_placeholder_final_key_0.5,9,final_key,0.5,placeholder,2,0.0026737967914438,True
0.0,0.5,0.0,0.0,0.0,1642,34,True,True,0,0.0317413806915283,{},False,,key2_placeholder_final_key_0.5,10,final_key,0.5,placeholder,2,0.0026737967914438,False
0.0,0.5,0.0,0.0,0.0,1642,34,True,True,0,0.0327603816986084,{},False,,key2_placeholder_final_key_0.5,11,final_key,0.5,placeholder,2,0.0026737967914438,False
0.0,0.5,0.0,0.0,0.0,1642,34,True,True,0,0.0335814952850341,{},False,,key2_placeholder_final_key_0.5,12,final_key,0.5,placeholder,2,0.0026737967914438,False
0.0,0.5,0.0,0.0,0.0,1642,34,True,True,0,0.0344016551971435,{},False,,key2_placeholder_final_key_0.5,13,final_key,0.5,placeholder,2,0.0026737967914438,False
0.0,0.5,0.0,0.0,0.0,1642,34,True,False,1,0.0300633907318115,{'final_key': 1},False,,key2_placeholder_final_key_0.5,14,final_key,0.5,placeholder,2,0.0026737967914438,True
0.0,0.5,0.0,0.0,0.0,1642,34,True,True,0,0.0319240093231201,{},False,,key2_placeholder_final_key_0.5,15,final_key,0.5,placeholder,2,0.0026737967914438,False
0.0,0.5,0.0,0.0,0.0,1642,34,True,False,1,0.0295073986053466,{'final_key': 1},False,,key2_placeholder_final_key_0.5,16,final_key,0.5,placeholder,2,0.0026737967914438,True
0.0,0.5,0.0,0.0,0.0,1642,34,True,True,0,0.033656358718872,{},False,,key2_placeholder_final_key_0.5,17,final_key,0.5,placeholder,2,0.0026737967914438,False
0.0,0.5,0.0,0.0,0.0,1642,34,True,False,1,0.0273211002349853,{'final_key': 1},False,,key2_placeholder_final_key_0.5,18,final_key,0.5,placeholder,2,0.0026737967914438,True
0.0,0.5,0.0,0.0,0.0,1642,34,True,True,0,0.0353610515594482,{},False,,key2_placeholder_final_key_0.5,19,final_key,0.5,placeholder,2,0.0026737967914438,False
0.0,0.3,0.0,0.0,0.0,1642,34,True,True,0,0.0378353595733642,{},False,,key2_placeholder_final_key_0.3,0,final_key,0.3,placeholder,2,0.0026737967914438,False
0.0,0.3,0.0,0.0,0.0,1642,34,True,True,0,0.034095287322998,{},False,,key2_placeholder_final_key_0.3,1,final_key,0.3,placeholder,2,0.0026737967914438,False
0.0,0.3,0.0,0.0,0.000595238095238,1642,34,False,False,824,0.032292366027832,{'final_key': 1},False,,key2_placeholder_final_key_0.3,2,final_key,0.3,placeholder,2,0.0026737967914438,True
0.0,0.3,0.0,0.0,0.000595238095238,1642,34,False,False,812,0.0339217185974121,{},False,,key2_placeholder_final_key_0.3,3,final_key,0.3,placeholder,2,0.0026737967914438,True
0.0,0.3,0.0,0.0,0.0,1642,34,True,False,1,0.0299019813537597,{'final_key': 1},False,,key2_placeholder_final_key_0.3,4,final_key,0.3,placeholder,2,0.0026737967914438,True
0.0,0.3,0.0,0.0,0.0,1642,34,True,True,0,0.0260984897613525,{},False,,key2_placeholder_final_key_0.3,5,final_key,0.3,placeholder,2,0.0026737967914438,False
0.0,0.3,0.0,0.0,0.0,1642,34,True,False,1,0.0318570137023925,{'final_key': 1},False,,key2_placeholder_final_key_0.3,6,final_key,0.3,placeholder,2,0.0026737967914438,True
0.0,0.3,0.0,0.0,0.0,1642,34,True,False,1,0.0294935703277587,{'final_key': 1},False,,key2_placeholder_final_key_0.3,7,final_key,0.3,placeholder,2,0.0026737967914438,True
0.0,0.3,0.0,0.0,0.0,1642,34,True,False,1,0.0271852016448974,{'final_key': 1},False,,key2_placeholder_final_key_0.3,8,final_key,0.3,placeholder,2,0.0026737967914438,True
0.0,0.3,0.0,0.0,0.0,1642,34,True,True,0,0.0367960929870605,{},False,,key2_placeholder_final_key_0.3,9,final_key,0.3,placeholder,2,0.0026737967914438,False
0.0,0.3,0.0,0.0,0.0,1642,34,True,True,0,0.0316536426544189,{},False,,key2_placeholder_final_key_0.3,10,final_key,0.3,placeholder,2,0.0026737967914438,False
0.0,0.3,0.0,0.0,0.0,1642,34,True,True,0,0.0328788757324218,{},False,,key2_placeholder_final_key_0.3,11,final_key,0.3,placeholder,2,0.0026737967914438,False
0.0,0.3,0.0,0.0,0.0,1642,34,True,True,0,0.0323853492736816,{},False,,key2_placeholder_final_key_0.3,12,final_key,0.3,placeholder,2,0.0026737967914438,False
0.0,0.3,0.0,0.0,0.0,1642,34,True,True,0,0.0335941314697265,{},False,,key2_placeholder_final_key_0.3,13,final_key,0.3,placeholder,2,0.0026737967914438,False
0.0,0.3,0.0,0.0,0.0,1642,34,True,True,0,0.0299177169799804,{},False,,key2_placeholder_final_key_0.3,14,final_key,0.3,placeholder,2,0.0026737967914438,False
0.0,0.3,0.0,0.0,0.0,1642,34,True,True,0,0.030790090560913,{},False,,key2_placeholder_final_key_0.3,15,final_key,0.3,placeholder,2,0.0026737967914438,False
0.0,0.3,0.0,0.0,0.0,1642,34,True,False,1,0.0286226272583007,{'final_key': 1},False,,key2_placeholder_final_key_0.3,16,final_key,0.3,placeholder,2,0.0026737967914438,True
0.0,0.3,0.0,0.0,0.0,1642,34,True,True,0,0.0333960056304931,{},False,,key2_placeholder_final_key_0.3,17,final_key,0.3,placeholder,2,0.0026737967914438,False
0.0,0.3,0.0,0.0,0.0,1642,34,True,False,1,0.029691457748413,{'final_key': 1},False,,key2_placeholder_final_key_0.3,18,final_key,0.3,placeholder,2,0.0026737967914438,True
0.0,0.3,0.0,0.0,0.0,1642,34,True,True,0,0.0341746807098388,{},False,,key2_placeholder_final_key_0.3,19,final_key,0.3,placeholder,2,0.0026737967914438,False
0.0,0.1,0.0,0.0,0.0,1642,34,True,True,0,0.0359864234924316,{},False,,key2_placeholder_final_key_0.1,0,final_key,0.1,placeholder,2,0.0026737967914438,False
0.0,0.1,0.0,0.0,0.0,1642,34,True,True,0,0.0332789421081543,{},False,,key2_placeholder_final_key_0.1,1,final_key,0.1,placeholder,2,0.0026737967914438,False
0.0,0.1,0.0,0.0,0.000595238095238,1642,34,False,False,824,0.0584454536437988,{'final_key': 1},False,,key2_placeholder_final_key_0.1,2,final_key,0.1,placeholder,2,0.0026737967914438,True
0.0,0.1,0.0,0.0,0.000595238095238,1642,34,False,False,857,0.0323667526245117,{},False,,key2_placeholder_final_key_0.1,3,final_key,0.1,placeholder,2,0.0026737967914438,True
0.0,0.1,0.0,0.0,0.0,1642,34,True,False,1,0.0296497344970703,{'final_key': 1},False,,key2_placeholder_final_key_0.1,4,final_key,0.1,placeholder,2,0.0026737967914438,True
0.0,0.1,0.0,0.0,0.0,1642,34,True,True,0,0.0279362201690673,{},False,,key2_placeholder_final_key_0.1,5,final_key,0.1,placeholder,2,0.0026737967914438,False
0.0,0.1,0.0,0.0,0.0,1642,34,True,True,0,0.0315573215484619,{},False,,key2_placeholder_final_key_0.1,6,final_key,0.1,placeholder,2,0.0026737967914438,False
0.0,0.1,0.0,0.0,0.0,1642,34,True,True,0,0.02610445022583,{},False,,key2_placeholder_final_key_0.1,7,final_key,0.1,placeholder,2,0.0026737967914438,False
0.0,0.1,0.0,0.0,0.0,1642,34,True,True,0,0.0288870334625244,{},False,,key2_placeholder_final_key_0.1,8,final_key,0.1,placeholder,2,0.0026737967914438,False
0.0,0.1,0.0,0.0,0.0,1642,34,True,True,0,0.0354554653167724,{},False,,key2_placeholder_final_key_0.1,9,final_key,0.1,placeholder,2,0.0026737967914438,False
0.0,0.1,0.0,0.0,0.0,1642,34,True,True,0,0.041882038116455,{},False,,key2_placeholder_final_key_0.1,10,final_key,0.1,placeholder,2,0.0026737967914438,False
0.0,0.1,0.0,0.0,0.0,1642,34,True,True,0,0.0338764190673828,{},False,,key2_placeholder_final_key_0.1,11,final_key,0.1,placeholder,2,0.0026737967914438,False
0.0,0.1,0.0,0.0,0.0,1642,34,True,True,0,0.0332233905792236,{},False,,key2_placeholder_final_key_0.1,12,final_key,0.1,placeholder,2,0.0026737967914438,False
0.0,0.1,0.0,0.0,0.0,1642,34,True,True,0,0.0330045223236084,{},False,,key2_placeholder_final_key_0.1,13,final_key,0.1,placeholder,2,0.0026737967914438,False
0.0,0.1,0.0,0.0,0.0,1642,34,True,True,0,0.0303990840911865,{},False,,key2_placeholder_final_key_0.1,14,final_key,0.1,placeholder,2,0.0026737967914438,False
0.0,0.1,0.0,0.0,0.0,1642,34,True,True,0,0.0351231098175048,{},False,,key2_placeholder_final_key_0.1,15,final_key,0.1,placeholder,2,0.0026737967914438,False
0.0,0.1,0.0,0.0,0.0,1642,34,True,False,1,0.0273170471191406,{'final_key': 1},False,,key2_placeholder_final_key_0.1,16,final_key,0.1,placeholder,2,0.0026737967914438,True
0.0,0.1,0.0,0.0,0.0,1642,34,True,True,0,0.0354442596435546,{},False,,key2_placeholder_final_key_0.1,17,final_key,0.1,placeholder,2,0.0026737967914438,False
0.0,0.1,0.0,0.0,0.0,1642,34,True,False,1,0.0272600650787353,{'final_key': 1},False,,key2_placeholder_final_key_0.1,18,final_key,0.1,placeholder,2,0.0026737967914438,True
0.0,0.1,0.0,0.0,0.0,1642,34,True,True,0,0.0329687595367431,{},False,,key2_placeholder_final_key_0.1,19,final_key,0.1,placeholder,2,0.0026737967914438,False
0.0,0.05,0.0,0.0,0.0,1642,34,True,True,0,0.0342347621917724,{},False,,key2_placeholder_final_key_0.05,0,final_key,0.05,placeholder,2,0.0026737967914438,False
0.0,0.05,0.0,0.0,0.0,1642,34,True,True,0,0.0557632446289062,{},False,,key2_placeholder_final_key_0.05,1,final_key,0.05,placeholder,2,0.0026737967914438,False
0.0,0.05,0.0,0.0,0.000595238095238,1642,34,False,False,855,0.0314345359802246,{'final_key': 1},False,,key2_placeholder_final_key_0.05,2,final_key,0.05,placeholder,2,0.0026737967914438,True
0.0,0.05,0.0,0.0,0.000595238095238,1642,34,False,False,771,0.0325758457183837,{},False,,key2_placeholder_final_key_0.05,3,final_key,0.05,placeholder,2,0.0026737967914438,True
0.0,0.05,0.0,0.0,0.0,1642,34,True,True,0,0.0304310321807861,{},False,,key2_placeholder_final_key_0.05,4,final_key,0.05,placeholder,2,0.0026737967914438,False
0.0,0.05,0.0,0.0,0.0,1642,34,True,True,0,0.026827335357666,{},False,,key2_placeholder_final_key_0.05,5,final_key,0.05,placeholder,2,0.0026737967914438,False
0.0,0.05,0.0,0.0,0.0,1642,34,True,True,0,0.0318992137908935,{},False,,key2_placeholder_final_key_0.05,6,final_key,0.05,placeholder,2,0.0026737967914438,False
0.0,0.05,0.0,0.0,0.0,1642,34,True,True,0,0.0276558399200439,{},False,,key2_placeholder_final_key_0.05,7,final_key,0.05,placeholder,2,0.0026737967914438,False
0.0,0.05,0.0,0.0,0.0,1642,34,True,True,0,0.0285472869873046,{},False,,key2_placeholder_final_key_0.05,8,final_key,0.05,placeholder,2,0.0026737967914438,False
0.0,0.05,0.0,0.0,0.0,1642,34,True,True,0,0.0331826210021972,{},False,,key2_placeholder_final_key_0.05,9,final_key,0.05,placeholder,2,0.0026737967914438,False
0.0,0.05,0.0,0.0,0.0,1642,34,True,True,0,0.0330910682678222,{},False,,key2_placeholder_final_key_0.05,10,final_key,0.05,placeholder,2,0.0026737967914438,False
0.0,0.05,0.0,0.0,0.0,1642,34,True,True,0,0.0330712795257568,{},False,,key2_placeholder_final_key_0.05,11,final_key,0.05,placeholder,2,0.0026737967914438,False
0.0,0.05,0.0,0.0,0.0,1642,34,True,True,0,0.0333931446075439,{},False,,key2_placeholder_final_key_0.05,12,final_key,0.05,placeholder,2,0.0026737967914438,False
0.0,0.05,0.0,0.0,0.0,1642,34,True,True,0,0.0330665111541748,{},False,,key2_placeholder_final_key_0.05,13,final_key,0.05,placeholder,2,0.0026737967914438,False
0.0,0.05,0.0,0.0,0.0,1642,34,True,True,0,0.028759479522705,{},False,,key2_placeholder_final_key_0.05,14,final_key,0.05,placeholder,2,0.0026737967914438,False
0.0,0.05,0.0,0.0,0.0,1642,34,True,True,0,0.0339062213897705,{},False,,key2_placeholder_final_key_0.05,15,final_key,0.05,placeholder,2,0.0026737967914438,False
0.0,0.05,0.0,0.0,0.0,1642,34,True,False,1,0.0269207954406738,{'final_key': 1},False,,key2_placeholder_final_key_0.05,16,final_key,0.05,placeholder,2,0.0026737967914438,True
0.0,0.05,0.0,0.0,0.0,1642,34,True,True,0,0.0326325893402099,{},False,,key2_placeholder_final_key_0.05,17,final_key,0.05,placeholder,2,0.0026737967914438,False
0.0,0.05,0.0,0.0,0.0,1642,34,True,True,0,0.0274896621704101,{},False,,key2_placeholder_final_key_0.05,18,final_key,0.05,placeholder,2,0.0026737967914438,False
0.0,0.05,0.0,0.0,0.0,1642,34,True,True,0,0.033074140548706,{},False,,key2_placeholder_final_key_0.05,19,final_key,0.05,placeholder,2,0.0026737967914438,False
0.0,0.03,0.0,0.0,0.0,1642,34,True,True,0,0.0343983173370361,{},False,,key2_placeholder_final_key_0.03,0,final_key,0.03,placeholder,2,0.0026737967914438,False
0.0,0.03,0.0,0.0,0.0,1642,34,True,True,0,0.0365970134735107,{},False,,key2_placeholder_final_key_0.03,1,final_key,0.03,placeholder,2,0.0026737967914438,False
0.0,0.03,0.0,0.0,0.000595238095238,1642,34,False,False,832,0.036262035369873,{},False,,key2_placeholder_final_key_0.03,2,final_key,0.03,placeholder,2,0.0026737967914438,True
0.0,0.03,0.0,0.0,0.000595238095238,1642,34,False,False,807,0.0327272415161132,{},False,,key2_placeholder_final_key_0.03,3,final_key,0.03,placeholder,2,0.0026737967914438,True
0.0,0.03,0.0,0.0,0.0,1642,34,True,True,0,0.030583381652832,{},False,,key2_placeholder_final_key_0.03,4,final_key,0.03,placeholder,2,0.0026737967914438,False
0.0,0.03,0.0,0.0,0.0,1642,34,True,True,0,0.0263817310333251,{},False,,key2_placeholder_final_key_0.03,5,final_key,0.03,placeholder,2,0.0026737967914438,False
0.0,0.03,0.0,0.0,0.0,1642,34,True,True,0,0.0326576232910156,{},False,,key2_placeholder_final_key_0.03,6,final_key,0.03,placeholder,2,0.0026737967914438,False
0.0,0.03,0.0,0.0,0.0,1642,34,True,True,0,0.0260262489318847,{},False,,key2_placeholder_final_key_0.03,7,final_key,0.03,placeholder,2,0.0026737967914438,False
0.0,0.03,0.0,0.0,0.0,1642,34,True,True,0,0.0289664268493652,{},False,,key2_placeholder_final_key_0.03,8,final_key,0.03,placeholder,2,0.0026737967914438,False
0.0,0.03,0.0,0.0,0.0,1642,34,True,True,0,0.0345931053161621,{},False,,key2_placeholder_final_key_0.03,9,final_key,0.03,placeholder,2,0.0026737967914438,False
0.0,0.03,0.0,0.0,0.0,1642,34,True,True,0,0.0348954200744628,{},False,,key2_placeholder_final_key_0.03,10,final_key,0.03,placeholder,2,0.0026737967914438,False
0.0,0.03,0.0,0.0,0.0,1642,34,True,True,0,0.0341050624847412,{},False,,key2_placeholder_final_key_0.03,11,final_key,0.03,placeholder,2,0.0026737967914438,False
0.0,0.03,0.0,0.0,0.0,1642,34,True,True,0,0.0332212448120117,{},False,,key2_placeholder_final_key_0.03,12,final_key,0.03,placeholder,2,0.0026737967914438,False
0.0,0.03,0.0,0.0,0.0,1642,34,True,True,0,0.033865213394165,{},False,,key2_placeholder_final_key_0.03,13,final_key,0.03,placeholder,2,0.0026737967914438,False
0.0,0.03,0.0,0.0,0.0,1642,34,True,True,0,0.0294704437255859,{},False,,key2_placeholder_final_key_0.03,14,final_key,0.03,placeholder,2,0.0026737967914438,False
0.0,0.03,0.0,0.0,0.0,1642,34,True,True,0,0.0306601524353027,{},False,,key2_placeholder_final_key_0.03,15,final_key,0.03,placeholder,2,0.0026737967914438,False
0.0,0.03,0.0,0.0,0.0,1642,34,True,True,0,0.0284211635589599,{},False,,key2_placeholder_final_key_0.03,16,final_key,0.03,placeholder,2,0.0026737967914438,False
0.0,0.03,0.0,0.0,0.0,1642,34,True,True,0,0.0336194038391113,{},False,,key2_placeholder_final_key_0.03,17,final_key,0.03,placeholder,2,0.0026737967914438,False
0.0,0.03,0.0,0.0,0.0,1642,34,True,True,0,0.0271410942077636,{},False,,key2_placeholder_final_key_0.03,18,final_key,0.03,placeholder,2,0.0026737967914438,False
0.0,0.03,0.0,0.0,0.0,1642,34,True,True,0,0.033182144165039,{},False,,key2_placeholder_final_key_0.03,19,final_key,0.03,placeholder,2,0.0026737967914438,False
0.0,0.01,0.0,0.0,0.0,1642,34,True,True,0,0.0349311828613281,{},False,,key2_placeholder_final_key_0.01,0,final_key,0.01,placeholder,2,0.0026737967914438,False
0.0,0.01,0.0,0.0,0.0,1642,34,True,True,0,0.0349483489990234,{},False,,key2_placeholder_final_key_0.01,1,final_key,0.01,placeholder,2,0.0026737967914438,False
0.0,0.01,0.0,0.0,0.000595238095238,1642,34,False,False,832,0.0325174331665039,{},False,,key2_placeholder_final_key_0.01,2,final_key,0.01,placeholder,2,0.0026737967914438,True
0.0,0.01,0.0,0.0,0.000595238095238,1642,34,False,False,832,0.0359261035919189,{},False,,key2_placeholder_final_key_0.01,3,final_key,0.01,placeholder,2,0.0026737967914438,True
0.0,0.01,0.0,0.0,0.0,1642,34,True,True,0,0.031158447265625,{},False,,key2_placeholder_final_key_0.01,4,final_key,0.01,placeholder,2,0.0026737967914438,False
0.0,0.01,0.0,0.0,0.0,1642,34,True,True,0,0.0280067920684814,{},False,,key2_placeholder_final_key_0.01,5,final_key,0.01,placeholder,2,0.0026737967914438,False
0.0,0.01,0.0,0.0,0.0,1642,34,True,True,0,0.0322089195251464,{},False,,key2_placeholder_final_key_0.01,6,final_key,0.01,placeholder,2,0.0026737967914438,False
0.0,0.01,0.0,0.0,0.0,1642,34,True,True,0,0.0265505313873291,{},False,,key2_placeholder_final_key_0.01,7,final_key,0.01,placeholder,2,0.0026737967914438,False
0.0,0.01,0.0,0.0,0.0,1642,34,True,True,0,0.0284805297851562,{},False,,key2_placeholder_final_key_0.01,8,final_key,0.01,placeholder,2,0.0026737967914438,False
0.0,0.01,0.0,0.0,0.0,1642,34,True,True,0,0.032825231552124,{},False,,key2_placeholder_final_key_0.01,9,final_key,0.01,placeholder,2,0.0026737967914438,False
0.0,0.01,0.0,0.0,0.0,1642,34,True,True,0,0.0351874828338623,{},False,,key2_placeholder_final_key_0.01,10,final_key,0.01,placeholder,2,0.0026737967914438,False
0.0,0.01,0.0,0.0,0.0,1642,34,True,True,0,0.0355088710784912,{},False,,key2_placeholder_final_key_0.01,11,final_key,0.01,placeholder,2,0.0026737967914438,False
0.0,0.01,0.0,0.0,0.0,1642,34,True,True,0,0.037647008895874,{},False,,key2_placeholder_final_key_0.01,12,final_key,0.01,placeholder,2,0.0026737967914438,False
0.0,0.01,0.0,0.0,0.0,1642,34,True,True,0,0.0326743125915527,{},False,,key2_placeholder_final_key_0.01,13,final_key,0.01,placeholder,2,0.0026737967914438,False
0.0,0.01,0.0,0.0,0.0,1642,34,True,True,0,0.0285735130310058,{},False,,key2_placeholder_final_key_0.01,14,final_key,0.01,placeholder,2,0.0026737967914438,False
0.0,0.01,0.0,0.0,0.0,1642,34,True,True,0,0.0320005416870117,{},False,,key2_placeholder_final_key_0.01,15,final_key,0.01,placeholder,2,0.0026737967914438,False
0.0,0.01,0.0,0.0,0.0,1642,34,True,True,0,0.0262749195098876,{},False,,key2_placeholder_final_key_0.01,16,final_key,0.01,placeholder,2,0.0026737967914438,False
0.0,0.01,0.0,0.0,0.0,1642,34,True,True,0,0.0334944725036621,{},False,,key2_placeholder_final_key_0.01,17,final_key,0.01,placeholder,2,0.0026737967914438,False
0.0,0.01,0.0,0.0,0.0,1642,34,True,True,0,0.027531623840332,{},False,,key2_placeholder_final_key_0.01,18,final_key,0.01,placeholder,2,0.0026737967914438,False
0.0,0.01,0.0,0.0,0.0,1642,34,True,True,0,0.0368053913116455,{},False,,key2_placeholder_final_key_0.01,19,final_key,0.01,placeholder,2,0.0026737967914438,False
0.0,0.003,0.0,0.0,0.0,1642,34,True,True,0,0.0312857627868652,{},False,,key2_placeholder_final_key_0.003,0,final_key,0.003,placeholder,2,0.0026737967914438,False
0.0,0.003,0.0,0.0,0.0,1642,34,True,True,0,0.033132791519165,{},False,,key2_placeholder_final_key_0.003,1,final_key,0.003,placeholder,2,0.0026737967914438,False
0.0,0.003,0.0,0.0,0.000595238095238,1642,34,False,False,843,0.0320518016815185,{},False,,key2_placeholder_final_key_0.003,2,final_key,0.003,placeholder,2,0.0026737967914438,True
0.0,0.003,0.0,0.0,0.000595238095238,1642,34,False,False,836,0.0319938659667968,{},False,,key2_placeholder_final_key_0.003,3,final_key,0.003,placeholder,2,0.0026737967914438,True
0.0,0.003,0.0,0.0,0.0,1642,34,True,True,0,0.031970739364624,{},False,,key2_placeholder_final_key_0.003,4,final_key,0.003,placeholder,2,0.0026737967914438,False
0.0,0.003,0.0,0.0,0.0,1642,34,True,True,0,0.0271198749542236,{},False,,key2_placeholder_final_key_0.003,5,final_key,0.003,placeholder,2,0.0026737967914438,False
0.0,0.003,0.0,0.0,0.0,1642,34,True,True,0,0.0353643894195556,{},False,,key2_placeholder_final_key_0.003,6,final_key,0.003,placeholder,2,0.0026737967914438,False
0.0,0.003,0.0,0.0,0.0,1642,34,True,True,0,0.0278093814849853,{},False,,key2_placeholder_final_key_0.003,7,final_key,0.003,placeholder,2,0.0026737967914438,False
0.0,0.003,0.0,0.0,0.0,1642,34,True,True,0,0.0269944667816162,{},False,,key2_placeholder_final_key_0.003,8,final_key,0.003,placeholder,2,0.0026737967914438,False
0.0,0.003,0.0,0.0,0.0,1642,34,True,True,0,0.0318465232849121,{},False,,key2_placeholder_final_key_0.003,9,final_key,0.003,placeholder,2,0.0026737967914438,False
0.0,0.003,0.0,0.0,0.0,1642,34,True,True,0,0.0325400829315185,{},False,,key2_placeholder_final_key_0.003,10,final_key,0.003,placeholder,2,0.0026737967914438,False
0.0,0.003,0.0,0.0,0.0,1642,34,True,True,0,0.0348925590515136,{},False,,key2_placeholder_final_key_0.003,11,final_key,0.003,placeholder,2,0.0026737967914438,False
0.0,0.003,0.0,0.0,0.0,1642,34,True,True,0,0.0336899757385253,{},False,,key2_placeholder_final_key_0.003,12,final_key,0.003,placeholder,2,0.0026737967914438,False
0.0,0.003,0.0,0.0,0.0,1642,34,True,True,0,0.033909797668457,{},False,,key2_placeholder_final_key_0.003,13,final_key,0.003,placeholder,2,0.0026737967914438,False
0.0,0.003,0.0,0.0,0.0,1642,34,True,True,0,0.0294153690338134,{},False,,key2_placeholder_final_key_0.003,14,final_key,0.003,placeholder,2,0.0026737967914438,False
0.0,0.003,0.0,0.0,0.0,1642,34,True,True,0,0.0321331024169921,{},False,,key2_placeholder_final_key_0.003,15,final_key,0.003,placeholder,2,0.0026737967914438,False
0.0,0.003,0.0,0.0,0.0,1642,34,True,True,0,0.0264880657196044,{},False,,key2_placeholder_final_key_0.003,16,final_key,0.003,placeholder,2,0.0026737967914438,False
0.0,0.003,0.0,0.0,0.0,1642,34,True,True,0,0.0342302322387695,{},False,,key2_placeholder_final_key_0.003,17,final_key,0.003,placeholder,2,0.0026737967914438,False
0.0,0.003,0.0,0.0,0.0,1642,34,True,True,0,0.0286779403686523,{},False,,key2_placeholder_final_key_0.003,18,final_key,0.003,placeholder,2,0.0026737967914438,False
0.0,0.003,0.0,0.0,0.0,1642,34,True,True,0,0.0341558456420898,{},False,,key2_placeholder_final_key_0.003,19,final_key,0.003,placeholder,2,0.0026737967914438,False
0.0,0.001,0.0,0.0,0.0,1642,34,True,True,0,0.0323612689971923,{},False,,key2_placeholder_final_key_0.001,0,final_key,0.001,placeholder,2,0.0026737967914438,False
0.0,0.001,0.0,0.0,0.0,1642,34,True,True,0,0.0330076217651367,{},False,,key2_placeholder_final_key_0.001,1,final_key,0.001,placeholder,2,0.0026737967914438,False
0.0,0.001,0.0,0.0,0.000595238095238,1642,34,False,False,818,0.0308713912963867,{},False,,key2_placeholder_final_key_0.001,2,final_key,0.001,placeholder,2,0.0026737967914438,True
0.0,0.001,0.0,0.0,0.000595238095238,1642,34,False,False,837,0.0383455753326416,{},False,,key2_placeholder_final_key_0.001,3,final_key,0.001,placeholder,2,0.0026737967914438,True
0.0,0.001,0.0,0.0,0.0,1642,34,True,True,0,0.0326848030090332,{},False,,key2_placeholder_final_key_0.001,4,final_key,0.001,placeholder,2,0.0026737967914438,False
0.0,0.001,0.0,0.0,0.0,1642,34,True,True,0,0.0277700424194335,{},False,,key2_placeholder_final_key_0.001,5,final_key,0.001,placeholder,2,0.0026737967914438,False
0.0,0.001,0.0,0.0,0.0,1642,34,True,True,0,0.0322568416595459,{},False,,key2_placeholder_final_key_0.001,6,final_key,0.001,placeholder,2,0.0026737967914438,False
0.0,0.001,0.0,0.0,0.0,1642,34,True,True,0,0.026949405670166,{},False,,key2_placeholder_final_key_0.001,7,final_key,0.001,placeholder,2,0.0026737967914438,False
0.0,0.001,0.0,0.0,0.0,1642,34,True,True,0,0.028515338897705,{},False,,key2_placeholder_final_key_0.001,8,final_key,0.001,placeholder,2,0.0026737967914438,False
0.0,0.001,0.0,0.0,0.0,1642,34,True,True,0,0.0337991714477539,{},False,,key2_placeholder_final_key_0.001,9,final_key,0.001,placeholder,2,0.0026737967914438,False
0.0,0.001,0.0,0.0,0.0,1642,34,True,True,0,0.0320618152618408,{},False,,key2_placeholder_final_key_0.001,10,final_key,0.001,placeholder,2,0.0026737967914438,False
0.0,0.001,0.0,0.0,0.0,1642,34,True,True,0,0.0381765365600585,{},False,,key2_placeholder_final_key_0.001,11,final_key,0.001,placeholder,2,0.0026737967914438,False
0.0,0.001,0.0,0.0,0.0,1642,34,True,True,0,0.0365006923675537,{},False,,key2_placeholder_final_key_0.001,12,final_key,0.001,placeholder,2,0.0026737967914438,False
0.0,0.001,0.0,0.0,0.0,1642,34,True,True,0,0.0329771041870117,{},False,,key2_placeholder_final_key_0.001,13,final_key,0.001,placeholder,2,0.0026737967914438,False
0.0,0.001,0.0,0.0,0.0,1642,34,True,True,0,0.0293200016021728,{},False,,key2_placeholder_final_key_0.001,14,final_key,0.001,placeholder,2,0.0026737967914438,False
0.0,0.001,0.0,0.0,0.0,1642,34,True,True,0,0.0328013896942138,{},False,,key2_placeholder_final_key_0.001,15,final_key,0.001,placeholder,2,0.0026737967914438,False
0.0,0.001,0.0,0.0,0.0,1642,34,True,True,0,0.0269768238067626,{},False,,key2_placeholder_final_key_0.001,16,final_key,0.001,placeholder,2,0.0026737967914438,False
0.0,0.001,0.0,0.0,0.0,1642,34,True,True,0,0.0327053070068359,{},False,,key2_placeholder_final_key_0.001,17,final_key,0.001,placeholder,2,0.0026737967914438,False
0.0,0.001,0.0,0.0,0.0,1642,34,True,True,0,0.0287404060363769,{},False,,key2_placeholder_final_key_0.001,18,final_key,0.001,placeholder,2,0.0026737967914438,False
0.0,0.001,0.0,0.0,0.0,1642,34,True,True,0,0.0346090793609619,{},False,,key2_placeholder_final_key_0.001,19,final_key,0.001,placeholder,2,0.0026737967914438,False
0.0,0.0,0.5,0.0,0.0071428571428571,1642,34,False,False,801,0.0298836231231689,{'reconciliation_state': 11},False,,key2_placeholder_reconciliation_0.5,0,reconciliation,0.5,placeholder,2,0.0026737967914438,True
0.0,0.0,0.5,0.0,0.0053571428571428,1642,34,False,False,828,0.0333056449890136,{'reconciliation_state': 8},False,,key2_placeholder_reconciliation_0.5,1,reconciliation,0.5,placeholder,2,0.0026737967914438,True
0.0,0.0,0.5,0.0,0.0077380952380952,1642,34,False,False,851,0.0224807262420654,{'reconciliation_state': 9},False,,key2_placeholder_reconciliation_0.5,2,reconciliation,0.5,placeholder,2,0.0026737967914438,True
0.0,0.0,0.5,0.0,0.0056547619047619,1642,34,False,False,861,0.0339431762695312,{'reconciliation_state': 10},False,,key2_placeholder_reconciliation_0.5,3,reconciliation,0.5,placeholder,2,0.0026737967914438,True
0.0,0.0,0.5,0.0,0.0086309523809523,1642,34,False,False,800,0.0248703956604003,{'reconciliation_state': 6},False,,key2_placeholder_reconciliation_0.5,4,reconciliation,0.5,placeholder,2,0.0026737967914438,True
0.0,0.0,0.5,0.0,0.0071428571428571,1642,34,False,False,818,0.0306522846221923,{'reconciliation_state': 9},False,,key2_placeholder_reconciliation_0.5,5,reconciliation,0.5,placeholder,2,0.0026737967914438,True
0.0,0.0,0.5,0.0,0.0074404761904761,1642,34,False,False,812,0.029104471206665,{'reconciliation_state': 12},False,,key2_placeholder_reconciliation_0.5,6,reconciliation,0.5,placeholder,2,0.0026737967914438,True
0.0,0.0,0.5,0.0,0.0074404761904761,1642,34,False,False,770,0.0287048816680908,{'reconciliation_state': 11},False,,key2_placeholder_reconciliation_0.5,7,reconciliation,0.5,placeholder,2,0.0026737967914438,True
0.0,0.0,0.5,0.0,0.0086309523809523,1642,34,False,False,810,0.0286695957183837,{'reconciliation_state': 10},False,,key2_placeholder_reconciliation_0.5,8,reconciliation,0.5,placeholder,2,0.0026737967914438,True
0.0,0.0,0.5,0.0,0.0071428571428571,1642,34,False,False,835,0.0256688594818115,{'reconciliation_state': 7},False,,key2_placeholder_reconciliation_0.5,9,reconciliation,0.5,placeholder,2,0.0026737967914438,True
0.0,0.0,0.5,0.0,0.0074404761904761,1642,34,False,False,774,0.0294482707977294,{'reconciliation_state': 13},False,,key2_placeholder_reconciliation_0.5,10,reconciliation,0.5,placeholder,2,0.0026737967914438,True
0.0,0.0,0.5,0.0,0.0080357142857142,1642,34,False,False,811,0.0317161083221435,{'reconciliation_state': 10},False,,key2_placeholder_reconciliation_0.5,11,reconciliation,0.5,placeholder,2,0.0026737967914438,True
0.0,0.0,0.5,0.0,0.006547619047619,1642,34,False,False,819,0.0347604751586914,{'reconciliation_state': 13},False,,key2_placeholder_reconciliation_0.5,12,reconciliation,0.5,placeholder,2,0.0026737967914438,True
0.0,0.0,0.5,0.0,0.0086309523809523,1642,34,False,False,826,0.0318012237548828,{'reconciliation_state': 13},False,,key2_placeholder_reconciliation_0.5,13,reconciliation,0.5,placeholder,2,0.0026737967914438,True
0.0,0.0,0.5,0.0,0.0074404761904761,1642,34,False,False,818,0.0418512821197509,{'reconciliation_state': 17},False,,key2_placeholder_reconciliation_0.5,14,reconciliation,0.5,placeholder,2,0.0026737967914438,True
0.0,0.0,0.5,0.0,0.0089285714285714,1642,34,False,False,818,0.03045654296875,{'reconciliation_state': 12},False,,key2_placeholder_reconciliation_0.5,15,reconciliation,0.5,placeholder,2,0.0026737967914438,True
0.0,0.0,0.5,0.0,0.0089285714285714,1642,34,False,False,830,0.020759105682373,{'reconciliation_state': 6},False,,key2_placeholder_reconciliation_0.5,16,reconciliation,0.5,placeholder,2,0.0026737967914438,True
0.0,0.0,0.5,0.0,0.0050595238095238,1642,34,False,False,833,0.0362591743469238,{'reconciliation_state': 11},False,,key2_placeholder_reconciliation_0.5,17,reconciliation,0.5,placeholder,2,0.0026737967914438,True
0.0,0.0,0.5,0.0,0.006845238095238,1642,34,False,False,787,0.0335550308227539,{'reconciliation_state': 11},False,,key2_placeholder_reconciliation_0.5,18,reconciliation,0.5,placeholder,2,0.0026737967914438,True
0.0,0.0,0.5,0.0,0.0098214285714285,1642,34,False,False,845,0.0320274829864501,{'reconciliation_state': 12},False,,key2_placeholder_reconciliation_0.5,19,reconciliation,0.5,placeholder,2,0.0026737967914438,True
0.0,0.0,0.3,0.0,0.0056547619047619,1642,34,False,False,817,0.0347898006439209,{'reconciliation_state': 10},False,,key2_placeholder_reconciliation_0.3,0,reconciliation,0.3,placeholder,2,0.0026737967914438,True
0.0,0.0,0.3,0.0,0.0038690476190476,1642,34,False,False,823,0.0308368206024169,{'reconciliation_state': 7},False,,key2_placeholder_reconciliation_0.3,1,reconciliation,0.3,placeholder,2,0.0026737967914438,True
0.0,0.0,0.3,0.0,0.0038690476190476,1642,34,False,False,819,0.0379860401153564,{'reconciliation_state': 10},False,,key2_placeholder_reconciliation_0.3,2,reconciliation,0.3,placeholder,2,0.0026737967914438,True
0.0,0.0,0.3,0.0,0.00625,1642,34,False,False,822,0.0301954746246337,{'reconciliation_state': 4},False,,key2_placeholder_reconciliation_0.3,3,reconciliation,0.3,placeholder,2,0.0026737967914438,True
0.0,0.0,0.3,0.0,0.0044642857142857,1642,34,False,False,789,0.0317969322204589,{'reconciliation_state': 7},False,,key2_placeholder_reconciliation_0.3,4,reconciliation,0.3,placeholder,2,0.0026737967914438,True
0.0,0.0,0.3,0.0,0.0044642857142857,1642,34,False,False,816,0.037147045135498,{'reconciliation_state': 8},False,,key2_placeholder_reconciliation_0.3,5,reconciliation,0.3,placeholder,2,0.0026737967914438,True
0.0,0.0,0.3,0.0,0.0038690476190476,1642,34,False,False,796,0.0365467071533203,{'reconciliation_state': 10},False,,key2_placeholder_reconciliation_0.3,6,reconciliation,0.3,placeholder,2,0.0026737967914438,True
0.0,0.0,0.3,0.0,0.0035714285714285,1642,34,False,False,753,0.0366578102111816,{'reconciliation_state': 11},False,,key2_placeholder_reconciliation_0.3,7,reconciliation,0.3,placeholder,2,0.0026737967914438,True
0.0,0.0,0.3,0.0,0.0050595238095238,1642,34,False,False,821,0.0320222377777099,{'reconciliation_state': 10},False,,key2_placeholder_reconciliation_0.3,8,reconciliation,0.3,placeholder,2,0.0026737967914438,True
0.0,0.0,0.3,0.0,0.0026785714285714,1642,34,False,False,826,0.0388765335083007,{'reconciliation_state': 9},False,,key2_placeholder_reconciliation_0.3,9,reconciliation,0.3,placeholder,2,0.0026737967914438,True
0.0,0.0,0.3,0.0,0.0056547619047619,1642,34,False,False,823,0.0320372581481933,{'reconciliation_state': 11},False,,key2_placeholder_reconciliation_0.3,10,reconciliation,0.3,placeholder,2,0.0026737967914438,True
0.0,0.0,0.3,0.0,0.0041666666666666,1642,34,False,False,797,0.0394480228424072,{'reconciliation_state': 8},False,,key2_placeholder_reconciliation_0.3,11,reconciliation,0.3,placeholder,2,0.0026737967914438,True
0.0,0.0,0.3,0.0,0.0029761904761904,1642,34,False,False,831,0.03800630569458,{'reconciliation_state': 9},False,,key2_placeholder_reconciliation_0.3,12,reconciliation,0.3,placeholder,2,0.0026737967914438,True
0.0,0.0,0.3,0.0,0.0029761904761904,1642,34,False,False,801,0.0364117622375488,{'reconciliation_state': 7},False,,key2_placeholder_reconciliation_0.3,13,reconciliation,0.3,placeholder,2,0.0026737967914438,True
0.0,0.0,0.3,0.0,0.006547619047619,1642,34,False,False,842,0.0324065685272216,{'reconciliation_state': 10},False,,key2_placeholder_reconciliation_0.3,14,reconciliation,0.3,placeholder,2,0.0026737967914438,True
0.0,0.0,0.3,0.0,0.0077380952380952,1642,34,False,False,808,0.0313186645507812,{'reconciliation_state': 10},False,,key2_placeholder_reconciliation_0.3,15,reconciliation,0.3,placeholder,2,0.0026737967914438,True
0.0,0.0,0.3,0.0,0.0041666666666666,1642,34,False,False,852,0.0386054515838623,{'reconciliation_state': 10},False,,key2_placeholder_reconciliation_0.3,16,reconciliation,0.3,placeholder,2,0.0026737967914438,True
0.0,0.0,0.3,0.0,0.0047619047619047,1642,34,False,False,831,0.030275821685791,{'reconciliation_state': 6},False,,key2_placeholder_reconciliation_0.3,17,reconciliation,0.3,placeholder,2,0.0026737967914438,True
0.0,0.0,0.3,0.0,0.0032738095238095,1642,34,False,False,821,0.0386507511138916,{'reconciliation_state': 9},False,,key2_placeholder_reconciliation_0.3,18,reconciliation,0.3,placeholder,2,0.0026737967914438,True
0.0,0.0,0.3,0.0,0.0059523809523809,1642,34,False,False,829,0.0305280685424804,{'reconciliation_state': 9},False,,key2_placeholder_reconciliation_0.3,19,reconciliation,0.3,placeholder,2,0.0026737967914438,True
0.0,0.0,0.1,0.0,0.0047619047619047,1642,34,False,False,830,0.0240817070007324,{'reconciliation_state': 2},False,,key2_placeholder_reconciliation_0.1,0,reconciliation,0.1,placeholder,2,0.0026737967914438,True
0.0,0.0,0.1,0.0,0.0008928571428571,1642,34,False,False,822,0.0323741436004638,{'reconciliation_state': 3},False,,key2_placeholder_reconciliation_0.1,1,reconciliation,0.1,placeholder,2,0.0026737967914438,True
0.0,0.0,0.1,0.0,0.0041666666666666,1642,34,False,False,819,0.0302703380584716,{'reconciliation_state': 6},False,,key2_placeholder_reconciliation_0.1,2,reconciliation,0.1,placeholder,2,0.0026737967914438,True
0.0,0.0,0.1,0.0,0.000297619047619,1642,34,False,False,802,0.0361359119415283,{'reconciliation_state': 1},False,,key2_placeholder_reconciliation_0.1,3,reconciliation,0.1,placeholder,2,0.0026737967914438,True
0.0,0.0,0.1,0.0,0.0008928571428571,1642,34,False,False,796,0.0438933372497558,{'reconciliation_state': 3},False,,key2_placeholder_reconciliation_0.1,4,reconciliation,0.1,placeholder,2,0.0026737967914438,True
0.0,0.0,0.1,0.0,0.0017857142857142,1642,34,False,False,813,0.031529426574707,{'reconciliation_state': 6},False,,key2_placeholder_reconciliation_0.1,5,reconciliation,0.1,placeholder,2,0.0026737967914438,True
0.0,0.0,0.1,0.0,0.0014880952380952,1642,34,False,False,849,0.0334475040435791,{'reconciliation_state': 3},False,,key2_placeholder_reconciliation_0.1,6,reconciliation,0.1,placeholder,2,0.0026737967914438,True
0.0,0.0,0.1,0.0,0.0011904761904761,1642,34,False,False,830,0.0312898159027099,{'reconciliation_state': 4},False,,key2_placeholder_reconciliation_0.1,7,reconciliation,0.1,placeholder,2,0.0026737967914438,True
0.0,0.0,0.1,0.0,0.0017857142857142,1642,34,False,False,811,0.0319550037384033,{'reconciliation_state': 5},False,,key2_placeholder_reconciliation_0.1,8,reconciliation,0.1,placeholder,2,0.0026737967914438,True
0.0,0.0,0.1,0.0,0.0026785714285714,1642,34,False,False,808,0.0340886116027832,{'reconciliation_state': 4},False,,key2_placeholder_reconciliation_0.1,9,reconciliation,0.1,placeholder,2,0.0026737967914438,True
0.0,0.0,0.1,0.0,0.0032738095238095,1642,34,False,False,830,0.0337216854095459,{'reconciliation_state': 5},False,,key2_placeholder_reconciliation_0.1,10,reconciliation,0.1,placeholder,2,0.0026737967914438,True
0.0,0.0,0.1,0.0,0.0017857142857142,1642,34,False,False,804,0.0397076606750488,{'reconciliation_state': 5},False,,key2_placeholder_reconciliation_0.1,11,reconciliation,0.1,placeholder,2,0.0026737967914438,True
0.0,0.0,0.1,0.0,0.006547619047619,1642,34,False,False,792,0.02248215675354,{'reconciliation_state': 3},False,,key2_placeholder_reconciliation_0.1,12,reconciliation,0.1,placeholder,2,0.0026737967914438,True
0.0,0.0,0.1,0.0,0.000595238095238,1642,34,False,False,810,0.0327813625335693,{'reconciliation_state': 2},False,,key2_placeholder_reconciliation_0.1,13,reconciliation,0.1,placeholder,2,0.0026737967914438,True
0.0,0.0,0.1,0.0,0.0020833333333333,1642,34,False,False,802,0.0359842777252197,{'reconciliation_state': 3},False,,key2_placeholder_reconciliation_0.1,14,reconciliation,0.1,placeholder,2,0.0026737967914438,True
0.0,0.0,0.1,0.0,0.0008928571428571,1642,34,False,False,818,0.0319361686706543,{'reconciliation_state': 3},False,,key2_placeholder_reconciliation_0.1,15,reconciliation,0.1,placeholder,2,0.0026737967914438,True
0.0,0.0,0.1,0.0,0.0020833333333333,1642,34,False,False,836,0.0357799530029296,{'reconciliation_state': 7},False,,key2_placeholder_reconciliation_0.1,16,reconciliation,0.1,placeholder,2,0.0026737967914438,True
0.0,0.0,0.1,0.0,0.0011904761904761,1642,34,False,False,785,0.035640001296997,{'reconciliation_state': 4},False,,key2_placeholder_reconciliation_0.1,17,reconciliation,0.1,placeholder,2,0.0026737967914438,True
0.0,0.0,0.1,0.0,0.000595238095238,1642,34,False,False,800,0.032804250717163,{'reconciliation_state': 2},False,,key2_placeholder_reconciliation_0.1,18,reconciliation,0.1,placeholder,2,0.0026737967914438,True
0.0,0.0,0.1,0.0,0.000595238095238,1642,34,False,False,805,0.0355036258697509,{'reconciliation_state': 2},False,,key2_placeholder_reconciliation_0.1,19,reconciliation,0.1,placeholder,2,0.0026737967914438,True
0.0,0.0,0.05,0.0,0.000297619047619,1642,34,False,False,850,0.0304713249206542,{'reconciliation_state': 1},False,,key2_placeholder_reconciliation_0.05,0,reconciliation,0.05,placeholder,2,0.0026737967914438,True
0.0,0.0,0.05,0.0,0.000595238095238,1642,34,False,False,826,0.0382490158081054,{'reconciliation_state': 2},False,,key2_placeholder_reconciliation_0.05,1,reconciliation,0.05,placeholder,2,0.0026737967914438,True
0.0,0.0,0.05,0.0,0.000595238095238,1642,34,False,False,833,0.0313639640808105,{'reconciliation_state': 2},False,,key2_placeholder_reconciliation_0.05,2,reconciliation,0.05,placeholder,2,0.0026737967914438,True
0.0,0.0,0.05,0.0,0.000595238095238,1642,34,False,False,839,0.032550573348999,{},False,,key2_placeholder_reconciliation_0.05,3,reconciliation,0.05,placeholder,2,0.0026737967914438,True
0.0,0.0,0.05,0.0,0.000297619047619,1642,34,False,False,843,0.0345799922943115,{'reconciliation_state': 1},False,,key2_placeholder_reconciliation_0.05,4,reconciliation,0.05,placeholder,2,0.0026737967914438,True
0.0,0.0,0.05,0.0,0.0011904761904761,1642,34,False,False,793,0.0357575416564941,{'reconciliation_state': 4},False,,key2_placeholder_reconciliation_0.05,5,reconciliation,0.05,placeholder,2,0.0026737967914438,True
0.0,0.0,0.05,0.0,0.000595238095238,1642,34,False,False,801,0.0348930358886718,{'reconciliation_state': 2},False,,key2_placeholder_reconciliation_0.05,6,reconciliation,0.05,placeholder,2,0.0026737967914438,True
0.0,0.0,0.05,0.0,0.000297619047619,1642,34,False,False,832,0.0316309928894043,{'reconciliation_state': 1},False,,key2_placeholder_reconciliation_0.05,7,reconciliation,0.05,placeholder,2,0.0026737967914438,True
0.0,0.0,0.05,0.0,0.000595238095238,1642,34,False,False,805,0.0361793041229248,{'reconciliation_state': 2},False,,key2_placeholder_reconciliation_0.05,8,reconciliation,0.05,placeholder,2,0.0026737967914438,True
0.0,0.0,0.05,0.0,0.0008928571428571,1642,34,False,False,836,0.0373141765594482,{'reconciliation_state': 3},False,,key2_placeholder_reconciliation_0.05,9,reconciliation,0.05,placeholder,2,0.0026737967914438,True
0.0,0.0,0.05,0.0,0.0041666666666666,1642,34,False,False,844,0.0265233516693115,{'reconciliation_state': 1},False,,key2_placeholder_reconciliation_0.05,10,reconciliation,0.05,placeholder,2,0.0026737967914438,True
0.0,0.0,0.05,0.0,0.006547619047619,1642,34,False,False,840,0.0211234092712402,{'reconciliation_state': 1},False,,key2_placeholder_reconciliation_0.05,11,reconciliation,0.05,placeholder,2,0.0026737967914438,True
0.0,0.0,0.05,0.0,0.000595238095238,1642,34,False,False,836,0.0332090854644775,{'reconciliation_state': 2},False,,key2_placeholder_reconciliation_0.05,12,reconciliation,0.05,placeholder,2,0.0026737967914438,True
0.0,0.0,0.05,0.0,0.0,1642,34,True,True,0,0.0343046188354492,{},False,,key2_placeholder_reconciliation_0.05,13,reconciliation,0.05,placeholder,2,0.0026737967914438,False
0.0,0.0,0.05,0.0,0.0008928571428571,1642,34,False,False,823,0.0446710586547851,{'reconciliation_state': 2},False,,key2_placeholder_reconciliation_0.05,14,reconciliation,0.05,placeholder,2,0.0026737967914438,True
0.0,0.0,0.05,0.0,0.000595238095238,1642,34,False,False,786,0.0352115631103515,{'reconciliation_state': 2},False,,key2_placeholder_reconciliation_0.05,15,reconciliation,0.05,placeholder,2,0.0026737967914438,True
0.0,0.0,0.05,0.0,0.0008928571428571,1642,34,False,False,832,0.0353937149047851,{'reconciliation_state': 3},False,,key2_placeholder_reconciliation_0.05,16,reconciliation,0.05,placeholder,2,0.0026737967914438,True
0.0,0.0,0.05,0.0,0.0008928571428571,1642,34,False,False,790,0.0347836017608642,{'reconciliation_state': 3},False,,key2_placeholder_reconciliation_0.05,17,reconciliation,0.05,placeholder,2,0.0026737967914438,True
0.0,0.0,0.05,0.0,0.000595238095238,1642,34,False,False,801,0.0320241451263427,{'reconciliation_state': 2},False,,key2_placeholder_reconciliation_0.05,18,reconciliation,0.05,placeholder,2,0.0026737967914438,True
0.0,0.0,0.05,0.0,0.000297619047619,1642,34,False,False,839,0.0360040664672851,{'reconciliation_state': 1},False,,key2_placeholder_reconciliation_0.05,19,reconciliation,0.05,placeholder,2,0.0026737967914438,True
0.0,0.0,0.03,0.0,0.000297619047619,1642,34,False,False,813,0.0294978618621826,{'reconciliation_state': 1},False,,key2_placeholder_reconciliation_0.03,0,reconciliation,0.03,placeholder,2,0.0026737967914438,True
0.0,0.0,0.03,0.0,0.0,1642,34,True,True,0,0.0348052978515625,{},False,,key2_placeholder_reconciliation_0.03,1,reconciliation,0.03,placeholder,2,0.0026737967914438,False
0.0,0.0,0.03,0.0,0.000297619047619,1642,34,False,False,818,0.036412239074707,{'reconciliation_state': 1},False,,key2_placeholder_reconciliation_0.03,2,reconciliation,0.03,placeholder,2,0.0026737967914438,True
0.0,0.0,0.03,0.0,0.000595238095238,1642,34,False,False,791,0.0325376987457275,{},False,,key2_placeholder_reconciliation_0.03,3,reconciliation,0.03,placeholder,2,0.0026737967914438,True
0.0,0.0,0.03,0.0,0.000297619047619,1642,34,False,False,847,0.0323219299316406,{'reconciliation_state': 1},False,,key2_placeholder_reconciliation_0.03,4,reconciliation,0.03,placeholder,2,0.0026737967914438,True
0.0,0.0,0.03,0.0,0.000595238095238,1642,34,False,False,821,0.0320799350738525,{'reconciliation_state': 2},False,,key2_placeholder_reconciliation_0.03,5,reconciliation,0.03,placeholder,2,0.0026737967914438,True
0.0,0.0,0.03,0.0,0.000297619047619,1642,34,False,False,832,0.0378148555755615,{'reconciliation_state': 1},False,,key2_placeholder_reconciliation_0.03,6,reconciliation,0.03,placeholder,2,0.0026737967914438,True
0.0,0.0,0.03,0.0,0.0,1642,34,True,True,0,0.0272092819213867,{},False,,key2_placeholder_reconciliation_0.03,7,reconciliation,0.03,placeholder,2,0.0026737967914438,False
0.0,0.0,0.03,0.0,0.000595238095238,1642,34,False,False,811,0.0399074554443359,{'reconciliation_state': 2},False,,key2_placeholder_reconciliation_0.03,8,reconciliation,0.03,placeholder,2,0.0026737967914438,True
0.0,0.0,0.03,0.0,0.000595238095238,1642,34,False,False,818,0.0338966846466064,{'reconciliation_state': 2},False,,key2_placeholder_reconciliation_0.03,9,reconciliation,0.03,placeholder,2,0.0026737967914438,True
0.0,0.0,0.03,0.0,0.0041666666666666,1642,34,False,False,802,0.0250477790832519,{'reconciliation_state': 1},False,,key2_placeholder_reconciliation_0.03,10,reconciliation,0.03,placeholder,2,0.0026737967914438,True
0.0,0.0,0.03,0.0,0.000297619047619,1642,34,False,False,778,0.0344099998474121,{'reconciliation_state': 1},False,,key2_placeholder_reconciliation_0.03,11,reconciliation,0.03,placeholder,2,0.0026737967914438,True
0.0,0.0,0.03,0.0,0.000297619047619,1642,34,False,False,845,0.0336403846740722,{'reconciliation_state': 1},False,,key2_placeholder_reconciliation_0.03,12,reconciliation,0.03,placeholder,2,0.0026737967914438,True
0.0,0.0,0.03,0.0,0.0,1642,34,True,True,0,0.0338566303253173,{},False,,key2_placeholder_reconciliation_0.03,13,reconciliation,0.03,placeholder,2,0.0026737967914438,False
0.0,0.0,0.03,0.0,0.000297619047619,1642,34,False,False,822,0.0373170375823974,{'reconciliation_state': 1},False,,key2_placeholder_reconciliation_0.03,14,reconciliation,0.03,placeholder,2,0.0026737967914438,True
0.0,0.0,0.03,0.0,0.000595238095238,1642,34,False,False,807,0.0389745235443115,{'reconciliation_state': 2},False,,key2_placeholder_reconciliation_0.03,15,reconciliation,0.03,placeholder,2,0.0026737967914438,True
0.0,0.0,0.03,0.0,0.0008928571428571,1642,34,False,False,777,0.0354385375976562,{'reconciliation_state': 3},False,,key2_placeholder_reconciliation_0.03,16,reconciliation,0.03,placeholder,2,0.0026737967914438,True
0.0,0.0,0.03,0.0,0.0008928571428571,1642,34,False,False,838,0.0369257926940918,{'reconciliation_state': 3},False,,key2_placeholder_reconciliation_0.03,17,reconciliation,0.03,placeholder,2,0.0026737967914438,True
0.0,0.0,0.03,0.0,0.000595238095238,1642,34,False,False,781,0.0331945419311523,{'reconciliation_state': 2},False,,key2_placeholder_reconciliation_0.03,18,reconciliation,0.03,placeholder,2,0.0026737967914438,True
0.0,0.0,0.03,0.0,0.000297619047619,1642,34,False,False,882,0.0358221530914306,{'reconciliation_state': 1},False,,key2_placeholder_reconciliation_0.03,19,reconciliation,0.03,placeholder,2,0.0026737967914438,True
0.0,0.0,0.01,0.0,0.0,1642,34,True,True,0,0.032524824142456,{},False,,key2_placeholder_reconciliation_0.01,0,reconciliation,0.01,placeholder,2,0.0026737967914438,False
0.0,0.0,0.01,0.0,0.0,1642,34,True,True,0,0.0332939624786376,{},False,,key2_placeholder_reconciliation_0.01,1,reconciliation,0.01,placeholder,2,0.0026737967914438,False
0.0,0.0,0.01,0.0,0.000297619047619,1642,34,False,False,804,0.0357468128204345,{'reconciliation_state': 1},False,,key2_placeholder_reconciliation_0.01,2,reconciliation,0.01,placeholder,2,0.0026737967914438,True
0.0,0.0,0.01,0.0,0.000595238095238,1642,34,False,False,822,0.0374300479888916,{},False,,key2_placeholder_reconciliation_0.01,3,reconciliation,0.01,placeholder,2,0.0026737967914438,True
0.0,0.0,0.01,0.0,0.0,1642,34,True,True,0,0.0333588123321533,{},False,,key2_placeholder_reconciliation_0.01,4,reconciliation,0.01,placeholder,2,0.0026737967914438,False
0.0,0.0,0.01,0.0,0.0,1642,34,True,True,0,0.026491641998291,{},False,,key2_placeholder_reconciliation_0.01,5,reconciliation,0.01,placeholder,2,0.0026737967914438,False
0.0,0.0,0.01,0.0,0.0,1642,34,True,True,0,0.0313339233398437,{},False,,key2_placeholder_reconciliation_0.01,6,reconciliation,0.01,placeholder,2,0.0026737967914438,False
0.0,0.0,0.01,0.0,0.0,1642,34,True,True,0,0.0269742012023925,{},False,,key2_placeholder_reconciliation_0.01,7,reconciliation,0.01,placeholder,2,0.0026737967914438,False
0.0,0.0,0.01,0.0,0.000297619047619,1642,34,False,False,821,0.0314371585845947,{'reconciliation_state': 1},False,,key2_placeholder_reconciliation_0.01,8,reconciliation,0.01,placeholder,2,0.0026737967914438,True
0.0,0.0,0.01,0.0,0.0,1642,34,True,True,0,0.0349471569061279,{},False,,key2_placeholder_reconciliation_0.01,9,reconciliation,0.01,placeholder,2,0.0026737967914438,False
0.0,0.0,0.01,0.0,0.0,1642,34,True,True,0,0.0330066680908203,{},False,,key2_placeholder_reconciliation_0.01,10,reconciliation,0.01,placeholder,2,0.0026737967914438,False
0.0,0.0,0.01,0.0,0.0,1642,34,True,True,0,0.0368502140045166,{},False,,key2_placeholder_reconciliation_0.01,11,reconciliation,0.01,placeholder,2,0.0026737967914438,False
0.0,0.0,0.01,0.0,0.0,1642,34,True,True,0,0.0359554290771484,{},False,,key2_placeholder_reconciliation_0.01,12,reconciliation,0.01,placeholder,2,0.0026737967914438,False
0.0,0.0,0.01,0.0,0.0,1642,34,True,True,0,0.0340776443481445,{},False,,key2_placeholder_reconciliation_0.01,13,reconciliation,0.01,placeholder,2,0.0026737967914438,False
0.0,0.0,0.01,0.0,0.000297619047619,1642,34,False,False,806,0.0419116020202636,{'reconciliation_state': 1},False,,key2_placeholder_reconciliation_0.01,14,reconciliation,0.01,placeholder,2,0.0026737967914438,True
0.0,0.0,0.01,0.0,0.000297619047619,1642,34,False,False,810,0.0334749221801757,{'reconciliation_state': 1},False,,key2_placeholder_reconciliation_0.01,15,reconciliation,0.01,placeholder,2,0.0026737967914438,True
0.0,0.0,0.01,0.0,0.000297619047619,1642,34,False,False,823,0.0316865444183349,{'reconciliation_state': 1},False,,key2_placeholder_reconciliation_0.01,16,reconciliation,0.01,placeholder,2,0.0026737967914438,True
0.0,0.0,0.01,0.0,0.0,1642,34,True,True,0,0.0335099697113037,{},False,,key2_placeholder_reconciliation_0.01,17,reconciliation,0.01,placeholder,2,0.0026737967914438,False
0.0,0.0,0.01,0.0,0.0,1642,34,True,True,0,0.0278635025024414,{},False,,key2_placeholder_reconciliation_0.01,18,reconciliation,0.01,placeholder,2,0.0026737967914438,False
0.0,0.0,0.01,0.0,0.0,1642,34,True,True,0,0.0337865352630615,{},False,,key2_placeholder_reconciliation_0.01,19,reconciliation,0.01,placeholder,2,0.0026737967914438,False
0.0,0.0,0.003,0.0,0.0,1642,34,True,True,0,0.0308601856231689,{},False,,key2_placeholder_reconciliation_0.003,0,reconciliation,0.003,placeholder,2,0.0026737967914438,False
0.0,0.0,0.003,0.0,0.0,1642,34,True,True,0,0.0341439247131347,{},False,,key2_placeholder_reconciliation_0.003,1,reconciliation,0.003,placeholder,2,0.0026737967914438,False
0.0,0.0,0.003,0.0,0.000595238095238,1642,34,False,False,818,0.032637596130371,{},False,,key2_placeholder_reconciliation_0.003,2,reconciliation,0.003,placeholder,2,0.0026737967914438,True
0.0,0.0,0.003,0.0,0.000595238095238,1642,34,False,False,869,0.0327260494232177,{},False,,key2_placeholder_reconciliation_0.003,3,reconciliation,0.003,placeholder,2,0.0026737967914438,True
0.0,0.0,0.003,0.0,0.0,1642,34,True,True,0,0.0307366847991943,{},False,,key2_placeholder_reconciliation_0.003,4,reconciliation,0.003,placeholder,2,0.0026737967914438,False
0.0,0.0,0.003,0.0,0.0,1642,34,True,True,0,0.0298645496368408,{},False,,key2_placeholder_reconciliation_0.003,5,reconciliation,0.003,placeholder,2,0.0026737967914438,False
0.0,0.0,0.003,0.0,0.0,1642,34,True,True,0,0.0320403575897216,{},False,,key2_placeholder_reconciliation_0.003,6,reconciliation,0.003,placeholder,2,0.0026737967914438,False
0.0,0.0,0.003,0.0,0.0,1642,34,True,True,0,0.0284311771392822,{},False,,key2_placeholder_reconciliation_0.003,7,reconciliation,0.003,placeholder,2,0.0026737967914438,False
0.0,0.0,0.003,0.0,0.0,1642,34,True,True,0,0.0298137664794921,{},False,,key2_placeholder_reconciliation_0.003,8,reconciliation,0.003,placeholder,2,0.0026737967914438,False
0.0,0.0,0.003,0.0,0.0,1642,34,True,True,0,0.0352225303649902,{},False,,key2_placeholder_reconciliation_0.003,9,reconciliation,0.003,placeholder,2,0.0026737967914438,False
0.0,0.0,0.003,0.0,0.0,1642,34,True,True,0,0.0331878662109375,{},False,,key2_placeholder_reconciliation_0.003,10,reconciliation,0.003,placeholder,2,0.0026737967914438,False
0.0,0.0,0.003,0.0,0.0,1642,34,True,True,0,0.0323367118835449,{},False,,key2_placeholder_reconciliation_0.003,11,reconciliation,0.003,placeholder,2,0.0026737967914438,False
0.0,0.0,0.003,0.0,0.0,1642,34,True,True,0,0.0340189933776855,{},False,,key2_placeholder_reconciliation_0.003,12,reconciliation,0.003,placeholder,2,0.0026737967914438,False
0.0,0.0,0.003,0.0,0.0,1642,34,True,True,0,0.0393228530883789,{},False,,key2_placeholder_reconciliation_0.003,13,reconciliation,0.003,placeholder,2,0.0026737967914438,False
0.0,0.0,0.003,0.0,0.0,1642,34,True,True,0,0.0322992801666259,{},False,,key2_placeholder_reconciliation_0.003,14,reconciliation,0.003,placeholder,2,0.0026737967914438,False
0.0,0.0,0.003,0.0,0.0,1642,34,True,True,0,0.0334382057189941,{},False,,key2_placeholder_reconciliation_0.003,15,reconciliation,0.003,placeholder,2,0.0026737967914438,False
0.0,0.0,0.003,0.0,0.000297619047619,1642,34,False,False,804,0.0329334735870361,{'reconciliation_state': 1},False,,key2_placeholder_reconciliation_0.003,16,reconciliation,0.003,placeholder,2,0.0026737967914438,True
0.0,0.0,0.003,0.0,0.0,1642,34,True,True,0,0.0449891090393066,{},False,,key2_placeholder_reconciliation_0.003,17,reconciliation,0.003,placeholder,2,0.0026737967914438,False
0.0,0.0,0.003,0.0,0.0,1642,34,True,True,0,0.0297999382019042,{},False,,key2_placeholder_reconciliation_0.003,18,reconciliation,0.003,placeholder,2,0.0026737967914438,False
0.0,0.0,0.003,0.0,0.0,1642,34,True,True,0,0.0338273048400878,{},False,,key2_placeholder_reconciliation_0.003,19,reconciliation,0.003,placeholder,2,0.0026737967914438,False
0.0,0.0,0.001,0.0,0.0,1642,34,True,True,0,0.0344789028167724,{},False,,key2_placeholder_reconciliation_0.001,0,reconciliation,0.001,placeholder,2,0.0026737967914438,False
0.0,0.0,0.001,0.0,0.0,1642,34,True,True,0,0.0362918376922607,{},False,,key2_placeholder_reconciliation_0.001,1,reconciliation,0.001,placeholder,2,0.0026737967914438,False
0.0,0.0,0.001,0.0,0.000595238095238,1642,34,False,False,822,0.0324423313140869,{},False,,key2_placeholder_reconciliation_0.001,2,reconciliation,0.001,placeholder,2,0.0026737967914438,True
0.0,0.0,0.001,0.0,0.000595238095238,1642,34,False,False,809,0.0328001976013183,{},False,,key2_placeholder_reconciliation_0.001,3,reconciliation,0.001,placeholder,2,0.0026737967914438,True
0.0,0.0,0.001,0.0,0.0,1642,34,True,True,0,0.0300738811492919,{},False,,key2_placeholder_reconciliation_0.001,4,reconciliation,0.001,placeholder,2,0.0026737967914438,False
0.0,0.0,0.001,0.0,0.0,1642,34,True,True,0,0.0275065898895263,{},False,,key2_placeholder_reconciliation_0.001,5,reconciliation,0.001,placeholder,2,0.0026737967914438,False
0.0,0.0,0.001,0.0,0.0,1642,34,True,True,0,0.0333740711212158,{},False,,key2_placeholder_reconciliation_0.001,6,reconciliation,0.001,placeholder,2,0.0026737967914438,False
0.0,0.0,0.001,0.0,0.0,1642,34,True,True,0,0.031867504119873,{},False,,key2_placeholder_reconciliation_0.001,7,reconciliation,0.001,placeholder,2,0.0026737967914438,False
0.0,0.0,0.001,0.0,0.0,1642,34,True,True,0,0.0277228355407714,{},False,,key2_placeholder_reconciliation_0.001,8,reconciliation,0.001,placeholder,2,0.0026737967914438,False
0.0,0.0,0.001,0.0,0.0,1642,34,True,True,0,0.03257417678833,{},False,,key2_placeholder_reconciliation_0.001,9,reconciliation,0.001,placeholder,2,0.0026737967914438,False
0.0,0.0,0.001,0.0,0.0,1642,34,True,True,0,0.0320997238159179,{},False,,key2_placeholder_reconciliation_0.001,10,reconciliation,0.001,placeholder,2,0.0026737967914438,False
0.0,0.0,0.001,0.0,0.0,1642,34,True,True,0,0.0340533256530761,{},False,,key2_placeholder_reconciliation_0.001,11,reconciliation,0.001,placeholder,2,0.0026737967914438,False
0.0,0.0,0.001,0.0,0.0,1642,34,True,True,0,0.032466173171997,{},False,,key2_placeholder_reconciliation_0.001,12,reconciliation,0.001,placeholder,2,0.0026737967914438,False
0.0,0.0,0.001,0.0,0.0,1642,34,True,True,0,0.0339109897613525,{},False,,key2_placeholder_reconciliation_0.001,13,reconciliation,0.001,placeholder,2,0.0026737967914438,False
0.0,0.0,0.001,0.0,0.0,1642,34,True,True,0,0.0305080413818359,{},False,,key2_placeholder_reconciliation_0.001,14,reconciliation,0.001,placeholder,2,0.0026737967914438,False
0.0,0.0,0.001,0.0,0.0,1642,34,True,True,0,0.0335047245025634,{},False,,key2_placeholder_reconciliation_0.001,15,reconciliation,0.001,placeholder,2,0.0026737967914438,False
0.0,0.0,0.001,0.0,0.0,1642,34,True,True,0,0.026695966720581,{},False,,key2_placeholder_reconciliation_0.001,16,reconciliation,0.001,placeholder,2,0.0026737967914438,False
0.0,0.0,0.001,0.0,0.0,1642,34,True,True,0,0.0329935550689697,{},False,,key2_placeholder_reconciliation_0.001,17,reconciliation,0.001,placeholder,2,0.0026737967914438,False
0.0,0.0,0.001,0.0,0.0,1642,34,True,True,0,0.0285444259643554,{},False,,key2_placeholder_reconciliation_0.001,18,reconciliation,0.001,placeholder,2,0.0026737967914438,False
0.0,0.0,0.001,0.0,0.0,1642,34,True,True,0,0.0336647033691406,{},False,,key2_placeholder_reconciliation_0.001,19,reconciliation,0.001,placeholder,2,0.0026737967914438,False
0.5,0.0,0.0,0.0,0.0,3251,34,True,True,0,0.0334866046905517,{},False,,key3_asymptotic_toeplitz_0.5,0,toeplitz,0.5,asymptotic,3,0.0026178010471204,False
0.5,0.0,0.0,0.0,0.0,3251,34,True,False,1,0.0310540199279785,{'toeplitz_matrix': 1},False,,key3_asymptotic_toeplitz_0.5,1,toeplitz,0.5,asymptotic,3,0.0026178010471204,True
0.5,0.0,0.0,0.0,0.0,3251,34,True,False,1,0.029595136642456,{'toeplitz_matrix': 1},False,,key3_asymptotic_toeplitz_0.5,2,toeplitz,0.5,asymptotic,3,0.0026178010471204,True
0.5,0.0,0.0,0.0,0.0,3251,34,True,True,0,0.0468149185180664,{},False,,key3_asymptotic_toeplitz_0.5,3,toeplitz,0.5,asymptotic,3,0.0026178010471204,False
0.5,0.0,0.0,0.0,0.0,3251,34,True,True,0,0.0589528083801269,{},False,,key3_asymptotic_toeplitz_0.5,4,toeplitz,0.5,asymptotic,3,0.0026178010471204,False
0.5,0.0,0.0,0.0,0.0,3251,34,True,True,0,0.0309650897979736,{},False,,key3_asymptotic_toeplitz_0.5,5,toeplitz,0.5,asymptotic,3,0.0026178010471204,False
0.5,0.0,0.0,0.0,0.0005829204313611,3251,34,False,False,1605,0.0290219783782959,{},False,,key3_asymptotic_toeplitz_0.5,6,toeplitz,0.5,asymptotic,3,0.0026178010471204,True
0.5,0.0,0.0,0.0,0.0,3251,34,True,True,0,0.0293898582458496,{},False,,key3_asymptotic_toeplitz_0.5,7,toeplitz,0.5,asymptotic,3,0.0026178010471204,False
0.5,0.0,0.0,0.0,0.0017487612940833,3251,34,False,False,1590,0.0253105163574218,{},False,,key3_asymptotic_toeplitz_0.5,8,toeplitz,0.5,asymptotic,3,0.0026178010471204,True
0.5,0.0,0.0,0.0,0.0,3251,34,True,True,0,0.0360102653503418,{},False,,key3_asymptotic_toeplitz_0.5,9,toeplitz,0.5,asymptotic,3,0.0026178010471204,False
0.5,0.0,0.0,0.0,0.0,3251,34,True,True,0,0.0390348434448242,{'toeplitz_matrix': 1},False,,key3_asymptotic_toeplitz_0.5,10,toeplitz,0.5,asymptotic,3,0.0026178010471204,False
0.5,0.0,0.0,0.0,0.0,3251,34,True,False,1,0.0342528820037841,{'toeplitz_matrix': 1},False,,key3_asymptotic_toeplitz_0.5,11,toeplitz,0.5,asymptotic,3,0.0026178010471204,True
0.5,0.0,0.0,0.0,0.0,3251,34,True,True,0,0.0331132411956787,{},False,,key3_asymptotic_toeplitz_0.5,12,toeplitz,0.5,asymptotic,3,0.0026178010471204,False
0.5,0.0,0.0,0.0,0.0,3251,34,True,True,0,0.031200885772705,{},False,,key3_asymptotic_toeplitz_0.5,13,toeplitz,0.5,asymptotic,3,0.0026178010471204,False
0.5,0.0,0.0,0.0,0.0023316817254444,3251,34,False,False,1660,0.0273616313934326,{'toeplitz_matrix': 1},False,,key3_asymptotic_toeplitz_0.5,14,toeplitz,0.5,asymptotic,3,0.0026178010471204,True
0.5,0.0,0.0,0.0,0.0,3251,34,True,True,0,0.0316526889801025,{},False,,key3_asymptotic_toeplitz_0.5,15,toeplitz,0.5,asymptotic,3,0.0026178010471204,False
0.5,0.0,0.0,0.0,0.0,3251,34,True,False,1,0.0352575778961181,{'toeplitz_matrix': 1},False,,key3_asymptotic_toeplitz_0.5,16,toeplitz,0.5,asymptotic,3,0.0026178010471204,True
0.5,0.0,0.0,0.0,0.0,3251,34,True,False,1,0.0271258354187011,{'toeplitz_matrix': 1},False,,key3_asymptotic_toeplitz_0.5,17,toeplitz,0.5,asymptotic,3,0.0026178010471204,True
0.5,0.0,0.0,0.0,0.0,3251,34,True,True,0,0.0338454246520996,{},False,,key3_asymptotic_toeplitz_0.5,18,toeplitz,0.5,asymptotic,3,0.0026178010471204,False
0.5,0.0,0.0,0.0,0.0,3251,34,True,False,1,0.0312957763671875,{'toeplitz_matrix': 1},False,,key3_asymptotic_toeplitz_0.5,19,toeplitz,0.5,asymptotic,3,0.0026178010471204,True
0.3,0.0,0.0,0.0,0.0,3251,34,True,True,0,0.0602631568908691,{},False,,key3_asymptotic_toeplitz_0.3,0,toeplitz,0.3,asymptotic,3,0.0026178010471204,False
0.3,0.0,0.0,0.0,0.0,3251,34,True,True,0,0.0318067073822021,{},False,,key3_asymptotic_toeplitz_0.3,1,toeplitz,0.3,asymptotic,3,0.0026178010471204,False
0.3,0.0,0.0,0.0,0.0,3251,34,True,False,1,0.0295615196228027,{'toeplitz_matrix': 1},False,,key3_asymptotic_toeplitz_0.3,2,toeplitz,0.3,asymptotic,3,0.0026178010471204,True
0.3,0.0,0.0,0.0,0.0,3251,34,True,True,0,0.03179931640625,{},False,,key3_asymptotic_toeplitz_0.3,3,toeplitz,0.3,asymptotic,3,0.0026178010471204,False
0.3,0.0,0.0,0.0,0.0,3251,34,True,True,0,0.0308248996734619,{},False,,key3_asymptotic_toeplitz_0.3,4,toeplitz,0.3,asymptotic,3,0.0026178010471204,False
0.3,0.0,0.0,0.0,0.0,3251,34,True,True,0,0.0317385196685791,{},False,,key3_asymptotic_toeplitz_0.3,5,toeplitz,0.3,asymptotic,3,0.0026178010471204,False
0.3,0.0,0.0,0.0,0.0005829204313611,3251,34,False,False,1563,0.0550508499145507,{},False,,key3_asymptotic_toeplitz_0.3,6,toeplitz,0.3,asymptotic,3,0.0026178010471204,True
0.3,0.0,0.0,0.0,0.0,3251,34,True,True,0,0.0285968780517578,{},False,,key3_asymptotic_toeplitz_0.3,7,toeplitz,0.3,asymptotic,3,0.0026178010471204,False
0.3,0.0,0.0,0.0,0.0017487612940833,3251,34,False,False,1636,0.025881290435791,{},False,,key3_asymptotic_toeplitz_0.3,8,toeplitz,0.3,asymptotic,3,0.0026178010471204,True
0.3,0.0,0.0,0.0,0.0,3251,34,True,True,0,0.035433292388916,{},False,,key3_asymptotic_toeplitz_0.3,9,toeplitz,0.3,asymptotic,3,0.0026178010471204,False
0.3,0.0,0.0,0.0,0.0,3251,34,True,True,0,0.0389494895935058,{'toeplitz_matrix': 1},False,,key3_asymptotic_toeplitz_0.3,10,toeplitz,0.3,asymptotic,3,0.0026178010471204,False
0.3,0.0,0.0,0.0,0.0,3251,34,True,False,1,0.0321021080017089,{'toeplitz_matrix': 1},False,,key3_asymptotic_toeplitz_0.3,11,toeplitz,0.3,asymptotic,3,0.0026178010471204,True
0.3,0.0,0.0,0.0,0.0,3251,34,True,True,0,0.0371797084808349,{},False,,key3_asymptotic_toeplitz_0.3,12,toeplitz,0.3,asymptotic,3,0.0026178010471204,False
0.3,0.0,0.0,0.0,0.0,3251,34,True,True,0,0.034369945526123,{},False,,key3_asymptotic_toeplitz_0.3,13,toeplitz,0.3,asymptotic,3,0.0026178010471204,False
0.3,0.0,0.0,0.0,0.0023316817254444,3251,34,False,False,1639,0.0250539779663085,{'toeplitz_matrix': 1},False,,key3_asymptotic_toeplitz_0.3,14,toeplitz,0.3,asymptotic,3,0.0026178010471204,True
0.3,0.0,0.0,0.0,0.0,3251,34,True,True,0,0.0307018756866455,{},False,,key3_asymptotic_toeplitz_0.3,15,toeplitz,0.3,asymptotic,3,0.0026178010471204,False
0.3,0.0,0.0,0.0,0.0,3251,34,True,False,1,0.036935806274414,{'toeplitz_matrix': 1},False,,key3_asymptotic_toeplitz_0.3,16,toeplitz,0.3,asymptotic,3,0.0026178010471204,True
0.3,0.0,0.0,0.0,0.0,3251,34,True,False,1,0.0285565853118896,{'toeplitz_matrix': 1},False,,key3_asymptotic_toeplitz_0.3,17,toeplitz,0.3,asymptotic,3,0.0026178010471204,True
0.3,0.0,0.0,0.0,0.0,3251,34,True,True,0,0.0327587127685546,{},False,,key3_asymptotic_toeplitz_0.3,18,toeplitz,0.3,asymptotic,3,0.0026178010471204,False
0.3,0.0,0.0,0.0,0.0,3251,34,True,False,1,0.0317728519439697,{'toeplitz_matrix': 1},False,,key3_asymptotic_toeplitz_0.3,19,toeplitz,0.3,asymptotic,3,0.0026178010471204,True
0.1,0.0,0.0,0.0,0.0,3251,34,True,True,0,0.0368831157684326,{},False,,key3_asymptotic_toeplitz_0.1,0,toeplitz,0.1,asymptotic,3,0.0026178010471204,False
0.1,0.0,0.0,0.0,0.0,3251,34,True,True,0,0.0309889316558837,{},False,,key3_asymptotic_toeplitz_0.1,1,toeplitz,0.1,asymptotic,3,0.0026178010471204,False
0.1,0.0,0.0,0.0,0.0,3251,34,True,False,1,0.0273282527923584,{'toeplitz_matrix': 1},False,,key3_asymptotic_toeplitz_0.1,2,toeplitz,0.1,asymptotic,3,0.0026178010471204,True
0.1,0.0,0.0,0.0,0.0,3251,34,True,True,0,0.0474944114685058,{},False,,key3_asymptotic_toeplitz_0.1,3,toeplitz,0.1,asymptotic,3,0.0026178010471204,False
0.1,0.0,0.0,0.0,0.0,3251,34,True,True,0,0.0299024581909179,{},False,,key3_asymptotic_toeplitz_0.1,4,toeplitz,0.1,asymptotic,3,0.0026178010471204,False
0.1,0.0,0.0,0.0,0.0,3251,34,True,True,0,0.029557466506958,{},False,,key3_asymptotic_toeplitz_0.1,5,toeplitz,0.1,asymptotic,3,0.0026178010471204,False
0.1,0.0,0.0,0.0,0.0005829204313611,3251,34,False,False,1669,0.0269026756286621,{},False,,key3_asymptotic_toeplitz_0.1,6,toeplitz,0.1,asymptotic,3,0.0026178010471204,True
0.1,0.0,0.0,0.0,0.0,3251,34,True,True,0,0.030414342880249,{},False,,key3_asymptotic_toeplitz_0.1,7,toeplitz,0.1,asymptotic,3,0.0026178010471204,False
0.1,0.0,0.0,0.0,0.0017487612940833,3251,34,False,False,1631,0.0256726741790771,{},False,,key3_asymptotic_toeplitz_0.1,8,toeplitz,0.1,asymptotic,3,0.0026178010471204,True
0.1,0.0,0.0,0.0,0.0,3251,34,True,True,0,0.0362834930419921,{},False,,key3_asymptotic_toeplitz_0.1,9,toeplitz,0.1,asymptotic,3,0.0026178010471204,False
0.1,0.0,0.0,0.0,0.0,3251,34,True,True,0,0.0370965003967285,{'toeplitz_matrix': 1},False,,key3_asymptotic_toeplitz_0.1,10,toeplitz,0.1,asymptotic,3,0.0026178010471204,False
0.1,0.0,0.0,0.0,0.0,3251,34,True,True,0,0.0325171947479248,{},False,,key3_asymptotic_toeplitz_0.1,11,toeplitz,0.1,asymptotic,3,0.0026178010471204,False
0.1,0.0,0.0,0.0,0.0,3251,34,True,True,0,0.0323634147644043,{},False,,key3_asymptotic_toeplitz_0.1,12,toeplitz,0.1,asymptotic,3,0.0026178010471204,False
0.1,0.0,0.0,0.0,0.0,3251,34,True,True,0,0.0308077335357666,{},False,,key3_asymptotic_toeplitz_0.1,13,toeplitz,0.1,asymptotic,3,0.0026178010471204,False
0.1,0.0,0.0,0.0,0.0023316817254444,3251,34,False,False,1580,0.0266175270080566,{'toeplitz_matrix': 1},False,,key3_asymptotic_toeplitz_0.1,14,toeplitz,0.1,asymptotic,3,0.0026178010471204,True
0.1,0.0,0.0,0.0,0.0,3251,34,True,True,0,0.031672716140747,{},False,,key3_asymptotic_toeplitz_0.1,15,toeplitz,0.1,asymptotic,3,0.0026178010471204,False
0.1,0.0,0.0,0.0,0.0,3251,34,True,False,1,0.0350806713104248,{'toeplitz_matrix': 1},False,,key3_asymptotic_toeplitz_0.1,16,toeplitz,0.1,asymptotic,3,0.0026178010471204,True
0.1,0.0,0.0,0.0,0.0,3251,34,True,True,0,0.0283138751983642,{},False,,key3_asymptotic_toeplitz_0.1,17,toeplitz,0.1,asymptotic,3,0.0026178010471204,False
0.1,0.0,0.0,0.0,0.0,3251,34,True,True,0,0.0326101779937744,{},False,,key3_asymptotic_toeplitz_0.1,18,toeplitz,0.1,asymptotic,3,0.0026178010471204,False
0.1,0.0,0.0,0.0,0.0,3251,34,True,True,0,0.0325222015380859,{},False,,key3_asymptotic_toeplitz_0.1,19,toeplitz,0.1,asymptotic,3,0.0026178010471204,False
0.05,0.0,0.0,0.0,0.0,3251,34,True,True,0,0.0339381694793701,{},False,,key3_asymptotic_toeplitz_0.05,0,toeplitz,0.05,asymptotic,3,0.0026178010471204,False
0.05,0.0,0.0,0.0,0.0,3251,34,True,True,0,0.0307590961456298,{},False,,key3_asymptotic_toeplitz_0.05,1,toeplitz,0.05,asymptotic,3,0.0026178010471204,False
0.05,0.0,0.0,0.0,0.0,3251,34,True,False,1,0.0277190208435058,{'toeplitz_matrix': 1},False,,key3_asymptotic_toeplitz_0.05,2,toeplitz,0.05,asymptotic,3,0.0026178010471204,True
0.05,0.0,0.0,0.0,0.0,3251,34,True,True,0,0.0380868911743164,{},False,,key3_asymptotic_toeplitz_0.05,3,toeplitz,0.05,asymptotic,3,0.0026178010471204,False
0.05,0.0,0.0,0.0,0.0,3251,34,True,True,0,0.0312163829803466,{},False,,key3_asymptotic_toeplitz_0.05,4,toeplitz,0.05,asymptotic,3,0.0026178010471204,False
0.05,0.0,0.0,0.0,0.0,3251,34,True,True,0,0.02880859375,{},False,,key3_asymptotic_toeplitz_0.05,5,toeplitz,0.05,asymptotic,3,0.0026178010471204,False
0.05,0.0,0.0,0.0,0.0005829204313611,3251,34,False,False,1639,0.0268750190734863,{},False,,key3_asymptotic_toeplitz_0.05,6,toeplitz,0.05,asymptotic,3,0.0026178010471204,True
0.05,0.0,0.0,0.0,0.0,3251,34,True,True,0,0.0276055335998535,{},False,,key3_asymptotic_toeplitz_0.05,7,toeplitz,0.05,asymptotic,3,0.0026178010471204,False
0.05,0.0,0.0,0.0,0.0017487612940833,3251,34,False,False,1636,0.0288329124450683,{},False,,key3_asymptotic_toeplitz_0.05,8,toeplitz,0.05,asymptotic,3,0.0026178010471204,True
0.05,0.0,0.0,0.0,0.0,3251,34,True,True,0,0.0359587669372558,{},False,,key3_asymptotic_toeplitz_0.05,9,toeplitz,0.05,asymptotic,3,0.0026178010471204,False
0.05,0.0,0.0,0.0,0.0,3251,34,True,True,0,0.0375666618347168,{},False,,key3_asymptotic_toeplitz_0.05,10,toeplitz,0.05,asymptotic,3,0.0026178010471204,False
0.05,0.0,0.0,0.0,0.0,3251,34,True,True,0,0.0340840816497802,{},False,,key3_asymptotic_toeplitz_0.05,11,toeplitz,0.05,asymptotic,3,0.0026178010471204,False
0.05,0.0,0.0,0.0,0.0,3251,34,True,True,0,0.0329914093017578,{},False,,key3_asymptotic_toeplitz_0.05,12,toeplitz,0.05,asymptotic,3,0.0026178010471204,False
0.05,0.0,0.0,0.0,0.0,3251,34,True,True,0,0.0300064086914062,{},False,,key3_asymptotic_toeplitz_0.05,13,toeplitz,0.05,asymptotic,3,0.0026178010471204,False
0.05,0.0,0.0,0.0,0.0023316817254444,3251,34,False,False,1671,0.0254476070404052,{'toeplitz_matrix': 1},False,,key3_asymptotic_toeplitz_0.05,14,toeplitz,0.05,asymptotic,3,0.0026178010471204,True
0.05,0.0,0.0,0.0,0.0,3251,34,True,True,0,0.0318348407745361,{},False,,key3_asymptotic_toeplitz_0.05,15,toeplitz,0.05,asymptotic,3,0.0026178010471204,False
0.05,0.0,0.0,0.0,0.0,3251,34,True,True,0,0.0360443592071533,{},False,,key3_asymptotic_toeplitz_0.05,16,toeplitz,0.05,asymptotic,3,0.0026178010471204,False
0.05,0.0,0.0,0.0,0.0,3251,34,True,True,0,0.0274252891540527,{},False,,key3_asymptotic_toeplitz_0.05,17,toeplitz,0.05,asymptotic,3,0.0026178010471204,False
0.05,0.0,0.0,0.0,0.0,3251,34,True,True,0,0.0327005386352539,{},False,,key3_asymptotic_toeplitz_0.05,18,toeplitz,0.05,asymptotic,3,0.0026178010471204,False
0.05,0.0,0.0,0.0,0.0,3251,34,True,True,0,0.0305995941162109,{},False,,key3_asymptotic_toeplitz_0.05,19,toeplitz,0.05,asymptotic,3,0.0026178010471204,False
0.03,0.0,0.0,0.0,0.0,3251,34,True,True,0,0.033437967300415,{},False,,key3_asymptotic_toeplitz_0.03,0,toeplitz,0.03,asymptotic,3,0.0026178010471204,False
0.03,0.0,0.0,0.0,0.0,3251,34,True,True,0,0.0294539928436279,{},False,,key3_asymptotic_toeplitz_0.03,1,toeplitz,0.03,asymptotic,3,0.0026178010471204,False
0.03,0.0,0.0,0.0,0.0,3251,34,True,True,0,0.0292575359344482,{},False,,key3_asymptotic_toeplitz_0.03,2,toeplitz,0.03,asymptotic,3,0.0026178010471204,False
0.03,0.0,0.0,0.0,0.0,3251,34,True,True,0,0.033271312713623,{},False,,key3_asymptotic_toeplitz_0.03,3,toeplitz,0.03,asymptotic,3,0.0026178010471204,False
0.03,0.0,0.0,0.0,0.0,3251,34,True,True,0,0.0310690402984619,{},False,,key3_asymptotic_toeplitz_0.03,4,toeplitz,0.03,asymptotic,3,0.0026178010471204,False
0.03,0.0,0.0,0.0,0.0,3251,34,True,True,0,0.0288460254669189,{},False,,key3_asymptotic_toeplitz_0.03,5,toeplitz,0.03,asymptotic,3,0.0026178010471204,False
0.03,0.0,0.0,0.0,0.0005829204313611,3251,34,False,False,1653,0.0283989906311035,{},False,,key3_asymptotic_toeplitz_0.03,6,toeplitz,0.03,asymptotic,3,0.0026178010471204,True
0.03,0.0,0.0,0.0,0.0,3251,34,True,True,0,0.0293865203857421,{},False,,key3_asymptotic_toeplitz_0.03,7,toeplitz,0.03,asymptotic,3,0.0026178010471204,False
0.03,0.0,0.0,0.0,0.0017487612940833,3251,34,False,False,1588,0.0250921249389648,{},False,,key3_asymptotic_toeplitz_0.03,8,toeplitz,0.03,asymptotic,3,0.0026178010471204,True
0.03,0.0,0.0,0.0,0.0,3251,34,True,True,0,0.0385024547576904,{},False,,key3_asymptotic_toeplitz_0.03,9,toeplitz,0.03,asymptotic,3,0.0026178010471204,False
0.03,0.0,0.0,0.0,0.0,3251,34,True,True,0,0.0396897792816162,{},False,,key3_asymptotic_toeplitz_0.03,10,toeplitz,0.03,asymptotic,3,0.0026178010471204,False
0.03,0.0,0.0,0.0,0.0,3251,34,True,True,0,0.0327939987182617,{},False,,key3_asymptotic_toeplitz_0.03,11,toeplitz,0.03,asymptotic,3,0.0026178010471204,False
0.03,0.0,0.0,0.0,0.0,3251,34,True,True,0,0.0298771858215332,{},False,,key3_asymptotic_toeplitz_0.03,12,toeplitz,0.03,asymptotic,3,0.0026178010471204,False
0.03,0.0,0.0,0.0,0.0,3251,34,True,True,0,0.0291013717651367,{},False,,key3_asymptotic_toeplitz_0.03,13,toeplitz,0.03,asymptotic,3,0.0026178010471204,False
0.03,0.0,0.0,0.0,0.0023316817254444,3251,34,False,False,1621,0.0275695323944091,{},False,,key3_asymptotic_toeplitz_0.03,14,toeplitz,0.03,asymptotic,3,0.0026178010471204,True
0.03,0.0,0.0,0.0,0.0,3251,34,True,True,0,0.0353109836578369,{},False,,key3_asymptotic_toeplitz_0.03,15,toeplitz,0.03,asymptotic,3,0.0026178010471204,False
0.03,0.0,0.0,0.0,0.0,3251,34,True,True,0,0.0362598896026611,{},False,,key3_asymptotic_toeplitz_0.03,16,toeplitz,0.03,asymptotic,3,0.0026178010471204,False
0.03,0.0,0.0,0.0,0.0,3251,34,True,True,0,0.027672529220581,{},False,,key3_asymptotic_toeplitz_0.03,17,toeplitz,0.03,asymptotic,3,0.0026178010471204,False
0.03,0.0,0.0,0.0,0.0,3251,34,True,True,0,0.0318081378936767,{},False,,key3_asymptotic_toeplitz_0.03,18,toeplitz,0.03,asymptotic,3,0.0026178010471204,False
0.03,0.0,0.0,0.0,0.0,3251,34,True,True,0,0.031914472579956,{},False,,key3_asymptotic_toeplitz_0.03,19,toeplitz,0.03,asymptotic,3,0.0026178010471204,False
0.01,0.0,0.0,0.0,0.0,3251,34,True,True,0,0.0331940650939941,{},False,,key3_asymptotic_toeplitz_0.01,0,toeplitz,0.01,asymptotic,3,0.0026178010471204,False
0.01,0.0,0.0,0.0,0.0,3251,34,True,True,0,0.0294177532196044,{},False,,key3_asymptotic_toeplitz_0.01,1,toeplitz,0.01,asymptotic,3,0.0026178010471204,False
0.01,0.0,0.0,0.0,0.0,3251,34,True,True,0,0.0313916206359863,{},False,,key3_asymptotic_toeplitz_0.01,2,toeplitz,0.01,asymptotic,3,0.0026178010471204,False
0.01,0.0,0.0,0.0,0.0,3251,34,True,True,0,0.0719549655914306,{},False,,key3_asymptotic_toeplitz_0.01,3,toeplitz,0.01,asymptotic,3,0.0026178010471204,False
0.01,0.0,0.0,0.0,0.0,3251,34,True,True,0,0.0612344741821289,{},False,,key3_asymptotic_toeplitz_0.01,4,toeplitz,0.01,asymptotic,3,0.0026178010471204,False
0.01,0.0,0.0,0.0,0.0,3251,34,True,True,0,0.0441057682037353,{},False,,key3_asymptotic_toeplitz_0.01,5,toeplitz,0.01,asymptotic,3,0.0026178010471204,False
0.01,0.0,0.0,0.0,0.0005829204313611,3251,34,False,False,1625,0.0274159908294677,{},False,,key3_asymptotic_toeplitz_0.01,6,toeplitz,0.01,asymptotic,3,0.0026178010471204,True
0.01,0.0,0.0,0.0,0.0,3251,34,True,True,0,0.0276367664337158,{},False,,key3_asymptotic_toeplitz_0.01,7,toeplitz,0.01,asymptotic,3,0.0026178010471204,False
0.01,0.0,0.0,0.0,0.0017487612940833,3251,34,False,False,1670,0.0262808799743652,{},False,,key3_asymptotic_toeplitz_0.01,8,toeplitz,0.01,asymptotic,3,0.0026178010471204,True
0.01,0.0,0.0,0.0,0.0,3251,34,True,True,0,0.0370328426361084,{},False,,key3_asymptotic_toeplitz_0.01,9,toeplitz,0.01,asymptotic,3,0.0026178010471204,False
0.01,0.0,0.0,0.0,0.0,3251,34,True,True,0,0.0385046005249023,{},False,,key3_asymptotic_toeplitz_0.01,10,toeplitz,0.01,asymptotic,3,0.0026178010471204,False
0.01,0.0,0.0,0.0,0.0,3251,34,True,True,0,0.0329136848449707,{},False,,key3_asymptotic_toeplitz_0.01,11,toeplitz,0.01,asymptotic,3,0.0026178010471204,False
0.01,0.0,0.0,0.0,0.0,3251,34,True,True,0,0.0294673442840576,{},False,,key3_asymptotic_toeplitz_0.01,12,toeplitz,0.01,asymptotic,3,0.0026178010471204,False
0.01,0.0,0.0,0.0,0.0,3251,34,True,True,0,0.0300507545471191,{},False,,key3_asymptotic_toeplitz_0.01,13,toeplitz,0.01,asymptotic,3,0.0026178010471204,False
0.01,0.0,0.0,0.0,0.0023316817254444,3251,34,False,False,1592,0.0249655246734619,{},False,,key3_asymptotic_toeplitz_0.01,14,toeplitz,0.01,asymptotic,3,0.0026178010471204,True
0.01,0.0,0.0,0.0,0.0,3251,34,True,True,0,0.0314035415649414,{},False,,key3_asymptotic_toeplitz_0.01,15,toeplitz,0.01,asymptotic,3,0.0026178010471204,False
0.01,0.0,0.0,0.0,0.0,3251,34,True,True,0,0.0359420776367187,{},False,,key3_asymptotic_toeplitz_0.01,16,toeplitz,0.01,asymptotic,3,0.0026178010471204,False
0.01,0.0,0.0,0.0,0.0,3251,34,True,True,0,0.0274820327758789,{},False,,key3_asymptotic_toeplitz_0.01,17,toeplitz,0.01,asymptotic,3,0.0026178010471204,False
0.01,0.0,0.0,0.0,0.0,3251,34,True,True,0,0.032393455505371,{},False,,key3_asymptotic_toeplitz_0.01,18,toeplitz,0.01,asymptotic,3,0.0026178010471204,False
0.01,0.0,0.0,0.0,0.0,3251,34,True,True,0,0.0309479236602783,{},False,,key3_asymptotic_toeplitz_0.01,19,toeplitz,0.01,asymptotic,3,0.0026178010471204,False
0.003,0.0,0.0,0.0,0.0,3251,34,True,True,0,0.0330457687377929,{},False,,key3_asymptotic_toeplitz_0.003,0,toeplitz,0.003,asymptotic,3,0.0026178010471204,False
0.003,0.0,0.0,0.0,0.0,3251,34,True,True,0,0.0298256874084472,{},False,,key3_asymptotic_toeplitz_0.003,1,toeplitz,0.003,asymptotic,3,0.0026178010471204,False
0.003,0.0,0.0,0.0,0.0,3251,34,True,True,0,0.0283625125885009,{},False,,key3_asymptotic_toeplitz_0.003,2,toeplitz,0.003,asymptotic,3,0.0026178010471204,False
0.003,0.0,0.0,0.0,0.0,3251,34,True,True,0,0.0354337692260742,{},False,,key3_asymptotic_toeplitz_0.003,3,toeplitz,0.003,asymptotic,3,0.0026178010471204,False
0.003,0.0,0.0,0.0,0.0,3251,34,True,True,0,0.0348210334777832,{},False,,key3_asymptotic_toeplitz_0.003,4,toeplitz,0.003,asymptotic,3,0.0026178010471204,False
0.003,0.0,0.0,0.0,0.0,3251,34,True,True,0,0.0290942192077636,{},False,,key3_asymptotic_toeplitz_0.003,5,toeplitz,0.003,asymptotic,3,0.0026178010471204,False
0.003,0.0,0.0,0.0,0.0005829204313611,3251,34,False,False,1651,0.0302627086639404,{},False,,key3_asymptotic_toeplitz_0.003,6,toeplitz,0.003,asymptotic,3,0.0026178010471204,True
0.003,0.0,0.0,0.0,0.0,3251,34,True,True,0,0.0269265174865722,{},False,,key3_asymptotic_toeplitz_0.003,7,toeplitz,0.003,asymptotic,3,0.0026178010471204,False
0.003,0.0,0.0,0.0,0.0017487612940833,3251,34,False,False,1666,0.0255882740020751,{},False,,key3_asymptotic_toeplitz_0.003,8,toeplitz,0.003,asymptotic,3,0.0026178010471204,True
0.003,0.0,0.0,0.0,0.0,3251,34,True,True,0,0.0356514453887939,{},False,,key3_asymptotic_toeplitz_0.003,9,toeplitz,0.003,asymptotic,3,0.0026178010471204,False
0.003,0.0,0.0,0.0,0.0,3251,34,True,True,0,0.0409967899322509,{},False,,key3_asymptotic_toeplitz_0.003,10,toeplitz,0.003,asymptotic,3,0.0026178010471204,False
0.003,0.0,0.0,0.0,0.0,3251,34,True,True,0,0.03471040725708,{},False,,key3_asymptotic_toeplitz_0.003,11,toeplitz,0.003,asymptotic,3,0.0026178010471204,False
0.003,0.0,0.0,0.0,0.0,3251,34,True,True,0,0.0307629108428955,{},False,,key3_asymptotic_toeplitz_0.003,12,toeplitz,0.003,asymptotic,3,0.0026178010471204,False
0.003,0.0,0.0,0.0,0.0,3251,34,True,True,0,0.033632755279541,{},False,,key3_asymptotic_toeplitz_0.003,13,toeplitz,0.003,asymptotic,3,0.0026178010471204,False
0.003,0.0,0.0,0.0,0.0023316817254444,3251,34,False,False,1672,0.0261361598968505,{},False,,key3_asymptotic_toeplitz_0.003,14,toeplitz,0.003,asymptotic,3,0.0026178010471204,True
0.003,0.0,0.0,0.0,0.0,3251,34,True,True,0,0.0300686359405517,{},False,,key3_asymptotic_toeplitz_0.003,15,toeplitz,0.003,asymptotic,3,0.0026178010471204,False
0.003,0.0,0.0,0.0,0.0,3251,34,True,True,0,0.0349400043487548,{},False,,key3_asymptotic_toeplitz_0.003,16,toeplitz,0.003,asymptotic,3,0.0026178010471204,False
0.003,0.0,0.0,0.0,0.0,3251,34,True,True,0,0.0287244319915771,{},False,,key3_asymptotic_toeplitz_0.003,17,toeplitz,0.003,asymptotic,3,0.0026178010471204,False
0.003,0.0,0.0,0.0,0.0,3251,34,True,True,0,0.0338273048400878,{},False,,key3_asymptotic_toeplitz_0.003,18,toeplitz,0.003,asymptotic,3,0.0026178010471204,False
0.003,0.0,0.0,0.0,0.0,3251,34,True,True,0,0.0333595275878906,{},False,,key3_asymptotic_toeplitz_0.003,19,toeplitz,0.003,asymptotic,3,0.0026178010471204,False
0.001,0.0,0.0,0.0,0.0,3251,34,True,True,0,0.0334529876708984,{},False,,key3_asymptotic_toeplitz_0.001,0,toeplitz,0.001,asymptotic,3,0.0026178010471204,False
0.001,0.0,0.0,0.0,0.0,3251,34,True,True,0,0.0305471420288085,{},False,,key3_asymptotic_toeplitz_0.001,1,toeplitz,0.001,asymptotic,3,0.0026178010471204,False
0.001,0.0,0.0,0.0,0.0,3251,34,True,True,0,0.0275821685791015,{},False,,key3_asymptotic_toeplitz_0.001,2,toeplitz,0.001,asymptotic,3,0.0026178010471204,False
0.001,0.0,0.0,0.0,0.0,3251,34,True,True,0,0.0319621562957763,{},False,,key3_asymptotic_toeplitz_0.001,3,toeplitz,0.001,asymptotic,3,0.0026178010471204,False
0.001,0.0,0.0,0.0,0.0,3251,34,True,True,0,0.0332319736480712,{},False,,key3_asymptotic_toeplitz_0.001,4,toeplitz,0.001,asymptotic,3,0.0026178010471204,False
0.001,0.0,0.0,0.0,0.0,3251,34,True,True,0,0.0306687355041503,{},False,,key3_asymptotic_toeplitz_0.001,5,toeplitz,0.001,asymptotic,3,0.0026178010471204,False
0.001,0.0,0.0,0.0,0.0005829204313611,3251,34,False,False,1644,0.0271224975585937,{},False,,key3_asymptotic_toeplitz_0.001,6,toeplitz,0.001,asymptotic,3,0.0026178010471204,True
0.001,0.0,0.0,0.0,0.0,3251,34,True,True,0,0.0276892185211181,{},False,,key3_asymptotic_toeplitz_0.001,7,toeplitz,0.001,asymptotic,3,0.0026178010471204,False
0.001,0.0,0.0,0.0,0.0017487612940833,3251,34,False,False,1594,0.0260803699493408,{},False,,key3_asymptotic_toeplitz_0.001,8,toeplitz,0.001,asymptotic,3,0.0026178010471204,True
0.001,0.0,0.0,0.0,0.0,3251,34,True,True,0,0.0363438129425048,{},False,,key3_asymptotic_toeplitz_0.001,9,toeplitz,0.001,asymptotic,3,0.0026178010471204,False
0.001,0.0,0.0,0.0,0.0,3251,34,True,True,0,0.0400450229644775,{},False,,key3_asymptotic_toeplitz_0.001,10,toeplitz,0.001,asymptotic,3,0.0026178010471204,False
0.001,0.0,0.0,0.0,0.0,3251,34,True,True,0,0.0339934825897216,{},False,,key3_asymptotic_toeplitz_0.001,11,toeplitz,0.001,asymptotic,3,0.0026178010471204,False
0.001,0.0,0.0,0.0,0.0,3251,34,True,True,0,0.030588150024414,{},False,,key3_asymptotic_toeplitz_0.001,12,toeplitz,0.001,asymptotic,3,0.0026178010471204,False
0.001,0.0,0.0,0.0,0.0,3251,34,True,True,0,0.0317747592926025,{},False,,key3_asymptotic_toeplitz_0.001,13,toeplitz,0.001,asymptotic,3,0.0026178010471204,False
0.001,0.0,0.0,0.0,0.0023316817254444,3251,34,False,False,1649,0.026038646697998,{},False,,key3_asymptotic_toeplitz_0.001,14,toeplitz,0.001,asymptotic,3,0.0026178010471204,True
0.001,0.0,0.0,0.0,0.0,3251,34,True,True,0,0.0346648693084716,{},False,,key3_asymptotic_toeplitz_0.001,15,toeplitz,0.001,asymptotic,3,0.0026178010471204,False
0.001,0.0,0.0,0.0,0.0,3251,34,True,True,0,0.0363974571228027,{},False,,key3_asymptotic_toeplitz_0.001,16,toeplitz,0.001,asymptotic,3,0.0026178010471204,False
0.001,0.0,0.0,0.0,0.0,3251,34,True,True,0,0.0322022438049316,{},False,,key3_asymptotic_toeplitz_0.001,17,toeplitz,0.001,asymptotic,3,0.0026178010471204,False
0.001,0.0,0.0,0.0,0.0,3251,34,True,True,0,0.0337769985198974,{},False,,key3_asymptotic_toeplitz_0.001,18,toeplitz,0.001,asymptotic,3,0.0026178010471204,False
0.001,0.0,0.0,0.0,0.0,3251,34,True,True,0,0.0329694747924804,{},False,,key3_asymptotic_toeplitz_0.001,19,toeplitz,0.001,asymptotic,3,0.0026178010471204,False
0.0,0.5,0.0,0.0,0.0,3251,34,True,True,0,0.0330317020416259,{},False,,key3_asymptotic_final_key_0.5,0,final_key,0.5,asymptotic,3,0.0026178010471204,False
0.0,0.5,0.0,0.0,0.0,3251,34,True,False,1,0.0302302837371826,{'final_key': 1},False,,key3_asymptotic_final_key_0.5,1,final_key,0.5,asymptotic,3,0.0026178010471204,True
0.0,0.5,0.0,0.0,0.0,3251,34,True,False,1,0.0276143550872802,{'final_key': 1},False,,key3_asymptotic_final_key_0.5,2,final_key,0.5,asymptotic,3,0.0026178010471204,True
0.0,0.5,0.0,0.0,0.0,3251,34,True,False,1,0.0321781635284423,{'final_key': 1},False,,key3_asymptotic_final_key_0.5,3,final_key,0.5,asymptotic,3,0.0026178010471204,True
0.0,0.5,0.0,0.0,0.0,3251,34,True,False,1,0.0309906005859375,{'final_key': 1},False,,key3_asymptotic_final_key_0.5,4,final_key,0.5,asymptotic,3,0.0026178010471204,True
0.0,0.5,0.0,0.0,0.0,3251,34,True,True,0,0.0371670722961425,{},False,,key3_asymptotic_final_key_0.5,5,final_key,0.5,asymptotic,3,0.0026178010471204,False
0.0,0.5,0.0,0.0,0.0005829204313611,3251,34,False,False,1625,0.0273628234863281,{'final_key': 1},False,,key3_asymptotic_final_key_0.5,6,final_key,0.5,asymptotic,3,0.0026178010471204,True
0.0,0.5,0.0,0.0,0.0,3251,34,True,False,1,0.027724266052246,{'final_key': 1},False,,key3_asymptotic_final_key_0.5,7,final_key,0.5,asymptotic,3,0.0026178010471204,True
0.0,0.5,0.0,0.0,0.0017487612940833,3251,34,False,False,1626,0.0258100032806396,{'final_key': 1},False,,key3_asymptotic_final_key_0.5,8,final_key,0.5,asymptotic,3,0.0026178010471204,True
0.0,0.5,0.0,0.0,0.0,3251,34,True,True,0,0.0371558666229248,{},False,,key3_asymptotic_final_key_0.5,9,final_key,0.5,asymptotic,3,0.0026178010471204,False
0.0,0.5,0.0,0.0,0.0,3251,34,True,True,0,0.0372447967529296,{},False,,key3_asymptotic_final_key_0.5,10,final_key,0.5,asymptotic,3,0.0026178010471204,False
0.0,0.5,0.0,0.0,0.0,3251,34,True,True,0,0.0325067043304443,{},False,,key3_asymptotic_final_key_0.5,11,final_key,0.5,asymptotic,3,0.0026178010471204,False
0.0,0.5,0.0,0.0,0.0,3251,34,True,False,1,0.0343255996704101,{'final_key': 1},False,,key3_asymptotic_final_key_0.5,12,final_key,0.5,asymptotic,3,0.0026178010471204,True
0.0,0.5,0.0,0.0,0.0,3251,34,True,False,1,0.0291993618011474,{'final_key': 1},False,,key3_asymptotic_final_key_0.5,13,final_key,0.5,asymptotic,3,0.0026178010471204,True
0.0,0.5,0.0,0.0,0.0023316817254444,3251,34,False,False,1628,0.0247910022735595,{'final_key': 1},False,,key3_asymptotic_final_key_0.5,14,final_key,0.5,asymptotic,3,0.0026178010471204,True
0.0,0.5,0.0,0.0,0.0,3251,34,True,True,0,0.0302248001098632,{},False,,key3_asymptotic_final_key_0.5,15,final_key,0.5,asymptotic,3,0.0026178010471204,False
0.0,0.5,0.0,0.0,0.0,3251,34,True,True,0,0.0353806018829345,{},False,,key3_asymptotic_final_key_0.5,16,final_key,0.5,asymptotic,3,0.0026178010471204,False
0.0,0.5,0.0,0.0,0.0,3251,34,True,False,1,0.028135061264038,{'final_key': 1},False,,key3_asymptotic_final_key_0.5,17,final_key,0.5,asymptotic,3,0.0026178010471204,True
0.0,0.5,0.0,0.0,0.0,3251,34,True,True,0,0.0329861640930175,{},False,,key3_asymptotic_final_key_0.5,18,final_key,0.5,asymptotic,3,0.0026178010471204,False
0.0,0.5,0.0,0.0,0.0,3251,34,True,True,0,0.0332531929016113,{},False,,key3_asymptotic_final_key_0.5,19,final_key,0.5,asymptotic,3,0.0026178010471204,False
0.0,0.3,0.0,0.0,0.0,3251,34,True,True,0,0.0357096195220947,{},False,,key3_asymptotic_final_key_0.3,0,final_key,0.3,asymptotic,3,0.0026178010471204,False
0.0,0.3,0.0,0.0,0.0,3251,34,True,False,1,0.0298972129821777,{'final_key': 1},False,,key3_asymptotic_final_key_0.3,1,final_key,0.3,asymptotic,3,0.0026178010471204,True
0.0,0.3,0.0,0.0,0.0,3251,34,True,False,1,0.0288188457489013,{'final_key': 1},False,,key3_asymptotic_final_key_0.3,2,final_key,0.3,asymptotic,3,0.0026178010471204,True
0.0,0.3,0.0,0.0,0.0,3251,34,True,True,0,0.0316982269287109,{},False,,key3_asymptotic_final_key_0.3,3,final_key,0.3,asymptotic,3,0.0026178010471204,False
0.0,0.3,0.0,0.0,0.0,3251,34,True,True,0,0.0311498641967773,{},False,,key3_asymptotic_final_key_0.3,4,final_key,0.3,asymptotic,3,0.0026178010471204,False
0.0,0.3,0.0,0.0,0.0,3251,34,True,True,0,0.0285460948944091,{},False,,key3_asymptotic_final_key_0.3,5,final_key,0.3,asymptotic,3,0.0026178010471204,False
0.0,0.3,0.0,0.0,0.0005829204313611,3251,34,False,False,1600,0.0302999019622802,{'final_key': 1},False,,key3_asymptotic_final_key_0.3,6,final_key,0.3,asymptotic,3,0.0026178010471204,True
0.0,0.3,0.0,0.0,0.0,3251,34,True,True,0,0.0302536487579345,{},False,,key3_asymptotic_final_key_0.3,7,final_key,0.3,asymptotic,3,0.0026178010471204,False
0.0,0.3,0.0,0.0,0.0017487612940833,3251,34,False,False,1653,0.0262701511383056,{},False,,key3_asymptotic_final_key_0.3,8,final_key,0.3,asymptotic,3,0.0026178010471204,True
0.0,0.3,0.0,0.0,0.0,3251,34,True,True,0,0.0373830795288085,{},False,,key3_asymptotic_final_key_0.3,9,final_key,0.3,asymptotic,3,0.0026178010471204,False
0.0,0.3,0.0,0.0,0.0,3251,34,True,True,0,0.0378868579864501,{},False,,key3_asymptotic_final_key_0.3,10,final_key,0.3,asymptotic,3,0.0026178010471204,False
0.0,0.3,0.0,0.0,0.0,3251,34,True,True,0,0.0330638885498046,{},False,,key3_asymptotic_final_key_0.3,11,final_key,0.3,asymptotic,3,0.0026178010471204,False
0.0,0.3,0.0,0.0,0.0,3251,34,True,True,0,0.0311524868011474,{},False,,key3_asymptotic_final_key_0.3,12,final_key,0.3,asymptotic,3,0.0026178010471204,False
0.0,0.3,0.0,0.0,0.0,3251,34,True,False,1,0.0309879779815673,{'final_key': 1},False,,key3_asymptotic_final_key_0.3,13,final_key,0.3,asymptotic,3,0.0026178010471204,True
0.0,0.3,0.0,0.0,0.0023316817254444,3251,34,False,False,1633,0.0256862640380859,{},False,,key3_asymptotic_final_key_0.3,14,final_key,0.3,asymptotic,3,0.0026178010471204,True
0.0,0.3,0.0,0.0,0.0,3251,34,True,True,0,0.029768943786621,{},False,,key3_asymptotic_final_key_0.3,15,final_key,0.3,asymptotic,3,0.0026178010471204,False
0.0,0.3,0.0,0.0,0.0,3251,34,True,True,0,0.0388193130493164,{},False,,key3_asymptotic_final_key_0.3,16,final_key,0.3,asymptotic,3,0.0026178010471204,False
0.0,0.3,0.0,0.0,0.0,3251,34,True,False,1,0.0287389755249023,{'final_key': 1},False,,key3_asymptotic_final_key_0.3,17,final_key,0.3,asymptotic,3,0.0026178010471204,True
0.0,0.3,0.0,0.0,0.0,3251,34,True,True,0,0.0323152542114257,{},False,,key3_asymptotic_final_key_0.3,18,final_key,0.3,asymptotic,3,0.0026178010471204,False
0.0,0.3,0.0,0.0,0.0,3251,34,True,True,0,0.0315344333648681,{},False,,key3_asymptotic_final_key_0.3,19,final_key,0.3,asymptotic,3,0.0026178010471204,False
0.0,0.1,0.0,0.0,0.0,3251,34,True,True,0,0.0351238250732421,{},False,,key3_asymptotic_final_key_0.1,0,final_key,0.1,asymptotic,3,0.0026178010471204,False
0.0,0.1,0.0,0.0,0.0,3251,34,True,False,1,0.0304691791534423,{'final_key': 1},False,,key3_asymptotic_final_key_0.1,1,final_key,0.1,asymptotic,3,0.0026178010471204,True
0.0,0.1,0.0,0.0,0.0,3251,34,True,True,0,0.0273241996765136,{},False,,key3_asymptotic_final_key_0.1,2,final_key,0.1,asymptotic,3,0.0026178010471204,False
0.0,0.1,0.0,0.0,0.0,3251,34,True,True,0,0.0323884487152099,{},False,,key3_asymptotic_final_key_0.1,3,final_key,0.1,asymptotic,3,0.0026178010471204,False
0.0,0.1,0.0,0.0,0.0,3251,34,True,True,0,0.0314912796020507,{},False,,key3_asymptotic_final_key_0.1,4,final_key,0.1,asymptotic,3,0.0026178010471204,False
0.0,0.1,0.0,0.0,0.0,3251,34,True,True,0,0.0286715030670166,{},False,,key3_asymptotic_final_key_0.1,5,final_key,0.1,asymptotic,3,0.0026178010471204,False
0.0,0.1,0.0,0.0,0.0005829204313611,3251,34,False,False,1653,0.0275123119354248,{'final_key': 1},False,,key3_asymptotic_final_key_0.1,6,final_key,0.1,asymptotic,3,0.0026178010471204,True
0.0,0.1,0.0,0.0,0.0,3251,34,True,True,0,0.0348165035247802,{},False,,key3_asymptotic_final_key_0.1,7,final_key,0.1,asymptotic,3,0.0026178010471204,False
0.0,0.1,0.0,0.0,0.0017487612940833,3251,34,False,False,1665,0.0263693332672119,{},False,,key3_asymptotic_final_key_0.1,8,final_key,0.1,asymptotic,3,0.0026178010471204,True
0.0,0.1,0.0,0.0,0.0,3251,34,True,True,0,0.0359315872192382,{},False,,key3_asymptotic_final_key_0.1,9,final_key,0.1,asymptotic,3,0.0026178010471204,False
0.0,0.1,0.0,0.0,0.0,3251,34,True,True,0,0.0391402244567871,{},False,,key3_asymptotic_final_key_0.1,10,final_key,0.1,asymptotic,3,0.0026178010471204,False
0.0,0.1,0.0,0.0,0.0,3251,34,True,True,0,0.0327475070953369,{},False,,key3_asymptotic_final_key_0.1,11,final_key,0.1,asymptotic,3,0.0026178010471204,False
0.0,0.1,0.0,0.0,0.0,3251,34,True,True,0,0.0307857990264892,{},False,,key3_asymptotic_final_key_0.1,12,final_key,0.1,asymptotic,3,0.0026178010471204,False
0.0,0.1,0.0,0.0,0.0,3251,34,True,True,0,0.0299382209777832,{},False,,key3_asymptotic_final_key_0.1,13,final_key,0.1,asymptotic,3,0.0026178010471204,False
0.0,0.1,0.0,0.0,0.0023316817254444,3251,34,False,False,1617,0.0266156196594238,{},False,,key3_asymptotic_final_key_0.1,14,final_key,0.1,asymptotic,3,0.0026178010471204,True
0.0,0.1,0.0,0.0,0.0,3251,34,True,True,0,0.0313117504119873,{},False,,key3_asymptotic_final_key_0.1,15,final_key,0.1,asymptotic,3,0.0026178010471204,False
0.0,0.1,0.0,0.0,0.0,3251,34,True,True,0,0.0360891819000244,{},False,,key3_asymptotic_final_key_0.1,16,final_key,0.1,asymptotic,3,0.0026178010471204,False
0.0,0.1,0.0,0.0,0.0,3251,34,True,False,1,0.0291748046875,{'final_key': 1},False,,key3_asymptotic_final_key_0.1,17,final_key,0.1,asymptotic,3,0.0026178010471204,True
0.0,0.1,0.0,0.0,0.0,3251,34,True,True,0,0.0367500782012939,{},False,,key3_asymptotic_final_key_0.1,18,final_key,0.1,asymptotic,3,0.0026178010471204,False
0.0,0.1,0.0,0.0,0.0,3251,34,True,True,0,0.0376675128936767,{},False,,key3_asymptotic_final_key_0.1,19,final_key,0.1,asymptotic,3,0.0026178010471204,False
0.0,0.05,0.0,0.0,0.0,3251,34,True,True,0,0.0339655876159668,{},False,,key3_asymptotic_final_key_0.05,0,final_key,0.05,asymptotic,3,0.0026178010471204,False
0.0,0.05,0.0,0.0,0.0,3251,34,True,False,1,0.0313632488250732,{'final_key': 1},False,,key3_asymptotic_final_key_0.05,1,final_key,0.05,asymptotic,3,0.0026178010471204,True
0.0,0.05,0.0,0.0,0.0,3251,34,True,True,0,0.0272374153137207,{},False,,key3_asymptotic_final_key_0.05,2,final_key,0.05,asymptotic,3,0.0026178010471204,False
0.0,0.05,0.0,0.0,0.0,3251,34,True,True,0,0.0334038734436035,{},False,,key3_asymptotic_final_key_0.05,3,final_key,0.05,asymptotic,3,0.0026178010471204,False
0.0,0.05,0.0,0.0,0.0,3251,34,True,True,0,0.0306298732757568,{},False,,key3_asymptotic_final_key_0.05,4,final_key,0.05,asymptotic,3,0.0026178010471204,False
0.0,0.05,0.0,0.0,0.0,3251,34,True,True,0,0.0300743579864501,{},False,,key3_asymptotic_final_key_0.05,5,final_key,0.05,asymptotic,3,0.0026178010471204,False
0.0,0.05,0.0,0.0,0.0005829204313611,3251,34,False,False,1655,0.0278072357177734,{'final_key': 1},False,,key3_asymptotic_final_key_0.05,6,final_key,0.05,asymptotic,3,0.0026178010471204,True
0.0,0.05,0.0,0.0,0.0,3251,34,True,True,0,0.0297732353210449,{},False,,key3_asymptotic_final_key_0.05,7,final_key,0.05,asymptotic,3,0.0026178010471204,False
0.0,0.05,0.0,0.0,0.0017487612940833,3251,34,False,False,1675,0.0281093120574951,{},False,,key3_asymptotic_final_key_0.05,8,final_key,0.05,asymptotic,3,0.0026178010471204,True
0.0,0.05,0.0,0.0,0.0,3251,34,True,True,0,0.0358657836914062,{},False,,key3_asymptotic_final_key_0.05,9,final_key,0.05,asymptotic,3,0.0026178010471204,False
0.0,0.05,0.0,0.0,0.0,3251,34,True,True,0,0.037661075592041,{},False,,key3_asymptotic_final_key_0.05,10,final_key,0.05,asymptotic,3,0.0026178010471204,False
0.0,0.05,0.0,0.0,0.0,3251,34,True,True,0,0.0333800315856933,{},False,,key3_asymptotic_final_key_0.05,11,final_key,0.05,asymptotic,3,0.0026178010471204,False
0.0,0.05,0.0,0.0,0.0,3251,34,True,True,0,0.0320446491241455,{},False,,key3_asymptotic_final_key_0.05,12,final_key,0.05,asymptotic,3,0.0026178010471204,False
0.0,0.05,0.0,0.0,0.0,3251,34,True,True,0,0.0294570922851562,{},False,,key3_asymptotic_final_key_0.05,13,final_key,0.05,asymptotic,3,0.0026178010471204,False
0.0,0.05,0.0,0.0,0.0023316817254444,3251,34,False,False,1615,0.0272135734558105,{},False,,key3_asymptotic_final_key_0.05,14,final_key,0.05,asymptotic,3,0.0026178010471204,True
0.0,0.05,0.0,0.0,0.0,3251,34,True,True,0,0.0318243503570556,{},False,,key3_asymptotic_final_key_0.05,15,final_key,0.05,asymptotic,3,0.0026178010471204,False
0.0,0.05,0.0,0.0,0.0,3251,34,True,True,0,0.0345442295074462,{},False,,key3_asymptotic_final_key_0.05,16,final_key,0.05,asymptotic,3,0.0026178010471204,False
0.0,0.05,0.0,0.0,0.0,3251,34,True,True,0,0.0277595520019531,{},False,,key3_asymptotic_final_key_0.05,17,final_key,0.05,asymptotic,3,0.0026178010471204,False
0.0,0.05,0.0,0.0,0.0,3251,34,True,True,0,0.0334858894348144,{},False,,key3_asymptotic_final_key_0.05,18,final_key,0.05,asymptotic,3,0.0026178010471204,False
0.0,0.05,0.0,0.0,0.0,3251,34,True,True,0,0.0318024158477783,{},False,,key3_asymptotic_final_key_0.05,19,final_key,0.05,asymptotic,3,0.0026178010471204,False
0.0,0.03,0.0,0.0,0.0,3251,34,True,True,0,0.0342280864715576,{},False,,key3_asymptotic_final_key_0.03,0,final_key,0.03,asymptotic,3,0.0026178010471204,False
0.0,0.03,0.0,0.0,0.0,3251,34,True,True,0,0.0347430706024169,{},False,,key3_asymptotic_final_key_0.03,1,final_key,0.03,asymptotic,3,0.0026178010471204,False
0.0,0.03,0.0,0.0,0.0,3251,34,True,True,0,0.0327761173248291,{},False,,key3_asymptotic_final_key_0.03,2,final_key,0.03,asymptotic,3,0.0026178010471204,False
0.0,0.03,0.0,0.0,0.0,3251,34,True,True,0,0.0398409366607666,{},False,,key3_asymptotic_final_key_0.03,3,final_key,0.03,asymptotic,3,0.0026178010471204,False
0.0,0.03,0.0,0.0,0.0,3251,34,True,True,0,0.0313634872436523,{},False,,key3_asymptotic_final_key_0.03,4,final_key,0.03,asymptotic,3,0.0026178010471204,False
0.0,0.03,0.0,0.0,0.0,3251,34,True,True,0,0.0296165943145751,{},False,,key3_asymptotic_final_key_0.03,5,final_key,0.03,asymptotic,3,0.0026178010471204,False
0.0,0.03,0.0,0.0,0.0005829204313611,3251,34,False,False,1611,0.0289506912231445,{},False,,key3_asymptotic_final_key_0.03,6,final_key,0.03,asymptotic,3,0.0026178010471204,True
0.0,0.03,0.0,0.0,0.0,3251,34,True,True,0,0.0279996395111084,{},False,,key3_asymptotic_final_key_0.03,7,final_key,0.03,asymptotic,3,0.0026178010471204,False
0.0,0.03,0.0,0.0,0.0017487612940833,3251,34,False,False,1664,0.0285313129425048,{},False,,key3_asymptotic_final_key_0.03,8,final_key,0.03,asymptotic,3,0.0026178010471204,True
0.0,0.03,0.0,0.0,0.0,3251,34,True,True,0,0.0399796962738037,{},False,,key3_asymptotic_final_key_0.03,9,final_key,0.03,asymptotic,3,0.0026178010471204,False
0.0,0.03,0.0,0.0,0.0,3251,34,True,True,0,0.0390758514404296,{},False,,key3_asymptotic_final_key_0.03,10,final_key,0.03,asymptotic,3,0.0026178010471204,False
0.0,0.03,0.0,0.0,0.0,3251,34,True,True,0,0.0334420204162597,{},False,,key3_asymptotic_final_key_0.03,11,final_key,0.03,asymptotic,3,0.0026178010471204,False
0.0,0.03,0.0,0.0,0.0,3251,34,True,True,0,0.0304343700408935,{},False,,key3_asymptotic_final_key_0.03,12,final_key,0.03,asymptotic,3,0.0026178010471204,False
0.0,0.03,0.0,0.0,0.0,3251,34,True,True,0,0.0304450988769531,{},False,,key3_asymptotic_final_key_0.03,13,final_key,0.03,asymptotic,3,0.0026178010471204,False
0.0,0.03,0.0,0.0,0.0023316817254444,3251,34,False,False,1619,0.026534080505371,{},False,,key3_asymptotic_final_key_0.03,14,final_key,0.03,asymptotic,3,0.0026178010471204,True
0.0,0.03,0.0,0.0,0.0,3251,34,True,True,0,0.032313585281372,{},False,,key3_asymptotic_final_key_0.03,15,final_key,0.03,asymptotic,3,0.0026178010471204,False
0.0,0.03,0.0,0.0,0.0,3251,34,True,True,0,0.0394775867462158,{},False,,key3_asymptotic_final_key_0.03,16,final_key,0.03,asymptotic,3,0.0026178010471204,False
0.0,0.03,0.0,0.0,0.0,3251,34,True,True,0,0.028447151184082,{},False,,key3_asymptotic_final_key_0.03,17,final_key,0.03,asymptotic,3,0.0026178010471204,False
0.0,0.03,0.0,0.0,0.0,3251,34,True,True,0,0.0342781543731689,{},False,,key3_asymptotic_final_key_0.03,18,final_key,0.03,asymptotic,3,0.0026178010471204,False
0.0,0.03,0.0,0.0,0.0,3251,34,True,True,0,0.0338332653045654,{},False,,key3_asymptotic_final_key_0.03,19,final_key,0.03,asymptotic,3,0.0026178010471204,False
0.0,0.01,0.0,0.0,0.0,3251,34,True,True,0,0.0336229801177978,{},False,,key3_asymptotic_final_key_0.01,0,final_key,0.01,asymptotic,3,0.0026178010471204,False
0.0,0.01,0.0,0.0,0.0,3251,34,True,True,0,0.0320942401885986,{},False,,key3_asymptotic_final_key_0.01,1,final_key,0.01,asymptotic,3,0.0026178010471204,False
0.0,0.01,0.0,0.0,0.0,3251,34,True,True,0,0.0280408859252929,{},False,,key3_asymptotic_final_key_0.01,2,final_key,0.01,asymptotic,3,0.0026178010471204,False
0.0,0.01,0.0,0.0,0.0,3251,34,True,True,0,0.0334949493408203,{},False,,key3_asymptotic_final_key_0.01,3,final_key,0.01,asymptotic,3,0.0026178010471204,False
0.0,0.01,0.0,0.0,0.0,3251,34,True,True,0,0.0305011272430419,{},False,,key3_asymptotic_final_key_0.01,4,final_key,0.01,asymptotic,3,0.0026178010471204,False
0.0,0.01,0.0,0.0,0.0,3251,34,True,True,0,0.0317838191986084,{},False,,key3_asymptotic_final_key_0.01,5,final_key,0.01,asymptotic,3,0.0026178010471204,False
0.0,0.01,0.0,0.0,0.0005829204313611,3251,34,False,False,1611,0.0279293060302734,{},False,,key3_asymptotic_final_key_0.01,6,final_key,0.01,asymptotic,3,0.0026178010471204,True
0.0,0.01,0.0,0.0,0.0,3251,34,True,True,0,0.0268657207489013,{},False,,key3_asymptotic_final_key_0.01,7,final_key,0.01,asymptotic,3,0.0026178010471204,False
0.0,0.01,0.0,0.0,0.0017487612940833,3251,34,False,False,1656,0.0270922183990478,{},False,,key3_asymptotic_final_key_0.01,8,final_key,0.01,asymptotic,3,0.0026178010471204,True
0.0,0.01,0.0,0.0,0.0,3251,34,True,True,0,0.0373573303222656,{},False,,key3_asymptotic_final_key_0.01,9,final_key,0.01,asymptotic,3,0.0026178010471204,False
0.0,0.01,0.0,0.0,0.0,3251,34,True,True,0,0.0374987125396728,{},False,,key3_asymptotic_final_key_0.01,10,final_key,0.01,asymptotic,3,0.0026178010471204,False
0.0,0.01,0.0,0.0,0.0,3251,34,True,True,0,0.032867431640625,{},False,,key3_asymptotic_final_key_0.01,11,final_key,0.01,asymptotic,3,0.0026178010471204,False
0.0,0.01,0.0,0.0,0.0,3251,34,True,True,0,0.0319979190826416,{},False,,key3_asymptotic_final_key_0.01,12,final_key,0.01,asymptotic,3,0.0026178010471204,False
0.0,0.01,0.0,0.0,0.0,3251,34,True,True,0,0.0300610065460205,{},False,,key3_asymptotic_final_key_0.01,13,final_key,0.01,asymptotic,3,0.0026178010471204,False
0.0,0.01,0.0,0.0,0.0023316817254444,3251,34,False,False,1643,0.0252478122711181,{},False,,key3_asymptotic_final_key_0.01,14,final_key,0.01,asymptotic,3,0.0026178010471204,True
0.0,0.01,0.0,0.0,0.0,3251,34,True,True,0,0.0318388938903808,{},False,,key3_asymptotic_final_key_0.01,15,final_key,0.01,asymptotic,3,0.0026178010471204,False
0.0,0.01,0.0,0.0,0.0,3251,34,True,True,0,0.0366649627685546,{},False,,key3_asymptotic_final_key_0.01,16,final_key,0.01,asymptotic,3,0.0026178010471204,False
0.0,0.01,0.0,0.0,0.0,3251,34,True,True,0,0.0328047275543212,{},False,,key3_asymptotic_final_key_0.01,17,final_key,0.01,asymptotic,3,0.0026178010471204,False
0.0,0.01,0.0,0.0,0.0,3251,34,True,True,0,0.0315279960632324,{},False,,key3_asymptotic_final_key_0.01,18,final_key,0.01,asymptotic,3,0.0026178010471204,False
0.0,0.01,0.0,0.0,0.0,3251,34,True,True,0,0.0328962802886962,{},False,,key3_asymptotic_final_key_0.01,19,final_key,0.01,asymptotic,3,0.0026178010471204,False
0.0,0.003,0.0,0.0,0.0,3251,34,True,True,0,0.0370068550109863,{},False,,key3_asymptotic_final_key_0.003,0,final_key,0.003,asymptotic,3,0.0026178010471204,False
0.0,0.003,0.0,0.0,0.0,3251,34,True,True,0,0.0326504707336425,{},False,,key3_asymptotic_final_key_0.003,1,final_key,0.003,asymptotic,3,0.0026178010471204,False
0.0,0.003,0.0,0.0,0.0,3251,34,True,True,0,0.0285634994506835,{},False,,key3_asymptotic_final_key_0.003,2,final_key,0.003,asymptotic,3,0.0026178010471204,False
0.0,0.003,0.0,0.0,0.0,3251,34,True,True,0,0.0318198204040527,{},False,,key3_asymptotic_final_key_0.003,3,final_key,0.003,asymptotic,3,0.0026178010471204,False
0.0,0.003,0.0,0.0,0.0,3251,34,True,True,0,0.03163743019104,{},False,,key3_asymptotic_final_key_0.003,4,final_key,0.003,asymptotic,3,0.0026178010471204,False
0.0,0.003,0.0,0.0,0.0,3251,34,True,True,0,0.0330138206481933,{},False,,key3_asymptotic_final_key_0.003,5,final_key,0.003,asymptotic,3,0.0026178010471204,False
0.0,0.003,0.0,0.0,0.0005829204313611,3251,34,False,False,1645,0.0278759002685546,{},False,,key3_asymptotic_final_key_0.003,6,final_key,0.003,asymptotic,3,0.0026178010471204,True
0.0,0.003,0.0,0.0,0.0,3251,34,True,True,0,0.028940200805664,{},False,,key3_asymptotic_final_key_0.003,7,final_key,0.003,asymptotic,3,0.0026178010471204,False
0.0,0.003,0.0,0.0,0.0017487612940833,3251,34,False,False,1646,0.0269579887390136,{},False,,key3_asymptotic_final_key_0.003,8,final_key,0.003,asymptotic,3,0.0026178010471204,True
0.0,0.003,0.0,0.0,0.0,3251,34,True,True,0,0.0384373664855957,{},False,,key3_asymptotic_final_key_0.003,9,final_key,0.003,asymptotic,3,0.0026178010471204,False
0.0,0.003,0.0,0.0,0.0,3251,34,True,True,0,0.0439343452453613,{},False,,key3_asymptotic_final_key_0.003,10,final_key,0.003,asymptotic,3,0.0026178010471204,False
0.0,0.003,0.0,0.0,0.0,3251,34,True,True,0,0.040457010269165,{},False,,key3_asymptotic_final_key_0.003,11,final_key,0.003,asymptotic,3,0.0026178010471204,False
0.0,0.003,0.0,0.0,0.0,3251,34,True,True,0,0.0305471420288085,{},False,,key3_asymptotic_final_key_0.003,12,final_key,0.003,asymptotic,3,0.0026178010471204,False
0.0,0.003,0.0,0.0,0.0,3251,34,True,True,0,0.0307400226593017,{},False,,key3_asymptotic_final_key_0.003,13,final_key,0.003,asymptotic,3,0.0026178010471204,False
0.0,0.003,0.0,0.0,0.0023316817254444,3251,34,False,False,1624,0.0260171890258789,{},False,,key3_asymptotic_final_key_0.003,14,final_key,0.003,asymptotic,3,0.0026178010471204,True
0.0,0.003,0.0,0.0,0.0,3251,34,True,True,0,0.0303161144256591,{},False,,key3_asymptotic_final_key_0.003,15,final_key,0.003,asymptotic,3,0.0026178010471204,False
0.0,0.003,0.0,0.0,0.0,3251,34,True,True,0,0.0353064537048339,{},False,,key3_asymptotic_final_key_0.003,16,final_key,0.003,asymptotic,3,0.0026178010471204,False
0.0,0.003,0.0,0.0,0.0,3251,34,True,True,0,0.0284235477447509,{},False,,key3_asymptotic_final_key_0.003,17,final_key,0.003,asymptotic,3,0.0026178010471204,False
0.0,0.003,0.0,0.0,0.0,3251,34,True,True,0,0.031851053237915,{},False,,key3_asymptotic_final_key_0.003,18,final_key,0.003,asymptotic,3,0.0026178010471204,False
0.0,0.003,0.0,0.0,0.0,3251,34,True,True,0,0.0315785408020019,{},False,,key3_asymptotic_final_key_0.003,19,final_key,0.003,asymptotic,3,0.0026178010471204,False
0.0,0.001,0.0,0.0,0.0,3251,34,True,True,0,0.034243106842041,{},False,,key3_asymptotic_final_key_0.001,0,final_key,0.001,asymptotic,3,0.0026178010471204,False
0.0,0.001,0.0,0.0,0.0,3251,34,True,True,0,0.0305666923522949,{},False,,key3_asymptotic_final_key_0.001,1,final_key,0.001,asymptotic,3,0.0026178010471204,False
0.0,0.001,0.0,0.0,0.0,3251,34,True,True,0,0.0276310443878173,{},False,,key3_asymptotic_final_key_0.001,2,final_key,0.001,asymptotic,3,0.0026178010471204,False
0.0,0.001,0.0,0.0,0.0,3251,34,True,True,0,0.0321738719940185,{},False,,key3_asymptotic_final_key_0.001,3,final_key,0.001,asymptotic,3,0.0026178010471204,False
0.0,0.001,0.0,0.0,0.0,3251,34,True,True,0,0.0310847759246826,{},False,,key3_asymptotic_final_key_0.001,4,final_key,0.001,asymptotic,3,0.0026178010471204,False
0.0,0.001,0.0,0.0,0.0,3251,34,True,True,0,0.030644416809082,{},False,,key3_asymptotic_final_key_0.001,5,final_key,0.001,asymptotic,3,0.0026178010471204,False
0.0,0.001,0.0,0.0,0.0005829204313611,3251,34,False,False,1634,0.0271234512329101,{},False,,key3_asymptotic_final_key_0.001,6,final_key,0.001,asymptotic,3,0.0026178010471204,True
0.0,0.001,0.0,0.0,0.0,3251,34,True,True,0,0.0276763439178466,{},False,,key3_asymptotic_final_key_0.001,7,final_key,0.001,asymptotic,3,0.0026178010471204,False
0.0,0.001,0.0,0.0,0.0017487612940833,3251,34,False,False,1596,0.0265061855316162,{},False,,key3_asymptotic_final_key_0.001,8,final_key,0.001,asymptotic,3,0.0026178010471204,True
0.0,0.001,0.0,0.0,0.0,3251,34,True,True,0,0.035491943359375,{},False,,key3_asymptotic_final_key_0.001,9,final_key,0.001,asymptotic,3,0.0026178010471204,False
0.0,0.001,0.0,0.0,0.0,3251,34,True,True,0,0.0388808250427246,{},False,,key3_asymptotic_final_key_0.001,10,final_key,0.001,asymptotic,3,0.0026178010471204,False
0.0,0.001,0.0,0.0,0.0,3251,34,True,True,0,0.0354964733123779,{},False,,key3_asymptotic_final_key_0.001,11,final_key,0.001,asymptotic,3,0.0026178010471204,False
0.0,0.001,0.0,0.0,0.0,3251,34,True,True,0,0.0348663330078125,{},False,,key3_asymptotic_final_key_0.001,12,final_key,0.001,asymptotic,3,0.0026178010471204,False
0.0,0.001,0.0,0.0,0.0,3251,34,True,True,0,0.0318222045898437,{},False,,key3_asymptotic_final_key_0.001,13,final_key,0.001,asymptotic,3,0.0026178010471204,False
0.0,0.001,0.0,0.0,0.0023316817254444,3251,34,False,False,1607,0.0260975360870361,{},False,,key3_asymptotic_final_key_0.001,14,final_key,0.001,asymptotic,3,0.0026178010471204,True
0.0,0.001,0.0,0.0,0.0,3251,34,True,True,0,0.0318062305450439,{},False,,key3_asymptotic_final_key_0.001,15,final_key,0.001,asymptotic,3,0.0026178010471204,False
0.0,0.001,0.0,0.0,0.0,3251,34,True,True,0,0.0373909473419189,{},False,,key3_asymptotic_final_key_0.001,16,final_key,0.001,asymptotic,3,0.0026178010471204,False
0.0,0.001,0.0,0.0,0.0,3251,34,True,True,0,0.0277924537658691,{},False,,key3_asymptotic_final_key_0.001,17,final_key,0.001,asymptotic,3,0.0026178010471204,False
0.0,0.001,0.0,0.0,0.0,3251,34,True,True,0,0.0326631069183349,{},False,,key3_asymptotic_final_key_0.001,18,final_key,0.001,asymptotic,3,0.0026178010471204,False
0.0,0.001,0.0,0.0,0.0,3251,34,True,True,0,0.0317046642303466,{},False,,key3_asymptotic_final_key_0.001,19,final_key,0.001,asymptotic,3,0.0026178010471204,False
0.0,0.0,0.5,0.0,0.0069950451763334,3251,34,False,False,1586,0.0300209522247314,{'reconciliation_state': 10},False,,key3_asymptotic_reconciliation_0.5,0,reconciliation,0.5,asymptotic,3,0.0026178010471204,True
0.0,0.0,0.5,0.0,0.0049548236665695,3251,34,False,False,1587,0.0335142612457275,{'reconciliation_state': 7},False,,key3_asymptotic_reconciliation_0.5,1,reconciliation,0.5,asymptotic,3,0.0026178010471204,True
0.0,0.0,0.5,0.0,0.0069950451763334,3251,34,False,False,1602,0.0307183265686035,{'reconciliation_state': 11},False,,key3_asymptotic_reconciliation_0.5,2,reconciliation,0.5,asymptotic,3,0.0026178010471204,True
0.0,0.0,0.5,0.0,0.0075779656076945,3251,34,False,False,1589,0.0256938934326171,{'reconciliation_state': 6},False,,key3_asymptotic_reconciliation_0.5,3,reconciliation,0.5,asymptotic,3,0.0026178010471204,True
0.0,0.0,0.5,0.0,0.0069950451763334,3251,34,False,False,1610,0.0330369472503662,{'reconciliation_state': 10},False,,key3_asymptotic_reconciliation_0.5,4,reconciliation,0.5,asymptotic,3,0.0026178010471204,True
0.0,0.0,0.5,0.0,0.0069950451763334,3251,34,False,False,1627,0.0262787342071533,{'reconciliation_state': 7},False,,key3_asymptotic_reconciliation_0.5,5,reconciliation,0.5,asymptotic,3,0.0026178010471204,True
0.0,0.0,0.5,0.0,0.0084523462547362,3251,34,False,False,1607,0.0250179767608642,{'reconciliation_state': 7},False,,key3_asymptotic_reconciliation_0.5,6,reconciliation,0.5,asymptotic,3,0.0026178010471204,True
0.0,0.0,0.5,0.0,0.0069950451763334,3251,34,False,False,1619,0.035290241241455,{'reconciliation_state': 16},False,,key3_asymptotic_reconciliation_0.5,7,reconciliation,0.5,asymptotic,3,0.0026178010471204,True
0.0,0.0,0.5,0.0,0.0081608860390556,3251,34,False,False,1636,0.0312910079956054,{'reconciliation_state': 10},False,,key3_asymptotic_reconciliation_0.5,8,reconciliation,0.5,asymptotic,3,0.0026178010471204,True
0.0,0.0,0.5,0.0,0.0061206645292917,3251,34,False,False,1602,0.0347146987915039,{'reconciliation_state': 10},False,,key3_asymptotic_reconciliation_0.5,9,reconciliation,0.5,asymptotic,3,0.0026178010471204,True
0.0,0.0,0.5,0.0,0.0069950451763334,3251,34,False,False,1589,0.0357327461242675,{'reconciliation_state': 12},False,,key3_asymptotic_reconciliation_0.5,10,reconciliation,0.5,asymptotic,3,0.0026178010471204,True
0.0,0.0,0.5,0.0,0.0087438064704167,3251,34,False,False,1613,0.021968126296997,{'reconciliation_state': 8},False,,key3_asymptotic_reconciliation_0.5,11,reconciliation,0.5,asymptotic,3,0.0026178010471204,True
0.0,0.0,0.5,0.0,0.0058292043136111,3251,34,False,False,1610,0.0308139324188232,{'reconciliation_state': 13},False,,key3_asymptotic_reconciliation_0.5,12,reconciliation,0.5,asymptotic,3,0.0026178010471204,True
0.0,0.0,0.5,0.0,0.0058292043136111,3251,34,False,False,1608,0.0353815555572509,{'reconciliation_state': 15},False,,key3_asymptotic_reconciliation_0.5,13,reconciliation,0.5,asymptotic,3,0.0026178010471204,True
0.0,0.0,0.5,0.0,0.0072865053920139,3251,34,False,False,1616,0.0323836803436279,{'reconciliation_state': 14},False,,key3_asymptotic_reconciliation_0.5,14,reconciliation,0.5,asymptotic,3,0.0026178010471204,True
0.0,0.0,0.5,0.0,0.0084523462547362,3251,34,False,False,1613,0.0349395275115966,{'reconciliation_state': 14},False,,key3_asymptotic_reconciliation_0.5,15,reconciliation,0.5,asymptotic,3,0.0026178010471204,True
0.0,0.0,0.5,0.0,0.0069950451763334,3251,34,False,False,1675,0.0297257900238037,{'reconciliation_state': 11},False,,key3_asymptotic_reconciliation_0.5,16,reconciliation,0.5,asymptotic,3,0.0026178010471204,True
0.0,0.0,0.5,0.0,0.0046633634508889,3251,34,False,False,1651,0.0517587661743164,{'reconciliation_state': 11},False,,key3_asymptotic_reconciliation_0.5,17,reconciliation,0.5,asymptotic,3,0.0026178010471204,True
0.0,0.0,0.5,0.0,0.0058292043136111,3251,34,False,False,1631,0.0513012409210205,{'reconciliation_state': 12},False,,key3_asymptotic_reconciliation_0.5,18,reconciliation,0.5,asymptotic,3,0.0026178010471204,True
0.0,0.0,0.5,0.0,0.0093267269017779,3251,34,False,False,1593,0.0231776237487792,{'reconciliation_state': 9},False,,key3_asymptotic_reconciliation_0.5,19,reconciliation,0.5,asymptotic,3,0.0026178010471204,True
0.0,0.0,0.3,0.0,0.0046633634508889,3251,34,False,False,1603,0.037477970123291,{'reconciliation_state': 12},False,,key3_asymptotic_reconciliation_0.3,0,reconciliation,0.3,asymptotic,3,0.0026178010471204,True
0.0,0.0,0.3,0.0,0.0034975225881667,3251,34,False,False,1621,0.0416791439056396,{'reconciliation_state': 8},False,,key3_asymptotic_reconciliation_0.3,1,reconciliation,0.3,asymptotic,3,0.0026178010471204,True
0.0,0.0,0.3,0.0,0.0037889828038472,3251,34,False,False,1617,0.0341560840606689,{'reconciliation_state': 10},False,,key3_asymptotic_reconciliation_0.3,2,reconciliation,0.3,asymptotic,3,0.0026178010471204,True
0.0,0.0,0.3,0.0,0.0023316817254444,3251,34,False,False,1665,0.0399384498596191,{'reconciliation_state': 7},False,,key3_asymptotic_reconciliation_0.3,3,reconciliation,0.3,asymptotic,3,0.0026178010471204,True
0.0,0.0,0.3,0.0,0.0040804430195278,3251,34,False,False,1586,0.0290055274963378,{'reconciliation_state': 7},False,,key3_asymptotic_reconciliation_0.3,4,reconciliation,0.3,asymptotic,3,0.0026178010471204,True
0.0,0.0,0.3,0.0,0.0040804430195278,3251,34,False,False,1613,0.0299339294433593,{'reconciliation_state': 8},False,,key3_asymptotic_reconciliation_0.3,5,reconciliation,0.3,asymptotic,3,0.0026178010471204,True
0.0,0.0,0.3,0.0,0.0055377440979306,3251,34,False,False,1603,0.0317695140838623,{'reconciliation_state': 8},False,,key3_asymptotic_reconciliation_0.3,6,reconciliation,0.3,asymptotic,3,0.0026178010471204,True
0.0,0.0,0.3,0.0,0.0032060623724861,3251,34,False,False,1633,0.0418665409088134,{'reconciliation_state': 11},False,,key3_asymptotic_reconciliation_0.3,7,reconciliation,0.3,asymptotic,3,0.0026178010471204,True
0.0,0.0,0.3,0.0,0.0049548236665695,3251,34,False,False,1625,0.0335860252380371,{'reconciliation_state': 9},False,,key3_asymptotic_reconciliation_0.3,8,reconciliation,0.3,asymptotic,3,0.0026178010471204,True
0.0,0.0,0.3,0.0,0.0032060623724861,3251,34,False,False,1620,0.0340676307678222,{'reconciliation_state': 8},False,,key3_asymptotic_reconciliation_0.3,9,reconciliation,0.3,asymptotic,3,0.0026178010471204,True
0.0,0.0,0.3,0.0,0.0061206645292917,3251,34,False,False,1655,0.034151554107666,{'reconciliation_state': 10},False,,key3_asymptotic_reconciliation_0.3,10,reconciliation,0.3,asymptotic,3,0.0026178010471204,True
0.0,0.0,0.3,0.0,0.0043719032352083,3251,34,False,False,1640,0.0497043132781982,{'reconciliation_state': 8},False,,key3_asymptotic_reconciliation_0.3,11,reconciliation,0.3,asymptotic,3,0.0026178010471204,True
0.0,0.0,0.3,0.0,0.0058292043136111,3251,34,False,False,1647,0.0353810787200927,{'reconciliation_state': 8},False,,key3_asymptotic_reconciliation_0.3,12,reconciliation,0.3,asymptotic,3,0.0026178010471204,True
0.0,0.0,0.3,0.0,0.0023316817254444,3251,34,False,False,1635,0.0383141040802001,{'reconciliation_state': 8},False,,key3_asymptotic_reconciliation_0.3,13,reconciliation,0.3,asymptotic,3,0.0026178010471204,True
0.0,0.0,0.3,0.0,0.0058292043136111,3251,34,False,False,1573,0.0307252407073974,{'reconciliation_state': 10},False,,key3_asymptotic_reconciliation_0.3,14,reconciliation,0.3,asymptotic,3,0.0026178010471204,True
0.0,0.0,0.3,0.0,0.0072865053920139,3251,34,False,False,1580,0.0343728065490722,{'reconciliation_state': 11},False,,key3_asymptotic_reconciliation_0.3,15,reconciliation,0.3,asymptotic,3,0.0026178010471204,True
0.0,0.0,0.3,0.0,0.0058292043136111,3251,34,False,False,1635,0.0296270847320556,{'reconciliation_state': 7},False,,key3_asymptotic_reconciliation_0.3,16,reconciliation,0.3,asymptotic,3,0.0026178010471204,True
0.0,0.0,0.3,0.0,0.0034975225881667,3251,34,False,False,1635,0.0369441509246826,{'reconciliation_state': 9},False,,key3_asymptotic_reconciliation_0.3,17,reconciliation,0.3,asymptotic,3,0.0026178010471204,True
0.0,0.0,0.3,0.0,0.0029146021568055,3251,34,False,False,1653,0.0368802547454834,{'reconciliation_state': 8},False,,key3_asymptotic_reconciliation_0.3,18,reconciliation,0.3,asymptotic,3,0.0026178010471204,True
0.0,0.0,0.3,0.0,0.002623141941125,3251,34,False,False,1638,0.0449664592742919,{'reconciliation_state': 9},False,,key3_asymptotic_reconciliation_0.3,19,reconciliation,0.3,asymptotic,3,0.0026178010471204,True
0.0,0.0,0.1,0.0,0.0005829204313611,3251,34,False,False,1617,0.0401141643524169,{'reconciliation_state': 2},False,,key3_asymptotic_reconciliation_0.1,0,reconciliation,0.1,asymptotic,3,0.0026178010471204,True
0.0,0.0,0.1,0.0,0.0014573010784027,3251,34,False,False,1633,0.0372049808502197,{'reconciliation_state': 3},False,,key3_asymptotic_reconciliation_0.1,1,reconciliation,0.1,asymptotic,3,0.0026178010471204,True
0.0,0.0,0.1,0.0,0.0017487612940833,3251,34,False,False,1629,0.0417053699493408,{'reconciliation_state': 6},False,,key3_asymptotic_reconciliation_0.1,2,reconciliation,0.1,asymptotic,3,0.0026178010471204,True
0.0,0.0,0.1,0.0,0.0002914602156805,3251,34,False,False,1597,0.033132791519165,{'reconciliation_state': 1},False,,key3_asymptotic_reconciliation_0.1,3,reconciliation,0.1,asymptotic,3,0.0026178010471204,True
0.0,0.0,0.1,0.0,0.0008743806470416,3251,34,False,False,1664,0.0364165306091308,{'reconciliation_state': 3},False,,key3_asymptotic_reconciliation_0.1,4,reconciliation,0.1,asymptotic,3,0.0026178010471204,True
0.0,0.0,0.1,0.0,0.0017487612940833,3251,34,False,False,1631,0.033501386642456,{'reconciliation_state': 6},False,,key3_asymptotic_reconciliation_0.1,5,reconciliation,0.1,asymptotic,3,0.0026178010471204,True
0.0,0.0,0.1,0.0,0.0014573010784027,3251,34,False,False,1621,0.0378541946411132,{'reconciliation_state': 3},False,,key3_asymptotic_reconciliation_0.1,6,reconciliation,0.1,asymptotic,3,0.0026178010471204,True
0.0,0.0,0.1,0.0,0.0011658408627222,3251,34,False,False,1640,0.0367190837860107,{'reconciliation_state': 4},False,,key3_asymptotic_reconciliation_0.1,7,reconciliation,0.1,asymptotic,3,0.0026178010471204,True
0.0,0.0,0.1,0.0,0.0032060623724861,3251,34,False,False,1636,0.0432574748992919,{'reconciliation_state': 5},False,,key3_asymptotic_reconciliation_0.1,8,reconciliation,0.1,asymptotic,3,0.0026178010471204,True
0.0,0.0,0.1,0.0,0.0017487612940833,3251,34,False,False,1604,0.0390901565551757,{'reconciliation_state': 4},False,,key3_asymptotic_reconciliation_0.1,9,reconciliation,0.1,asymptotic,3,0.0026178010471204,True
0.0,0.0,0.1,0.0,0.0064121247449723,3251,34,False,False,1607,0.0236735343933105,{'reconciliation_state': 2},False,,key3_asymptotic_reconciliation_0.1,10,reconciliation,0.1,asymptotic,3,0.0026178010471204,True
0.0,0.0,0.1,0.0,0.0040804430195278,3251,34,False,False,1628,0.0340008735656738,{'reconciliation_state': 5},False,,key3_asymptotic_reconciliation_0.1,11,reconciliation,0.1,asymptotic,3,0.0026178010471204,True
0.0,0.0,0.1,0.0,0.0023316817254444,3251,34,False,False,1637,0.0277364253997802,{'reconciliation_state': 3},False,,key3_asymptotic_reconciliation_0.1,12,reconciliation,0.1,asymptotic,3,0.0026178010471204,True
0.0,0.0,0.1,0.0,0.0020402215097639,3251,34,False,False,1620,0.0309019088745117,{'reconciliation_state': 2},False,,key3_asymptotic_reconciliation_0.1,13,reconciliation,0.1,asymptotic,3,0.0026178010471204,True
0.0,0.0,0.1,0.0,0.0008743806470416,3251,34,False,False,1656,0.0352776050567626,{'reconciliation_state': 3},False,,key3_asymptotic_reconciliation_0.1,14,reconciliation,0.1,asymptotic,3,0.0026178010471204,True
0.0,0.0,0.1,0.0,0.0008743806470416,3251,34,False,False,1658,0.0321569442749023,{'reconciliation_state': 3},False,,key3_asymptotic_reconciliation_0.1,15,reconciliation,0.1,asymptotic,3,0.0026178010471204,True
0.0,0.0,0.1,0.0,0.0017487612940833,3251,34,False,False,1665,0.037614107131958,{'reconciliation_state': 6},False,,key3_asymptotic_reconciliation_0.1,16,reconciliation,0.1,asymptotic,3,0.0026178010471204,True
0.0,0.0,0.1,0.0,0.0011658408627222,3251,34,False,False,1650,0.0329442024230957,{'reconciliation_state': 4},False,,key3_asymptotic_reconciliation_0.1,17,reconciliation,0.1,asymptotic,3,0.0026178010471204,True
0.0,0.0,0.1,0.0,0.0005829204313611,3251,34,False,False,1592,0.0401239395141601,{'reconciliation_state': 2},False,,key3_asymptotic_reconciliation_0.1,18,reconciliation,0.1,asymptotic,3,0.0026178010471204,True
0.0,0.0,0.1,0.0,0.0005829204313611,3251,34,False,False,1616,0.0385193824768066,{'reconciliation_state': 2},False,,key3_asymptotic_reconciliation_0.1,19,reconciliation,0.1,asymptotic,3,0.0026178010471204,True
0.0,0.0,0.05,0.0,0.0002914602156805,3251,34,False,False,1604,0.0344667434692382,{'reconciliation_state': 1},False,,key3_asymptotic_reconciliation_0.05,0,reconciliation,0.05,asymptotic,3,0.0026178010471204,True
0.0,0.0,0.05,0.0,0.0005829204313611,3251,34,False,False,1625,0.0375897884368896,{'reconciliation_state': 2},False,,key3_asymptotic_reconciliation_0.05,1,reconciliation,0.05,asymptotic,3,0.0026178010471204,True
0.0,0.0,0.05,0.0,0.0002914602156805,3251,34,False,False,1656,0.0365872383117675,{'reconciliation_state': 1},False,,key3_asymptotic_reconciliation_0.05,2,reconciliation,0.05,asymptotic,3,0.0026178010471204,True
0.0,0.0,0.05,0.0,0.0,3251,34,True,True,0,0.0327017307281494,{},False,,key3_asymptotic_reconciliation_0.05,3,reconciliation,0.05,asymptotic,3,0.0026178010471204,False
0.0,0.0,0.05,0.0,0.0002914602156805,3251,34,False,False,1601,0.0327544212341308,{'reconciliation_state': 1},False,,key3_asymptotic_reconciliation_0.05,4,reconciliation,0.05,asymptotic,3,0.0026178010471204,True
0.0,0.0,0.05,0.0,0.0011658408627222,3251,34,False,False,1586,0.0381281375885009,{'reconciliation_state': 4},False,,key3_asymptotic_reconciliation_0.05,5,reconciliation,0.05,asymptotic,3,0.0026178010471204,True
0.0,0.0,0.05,0.0,0.0005829204313611,3251,34,False,False,1611,0.0344643592834472,{'reconciliation_state': 2},False,,key3_asymptotic_reconciliation_0.05,6,reconciliation,0.05,asymptotic,3,0.0026178010471204,True
0.0,0.0,0.05,0.0,0.0002914602156805,3251,34,False,False,1605,0.032240867614746,{'reconciliation_state': 1},False,,key3_asymptotic_reconciliation_0.05,7,reconciliation,0.05,asymptotic,3,0.0026178010471204,True
0.0,0.0,0.05,0.0,0.0005829204313611,3251,34,False,False,1633,0.035193920135498,{'reconciliation_state': 2},False,,key3_asymptotic_reconciliation_0.05,8,reconciliation,0.05,asymptotic,3,0.0026178010471204,True
0.0,0.0,0.05,0.0,0.0008743806470416,3251,34,False,False,1626,0.0340394973754882,{'reconciliation_state': 3},False,,key3_asymptotic_reconciliation_0.05,9,reconciliation,0.05,asymptotic,3,0.0026178010471204,True
0.0,0.0,0.05,0.0,0.0008743806470416,3251,34,False,False,1649,0.0408456325531005,{'reconciliation_state': 3},False,,key3_asymptotic_reconciliation_0.05,10,reconciliation,0.05,asymptotic,3,0.0026178010471204,True
0.0,0.0,0.05,0.0,0.0005829204313611,3251,34,False,False,1583,0.0375642776489257,{'reconciliation_state': 2},False,,key3_asymptotic_reconciliation_0.05,11,reconciliation,0.05,asymptotic,3,0.0026178010471204,True
0.0,0.0,0.05,0.0,0.0005829204313611,3251,34,False,False,1678,0.0344448089599609,{'reconciliation_state': 2},False,,key3_asymptotic_reconciliation_0.05,12,reconciliation,0.05,asymptotic,3,0.0026178010471204,True
0.0,0.0,0.05,0.0,0.0,3251,34,True,True,0,0.0300688743591308,{},False,,key3_asymptotic_reconciliation_0.05,13,reconciliation,0.05,asymptotic,3,0.0026178010471204,False
0.0,0.0,0.05,0.0,0.0011658408627222,3251,34,False,False,1641,0.034940481185913,{'reconciliation_state': 2},False,,key3_asymptotic_reconciliation_0.05,14,reconciliation,0.05,asymptotic,3,0.0026178010471204,True
0.0,0.0,0.05,0.0,0.0005829204313611,3251,34,False,False,1647,0.0355205535888671,{'reconciliation_state': 2},False,,key3_asymptotic_reconciliation_0.05,15,reconciliation,0.05,asymptotic,3,0.0026178010471204,True
0.0,0.0,0.05,0.0,0.0008743806470416,3251,34,False,False,1612,0.0372672080993652,{'reconciliation_state': 3},False,,key3_asymptotic_reconciliation_0.05,16,reconciliation,0.05,asymptotic,3,0.0026178010471204,True
0.0,0.0,0.05,0.0,0.0011658408627222,3251,34,False,False,1622,0.0395014286041259,{'reconciliation_state': 3},False,,key3_asymptotic_reconciliation_0.05,17,reconciliation,0.05,asymptotic,3,0.0026178010471204,True
0.0,0.0,0.05,0.0,0.0005829204313611,3251,34,False,False,1631,0.0369834899902343,{'reconciliation_state': 2},False,,key3_asymptotic_reconciliation_0.05,18,reconciliation,0.05,asymptotic,3,0.0026178010471204,True
0.0,0.0,0.05,0.0,0.0002914602156805,3251,34,False,False,1620,0.0342969894409179,{'reconciliation_state': 1},False,,key3_asymptotic_reconciliation_0.05,19,reconciliation,0.05,asymptotic,3,0.0026178010471204,True
0.0,0.0,0.03,0.0,0.0002914602156805,3251,34,False,False,1623,0.0341823101043701,{'reconciliation_state': 1},False,,key3_asymptotic_reconciliation_0.03,0,reconciliation,0.03,asymptotic,3,0.0026178010471204,True
0.0,0.0,0.03,0.0,0.0,3251,34,True,True,0,0.0319316387176513,{},False,,key3_asymptotic_reconciliation_0.03,1,reconciliation,0.03,asymptotic,3,0.0026178010471204,False
0.0,0.0,0.03,0.0,0.0002914602156805,3251,34,False,False,1627,0.038440465927124,{'reconciliation_state': 1},False,,key3_asymptotic_reconciliation_0.03,2,reconciliation,0.03,asymptotic,3,0.0026178010471204,True
0.0,0.0,0.03,0.0,0.0,3251,34,True,True,0,0.0336139202117919,{},False,,key3_asymptotic_reconciliation_0.03,3,reconciliation,0.03,asymptotic,3,0.0026178010471204,False
0.0,0.0,0.03,0.0,0.0002914602156805,3251,34,False,False,1623,0.0333764553070068,{'reconciliation_state': 1},False,,key3_asymptotic_reconciliation_0.03,4,reconciliation,0.03,asymptotic,3,0.0026178010471204,True
0.0,0.0,0.03,0.0,0.0005829204313611,3251,34,False,False,1598,0.0359842777252197,{'reconciliation_state': 2},False,,key3_asymptotic_reconciliation_0.03,5,reconciliation,0.03,asymptotic,3,0.0026178010471204,True
0.0,0.0,0.03,0.0,0.0002914602156805,3251,34,False,False,1645,0.0374007225036621,{'reconciliation_state': 1},False,,key3_asymptotic_reconciliation_0.03,6,reconciliation,0.03,asymptotic,3,0.0026178010471204,True
0.0,0.0,0.03,0.0,0.0,3251,34,True,True,0,0.0343568325042724,{},False,,key3_asymptotic_reconciliation_0.03,7,reconciliation,0.03,asymptotic,3,0.0026178010471204,False
0.0,0.0,0.03,0.0,0.0005829204313611,3251,34,False,False,1618,0.0343611240386962,{'reconciliation_state': 2},False,,key3_asymptotic_reconciliation_0.03,8,reconciliation,0.03,asymptotic,3,0.0026178010471204,True
0.0,0.0,0.03,0.0,0.0005829204313611,3251,34,False,False,1693,0.0329127311706543,{'reconciliation_state': 2},False,,key3_asymptotic_reconciliation_0.03,9,reconciliation,0.03,asymptotic,3,0.0026178010471204,True
0.0,0.0,0.03,0.0,0.0002914602156805,3251,34,False,False,1671,0.0388221740722656,{'reconciliation_state': 1},False,,key3_asymptotic_reconciliation_0.03,10,reconciliation,0.03,asymptotic,3,0.0026178010471204,True
0.0,0.0,0.03,0.0,0.0002914602156805,3251,34,False,False,1621,0.034848928451538,{'reconciliation_state': 1},False,,key3_asymptotic_reconciliation_0.03,11,reconciliation,0.03,asymptotic,3,0.0026178010471204,True
0.0,0.0,0.03,0.0,0.0002914602156805,3251,34,False,False,1557,0.0323853492736816,{'reconciliation_state': 1},False,,key3_asymptotic_reconciliation_0.03,12,reconciliation,0.03,asymptotic,3,0.0026178010471204,True
0.0,0.0,0.03,0.0,0.0,3251,34,True,True,0,0.0301039218902587,{},False,,key3_asymptotic_reconciliation_0.03,13,reconciliation,0.03,asymptotic,3,0.0026178010471204,False
0.0,0.0,0.03,0.0,0.0002914602156805,3251,34,False,False,1610,0.0344448089599609,{'reconciliation_state': 1},False,,key3_asymptotic_reconciliation_0.03,14,reconciliation,0.03,asymptotic,3,0.0026178010471204,True
0.0,0.0,0.03,0.0,0.0005829204313611,3251,34,False,False,1619,0.0346450805664062,{'reconciliation_state': 2},False,,key3_asymptotic_reconciliation_0.03,15,reconciliation,0.03,asymptotic,3,0.0026178010471204,True
0.0,0.0,0.03,0.0,0.0008743806470416,3251,34,False,False,1581,0.0359108448028564,{'reconciliation_state': 3},False,,key3_asymptotic_reconciliation_0.03,16,reconciliation,0.03,asymptotic,3,0.0026178010471204,True
0.0,0.0,0.03,0.0,0.0011658408627222,3251,34,False,False,1688,0.0350992679595947,{'reconciliation_state': 3},False,,key3_asymptotic_reconciliation_0.03,17,reconciliation,0.03,asymptotic,3,0.0026178010471204,True
0.0,0.0,0.03,0.0,0.0005829204313611,3251,34,False,False,1575,0.0363054275512695,{'reconciliation_state': 2},False,,key3_asymptotic_reconciliation_0.03,18,reconciliation,0.03,asymptotic,3,0.0026178010471204,True
0.0,0.0,0.03,0.0,0.0002914602156805,3251,34,False,False,1613,0.0340096950531005,{'reconciliation_state': 1},False,,key3_asymptotic_reconciliation_0.03,19,reconciliation,0.03,asymptotic,3,0.0026178010471204,True
0.0,0.0,0.01,0.0,0.0,3251,34,True,True,0,0.0352632999420166,{},False,,key3_asymptotic_reconciliation_0.01,0,reconciliation,0.01,asymptotic,3,0.0026178010471204,False
0.0,0.0,0.01,0.0,0.0,3251,34,True,True,0,0.0301086902618408,{},False,,key3_asymptotic_reconciliation_0.01,1,reconciliation,0.01,asymptotic,3,0.0026178010471204,False
0.0,0.0,0.01,0.0,0.0002914602156805,3251,34,False,False,1620,0.0373413562774658,{'reconciliation_state': 1},False,,key3_asymptotic_reconciliation_0.01,2,reconciliation,0.01,asymptotic,3,0.0026178010471204,True
0.0,0.0,0.01,0.0,0.0,3251,34,True,True,0,0.0327425003051757,{},False,,key3_asymptotic_reconciliation_0.01,3,reconciliation,0.01,asymptotic,3,0.0026178010471204,False
0.0,0.0,0.01,0.0,0.0,3251,34,True,True,0,0.0318877696990966,{},False,,key3_asymptotic_reconciliation_0.01,4,reconciliation,0.01,asymptotic,3,0.0026178010471204,False
0.0,0.0,0.01,0.0,0.0,3251,34,True,True,0,0.034006118774414,{},False,,key3_asymptotic_reconciliation_0.01,5,reconciliation,0.01,asymptotic,3,0.0026178010471204,False
0.0,0.0,0.01,0.0,0.0005829204313611,3251,34,False,False,1657,0.0295825004577636,{},False,,key3_asymptotic_reconciliation_0.01,6,reconciliation,0.01,asymptotic,3,0.0026178010471204,True
0.0,0.0,0.01,0.0,0.0,3251,34,True,True,0,0.0293099880218505,{},False,,key3_asymptotic_reconciliation_0.01,7,reconciliation,0.01,asymptotic,3,0.0026178010471204,False
0.0,0.0,0.01,0.0,0.0002914602156805,3251,34,False,False,1625,0.0324838161468505,{'reconciliation_state': 1},False,,key3_asymptotic_reconciliation_0.01,8,reconciliation,0.01,asymptotic,3,0.0026178010471204,True
0.0,0.0,0.01,0.0,0.0,3251,34,True,True,0,0.0378363132476806,{},False,,key3_asymptotic_reconciliation_0.01,9,reconciliation,0.01,asymptotic,3,0.0026178010471204,False
0.0,0.0,0.01,0.0,0.0,3251,34,True,True,0,0.03818941116333,{},False,,key3_asymptotic_reconciliation_0.01,10,reconciliation,0.01,asymptotic,3,0.0026178010471204,False
0.0,0.0,0.01,0.0,0.0,3251,34,True,True,0,0.0340018272399902,{},False,,key3_asymptotic_reconciliation_0.01,11,reconciliation,0.01,asymptotic,3,0.0026178010471204,False
0.0,0.0,0.01,0.0,0.0,3251,34,True,True,0,0.0320615768432617,{},False,,key3_asymptotic_reconciliation_0.01,12,reconciliation,0.01,asymptotic,3,0.0026178010471204,False
0.0,0.0,0.01,0.0,0.0,3251,34,True,True,0,0.0349311828613281,{},False,,key3_asymptotic_reconciliation_0.01,13,reconciliation,0.01,asymptotic,3,0.0026178010471204,False
0.0,0.0,0.01,0.0,0.0002914602156805,3251,34,False,False,1577,0.0373985767364501,{'reconciliation_state': 1},False,,key3_asymptotic_reconciliation_0.01,14,reconciliation,0.01,asymptotic,3,0.0026178010471204,True
0.0,0.0,0.01,0.0,0.0002914602156805,3251,34,False,False,1630,0.0338947772979736,{'reconciliation_state': 1},False,,key3_asymptotic_reconciliation_0.01,15,reconciliation,0.01,asymptotic,3,0.0026178010471204,True
0.0,0.0,0.01,0.0,0.0002914602156805,3251,34,False,False,1596,0.0375645160675048,{'reconciliation_state': 1},False,,key3_asymptotic_reconciliation_0.01,16,reconciliation,0.01,asymptotic,3,0.0026178010471204,True
0.0,0.0,0.01,0.0,0.0,3251,34,True,True,0,0.0293145179748535,{},False,,key3_asymptotic_reconciliation_0.01,17,reconciliation,0.01,asymptotic,3,0.0026178010471204,False
0.0,0.0,0.01,0.0,0.0,3251,34,True,True,0,0.0337021350860595,{},False,,key3_asymptotic_reconciliation_0.01,18,reconciliation,0.01,asymptotic,3,0.0026178010471204,False
0.0,0.0,0.01,0.0,0.0,3251,34,True,True,0,0.034034252166748,{},False,,key3_asymptotic_reconciliation_0.01,19,reconciliation,0.01,asymptotic,3,0.0026178010471204,False
0.0,0.0,0.003,0.0,0.0,3251,34,True,True,0,0.0346291065216064,{},False,,key3_asymptotic_reconciliation_0.003,0,reconciliation,0.003,asymptotic,3,0.0026178010471204,False
0.0,0.0,0.003,0.0,0.0,3251,34,True,True,0,0.0313727855682373,{},False,,key3_asymptotic_reconciliation_0.003,1,reconciliation,0.003,asymptotic,3,0.0026178010471204,False
0.0,0.0,0.003,0.0,0.0,3251,34,True,True,0,0.0324807167053222,{},False,,key3_asymptotic_reconciliation_0.003,2,reconciliation,0.003,asymptotic,3,0.0026178010471204,False
0.0,0.0,0.003,0.0,0.0,3251,34,True,True,0,0.0343656539916992,{},False,,key3_asymptotic_reconciliation_0.003,3,reconciliation,0.003,asymptotic,3,0.0026178010471204,False
0.0,0.0,0.003,0.0,0.0,3251,34,True,True,0,0.0311388969421386,{},False,,key3_asymptotic_reconciliation_0.003,4,reconciliation,0.003,asymptotic,3,0.0026178010471204,False
0.0,0.0,0.003,0.0,0.0,3251,34,True,True,0,0.0299072265625,{},False,,key3_asymptotic_reconciliation_0.003,5,reconciliation,0.003,asymptotic,3,0.0026178010471204,False
0.0,0.0,0.003,0.0,0.0005829204313611,3251,34,False,False,1619,0.0287775993347167,{},False,,key3_asymptotic_reconciliation_0.003,6,reconciliation,0.003,asymptotic,3,0.0026178010471204,True
0.0,0.0,0.003,0.0,0.0,3251,34,True,True,0,0.0290431976318359,{},False,,key3_asymptotic_reconciliation_0.003,7,reconciliation,0.003,asymptotic,3,0.0026178010471204,False
0.0,0.0,0.003,0.0,0.0017487612940833,3251,34,False,False,1608,0.0263042449951171,{},False,,key3_asymptotic_reconciliation_0.003,8,reconciliation,0.003,asymptotic,3,0.0026178010471204,True
0.0,0.0,0.003,0.0,0.0,3251,34,True,True,0,0.0365123748779296,{},False,,key3_asymptotic_reconciliation_0.003,9,reconciliation,0.003,asymptotic,3,0.0026178010471204,False
0.0,0.0,0.003,0.0,0.0,3251,34,True,True,0,0.03829026222229,{},False,,key3_asymptotic_reconciliation_0.003,10,reconciliation,0.003,asymptotic,3,0.0026178010471204,False
0.0,0.0,0.003,0.0,0.0,3251,34,True,True,0,0.0361089706420898,{},False,,key3_asymptotic_reconciliation_0.003,11,reconciliation,0.003,asymptotic,3,0.0026178010471204,False
0.0,0.0,0.003,0.0,0.0,3251,34,True,True,0,0.031252384185791,{},False,,key3_asymptotic_reconciliation_0.003,12,reconciliation,0.003,asymptotic,3,0.0026178010471204,False
0.0,0.0,0.003,0.0,0.0,3251,34,True,True,0,0.0303869247436523,{},False,,key3_asymptotic_reconciliation_0.003,13,reconciliation,0.003,asymptotic,3,0.0026178010471204,False
0.0,0.0,0.003,0.0,0.0023316817254444,3251,34,False,False,1646,0.0277442932128906,{},False,,key3_asymptotic_reconciliation_0.003,14,reconciliation,0.003,asymptotic,3,0.0026178010471204,True
0.0,0.0,0.003,0.0,0.0,3251,34,True,True,0,0.0363304615020751,{},False,,key3_asymptotic_reconciliation_0.003,15,reconciliation,0.003,asymptotic,3,0.0026178010471204,False
0.0,0.0,0.003,0.0,0.0002914602156805,3251,34,False,False,1596,0.0623047351837158,{'reconciliation_state': 1},False,,key3_asymptotic_reconciliation_0.003,16,reconciliation,0.003,asymptotic,3,0.0026178010471204,True
0.0,0.0,0.003,0.0,0.0,3251,34,True,True,0,0.0280320644378662,{},False,,key3_asymptotic_reconciliation_0.003,17,reconciliation,0.003,asymptotic,3,0.0026178010471204,False
0.0,0.0,0.003,0.0,0.0,3251,34,True,True,0,0.0327916145324707,{},False,,key3_asymptotic_reconciliation_0.003,18,reconciliation,0.003,asymptotic,3,0.0026178010471204,False
0.0,0.0,0.003,0.0,0.0,3251,34,True,True,0,0.0378272533416748,{},False,,key3_asymptotic_reconciliation_0.003,19,reconciliation,0.003,asymptotic,3,0.0026178010471204,False
0.0,0.0,0.001,0.0,0.0,3251,34,True,True,0,0.0341875553131103,{},False,,key3_asymptotic_reconciliation_0.001,0,reconciliation,0.001,asymptotic,3,0.0026178010471204,False
0.0,0.0,0.001,0.0,0.0,3251,34,True,True,0,0.031844139099121,{},False,,key3_asymptotic_reconciliation_0.001,1,reconciliation,0.001,asymptotic,3,0.0026178010471204,False
0.0,0.0,0.001,0.0,0.0,3251,34,True,True,0,0.0300390720367431,{},False,,key3_asymptotic_reconciliation_0.001,2,reconciliation,0.001,asymptotic,3,0.0026178010471204,False
0.0,0.0,0.001,0.0,0.0,3251,34,True,True,0,0.032222032546997,{},False,,key3_asymptotic_reconciliation_0.001,3,reconciliation,0.001,asymptotic,3,0.0026178010471204,False
0.0,0.0,0.001,0.0,0.0,3251,34,True,True,0,0.0305523872375488,{},False,,key3_asymptotic_reconciliation_0.001,4,reconciliation,0.001,asymptotic,3,0.0026178010471204,False
0.0,0.0,0.001,0.0,0.0,3251,34,True,True,0,0.0289485454559326,{},False,,key3_asymptotic_reconciliation_0.001,5,reconciliation,0.001,asymptotic,3,0.0026178010471204,False
0.0,0.0,0.001,0.0,0.0005829204313611,3251,34,False,False,1617,0.0324559211730957,{},False,,key3_asymptotic_reconciliation_0.001,6,reconciliation,0.001,asymptotic,3,0.0026178010471204,True
0.0,0.0,0.001,0.0,0.0,3251,34,True,True,0,0.0275216102600097,{},False,,key3_asymptotic_reconciliation_0.001,7,reconciliation,0.001,asymptotic,3,0.0026178010471204,False
0.0,0.0,0.001,0.0,0.0017487612940833,3251,34,False,False,1641,0.0260241031646728,{},False,,key3_asymptotic_reconciliation_0.001,8,reconciliation,0.001,asymptotic,3,0.0026178010471204,True
0.0,0.0,0.001,0.0,0.0,3251,34,True,True,0,0.0354955196380615,{},False,,key3_asymptotic_reconciliation_0.001,9,reconciliation,0.001,asymptotic,3,0.0026178010471204,False
0.0,0.0,0.001,0.0,0.0,3251,34,True,True,0,0.0381128787994384,{},False,,key3_asymptotic_reconciliation_0.001,10,reconciliation,0.001,asymptotic,3,0.0026178010471204,False
0.0,0.0,0.001,0.0,0.0,3251,34,True,True,0,0.0323894023895263,{},False,,key3_asymptotic_reconciliation_0.001,11,reconciliation,0.001,asymptotic,3,0.0026178010471204,False
0.0,0.0,0.001,0.0,0.0,3251,34,True,True,0,0.0301597118377685,{},False,,key3_asymptotic_reconciliation_0.001,12,reconciliation,0.001,asymptotic,3,0.0026178010471204,False
0.0,0.0,0.001,0.0,0.0,3251,34,True,True,0,0.0307872295379638,{},False,,key3_asymptotic_reconciliation_0.001,13,reconciliation,0.001,asymptotic,3,0.0026178010471204,False
0.0,0.0,0.001,0.0,0.0023316817254444,3251,34,False,False,1621,0.0254931449890136,{},False,,key3_asymptotic_reconciliation_0.001,14,reconciliation,0.001,asymptotic,3,0.0026178010471204,True
0.0,0.0,0.001,0.0,0.0,3251,34,True,True,0,0.0305144786834716,{},False,,key3_asymptotic_reconciliation_0.001,15,reconciliation,0.001,asymptotic,3,0.0026178010471204,False
0.0,0.0,0.001,0.0,0.0,3251,34,True,True,0,0.0351266860961914,{},False,,key3_asymptotic_reconciliation_0.001,16,reconciliation,0.001,asymptotic,3,0.0026178010471204,False
0.0,0.0,0.001,0.0,0.0,3251,34,True,True,0,0.0287590026855468,{},False,,key3_asymptotic_reconciliation_0.001,17,reconciliation,0.001,asymptotic,3,0.0026178010471204,False
0.0,0.0,0.001,0.0,0.0,3251,34,True,True,0,0.0337498188018798,{},False,,key3_asymptotic_reconciliation_0.001,18,reconciliation,0.001,asymptotic,3,0.0026178010471204,False
0.0,0.0,0.001,0.0,0.0,3251,34,True,True,0,0.0320048332214355,{},False,,key3_asymptotic_reconciliation_0.001,19,reconciliation,0.001,asymptotic,3,0.0026178010471204,False
0.5,0.0,0.0,0.0,0.0,1677,34,True,True,0,0.0438215732574462,{},False,,key3_placeholder_toeplitz_0.5,0,toeplitz,0.5,placeholder,3,0.0026178010471204,False
0.5,0.0,0.0,0.0,0.0,1677,34,True,False,1,0.0492887496948242,{'toeplitz_matrix': 1},False,,key3_placeholder_toeplitz_0.5,1,toeplitz,0.5,placeholder,3,0.0026178010471204,True
0.5,0.0,0.0,0.0,0.0,1677,34,True,False,1,0.0285205841064453,{'toeplitz_matrix': 1},False,,key3_placeholder_toeplitz_0.5,2,toeplitz,0.5,placeholder,3,0.0026178010471204,True
0.5,0.0,0.0,0.0,0.0,1677,34,True,True,0,0.0328118801116943,{},False,,key3_placeholder_toeplitz_0.5,3,toeplitz,0.5,placeholder,3,0.0026178010471204,False
0.5,0.0,0.0,0.0,0.0,1677,34,True,True,0,0.0316710472106933,{},False,,key3_placeholder_toeplitz_0.5,4,toeplitz,0.5,placeholder,3,0.0026178010471204,False
0.5,0.0,0.0,0.0,0.0,1677,34,True,True,0,0.0350029468536376,{},False,,key3_placeholder_toeplitz_0.5,5,toeplitz,0.5,placeholder,3,0.0026178010471204,False
0.5,0.0,0.0,0.0,0.0005829204313611,1677,34,False,False,816,0.0300455093383789,{},False,,key3_placeholder_toeplitz_0.5,6,toeplitz,0.5,placeholder,3,0.0026178010471204,True
0.5,0.0,0.0,0.0,0.0,1677,34,True,True,0,0.0292849540710449,{},False,,key3_placeholder_toeplitz_0.5,7,toeplitz,0.5,placeholder,3,0.0026178010471204,False
0.5,0.0,0.0,0.0,0.0017487612940833,1677,34,False,False,848,0.0262954235076904,{},False,,key3_placeholder_toeplitz_0.5,8,toeplitz,0.5,placeholder,3,0.0026178010471204,True
0.5,0.0,0.0,0.0,0.0,1677,34,True,True,0,0.0356280803680419,{},False,,key3_placeholder_toeplitz_0.5,9,toeplitz,0.5,placeholder,3,0.0026178010471204,False
0.5,0.0,0.0,0.0,0.0,1677,34,True,True,0,0.0396959781646728,{'toeplitz_matrix': 1},False,,key3_placeholder_toeplitz_0.5,10,toeplitz,0.5,placeholder,3,0.0026178010471204,False
0.5,0.0,0.0,0.0,0.0,1677,34,True,False,1,0.0331330299377441,{'toeplitz_matrix': 1},False,,key3_placeholder_toeplitz_0.5,11,toeplitz,0.5,placeholder,3,0.0026178010471204,True
0.5,0.0,0.0,0.0,0.0,1677,34,True,True,0,0.0316145420074462,{},False,,key3_placeholder_toeplitz_0.5,12,toeplitz,0.5,placeholder,3,0.0026178010471204,False
0.5,0.0,0.0,0.0,0.0,1677,34,True,True,0,0.0312268733978271,{},False,,key3_placeholder_toeplitz_0.5,13,toeplitz,0.5,placeholder,3,0.0026178010471204,False
0.5,0.0,0.0,0.0,0.0023316817254444,1677,34,False,False,834,0.0267310142517089,{'toeplitz_matrix': 1},False,,key3_placeholder_toeplitz_0.5,14,toeplitz,0.5,placeholder,3,0.0026178010471204,True
0.5,0.0,0.0,0.0,0.0,1677,34,True,True,0,0.0312955379486084,{},False,,key3_placeholder_toeplitz_0.5,15,toeplitz,0.5,placeholder,3,0.0026178010471204,False
0.5,0.0,0.0,0.0,0.0,1677,34,True,False,1,0.034496784210205,{'toeplitz_matrix': 1},False,,key3_placeholder_toeplitz_0.5,16,toeplitz,0.5,placeholder,3,0.0026178010471204,True
0.5,0.0,0.0,0.0,0.0,1677,34,True,False,1,0.0294070243835449,{'toeplitz_matrix': 1},False,,key3_placeholder_toeplitz_0.5,17,toeplitz,0.5,placeholder,3,0.0026178010471204,True
0.5,0.0,0.0,0.0,0.0,1677,34,True,True,0,0.0351800918579101,{},False,,key3_placeholder_toeplitz_0.5,18,toeplitz,0.5,placeholder,3,0.0026178010471204,False
0.5,0.0,0.0,0.0,0.0,1677,34,True,False,1,0.0305876731872558,{'toeplitz_matrix': 1},False,,key3_placeholder_toeplitz_0.5,19,toeplitz,0.5,placeholder,3,0.0026178010471204,True
0.3,0.0,0.0,0.0,0.0,1677,34,True,True,0,0.0346918106079101,{},False,,key3_placeholder_toeplitz_0.3,0,toeplitz,0.3,placeholder,3,0.0026178010471204,False
0.3,0.0,0.0,0.0,0.0,1677,34,True,True,0,0.0301170349121093,{},False,,key3_placeholder_toeplitz_0.3,1,toeplitz,0.3,placeholder,3,0.0026178010471204,False
0.3,0.0,0.0,0.0,0.0,1677,34,True,False,1,0.0275590419769287,{'toeplitz_matrix': 1},False,,key3_placeholder_toeplitz_0.3,2,toeplitz,0.3,placeholder,3,0.0026178010471204,True
0.3,0.0,0.0,0.0,0.0,1677,34,True,True,0,0.0326316356658935,{},False,,key3_placeholder_toeplitz_0.3,3,toeplitz,0.3,placeholder,3,0.0026178010471204,False
0.3,0.0,0.0,0.0,0.0,1677,34,True,True,0,0.031339406967163,{},False,,key3_placeholder_toeplitz_0.3,4,toeplitz,0.3,placeholder,3,0.0026178010471204,False
0.3,0.0,0.0,0.0,0.0,1677,34,True,True,0,0.0301873683929443,{},False,,key3_placeholder_toeplitz_0.3,5,toeplitz,0.3,placeholder,3,0.0026178010471204,False
0.3,0.0,0.0,0.0,0.0005829204313611,1677,34,False,False,864,0.0286135673522949,{},False,,key3_placeholder_toeplitz_0.3,6,toeplitz,0.3,placeholder,3,0.0026178010471204,True
0.3,0.0,0.0,0.0,0.0,1677,34,True,True,0,0.0294468402862548,{},False,,key3_placeholder_toeplitz_0.3,7,toeplitz,0.3,placeholder,3,0.0026178010471204,False
0.3,0.0,0.0,0.0,0.0017487612940833,1677,34,False,False,823,0.026400089263916,{},False,,key3_placeholder_toeplitz_0.3,8,toeplitz,0.3,placeholder,3,0.0026178010471204,True
0.3,0.0,0.0,0.0,0.0,1677,34,True,True,0,0.036496877670288,{},False,,key3_placeholder_toeplitz_0.3,9,toeplitz,0.3,placeholder,3,0.0026178010471204,False
0.3,0.0,0.0,0.0,0.0,1677,34,True,True,0,0.0377652645111084,{'toeplitz_matrix': 1},False,,key3_placeholder_toeplitz_0.3,10,toeplitz,0.3,placeholder,3,0.0026178010471204,False
0.3,0.0,0.0,0.0,0.0,1677,34,True,False,1,0.0324742794036865,{'toeplitz_matrix': 1},False,,key3_placeholder_toeplitz_0.3,11,toeplitz,0.3,placeholder,3,0.0026178010471204,True
0.3,0.0,0.0,0.0,0.0,1677,34,True,True,0,0.0301110744476318,{},False,,key3_placeholder_toeplitz_0.3,12,toeplitz,0.3,placeholder,3,0.0026178010471204,False
0.3,0.0,0.0,0.0,0.0,1677,34,True,True,0,0.0305843353271484,{},False,,key3_placeholder_toeplitz_0.3,13,toeplitz,0.3,placeholder,3,0.0026178010471204,False
0.3,0.0,0.0,0.0,0.0023316817254444,1677,34,False,False,831,0.0266153812408447,{'toeplitz_matrix': 1},False,,key3_placeholder_toeplitz_0.3,14,toeplitz,0.3,placeholder,3,0.0026178010471204,True
0.3,0.0,0.0,0.0,0.0,1677,34,True,True,0,0.0302345752716064,{},False,,key3_placeholder_toeplitz_0.3,15,toeplitz,0.3,placeholder,3,0.0026178010471204,False
0.3,0.0,0.0,0.0,0.0,1677,34,True,False,1,0.0391535758972168,{'toeplitz_matrix': 1},False,,key3_placeholder_toeplitz_0.3,16,toeplitz,0.3,placeholder,3,0.0026178010471204,True
0.3,0.0,0.0,0.0,0.0,1677,34,True,False,1,0.0323226451873779,{'toeplitz_matrix': 1},False,,key3_placeholder_toeplitz_0.3,17,toeplitz,0.3,placeholder,3,0.0026178010471204,True
0.3,0.0,0.0,0.0,0.0,1677,34,True,True,0,0.0331847667694091,{},False,,key3_placeholder_toeplitz_0.3,18,toeplitz,0.3,placeholder,3,0.0026178010471204,False
0.3,0.0,0.0,0.0,0.0,1677,34,True,False,1,0.0321435928344726,{'toeplitz_matrix': 1},False,,key3_placeholder_toeplitz_0.3,19,toeplitz,0.3,placeholder,3,0.0026178010471204,True
0.1,0.0,0.0,0.0,0.0,1677,34,True,True,0,0.0359830856323242,{},False,,key3_placeholder_toeplitz_0.1,0,toeplitz,0.1,placeholder,3,0.0026178010471204,False
0.1,0.0,0.0,0.0,0.0,1677,34,True,True,0,0.0307190418243408,{},False,,key3_placeholder_toeplitz_0.1,1,toeplitz,0.1,placeholder,3,0.0026178010471204,False
0.1,0.0,0.0,0.0,0.0,1677,34,True,False,1,0.0287420749664306,{'toeplitz_matrix': 1},False,,key3_placeholder_toeplitz_0.1,2,toeplitz,0.1,placeholder,3,0.0026178010471204,True
0.1,0.0,0.0,0.0,0.0,1677,34,True,True,0,0.0329537391662597,{},False,,key3_placeholder_toeplitz_0.1,3,toeplitz,0.1,placeholder,3,0.0026178010471204,False
0.1,0.0,0.0,0.0,0.0,1677,34,True,True,0,0.032477855682373,{},False,,key3_placeholder_toeplitz_0.1,4,toeplitz,0.1,placeholder,3,0.0026178010471204,False
0.1,0.0,0.0,0.0,0.0,1677,34,True,True,0,0.0290231704711914,{},False,,key3_placeholder_toeplitz_0.1,5,toeplitz,0.1,placeholder,3,0.0026178010471204,False
0.1,0.0,0.0,0.0,0.0005829204313611,1677,34,False,False,820,0.0278165340423584,{},False,,key3_placeholder_toeplitz_0.1,6,toeplitz,0.1,placeholder,3,0.0026178010471204,True
0.1,0.0,0.0,0.0,0.0,1677,34,True,True,0,0.0279445648193359,{},False,,key3_placeholder_toeplitz_0.1,7,toeplitz,0.1,placeholder,3,0.0026178010471204,False
0.1,0.0,0.0,0.0,0.0017487612940833,1677,34,False,False,866,0.0268716812133789,{},False,,key3_placeholder_toeplitz_0.1,8,toeplitz,0.1,placeholder,3,0.0026178010471204,True
0.1,0.0,0.0,0.0,0.0,1677,34,True,True,0,0.0377917289733886,{},False,,key3_placeholder_toeplitz_0.1,9,toeplitz,0.1,placeholder,3,0.0026178010471204,False
0.1,0.0,0.0,0.0,0.0,1677,34,True,True,0,0.0396618843078613,{'toeplitz_matrix': 1},False,,key3_placeholder_toeplitz_0.1,10,toeplitz,0.1,placeholder,3,0.0026178010471204,False
0.1,0.0,0.0,0.0,0.0,1677,34,True,True,0,0.0330967903137207,{},False,,key3_placeholder_toeplitz_0.1,11,toeplitz,0.1,placeholder,3,0.0026178010471204,False
0.1,0.0,0.0,0.0,0.0,1677,34,True,True,0,0.0318152904510498,{},False,,key3_placeholder_toeplitz_0.1,12,toeplitz,0.1,placeholder,3,0.0026178010471204,False
0.1,0.0,0.0,0.0,0.0,1677,34,True,True,0,0.0328028202056884,{},False,,key3_placeholder_toeplitz_0.1,13,toeplitz,0.1,placeholder,3,0.0026178010471204,False
0.1,0.0,0.0,0.0,0.0023316817254444,1677,34,False,False,838,0.0265150070190429,{'toeplitz_matrix': 1},False,,key3_placeholder_toeplitz_0.1,14,toeplitz,0.1,placeholder,3,0.0026178010471204,True
0.1,0.0,0.0,0.0,0.0,1677,34,True,True,0,0.0301527976989746,{},False,,key3_placeholder_toeplitz_0.1,15,toeplitz,0.1,placeholder,3,0.0026178010471204,False
0.1,0.0,0.0,0.0,0.0,1677,34,True,False,1,0.0355877876281738,{'toeplitz_matrix': 1},False,,key3_placeholder_toeplitz_0.1,16,toeplitz,0.1,placeholder,3,0.0026178010471204,True
0.1,0.0,0.0,0.0,0.0,1677,34,True,True,0,0.0289828777313232,{},False,,key3_placeholder_toeplitz_0.1,17,toeplitz,0.1,placeholder,3,0.0026178010471204,False
0.1,0.0,0.0,0.0,0.0,1677,34,True,True,0,0.0327425003051757,{},False,,key3_placeholder_toeplitz_0.1,18,toeplitz,0.1,placeholder,3,0.0026178010471204,False
0.1,0.0,0.0,0.0,0.0,1677,34,True,True,0,0.0357012748718261,{},False,,key3_placeholder_toeplitz_0.1,19,toeplitz,0.1,placeholder,3,0.0026178010471204,False
0.05,0.0,0.0,0.0,0.0,1677,34,True,True,0,0.038499116897583,{},False,,key3_placeholder_toeplitz_0.05,0,toeplitz,0.05,placeholder,3,0.0026178010471204,False
0.05,0.0,0.0,0.0,0.0,1677,34,True,True,0,0.0329575538635253,{},False,,key3_placeholder_toeplitz_0.05,1,toeplitz,0.05,placeholder,3,0.0026178010471204,False
0.05,0.0,0.0,0.0,0.0,1677,34,True,False,1,0.0281856060028076,{'toeplitz_matrix': 1},False,,key3_placeholder_toeplitz_0.05,2,toeplitz,0.05,placeholder,3,0.0026178010471204,True
0.05,0.0,0.0,0.0,0.0,1677,34,True,True,0,0.0334506034851074,{},False,,key3_placeholder_toeplitz_0.05,3,toeplitz,0.05,placeholder,3,0.0026178010471204,False
0.05,0.0,0.0,0.0,0.0,1677,34,True,True,0,0.0337576866149902,{},False,,key3_placeholder_toeplitz_0.05,4,toeplitz,0.05,placeholder,3,0.0026178010471204,False
0.05,0.0,0.0,0.0,0.0,1677,34,True,True,0,0.0287446975708007,{},False,,key3_placeholder_toeplitz_0.05,5,toeplitz,0.05,placeholder,3,0.0026178010471204,False
0.05,0.0,0.0,0.0,0.0005829204313611,1677,34,False,False,882,0.0276079177856445,{},False,,key3_placeholder_toeplitz_0.05,6,toeplitz,0.05,placeholder,3,0.0026178010471204,True
0.05,0.0,0.0,0.0,0.0,1677,34,True,True,0,0.0339517593383789,{},False,,key3_placeholder_toeplitz_0.05,7,toeplitz,0.05,placeholder,3,0.0026178010471204,False
0.05,0.0,0.0,0.0,0.0017487612940833,1677,34,False,False,840,0.0313940048217773,{},False,,key3_placeholder_toeplitz_0.05,8,toeplitz,0.05,placeholder,3,0.0026178010471204,True
0.05,0.0,0.0,0.0,0.0,1677,34,True,True,0,0.0394015312194824,{},False,,key3_placeholder_toeplitz_0.05,9,toeplitz,0.05,placeholder,3,0.0026178010471204,False
0.05,0.0,0.0,0.0,0.0,1677,34,True,True,0,0.0401303768157959,{},False,,key3_placeholder_toeplitz_0.05,10,toeplitz,0.05,placeholder,3,0.0026178010471204,False
0.05,0.0,0.0,0.0,0.0,1677,34,True,True,0,0.0334439277648925,{},False,,key3_placeholder_toeplitz_0.05,11,toeplitz,0.05,placeholder,3,0.0026178010471204,False
0.05,0.0,0.0,0.0,0.0,1677,34,True,True,0,0.0303428173065185,{},False,,key3_placeholder_toeplitz_0.05,12,toeplitz,0.05,placeholder,3,0.0026178010471204,False
0.05,0.0,0.0,0.0,0.0,1677,34,True,True,0,0.0330748558044433,{},False,,key3_placeholder_toeplitz_0.05,13,toeplitz,0.05,placeholder,3,0.0026178010471204,False
0.05,0.0,0.0,0.0,0.0023316817254444,1677,34,False,False,824,0.0260391235351562,{'toeplitz_matrix': 1},False,,key3_placeholder_toeplitz_0.05,14,toeplitz,0.05,placeholder,3,0.0026178010471204,True
0.05,0.0,0.0,0.0,0.0,1677,34,True,True,0,0.0310194492340087,{},False,,key3_placeholder_toeplitz_0.05,15,toeplitz,0.05,placeholder,3,0.0026178010471204,False
0.05,0.0,0.0,0.0,0.0,1677,34,True,True,0,0.0372123718261718,{},False,,key3_placeholder_toeplitz_0.05,16,toeplitz,0.05,placeholder,3,0.0026178010471204,False
0.05,0.0,0.0,0.0,0.0,1677,34,True,True,0,0.0303049087524414,{},False,,key3_placeholder_toeplitz_0.05,17,toeplitz,0.05,placeholder,3,0.0026178010471204,False
0.05,0.0,0.0,0.0,0.0,1677,34,True,True,0,0.0327522754669189,{},False,,key3_placeholder_toeplitz_0.05,18,toeplitz,0.05,placeholder,3,0.0026178010471204,False
0.05,0.0,0.0,0.0,0.0,1677,34,True,True,0,0.0342452526092529,{},False,,key3_placeholder_toeplitz_0.05,19,toeplitz,0.05,placeholder,3,0.0026178010471204,False
0.03,0.0,0.0,0.0,0.0,1677,34,True,True,0,0.0361156463623046,{},False,,key3_placeholder_toeplitz_0.03,0,toeplitz,0.03,placeholder,3,0.0026178010471204,False
0.03,0.0,0.0,0.0,0.0,1677,34,True,True,0,0.0304210186004638,{},False,,key3_placeholder_toeplitz_0.03,1,toeplitz,0.03,placeholder,3,0.0026178010471204,False
0.03,0.0,0.0,0.0,0.0,1677,34,True,True,0,0.0292346477508544,{},False,,key3_placeholder_toeplitz_0.03,2,toeplitz,0.03,placeholder,3,0.0026178010471204,False
0.03,0.0,0.0,0.0,0.0,1677,34,True,True,0,0.0329866409301757,{},False,,key3_placeholder_toeplitz_0.03,3,toeplitz,0.03,placeholder,3,0.0026178010471204,False
0.03,0.0,0.0,0.0,0.0,1677,34,True,True,0,0.0310244560241699,{},False,,key3_placeholder_toeplitz_0.03,4,toeplitz,0.03,placeholder,3,0.0026178010471204,False
0.03,0.0,0.0,0.0,0.0,1677,34,True,True,0,0.02976655960083,{},False,,key3_placeholder_toeplitz_0.03,5,toeplitz,0.03,placeholder,3,0.0026178010471204,False
0.03,0.0,0.0,0.0,0.0005829204313611,1677,34,False,False,865,0.0274453163146972,{},False,,key3_placeholder_toeplitz_0.03,6,toeplitz,0.03,placeholder,3,0.0026178010471204,True
0.03,0.0,0.0,0.0,0.0,1677,34,True,True,0,0.0301198959350585,{},False,,key3_placeholder_toeplitz_0.03,7,toeplitz,0.03,placeholder,3,0.0026178010471204,False
0.03,0.0,0.0,0.0,0.0017487612940833,1677,34,False,False,857,0.026613712310791,{},False,,key3_placeholder_toeplitz_0.03,8,toeplitz,0.03,placeholder,3,0.0026178010471204,True
0.03,0.0,0.0,0.0,0.0,1677,34,True,True,0,0.0356109142303466,{},False,,key3_placeholder_toeplitz_0.03,9,toeplitz,0.03,placeholder,3,0.0026178010471204,False
0.03,0.0,0.0,0.0,0.0,1677,34,True,True,0,0.0375516414642334,{},False,,key3_placeholder_toeplitz_0.03,10,toeplitz,0.03,placeholder,3,0.0026178010471204,False
0.03,0.0,0.0,0.0,0.0,1677,34,True,True,0,0.0336890220642089,{},False,,key3_placeholder_toeplitz_0.03,11,toeplitz,0.03,placeholder,3,0.0026178010471204,False
0.03,0.0,0.0,0.0,0.0,1677,34,True,True,0,0.0304880142211914,{},False,,key3_placeholder_toeplitz_0.03,12,toeplitz,0.03,placeholder,3,0.0026178010471204,False
0.03,0.0,0.0,0.0,0.0,1677,34,True,True,0,0.0288586616516113,{},False,,key3_placeholder_toeplitz_0.03,13,toeplitz,0.03,placeholder,3,0.0026178010471204,False
0.03,0.0,0.0,0.0,0.0023316817254444,1677,34,False,False,823,0.0269727706909179,{},False,,key3_placeholder_toeplitz_0.03,14,toeplitz,0.03,placeholder,3,0.0026178010471204,True
0.03,0.0,0.0,0.0,0.0,1677,34,True,True,0,0.0338108539581298,{},False,,key3_placeholder_toeplitz_0.03,15,toeplitz,0.03,placeholder,3,0.0026178010471204,False
0.03,0.0,0.0,0.0,0.0,1677,34,True,True,0,0.0361144542694091,{},False,,key3_placeholder_toeplitz_0.03,16,toeplitz,0.03,placeholder,3,0.0026178010471204,False
0.03,0.0,0.0,0.0,0.0,1677,34,True,True,0,0.0286507606506347,{},False,,key3_placeholder_toeplitz_0.03,17,toeplitz,0.03,placeholder,3,0.0026178010471204,False
0.03,0.0,0.0,0.0,0.0,1677,34,True,True,0,0.0404303073883056,{},False,,key3_placeholder_toeplitz_0.03,18,toeplitz,0.03,placeholder,3,0.0026178010471204,False
0.03,0.0,0.0,0.0,0.0,1677,34,True,True,0,0.0331292152404785,{},False,,key3_placeholder_toeplitz_0.03,19,toeplitz,0.03,placeholder,3,0.0026178010471204,False
0.01,0.0,0.0,0.0,0.0,1677,34,True,True,0,0.0371320247650146,{},False,,key3_placeholder_toeplitz_0.01,0,toeplitz,0.01,placeholder,3,0.0026178010471204,False
0.01,0.0,0.0,0.0,0.0,1677,34,True,True,0,0.0302975177764892,{},False,,key3_placeholder_toeplitz_0.01,1,toeplitz,0.01,placeholder,3,0.0026178010471204,False
0.01,0.0,0.0,0.0,0.0,1677,34,True,True,0,0.0278747081756591,{},False,,key3_placeholder_toeplitz_0.01,2,toeplitz,0.01,placeholder,3,0.0026178010471204,False
0.01,0.0,0.0,0.0,0.0,1677,34,True,True,0,0.033599853515625,{},False,,key3_placeholder_toeplitz_0.01,3,toeplitz,0.01,placeholder,3,0.0026178010471204,False
0.01,0.0,0.0,0.0,0.0,1677,34,True,True,0,0.0311090946197509,{},False,,key3_placeholder_toeplitz_0.01,4,toeplitz,0.01,placeholder,3,0.0026178010471204,False
0.01,0.0,0.0,0.0,0.0,1677,34,True,True,0,0.031914472579956,{},False,,key3_placeholder_toeplitz_0.01,5,toeplitz,0.01,placeholder,3,0.0026178010471204,False
0.01,0.0,0.0,0.0,0.0005829204313611,1677,34,False,False,826,0.0281679630279541,{},False,,key3_placeholder_toeplitz_0.01,6,toeplitz,0.01,placeholder,3,0.0026178010471204,True
0.01,0.0,0.0,0.0,0.0,1677,34,True,True,0,0.0294113159179687,{},False,,key3_placeholder_toeplitz_0.01,7,toeplitz,0.01,placeholder,3,0.0026178010471204,False
0.01,0.0,0.0,0.0,0.0017487612940833,1677,34,False,False,851,0.0265190601348876,{},False,,key3_placeholder_toeplitz_0.01,8,toeplitz,0.01,placeholder,3,0.0026178010471204,True
0.01,0.0,0.0,0.0,0.0,1677,34,True,True,0,0.0359625816345214,{},False,,key3_placeholder_toeplitz_0.01,9,toeplitz,0.01,placeholder,3,0.0026178010471204,False
0.01,0.0,0.0,0.0,0.0,1677,34,True,True,0,0.0440659523010253,{},False,,key3_placeholder_toeplitz_0.01,10,toeplitz,0.01,placeholder,3,0.0026178010471204,False
0.01,0.0,0.0,0.0,0.0,1677,34,True,True,0,0.0339992046356201,{},False,,key3_placeholder_toeplitz_0.01,11,toeplitz,0.01,placeholder,3,0.0026178010471204,False
0.01,0.0,0.0,0.0,0.0,1677,34,True,True,0,0.0316715240478515,{},False,,key3_placeholder_toeplitz_0.01,12,toeplitz,0.01,placeholder,3,0.0026178010471204,False
0.01,0.0,0.0,0.0,0.0,1677,34,True,True,0,0.0331599712371826,{},False,,key3_placeholder_toeplitz_0.01,13,toeplitz,0.01,placeholder,3,0.0026178010471204,False
0.01,0.0,0.0,0.0,0.0023316817254444,1677,34,False,False,876,0.0277113914489746,{},False,,key3_placeholder_toeplitz_0.01,14,toeplitz,0.01,placeholder,3,0.0026178010471204,True
0.01,0.0,0.0,0.0,0.0,1677,34,True,True,0,0.0342781543731689,{},False,,key3_placeholder_toeplitz_0.01,15,toeplitz,0.01,placeholder,3,0.0026178010471204,False
0.01,0.0,0.0,0.0,0.0,1677,34,True,True,0,0.037123680114746,{},False,,key3_placeholder_toeplitz_0.01,16,toeplitz,0.01,placeholder,3,0.0026178010471204,False
0.01,0.0,0.0,0.0,0.0,1677,34,True,True,0,0.0273897647857666,{},False,,key3_placeholder_toeplitz_0.01,17,toeplitz,0.01,placeholder,3,0.0026178010471204,False
0.01,0.0,0.0,0.0,0.0,1677,34,True,True,0,0.0335431098937988,{},False,,key3_placeholder_toeplitz_0.01,18,toeplitz,0.01,placeholder,3,0.0026178010471204,False
0.01,0.0,0.0,0.0,0.0,1677,34,True,True,0,0.0320789813995361,{},False,,key3_placeholder_toeplitz_0.01,19,toeplitz,0.01,placeholder,3,0.0026178010471204,False
0.003,0.0,0.0,0.0,0.0,1677,34,True,True,0,0.0341885089874267,{},False,,key3_placeholder_toeplitz_0.003,0,toeplitz,0.003,placeholder,3,0.0026178010471204,False
0.003,0.0,0.0,0.0,0.0,1677,34,True,True,0,0.0301640033721923,{},False,,key3_placeholder_toeplitz_0.003,1,toeplitz,0.003,placeholder,3,0.0026178010471204,False
0.003,0.0,0.0,0.0,0.0,1677,34,True,True,0,0.0291094779968261,{},False,,key3_placeholder_toeplitz_0.003,2,toeplitz,0.003,placeholder,3,0.0026178010471204,False
0.003,0.0,0.0,0.0,0.0,1677,34,True,True,0,0.0318090915679931,{},False,,key3_placeholder_toeplitz_0.003,3,toeplitz,0.003,placeholder,3,0.0026178010471204,False
0.003,0.0,0.0,0.0,0.0,1677,34,True,True,0,0.0331892967224121,{},False,,key3_placeholder_toeplitz_0.003,4,toeplitz,0.003,placeholder,3,0.0026178010471204,False
0.003,0.0,0.0,0.0,0.0,1677,34,True,True,0,0.0302402973175048,{},False,,key3_placeholder_toeplitz_0.003,5,toeplitz,0.003,placeholder,3,0.0026178010471204,False
0.003,0.0,0.0,0.0,0.0005829204313611,1677,34,False,False,868,0.0301249027252197,{},False,,key3_placeholder_toeplitz_0.003,6,toeplitz,0.003,placeholder,3,0.0026178010471204,True
0.003,0.0,0.0,0.0,0.0,1677,34,True,True,0,0.0293166637420654,{},False,,key3_placeholder_toeplitz_0.003,7,toeplitz,0.003,placeholder,3,0.0026178010471204,False
0.003,0.0,0.0,0.0,0.0017487612940833,1677,34,False,False,829,0.0262567996978759,{},False,,key3_placeholder_toeplitz_0.003,8,toeplitz,0.003,placeholder,3,0.0026178010471204,True
0.003,0.0,0.0,0.0,0.0,1677,34,True,True,0,0.0455543994903564,{},False,,key3_placeholder_toeplitz_0.003,9,toeplitz,0.003,placeholder,3,0.0026178010471204,False
0.003,0.0,0.0,0.0,0.0,1677,34,True,True,0,0.0377974510192871,{},False,,key3_placeholder_toeplitz_0.003,10,toeplitz,0.003,placeholder,3,0.0026178010471204,False
0.003,0.0,0.0,0.0,0.0,1677,34,True,True,0,0.0340242385864257,{},False,,key3_placeholder_toeplitz_0.003,11,toeplitz,0.003,placeholder,3,0.0026178010471204,False
0.003,0.0,0.0,0.0,0.0,1677,34,True,True,0,0.0309865474700927,{},False,,key3_placeholder_toeplitz_0.003,12,toeplitz,0.003,placeholder,3,0.0026178010471204,False
0.003,0.0,0.0,0.0,0.0,1677,34,True,True,0,0.0314791202545166,{},False,,key3_placeholder_toeplitz_0.003,13,toeplitz,0.003,placeholder,3,0.0026178010471204,False
0.003,0.0,0.0,0.0,0.0023316817254444,1677,34,False,False,811,0.0253288745880126,{},False,,key3_placeholder_toeplitz_0.003,14,toeplitz,0.003,placeholder,3,0.0026178010471204,True
0.003,0.0,0.0,0.0,0.0,1677,34,True,True,0,0.0329742431640625,{},False,,key3_placeholder_toeplitz_0.003,15,toeplitz,0.003,placeholder,3,0.0026178010471204,False
0.003,0.0,0.0,0.0,0.0,1677,34,True,True,0,0.0342192649841308,{},False,,key3_placeholder_toeplitz_0.003,16,toeplitz,0.003,placeholder,3,0.0026178010471204,False
0.003,0.0,0.0,0.0,0.0,1677,34,True,True,0,0.0282442569732666,{},False,,key3_placeholder_toeplitz_0.003,17,toeplitz,0.003,placeholder,3,0.0026178010471204,False
0.003,0.0,0.0,0.0,0.0,1677,34,True,True,0,0.0370392799377441,{},False,,key3_placeholder_toeplitz_0.003,18,toeplitz,0.003,placeholder,3,0.0026178010471204,False
0.003,0.0,0.0,0.0,0.0,1677,34,True,True,0,0.031132698059082,{},False,,key3_placeholder_toeplitz_0.003,19,toeplitz,0.003,placeholder,3,0.0026178010471204,False
0.001,0.0,0.0,0.0,0.0,1677,34,True,True,0,0.0356664657592773,{},False,,key3_placeholder_toeplitz_0.001,0,toeplitz,0.001,placeholder,3,0.0026178010471204,False
0.001,0.0,0.0,0.0,0.0,1677,34,True,True,0,0.0325467586517334,{},False,,key3_placeholder_toeplitz_0.001,1,toeplitz,0.001,placeholder,3,0.0026178010471204,False
0.001,0.0,0.0,0.0,0.0,1677,34,True,True,0,0.0269381999969482,{},False,,key3_placeholder_toeplitz_0.001,2,toeplitz,0.001,placeholder,3,0.0026178010471204,False
0.001,0.0,0.0,0.0,0.0,1677,34,True,True,0,0.0322802066802978,{},False,,key3_placeholder_toeplitz_0.001,3,toeplitz,0.001,placeholder,3,0.0026178010471204,False
0.001,0.0,0.0,0.0,0.0,1677,34,True,True,0,0.0303878784179687,{},False,,key3_placeholder_toeplitz_0.001,4,toeplitz,0.001,placeholder,3,0.0026178010471204,False
0.001,0.0,0.0,0.0,0.0,1677,34,True,True,0,0.0297017097473144,{},False,,key3_placeholder_toeplitz_0.001,5,toeplitz,0.001,placeholder,3,0.0026178010471204,False
0.001,0.0,0.0,0.0,0.0005829204313611,1677,34,False,False,833,0.0265541076660156,{},False,,key3_placeholder_toeplitz_0.001,6,toeplitz,0.001,placeholder,3,0.0026178010471204,True
0.001,0.0,0.0,0.0,0.0,1677,34,True,True,0,0.0283668041229248,{},False,,key3_placeholder_toeplitz_0.001,7,toeplitz,0.001,placeholder,3,0.0026178010471204,False
0.001,0.0,0.0,0.0,0.0017487612940833,1677,34,False,False,834,0.02541184425354,{},False,,key3_placeholder_toeplitz_0.001,8,toeplitz,0.001,placeholder,3,0.0026178010471204,True
0.001,0.0,0.0,0.0,0.0,1677,34,True,True,0,0.0359418392181396,{},False,,key3_placeholder_toeplitz_0.001,9,toeplitz,0.001,placeholder,3,0.0026178010471204,False
0.001,0.0,0.0,0.0,0.0,1677,34,True,True,0,0.0387933254241943,{},False,,key3_placeholder_toeplitz_0.001,10,toeplitz,0.001,placeholder,3,0.0026178010471204,False
0.001,0.0,0.0,0.0,0.0,1677,34,True,True,0,0.0339269638061523,{},False,,key3_placeholder_toeplitz_0.001,11,toeplitz,0.001,placeholder,3,0.0026178010471204,False
0.001,0.0,0.0,0.0,0.0,1677,34,True,True,0,0.0310084819793701,{},False,,key3_placeholder_toeplitz_0.001,12,toeplitz,0.001,placeholder,3,0.0026178010471204,False
0.001,0.0,0.0,0.0,0.0,1677,34,True,True,0,0.0309836864471435,{},False,,key3_placeholder_toeplitz_0.001,13,toeplitz,0.001,placeholder,3,0.0026178010471204,False
0.001,0.0,0.0,0.0,0.0023316817254444,1677,34,False,False,870,0.0265328884124755,{},False,,key3_placeholder_toeplitz_0.001,14,toeplitz,0.001,placeholder,3,0.0026178010471204,True
0.001,0.0,0.0,0.0,0.0,1677,34,True,True,0,0.0314152240753173,{},False,,key3_placeholder_toeplitz_0.001,15,toeplitz,0.001,placeholder,3,0.0026178010471204,False
0.001,0.0,0.0,0.0,0.0,1677,34,True,True,0,0.0352194309234619,{},False,,key3_placeholder_toeplitz_0.001,16,toeplitz,0.001,placeholder,3,0.0026178010471204,False
0.001,0.0,0.0,0.0,0.0,1677,34,True,True,0,0.0402624607086181,{},False,,key3_placeholder_toeplitz_0.001,17,toeplitz,0.001,placeholder,3,0.0026178010471204,False
0.001,0.0,0.0,0.0,0.0,1677,34,True,True,0,0.0577313899993896,{},False,,key3_placeholder_toeplitz_0.001,18,toeplitz,0.001,placeholder,3,0.0026178010471204,False
0.001,0.0,0.0,0.0,0.0,1677,34,True,True,0,0.0401530265808105,{},False,,key3_placeholder_toeplitz_0.001,19,toeplitz,0.001,placeholder,3,0.0026178010471204,False
0.0,0.5,0.0,0.0,0.0,1677,34,True,True,0,0.0334506034851074,{},False,,key3_placeholder_final_key_0.5,0,final_key,0.5,placeholder,3,0.0026178010471204,False
0.0,0.5,0.0,0.0,0.0,1677,34,True,False,1,0.0305321216583251,{'final_key': 1},False,,key3_placeholder_final_key_0.5,1,final_key,0.5,placeholder,3,0.0026178010471204,True
0.0,0.5,0.0,0.0,0.0,1677,34,True,False,1,0.0274608135223388,{'final_key': 1},False,,key3_placeholder_final_key_0.5,2,final_key,0.5,placeholder,3,0.0026178010471204,True
0.0,0.5,0.0,0.0,0.0,1677,34,True,False,1,0.0316267013549804,{'final_key': 1},False,,key3_placeholder_final_key_0.5,3,final_key,0.5,placeholder,3,0.0026178010471204,True
0.0,0.5,0.0,0.0,0.0,1677,34,True,False,1,0.0331552028656005,{'final_key': 1},False,,key3_placeholder_final_key_0.5,4,final_key,0.5,placeholder,3,0.0026178010471204,True
0.0,0.5,0.0,0.0,0.0,1677,34,True,True,0,0.0295112133026123,{},False,,key3_placeholder_final_key_0.5,5,final_key,0.5,placeholder,3,0.0026178010471204,False
0.0,0.5,0.0,0.0,0.0005829204313611,1677,34,False,False,882,0.0286495685577392,{'final_key': 1},False,,key3_placeholder_final_key_0.5,6,final_key,0.5,placeholder,3,0.0026178010471204,True
0.0,0.5,0.0,0.0,0.0,1677,34,True,False,1,0.0276970863342285,{'final_key': 1},False,,key3_placeholder_final_key_0.5,7,final_key,0.5,placeholder,3,0.0026178010471204,True
0.0,0.5,0.0,0.0,0.0017487612940833,1677,34,False,False,829,0.026249885559082,{'final_key': 1},False,,key3_placeholder_final_key_0.5,8,final_key,0.5,placeholder,3,0.0026178010471204,True
0.0,0.5,0.0,0.0,0.0,1677,34,True,True,0,0.0377166271209716,{},False,,key3_placeholder_final_key_0.5,9,final_key,0.5,placeholder,3,0.0026178010471204,False
0.0,0.5,0.0,0.0,0.0,1677,34,True,True,0,0.0443983078002929,{},False,,key3_placeholder_final_key_0.5,10,final_key,0.5,placeholder,3,0.0026178010471204,False
0.0,0.5,0.0,0.0,0.0,1677,34,True,True,0,0.0474898815155029,{},False,,key3_placeholder_final_key_0.5,11,final_key,0.5,placeholder,3,0.0026178010471204,False
0.0,0.5,0.0,0.0,0.0,1677,34,True,False,1,0.0335781574249267,{'final_key': 1},False,,key3_placeholder_final_key_0.5,12,final_key,0.5,placeholder,3,0.0026178010471204,True
0.0,0.5,0.0,0.0,0.0,1677,34,True,False,1,0.0316696166992187,{'final_key': 1},False,,key3_placeholder_final_key_0.5,13,final_key,0.5,placeholder,3,0.0026178010471204,True
0.0,0.5,0.0,0.0,0.0023316817254444,1677,34,False,False,810,0.0245771408081054,{'final_key': 1},False,,key3_placeholder_final_key_0.5,14,final_key,0.5,placeholder,3,0.0026178010471204,True
0.0,0.5,0.0,0.0,0.0,1677,34,True,True,0,0.0305602550506591,{},False,,key3_placeholder_final_key_0.5,15,final_key,0.5,placeholder,3,0.0026178010471204,False
0.0,0.5,0.0,0.0,0.0,1677,34,True,True,0,0.0362813472747802,{},False,,key3_placeholder_final_key_0.5,16,final_key,0.5,placeholder,3,0.0026178010471204,False
0.0,0.5,0.0,0.0,0.0,1677,34,True,False,1,0.0279505252838134,{'final_key': 1},False,,key3_placeholder_final_key_0.5,17,final_key,0.5,placeholder,3,0.0026178010471204,True
0.0,0.5,0.0,0.0,0.0,1677,34,True,True,0,0.0325508117675781,{},False,,key3_placeholder_final_key_0.5,18,final_key,0.5,placeholder,3,0.0026178010471204,False
0.0,0.5,0.0,0.0,0.0,1677,34,True,True,0,0.0323503017425537,{},False,,key3_placeholder_final_key_0.5,19,final_key,0.5,placeholder,3,0.0026178010471204,False
0.0,0.3,0.0,0.0,0.0,1677,34,True,True,0,0.0346760749816894,{},False,,key3_placeholder_final_key_0.3,0,final_key,0.3,placeholder,3,0.0026178010471204,False
0.0,0.3,0.0,0.0,0.0,1677,34,True,False,1,0.0300688743591308,{'final_key': 1},False,,key3_placeholder_final_key_0.3,1,final_key,0.3,placeholder,3,0.0026178010471204,True
0.0,0.3,0.0,0.0,0.0,1677,34,True,False,1,0.0276973247528076,{'final_key': 1},False,,key3_placeholder_final_key_0.3,2,final_key,0.3,placeholder,3,0.0026178010471204,True
0.0,0.3,0.0,0.0,0.0,1677,34,True,True,0,0.0319316387176513,{},False,,key3_placeholder_final_key_0.3,3,final_key,0.3,placeholder,3,0.0026178010471204,False
0.0,0.3,0.0,0.0,0.0,1677,34,True,True,0,0.0325245857238769,{},False,,key3_placeholder_final_key_0.3,4,final_key,0.3,placeholder,3,0.0026178010471204,False
0.0,0.3,0.0,0.0,0.0,1677,34,True,True,0,0.0295498371124267,{},False,,key3_placeholder_final_key_0.3,5,final_key,0.3,placeholder,3,0.0026178010471204,False
0.0,0.3,0.0,0.0,0.0005829204313611,1677,34,False,False,827,0.0291810035705566,{'final_key': 1},False,,key3_placeholder_final_key_0.3,6,final_key,0.3,placeholder,3,0.0026178010471204,True
0.0,0.3,0.0,0.0,0.0,1677,34,True,True,0,0.0292112827301025,{},False,,key3_placeholder_final_key_0.3,7,final_key,0.3,placeholder,3,0.0026178010471204,False
0.0,0.3,0.0,0.0,0.0017487612940833,1677,34,False,False,854,0.0269796848297119,{},False,,key3_placeholder_final_key_0.3,8,final_key,0.3,placeholder,3,0.0026178010471204,True
0.0,0.3,0.0,0.0,0.0,1677,34,True,True,0,0.0401866436004638,{},False,,key3_placeholder_final_key_0.3,9,final_key,0.3,placeholder,3,0.0026178010471204,False
0.0,0.3,0.0,0.0,0.0,1677,34,True,True,0,0.0422377586364746,{},False,,key3_placeholder_final_key_0.3,10,final_key,0.3,placeholder,3,0.0026178010471204,False
0.0,0.3,0.0,0.0,0.0,1677,34,True,True,0,0.0346946716308593,{},False,,key3_placeholder_final_key_0.3,11,final_key,0.3,placeholder,3,0.0026178010471204,False
0.0,0.3,0.0,0.0,0.0,1677,34,True,True,0,0.033538818359375,{},False,,key3_placeholder_final_key_0.3,12,final_key,0.3,placeholder,3,0.0026178010471204,False
0.0,0.3,0.0,0.0,0.0,1677,34,True,False,1,0.030886173248291,{'final_key': 1},False,,key3_placeholder_final_key_0.3,13,final_key,0.3,placeholder,3,0.0026178010471204,True
0.0,0.3,0.0,0.0,0.0023316817254444,1677,34,False,False,837,0.025003433227539,{},False,,key3_placeholder_final_key_0.3,14,final_key,0.3,placeholder,3,0.0026178010471204,True
0.0,0.3,0.0,0.0,0.0,1677,34,True,True,0,0.0305647850036621,{},False,,key3_placeholder_final_key_0.3,15,final_key,0.3,placeholder,3,0.0026178010471204,False
0.0,0.3,0.0,0.0,0.0,1677,34,True,True,0,0.0357835292816162,{},False,,key3_placeholder_final_key_0.3,16,final_key,0.3,placeholder,3,0.0026178010471204,False
0.0,0.3,0.0,0.0,0.0,1677,34,True,False,1,0.0289638042449951,{'final_key': 1},False,,key3_placeholder_final_key_0.3,17,final_key,0.3,placeholder,3,0.0026178010471204,True
0.0,0.3,0.0,0.0,0.0,1677,34,True,True,0,0.0332198143005371,{},False,,key3_placeholder_final_key_0.3,18,final_key,0.3,placeholder,3,0.0026178010471204,False
0.0,0.3,0.0,0.0,0.0,1677,34,True,True,0,0.0354485511779785,{},False,,key3_placeholder_final_key_0.3,19,final_key,0.3,placeholder,3,0.0026178010471204,False
0.0,0.1,0.0,0.0,0.0,1677,34,True,True,0,0.0350451469421386,{},False,,key3_placeholder_final_key_0.1,0,final_key,0.1,placeholder,3,0.0026178010471204,False
0.0,0.1,0.0,0.0,0.0,1677,34,True,False,1,0.0312476158142089,{'final_key': 1},False,,key3_placeholder_final_key_0.1,1,final_key,0.1,placeholder,3,0.0026178010471204,True
0.0,0.1,0.0,0.0,0.0,1677,34,True,True,0,0.0302119255065917,{},False,,key3_placeholder_final_key_0.1,2,final_key,0.1,placeholder,3,0.0026178010471204,False
0.0,0.1,0.0,0.0,0.0,1677,34,True,True,0,0.0363423824310302,{},False,,key3_placeholder_final_key_0.1,3,final_key,0.1,placeholder,3,0.0026178010471204,False
0.0,0.1,0.0,0.0,0.0,1677,34,True,True,0,0.0319139957427978,{},False,,key3_placeholder_final_key_0.1,4,final_key,0.1,placeholder,3,0.0026178010471204,False
0.0,0.1,0.0,0.0,0.0,1677,34,True,True,0,0.0294253826141357,{},False,,key3_placeholder_final_key_0.1,5,final_key,0.1,placeholder,3,0.0026178010471204,False
0.0,0.1,0.0,0.0,0.0005829204313611,1677,34,False,False,842,0.0288958549499511,{'final_key': 1},False,,key3_placeholder_final_key_0.1,6,final_key,0.1,placeholder,3,0.0026178010471204,True
0.0,0.1,0.0,0.0,0.0,1677,34,True,True,0,0.0292849540710449,{},False,,key3_placeholder_final_key_0.1,7,final_key,0.1,placeholder,3,0.0026178010471204,False
0.0,0.1,0.0,0.0,0.0017487612940833,1677,34,False,False,827,0.0258734226226806,{},False,,key3_placeholder_final_key_0.1,8,final_key,0.1,placeholder,3,0.0026178010471204,True
0.0,0.1,0.0,0.0,0.0,1677,34,True,True,0,0.0356364250183105,{},False,,key3_placeholder_final_key_0.1,9,final_key,0.1,placeholder,3,0.0026178010471204,False
0.0,0.1,0.0,0.0,0.0,1677,34,True,True,0,0.0390472412109375,{},False,,key3_placeholder_final_key_0.1,10,final_key,0.1,placeholder,3,0.0026178010471204,False
0.0,0.1,0.0,0.0,0.0,1677,34,True,True,0,0.0345287322998046,{},False,,key3_placeholder_final_key_0.1,11,final_key,0.1,placeholder,3,0.0026178010471204,False
0.0,0.1,0.0,0.0,0.0,1677,34,True,True,0,0.0302977561950683,{},False,,key3_placeholder_final_key_0.1,12,final_key,0.1,placeholder,3,0.0026178010471204,False
0.0,0.1,0.0,0.0,0.0,1677,34,True,True,0,0.0308077335357666,{},False,,key3_placeholder_final_key_0.1,13,final_key,0.1,placeholder,3,0.0026178010471204,False
0.0,0.1,0.0,0.0,0.0023316817254444,1677,34,False,False,852,0.0258159637451171,{},False,,key3_placeholder_final_key_0.1,14,final_key,0.1,placeholder,3,0.0026178010471204,True
0.0,0.1,0.0,0.0,0.0,1677,34,True,True,0,0.0299611091613769,{},False,,key3_placeholder_final_key_0.1,15,final_key,0.1,placeholder,3,0.0026178010471204,False
0.0,0.1,0.0,0.0,0.0,1677,34,True,True,0,0.0353610515594482,{},False,,key3_placeholder_final_key_0.1,16,final_key,0.1,placeholder,3,0.0026178010471204,False
0.0,0.1,0.0,0.0,0.0,1677,34,True,False,1,0.0289361476898193,{'final_key': 1},False,,key3_placeholder_final_key_0.1,17,final_key,0.1,placeholder,3,0.0026178010471204,True
0.0,0.1,0.0,0.0,0.0,1677,34,True,True,0,0.032353401184082,{},False,,key3_placeholder_final_key_0.1,18,final_key,0.1,placeholder,3,0.0026178010471204,False
0.0,0.1,0.0,0.0,0.0,1677,34,True,True,0,0.0329723358154296,{},False,,key3_placeholder_final_key_0.1,19,final_key,0.1,placeholder,3,0.0026178010471204,False
0.0,0.05,0.0,0.0,0.0,1677,34,True,True,0,0.0393397808074951,{},False,,key3_placeholder_final_key_0.05,0,final_key,0.05,placeholder,3,0.0026178010471204,False
0.0,0.05,0.0,0.0,0.0,1677,34,True,False,1,0.0322756767272949,{'final_key': 1},False,,key3_placeholder_final_key_0.05,1,final_key,0.05,placeholder,3,0.0026178010471204,True
0.0,0.05,0.0,0.0,0.0,1677,34,True,True,0,0.0275166034698486,{},False,,key3_placeholder_final_key_0.05,2,final_key,0.05,placeholder,3,0.0026178010471204,False
0.0,0.05,0.0,0.0,0.0,1677,34,True,True,0,0.0341813564300537,{},False,,key3_placeholder_final_key_0.05,3,final_key,0.05,placeholder,3,0.0026178010471204,False
0.0,0.05,0.0,0.0,0.0,1677,34,True,True,0,0.0312361717224121,{},False,,key3_placeholder_final_key_0.05,4,final_key,0.05,placeholder,3,0.0026178010471204,False
0.0,0.05,0.0,0.0,0.0,1677,34,True,True,0,0.028531789779663,{},False,,key3_placeholder_final_key_0.05,5,final_key,0.05,placeholder,3,0.0026178010471204,False
0.0,0.05,0.0,0.0,0.0005829204313611,1677,34,False,False,860,0.0287296772003173,{'final_key': 1},False,,key3_placeholder_final_key_0.05,6,final_key,0.05,placeholder,3,0.0026178010471204,True
0.0,0.05,0.0,0.0,0.0,1677,34,True,True,0,0.0298724174499511,{},False,,key3_placeholder_final_key_0.05,7,final_key,0.05,placeholder,3,0.0026178010471204,False
0.0,0.05,0.0,0.0,0.0017487612940833,1677,34,False,False,821,0.026587963104248,{},False,,key3_placeholder_final_key_0.05,8,final_key,0.05,placeholder,3,0.0026178010471204,True
0.0,0.05,0.0,0.0,0.0,1677,34,True,True,0,0.0360748767852783,{},False,,key3_placeholder_final_key_0.05,9,final_key,0.05,placeholder,3,0.0026178010471204,False
0.0,0.05,0.0,0.0,0.0,1677,34,True,True,0,0.0393157005310058,{},False,,key3_placeholder_final_key_0.05,10,final_key,0.05,placeholder,3,0.0026178010471204,False
0.0,0.05,0.0,0.0,0.0,1677,34,True,True,0,0.032607078552246,{},False,,key3_placeholder_final_key_0.05,11,final_key,0.05,placeholder,3,0.0026178010471204,False
0.0,0.05,0.0,0.0,0.0,1677,34,True,True,0,0.0312416553497314,{},False,,key3_placeholder_final_key_0.05,12,final_key,0.05,placeholder,3,0.0026178010471204,False
0.0,0.05,0.0,0.0,0.0,1677,34,True,True,0,0.0312511920928955,{},False,,key3_placeholder_final_key_0.05,13,final_key,0.05,placeholder,3,0.0026178010471204,False
0.0,0.05,0.0,0.0,0.0023316817254444,1677,34,False,False,807,0.028304100036621,{},False,,key3_placeholder_final_key_0.05,14,final_key,0.05,placeholder,3,0.0026178010471204,True
0.0,0.05,0.0,0.0,0.0,1677,34,True,True,0,0.0316212177276611,{},False,,key3_placeholder_final_key_0.05,15,final_key,0.05,placeholder,3,0.0026178010471204,False
0.0,0.05,0.0,0.0,0.0,1677,34,True,True,0,0.0363821983337402,{},False,,key3_placeholder_final_key_0.05,16,final_key,0.05,placeholder,3,0.0026178010471204,False
0.0,0.05,0.0,0.0,0.0,1677,34,True,True,0,0.0277967453002929,{},False,,key3_placeholder_final_key_0.05,17,final_key,0.05,placeholder,3,0.0026178010471204,False
0.0,0.05,0.0,0.0,0.0,1677,34,True,True,0,0.0335147380828857,{},False,,key3_placeholder_final_key_0.05,18,final_key,0.05,placeholder,3,0.0026178010471204,False
0.0,0.05,0.0,0.0,0.0,1677,34,True,True,0,0.0321555137634277,{},False,,key3_placeholder_final_key_0.05,19,final_key,0.05,placeholder,3,0.0026178010471204,False
0.0,0.03,0.0,0.0,0.0,1677,34,True,True,0,0.0331299304962158,{},False,,key3_placeholder_final_key_0.03,0,final_key,0.03,placeholder,3,0.0026178010471204,False
0.0,0.03,0.0,0.0,0.0,1677,34,True,True,0,0.0321600437164306,{},False,,key3_placeholder_final_key_0.03,1,final_key,0.03,placeholder,3,0.0026178010471204,False
0.0,0.03,0.0,0.0,0.0,1677,34,True,True,0,0.0292418003082275,{},False,,key3_placeholder_final_key_0.03,2,final_key,0.03,placeholder,3,0.0026178010471204,False
0.0,0.03,0.0,0.0,0.0,1677,34,True,True,0,0.0334844589233398,{},False,,key3_placeholder_final_key_0.03,3,final_key,0.03,placeholder,3,0.0026178010471204,False
0.0,0.03,0.0,0.0,0.0,1677,34,True,True,0,0.0311319828033447,{},False,,key3_placeholder_final_key_0.03,4,final_key,0.03,placeholder,3,0.0026178010471204,False
0.0,0.03,0.0,0.0,0.0,1677,34,True,True,0,0.0298805236816406,{},False,,key3_placeholder_final_key_0.03,5,final_key,0.03,placeholder,3,0.0026178010471204,False
0.0,0.03,0.0,0.0,0.0005829204313611,1677,34,False,False,882,0.0284593105316162,{},False,,key3_placeholder_final_key_0.03,6,final_key,0.03,placeholder,3,0.0026178010471204,True
0.0,0.03,0.0,0.0,0.0,1677,34,True,True,0,0.0272245407104492,{},False,,key3_placeholder_final_key_0.03,7,final_key,0.03,placeholder,3,0.0026178010471204,False
0.0,0.03,0.0,0.0,0.0017487612940833,1677,34,False,False,840,0.0268018245697021,{},False,,key3_placeholder_final_key_0.03,8,final_key,0.03,placeholder,3,0.0026178010471204,True
0.0,0.03,0.0,0.0,0.0,1677,34,True,True,0,0.037644624710083,{},False,,key3_placeholder_final_key_0.03,9,final_key,0.03,placeholder,3,0.0026178010471204,False
0.0,0.03,0.0,0.0,0.0,1677,34,True,True,0,0.0404086112976074,{},False,,key3_placeholder_final_key_0.03,10,final_key,0.03,placeholder,3,0.0026178010471204,False
0.0,0.03,0.0,0.0,0.0,1677,34,True,True,0,0.0354061126708984,{},False,,key3_placeholder_final_key_0.03,11,final_key,0.03,placeholder,3,0.0026178010471204,False
0.0,0.03,0.0,0.0,0.0,1677,34,True,True,0,0.0343272686004638,{},False,,key3_placeholder_final_key_0.03,12,final_key,0.03,placeholder,3,0.0026178010471204,False
0.0,0.03,0.0,0.0,0.0,1677,34,True,True,0,0.0291812419891357,{},False,,key3_placeholder_final_key_0.03,13,final_key,0.03,placeholder,3,0.0026178010471204,False
0.0,0.03,0.0,0.0,0.0023316817254444,1677,34,False,False,842,0.0267252922058105,{},False,,key3_placeholder_final_key_0.03,14,final_key,0.03,placeholder,3,0.0026178010471204,True
0.0,0.03,0.0,0.0,0.0,1677,34,True,True,0,0.0310380458831787,{},False,,key3_placeholder_final_key_0.03,15,final_key,0.03,placeholder,3,0.0026178010471204,False
0.0,0.03,0.0,0.0,0.0,1677,34,True,True,0,0.0345118045806884,{},False,,key3_placeholder_final_key_0.03,16,final_key,0.03,placeholder,3,0.0026178010471204,False
0.0,0.03,0.0,0.0,0.0,1677,34,True,True,0,0.0280253887176513,{},False,,key3_placeholder_final_key_0.03,17,final_key,0.03,placeholder,3,0.0026178010471204,False
0.0,0.03,0.0,0.0,0.0,1677,34,True,True,0,0.0352363586425781,{},False,,key3_placeholder_final_key_0.03,18,final_key,0.03,placeholder,3,0.0026178010471204,False
0.0,0.03,0.0,0.0,0.0,1677,34,True,True,0,0.0312204360961914,{},False,,key3_placeholder_final_key_0.03,19,final_key,0.03,placeholder,3,0.0026178010471204,False
0.0,0.01,0.0,0.0,0.0,1677,34,True,True,0,0.0336692333221435,{},False,,key3_placeholder_final_key_0.01,0,final_key,0.01,placeholder,3,0.0026178010471204,False
0.0,0.01,0.0,0.0,0.0,1677,34,True,True,0,0.0328338146209716,{},False,,key3_placeholder_final_key_0.01,1,final_key,0.01,placeholder,3,0.0026178010471204,False
0.0,0.01,0.0,0.0,0.0,1677,34,True,True,0,0.0280547142028808,{},False,,key3_placeholder_final_key_0.01,2,final_key,0.01,placeholder,3,0.0026178010471204,False
0.0,0.01,0.0,0.0,0.0,1677,34,True,True,0,0.0322217941284179,{},False,,key3_placeholder_final_key_0.01,3,final_key,0.01,placeholder,3,0.0026178010471204,False
0.0,0.01,0.0,0.0,0.0,1677,34,True,True,0,0.0314836502075195,{},False,,key3_placeholder_final_key_0.01,4,final_key,0.01,placeholder,3,0.0026178010471204,False
0.0,0.01,0.0,0.0,0.0,1677,34,True,True,0,0.0328996181488037,{},False,,key3_placeholder_final_key_0.01,5,final_key,0.01,placeholder,3,0.0026178010471204,False
0.0,0.01,0.0,0.0,0.0005829204313611,1677,34,False,False,860,0.0273218154907226,{},False,,key3_placeholder_final_key_0.01,6,final_key,0.01,placeholder,3,0.0026178010471204,True
0.0,0.01,0.0,0.0,0.0,1677,34,True,True,0,0.0280258655548095,{},False,,key3_placeholder_final_key_0.01,7,final_key,0.01,placeholder,3,0.0026178010471204,False
0.0,0.01,0.0,0.0,0.0017487612940833,1677,34,False,False,853,0.0268511772155761,{},False,,key3_placeholder_final_key_0.01,8,final_key,0.01,placeholder,3,0.0026178010471204,True
0.0,0.01,0.0,0.0,0.0,1677,34,True,True,0,0.035926342010498,{},False,,key3_placeholder_final_key_0.01,9,final_key,0.01,placeholder,3,0.0026178010471204,False
0.0,0.01,0.0,0.0,0.0,1677,34,True,True,0,0.0383872985839843,{},False,,key3_placeholder_final_key_0.01,10,final_key,0.01,placeholder,3,0.0026178010471204,False
0.0,0.01,0.0,0.0,0.0,1677,34,True,True,0,0.0324311256408691,{},False,,key3_placeholder_final_key_0.01,11,final_key,0.01,placeholder,3,0.0026178010471204,False
0.0,0.01,0.0,0.0,0.0,1677,34,True,True,0,0.0296275615692138,{},False,,key3_placeholder_final_key_0.01,12,final_key,0.01,placeholder,3,0.0026178010471204,False
0.0,0.01,0.0,0.0,0.0,1677,34,True,True,0,0.033177375793457,{},False,,key3_placeholder_final_key_0.01,13,final_key,0.01,placeholder,3,0.0026178010471204,False
0.0,0.01,0.0,0.0,0.0023316817254444,1677,34,False,False,785,0.025996446609497,{},False,,key3_placeholder_final_key_0.01,14,final_key,0.01,placeholder,3,0.0026178010471204,True
0.0,0.01,0.0,0.0,0.0,1677,34,True,True,0,0.0316207408905029,{},False,,key3_placeholder_final_key_0.01,15,final_key,0.01,placeholder,3,0.0026178010471204,False
0.0,0.01,0.0,0.0,0.0,1677,34,True,True,0,0.0349147319793701,{},False,,key3_placeholder_final_key_0.01,16,final_key,0.01,placeholder,3,0.0026178010471204,False
0.0,0.01,0.0,0.0,0.0,1677,34,True,True,0,0.0287311077117919,{},False,,key3_placeholder_final_key_0.01,17,final_key,0.01,placeholder,3,0.0026178010471204,False
0.0,0.01,0.0,0.0,0.0,1677,34,True,True,0,0.0323877334594726,{},False,,key3_placeholder_final_key_0.01,18,final_key,0.01,placeholder,3,0.0026178010471204,False
0.0,0.01,0.0,0.0,0.0,1677,34,True,True,0,0.0317223072052001,{},False,,key3_placeholder_final_key_0.01,19,final_key,0.01,placeholder,3,0.0026178010471204,False
0.0,0.003,0.0,0.0,0.0,1677,34,True,True,0,0.034369945526123,{},False,,key3_placeholder_final_key_0.003,0,final_key,0.003,placeholder,3,0.0026178010471204,False
0.0,0.003,0.0,0.0,0.0,1677,34,True,True,0,0.030792236328125,{},False,,key3_placeholder_final_key_0.003,1,final_key,0.003,placeholder,3,0.0026178010471204,False
0.0,0.003,0.0,0.0,0.0,1677,34,True,True,0,0.029599905014038,{},False,,key3_placeholder_final_key_0.003,2,final_key,0.003,placeholder,3,0.0026178010471204,False
0.0,0.003,0.0,0.0,0.0,1677,34,True,True,0,0.0385992527008056,{},False,,key3_placeholder_final_key_0.003,3,final_key,0.003,placeholder,3,0.0026178010471204,False
0.0,0.003,0.0,0.0,0.0,1677,34,True,True,0,0.0317788124084472,{},False,,key3_placeholder_final_key_0.003,4,final_key,0.003,placeholder,3,0.0026178010471204,False
0.0,0.003,0.0,0.0,0.0,1677,34,True,True,0,0.0312528610229492,{},False,,key3_placeholder_final_key_0.003,5,final_key,0.003,placeholder,3,0.0026178010471204,False
0.0,0.003,0.0,0.0,0.0005829204313611,1677,34,False,False,820,0.0276052951812744,{},False,,key3_placeholder_final_key_0.003,6,final_key,0.003,placeholder,3,0.0026178010471204,True
0.0,0.003,0.0,0.0,0.0,1677,34,True,True,0,0.0285727977752685,{},False,,key3_placeholder_final_key_0.003,7,final_key,0.003,placeholder,3,0.0026178010471204,False
0.0,0.003,0.0,0.0,0.0017487612940833,1677,34,False,False,890,0.0260214805603027,{},False,,key3_placeholder_final_key_0.003,8,final_key,0.003,placeholder,3,0.0026178010471204,True
0.0,0.003,0.0,0.0,0.0,1677,34,True,True,0,0.0385100841522216,{},False,,key3_placeholder_final_key_0.003,9,final_key,0.003,placeholder,3,0.0026178010471204,False
0.0,0.003,0.0,0.0,0.0,1677,34,True,True,0,0.0382688045501709,{},False,,key3_placeholder_final_key_0.003,10,final_key,0.003,placeholder,3,0.0026178010471204,False
0.0,0.003,0.0,0.0,0.0,1677,34,True,True,0,0.0327324867248535,{},False,,key3_placeholder_final_key_0.003,11,final_key,0.003,placeholder,3,0.0026178010471204,False
0.0,0.003,0.0,0.0,0.0,1677,34,True,True,0,0.0323512554168701,{},False,,key3_placeholder_final_key_0.003,12,final_key,0.003,placeholder,3,0.0026178010471204,False
0.0,0.003,0.0,0.0,0.0,1677,34,True,True,0,0.029534101486206,{},False,,key3_placeholder_final_key_0.003,13,final_key,0.003,placeholder,3,0.0026178010471204,False
0.0,0.003,0.0,0.0,0.0023316817254444,1677,34,False,False,813,0.0285212993621826,{},False,,key3_placeholder_final_key_0.003,14,final_key,0.003,placeholder,3,0.0026178010471204,True
0.0,0.003,0.0,0.0,0.0,1677,34,True,True,0,0.030592918395996,{},False,,key3_placeholder_final_key_0.003,15,final_key,0.003,placeholder,3,0.0026178010471204,False
0.0,0.003,0.0,0.0,0.0,1677,34,True,True,0,0.0416889190673828,{},False,,key3_placeholder_final_key_0.003,16,final_key,0.003,placeholder,3,0.0026178010471204,False
0.0,0.003,0.0,0.0,0.0,1677,34,True,True,0,0.0299668312072753,{},False,,key3_placeholder_final_key_0.003,17,final_key,0.003,placeholder,3,0.0026178010471204,False
0.0,0.003,0.0,0.0,0.0,1677,34,True,True,0,0.0356147289276123,{},False,,key3_placeholder_final_key_0.003,18,final_key,0.003,placeholder,3,0.0026178010471204,False
0.0,0.003,0.0,0.0,0.0,1677,34,True,True,0,0.0323779582977294,{},False,,key3_placeholder_final_key_0.003,19,final_key,0.003,placeholder,3,0.0026178010471204,False
0.0,0.001,0.0,0.0,0.0,1677,34,True,True,0,0.0347146987915039,{},False,,key3_placeholder_final_key_0.001,0,final_key,0.001,placeholder,3,0.0026178010471204,False
0.0,0.001,0.0,0.0,0.0,1677,34,True,True,0,0.0329976081848144,{},False,,key3_placeholder_final_key_0.001,1,final_key,0.001,placeholder,3,0.0026178010471204,False
0.0,0.001,0.0,0.0,0.0,1677,34,True,True,0,0.0296525955200195,{},False,,key3_placeholder_final_key_0.001,2,final_key,0.001,placeholder,3,0.0026178010471204,False
0.0,0.001,0.0,0.0,0.0,1677,34,True,True,0,0.0346643924713134,{},False,,key3_placeholder_final_key_0.001,3,final_key,0.001,placeholder,3,0.0026178010471204,False
0.0,0.001,0.0,0.0,0.0,1677,34,True,True,0,0.0334491729736328,{},False,,key3_placeholder_final_key_0.001,4,final_key,0.001,placeholder,3,0.0026178010471204,False
0.0,0.001,0.0,0.0,0.0,1677,34,True,True,0,0.0296916961669921,{},False,,key3_placeholder_final_key_0.001,5,final_key,0.001,placeholder,3,0.0026178010471204,False
0.0,0.001,0.0,0.0,0.0005829204313611,1677,34,False,False,864,0.028888463973999,{},False,,key3_placeholder_final_key_0.001,6,final_key,0.001,placeholder,3,0.0026178010471204,True
0.0,0.001,0.0,0.0,0.0,1677,34,True,True,0,0.0283942222595214,{},False,,key3_placeholder_final_key_0.001,7,final_key,0.001,placeholder,3,0.0026178010471204,False
0.0,0.001,0.0,0.0,0.0017487612940833,1677,34,False,False,844,0.0296351909637451,{},False,,key3_placeholder_final_key_0.001,8,final_key,0.001,placeholder,3,0.0026178010471204,True
0.0,0.001,0.0,0.0,0.0,1677,34,True,True,0,0.0362176895141601,{},False,,key3_placeholder_final_key_0.001,9,final_key,0.001,placeholder,3,0.0026178010471204,False
0.0,0.001,0.0,0.0,0.0,1677,34,True,True,0,0.0386698246002197,{},False,,key3_placeholder_final_key_0.001,10,final_key,0.001,placeholder,3,0.0026178010471204,False
0.0,0.001,0.0,0.0,0.0,1677,34,True,True,0,0.0349230766296386,{},False,,key3_placeholder_final_key_0.001,11,final_key,0.001,placeholder,3,0.0026178010471204,False
0.0,0.001,0.0,0.0,0.0,1677,34,True,True,0,0.0318479537963867,{},False,,key3_placeholder_final_key_0.001,12,final_key,0.001,placeholder,3,0.0026178010471204,False
0.0,0.001,0.0,0.0,0.0,1677,34,True,True,0,0.0310761928558349,{},False,,key3_placeholder_final_key_0.001,13,final_key,0.001,placeholder,3,0.0026178010471204,False
0.0,0.001,0.0,0.0,0.0023316817254444,1677,34,False,False,839,0.03090500831604,{},False,,key3_placeholder_final_key_0.001,14,final_key,0.001,placeholder,3,0.0026178010471204,True
0.0,0.001,0.0,0.0,0.0,1677,34,True,True,0,0.0333991050720214,{},False,,key3_placeholder_final_key_0.001,15,final_key,0.001,placeholder,3,0.0026178010471204,False
0.0,0.001,0.0,0.0,0.0,1677,34,True,True,0,0.0364701747894287,{},False,,key3_placeholder_final_key_0.001,16,final_key,0.001,placeholder,3,0.0026178010471204,False
0.0,0.001,0.0,0.0,0.0,1677,34,True,True,0,0.0300376415252685,{},False,,key3_placeholder_final_key_0.001,17,final_key,0.001,placeholder,3,0.0026178010471204,False
0.0,0.001,0.0,0.0,0.0,1677,34,True,True,0,0.0342569351196289,{},False,,key3_placeholder_final_key_0.001,18,final_key,0.001,placeholder,3,0.0026178010471204,False
0.0,0.001,0.0,0.0,0.0,1677,34,True,True,0,0.0327944755554199,{},False,,key3_placeholder_final_key_0.001,19,final_key,0.001,placeholder,3,0.0026178010471204,False
0.0,0.0,0.5,0.0,0.0069950451763334,1677,34,False,False,854,0.0300619602203369,{'reconciliation_state': 10},False,,key3_placeholder_reconciliation_0.5,0,reconciliation,0.5,placeholder,3,0.0026178010471204,True
0.0,0.0,0.5,0.0,0.0049548236665695,1677,34,False,False,825,0.0328264236450195,{'reconciliation_state': 7},False,,key3_placeholder_reconciliation_0.5,1,reconciliation,0.5,placeholder,3,0.0026178010471204,True
0.0,0.0,0.5,0.0,0.0069950451763334,1677,34,False,False,844,0.0303056240081787,{'reconciliation_state': 11},False,,key3_placeholder_reconciliation_0.5,2,reconciliation,0.5,placeholder,3,0.0026178010471204,True
0.0,0.0,0.5,0.0,0.0075779656076945,1677,34,False,False,861,0.0298216342926025,{'reconciliation_state': 6},False,,key3_placeholder_reconciliation_0.5,3,reconciliation,0.5,placeholder,3,0.0026178010471204,True
0.0,0.0,0.5,0.0,0.0069950451763334,1677,34,False,False,829,0.0380792617797851,{'reconciliation_state': 10},False,,key3_placeholder_reconciliation_0.5,4,reconciliation,0.5,placeholder,3,0.0026178010471204,True
0.0,0.0,0.5,0.0,0.0069950451763334,1677,34,False,False,829,0.0264647006988525,{'reconciliation_state': 7},False,,key3_placeholder_reconciliation_0.5,5,reconciliation,0.5,placeholder,3,0.0026178010471204,True
0.0,0.0,0.5,0.0,0.0084523462547362,1677,34,False,False,837,0.0262565612792968,{'reconciliation_state': 7},False,,key3_placeholder_reconciliation_0.5,6,reconciliation,0.5,placeholder,3,0.0026178010471204,True
0.0,0.0,0.5,0.0,0.0069950451763334,1677,34,False,False,851,0.0401160717010498,{'reconciliation_state': 16},False,,key3_placeholder_reconciliation_0.5,7,reconciliation,0.5,placeholder,3,0.0026178010471204,True
0.0,0.0,0.5,0.0,0.0081608860390556,1677,34,False,False,812,0.0314221382141113,{'reconciliation_state': 10},False,,key3_placeholder_reconciliation_0.5,8,reconciliation,0.5,placeholder,3,0.0026178010471204,True
0.0,0.0,0.5,0.0,0.0061206645292917,1677,34,False,False,827,0.0360255241394043,{'reconciliation_state': 10},False,,key3_placeholder_reconciliation_0.5,9,reconciliation,0.5,placeholder,3,0.0026178010471204,True
0.0,0.0,0.5,0.0,0.0069950451763334,1677,34,False,False,847,0.0377633571624755,{'reconciliation_state': 12},False,,key3_placeholder_reconciliation_0.5,10,reconciliation,0.5,placeholder,3,0.0026178010471204,True
0.0,0.0,0.5,0.0,0.0087438064704167,1677,34,False,False,839,0.0247881412506103,{'reconciliation_state': 8},False,,key3_placeholder_reconciliation_0.5,11,reconciliation,0.5,placeholder,3,0.0026178010471204,True
0.0,0.0,0.5,0.0,0.0058292043136111,1677,34,False,False,834,0.0328521728515625,{'reconciliation_state': 13},False,,key3_placeholder_reconciliation_0.5,12,reconciliation,0.5,placeholder,3,0.0026178010471204,True
0.0,0.0,0.5,0.0,0.0058292043136111,1677,34,False,False,830,0.0362534523010253,{'reconciliation_state': 15},False,,key3_placeholder_reconciliation_0.5,13,reconciliation,0.5,placeholder,3,0.0026178010471204,True
0.0,0.0,0.5,0.0,0.0072865053920139,1677,34,False,False,809,0.0349152088165283,{'reconciliation_state': 14},False,,key3_placeholder_reconciliation_0.5,14,reconciliation,0.5,placeholder,3,0.0026178010471204,True
0.0,0.0,0.5,0.0,0.0084523462547362,1677,34,False,False,820,0.0343134403228759,{'reconciliation_state': 14},False,,key3_placeholder_reconciliation_0.5,15,reconciliation,0.5,placeholder,3,0.0026178010471204,True
0.0,0.0,0.5,0.0,0.0069950451763334,1677,34,False,False,812,0.0308706760406494,{'reconciliation_state': 11},False,,key3_placeholder_reconciliation_0.5,16,reconciliation,0.5,placeholder,3,0.0026178010471204,True
0.0,0.0,0.5,0.0,0.0046633634508889,1677,34,False,False,855,0.0359566211700439,{'reconciliation_state': 11},False,,key3_placeholder_reconciliation_0.5,17,reconciliation,0.5,placeholder,3,0.0026178010471204,True
0.0,0.0,0.5,0.0,0.0058292043136111,1677,34,False,False,829,0.0366513729095459,{'reconciliation_state': 12},False,,key3_placeholder_reconciliation_0.5,18,reconciliation,0.5,placeholder,3,0.0026178010471204,True
0.0,0.0,0.5,0.0,0.0093267269017779,1677,34,False,False,808,0.0238211154937744,{'reconciliation_state': 9},False,,key3_placeholder_reconciliation_0.5,19,reconciliation,0.5,placeholder,3,0.0026178010471204,True
0.0,0.0,0.3,0.0,0.0046633634508889,1677,34,False,False,861,0.0369584560394287,{'reconciliation_state': 12},False,,key3_placeholder_reconciliation_0.3,0,reconciliation,0.3,placeholder,3,0.0026178010471204,True
0.0,0.0,0.3,0.0,0.0034975225881667,1677,34,False,False,846,0.0374000072479248,{'reconciliation_state': 8},False,,key3_placeholder_reconciliation_0.3,1,reconciliation,0.3,placeholder,3,0.0026178010471204,True
0.0,0.0,0.3,0.0,0.0037889828038472,1677,34,False,False,817,0.0337982177734375,{'reconciliation_state': 10},False,,key3_placeholder_reconciliation_0.3,2,reconciliation,0.3,placeholder,3,0.0026178010471204,True
0.0,0.0,0.3,0.0,0.0023316817254444,1677,34,False,False,850,0.0473639965057373,{'reconciliation_state': 7},False,,key3_placeholder_reconciliation_0.3,3,reconciliation,0.3,placeholder,3,0.0026178010471204,True
0.0,0.0,0.3,0.0,0.0040804430195278,1677,34,False,False,850,0.0378637313842773,{'reconciliation_state': 7},False,,key3_placeholder_reconciliation_0.3,4,reconciliation,0.3,placeholder,3,0.0026178010471204,True
0.0,0.0,0.3,0.0,0.0040804430195278,1677,34,False,False,819,0.0305593013763427,{'reconciliation_state': 8},False,,key3_placeholder_reconciliation_0.3,5,reconciliation,0.3,placeholder,3,0.0026178010471204,True
0.0,0.0,0.3,0.0,0.0055377440979306,1677,34,False,False,860,0.0310966968536376,{'reconciliation_state': 8},False,,key3_placeholder_reconciliation_0.3,6,reconciliation,0.3,placeholder,3,0.0026178010471204,True
0.0,0.0,0.3,0.0,0.0032060623724861,1677,34,False,False,811,0.0406515598297119,{'reconciliation_state': 11},False,,key3_placeholder_reconciliation_0.3,7,reconciliation,0.3,placeholder,3,0.0026178010471204,True
0.0,0.0,0.3,0.0,0.0049548236665695,1677,34,False,False,843,0.035038948059082,{'reconciliation_state': 9},False,,key3_placeholder_reconciliation_0.3,8,reconciliation,0.3,placeholder,3,0.0026178010471204,True
0.0,0.0,0.3,0.0,0.0032060623724861,1677,34,False,False,792,0.0367968082427978,{'reconciliation_state': 8},False,,key3_placeholder_reconciliation_0.3,9,reconciliation,0.3,placeholder,3,0.0026178010471204,True
0.0,0.0,0.3,0.0,0.0061206645292917,1677,34,False,False,855,0.036818504333496,{'reconciliation_state': 10},False,,key3_placeholder_reconciliation_0.3,10,reconciliation,0.3,placeholder,3,0.0026178010471204,True
0.0,0.0,0.3,0.0,0.0043719032352083,1677,34,False,False,801,0.0397529602050781,{'reconciliation_state': 8},False,,key3_placeholder_reconciliation_0.3,11,reconciliation,0.3,placeholder,3,0.0026178010471204,True
0.0,0.0,0.3,0.0,0.0058292043136111,1677,34,False,False,876,0.0296323299407959,{'reconciliation_state': 8},False,,key3_placeholder_reconciliation_0.3,12,reconciliation,0.3,placeholder,3,0.0026178010471204,True
0.0,0.0,0.3,0.0,0.0023316817254444,1677,34,False,False,841,0.0375430583953857,{'reconciliation_state': 8},False,,key3_placeholder_reconciliation_0.3,13,reconciliation,0.3,placeholder,3,0.0026178010471204,True
0.0,0.0,0.3,0.0,0.0058292043136111,1677,34,False,False,841,0.0293118953704834,{'reconciliation_state': 10},False,,key3_placeholder_reconciliation_0.3,14,reconciliation,0.3,placeholder,3,0.0026178010471204,True
0.0,0.0,0.3,0.0,0.0072865053920139,1677,34,False,False,848,0.0336322784423828,{'reconciliation_state': 11},False,,key3_placeholder_reconciliation_0.3,15,reconciliation,0.3,placeholder,3,0.0026178010471204,True
0.0,0.0,0.3,0.0,0.0058292043136111,1677,34,False,False,871,0.0307371616363525,{'reconciliation_state': 7},False,,key3_placeholder_reconciliation_0.3,16,reconciliation,0.3,placeholder,3,0.0026178010471204,True
0.0,0.0,0.3,0.0,0.0034975225881667,1677,34,False,False,837,0.0362370014190673,{'reconciliation_state': 9},False,,key3_placeholder_reconciliation_0.3,17,reconciliation,0.3,placeholder,3,0.0026178010471204,True
0.0,0.0,0.3,0.0,0.0029146021568055,1677,34,False,False,865,0.036229133605957,{'reconciliation_state': 8},False,,key3_placeholder_reconciliation_0.3,18,reconciliation,0.3,placeholder,3,0.0026178010471204,True
0.0,0.0,0.3,0.0,0.002623141941125,1677,34,False,False,878,0.0399017333984375,{'reconciliation_state': 9},False,,key3_placeholder_reconciliation_0.3,19,reconciliation,0.3,placeholder,3,0.0026178010471204,True
0.0,0.0,0.1,0.0,0.0005829204313611,1677,34,False,False,872,0.0381398200988769,{'reconciliation_state': 2},False,,key3_placeholder_reconciliation_0.1,0,reconciliation,0.1,placeholder,3,0.0026178010471204,True
0.0,0.0,0.1,0.0,0.0014573010784027,1677,34,False,False,867,0.0378785133361816,{'reconciliation_state': 3},False,,key3_placeholder_reconciliation_0.1,1,reconciliation,0.1,placeholder,3,0.0026178010471204,True
0.0,0.0,0.1,0.0,0.0017487612940833,1677,34,False,False,870,0.0397901535034179,{'reconciliation_state': 6},False,,key3_placeholder_reconciliation_0.1,2,reconciliation,0.1,placeholder,3,0.0026178010471204,True
0.0,0.0,0.1,0.0,0.0002914602156805,1677,34,False,False,858,0.0335333347320556,{'reconciliation_state': 1},False,,key3_placeholder_reconciliation_0.1,3,reconciliation,0.1,placeholder,3,0.0026178010471204,True
0.0,0.0,0.1,0.0,0.0008743806470416,1677,34,False,False,825,0.0388309955596923,{'reconciliation_state': 3},False,,key3_placeholder_reconciliation_0.1,4,reconciliation,0.1,placeholder,3,0.0026178010471204,True
0.0,0.0,0.1,0.0,0.0017487612940833,1677,34,False,False,860,0.0332076549530029,{'reconciliation_state': 6},False,,key3_placeholder_reconciliation_0.1,5,reconciliation,0.1,placeholder,3,0.0026178010471204,True
0.0,0.0,0.1,0.0,0.0014573010784027,1677,34,False,False,830,0.0395915508270263,{'reconciliation_state': 3},False,,key3_placeholder_reconciliation_0.1,6,reconciliation,0.1,placeholder,3,0.0026178010471204,True
0.0,0.0,0.1,0.0,0.0011658408627222,1677,34,False,False,861,0.0368449687957763,{'reconciliation_state': 4},False,,key3_placeholder_reconciliation_0.1,7,reconciliation,0.1,placeholder,3,0.0026178010471204,True
0.0,0.0,0.1,0.0,0.0032060623724861,1677,34,False,False,810,0.0349645614624023,{'reconciliation_state': 5},False,,key3_placeholder_reconciliation_0.1,8,reconciliation,0.1,placeholder,3,0.0026178010471204,True
0.0,0.0,0.1,0.0,0.0017487612940833,1677,34,False,False,827,0.0393605232238769,{'reconciliation_state': 4},False,,key3_placeholder_reconciliation_0.1,9,reconciliation,0.1,placeholder,3,0.0026178010471204,True
0.0,0.0,0.1,0.0,0.0064121247449723,1677,34,False,False,865,0.0229177474975585,{'reconciliation_state': 2},False,,key3_placeholder_reconciliation_0.1,10,reconciliation,0.1,placeholder,3,0.0026178010471204,True
0.0,0.0,0.1,0.0,0.0040804430195278,1677,34,False,False,856,0.0359909534454345,{'reconciliation_state': 5},False,,key3_placeholder_reconciliation_0.1,11,reconciliation,0.1,placeholder,3,0.0026178010471204,True
0.0,0.0,0.1,0.0,0.0023316817254444,1677,34,False,False,809,0.0298948287963867,{'reconciliation_state': 3},False,,key3_placeholder_reconciliation_0.1,12,reconciliation,0.1,placeholder,3,0.0026178010471204,True
0.0,0.0,0.1,0.0,0.0020402215097639,1677,34,False,False,844,0.0307173728942871,{'reconciliation_state': 2},False,,key3_placeholder_reconciliation_0.1,13,reconciliation,0.1,placeholder,3,0.0026178010471204,True
0.0,0.0,0.1,0.0,0.0008743806470416,1677,34,False,False,828,0.0379004478454589,{'reconciliation_state': 3},False,,key3_placeholder_reconciliation_0.1,14,reconciliation,0.1,placeholder,3,0.0026178010471204,True
0.0,0.0,0.1,0.0,0.0008743806470416,1677,34,False,False,832,0.0329887866973876,{'reconciliation_state': 3},False,,key3_placeholder_reconciliation_0.1,15,reconciliation,0.1,placeholder,3,0.0026178010471204,True
0.0,0.0,0.1,0.0,0.0017487612940833,1677,34,False,False,850,0.0408682823181152,{'reconciliation_state': 6},False,,key3_placeholder_reconciliation_0.1,16,reconciliation,0.1,placeholder,3,0.0026178010471204,True
0.0,0.0,0.1,0.0,0.0011658408627222,1677,34,False,False,869,0.0355582237243652,{'reconciliation_state': 4},False,,key3_placeholder_reconciliation_0.1,17,reconciliation,0.1,placeholder,3,0.0026178010471204,True
0.0,0.0,0.1,0.0,0.0005829204313611,1677,34,False,False,864,0.0395135879516601,{'reconciliation_state': 2},False,,key3_placeholder_reconciliation_0.1,18,reconciliation,0.1,placeholder,3,0.0026178010471204,True
0.0,0.0,0.1,0.0,0.0005829204313611,1677,34,False,False,862,0.0351533889770507,{'reconciliation_state': 2},False,,key3_placeholder_reconciliation_0.1,19,reconciliation,0.1,placeholder,3,0.0026178010471204,True
0.0,0.0,0.05,0.0,0.0002914602156805,1677,34,False,False,818,0.0397555828094482,{'reconciliation_state': 1},False,,key3_placeholder_reconciliation_0.05,0,reconciliation,0.05,placeholder,3,0.0026178010471204,True
0.0,0.0,0.05,0.0,0.0005829204313611,1677,34,False,False,823,0.0374956130981445,{'reconciliation_state': 2},False,,key3_placeholder_reconciliation_0.05,1,reconciliation,0.05,placeholder,3,0.0026178010471204,True
0.0,0.0,0.05,0.0,0.0002914602156805,1677,34,False,False,808,0.0350019931793212,{'reconciliation_state': 1},False,,key3_placeholder_reconciliation_0.05,2,reconciliation,0.05,placeholder,3,0.0026178010471204,True
0.0,0.0,0.05,0.0,0.0,1677,34,True,True,0,0.0357322692871093,{},False,,key3_placeholder_reconciliation_0.05,3,reconciliation,0.05,placeholder,3,0.0026178010471204,False
0.0,0.0,0.05,0.0,0.0002914602156805,1677,34,False,False,868,0.0342414379119873,{'reconciliation_state': 1},False,,key3_placeholder_reconciliation_0.05,4,reconciliation,0.05,placeholder,3,0.0026178010471204,True
0.0,0.0,0.05,0.0,0.0011658408627222,1677,34,False,False,865,0.0370433330535888,{'reconciliation_state': 4},False,,key3_placeholder_reconciliation_0.05,5,reconciliation,0.05,placeholder,3,0.0026178010471204,True
0.0,0.0,0.05,0.0,0.0005829204313611,1677,34,False,False,836,0.0368983745574951,{'reconciliation_state': 2},False,,key3_placeholder_reconciliation_0.05,6,reconciliation,0.05,placeholder,3,0.0026178010471204,True
0.0,0.0,0.05,0.0,0.0002914602156805,1677,34,False,False,850,0.0309367179870605,{'reconciliation_state': 1},False,,key3_placeholder_reconciliation_0.05,7,reconciliation,0.05,placeholder,3,0.0026178010471204,True
0.0,0.0,0.05,0.0,0.0005829204313611,1677,34,False,False,841,0.0331528186798095,{'reconciliation_state': 2},False,,key3_placeholder_reconciliation_0.05,8,reconciliation,0.05,placeholder,3,0.0026178010471204,True
0.0,0.0,0.05,0.0,0.0008743806470416,1677,34,False,False,818,0.0330526828765869,{'reconciliation_state': 3},False,,key3_placeholder_reconciliation_0.05,9,reconciliation,0.05,placeholder,3,0.0026178010471204,True
0.0,0.0,0.05,0.0,0.0008743806470416,1677,34,False,False,840,0.0390315055847168,{'reconciliation_state': 3},False,,key3_placeholder_reconciliation_0.05,10,reconciliation,0.05,placeholder,3,0.0026178010471204,True
0.0,0.0,0.05,0.0,0.0005829204313611,1677,34,False,False,846,0.0403976440429687,{'reconciliation_state': 2},False,,key3_placeholder_reconciliation_0.05,11,reconciliation,0.05,placeholder,3,0.0026178010471204,True
0.0,0.0,0.05,0.0,0.0005829204313611,1677,34,False,False,849,0.0460433959960937,{'reconciliation_state': 2},False,,key3_placeholder_reconciliation_0.05,12,reconciliation,0.05,placeholder,3,0.0026178010471204,True
0.0,0.0,0.05,0.0,0.0,1677,34,True,True,0,0.0310440063476562,{},False,,key3_placeholder_reconciliation_0.05,13,reconciliation,0.05,placeholder,3,0.0026178010471204,False
0.0,0.0,0.05,0.0,0.0011658408627222,1677,34,False,False,828,0.0347602367401123,{'reconciliation_state': 2},False,,key3_placeholder_reconciliation_0.05,14,reconciliation,0.05,placeholder,3,0.0026178010471204,True
0.0,0.0,0.05,0.0,0.0005829204313611,1677,34,False,False,833,0.0401985645294189,{'reconciliation_state': 2},False,,key3_placeholder_reconciliation_0.05,15,reconciliation,0.05,placeholder,3,0.0026178010471204,True
0.0,0.0,0.05,0.0,0.0008743806470416,1677,34,False,False,889,0.0384910106658935,{'reconciliation_state': 3},False,,key3_placeholder_reconciliation_0.05,16,reconciliation,0.05,placeholder,3,0.0026178010471204,True
0.0,0.0,0.05,0.0,0.0011658408627222,1677,34,False,False,847,0.0339701175689697,{'reconciliation_state': 3},False,,key3_placeholder_reconciliation_0.05,17,reconciliation,0.05,placeholder,3,0.0026178010471204,True
0.0,0.0,0.05,0.0,0.0005829204313611,1677,34,False,False,830,0.0392489433288574,{'reconciliation_state': 2},False,,key3_placeholder_reconciliation_0.05,18,reconciliation,0.05,placeholder,3,0.0026178010471204,True
0.0,0.0,0.05,0.0,0.0002914602156805,1677,34,False,False,843,0.0439100265502929,{'reconciliation_state': 1},False,,key3_placeholder_reconciliation_0.05,19,reconciliation,0.05,placeholder,3,0.0026178010471204,True
0.0,0.0,0.03,0.0,0.0002914602156805,1677,34,False,False,830,0.033675193786621,{'reconciliation_state': 1},False,,key3_placeholder_reconciliation_0.03,0,reconciliation,0.03,placeholder,3,0.0026178010471204,True
0.0,0.0,0.03,0.0,0.0,1677,34,True,True,0,0.0366127490997314,{},False,,key3_placeholder_reconciliation_0.03,1,reconciliation,0.03,placeholder,3,0.0026178010471204,False
0.0,0.0,0.03,0.0,0.0002914602156805,1677,34,False,False,807,0.0386102199554443,{'reconciliation_state': 1},False,,key3_placeholder_reconciliation_0.03,2,reconciliation,0.03,placeholder,3,0.0026178010471204,True
0.0,0.0,0.03,0.0,0.0,1677,34,True,True,0,0.0324549674987793,{},False,,key3_placeholder_reconciliation_0.03,3,reconciliation,0.03,placeholder,3,0.0026178010471204,False
0.0,0.0,0.03,0.0,0.0002914602156805,1677,34,False,False,804,0.0355632305145263,{'reconciliation_state': 1},False,,key3_placeholder_reconciliation_0.03,4,reconciliation,0.03,placeholder,3,0.0026178010471204,True
0.0,0.0,0.03,0.0,0.0005829204313611,1677,34,False,False,868,0.0362594127655029,{'reconciliation_state': 2},False,,key3_placeholder_reconciliation_0.03,5,reconciliation,0.03,placeholder,3,0.0026178010471204,True
0.0,0.0,0.03,0.0,0.0002914602156805,1677,34,False,False,846,0.0417087078094482,{'reconciliation_state': 1},False,,key3_placeholder_reconciliation_0.03,6,reconciliation,0.03,placeholder,3,0.0026178010471204,True
0.0,0.0,0.03,0.0,0.0,1677,34,True,True,0,0.0292515754699707,{},False,,key3_placeholder_reconciliation_0.03,7,reconciliation,0.03,placeholder,3,0.0026178010471204,False
0.0,0.0,0.03,0.0,0.0005829204313611,1677,34,False,False,850,0.0356571674346923,{'reconciliation_state': 2},False,,key3_placeholder_reconciliation_0.03,8,reconciliation,0.03,placeholder,3,0.0026178010471204,True
0.0,0.0,0.03,0.0,0.0005829204313611,1677,34,False,False,865,0.0325114727020263,{'reconciliation_state': 2},False,,key3_placeholder_reconciliation_0.03,9,reconciliation,0.03,placeholder,3,0.0026178010471204,True
0.0,0.0,0.03,0.0,0.0002914602156805,1677,34,False,False,849,0.0422649383544921,{'reconciliation_state': 1},False,,key3_placeholder_reconciliation_0.03,10,reconciliation,0.03,placeholder,3,0.0026178010471204,True
0.0,0.0,0.03,0.0,0.0002914602156805,1677,34,False,False,829,0.0379328727722168,{'reconciliation_state': 1},False,,key3_placeholder_reconciliation_0.03,11,reconciliation,0.03,placeholder,3,0.0026178010471204,True
0.0,0.0,0.03,0.0,0.0002914602156805,1677,34,False,False,821,0.0353763103485107,{'reconciliation_state': 1},False,,key3_placeholder_reconciliation_0.03,12,reconciliation,0.03,placeholder,3,0.0026178010471204,True
0.0,0.0,0.03,0.0,0.0,1677,34,True,True,0,0.034391164779663,{},False,,key3_placeholder_reconciliation_0.03,13,reconciliation,0.03,placeholder,3,0.0026178010471204,False
0.0,0.0,0.03,0.0,0.0002914602156805,1677,34,False,False,828,0.0505282878875732,{'reconciliation_state': 1},False,,key3_placeholder_reconciliation_0.03,14,reconciliation,0.03,placeholder,3,0.0026178010471204,True
0.0,0.0,0.03,0.0,0.0005829204313611,1677,34,False,False,834,0.0545012950897216,{'reconciliation_state': 2},False,,key3_placeholder_reconciliation_0.03,15,reconciliation,0.03,placeholder,3,0.0026178010471204,True
0.0,0.0,0.03,0.0,0.0008743806470416,1677,34,False,False,814,0.0596723556518554,{'reconciliation_state': 3},False,,key3_placeholder_reconciliation_0.03,16,reconciliation,0.03,placeholder,3,0.0026178010471204,True
0.0,0.0,0.03,0.0,0.0011658408627222,1677,34,False,False,836,0.0365047454833984,{'reconciliation_state': 3},False,,key3_placeholder_reconciliation_0.03,17,reconciliation,0.03,placeholder,3,0.0026178010471204,True
0.0,0.0,0.03,0.0,0.0005829204313611,1677,34,False,False,829,0.0546200275421142,{'reconciliation_state': 2},False,,key3_placeholder_reconciliation_0.03,18,reconciliation,0.03,placeholder,3,0.0026178010471204,True
0.0,0.0,0.03,0.0,0.0002914602156805,1677,34,False,False,888,0.0401158332824707,{'reconciliation_state': 1},False,,key3_placeholder_reconciliation_0.03,19,reconciliation,0.03,placeholder,3,0.0026178010471204,True
0.0,0.0,0.01,0.0,0.0,1677,34,True,True,0,0.038722276687622,{},False,,key3_placeholder_reconciliation_0.01,0,reconciliation,0.01,placeholder,3,0.0026178010471204,False
0.0,0.0,0.01,0.0,0.0,1677,34,True,True,0,0.0310864448547363,{},False,,key3_placeholder_reconciliation_0.01,1,reconciliation,0.01,placeholder,3,0.0026178010471204,False
0.0,0.0,0.01,0.0,0.0002914602156805,1677,34,False,False,832,0.0477561950683593,{'reconciliation_state': 1},False,,key3_placeholder_reconciliation_0.01,2,reconciliation,0.01,placeholder,3,0.0026178010471204,True
0.0,0.0,0.01,0.0,0.0,1677,34,True,True,0,0.0350067615509033,{},False,,key3_placeholder_reconciliation_0.01,3,reconciliation,0.01,placeholder,3,0.0026178010471204,False
0.0,0.0,0.01,0.0,0.0,1677,34,True,True,0,0.0746169090270996,{},False,,key3_placeholder_reconciliation_0.01,4,reconciliation,0.01,placeholder,3,0.0026178010471204,False
0.0,0.0,0.01,0.0,0.0,1677,34,True,True,0,0.0381298065185546,{},False,,key3_placeholder_reconciliation_0.01,5,reconciliation,0.01,placeholder,3,0.0026178010471204,False
0.0,0.0,0.01,0.0,0.0005829204313611,1677,34,False,False,814,0.0294866561889648,{},False,,key3_placeholder_reconciliation_0.01,6,reconciliation,0.01,placeholder,3,0.0026178010471204,True
0.0,0.0,0.01,0.0,0.0,1677,34,True,True,0,0.02811861038208,{},False,,key3_placeholder_reconciliation_0.01,7,reconciliation,0.01,placeholder,3,0.0026178010471204,False
0.0,0.0,0.01,0.0,0.0002914602156805,1677,34,False,False,842,0.045900821685791,{'reconciliation_state': 1},False,,key3_placeholder_reconciliation_0.01,8,reconciliation,0.01,placeholder,3,0.0026178010471204,True
0.0,0.0,0.01,0.0,0.0,1677,34,True,True,0,0.0372710227966308,{},False,,key3_placeholder_reconciliation_0.01,9,reconciliation,0.01,placeholder,3,0.0026178010471204,False
0.0,0.0,0.01,0.0,0.0,1677,34,True,True,0,0.0476689338684082,{},False,,key3_placeholder_reconciliation_0.01,10,reconciliation,0.01,placeholder,3,0.0026178010471204,False
0.0,0.0,0.01,0.0,0.0,1677,34,True,True,0,0.0407209396362304,{},False,,key3_placeholder_reconciliation_0.01,11,reconciliation,0.01,placeholder,3,0.0026178010471204,False
0.0,0.0,0.01,0.0,0.0,1677,34,True,True,0,0.0338234901428222,{},False,,key3_placeholder_reconciliation_0.01,12,reconciliation,0.01,placeholder,3,0.0026178010471204,False
0.0,0.0,0.01,0.0,0.0,1677,34,True,True,0,0.0405621528625488,{},False,,key3_placeholder_reconciliation_0.01,13,reconciliation,0.01,placeholder,3,0.0026178010471204,False
0.0,0.0,0.01,0.0,0.0002914602156805,1677,34,False,False,817,0.0535800457000732,{'reconciliation_state': 1},False,,key3_placeholder_reconciliation_0.01,14,reconciliation,0.01,placeholder,3,0.0026178010471204,True
0.0,0.0,0.01,0.0,0.0002914602156805,1677,34,False,False,866,0.0452833175659179,{'reconciliation_state': 1},False,,key3_placeholder_reconciliation_0.01,15,reconciliation,0.01,placeholder,3,0.0026178010471204,True
0.0,0.0,0.01,0.0,0.0002914602156805,1677,34,False,False,851,0.0378639698028564,{'reconciliation_state': 1},False,,key3_placeholder_reconciliation_0.01,16,reconciliation,0.01,placeholder,3,0.0026178010471204,True
0.0,0.0,0.01,0.0,0.0,1677,34,True,True,0,0.0295391082763671,{},False,,key3_placeholder_reconciliation_0.01,17,reconciliation,0.01,placeholder,3,0.0026178010471204,False
0.0,0.0,0.01,0.0,0.0,1677,34,True,True,0,0.0329852104187011,{},False,,key3_placeholder_reconciliation_0.01,18,reconciliation,0.01,placeholder,3,0.0026178010471204,False
0.0,0.0,0.01,0.0,0.0,1677,34,True,True,0,0.0505306720733642,{},False,,key3_placeholder_reconciliation_0.01,19,reconciliation,0.01,placeholder,3,0.0026178010471204,False
0.0,0.0,0.003,0.0,0.0,1677,34,True,True,0,0.0411241054534912,{},False,,key3_placeholder_reconciliation_0.003,0,reconciliation,0.003,placeholder,3,0.0026178010471204,False
0.0,0.0,0.003,0.0,0.0,1677,34,True,True,0,0.0472712516784668,{},False,,key3_placeholder_reconciliation_0.003,1,reconciliation,0.003,placeholder,3,0.0026178010471204,False
0.0,0.0,0.003,0.0,0.0,1677,34,True,True,0,0.0294415950775146,{},False,,key3_placeholder_reconciliation_0.003,2,reconciliation,0.003,placeholder,3,0.0026178010471204,False
0.0,0.0,0.003,0.0,0.0,1677,34,True,True,0,0.0343189239501953,{},False,,key3_placeholder_reconciliation_0.003,3,reconciliation,0.003,placeholder,3,0.0026178010471204,False
0.0,0.0,0.003,0.0,0.0,1677,34,True,True,0,0.0410304069519043,{},False,,key3_placeholder_reconciliation_0.003,4,reconciliation,0.003,placeholder,3,0.0026178010471204,False
0.0,0.0,0.003,0.0,0.0,1677,34,True,True,0,0.0295054912567138,{},False,,key3_placeholder_reconciliation_0.003,5,reconciliation,0.003,placeholder,3,0.0026178010471204,False
0.0,0.0,0.003,0.0,0.0005829204313611,1677,34,False,False,858,0.0291011333465576,{},False,,key3_placeholder_reconciliation_0.003,6,reconciliation,0.003,placeholder,3,0.0026178010471204,True
0.0,0.0,0.003,0.0,0.0,1677,34,True,True,0,0.0336599349975585,{},False,,key3_placeholder_reconciliation_0.003,7,reconciliation,0.003,placeholder,3,0.0026178010471204,False
0.0,0.0,0.003,0.0,0.0017487612940833,1677,34,False,False,813,0.0271942615509033,{},False,,key3_placeholder_reconciliation_0.003,8,reconciliation,0.003,placeholder,3,0.0026178010471204,True
0.0,0.0,0.003,0.0,0.0,1677,34,True,True,0,0.0631232261657714,{},False,,key3_placeholder_reconciliation_0.003,9,reconciliation,0.003,placeholder,3,0.0026178010471204,False
0.0,0.0,0.003,0.0,0.0,1677,34,True,True,0,0.0376563072204589,{},False,,key3_placeholder_reconciliation_0.003,10,reconciliation,0.003,placeholder,3,0.0026178010471204,False
0.0,0.0,0.003,0.0,0.0,1677,34,True,True,0,0.0341911315917968,{},False,,key3_placeholder_reconciliation_0.003,11,reconciliation,0.003,placeholder,3,0.0026178010471204,False
0.0,0.0,0.003,0.0,0.0,1677,34,True,True,0,0.0299456119537353,{},False,,key3_placeholder_reconciliation_0.003,12,reconciliation,0.003,placeholder,3,0.0026178010471204,False
0.0,0.0,0.003,0.0,0.0,1677,34,True,True,0,0.0304384231567382,{},False,,key3_placeholder_reconciliation_0.003,13,reconciliation,0.003,placeholder,3,0.0026178010471204,False
0.0,0.0,0.003,0.0,0.0023316817254444,1677,34,False,False,859,0.0260591506958007,{},False,,key3_placeholder_reconciliation_0.003,14,reconciliation,0.003,placeholder,3,0.0026178010471204,True
0.0,0.0,0.003,0.0,0.0,1677,34,True,True,0,0.0336956977844238,{},False,,key3_placeholder_reconciliation_0.003,15,reconciliation,0.003,placeholder,3,0.0026178010471204,False
0.0,0.0,0.003,0.0,0.0002914602156805,1677,34,False,False,844,0.0367119312286376,{'reconciliation_state': 1},False,,key3_placeholder_reconciliation_0.003,16,reconciliation,0.003,placeholder,3,0.0026178010471204,True
0.0,0.0,0.003,0.0,0.0,1677,34,True,True,0,0.0274741649627685,{},False,,key3_placeholder_reconciliation_0.003,17,reconciliation,0.003,placeholder,3,0.0026178010471204,False
0.0,0.0,0.003,0.0,0.0,1677,34,True,True,0,0.0322427749633789,{},False,,key3_placeholder_reconciliation_0.003,18,reconciliation,0.003,placeholder,3,0.0026178010471204,False
0.0,0.0,0.003,0.0,0.0,1677,34,True,True,0,0.031343936920166,{},False,,key3_placeholder_reconciliation_0.003,19,reconciliation,0.003,placeholder,3,0.0026178010471204,False
0.0,0.0,0.001,0.0,0.0,1677,34,True,True,0,0.0525977611541748,{},False,,key3_placeholder_reconciliation_0.001,0,reconciliation,0.001,placeholder,3,0.0026178010471204,False
0.0,0.0,0.001,0.0,0.0,1677,34,True,True,0,0.0301964282989501,{},False,,key3_placeholder_reconciliation_0.001,1,reconciliation,0.001,placeholder,3,0.0026178010471204,False
0.0,0.0,0.001,0.0,0.0,1677,34,True,True,0,0.0299849510192871,{},False,,key3_placeholder_reconciliation_0.001,2,reconciliation,0.001,placeholder,3,0.0026178010471204,False
0.0,0.0,0.001,0.0,0.0,1677,34,True,True,0,0.0316760540008544,{},False,,key3_placeholder_reconciliation_0.001,3,reconciliation,0.001,placeholder,3,0.0026178010471204,False
0.0,0.0,0.001,0.0,0.0,1677,34,True,True,0,0.0311019420623779,{},False,,key3_placeholder_reconciliation_0.001,4,reconciliation,0.001,placeholder,3,0.0026178010471204,False
0.0,0.0,0.001,0.0,0.0,1677,34,True,True,0,0.0290546417236328,{},False,,key3_placeholder_reconciliation_0.001,5,reconciliation,0.001,placeholder,3,0.0026178010471204,False
0.0,0.0,0.001,0.0,0.0005829204313611,1677,34,False,False,872,0.0286576747894287,{},False,,key3_placeholder_reconciliation_0.001,6,reconciliation,0.001,placeholder,3,0.0026178010471204,True
0.0,0.0,0.001,0.0,0.0,1677,34,True,True,0,0.0293116569519042,{},False,,key3_placeholder_reconciliation_0.001,7,reconciliation,0.001,placeholder,3,0.0026178010471204,False
0.0,0.0,0.001,0.0,0.0017487612940833,1677,34,False,False,839,0.0254695415496826,{},False,,key3_placeholder_reconciliation_0.001,8,reconciliation,0.001,placeholder,3,0.0026178010471204,True
0.0,0.0,0.001,0.0,0.0,1677,34,True,True,0,0.0355098247528076,{},False,,key3_placeholder_reconciliation_0.001,9,reconciliation,0.001,placeholder,3,0.0026178010471204,False
0.0,0.0,0.001,0.0,0.0,1677,34,True,True,0,0.0384111404418945,{},False,,key3_placeholder_reconciliation_0.001,10,reconciliation,0.001,placeholder,3,0.0026178010471204,False
0.0,0.0,0.001,0.0,0.0,1677,34,True,True,0,0.0328285694122314,{},False,,key3_placeholder_reconciliation_0.001,11,reconciliation,0.001,placeholder,3,0.0026178010471204,False
0.0,0.0,0.001,0.0,0.0,1677,34,True,True,0,0.0302579402923584,{},False,,key3_placeholder_reconciliation_0.001,12,reconciliation,0.001,placeholder,3,0.0026178010471204,False
0.0,0.0,0.001,0.0,0.0,1677,34,True,True,0,0.0291261672973632,{},False,,key3_placeholder_reconciliation_0.001,13,reconciliation,0.001,placeholder,3,0.0026178010471204,False
0.0,0.0,0.001,0.0,0.0023316817254444,1677,34,False,False,852,0.0269720554351806,{},False,,key3_placeholder_reconciliation_0.001,14,reconciliation,0.001,placeholder,3,0.0026178010471204,True
0.0,0.0,0.001,0.0,0.0,1677,34,True,True,0,0.030313491821289,{},False,,key3_placeholder_reconciliation_0.001,15,reconciliation,0.001,placeholder,3,0.0026178010471204,False
0.0,0.0,0.001,0.0,0.0,1677,34,True,True,0,0.0351169109344482,{},False,,key3_placeholder_reconciliation_0.001,16,reconciliation,0.001,placeholder,3,0.0026178010471204,False
0.0,0.0,0.001,0.0,0.0,1677,34,True,True,0,0.0269227027893066,{},False,,key3_placeholder_reconciliation_0.001,17,reconciliation,0.001,placeholder,3,0.0026178010471204,False
0.0,0.0,0.001,0.0,0.0,1677,34,True,True,0,0.0334854125976562,{},False,,key3_placeholder_reconciliation_0.001,18,reconciliation,0.001,placeholder,3,0.0026178010471204,False
0.0,0.0,0.001,0.0,0.0,1677,34,True,True,0,0.0362384319305419,{},False,,key3_placeholder_reconciliation_0.001,19,reconciliation,0.001,placeholder,3,0.0026178010471204,False
0.5,0.0,0.0,0.0,0.0,3131,34,True,False,1,0.0240521430969238,{'toeplitz_matrix': 1},False,,key4_asymptotic_toeplitz_0.5,0,toeplitz,0.5,asymptotic,4,0.0051948051948051,True
0.5,0.0,0.0,0.0,0.0,3131,34,True,True,0,0.02541184425354,{},False,,key4_asymptotic_toeplitz_0.5,1,toeplitz,0.5,asymptotic,4,0.0051948051948051,False
0.5,0.0,0.0,0.0,0.0,3131,34,True,True,0,0.0321047306060791,{},False,,key4_asymptotic_toeplitz_0.5,2,toeplitz,0.5,asymptotic,4,0.0051948051948051,False
0.5,0.0,0.0,0.0,0.0,3131,34,True,True,0,0.0241541862487792,{},False,,key4_asymptotic_toeplitz_0.5,3,toeplitz,0.5,asymptotic,4,0.0051948051948051,False
0.5,0.0,0.0,0.0,0.0,3131,34,True,True,0,0.0245583057403564,{},False,,key4_asymptotic_toeplitz_0.5,4,toeplitz,0.5,asymptotic,4,0.0051948051948051,False
0.5,0.0,0.0,0.0,0.0,3131,34,True,True,0,0.0273537635803222,{},False,,key4_asymptotic_toeplitz_0.5,5,toeplitz,0.5,asymptotic,4,0.0051948051948051,False
0.5,0.0,0.0,0.0,0.0,3131,34,True,True,0,0.0246007442474365,{'toeplitz_matrix': 1},False,,key4_asymptotic_toeplitz_0.5,6,toeplitz,0.5,asymptotic,4,0.0051948051948051,False
0.5,0.0,0.0,0.0,0.0,3131,34,True,False,1,0.0249264240264892,{'toeplitz_matrix': 1},False,,key4_asymptotic_toeplitz_0.5,7,toeplitz,0.5,asymptotic,4,0.0051948051948051,True
0.5,0.0,0.0,0.0,0.0,3131,34,True,True,0,0.0241415500640869,{},False,,key4_asymptotic_toeplitz_0.5,8,toeplitz,0.5,asymptotic,4,0.0051948051948051,False
0.5,0.0,0.0,0.0,0.0,3131,34,True,False,1,0.0263848304748535,{'toeplitz_matrix': 1},False,,key4_asymptotic_toeplitz_0.5,9,toeplitz,0.5,asymptotic,4,0.0051948051948051,True
0.5,0.0,0.0,0.0,0.0,3131,34,True,False,1,0.0280091762542724,{'toeplitz_matrix': 1},False,,key4_asymptotic_toeplitz_0.5,10,toeplitz,0.5,asymptotic,4,0.0051948051948051,True
0.5,0.0,0.0,0.0,0.0,3131,34,True,True,0,0.0265123844146728,{},False,,key4_asymptotic_toeplitz_0.5,11,toeplitz,0.5,asymptotic,4,0.0051948051948051,False
0.5,0.0,0.0,0.0,0.0,3131,34,True,True,0,0.0239794254302978,{},False,,key4_asymptotic_toeplitz_0.5,12,toeplitz,0.5,asymptotic,4,0.0051948051948051,False
0.5,0.0,0.0,0.0,0.0,3131,34,True,True,0,0.0347864627838134,{},False,,key4_asymptotic_toeplitz_0.5,13,toeplitz,0.5,asymptotic,4,0.0051948051948051,False
0.5,0.0,0.0,0.0,0.0005787037037037,3131,34,False,False,1554,0.0249042510986328,{'toeplitz_matrix': 1},False,,key4_asymptotic_toeplitz_0.5,14,toeplitz,0.5,asymptotic,4,0.0051948051948051,True
0.5,0.0,0.0,0.0,0.0,3131,34,True,True,0,0.0277018547058105,{'toeplitz_matrix': 1},False,,key4_asymptotic_toeplitz_0.5,15,toeplitz,0.5,asymptotic,4,0.0051948051948051,False
0.5,0.0,0.0,0.0,0.0,3131,34,True,True,0,0.0293352603912353,{},False,,key4_asymptotic_toeplitz_0.5,16,toeplitz,0.5,asymptotic,4,0.0051948051948051,False
0.5,0.0,0.0,0.0,0.0,3131,34,True,True,0,0.0250031948089599,{},False,,key4_asymptotic_toeplitz_0.5,17,toeplitz,0.5,asymptotic,4,0.0051948051948051,False
0.5,0.0,0.0,0.0,0.0,3131,34,True,True,0,0.0258569717407226,{},False,,key4_asymptotic_toeplitz_0.5,18,toeplitz,0.5,asymptotic,4,0.0051948051948051,False
0.5,0.0,0.0,0.0,0.0,3131,34,True,False,1,0.0259418487548828,{'toeplitz_matrix': 1},False,,key4_asymptotic_toeplitz_0.5,19,toeplitz,0.5,asymptotic,4,0.0051948051948051,True
0.3,0.0,0.0,0.0,0.0,3131,34,True,False,1,0.0238668918609619,{'toeplitz_matrix': 1},False,,key4_asymptotic_toeplitz_0.3,0,toeplitz,0.3,asymptotic,4,0.0051948051948051,True
0.3,0.0,0.0,0.0,0.0,3131,34,True,True,0,0.0239033699035644,{},False,,key4_asymptotic_toeplitz_0.3,1,toeplitz,0.3,asymptotic,4,0.0051948051948051,False
0.3,0.0,0.0,0.0,0.0,3131,34,True,True,0,0.0279047489166259,{},False,,key4_asymptotic_toeplitz_0.3,2,toeplitz,0.3,asymptotic,4,0.0051948051948051,False
0.3,0.0,0.0,0.0,0.0,3131,34,True,True,0,0.0232825279235839,{},False,,key4_asymptotic_toeplitz_0.3,3,toeplitz,0.3,asymptotic,4,0.0051948051948051,False
0.3,0.0,0.0,0.0,0.0,3131,34,True,True,0,0.0247955322265625,{},False,,key4_asymptotic_toeplitz_0.3,4,toeplitz,0.3,asymptotic,4,0.0051948051948051,False
0.3,0.0,0.0,0.0,0.0,3131,34,True,True,0,0.0292487144470214,{},False,,key4_asymptotic_toeplitz_0.3,5,toeplitz,0.3,asymptotic,4,0.0051948051948051,False
0.3,0.0,0.0,0.0,0.0,3131,34,True,True,0,0.024489402770996,{'toeplitz_matrix': 1},False,,key4_asymptotic_toeplitz_0.3,6,toeplitz,0.3,asymptotic,4,0.0051948051948051,False
0.3,0.0,0.0,0.0,0.0,3131,34,True,False,1,0.023961067199707,{'toeplitz_matrix': 1},False,,key4_asymptotic_toeplitz_0.3,7,toeplitz,0.3,asymptotic,4,0.0051948051948051,True
0.3,0.0,0.0,0.0,0.0,3131,34,True,True,0,0.0235836505889892,{},False,,key4_asymptotic_toeplitz_0.3,8,toeplitz,0.3,asymptotic,4,0.0051948051948051,False
0.3,0.0,0.0,0.0,0.0,3131,34,True,False,1,0.0240638256072998,{'toeplitz_matrix': 1},False,,key4_asymptotic_toeplitz_0.3,9,toeplitz,0.3,asymptotic,4,0.0051948051948051,True
0.3,0.0,0.0,0.0,0.0,3131,34,True,False,1,0.0277037620544433,{'toeplitz_matrix': 1},False,,key4_asymptotic_toeplitz_0.3,10,toeplitz,0.3,asymptotic,4,0.0051948051948051,True
0.3,0.0,0.0,0.0,0.0,3131,34,True,True,0,0.0234441757202148,{},False,,key4_asymptotic_toeplitz_0.3,11,toeplitz,0.3,asymptotic,4,0.0051948051948051,False
0.3,0.0,0.0,0.0,0.0,3131,34,True,True,0,0.0237011909484863,{},False,,key4_asymptotic_toeplitz_0.3,12,toeplitz,0.3,asymptotic,4,0.0051948051948051,False
0.3,0.0,0.0,0.0,0.0,3131,34,True,True,0,0.02679443359375,{},False,,key4_asymptotic_toeplitz_0.3,13,toeplitz,0.3,asymptotic,4,0.0051948051948051,False
0.3,0.0,0.0,0.0,0.0005787037037037,3131,34,False,False,1543,0.0252242088317871,{},False,,key4_asymptotic_toeplitz_0.3,14,toeplitz,0.3,asymptotic,4,0.0051948051948051,True
0.3,0.0,0.0,0.0,0.0,3131,34,True,True,0,0.0273644924163818,{'toeplitz_matrix': 1},False,,key4_asymptotic_toeplitz_0.3,15,toeplitz,0.3,asymptotic,4,0.0051948051948051,False
0.3,0.0,0.0,0.0,0.0,3131,34,True,True,0,0.0274949073791503,{},False,,key4_asymptotic_toeplitz_0.3,16,toeplitz,0.3,asymptotic,4,0.0051948051948051,False
0.3,0.0,0.0,0.0,0.0,3131,34,True,True,0,0.0285398960113525,{},False,,key4_asymptotic_toeplitz_0.3,17,toeplitz,0.3,asymptotic,4,0.0051948051948051,False
0.3,0.0,0.0,0.0,0.0,3131,34,True,True,0,0.0253007411956787,{},False,,key4_asymptotic_toeplitz_0.3,18,toeplitz,0.3,asymptotic,4,0.0051948051948051,False
0.3,0.0,0.0,0.0,0.0,3131,34,True,True,0,0.0254383087158203,{},False,,key4_asymptotic_toeplitz_0.3,19,toeplitz,0.3,asymptotic,4,0.0051948051948051,False
0.1,0.0,0.0,0.0,0.0,3131,34,True,True,0,0.0269620418548584,{},False,,key4_asymptotic_toeplitz_0.1,0,toeplitz,0.1,asymptotic,4,0.0051948051948051,False
0.1,0.0,0.0,0.0,0.0,3131,34,True,True,0,0.0245802402496337,{},False,,key4_asymptotic_toeplitz_0.1,1,toeplitz,0.1,asymptotic,4,0.0051948051948051,False
0.1,0.0,0.0,0.0,0.0,3131,34,True,True,0,0.0294601917266845,{},False,,key4_asymptotic_toeplitz_0.1,2,toeplitz,0.1,asymptotic,4,0.0051948051948051,False
0.1,0.0,0.0,0.0,0.0,3131,34,True,True,0,0.0262870788574218,{},False,,key4_asymptotic_toeplitz_0.1,3,toeplitz,0.1,asymptotic,4,0.0051948051948051,False
0.1,0.0,0.0,0.0,0.0,3131,34,True,True,0,0.0286097526550292,{},False,,key4_asymptotic_toeplitz_0.1,4,toeplitz,0.1,asymptotic,4,0.0051948051948051,False
0.1,0.0,0.0,0.0,0.0,3131,34,True,True,0,0.0282187461853027,{},False,,key4_asymptotic_toeplitz_0.1,5,toeplitz,0.1,asymptotic,4,0.0051948051948051,False
0.1,0.0,0.0,0.0,0.0,3131,34,True,True,0,0.0258958339691162,{'toeplitz_matrix': 1},False,,key4_asymptotic_toeplitz_0.1,6,toeplitz,0.1,asymptotic,4,0.0051948051948051,False
0.1,0.0,0.0,0.0,0.0,3131,34,True,False,1,0.0237843990325927,{'toeplitz_matrix': 1},False,,key4_asymptotic_toeplitz_0.1,7,toeplitz,0.1,asymptotic,4,0.0051948051948051,True
0.1,0.0,0.0,0.0,0.0,3131,34,True,True,0,0.0237364768981933,{},False,,key4_asymptotic_toeplitz_0.1,8,toeplitz,0.1,asymptotic,4,0.0051948051948051,False
0.1,0.0,0.0,0.0,0.0,3131,34,True,False,1,0.0249178409576416,{'toeplitz_matrix': 1},False,,key4_asymptotic_toeplitz_0.1,9,toeplitz,0.1,asymptotic,4,0.0051948051948051,True
0.1,0.0,0.0,0.0,0.0,3131,34,True,True,0,0.0301034450531005,{},False,,key4_asymptotic_toeplitz_0.1,10,toeplitz,0.1,asymptotic,4,0.0051948051948051,False
0.1,0.0,0.0,0.0,0.0,3131,34,True,True,0,0.0243217945098876,{},False,,key4_asymptotic_toeplitz_0.1,11,toeplitz,0.1,asymptotic,4,0.0051948051948051,False
0.1,0.0,0.0,0.0,0.0,3131,34,True,True,0,0.0241835117340087,{},False,,key4_asymptotic_toeplitz_0.1,12,toeplitz,0.1,asymptotic,4,0.0051948051948051,False
0.1,0.0,0.0,0.0,0.0,3131,34,True,True,0,0.0271191596984863,{},False,,key4_asymptotic_toeplitz_0.1,13,toeplitz,0.1,asymptotic,4,0.0051948051948051,False
0.1,0.0,0.0,0.0,0.0005787037037037,3131,34,False,False,1531,0.0236585140228271,{},False,,key4_asymptotic_toeplitz_0.1,14,toeplitz,0.1,asymptotic,4,0.0051948051948051,True
0.1,0.0,0.0,0.0,0.0,3131,34,True,True,0,0.0294454097747802,{},False,,key4_asymptotic_toeplitz_0.1,15,toeplitz,0.1,asymptotic,4,0.0051948051948051,False
0.1,0.0,0.0,0.0,0.0,3131,34,True,True,0,0.0271389484405517,{},False,,key4_asymptotic_toeplitz_0.1,16,toeplitz,0.1,asymptotic,4,0.0051948051948051,False
0.1,0.0,0.0,0.0,0.0,3131,34,True,True,0,0.0230617523193359,{},False,,key4_asymptotic_toeplitz_0.1,17,toeplitz,0.1,asymptotic,4,0.0051948051948051,False
0.1,0.0,0.0,0.0,0.0,3131,34,True,True,0,0.0260603427886962,{},False,,key4_asymptotic_toeplitz_0.1,18,toeplitz,0.1,asymptotic,4,0.0051948051948051,False
0.1,0.0,0.0,0.0,0.0,3131,34,True,True,0,0.0263893604278564,{},False,,key4_asymptotic_toeplitz_0.1,19,toeplitz,0.1,asymptotic,4,0.0051948051948051,False
0.05,0.0,0.0,0.0,0.0,3131,34,True,True,0,0.0242693424224853,{},False,,key4_asymptotic_toeplitz_0.05,0,toeplitz,0.05,asymptotic,4,0.0051948051948051,False
0.05,0.0,0.0,0.0,0.0,3131,34,True,True,0,0.0233187675476074,{},False,,key4_asymptotic_toeplitz_0.05,1,toeplitz,0.05,asymptotic,4,0.0051948051948051,False
0.05,0.0,0.0,0.0,0.0,3131,34,True,True,0,0.0278851985931396,{},False,,key4_asymptotic_toeplitz_0.05,2,toeplitz,0.05,asymptotic,4,0.0051948051948051,False
0.05,0.0,0.0,0.0,0.0,3131,34,True,True,0,0.0238823890686035,{},False,,key4_asymptotic_toeplitz_0.05,3,toeplitz,0.05,asymptotic,4,0.0051948051948051,False
0.05,0.0,0.0,0.0,0.0,3131,34,True,True,0,0.0249030590057373,{},False,,key4_asymptotic_toeplitz_0.05,4,toeplitz,0.05,asymptotic,4,0.0051948051948051,False
0.05,0.0,0.0,0.0,0.0,3131,34,True,True,0,0.0282437801361084,{},False,,key4_asymptotic_toeplitz_0.05,5,toeplitz,0.05,asymptotic,4,0.0051948051948051,False
0.05,0.0,0.0,0.0,0.0,3131,34,True,True,0,0.0256099700927734,{'toeplitz_matrix': 1},False,,key4_asymptotic_toeplitz_0.05,6,toeplitz,0.05,asymptotic,4,0.0051948051948051,False
0.05,0.0,0.0,0.0,0.0,3131,34,True,False,1,0.0249369144439697,{'toeplitz_matrix': 1},False,,key4_asymptotic_toeplitz_0.05,7,toeplitz,0.05,asymptotic,4,0.0051948051948051,True
0.05,0.0,0.0,0.0,0.0,3131,34,True,True,0,0.0255959033966064,{},False,,key4_asymptotic_toeplitz_0.05,8,toeplitz,0.05,asymptotic,4,0.0051948051948051,False
0.05,0.0,0.0,0.0,0.0,3131,34,True,False,1,0.0247645378112792,{'toeplitz_matrix': 1},False,,key4_asymptotic_toeplitz_0.05,9,toeplitz,0.05,asymptotic,4,0.0051948051948051,True
0.05,0.0,0.0,0.0,0.0,3131,34,True,True,0,0.027266502380371,{},False,,key4_asymptotic_toeplitz_0.05,10,toeplitz,0.05,asymptotic,4,0.0051948051948051,False
0.05,0.0,0.0,0.0,0.0,3131,34,True,True,0,0.0241336822509765,{},False,,key4_asymptotic_toeplitz_0.05,11,toeplitz,0.05,asymptotic,4,0.0051948051948051,False
0.05,0.0,0.0,0.0,0.0,3131,34,True,True,0,0.0249197483062744,{},False,,key4_asymptotic_toeplitz_0.05,12,toeplitz,0.05,asymptotic,4,0.0051948051948051,False
0.05,0.0,0.0,0.0,0.0,3131,34,True,True,0,0.027937889099121,{},False,,key4_asymptotic_toeplitz_0.05,13,toeplitz,0.05,asymptotic,4,0.0051948051948051,False
0.05,0.0,0.0,0.0,0.0005787037037037,3131,34,False,False,1570,0.0256574153900146,{},False,,key4_asymptotic_toeplitz_0.05,14,toeplitz,0.05,asymptotic,4,0.0051948051948051,True
0.05,0.0,0.0,0.0,0.0,3131,34,True,True,0,0.0327010154724121,{},False,,key4_asymptotic_toeplitz_0.05,15,toeplitz,0.05,asymptotic,4,0.0051948051948051,False
0.05,0.0,0.0,0.0,0.0,3131,34,True,True,0,0.0276515483856201,{},False,,key4_asymptotic_toeplitz_0.05,16,toeplitz,0.05,asymptotic,4,0.0051948051948051,False
0.05,0.0,0.0,0.0,0.0,3131,34,True,True,0,0.0233690738677978,{},False,,key4_asymptotic_toeplitz_0.05,17,toeplitz,0.05,asymptotic,4,0.0051948051948051,False
0.05,0.0,0.0,0.0,0.0,3131,34,True,True,0,0.0251557826995849,{},False,,key4_asymptotic_toeplitz_0.05,18,toeplitz,0.05,asymptotic,4,0.0051948051948051,False
0.05,0.0,0.0,0.0,0.0,3131,34,True,True,0,0.0262064933776855,{},False,,key4_asymptotic_toeplitz_0.05,19,toeplitz,0.05,asymptotic,4,0.0051948051948051,False
0.03,0.0,0.0,0.0,0.0,3131,34,True,True,0,0.0245771408081054,{},False,,key4_asymptotic_toeplitz_0.03,0,toeplitz,0.03,asymptotic,4,0.0051948051948051,False
0.03,0.0,0.0,0.0,0.0,3131,34,True,True,0,0.0274662971496582,{},False,,key4_asymptotic_toeplitz_0.03,1,toeplitz,0.03,asymptotic,4,0.0051948051948051,False
0.03,0.0,0.0,0.0,0.0,3131,34,True,True,0,0.029811143875122,{},False,,key4_asymptotic_toeplitz_0.03,2,toeplitz,0.03,asymptotic,4,0.0051948051948051,False
0.03,0.0,0.0,0.0,0.0,3131,34,True,True,0,0.024198293685913,{},False,,key4_asymptotic_toeplitz_0.03,3,toeplitz,0.03,asymptotic,4,0.0051948051948051,False
0.03,0.0,0.0,0.0,0.0,3131,34,True,True,0,0.025048017501831,{},False,,key4_asymptotic_toeplitz_0.03,4,toeplitz,0.03,asymptotic,4,0.0051948051948051,False
0.03,0.0,0.0,0.0,0.0,3131,34,True,True,0,0.0274415016174316,{},False,,key4_asymptotic_toeplitz_0.03,5,toeplitz,0.03,asymptotic,4,0.0051948051948051,False
0.03,0.0,0.0,0.0,0.0,3131,34,True,True,0,0.0233664512634277,{},False,,key4_asymptotic_toeplitz_0.03,6,toeplitz,0.03,asymptotic,4,0.0051948051948051,False
0.03,0.0,0.0,0.0,0.0,3131,34,True,True,0,0.0249762535095214,{},False,,key4_asymptotic_toeplitz_0.03,7,toeplitz,0.03,asymptotic,4,0.0051948051948051,False
0.03,0.0,0.0,0.0,0.0,3131,34,True,True,0,0.0243964195251464,{},False,,key4_asymptotic_toeplitz_0.03,8,toeplitz,0.03,asymptotic,4,0.0051948051948051,False
0.03,0.0,0.0,0.0,0.0,3131,34,True,True,0,0.0243737697601318,{},False,,key4_asymptotic_toeplitz_0.03,9,toeplitz,0.03,asymptotic,4,0.0051948051948051,False
0.03,0.0,0.0,0.0,0.0,3131,34,True,True,0,0.0288598537445068,{},False,,key4_asymptotic_toeplitz_0.03,10,toeplitz,0.03,asymptotic,4,0.0051948051948051,False
0.03,0.0,0.0,0.0,0.0,3131,34,True,True,0,0.0242013931274414,{},False,,key4_asymptotic_toeplitz_0.03,11,toeplitz,0.03,asymptotic,4,0.0051948051948051,False
0.03,0.0,0.0,0.0,0.0,3131,34,True,True,0,0.0245640277862548,{},False,,key4_asymptotic_toeplitz_0.03,12,toeplitz,0.03,asymptotic,4,0.0051948051948051,False
0.03,0.0,0.0,0.0,0.0,3131,34,True,True,0,0.0318257808685302,{},False,,key4_asymptotic_toeplitz_0.03,13,toeplitz,0.03,asymptotic,4,0.0051948051948051,False
0.03,0.0,0.0,0.0,0.0005787037037037,3131,34,False,False,1528,0.0232191085815429,{},False,,key4_asymptotic_toeplitz_0.03,14,toeplitz,0.03,asymptotic,4,0.0051948051948051,True
0.03,0.0,0.0,0.0,0.0,3131,34,True,True,0,0.0292277336120605,{},False,,key4_asymptotic_toeplitz_0.03,15,toeplitz,0.03,asymptotic,4,0.0051948051948051,False
0.03,0.0,0.0,0.0,0.0,3131,34,True,True,0,0.0270161628723144,{},False,,key4_asymptotic_toeplitz_0.03,16,toeplitz,0.03,asymptotic,4,0.0051948051948051,False
0.03,0.0,0.0,0.0,0.0,3131,34,True,True,0,0.0264365673065185,{},False,,key4_asymptotic_toeplitz_0.03,17,toeplitz,0.03,asymptotic,4,0.0051948051948051,False
0.03,0.0,0.0,0.0,0.0,3131,34,True,True,0,0.0250942707061767,{},False,,key4_asymptotic_toeplitz_0.03,18,toeplitz,0.03,asymptotic,4,0.0051948051948051,False
0.03,0.0,0.0,0.0,0.0,3131,34,True,True,0,0.0259809494018554,{},False,,key4_asymptotic_toeplitz_0.03,19,toeplitz,0.03,asymptotic,4,0.0051948051948051,False
0.01,0.0,0.0,0.0,0.0,3131,34,True,True,0,0.0246896743774414,{},False,,key4_asymptotic_toeplitz_0.01,0,toeplitz,0.01,asymptotic,4,0.0051948051948051,False
0.01,0.0,0.0,0.0,0.0,3131,34,True,True,0,0.0241081714630126,{},False,,key4_asymptotic_toeplitz_0.01,1,toeplitz,0.01,asymptotic,4,0.0051948051948051,False
0.01,0.0,0.0,0.0,0.0,3131,34,True,True,0,0.0273683071136474,{},False,,key4_asymptotic_toeplitz_0.01,2,toeplitz,0.01,asymptotic,4,0.0051948051948051,False
0.01,0.0,0.0,0.0,0.0,3131,34,True,True,0,0.0239889621734619,{},False,,key4_asymptotic_toeplitz_0.01,3,toeplitz,0.01,asymptotic,4,0.0051948051948051,False
0.01,0.0,0.0,0.0,0.0,3131,34,True,True,0,0.024524450302124,{},False,,key4_asymptotic_toeplitz_0.01,4,toeplitz,0.01,asymptotic,4,0.0051948051948051,False
0.01,0.0,0.0,0.0,0.0,3131,34,True,True,0,0.0283377170562744,{},False,,key4_asymptotic_toeplitz_0.01,5,toeplitz,0.01,asymptotic,4,0.0051948051948051,False
0.01,0.0,0.0,0.0,0.0,3131,34,True,True,0,0.0250017642974853,{},False,,key4_asymptotic_toeplitz_0.01,6,toeplitz,0.01,asymptotic,4,0.0051948051948051,False
0.01,0.0,0.0,0.0,0.0,3131,34,True,True,0,0.0240464210510253,{},False,,key4_asymptotic_toeplitz_0.01,7,toeplitz,0.01,asymptotic,4,0.0051948051948051,False
0.01,0.0,0.0,0.0,0.0,3131,34,True,True,0,0.0242326259613037,{},False,,key4_asymptotic_toeplitz_0.01,8,toeplitz,0.01,asymptotic,4,0.0051948051948051,False
0.01,0.0,0.0,0.0,0.0,3131,34,True,True,0,0.0245895385742187,{},False,,key4_asymptotic_toeplitz_0.01,9,toeplitz,0.01,asymptotic,4,0.0051948051948051,False
0.01,0.0,0.0,0.0,0.0,3131,34,True,True,0,0.0268886089324951,{},False,,key4_asymptotic_toeplitz_0.01,10,toeplitz,0.01,asymptotic,4,0.0051948051948051,False
0.01,0.0,0.0,0.0,0.0,3131,34,True,True,0,0.0233023166656494,{},False,,key4_asymptotic_toeplitz_0.01,11,toeplitz,0.01,asymptotic,4,0.0051948051948051,False
0.01,0.0,0.0,0.0,0.0,3131,34,True,True,0,0.024381399154663,{},False,,key4_asymptotic_toeplitz_0.01,12,toeplitz,0.01,asymptotic,4,0.0051948051948051,False
0.01,0.0,0.0,0.0,0.0,3131,34,True,True,0,0.0311589241027832,{},False,,key4_asymptotic_toeplitz_0.01,13,toeplitz,0.01,asymptotic,4,0.0051948051948051,False
0.01,0.0,0.0,0.0,0.0005787037037037,3131,34,False,False,1618,0.0285995006561279,{},False,,key4_asymptotic_toeplitz_0.01,14,toeplitz,0.01,asymptotic,4,0.0051948051948051,True
0.01,0.0,0.0,0.0,0.0,3131,34,True,True,0,0.0295109748840332,{},False,,key4_asymptotic_toeplitz_0.01,15,toeplitz,0.01,asymptotic,4,0.0051948051948051,False
0.01,0.0,0.0,0.0,0.0,3131,34,True,True,0,0.0277397632598876,{},False,,key4_asymptotic_toeplitz_0.01,16,toeplitz,0.01,asymptotic,4,0.0051948051948051,False
0.01,0.0,0.0,0.0,0.0,3131,34,True,True,0,0.0254604816436767,{},False,,key4_asymptotic_toeplitz_0.01,17,toeplitz,0.01,asymptotic,4,0.0051948051948051,False
0.01,0.0,0.0,0.0,0.0,3131,34,True,True,0,0.0255701541900634,{},False,,key4_asymptotic_toeplitz_0.01,18,toeplitz,0.01,asymptotic,4,0.0051948051948051,False
0.01,0.0,0.0,0.0,0.0,3131,34,True,True,0,0.0274634361267089,{},False,,key4_asymptotic_toeplitz_0.01,19,toeplitz,0.01,asymptotic,4,0.0051948051948051,False
0.003,0.0,0.0,0.0,0.0,3131,34,True,True,0,0.0250561237335205,{},False,,key4_asymptotic_toeplitz_0.003,0,toeplitz,0.003,asymptotic,4,0.0051948051948051,False
0.003,0.0,0.0,0.0,0.0,3131,34,True,True,0,0.0243895053863525,{},False,,key4_asymptotic_toeplitz_0.003,1,toeplitz,0.003,asymptotic,4,0.0051948051948051,False
0.003,0.0,0.0,0.0,0.0,3131,34,True,True,0,0.0302202701568603,{},False,,key4_asymptotic_toeplitz_0.003,2,toeplitz,0.003,asymptotic,4,0.0051948051948051,False
0.003,0.0,0.0,0.0,0.0,3131,34,True,True,0,0.0235717296600341,{},False,,key4_asymptotic_toeplitz_0.003,3,toeplitz,0.003,asymptotic,4,0.0051948051948051,False
0.003,0.0,0.0,0.0,0.0,3131,34,True,True,0,0.0257413387298584,{},False,,key4_asymptotic_toeplitz_0.003,4,toeplitz,0.003,asymptotic,4,0.0051948051948051,False
0.003,0.0,0.0,0.0,0.0,3131,34,True,True,0,0.0285038948059082,{},False,,key4_asymptotic_toeplitz_0.003,5,toeplitz,0.003,asymptotic,4,0.0051948051948051,False
0.003,0.0,0.0,0.0,0.0,3131,34,True,True,0,0.0258913040161132,{},False,,key4_asymptotic_toeplitz_0.003,6,toeplitz,0.003,asymptotic,4,0.0051948051948051,False
0.003,0.0,0.0,0.0,0.0,3131,34,True,True,0,0.0244696140289306,{},False,,key4_asymptotic_toeplitz_0.003,7,toeplitz,0.003,asymptotic,4,0.0051948051948051,False
0.003,0.0,0.0,0.0,0.0,3131,34,True,True,0,0.0244150161743164,{},False,,key4_asymptotic_toeplitz_0.003,8,toeplitz,0.003,asymptotic,4,0.0051948051948051,False
0.003,0.0,0.0,0.0,0.0,3131,34,True,True,0,0.0254836082458496,{},False,,key4_asymptotic_toeplitz_0.003,9,toeplitz,0.003,asymptotic,4,0.0051948051948051,False
0.003,0.0,0.0,0.0,0.0,3131,34,True,True,0,0.0279107093811035,{},False,,key4_asymptotic_toeplitz_0.003,10,toeplitz,0.003,asymptotic,4,0.0051948051948051,False
0.003,0.0,0.0,0.0,0.0,3131,34,True,True,0,0.0266518592834472,{},False,,key4_asymptotic_toeplitz_0.003,11,toeplitz,0.003,asymptotic,4,0.0051948051948051,False
0.003,0.0,0.0,0.0,0.0,3131,34,True,True,0,0.0237636566162109,{},False,,key4_asymptotic_toeplitz_0.003,12,toeplitz,0.003,asymptotic,4,0.0051948051948051,False
0.003,0.0,0.0,0.0,0.0,3131,34,True,True,0,0.0280325412750244,{},False,,key4_asymptotic_toeplitz_0.003,13,toeplitz,0.003,asymptotic,4,0.0051948051948051,False
0.003,0.0,0.0,0.0,0.0005787037037037,3131,34,False,False,1603,0.0234372615814209,{},False,,key4_asymptotic_toeplitz_0.003,14,toeplitz,0.003,asymptotic,4,0.0051948051948051,True
0.003,0.0,0.0,0.0,0.0,3131,34,True,True,0,0.0276179313659667,{},False,,key4_asymptotic_toeplitz_0.003,15,toeplitz,0.003,asymptotic,4,0.0051948051948051,False
0.003,0.0,0.0,0.0,0.0,3131,34,True,True,0,0.0267610549926757,{},False,,key4_asymptotic_toeplitz_0.003,16,toeplitz,0.003,asymptotic,4,0.0051948051948051,False
0.003,0.0,0.0,0.0,0.0,3131,34,True,True,0,0.0244722366333007,{},False,,key4_asymptotic_toeplitz_0.003,17,toeplitz,0.003,asymptotic,4,0.0051948051948051,False
0.003,0.0,0.0,0.0,0.0,3131,34,True,True,0,0.0252747535705566,{},False,,key4_asymptotic_toeplitz_0.003,18,toeplitz,0.003,asymptotic,4,0.0051948051948051,False
0.003,0.0,0.0,0.0,0.0,3131,34,True,True,0,0.0269215106964111,{},False,,key4_asymptotic_toeplitz_0.003,19,toeplitz,0.003,asymptotic,4,0.0051948051948051,False
0.001,0.0,0.0,0.0,0.0,3131,34,True,True,0,0.0238301753997802,{},False,,key4_asymptotic_toeplitz_0.001,0,toeplitz,0.001,asymptotic,4,0.0051948051948051,False
0.001,0.0,0.0,0.0,0.0,3131,34,True,True,0,0.024630069732666,{},False,,key4_asymptotic_toeplitz_0.001,1,toeplitz,0.001,asymptotic,4,0.0051948051948051,False
0.001,0.0,0.0,0.0,0.0,3131,34,True,True,0,0.0279862880706787,{},False,,key4_asymptotic_toeplitz_0.001,2,toeplitz,0.001,asymptotic,4,0.0051948051948051,False
0.001,0.0,0.0,0.0,0.0,3131,34,True,True,0,0.024022102355957,{},False,,key4_asymptotic_toeplitz_0.001,3,toeplitz,0.001,asymptotic,4,0.0051948051948051,False
0.001,0.0,0.0,0.0,0.0,3131,34,True,True,0,0.0259315967559814,{},False,,key4_asymptotic_toeplitz_0.001,4,toeplitz,0.001,asymptotic,4,0.0051948051948051,False
0.001,0.0,0.0,0.0,0.0,3131,34,True,True,0,0.0302860736846923,{},False,,key4_asymptotic_toeplitz_0.001,5,toeplitz,0.001,asymptotic,4,0.0051948051948051,False
0.001,0.0,0.0,0.0,0.0,3131,34,True,True,0,0.024271011352539,{},False,,key4_asymptotic_toeplitz_0.001,6,toeplitz,0.001,asymptotic,4,0.0051948051948051,False
0.001,0.0,0.0,0.0,0.0,3131,34,True,True,0,0.023970603942871,{},False,,key4_asymptotic_toeplitz_0.001,7,toeplitz,0.001,asymptotic,4,0.0051948051948051,False
0.001,0.0,0.0,0.0,0.0,3131,34,True,True,0,0.0237202644348144,{},False,,key4_asymptotic_toeplitz_0.001,8,toeplitz,0.001,asymptotic,4,0.0051948051948051,False
0.001,0.0,0.0,0.0,0.0,3131,34,True,True,0,0.0251481533050537,{},False,,key4_asymptotic_toeplitz_0.001,9,toeplitz,0.001,asymptotic,4,0.0051948051948051,False
0.001,0.0,0.0,0.0,0.0,3131,34,True,True,0,0.0259473323822021,{},False,,key4_asymptotic_toeplitz_0.001,10,toeplitz,0.001,asymptotic,4,0.0051948051948051,False
0.001,0.0,0.0,0.0,0.0,3131,34,True,True,0,0.0276627540588378,{},False,,key4_asymptotic_toeplitz_0.001,11,toeplitz,0.001,asymptotic,4,0.0051948051948051,False
0.001,0.0,0.0,0.0,0.0,3131,34,True,True,0,0.0283067226409912,{},False,,key4_asymptotic_toeplitz_0.001,12,toeplitz,0.001,asymptotic,4,0.0051948051948051,False
0.001,0.0,0.0,0.0,0.0,3131,34,True,True,0,0.0279927253723144,{},False,,key4_asymptotic_toeplitz_0.001,13,toeplitz,0.001,asymptotic,4,0.0051948051948051,False
0.001,0.0,0.0,0.0,0.0005787037037037,3131,34,False,False,1539,0.0244863033294677,{},False,,key4_asymptotic_toeplitz_0.001,14,toeplitz,0.001,asymptotic,4,0.0051948051948051,True
0.001,0.0,0.0,0.0,0.0,3131,34,True,True,0,0.0281181335449218,{},False,,key4_asymptotic_toeplitz_0.001,15,toeplitz,0.001,asymptotic,4,0.0051948051948051,False
0.001,0.0,0.0,0.0,0.0,3131,34,True,True,0,0.0285508632659912,{},False,,key4_asymptotic_toeplitz_0.001,16,toeplitz,0.001,asymptotic,4,0.0051948051948051,False
0.001,0.0,0.0,0.0,0.0,3131,34,True,True,0,0.024529218673706,{},False,,key4_asymptotic_toeplitz_0.001,17,toeplitz,0.001,asymptotic,4,0.0051948051948051,False
0.001,0.0,0.0,0.0,0.0,3131,34,True,True,0,0.0248544216156005,{},False,,key4_asymptotic_toeplitz_0.001,18,toeplitz,0.001,asymptotic,4,0.0051948051948051,False
0.001,0.0,0.0,0.0,0.0,3131,34,True,True,0,0.0261087417602539,{},False,,key4_asymptotic_toeplitz_0.001,19,toeplitz,0.001,asymptotic,4,0.0051948051948051,False
0.0,0.5,0.0,0.0,0.0,3131,34,True,True,0,0.0238971710205078,{},False,,key4_asymptotic_final_key_0.5,0,final_key,0.5,asymptotic,4,0.0051948051948051,False
0.0,0.5,0.0,0.0,0.0,3131,34,True,False,1,0.0240645408630371,{'final_key': 1},False,,key4_asymptotic_final_key_0.5,1,final_key,0.5,asymptotic,4,0.0051948051948051,True
0.0,0.5,0.0,0.0,0.0,3131,34,True,False,1,0.0284159183502197,{'final_key': 1},False,,key4_asymptotic_final_key_0.5,2,final_key,0.5,asymptotic,4,0.0051948051948051,True
0.0,0.5,0.0,0.0,0.0,3131,34,True,True,0,0.0257132053375244,{},False,,key4_asymptotic_final_key_0.5,3,final_key,0.5,asymptotic,4,0.0051948051948051,False
0.0,0.5,0.0,0.0,0.0,3131,34,True,True,0,0.0241274833679199,{},False,,key4_asymptotic_final_key_0.5,4,final_key,0.5,asymptotic,4,0.0051948051948051,False
0.0,0.5,0.0,0.0,0.0,3131,34,True,True,0,0.027834415435791,{},False,,key4_asymptotic_final_key_0.5,5,final_key,0.5,asymptotic,4,0.0051948051948051,False
0.0,0.5,0.0,0.0,0.0,3131,34,True,False,1,0.0246496200561523,{'final_key': 1},False,,key4_asymptotic_final_key_0.5,6,final_key,0.5,asymptotic,4,0.0051948051948051,True
0.0,0.5,0.0,0.0,0.0,3131,34,True,True,0,0.0241408348083496,{},False,,key4_asymptotic_final_key_0.5,7,final_key,0.5,asymptotic,4,0.0051948051948051,False
0.0,0.5,0.0,0.0,0.0,3131,34,True,True,0,0.0235934257507324,{},False,,key4_asymptotic_final_key_0.5,8,final_key,0.5,asymptotic,4,0.0051948051948051,False
0.0,0.5,0.0,0.0,0.0,3131,34,True,True,0,0.0244066715240478,{},False,,key4_asymptotic_final_key_0.5,9,final_key,0.5,asymptotic,4,0.0051948051948051,False
0.0,0.5,0.0,0.0,0.0,3131,34,True,False,1,0.0286974906921386,{'final_key': 1},False,,key4_asymptotic_final_key_0.5,10,final_key,0.5,asymptotic,4,0.0051948051948051,True
0.0,0.5,0.0,0.0,0.0,3131,34,True,False,1,0.0240616798400878,{'final_key': 1},False,,key4_asymptotic_final_key_0.5,11,final_key,0.5,asymptotic,4,0.0051948051948051,True
0.0,0.5,0.0,0.0,0.0,3131,34,True,True,0,0.0233838558197021,{},False,,key4_asymptotic_final_key_0.5,12,final_key,0.5,asymptotic,4,0.0051948051948051,False
0.0,0.5,0.0,0.0,0.0,3131,34,True,True,0,0.0277111530303955,{},False,,key4_asymptotic_final_key_0.5,13,final_key,0.5,asymptotic,4,0.0051948051948051,False
0.0,0.5,0.0,0.0,0.0005787037037037,3131,34,False,False,1585,0.0232138633728027,{},False,,key4_asymptotic_final_key_0.5,14,final_key,0.5,asymptotic,4,0.0051948051948051,True
0.0,0.5,0.0,0.0,0.0,3131,34,True,True,0,0.0278527736663818,{},False,,key4_asymptotic_final_key_0.5,15,final_key,0.5,asymptotic,4,0.0051948051948051,False
0.0,0.5,0.0,0.0,0.0,3131,34,True,False,1,0.0272159576416015,{'final_key': 1},False,,key4_asymptotic_final_key_0.5,16,final_key,0.5,asymptotic,4,0.0051948051948051,True
0.0,0.5,0.0,0.0,0.0,3131,34,True,False,1,0.0251216888427734,{'final_key': 1},False,,key4_asymptotic_final_key_0.5,17,final_key,0.5,asymptotic,4,0.0051948051948051,True
0.0,0.5,0.0,0.0,0.0,3131,34,True,True,0,0.0256187915802001,{},False,,key4_asymptotic_final_key_0.5,18,final_key,0.5,asymptotic,4,0.0051948051948051,False
0.0,0.5,0.0,0.0,0.0,3131,34,True,False,1,0.0270965099334716,{'final_key': 1},False,,key4_asymptotic_final_key_0.5,19,final_key,0.5,asymptotic,4,0.0051948051948051,True
0.0,0.3,0.0,0.0,0.0,3131,34,True,True,0,0.0252203941345214,{},False,,key4_asymptotic_final_key_0.3,0,final_key,0.3,asymptotic,4,0.0051948051948051,False
0.0,0.3,0.0,0.0,0.0,3131,34,True,True,0,0.0244154930114746,{},False,,key4_asymptotic_final_key_0.3,1,final_key,0.3,asymptotic,4,0.0051948051948051,False
0.0,0.3,0.0,0.0,0.0,3131,34,True,False,1,0.0280163288116455,{'final_key': 1},False,,key4_asymptotic_final_key_0.3,2,final_key,0.3,asymptotic,4,0.0051948051948051,True
0.0,0.3,0.0,0.0,0.0,3131,34,True,True,0,0.0243375301361084,{},False,,key4_asymptotic_final_key_0.3,3,final_key,0.3,asymptotic,4,0.0051948051948051,False
0.0,0.3,0.0,0.0,0.0,3131,34,True,True,0,0.0250318050384521,{},False,,key4_asymptotic_final_key_0.3,4,final_key,0.3,asymptotic,4,0.0051948051948051,False
0.0,0.3,0.0,0.0,0.0,3131,34,True,True,0,0.0278050899505615,{},False,,key4_asymptotic_final_key_0.3,5,final_key,0.3,asymptotic,4,0.0051948051948051,False
0.0,0.3,0.0,0.0,0.0,3131,34,True,False,1,0.0253121852874755,{'final_key': 1},False,,key4_asymptotic_final_key_0.3,6,final_key,0.3,asymptotic,4,0.0051948051948051,True
0.0,0.3,0.0,0.0,0.0,3131,34,True,True,0,0.0243480205535888,{},False,,key4_asymptotic_final_key_0.3,7,final_key,0.3,asymptotic,4,0.0051948051948051,False
0.0,0.3,0.0,0.0,0.0,3131,34,True,True,0,0.02447509765625,{},False,,key4_asymptotic_final_key_0.3,8,final_key,0.3,asymptotic,4,0.0051948051948051,False
0.0,0.3,0.0,0.0,0.0,3131,34,True,True,0,0.0274891853332519,{},False,,key4_asymptotic_final_key_0.3,9,final_key,0.3,asymptotic,4,0.0051948051948051,False
0.0,0.3,0.0,0.0,0.0,3131,34,True,False,1,0.0322573184967041,{'final_key': 1},False,,key4_asymptotic_final_key_0.3,10,final_key,0.3,asymptotic,4,0.0051948051948051,True
0.0,0.3,0.0,0.0,0.0,3131,34,True,False,1,0.0238714218139648,{'final_key': 1},False,,key4_asymptotic_final_key_0.3,11,final_key,0.3,asymptotic,4,0.0051948051948051,True
0.0,0.3,0.0,0.0,0.0,3131,34,True,True,0,0.0251014232635498,{},False,,key4_asymptotic_final_key_0.3,12,final_key,0.3,asymptotic,4,0.0051948051948051,False
0.0,0.3,0.0,0.0,0.0,3131,34,True,True,0,0.0300803184509277,{},False,,key4_asymptotic_final_key_0.3,13,final_key,0.3,asymptotic,4,0.0051948051948051,False
0.0,0.3,0.0,0.0,0.0005787037037037,3131,34,False,False,1611,0.0239934921264648,{},False,,key4_asymptotic_final_key_0.3,14,final_key,0.3,asymptotic,4,0.0051948051948051,True
0.0,0.3,0.0,0.0,0.0,3131,34,True,True,0,0.028022289276123,{},False,,key4_asymptotic_final_key_0.3,15,final_key,0.3,asymptotic,4,0.0051948051948051,False
0.0,0.3,0.0,0.0,0.0,3131,34,True,False,1,0.0267302989959716,{'final_key': 1},False,,key4_asymptotic_final_key_0.3,16,final_key,0.3,asymptotic,4,0.0051948051948051,True
0.0,0.3,0.0,0.0,0.0,3131,34,True,False,1,0.0249106884002685,{'final_key': 1},False,,key4_asymptotic_final_key_0.3,17,final_key,0.3,asymptotic,4,0.0051948051948051,True
0.0,0.3,0.0,0.0,0.0,3131,34,True,True,0,0.0248060226440429,{},False,,key4_asymptotic_final_key_0.3,18,final_key,0.3,asymptotic,4,0.0051948051948051,False
0.0,0.3,0.0,0.0,0.0,3131,34,True,False,1,0.0267698764801025,{'final_key': 1},False,,key4_asymptotic_final_key_0.3,19,final_key,0.3,asymptotic,4,0.0051948051948051,True
0.0,0.1,0.0,0.0,0.0,3131,34,True,True,0,0.0238513946533203,{},False,,key4_asymptotic_final_key_0.1,0,final_key,0.1,asymptotic,4,0.0051948051948051,False
0.0,0.1,0.0,0.0,0.0,3131,34,True,True,0,0.0255401134490966,{},False,,key4_asymptotic_final_key_0.1,1,final_key,0.1,asymptotic,4,0.0051948051948051,False
0.0,0.1,0.0,0.0,0.0,3131,34,True,False,1,0.0278029441833496,{'final_key': 1},False,,key4_asymptotic_final_key_0.1,2,final_key,0.1,asymptotic,4,0.0051948051948051,True
0.0,0.1,0.0,0.0,0.0,3131,34,True,True,0,0.0239918231964111,{},False,,key4_asymptotic_final_key_0.1,3,final_key,0.1,asymptotic,4,0.0051948051948051,False
0.0,0.1,0.0,0.0,0.0,3131,34,True,True,0,0.024637222290039,{},False,,key4_asymptotic_final_key_0.1,4,final_key,0.1,asymptotic,4,0.0051948051948051,False
0.0,0.1,0.0,0.0,0.0,3131,34,True,True,0,0.0276949405670166,{},False,,key4_asymptotic_final_key_0.1,5,final_key,0.1,asymptotic,4,0.0051948051948051,False
0.0,0.1,0.0,0.0,0.0,3131,34,True,True,0,0.0248923301696777,{},False,,key4_asymptotic_final_key_0.1,6,final_key,0.1,asymptotic,4,0.0051948051948051,False
0.0,0.1,0.0,0.0,0.0,3131,34,True,True,0,0.0237402915954589,{},False,,key4_asymptotic_final_key_0.1,7,final_key,0.1,asymptotic,4,0.0051948051948051,False
0.0,0.1,0.0,0.0,0.0,3131,34,True,True,0,0.025223970413208,{},False,,key4_asymptotic_final_key_0.1,8,final_key,0.1,asymptotic,4,0.0051948051948051,False
0.0,0.1,0.0,0.0,0.0,3131,34,True,True,0,0.0247795581817626,{},False,,key4_asymptotic_final_key_0.1,9,final_key,0.1,asymptotic,4,0.0051948051948051,False
0.0,0.1,0.0,0.0,0.0,3131,34,True,False,1,0.0279922485351562,{'final_key': 1},False,,key4_asymptotic_final_key_0.1,10,final_key,0.1,asymptotic,4,0.0051948051948051,True
0.0,0.1,0.0,0.0,0.0,3131,34,True,True,0,0.0234730243682861,{},False,,key4_asymptotic_final_key_0.1,11,final_key,0.1,asymptotic,4,0.0051948051948051,False
0.0,0.1,0.0,0.0,0.0,3131,34,True,True,0,0.0239522457122802,{},False,,key4_asymptotic_final_key_0.1,12,final_key,0.1,asymptotic,4,0.0051948051948051,False
0.0,0.1,0.0,0.0,0.0,3131,34,True,True,0,0.028228759765625,{},False,,key4_asymptotic_final_key_0.1,13,final_key,0.1,asymptotic,4,0.0051948051948051,False
0.0,0.1,0.0,0.0,0.0005787037037037,3131,34,False,False,1562,0.0234606266021728,{},False,,key4_asymptotic_final_key_0.1,14,final_key,0.1,asymptotic,4,0.0051948051948051,True
0.0,0.1,0.0,0.0,0.0,3131,34,True,True,0,0.0283973217010498,{},False,,key4_asymptotic_final_key_0.1,15,final_key,0.1,asymptotic,4,0.0051948051948051,False
0.0,0.1,0.0,0.0,0.0,3131,34,True,False,1,0.0270800590515136,{'final_key': 1},False,,key4_asymptotic_final_key_0.1,16,final_key,0.1,asymptotic,4,0.0051948051948051,True
0.0,0.1,0.0,0.0,0.0,3131,34,True,True,0,0.0256609916687011,{},False,,key4_asymptotic_final_key_0.1,17,final_key,0.1,asymptotic,4,0.0051948051948051,False
0.0,0.1,0.0,0.0,0.0,3131,34,True,True,0,0.0286595821380615,{},False,,key4_asymptotic_final_key_0.1,18,final_key,0.1,asymptotic,4,0.0051948051948051,False
0.0,0.1,0.0,0.0,0.0,3131,34,True,True,0,0.0266222953796386,{},False,,key4_asymptotic_final_key_0.1,19,final_key,0.1,asymptotic,4,0.0051948051948051,False
0.0,0.05,0.0,0.0,0.0,3131,34,True,True,0,0.0248148441314697,{},False,,key4_asymptotic_final_key_0.05,0,final_key,0.05,asymptotic,4,0.0051948051948051,False
0.0,0.05,0.0,0.0,0.0,3131,34,True,True,0,0.0247819423675537,{},False,,key4_asymptotic_final_key_0.05,1,final_key,0.05,asymptotic,4,0.0051948051948051,False
0.0,0.05,0.0,0.0,0.0,3131,34,True,False,1,0.0280992984771728,{'final_key': 1},False,,key4_asymptotic_final_key_0.05,2,final_key,0.05,asymptotic,4,0.0051948051948051,True
0.0,0.05,0.0,0.0,0.0,3131,34,True,True,0,0.0236821174621582,{},False,,key4_asymptotic_final_key_0.05,3,final_key,0.05,asymptotic,4,0.0051948051948051,False
0.0,0.05,0.0,0.0,0.0,3131,34,True,True,0,0.0247442722320556,{},False,,key4_asymptotic_final_key_0.05,4,final_key,0.05,asymptotic,4,0.0051948051948051,False
0.0,0.05,0.0,0.0,0.0,3131,34,True,True,0,0.0280649662017822,{},False,,key4_asymptotic_final_key_0.05,5,final_key,0.05,asymptotic,4,0.0051948051948051,False
0.0,0.05,0.0,0.0,0.0,3131,34,True,True,0,0.0246224403381347,{},False,,key4_asymptotic_final_key_0.05,6,final_key,0.05,asymptotic,4,0.0051948051948051,False
0.0,0.05,0.0,0.0,0.0,3131,34,True,True,0,0.0244066715240478,{},False,,key4_asymptotic_final_key_0.05,7,final_key,0.05,asymptotic,4,0.0051948051948051,False
0.0,0.05,0.0,0.0,0.0,3131,34,True,True,0,0.0300240516662597,{},False,,key4_asymptotic_final_key_0.05,8,final_key,0.05,asymptotic,4,0.0051948051948051,False
0.0,0.05,0.0,0.0,0.0,3131,34,True,True,0,0.0265724658966064,{},False,,key4_asymptotic_final_key_0.05,9,final_key,0.05,asymptotic,4,0.0051948051948051,False
0.0,0.05,0.0,0.0,0.0,3131,34,True,True,0,0.0265829563140869,{},False,,key4_asymptotic_final_key_0.05,10,final_key,0.05,asymptotic,4,0.0051948051948051,False
0.0,0.05,0.0,0.0,0.0,3131,34,True,True,0,0.023472785949707,{},False,,key4_asymptotic_final_key_0.05,11,final_key,0.05,asymptotic,4,0.0051948051948051,False
0.0,0.05,0.0,0.0,0.0,3131,34,True,True,0,0.0239121913909912,{},False,,key4_asymptotic_final_key_0.05,12,final_key,0.05,asymptotic,4,0.0051948051948051,False
0.0,0.05,0.0,0.0,0.0,3131,34,True,True,0,0.0282075405120849,{},False,,key4_asymptotic_final_key_0.05,13,final_key,0.05,asymptotic,4,0.0051948051948051,False
0.0,0.05,0.0,0.0,0.0005787037037037,3131,34,False,False,1600,0.0255119800567626,{},False,,key4_asymptotic_final_key_0.05,14,final_key,0.05,asymptotic,4,0.0051948051948051,True
0.0,0.05,0.0,0.0,0.0,3131,34,True,True,0,0.0283925533294677,{},False,,key4_asymptotic_final_key_0.05,15,final_key,0.05,asymptotic,4,0.0051948051948051,False
0.0,0.05,0.0,0.0,0.0,3131,34,True,True,0,0.0275216102600097,{},False,,key4_asymptotic_final_key_0.05,16,final_key,0.05,asymptotic,4,0.0051948051948051,False
0.0,0.05,0.0,0.0,0.0,3131,34,True,True,0,0.0259599685668945,{},False,,key4_asymptotic_final_key_0.05,17,final_key,0.05,asymptotic,4,0.0051948051948051,False
0.0,0.05,0.0,0.0,0.0,3131,34,True,True,0,0.0257976055145263,{},False,,key4_asymptotic_final_key_0.05,18,final_key,0.05,asymptotic,4,0.0051948051948051,False
0.0,0.05,0.0,0.0,0.0,3131,34,True,True,0,0.0266921520233154,{},False,,key4_asymptotic_final_key_0.05,19,final_key,0.05,asymptotic,4,0.0051948051948051,False
0.0,0.03,0.0,0.0,0.0,3131,34,True,True,0,0.0249404907226562,{},False,,key4_asymptotic_final_key_0.03,0,final_key,0.03,asymptotic,4,0.0051948051948051,False
0.0,0.03,0.0,0.0,0.0,3131,34,True,True,0,0.0275614261627197,{},False,,key4_asymptotic_final_key_0.03,1,final_key,0.03,asymptotic,4,0.0051948051948051,False
0.0,0.03,0.0,0.0,0.0,3131,34,True,True,0,0.0311951637268066,{},False,,key4_asymptotic_final_key_0.03,2,final_key,0.03,asymptotic,4,0.0051948051948051,False
0.0,0.03,0.0,0.0,0.0,3131,34,True,True,0,0.0238494873046875,{},False,,key4_asymptotic_final_key_0.03,3,final_key,0.03,asymptotic,4,0.0051948051948051,False
0.0,0.03,0.0,0.0,0.0,3131,34,True,True,0,0.0250229835510253,{},False,,key4_asymptotic_final_key_0.03,4,final_key,0.03,asymptotic,4,0.0051948051948051,False
0.0,0.03,0.0,0.0,0.0,3131,34,True,True,0,0.0279994010925292,{},False,,key4_asymptotic_final_key_0.03,5,final_key,0.03,asymptotic,4,0.0051948051948051,False
0.0,0.03,0.0,0.0,0.0,3131,34,True,True,0,0.0250389575958251,{},False,,key4_asymptotic_final_key_0.03,6,final_key,0.03,asymptotic,4,0.0051948051948051,False
0.0,0.03,0.0,0.0,0.0,3131,34,True,True,0,0.023597240447998,{},False,,key4_asymptotic_final_key_0.03,7,final_key,0.03,asymptotic,4,0.0051948051948051,False
0.0,0.03,0.0,0.0,0.0,3131,34,True,True,0,0.0233738422393798,{},False,,key4_asymptotic_final_key_0.03,8,final_key,0.03,asymptotic,4,0.0051948051948051,False
0.0,0.03,0.0,0.0,0.0,3131,34,True,True,0,0.0245032310485839,{},False,,key4_asymptotic_final_key_0.03,9,final_key,0.03,asymptotic,4,0.0051948051948051,False
0.0,0.03,0.0,0.0,0.0,3131,34,True,True,0,0.0280814170837402,{},False,,key4_asymptotic_final_key_0.03,10,final_key,0.03,asymptotic,4,0.0051948051948051,False
0.0,0.03,0.0,0.0,0.0,3131,34,True,True,0,0.0238289833068847,{},False,,key4_asymptotic_final_key_0.03,11,final_key,0.03,asymptotic,4,0.0051948051948051,False
0.0,0.03,0.0,0.0,0.0,3131,34,True,True,0,0.0236890316009521,{},False,,key4_asymptotic_final_key_0.03,12,final_key,0.03,asymptotic,4,0.0051948051948051,False
0.0,0.03,0.0,0.0,0.0,3131,34,True,True,0,0.0291392803192138,{},False,,key4_asymptotic_final_key_0.03,13,final_key,0.03,asymptotic,4,0.0051948051948051,False
0.0,0.03,0.0,0.0,0.0005787037037037,3131,34,False,False,1581,0.0237994194030761,{},False,,key4_asymptotic_final_key_0.03,14,final_key,0.03,asymptotic,4,0.0051948051948051,True
0.0,0.03,0.0,0.0,0.0,3131,34,True,True,0,0.0280377864837646,{},False,,key4_asymptotic_final_key_0.03,15,final_key,0.03,asymptotic,4,0.0051948051948051,False
0.0,0.03,0.0,0.0,0.0,3131,34,True,True,0,0.0271177291870117,{},False,,key4_asymptotic_final_key_0.03,16,final_key,0.03,asymptotic,4,0.0051948051948051,False
0.0,0.03,0.0,0.0,0.0,3131,34,True,True,0,0.0245788097381591,{},False,,key4_asymptotic_final_key_0.03,17,final_key,0.03,asymptotic,4,0.0051948051948051,False
0.0,0.03,0.0,0.0,0.0,3131,34,True,True,0,0.0265853404998779,{},False,,key4_asymptotic_final_key_0.03,18,final_key,0.03,asymptotic,4,0.0051948051948051,False
0.0,0.03,0.0,0.0,0.0,3131,34,True,True,0,0.026118516921997,{},False,,key4_asymptotic_final_key_0.03,19,final_key,0.03,asymptotic,4,0.0051948051948051,False
0.0,0.01,0.0,0.0,0.0,3131,34,True,True,0,0.0233111381530761,{},False,,key4_asymptotic_final_key_0.01,0,final_key,0.01,asymptotic,4,0.0051948051948051,False
0.0,0.01,0.0,0.0,0.0,3131,34,True,True,0,0.024799108505249,{},False,,key4_asymptotic_final_key_0.01,1,final_key,0.01,asymptotic,4,0.0051948051948051,False
0.0,0.01,0.0,0.0,0.0,3131,34,True,True,0,0.027050495147705,{},False,,key4_asymptotic_final_key_0.01,2,final_key,0.01,asymptotic,4,0.0051948051948051,False
0.0,0.01,0.0,0.0,0.0,3131,34,True,True,0,0.023818016052246,{},False,,key4_asymptotic_final_key_0.01,3,final_key,0.01,asymptotic,4,0.0051948051948051,False
0.0,0.01,0.0,0.0,0.0,3131,34,True,True,0,0.0245954990386962,{},False,,key4_asymptotic_final_key_0.01,4,final_key,0.01,asymptotic,4,0.0051948051948051,False
0.0,0.01,0.0,0.0,0.0,3131,34,True,True,0,0.0284059047698974,{},False,,key4_asymptotic_final_key_0.01,5,final_key,0.01,asymptotic,4,0.0051948051948051,False
0.0,0.01,0.0,0.0,0.0,3131,34,True,True,0,0.0333614349365234,{},False,,key4_asymptotic_final_key_0.01,6,final_key,0.01,asymptotic,4,0.0051948051948051,False
0.0,0.01,0.0,0.0,0.0,3131,34,True,True,0,0.0251727104187011,{},False,,key4_asymptotic_final_key_0.01,7,final_key,0.01,asymptotic,4,0.0051948051948051,False
0.0,0.01,0.0,0.0,0.0,3131,34,True,True,0,0.0235369205474853,{},False,,key4_asymptotic_final_key_0.01,8,final_key,0.01,asymptotic,4,0.0051948051948051,False
0.0,0.01,0.0,0.0,0.0,3131,34,True,True,0,0.0274209976196289,{},False,,key4_asymptotic_final_key_0.01,9,final_key,0.01,asymptotic,4,0.0051948051948051,False
0.0,0.01,0.0,0.0,0.0,3131,34,True,True,0,0.0276305675506591,{},False,,key4_asymptotic_final_key_0.01,10,final_key,0.01,asymptotic,4,0.0051948051948051,False
0.0,0.01,0.0,0.0,0.0,3131,34,True,True,0,0.0240159034729003,{},False,,key4_asymptotic_final_key_0.01,11,final_key,0.01,asymptotic,4,0.0051948051948051,False
0.0,0.01,0.0,0.0,0.0,3131,34,True,True,0,0.023904800415039,{},False,,key4_asymptotic_final_key_0.01,12,final_key,0.01,asymptotic,4,0.0051948051948051,False
0.0,0.01,0.0,0.0,0.0,3131,34,True,True,0,0.0289692878723144,{},False,,key4_asymptotic_final_key_0.01,13,final_key,0.01,asymptotic,4,0.0051948051948051,False
0.0,0.01,0.0,0.0,0.0005787037037037,3131,34,False,False,1595,0.0248465538024902,{},False,,key4_asymptotic_final_key_0.01,14,final_key,0.01,asymptotic,4,0.0051948051948051,True
0.0,0.01,0.0,0.0,0.0,3131,34,True,True,0,0.0283143520355224,{},False,,key4_asymptotic_final_key_0.01,15,final_key,0.01,asymptotic,4,0.0051948051948051,False
0.0,0.01,0.0,0.0,0.0,3131,34,True,True,0,0.0271494388580322,{},False,,key4_asymptotic_final_key_0.01,16,final_key,0.01,asymptotic,4,0.0051948051948051,False
0.0,0.01,0.0,0.0,0.0,3131,34,True,True,0,0.0247104167938232,{},False,,key4_asymptotic_final_key_0.01,17,final_key,0.01,asymptotic,4,0.0051948051948051,False
0.0,0.01,0.0,0.0,0.0,3131,34,True,True,0,0.0252103805541992,{},False,,key4_asymptotic_final_key_0.01,18,final_key,0.01,asymptotic,4,0.0051948051948051,False
0.0,0.01,0.0,0.0,0.0,3131,34,True,True,0,0.025623083114624,{},False,,key4_asymptotic_final_key_0.01,19,final_key,0.01,asymptotic,4,0.0051948051948051,False
0.0,0.003,0.0,0.0,0.0,3131,34,True,True,0,0.0252361297607421,{},False,,key4_asymptotic_final_key_0.003,0,final_key,0.003,asymptotic,4,0.0051948051948051,False
0.0,0.003,0.0,0.0,0.0,3131,34,True,True,0,0.0247876644134521,{},False,,key4_asymptotic_final_key_0.003,1,final_key,0.003,asymptotic,4,0.0051948051948051,False
0.0,0.003,0.0,0.0,0.0,3131,34,True,True,0,0.0288295745849609,{},False,,key4_asymptotic_final_key_0.003,2,final_key,0.003,asymptotic,4,0.0051948051948051,False
0.0,0.003,0.0,0.0,0.0,3131,34,True,True,0,0.0236420631408691,{},False,,key4_asymptotic_final_key_0.003,3,final_key,0.003,asymptotic,4,0.0051948051948051,False
0.0,0.003,0.0,0.0,0.0,3131,34,True,True,0,0.0243797302246093,{},False,,key4_asymptotic_final_key_0.003,4,final_key,0.003,asymptotic,4,0.0051948051948051,False
0.0,0.003,0.0,0.0,0.0,3131,34,True,True,0,0.0327394008636474,{},False,,key4_asymptotic_final_key_0.003,5,final_key,0.003,asymptotic,4,0.0051948051948051,False
0.0,0.003,0.0,0.0,0.0,3131,34,True,True,0,0.0244488716125488,{},False,,key4_asymptotic_final_key_0.003,6,final_key,0.003,asymptotic,4,0.0051948051948051,False
0.0,0.003,0.0,0.0,0.0,3131,34,True,True,0,0.0233137607574462,{},False,,key4_asymptotic_final_key_0.003,7,final_key,0.003,asymptotic,4,0.0051948051948051,False
0.0,0.003,0.0,0.0,0.0,3131,34,True,True,0,0.0245764255523681,{},False,,key4_asymptotic_final_key_0.003,8,final_key,0.003,asymptotic,4,0.0051948051948051,False
0.0,0.003,0.0,0.0,0.0,3131,34,True,True,0,0.0284852981567382,{},False,,key4_asymptotic_final_key_0.003,9,final_key,0.003,asymptotic,4,0.0051948051948051,False
0.0,0.003,0.0,0.0,0.0,3131,34,True,True,0,0.028243064880371,{},False,,key4_asymptotic_final_key_0.003,10,final_key,0.003,asymptotic,4,0.0051948051948051,False
0.0,0.003,0.0,0.0,0.0,3131,34,True,True,0,0.0251233577728271,{},False,,key4_asymptotic_final_key_0.003,11,final_key,0.003,asymptotic,4,0.0051948051948051,False
0.0,0.003,0.0,0.0,0.0,3131,34,True,True,0,0.0242905616760253,{},False,,key4_asymptotic_final_key_0.003,12,final_key,0.003,asymptotic,4,0.0051948051948051,False
0.0,0.003,0.0,0.0,0.0,3131,34,True,True,0,0.0294423103332519,{},False,,key4_asymptotic_final_key_0.003,13,final_key,0.003,asymptotic,4,0.0051948051948051,False
0.0,0.003,0.0,0.0,0.0005787037037037,3131,34,False,False,1571,0.0249800682067871,{},False,,key4_asymptotic_final_key_0.003,14,final_key,0.003,asymptotic,4,0.0051948051948051,True
0.0,0.003,0.0,0.0,0.0,3131,34,True,True,0,0.0286264419555664,{},False,,key4_asymptotic_final_key_0.003,15,final_key,0.003,asymptotic,4,0.0051948051948051,False
0.0,0.003,0.0,0.0,0.0,3131,34,True,True,0,0.027491807937622,{},False,,key4_asymptotic_final_key_0.003,16,final_key,0.003,asymptotic,4,0.0051948051948051,False
0.0,0.003,0.0,0.0,0.0,3131,34,True,True,0,0.0256059169769287,{},False,,key4_asymptotic_final_key_0.003,17,final_key,0.003,asymptotic,4,0.0051948051948051,False
0.0,0.003,0.0,0.0,0.0,3131,34,True,True,0,0.0266346931457519,{},False,,key4_asymptotic_final_key_0.003,18,final_key,0.003,asymptotic,4,0.0051948051948051,False
0.0,0.003,0.0,0.0,0.0,3131,34,True,True,0,0.0266933441162109,{},False,,key4_asymptotic_final_key_0.003,19,final_key,0.003,asymptotic,4,0.0051948051948051,False
0.0,0.001,0.0,0.0,0.0,3131,34,True,True,0,0.0255069732666015,{},False,,key4_asymptotic_final_key_0.001,0,final_key,0.001,asymptotic,4,0.0051948051948051,False
0.0,0.001,0.0,0.0,0.0,3131,34,True,True,0,0.0243103504180908,{},False,,key4_asymptotic_final_key_0.001,1,final_key,0.001,asymptotic,4,0.0051948051948051,False
0.0,0.001,0.0,0.0,0.0,3131,34,True,True,0,0.0268721580505371,{},False,,key4_asymptotic_final_key_0.001,2,final_key,0.001,asymptotic,4,0.0051948051948051,False
0.0,0.001,0.0,0.0,0.0,3131,34,True,True,0,0.0260188579559326,{},False,,key4_asymptotic_final_key_0.001,3,final_key,0.001,asymptotic,4,0.0051948051948051,False
0.0,0.001,0.0,0.0,0.0,3131,34,True,True,0,0.0306193828582763,{},False,,key4_asymptotic_final_key_0.001,4,final_key,0.001,asymptotic,4,0.0051948051948051,False
0.0,0.001,0.0,0.0,0.0,3131,34,True,True,0,0.0291862487792968,{},False,,key4_asymptotic_final_key_0.001,5,final_key,0.001,asymptotic,4,0.0051948051948051,False
0.0,0.001,0.0,0.0,0.0,3131,34,True,True,0,0.0273456573486328,{},False,,key4_asymptotic_final_key_0.001,6,final_key,0.001,asymptotic,4,0.0051948051948051,False
0.0,0.001,0.0,0.0,0.0,3131,34,True,True,0,0.0243914127349853,{},False,,key4_asymptotic_final_key_0.001,7,final_key,0.001,asymptotic,4,0.0051948051948051,False
0.0,0.001,0.0,0.0,0.0,3131,34,True,True,0,0.0257296562194824,{},False,,key4_asymptotic_final_key_0.001,8,final_key,0.001,asymptotic,4,0.0051948051948051,False
0.0,0.001,0.0,0.0,0.0,3131,34,True,True,0,0.0254187583923339,{},False,,key4_asymptotic_final_key_0.001,9,final_key,0.001,asymptotic,4,0.0051948051948051,False
0.0,0.001,0.0,0.0,0.0,3131,34,True,True,0,0.0286128520965576,{},False,,key4_asymptotic_final_key_0.001,10,final_key,0.001,asymptotic,4,0.0051948051948051,False
0.0,0.001,0.0,0.0,0.0,3131,34,True,True,0,0.0240118503570556,{},False,,key4_asymptotic_final_key_0.001,11,final_key,0.001,asymptotic,4,0.0051948051948051,False
0.0,0.001,0.0,0.0,0.0,3131,34,True,True,0,0.0252711772918701,{},False,,key4_asymptotic_final_key_0.001,12,final_key,0.001,asymptotic,4,0.0051948051948051,False
0.0,0.001,0.0,0.0,0.0,3131,34,True,True,0,0.0280449390411376,{},False,,key4_asymptotic_final_key_0.001,13,final_key,0.001,asymptotic,4,0.0051948051948051,False
0.0,0.001,0.0,0.0,0.0005787037037037,3131,34,False,False,1560,0.0250327587127685,{},False,,key4_asymptotic_final_key_0.001,14,final_key,0.001,asymptotic,4,0.0051948051948051,True
0.0,0.001,0.0,0.0,0.0,3131,34,True,True,0,0.0297374725341796,{},False,,key4_asymptotic_final_key_0.001,15,final_key,0.001,asymptotic,4,0.0051948051948051,False
0.0,0.001,0.0,0.0,0.0,3131,34,True,True,0,0.0283212661743164,{},False,,key4_asymptotic_final_key_0.001,16,final_key,0.001,asymptotic,4,0.0051948051948051,False
0.0,0.001,0.0,0.0,0.0,3131,34,True,True,0,0.023097276687622,{},False,,key4_asymptotic_final_key_0.001,17,final_key,0.001,asymptotic,4,0.0051948051948051,False
0.0,0.001,0.0,0.0,0.0,3131,34,True,True,0,0.0240728855133056,{},False,,key4_asymptotic_final_key_0.001,18,final_key,0.001,asymptotic,4,0.0051948051948051,False
0.0,0.001,0.0,0.0,0.0,3131,34,True,True,0,0.0258786678314209,{},False,,key4_asymptotic_final_key_0.001,19,final_key,0.001,asymptotic,4,0.0051948051948051,False
0.0,0.0,0.5,0.0,0.0054976851851851,3131,34,False,False,1577,0.0306675434112548,{'reconciliation_state': 15},False,,key4_asymptotic_reconciliation_0.5,0,reconciliation,0.5,asymptotic,4,0.0051948051948051,True
0.0,0.0,0.5,0.0,0.0046296296296296,3131,34,False,False,1565,0.0282235145568847,{'reconciliation_state': 10},False,,key4_asymptotic_reconciliation_0.5,1,reconciliation,0.5,asymptotic,4,0.0051948051948051,True
0.0,0.0,0.5,0.0,0.0054976851851851,3131,34,False,False,1569,0.0342228412628173,{'reconciliation_state': 14},False,,key4_asymptotic_reconciliation_0.5,2,reconciliation,0.5,asymptotic,4,0.0051948051948051,True
0.0,0.0,0.5,0.0,0.0040509259259259,3131,34,False,False,1544,0.0258669853210449,{'reconciliation_state': 10},False,,key4_asymptotic_reconciliation_0.5,3,reconciliation,0.5,asymptotic,4,0.0051948051948051,True
0.0,0.0,0.5,0.0,0.005787037037037,3131,34,False,False,1549,0.0286033153533935,{'reconciliation_state': 12},False,,key4_asymptotic_reconciliation_0.5,4,reconciliation,0.5,asymptotic,4,0.0051948051948051,True
0.0,0.0,0.5,0.0,0.0060763888888888,3131,34,False,False,1501,0.0255725383758544,{'reconciliation_state': 11},False,,key4_asymptotic_reconciliation_0.5,5,reconciliation,0.5,asymptotic,4,0.0051948051948051,True
0.0,0.0,0.5,0.0,0.0066550925925925,3131,34,False,False,1533,0.0252060890197753,{'reconciliation_state': 16},False,,key4_asymptotic_reconciliation_0.5,6,reconciliation,0.5,asymptotic,4,0.0051948051948051,True
0.0,0.0,0.5,0.0,0.0066550925925925,3131,34,False,False,1528,0.0284879207611084,{'reconciliation_state': 14},False,,key4_asymptotic_reconciliation_0.5,7,reconciliation,0.5,asymptotic,4,0.0051948051948051,True
0.0,0.0,0.5,0.0,0.0063657407407407,3131,34,False,False,1593,0.0307798385620117,{'reconciliation_state': 15},False,,key4_asymptotic_reconciliation_0.5,8,reconciliation,0.5,asymptotic,4,0.0051948051948051,True
0.0,0.0,0.5,0.0,0.0046296296296296,3131,34,False,False,1553,0.032205581665039,{'reconciliation_state': 12},False,,key4_asymptotic_reconciliation_0.5,9,reconciliation,0.5,asymptotic,4,0.0051948051948051,True
0.0,0.0,0.5,0.0,0.005787037037037,3131,34,False,False,1574,0.0315277576446533,{'reconciliation_state': 14},False,,key4_asymptotic_reconciliation_0.5,10,reconciliation,0.5,asymptotic,4,0.0051948051948051,True
0.0,0.0,0.5,0.0,0.0060763888888888,3131,34,False,False,1574,0.0323648452758789,{'reconciliation_state': 18},False,,key4_asymptotic_reconciliation_0.5,11,reconciliation,0.5,asymptotic,4,0.0051948051948051,True
0.0,0.0,0.5,0.0,0.0043402777777777,3131,34,False,False,1618,0.0342118740081787,{'reconciliation_state': 15},False,,key4_asymptotic_reconciliation_0.5,12,reconciliation,0.5,asymptotic,4,0.0051948051948051,True
0.0,0.0,0.5,0.0,0.0063657407407407,3131,34,False,False,1550,0.0265653133392334,{'reconciliation_state': 14},False,,key4_asymptotic_reconciliation_0.5,13,reconciliation,0.5,asymptotic,4,0.0051948051948051,True
0.0,0.0,0.5,0.0,0.0066550925925925,3131,34,False,False,1606,0.0295267105102539,{'reconciliation_state': 15},False,,key4_asymptotic_reconciliation_0.5,14,reconciliation,0.5,asymptotic,4,0.0051948051948051,True
0.0,0.0,0.5,0.0,0.0081018518518518,3131,34,False,False,1556,0.0276119709014892,{'reconciliation_state': 15},False,,key4_asymptotic_reconciliation_0.5,15,reconciliation,0.5,asymptotic,4,0.0051948051948051,True
0.0,0.0,0.5,0.0,0.0060763888888888,3131,34,False,False,1554,0.031553030014038,{'reconciliation_state': 11},False,,key4_asymptotic_reconciliation_0.5,16,reconciliation,0.5,asymptotic,4,0.0051948051948051,True
0.0,0.0,0.5,0.0,0.0054976851851851,3131,34,False,False,1608,0.0284509658813476,{'reconciliation_state': 9},False,,key4_asymptotic_reconciliation_0.5,17,reconciliation,0.5,asymptotic,4,0.0051948051948051,True
0.0,0.0,0.5,0.0,0.0043402777777777,3131,34,False,False,1567,0.0309393405914306,{'reconciliation_state': 13},False,,key4_asymptotic_reconciliation_0.5,18,reconciliation,0.5,asymptotic,4,0.0051948051948051,True
0.0,0.0,0.5,0.0,0.0078125,3131,34,False,False,1589,0.0333461761474609,{'reconciliation_state': 16},False,,key4_asymptotic_reconciliation_0.5,19,reconciliation,0.5,asymptotic,4,0.0051948051948051,True
0.0,0.0,0.3,0.0,0.003761574074074,3131,34,False,False,1580,0.0525989532470703,{'reconciliation_state': 12},False,,key4_asymptotic_reconciliation_0.3,0,reconciliation,0.3,asymptotic,4,0.0051948051948051,True
0.0,0.0,0.3,0.0,0.0046296296296296,3131,34,False,False,1622,0.0335655212402343,{'reconciliation_state': 2},False,,key4_asymptotic_reconciliation_0.3,1,reconciliation,0.3,asymptotic,4,0.0051948051948051,True
0.0,0.0,0.3,0.0,0.0028935185185185,3131,34,False,False,1562,0.0315692424774169,{'reconciliation_state': 10},False,,key4_asymptotic_reconciliation_0.3,2,reconciliation,0.3,asymptotic,4,0.0051948051948051,True
0.0,0.0,0.3,0.0,0.0023148148148148,3131,34,False,False,1513,0.0315077304840087,{'reconciliation_state': 7},False,,key4_asymptotic_reconciliation_0.3,3,reconciliation,0.3,asymptotic,4,0.0051948051948051,True
0.0,0.0,0.3,0.0,0.0031828703703703,3131,34,False,False,1571,0.0306289196014404,{'reconciliation_state': 8},False,,key4_asymptotic_reconciliation_0.3,4,reconciliation,0.3,asymptotic,4,0.0051948051948051,True
0.0,0.0,0.3,0.0,0.0034722222222222,3131,34,False,False,1518,0.0305638313293457,{'reconciliation_state': 11},False,,key4_asymptotic_reconciliation_0.3,5,reconciliation,0.3,asymptotic,4,0.0051948051948051,True
0.0,0.0,0.3,0.0,0.003761574074074,3131,34,False,False,1570,0.0285999774932861,{'reconciliation_state': 10},False,,key4_asymptotic_reconciliation_0.3,6,reconciliation,0.3,asymptotic,4,0.0051948051948051,True
0.0,0.0,0.3,0.0,0.0028935185185185,3131,34,False,False,1587,0.0285639762878417,{'reconciliation_state': 10},False,,key4_asymptotic_reconciliation_0.3,7,reconciliation,0.3,asymptotic,4,0.0051948051948051,True
0.0,0.0,0.3,0.0,0.0040509259259259,3131,34,False,False,1533,0.0293080806732177,{'reconciliation_state': 10},False,,key4_asymptotic_reconciliation_0.3,8,reconciliation,0.3,asymptotic,4,0.0051948051948051,True
0.0,0.0,0.3,0.0,0.0023148148148148,3131,34,False,False,1545,0.030714988708496,{'reconciliation_state': 8},False,,key4_asymptotic_reconciliation_0.3,9,reconciliation,0.3,asymptotic,4,0.0051948051948051,True
0.0,0.0,0.3,0.0,0.0043402777777777,3131,34,False,False,1532,0.0466182231903076,{'reconciliation_state': 14},False,,key4_asymptotic_reconciliation_0.3,10,reconciliation,0.3,asymptotic,4,0.0051948051948051,True
0.0,0.0,0.3,0.0,0.0026041666666666,3131,34,False,False,1515,0.0350785255432128,{'reconciliation_state': 8},False,,key4_asymptotic_reconciliation_0.3,11,reconciliation,0.3,asymptotic,4,0.0051948051948051,True
0.0,0.0,0.3,0.0,0.0026041666666666,3131,34,False,False,1549,0.0303020477294921,{'reconciliation_state': 8},False,,key4_asymptotic_reconciliation_0.3,12,reconciliation,0.3,asymptotic,4,0.0051948051948051,True
0.0,0.0,0.3,0.0,0.0023148148148148,3131,34,False,False,1509,0.0303661823272705,{'reconciliation_state': 7},False,,key4_asymptotic_reconciliation_0.3,13,reconciliation,0.3,asymptotic,4,0.0051948051948051,True
0.0,0.0,0.3,0.0,0.0046296296296296,3131,34,False,False,1578,0.0353851318359375,{'reconciliation_state': 13},False,,key4_asymptotic_reconciliation_0.3,14,reconciliation,0.3,asymptotic,4,0.0051948051948051,True
0.0,0.0,0.3,0.0,0.0060763888888888,3131,34,False,False,1553,0.0273809432983398,{'reconciliation_state': 12},False,,key4_asymptotic_reconciliation_0.3,15,reconciliation,0.3,asymptotic,4,0.0051948051948051,True
0.0,0.0,0.3,0.0,0.0034722222222222,3131,34,False,False,1616,0.0274391174316406,{'reconciliation_state': 10},False,,key4_asymptotic_reconciliation_0.3,16,reconciliation,0.3,asymptotic,4,0.0051948051948051,True
0.0,0.0,0.3,0.0,0.003761574074074,3131,34,False,False,1518,0.02848482131958,{'reconciliation_state': 8},False,,key4_asymptotic_reconciliation_0.3,17,reconciliation,0.3,asymptotic,4,0.0051948051948051,True
0.0,0.0,0.3,0.0,0.0026041666666666,3131,34,False,False,1525,0.030764102935791,{'reconciliation_state': 9},False,,key4_asymptotic_reconciliation_0.3,18,reconciliation,0.3,asymptotic,4,0.0051948051948051,True
0.0,0.0,0.3,0.0,0.0046296296296296,3131,34,False,False,1589,0.0279867649078369,{'reconciliation_state': 9},False,,key4_asymptotic_reconciliation_0.3,19,reconciliation,0.3,asymptotic,4,0.0051948051948051,True
0.0,0.0,0.1,0.0,0.0005787037037037,3131,34,False,False,1599,0.0292713642120361,{'reconciliation_state': 2},False,,key4_asymptotic_reconciliation_0.1,0,reconciliation,0.1,asymptotic,4,0.0051948051948051,True
0.0,0.0,0.1,0.0,0.0046296296296296,3131,34,False,False,1552,0.0224077701568603,{'reconciliation_state': 2},False,,key4_asymptotic_reconciliation_0.1,1,reconciliation,0.1,asymptotic,4,0.0051948051948051,True
0.0,0.0,0.1,0.0,0.0017361111111111,3131,34,False,False,1547,0.0326337814331054,{'reconciliation_state': 6},False,,key4_asymptotic_reconciliation_0.1,2,reconciliation,0.1,asymptotic,4,0.0051948051948051,True
0.0,0.0,0.1,0.0,0.0002893518518518,3131,34,False,False,1591,0.0254371166229248,{'reconciliation_state': 1},False,,key4_asymptotic_reconciliation_0.1,3,reconciliation,0.1,asymptotic,4,0.0051948051948051,True
0.0,0.0,0.1,0.0,0.0008680555555555,3131,34,False,False,1625,0.0269074440002441,{'reconciliation_state': 3},False,,key4_asymptotic_reconciliation_0.1,4,reconciliation,0.1,asymptotic,4,0.0051948051948051,True
0.0,0.0,0.1,0.0,0.0017361111111111,3131,34,False,False,1560,0.0313570499420166,{'reconciliation_state': 6},False,,key4_asymptotic_reconciliation_0.1,5,reconciliation,0.1,asymptotic,4,0.0051948051948051,True
0.0,0.0,0.1,0.0,0.0008680555555555,3131,34,False,False,1576,0.0289416313171386,{'reconciliation_state': 3},False,,key4_asymptotic_reconciliation_0.1,6,reconciliation,0.1,asymptotic,4,0.0051948051948051,True
0.0,0.0,0.1,0.0,0.0008680555555555,3131,34,False,False,1602,0.0270471572875976,{'reconciliation_state': 3},False,,key4_asymptotic_reconciliation_0.1,7,reconciliation,0.1,asymptotic,4,0.0051948051948051,True
0.0,0.0,0.1,0.0,0.0017361111111111,3131,34,False,False,1612,0.0272419452667236,{'reconciliation_state': 5},False,,key4_asymptotic_reconciliation_0.1,8,reconciliation,0.1,asymptotic,4,0.0051948051948051,True
0.0,0.0,0.1,0.0,0.0011574074074074,3131,34,False,False,1547,0.028857946395874,{'reconciliation_state': 4},False,,key4_asymptotic_reconciliation_0.1,9,reconciliation,0.1,asymptotic,4,0.0051948051948051,True
0.0,0.0,0.1,0.0,0.0017361111111111,3131,34,False,False,1598,0.0281493663787841,{'reconciliation_state': 5},False,,key4_asymptotic_reconciliation_0.1,10,reconciliation,0.1,asymptotic,4,0.0051948051948051,True
0.0,0.0,0.1,0.0,0.0020254629629629,3131,34,False,False,1534,0.0307116508483886,{'reconciliation_state': 5},False,,key4_asymptotic_reconciliation_0.1,11,reconciliation,0.1,asymptotic,4,0.0051948051948051,True
0.0,0.0,0.1,0.0,0.0011574074074074,3131,34,False,False,1581,0.0310728549957275,{'reconciliation_state': 4},False,,key4_asymptotic_reconciliation_0.1,12,reconciliation,0.1,asymptotic,4,0.0051948051948051,True
0.0,0.0,0.1,0.0,0.0005787037037037,3131,34,False,False,1532,0.0295031070709228,{'reconciliation_state': 2},False,,key4_asymptotic_reconciliation_0.1,13,reconciliation,0.1,asymptotic,4,0.0051948051948051,True
0.0,0.0,0.1,0.0,0.0014467592592592,3131,34,False,False,1559,0.0290091037750244,{'reconciliation_state': 3},False,,key4_asymptotic_reconciliation_0.1,14,reconciliation,0.1,asymptotic,4,0.0051948051948051,True
0.0,0.0,0.1,0.0,0.0008680555555555,3131,34,False,False,1552,0.0287268161773681,{'reconciliation_state': 3},False,,key4_asymptotic_reconciliation_0.1,15,reconciliation,0.1,asymptotic,4,0.0051948051948051,True
0.0,0.0,0.1,0.0,0.0026041666666666,3131,34,False,False,1587,0.0276875495910644,{'reconciliation_state': 5},False,,key4_asymptotic_reconciliation_0.1,16,reconciliation,0.1,asymptotic,4,0.0051948051948051,True
0.0,0.0,0.1,0.0,0.0017361111111111,3131,34,False,False,1558,0.0247328281402587,{'reconciliation_state': 4},False,,key4_asymptotic_reconciliation_0.1,17,reconciliation,0.1,asymptotic,4,0.0051948051948051,True
0.0,0.0,0.1,0.0,0.0005787037037037,3131,34,False,False,1553,0.0296494960784912,{'reconciliation_state': 2},False,,key4_asymptotic_reconciliation_0.1,18,reconciliation,0.1,asymptotic,4,0.0051948051948051,True
0.0,0.0,0.1,0.0,0.0005787037037037,3131,34,False,False,1551,0.0282983779907226,{'reconciliation_state': 2},False,,key4_asymptotic_reconciliation_0.1,19,reconciliation,0.1,asymptotic,4,0.0051948051948051,True
0.0,0.0,0.05,0.0,0.0002893518518518,3131,34,False,False,1541,0.0272862911224365,{'reconciliation_state': 1},False,,key4_asymptotic_reconciliation_0.05,0,reconciliation,0.05,asymptotic,4,0.0051948051948051,True
0.0,0.0,0.05,0.0,0.0005787037037037,3131,34,False,False,1612,0.0298366546630859,{'reconciliation_state': 2},False,,key4_asymptotic_reconciliation_0.05,1,reconciliation,0.05,asymptotic,4,0.0051948051948051,True
0.0,0.0,0.05,0.0,0.0002893518518518,3131,34,False,False,1531,0.0288484096527099,{'reconciliation_state': 1},False,,key4_asymptotic_reconciliation_0.05,2,reconciliation,0.05,asymptotic,4,0.0051948051948051,True
0.0,0.0,0.05,0.0,0.0,3131,34,True,True,0,0.0243220329284667,{},False,,key4_asymptotic_reconciliation_0.05,3,reconciliation,0.05,asymptotic,4,0.0051948051948051,False
0.0,0.0,0.05,0.0,0.0002893518518518,3131,34,False,False,1567,0.0264110565185546,{'reconciliation_state': 1},False,,key4_asymptotic_reconciliation_0.05,4,reconciliation,0.05,asymptotic,4,0.0051948051948051,True
0.0,0.0,0.05,0.0,0.0017361111111111,3131,34,False,False,1568,0.0273218154907226,{'reconciliation_state': 4},False,,key4_asymptotic_reconciliation_0.05,5,reconciliation,0.05,asymptotic,4,0.0051948051948051,True
0.0,0.0,0.05,0.0,0.0002893518518518,3131,34,False,False,1553,0.0280230045318603,{'reconciliation_state': 1},False,,key4_asymptotic_reconciliation_0.05,6,reconciliation,0.05,asymptotic,4,0.0051948051948051,True
0.0,0.0,0.05,0.0,0.0,3131,34,True,True,0,0.0242471694946289,{},False,,key4_asymptotic_reconciliation_0.05,7,reconciliation,0.05,asymptotic,4,0.0051948051948051,False
0.0,0.0,0.05,0.0,0.0005787037037037,3131,34,False,False,1565,0.0295467376708984,{'reconciliation_state': 2},False,,key4_asymptotic_reconciliation_0.05,8,reconciliation,0.05,asymptotic,4,0.0051948051948051,True
0.0,0.0,0.05,0.0,0.0005787037037037,3131,34,False,False,1548,0.0307779312133789,{'reconciliation_state': 2},False,,key4_asymptotic_reconciliation_0.05,9,reconciliation,0.05,asymptotic,4,0.0051948051948051,True
0.0,0.0,0.05,0.0,0.0008680555555555,3131,34,False,False,1605,0.0275895595550537,{'reconciliation_state': 3},False,,key4_asymptotic_reconciliation_0.05,10,reconciliation,0.05,asymptotic,4,0.0051948051948051,True
0.0,0.0,0.05,0.0,0.0005787037037037,3131,34,False,False,1506,0.0254802703857421,{'reconciliation_state': 2},False,,key4_asymptotic_reconciliation_0.05,11,reconciliation,0.05,asymptotic,4,0.0051948051948051,True
0.0,0.0,0.05,0.0,0.0005787037037037,3131,34,False,False,1569,0.0282397270202636,{'reconciliation_state': 2},False,,key4_asymptotic_reconciliation_0.05,12,reconciliation,0.05,asymptotic,4,0.0051948051948051,True
0.0,0.0,0.05,0.0,0.0,3131,34,True,True,0,0.027618408203125,{},False,,key4_asymptotic_reconciliation_0.05,13,reconciliation,0.05,asymptotic,4,0.0051948051948051,False
0.0,0.0,0.05,0.0,0.0011574074074074,3131,34,False,False,1551,0.0268192291259765,{'reconciliation_state': 2},False,,key4_asymptotic_reconciliation_0.05,14,reconciliation,0.05,asymptotic,4,0.0051948051948051,True
0.0,0.0,0.05,0.0,0.0005787037037037,3131,34,False,False,1515,0.0316329002380371,{'reconciliation_state': 2},False,,key4_asymptotic_reconciliation_0.05,15,reconciliation,0.05,asymptotic,4,0.0051948051948051,True
0.0,0.0,0.05,0.0,0.0008680555555555,3131,34,False,False,1581,0.0303540229797363,{'reconciliation_state': 3},False,,key4_asymptotic_reconciliation_0.05,16,reconciliation,0.05,asymptotic,4,0.0051948051948051,True
0.0,0.0,0.05,0.0,0.0008680555555555,3131,34,False,False,1586,0.026747703552246,{'reconciliation_state': 3},False,,key4_asymptotic_reconciliation_0.05,17,reconciliation,0.05,asymptotic,4,0.0051948051948051,True
0.0,0.0,0.05,0.0,0.0005787037037037,3131,34,False,False,1577,0.0350518226623535,{'reconciliation_state': 2},False,,key4_asymptotic_reconciliation_0.05,18,reconciliation,0.05,asymptotic,4,0.0051948051948051,True
0.0,0.0,0.05,0.0,0.0002893518518518,3131,34,False,False,1560,0.0262496471405029,{'reconciliation_state': 1},False,,key4_asymptotic_reconciliation_0.05,19,reconciliation,0.05,asymptotic,4,0.0051948051948051,True
0.0,0.0,0.03,0.0,0.0002893518518518,3131,34,False,False,1540,0.0287117958068847,{'reconciliation_state': 1},False,,key4_asymptotic_reconciliation_0.03,0,reconciliation,0.03,asymptotic,4,0.0051948051948051,True
0.0,0.0,0.03,0.0,0.0,3131,34,True,True,0,0.0244264602661132,{},False,,key4_asymptotic_reconciliation_0.03,1,reconciliation,0.03,asymptotic,4,0.0051948051948051,False
0.0,0.0,0.03,0.0,0.0002893518518518,3131,34,False,False,1608,0.0271291732788085,{'reconciliation_state': 1},False,,key4_asymptotic_reconciliation_0.03,2,reconciliation,0.03,asymptotic,4,0.0051948051948051,True
0.0,0.0,0.03,0.0,0.0,3131,34,True,True,0,0.0236015319824218,{},False,,key4_asymptotic_reconciliation_0.03,3,reconciliation,0.03,asymptotic,4,0.0051948051948051,False
0.0,0.0,0.03,0.0,0.0002893518518518,3131,34,False,False,1546,0.0274224281311035,{'reconciliation_state': 1},False,,key4_asymptotic_reconciliation_0.03,4,reconciliation,0.03,asymptotic,4,0.0051948051948051,True
0.0,0.0,0.03,0.0,0.0005787037037037,3131,34,False,False,1542,0.0310039520263671,{'reconciliation_state': 2},False,,key4_asymptotic_reconciliation_0.03,5,reconciliation,0.03,asymptotic,4,0.0051948051948051,True
0.0,0.0,0.03,0.0,0.0002893518518518,3131,34,False,False,1580,0.0325596332550048,{'reconciliation_state': 1},False,,key4_asymptotic_reconciliation_0.03,6,reconciliation,0.03,asymptotic,4,0.0051948051948051,True
0.0,0.0,0.03,0.0,0.0,3131,34,True,True,0,0.024491548538208,{},False,,key4_asymptotic_reconciliation_0.03,7,reconciliation,0.03,asymptotic,4,0.0051948051948051,False
0.0,0.0,0.03,0.0,0.0005787037037037,3131,34,False,False,1579,0.0272059440612792,{'reconciliation_state': 2},False,,key4_asymptotic_reconciliation_0.03,8,reconciliation,0.03,asymptotic,4,0.0051948051948051,True
0.0,0.0,0.03,0.0,0.0005787037037037,3131,34,False,False,1588,0.0284087657928466,{'reconciliation_state': 2},False,,key4_asymptotic_reconciliation_0.03,9,reconciliation,0.03,asymptotic,4,0.0051948051948051,True
0.0,0.0,0.03,0.0,0.0002893518518518,3131,34,False,False,1562,0.0287482738494873,{'reconciliation_state': 1},False,,key4_asymptotic_reconciliation_0.03,10,reconciliation,0.03,asymptotic,4,0.0051948051948051,True
0.0,0.0,0.03,0.0,0.0002893518518518,3131,34,False,False,1573,0.025078535079956,{'reconciliation_state': 1},False,,key4_asymptotic_reconciliation_0.03,11,reconciliation,0.03,asymptotic,4,0.0051948051948051,True
0.0,0.0,0.03,0.0,0.0002893518518518,3131,34,False,False,1588,0.0271933078765869,{'reconciliation_state': 1},False,,key4_asymptotic_reconciliation_0.03,12,reconciliation,0.03,asymptotic,4,0.0051948051948051,True
0.0,0.0,0.03,0.0,0.0,3131,34,True,True,0,0.0294361114501953,{},False,,key4_asymptotic_reconciliation_0.03,13,reconciliation,0.03,asymptotic,4,0.0051948051948051,False
0.0,0.0,0.03,0.0,0.0008680555555555,3131,34,False,False,1562,0.0252366065979003,{'reconciliation_state': 1},False,,key4_asymptotic_reconciliation_0.03,14,reconciliation,0.03,asymptotic,4,0.0051948051948051,True
0.0,0.0,0.03,0.0,0.0005787037037037,3131,34,False,False,1579,0.031498908996582,{'reconciliation_state': 2},False,,key4_asymptotic_reconciliation_0.03,15,reconciliation,0.03,asymptotic,4,0.0051948051948051,True
0.0,0.0,0.03,0.0,0.0008680555555555,3131,34,False,False,1599,0.0283746719360351,{'reconciliation_state': 3},False,,key4_asymptotic_reconciliation_0.03,16,reconciliation,0.03,asymptotic,4,0.0051948051948051,True
0.0,0.0,0.03,0.0,0.0008680555555555,3131,34,False,False,1534,0.0270121097564697,{'reconciliation_state': 3},False,,key4_asymptotic_reconciliation_0.03,17,reconciliation,0.03,asymptotic,4,0.0051948051948051,True
0.0,0.0,0.03,0.0,0.0005787037037037,3131,34,False,False,1563,0.0296566486358642,{'reconciliation_state': 2},False,,key4_asymptotic_reconciliation_0.03,18,reconciliation,0.03,asymptotic,4,0.0051948051948051,True
0.0,0.0,0.03,0.0,0.0002893518518518,3131,34,False,False,1580,0.0255355834960937,{'reconciliation_state': 1},False,,key4_asymptotic_reconciliation_0.03,19,reconciliation,0.03,asymptotic,4,0.0051948051948051,True
0.0,0.0,0.01,0.0,0.0,3131,34,True,True,0,0.0247054100036621,{},False,,key4_asymptotic_reconciliation_0.01,0,reconciliation,0.01,asymptotic,4,0.0051948051948051,False
0.0,0.0,0.01,0.0,0.0,3131,34,True,True,0,0.0233767032623291,{},False,,key4_asymptotic_reconciliation_0.01,1,reconciliation,0.01,asymptotic,4,0.0051948051948051,False
0.0,0.0,0.01,0.0,0.0002893518518518,3131,34,False,False,1568,0.02732515335083,{'reconciliation_state': 1},False,,key4_asymptotic_reconciliation_0.01,2,reconciliation,0.01,asymptotic,4,0.0051948051948051,True
0.0,0.0,0.01,0.0,0.0,3131,34,True,True,0,0.0236575603485107,{},False,,key4_asymptotic_reconciliation_0.01,3,reconciliation,0.01,asymptotic,4,0.0051948051948051,False
0.0,0.0,0.01,0.0,0.0,3131,34,True,True,0,0.0279111862182617,{},False,,key4_asymptotic_reconciliation_0.01,4,reconciliation,0.01,asymptotic,4,0.0051948051948051,False
0.0,0.0,0.01,0.0,0.0,3131,34,True,True,0,0.0298364162445068,{},False,,key4_asymptotic_reconciliation_0.01,5,reconciliation,0.01,asymptotic,4,0.0051948051948051,False
0.0,0.0,0.01,0.0,0.0,3131,34,True,True,0,0.0229566097259521,{},False,,key4_asymptotic_reconciliation_0.01,6,reconciliation,0.01,asymptotic,4,0.0051948051948051,False
0.0,0.0,0.01,0.0,0.0,3131,34,True,True,0,0.0234920978546142,{},False,,key4_asymptotic_reconciliation_0.01,7,reconciliation,0.01,asymptotic,4,0.0051948051948051,False
0.0,0.0,0.01,0.0,0.0002893518518518,3131,34,False,False,1565,0.0268635749816894,{'reconciliation_state': 1},False,,key4_asymptotic_reconciliation_0.01,8,reconciliation,0.01,asymptotic,4,0.0051948051948051,True
0.0,0.0,0.01,0.0,0.0,3131,34,True,True,0,0.0240135192871093,{},False,,key4_asymptotic_reconciliation_0.01,9,reconciliation,0.01,asymptotic,4,0.0051948051948051,False
0.0,0.0,0.01,0.0,0.0,3131,34,True,True,0,0.0262346267700195,{},False,,key4_asymptotic_reconciliation_0.01,10,reconciliation,0.01,asymptotic,4,0.0051948051948051,False
0.0,0.0,0.01,0.0,0.0,3131,34,True,True,0,0.0266740322113037,{},False,,key4_asymptotic_reconciliation_0.01,11,reconciliation,0.01,asymptotic,4,0.0051948051948051,False
0.0,0.0,0.01,0.0,0.0,3131,34,True,True,0,0.0255177021026611,{},False,,key4_asymptotic_reconciliation_0.01,12,reconciliation,0.01,asymptotic,4,0.0051948051948051,False
0.0,0.0,0.01,0.0,0.0,3131,34,True,True,0,0.0279221534729003,{},False,,key4_asymptotic_reconciliation_0.01,13,reconciliation,0.01,asymptotic,4,0.0051948051948051,False
0.0,0.0,0.01,0.0,0.0008680555555555,3131,34,False,False,1565,0.0244760513305664,{'reconciliation_state': 1},False,,key4_asymptotic_reconciliation_0.01,14,reconciliation,0.01,asymptotic,4,0.0051948051948051,True
0.0,0.0,0.01,0.0,0.0002893518518518,3131,34,False,False,1571,0.0286593437194824,{'reconciliation_state': 1},False,,key4_asymptotic_reconciliation_0.01,15,reconciliation,0.01,asymptotic,4,0.0051948051948051,True
0.0,0.0,0.01,0.0,0.0002893518518518,3131,34,False,False,1587,0.028674840927124,{'reconciliation_state': 1},False,,key4_asymptotic_reconciliation_0.01,16,reconciliation,0.01,asymptotic,4,0.0051948051948051,True
0.0,0.0,0.01,0.0,0.0,3131,34,True,True,0,0.0232377052307128,{},False,,key4_asymptotic_reconciliation_0.01,17,reconciliation,0.01,asymptotic,4,0.0051948051948051,False
0.0,0.0,0.01,0.0,0.0,3131,34,True,True,0,0.0248703956604003,{},False,,key4_asymptotic_reconciliation_0.01,18,reconciliation,0.01,asymptotic,4,0.0051948051948051,False
0.0,0.0,0.01,0.0,0.0,3131,34,True,True,0,0.0258643627166748,{},False,,key4_asymptotic_reconciliation_0.01,19,reconciliation,0.01,asymptotic,4,0.0051948051948051,False
0.0,0.0,0.003,0.0,0.0,3131,34,True,True,0,0.0247895717620849,{},False,,key4_asymptotic_reconciliation_0.003,0,reconciliation,0.003,asymptotic,4,0.0051948051948051,False
0.0,0.0,0.003,0.0,0.0,3131,34,True,True,0,0.0235683917999267,{},False,,key4_asymptotic_reconciliation_0.003,1,reconciliation,0.003,asymptotic,4,0.0051948051948051,False
0.0,0.0,0.003,0.0,0.0,3131,34,True,True,0,0.0267093181610107,{},False,,key4_asymptotic_reconciliation_0.003,2,reconciliation,0.003,asymptotic,4,0.0051948051948051,False
0.0,0.0,0.003,0.0,0.0,3131,34,True,True,0,0.0255234241485595,{},False,,key4_asymptotic_reconciliation_0.003,3,reconciliation,0.003,asymptotic,4,0.0051948051948051,False
0.0,0.0,0.003,0.0,0.0,3131,34,True,True,0,0.029947280883789,{},False,,key4_asymptotic_reconciliation_0.003,4,reconciliation,0.003,asymptotic,4,0.0051948051948051,False
0.0,0.0,0.003,0.0,0.0,3131,34,True,True,0,0.0269744396209716,{},False,,key4_asymptotic_reconciliation_0.003,5,reconciliation,0.003,asymptotic,4,0.0051948051948051,False
0.0,0.0,0.003,0.0,0.0,3131,34,True,True,0,0.0247528553009033,{},False,,key4_asymptotic_reconciliation_0.003,6,reconciliation,0.003,asymptotic,4,0.0051948051948051,False
0.0,0.0,0.003,0.0,0.0,3131,34,True,True,0,0.0230805873870849,{},False,,key4_asymptotic_reconciliation_0.003,7,reconciliation,0.003,asymptotic,4,0.0051948051948051,False
0.0,0.0,0.003,0.0,0.0,3131,34,True,True,0,0.0251858234405517,{},False,,key4_asymptotic_reconciliation_0.003,8,reconciliation,0.003,asymptotic,4,0.0051948051948051,False
0.0,0.0,0.003,0.0,0.0,3131,34,True,True,0,0.0258624553680419,{},False,,key4_asymptotic_reconciliation_0.003,9,reconciliation,0.003,asymptotic,4,0.0051948051948051,False
0.0,0.0,0.003,0.0,0.0,3131,34,True,True,0,0.0273795127868652,{},False,,key4_asymptotic_reconciliation_0.003,10,reconciliation,0.003,asymptotic,4,0.0051948051948051,False
0.0,0.0,0.003,0.0,0.0,3131,34,True,True,0,0.0241003036499023,{},False,,key4_asymptotic_reconciliation_0.003,11,reconciliation,0.003,asymptotic,4,0.0051948051948051,False
0.0,0.0,0.003,0.0,0.0,3131,34,True,True,0,0.026139497756958,{},False,,key4_asymptotic_reconciliation_0.003,12,reconciliation,0.003,asymptotic,4,0.0051948051948051,False
0.0,0.0,0.003,0.0,0.0,3131,34,True,True,0,0.0276358127593994,{},False,,key4_asymptotic_reconciliation_0.003,13,reconciliation,0.003,asymptotic,4,0.0051948051948051,False
0.0,0.0,0.003,0.0,0.0005787037037037,3131,34,False,False,1567,0.0287623405456542,{},False,,key4_asymptotic_reconciliation_0.003,14,reconciliation,0.003,asymptotic,4,0.0051948051948051,True
0.0,0.0,0.003,0.0,0.0,3131,34,True,True,0,0.0312426090240478,{},False,,key4_asymptotic_reconciliation_0.003,15,reconciliation,0.003,asymptotic,4,0.0051948051948051,False
0.0,0.0,0.003,0.0,0.0002893518518518,3131,34,False,False,1584,0.0286459922790527,{'reconciliation_state': 1},False,,key4_asymptotic_reconciliation_0.003,16,reconciliation,0.003,asymptotic,4,0.0051948051948051,True
0.0,0.0,0.003,0.0,0.0,3131,34,True,True,0,0.0233652591705322,{},False,,key4_asymptotic_reconciliation_0.003,17,reconciliation,0.003,asymptotic,4,0.0051948051948051,False
0.0,0.0,0.003,0.0,0.0,3131,34,True,True,0,0.0246732234954834,{},False,,key4_asymptotic_reconciliation_0.003,18,reconciliation,0.003,asymptotic,4,0.0051948051948051,False
0.0,0.0,0.003,0.0,0.0,3131,34,True,True,0,0.025653600692749,{},False,,key4_asymptotic_reconciliation_0.003,19,reconciliation,0.003,asymptotic,4,0.0051948051948051,False
0.0,0.0,0.001,0.0,0.0,3131,34,True,True,0,0.0267610549926757,{},False,,key4_asymptotic_reconciliation_0.001,0,reconciliation,0.001,asymptotic,4,0.0051948051948051,False
0.0,0.0,0.001,0.0,0.0,3131,34,True,True,0,0.0236499309539794,{},False,,key4_asymptotic_reconciliation_0.001,1,reconciliation,0.001,asymptotic,4,0.0051948051948051,False
0.0,0.0,0.001,0.0,0.0,3131,34,True,True,0,0.0277318954467773,{},False,,key4_asymptotic_reconciliation_0.001,2,reconciliation,0.001,asymptotic,4,0.0051948051948051,False
0.0,0.0,0.001,0.0,0.0,3131,34,True,True,0,0.0255143642425537,{},False,,key4_asymptotic_reconciliation_0.001,3,reconciliation,0.001,asymptotic,4,0.0051948051948051,False
0.0,0.0,0.001,0.0,0.0,3131,34,True,True,0,0.0254969596862792,{},False,,key4_asymptotic_reconciliation_0.001,4,reconciliation,0.001,asymptotic,4,0.0051948051948051,False
0.0,0.0,0.001,0.0,0.0,3131,34,True,True,0,0.0276775360107421,{},False,,key4_asymptotic_reconciliation_0.001,5,reconciliation,0.001,asymptotic,4,0.0051948051948051,False
0.0,0.0,0.001,0.0,0.0,3131,34,True,True,0,0.0256805419921875,{},False,,key4_asymptotic_reconciliation_0.001,6,reconciliation,0.001,asymptotic,4,0.0051948051948051,False
0.0,0.0,0.001,0.0,0.0,3131,34,True,True,0,0.0237939357757568,{},False,,key4_asymptotic_reconciliation_0.001,7,reconciliation,0.001,asymptotic,4,0.0051948051948051,False
0.0,0.0,0.001,0.0,0.0,3131,34,True,True,0,0.0254452228546142,{},False,,key4_asymptotic_reconciliation_0.001,8,reconciliation,0.001,asymptotic,4,0.0051948051948051,False
0.0,0.0,0.001,0.0,0.0,3131,34,True,True,0,0.0256311893463134,{},False,,key4_asymptotic_reconciliation_0.001,9,reconciliation,0.001,asymptotic,4,0.0051948051948051,False
0.0,0.0,0.001,0.0,0.0,3131,34,True,True,0,0.0269219875335693,{},False,,key4_asymptotic_reconciliation_0.001,10,reconciliation,0.001,asymptotic,4,0.0051948051948051,False
0.0,0.0,0.001,0.0,0.0,3131,34,True,True,0,0.0238251686096191,{},False,,key4_asymptotic_reconciliation_0.001,11,reconciliation,0.001,asymptotic,4,0.0051948051948051,False
0.0,0.0,0.001,0.0,0.0,3131,34,True,True,0,0.0272269248962402,{},False,,key4_asymptotic_reconciliation_0.001,12,reconciliation,0.001,asymptotic,4,0.0051948051948051,False
0.0,0.0,0.001,0.0,0.0,3131,34,True,True,0,0.028062105178833,{},False,,key4_asymptotic_reconciliation_0.001,13,reconciliation,0.001,asymptotic,4,0.0051948051948051,False
0.0,0.0,0.001,0.0,0.0005787037037037,3131,34,False,False,1654,0.0230686664581298,{},False,,key4_asymptotic_reconciliation_0.001,14,reconciliation,0.001,asymptotic,4,0.0051948051948051,True
0.0,0.0,0.001,0.0,0.0,3131,34,True,True,0,0.0277717113494873,{},False,,key4_asymptotic_reconciliation_0.001,15,reconciliation,0.001,asymptotic,4,0.0051948051948051,False
0.0,0.0,0.001,0.0,0.0,3131,34,True,True,0,0.0297529697418212,{},False,,key4_asymptotic_reconciliation_0.001,16,reconciliation,0.001,asymptotic,4,0.0051948051948051,False
0.0,0.0,0.001,0.0,0.0,3131,34,True,True,0,0.0243067741394042,{},False,,key4_asymptotic_reconciliation_0.001,17,reconciliation,0.001,asymptotic,4,0.0051948051948051,False
0.0,0.0,0.001,0.0,0.0,3131,34,True,True,0,0.0288712978363037,{},False,,key4_asymptotic_reconciliation_0.001,18,reconciliation,0.001,asymptotic,4,0.0051948051948051,False
0.0,0.0,0.001,0.0,0.0,3131,34,True,True,0,0.0265319347381591,{},False,,key4_asymptotic_reconciliation_0.001,19,reconciliation,0.001,asymptotic,4,0.0051948051948051,False
0.5,0.0,0.0,0.0,0.0,1690,34,True,False,1,0.0273730754852294,{'toeplitz_matrix': 1},False,,key4_placeholder_toeplitz_0.5,0,toeplitz,0.5,placeholder,4,0.0051948051948051,True
0.5,0.0,0.0,0.0,0.0,1690,34,True,True,0,0.0412244796752929,{},False,,key4_placeholder_toeplitz_0.5,1,toeplitz,0.5,placeholder,4,0.0051948051948051,False
0.5,0.0,0.0,0.0,0.0,1690,34,True,True,0,0.0423583984375,{},False,,key4_placeholder_toeplitz_0.5,2,toeplitz,0.5,placeholder,4,0.0051948051948051,False
0.5,0.0,0.0,0.0,0.0,1690,34,True,True,0,0.0268888473510742,{},False,,key4_placeholder_toeplitz_0.5,3,toeplitz,0.5,placeholder,4,0.0051948051948051,False
0.5,0.0,0.0,0.0,0.0,1690,34,True,True,0,0.0281963348388671,{},False,,key4_placeholder_toeplitz_0.5,4,toeplitz,0.5,placeholder,4,0.0051948051948051,False
0.5,0.0,0.0,0.0,0.0,1690,34,True,True,0,0.0287578105926513,{},False,,key4_placeholder_toeplitz_0.5,5,toeplitz,0.5,placeholder,4,0.0051948051948051,False
0.5,0.0,0.0,0.0,0.0,1690,34,True,True,0,0.0258066654205322,{'toeplitz_matrix': 1},False,,key4_placeholder_toeplitz_0.5,6,toeplitz,0.5,placeholder,4,0.0051948051948051,False
0.5,0.0,0.0,0.0,0.0,1690,34,True,False,1,0.0259196758270263,{'toeplitz_matrix': 1},False,,key4_placeholder_toeplitz_0.5,7,toeplitz,0.5,placeholder,4,0.0051948051948051,True
0.5,0.0,0.0,0.0,0.0,1690,34,True,True,0,0.0262215137481689,{},False,,key4_placeholder_toeplitz_0.5,8,toeplitz,0.5,placeholder,4,0.0051948051948051,False
0.5,0.0,0.0,0.0,0.0,1690,34,True,False,1,0.0257024765014648,{'toeplitz_matrix': 1},False,,key4_placeholder_toeplitz_0.5,9,toeplitz,0.5,placeholder,4,0.0051948051948051,True
0.5,0.0,0.0,0.0,0.0,1690,34,True,False,1,0.033548355102539,{'toeplitz_matrix': 1},False,,key4_placeholder_toeplitz_0.5,10,toeplitz,0.5,placeholder,4,0.0051948051948051,True
0.5,0.0,0.0,0.0,0.0,1690,34,True,True,0,0.0303511619567871,{},False,,key4_placeholder_toeplitz_0.5,11,toeplitz,0.5,placeholder,4,0.0051948051948051,False
0.5,0.0,0.0,0.0,0.0,1690,34,True,True,0,0.0269019603729248,{},False,,key4_placeholder_toeplitz_0.5,12,toeplitz,0.5,placeholder,4,0.0051948051948051,False
0.5,0.0,0.0,0.0,0.0,1690,34,True,True,0,0.029695987701416,{},False,,key4_placeholder_toeplitz_0.5,13,toeplitz,0.5,placeholder,4,0.0051948051948051,False
0.5,0.0,0.0,0.0,0.0005787037037037,1690,34,False,False,857,0.0259995460510253,{'toeplitz_matrix': 1},False,,key4_placeholder_toeplitz_0.5,14,toeplitz,0.5,placeholder,4,0.0051948051948051,True
0.5,0.0,0.0,0.0,0.0,1690,34,True,True,0,0.0316739082336425,{'toeplitz_matrix': 1},False,,key4_placeholder_toeplitz_0.5,15,toeplitz,0.5,placeholder,4,0.0051948051948051,False
0.5,0.0,0.0,0.0,0.0,1690,34,True,True,0,0.0293724536895751,{},False,,key4_placeholder_toeplitz_0.5,16,toeplitz,0.5,placeholder,4,0.0051948051948051,False
0.5,0.0,0.0,0.0,0.0,1690,34,True,True,0,0.0261785984039306,{},False,,key4_placeholder_toeplitz_0.5,17,toeplitz,0.5,placeholder,4,0.0051948051948051,False
0.5,0.0,0.0,0.0,0.0,1690,34,True,True,0,0.0269060134887695,{},False,,key4_placeholder_toeplitz_0.5,18,toeplitz,0.5,placeholder,4,0.0051948051948051,False
0.5,0.0,0.0,0.0,0.0,1690,34,True,False,1,0.0302722454071044,{'toeplitz_matrix': 1},False,,key4_placeholder_toeplitz_0.5,19,toeplitz,0.5,placeholder,4,0.0051948051948051,True
0.3,0.0,0.0,0.0,0.0,1690,34,True,False,1,0.0271933078765869,{'toeplitz_matrix': 1},False,,key4_placeholder_toeplitz_0.3,0,toeplitz,0.3,placeholder,4,0.0051948051948051,True
0.3,0.0,0.0,0.0,0.0,1690,34,True,True,0,0.0253005027770996,{},False,,key4_placeholder_toeplitz_0.3,1,toeplitz,0.3,placeholder,4,0.0051948051948051,False
0.3,0.0,0.0,0.0,0.0,1690,34,True,True,0,0.0294387340545654,{},False,,key4_placeholder_toeplitz_0.3,2,toeplitz,0.3,placeholder,4,0.0051948051948051,False
0.3,0.0,0.0,0.0,0.0,1690,34,True,True,0,0.0258741378784179,{},False,,key4_placeholder_toeplitz_0.3,3,toeplitz,0.3,placeholder,4,0.0051948051948051,False
0.3,0.0,0.0,0.0,0.0,1690,34,True,True,0,0.0274782180786132,{},False,,key4_placeholder_toeplitz_0.3,4,toeplitz,0.3,placeholder,4,0.0051948051948051,False
0.3,0.0,0.0,0.0,0.0,1690,34,True,True,0,0.0297474861145019,{},False,,key4_placeholder_toeplitz_0.3,5,toeplitz,0.3,placeholder,4,0.0051948051948051,False
0.3,0.0,0.0,0.0,0.0,1690,34,True,True,0,0.0261220932006835,{'toeplitz_matrix': 1},False,,key4_placeholder_toeplitz_0.3,6,toeplitz,0.3,placeholder,4,0.0051948051948051,False
0.3,0.0,0.0,0.0,0.0,1690,34,True,False,1,0.0274944305419921,{'toeplitz_matrix': 1},False,,key4_placeholder_toeplitz_0.3,7,toeplitz,0.3,placeholder,4,0.0051948051948051,True
0.3,0.0,0.0,0.0,0.0,1690,34,True,True,0,0.0275626182556152,{},False,,key4_placeholder_toeplitz_0.3,8,toeplitz,0.3,placeholder,4,0.0051948051948051,False
0.3,0.0,0.0,0.0,0.0,1690,34,True,False,1,0.0394227504730224,{'toeplitz_matrix': 1},False,,key4_placeholder_toeplitz_0.3,9,toeplitz,0.3,placeholder,4,0.0051948051948051,True
0.3,0.0,0.0,0.0,0.0,1690,34,True,False,1,0.0391435623168945,{'toeplitz_matrix': 1},False,,key4_placeholder_toeplitz_0.3,10,toeplitz,0.3,placeholder,4,0.0051948051948051,True
0.3,0.0,0.0,0.0,0.0,1690,34,True,True,0,0.0272936820983886,{},False,,key4_placeholder_toeplitz_0.3,11,toeplitz,0.3,placeholder,4,0.0051948051948051,False
0.3,0.0,0.0,0.0,0.0,1690,34,True,True,0,0.0277807712554931,{},False,,key4_placeholder_toeplitz_0.3,12,toeplitz,0.3,placeholder,4,0.0051948051948051,False
0.3,0.0,0.0,0.0,0.0,1690,34,True,True,0,0.0302073955535888,{},False,,key4_placeholder_toeplitz_0.3,13,toeplitz,0.3,placeholder,4,0.0051948051948051,False
0.3,0.0,0.0,0.0,0.0005787037037037,1690,34,False,False,855,0.0290586948394775,{},False,,key4_placeholder_toeplitz_0.3,14,toeplitz,0.3,placeholder,4,0.0051948051948051,True
0.3,0.0,0.0,0.0,0.0,1690,34,True,True,0,0.0385448932647705,{'toeplitz_matrix': 1},False,,key4_placeholder_toeplitz_0.3,15,toeplitz,0.3,placeholder,4,0.0051948051948051,False
0.3,0.0,0.0,0.0,0.0,1690,34,True,True,0,0.0305955410003662,{},False,,key4_placeholder_toeplitz_0.3,16,toeplitz,0.3,placeholder,4,0.0051948051948051,False
0.3,0.0,0.0,0.0,0.0,1690,34,True,True,0,0.0257556438446044,{},False,,key4_placeholder_toeplitz_0.3,17,toeplitz,0.3,placeholder,4,0.0051948051948051,False
0.3,0.0,0.0,0.0,0.0,1690,34,True,True,0,0.0270314216613769,{},False,,key4_placeholder_toeplitz_0.3,18,toeplitz,0.3,placeholder,4,0.0051948051948051,False
0.3,0.0,0.0,0.0,0.0,1690,34,True,True,0,0.0284452438354492,{},False,,key4_placeholder_toeplitz_0.3,19,toeplitz,0.3,placeholder,4,0.0051948051948051,False
0.1,0.0,0.0,0.0,0.0,1690,34,True,True,0,0.0255572795867919,{},False,,key4_placeholder_toeplitz_0.1,0,toeplitz,0.1,placeholder,4,0.0051948051948051,False
0.1,0.0,0.0,0.0,0.0,1690,34,True,True,0,0.0282473564147949,{},False,,key4_placeholder_toeplitz_0.1,1,toeplitz,0.1,placeholder,4,0.0051948051948051,False
0.1,0.0,0.0,0.0,0.0,1690,34,True,True,0,0.0309221744537353,{},False,,key4_placeholder_toeplitz_0.1,2,toeplitz,0.1,placeholder,4,0.0051948051948051,False
0.1,0.0,0.0,0.0,0.0,1690,34,True,True,0,0.0273869037628173,{},False,,key4_placeholder_toeplitz_0.1,3,toeplitz,0.1,placeholder,4,0.0051948051948051,False
0.1,0.0,0.0,0.0,0.0,1690,34,True,True,0,0.0272083282470703,{},False,,key4_placeholder_toeplitz_0.1,4,toeplitz,0.1,placeholder,4,0.0051948051948051,False
0.1,0.0,0.0,0.0,0.0,1690,34,True,True,0,0.0333290100097656,{},False,,key4_placeholder_toeplitz_0.1,5,toeplitz,0.1,placeholder,4,0.0051948051948051,False
0.1,0.0,0.0,0.0,0.0,1690,34,True,True,0,0.025278091430664,{'toeplitz_matrix': 1},False,,key4_placeholder_toeplitz_0.1,6,toeplitz,0.1,placeholder,4,0.0051948051948051,False
0.1,0.0,0.0,0.0,0.0,1690,34,True,False,1,0.0269560813903808,{'toeplitz_matrix': 1},False,,key4_placeholder_toeplitz_0.1,7,toeplitz,0.1,placeholder,4,0.0051948051948051,True
0.1,0.0,0.0,0.0,0.0,1690,34,True,True,0,0.0275189876556396,{},False,,key4_placeholder_toeplitz_0.1,8,toeplitz,0.1,placeholder,4,0.0051948051948051,False
0.1,0.0,0.0,0.0,0.0,1690,34,True,False,1,0.0275261402130126,{'toeplitz_matrix': 1},False,,key4_placeholder_toeplitz_0.1,9,toeplitz,0.1,placeholder,4,0.0051948051948051,True
0.1,0.0,0.0,0.0,0.0,1690,34,True,True,0,0.0294840335845947,{},False,,key4_placeholder_toeplitz_0.1,10,toeplitz,0.1,placeholder,4,0.0051948051948051,False
0.1,0.0,0.0,0.0,0.0,1690,34,True,True,0,0.0266811847686767,{},False,,key4_placeholder_toeplitz_0.1,11,toeplitz,0.1,placeholder,4,0.0051948051948051,False
0.1,0.0,0.0,0.0,0.0,1690,34,True,True,0,0.0268776416778564,{},False,,key4_placeholder_toeplitz_0.1,12,toeplitz,0.1,placeholder,4,0.0051948051948051,False
0.1,0.0,0.0,0.0,0.0,1690,34,True,True,0,0.0310642719268798,{},False,,key4_placeholder_toeplitz_0.1,13,toeplitz,0.1,placeholder,4,0.0051948051948051,False
0.1,0.0,0.0,0.0,0.0005787037037037,1690,34,False,False,841,0.0250430107116699,{},False,,key4_placeholder_toeplitz_0.1,14,toeplitz,0.1,placeholder,4,0.0051948051948051,True
0.1,0.0,0.0,0.0,0.0,1690,34,True,True,0,0.0300912857055664,{},False,,key4_placeholder_toeplitz_0.1,15,toeplitz,0.1,placeholder,4,0.0051948051948051,False
0.1,0.0,0.0,0.0,0.0,1690,34,True,True,0,0.0298545360565185,{},False,,key4_placeholder_toeplitz_0.1,16,toeplitz,0.1,placeholder,4,0.0051948051948051,False
0.1,0.0,0.0,0.0,0.0,1690,34,True,True,0,0.0271112918853759,{},False,,key4_placeholder_toeplitz_0.1,17,toeplitz,0.1,placeholder,4,0.0051948051948051,False
0.1,0.0,0.0,0.0,0.0,1690,34,True,True,0,0.0271570682525634,{},False,,key4_placeholder_toeplitz_0.1,18,toeplitz,0.1,placeholder,4,0.0051948051948051,False
0.1,0.0,0.0,0.0,0.0,1690,34,True,True,0,0.0299391746520996,{},False,,key4_placeholder_toeplitz_0.1,19,toeplitz,0.1,placeholder,4,0.0051948051948051,False
0.05,0.0,0.0,0.0,0.0,1690,34,True,True,0,0.0272362232208251,{},False,,key4_placeholder_toeplitz_0.05,0,toeplitz,0.05,placeholder,4,0.0051948051948051,False
0.05,0.0,0.0,0.0,0.0,1690,34,True,True,0,0.0259006023406982,{},False,,key4_placeholder_toeplitz_0.05,1,toeplitz,0.05,placeholder,4,0.0051948051948051,False
0.05,0.0,0.0,0.0,0.0,1690,34,True,True,0,0.0295414924621582,{},False,,key4_placeholder_toeplitz_0.05,2,toeplitz,0.05,placeholder,4,0.0051948051948051,False
0.05,0.0,0.0,0.0,0.0,1690,34,True,True,0,0.0270802974700927,{},False,,key4_placeholder_toeplitz_0.05,3,toeplitz,0.05,placeholder,4,0.0051948051948051,False
0.05,0.0,0.0,0.0,0.0,1690,34,True,True,0,0.0261046886444091,{},False,,key4_placeholder_toeplitz_0.05,4,toeplitz,0.05,placeholder,4,0.0051948051948051,False
0.05,0.0,0.0,0.0,0.0,1690,34,True,True,0,0.0315818786621093,{},False,,key4_placeholder_toeplitz_0.05,5,toeplitz,0.05,placeholder,4,0.0051948051948051,False
0.05,0.0,0.0,0.0,0.0,1690,34,True,True,0,0.0256567001342773,{'toeplitz_matrix': 1},False,,key4_placeholder_toeplitz_0.05,6,toeplitz,0.05,placeholder,4,0.0051948051948051,False
0.05,0.0,0.0,0.0,0.0,1690,34,True,False,1,0.0273225307464599,{'toeplitz_matrix': 1},False,,key4_placeholder_toeplitz_0.05,7,toeplitz,0.05,placeholder,4,0.0051948051948051,True
0.05,0.0,0.0,0.0,0.0,1690,34,True,True,0,0.0262031555175781,{},False,,key4_placeholder_toeplitz_0.05,8,toeplitz,0.05,placeholder,4,0.0051948051948051,False
0.05,0.0,0.0,0.0,0.0,1690,34,True,False,1,0.0274446010589599,{'toeplitz_matrix': 1},False,,key4_placeholder_toeplitz_0.05,9,toeplitz,0.05,placeholder,4,0.0051948051948051,True
0.05,0.0,0.0,0.0,0.0,1690,34,True,True,0,0.0327880382537841,{},False,,key4_placeholder_toeplitz_0.05,10,toeplitz,0.05,placeholder,4,0.0051948051948051,False
0.05,0.0,0.0,0.0,0.0,1690,34,True,True,0,0.0263078212738037,{},False,,key4_placeholder_toeplitz_0.05,11,toeplitz,0.05,placeholder,4,0.0051948051948051,False
0.05,0.0,0.0,0.0,0.0,1690,34,True,True,0,0.0267233848571777,{},False,,key4_placeholder_toeplitz_0.05,12,toeplitz,0.05,placeholder,4,0.0051948051948051,False
0.05,0.0,0.0,0.0,0.0,1690,34,True,True,0,0.0306131839752197,{},False,,key4_placeholder_toeplitz_0.05,13,toeplitz,0.05,placeholder,4,0.0051948051948051,False
0.05,0.0,0.0,0.0,0.0005787037037037,1690,34,False,False,812,0.0263149738311767,{},False,,key4_placeholder_toeplitz_0.05,14,toeplitz,0.05,placeholder,4,0.0051948051948051,True
0.05,0.0,0.0,0.0,0.0,1690,34,True,True,0,0.0304944515228271,{},False,,key4_placeholder_toeplitz_0.05,15,toeplitz,0.05,placeholder,4,0.0051948051948051,False
0.05,0.0,0.0,0.0,0.0,1690,34,True,True,0,0.0291292667388916,{},False,,key4_placeholder_toeplitz_0.05,16,toeplitz,0.05,placeholder,4,0.0051948051948051,False
0.05,0.0,0.0,0.0,0.0,1690,34,True,True,0,0.0258698463439941,{},False,,key4_placeholder_toeplitz_0.05,17,toeplitz,0.05,placeholder,4,0.0051948051948051,False
0.05,0.0,0.0,0.0,0.0,1690,34,True,True,0,0.0271618366241455,{},False,,key4_placeholder_toeplitz_0.05,18,toeplitz,0.05,placeholder,4,0.0051948051948051,False
0.05,0.0,0.0,0.0,0.0,1690,34,True,True,0,0.030738353729248,{},False,,key4_placeholder_toeplitz_0.05,19,toeplitz,0.05,placeholder,4,0.0051948051948051,False
0.03,0.0,0.0,0.0,0.0,1690,34,True,True,0,0.0309035778045654,{},False,,key4_placeholder_toeplitz_0.03,0,toeplitz,0.03,placeholder,4,0.0051948051948051,False
0.03,0.0,0.0,0.0,0.0,1690,34,True,True,0,0.02720308303833,{},False,,key4_placeholder_toeplitz_0.03,1,toeplitz,0.03,placeholder,4,0.0051948051948051,False
0.03,0.0,0.0,0.0,0.0,1690,34,True,True,0,0.0299255847930908,{},False,,key4_placeholder_toeplitz_0.03,2,toeplitz,0.03,placeholder,4,0.0051948051948051,False
0.03,0.0,0.0,0.0,0.0,1690,34,True,True,0,0.0271904468536376,{},False,,key4_placeholder_toeplitz_0.03,3,toeplitz,0.03,placeholder,4,0.0051948051948051,False
0.03,0.0,0.0,0.0,0.0,1690,34,True,True,0,0.0262553691864013,{},False,,key4_placeholder_toeplitz_0.03,4,toeplitz,0.03,placeholder,4,0.0051948051948051,False
0.03,0.0,0.0,0.0,0.0,1690,34,True,True,0,0.0297887325286865,{},False,,key4_placeholder_toeplitz_0.03,5,toeplitz,0.03,placeholder,4,0.0051948051948051,False
0.03,0.0,0.0,0.0,0.0,1690,34,True,True,0,0.0260517597198486,{},False,,key4_placeholder_toeplitz_0.03,6,toeplitz,0.03,placeholder,4,0.0051948051948051,False
0.03,0.0,0.0,0.0,0.0,1690,34,True,True,0,0.0297422409057617,{},False,,key4_placeholder_toeplitz_0.03,7,toeplitz,0.03,placeholder,4,0.0051948051948051,False
0.03,0.0,0.0,0.0,0.0,1690,34,True,True,0,0.0289428234100341,{},False,,key4_placeholder_toeplitz_0.03,8,toeplitz,0.03,placeholder,4,0.0051948051948051,False
0.03,0.0,0.0,0.0,0.0,1690,34,True,True,0,0.0259218215942382,{},False,,key4_placeholder_toeplitz_0.03,9,toeplitz,0.03,placeholder,4,0.0051948051948051,False
0.03,0.0,0.0,0.0,0.0,1690,34,True,True,0,0.02874755859375,{},False,,key4_placeholder_toeplitz_0.03,10,toeplitz,0.03,placeholder,4,0.0051948051948051,False
0.03,0.0,0.0,0.0,0.0,1690,34,True,True,0,0.0268380641937255,{},False,,key4_placeholder_toeplitz_0.03,11,toeplitz,0.03,placeholder,4,0.0051948051948051,False
0.03,0.0,0.0,0.0,0.0,1690,34,True,True,0,0.0266461372375488,{},False,,key4_placeholder_toeplitz_0.03,12,toeplitz,0.03,placeholder,4,0.0051948051948051,False
0.03,0.0,0.0,0.0,0.0,1690,34,True,True,0,0.0314164161682128,{},False,,key4_placeholder_toeplitz_0.03,13,toeplitz,0.03,placeholder,4,0.0051948051948051,False
0.03,0.0,0.0,0.0,0.0005787037037037,1690,34,False,False,826,0.025592565536499,{},False,,key4_placeholder_toeplitz_0.03,14,toeplitz,0.03,placeholder,4,0.0051948051948051,True
0.03,0.0,0.0,0.0,0.0,1690,34,True,True,0,0.0304744243621826,{},False,,key4_placeholder_toeplitz_0.03,15,toeplitz,0.03,placeholder,4,0.0051948051948051,False
0.03,0.0,0.0,0.0,0.0,1690,34,True,True,0,0.0443062782287597,{},False,,key4_placeholder_toeplitz_0.03,16,toeplitz,0.03,placeholder,4,0.0051948051948051,False
0.03,0.0,0.0,0.0,0.0,1690,34,True,True,0,0.0268378257751464,{},False,,key4_placeholder_toeplitz_0.03,17,toeplitz,0.03,placeholder,4,0.0051948051948051,False
0.03,0.0,0.0,0.0,0.0,1690,34,True,True,0,0.0273935794830322,{},False,,key4_placeholder_toeplitz_0.03,18,toeplitz,0.03,placeholder,4,0.0051948051948051,False
0.03,0.0,0.0,0.0,0.0,1690,34,True,True,0,0.0322260856628418,{},False,,key4_placeholder_toeplitz_0.03,19,toeplitz,0.03,placeholder,4,0.0051948051948051,False
0.01,0.0,0.0,0.0,0.0,1690,34,True,True,0,0.0271568298339843,{},False,,key4_placeholder_toeplitz_0.01,0,toeplitz,0.01,placeholder,4,0.0051948051948051,False
0.01,0.0,0.0,0.0,0.0,1690,34,True,True,0,0.026221752166748,{},False,,key4_placeholder_toeplitz_0.01,1,toeplitz,0.01,placeholder,4,0.0051948051948051,False
0.01,0.0,0.0,0.0,0.0,1690,34,True,True,0,0.0292959213256835,{},False,,key4_placeholder_toeplitz_0.01,2,toeplitz,0.01,placeholder,4,0.0051948051948051,False
0.01,0.0,0.0,0.0,0.0,1690,34,True,True,0,0.0275425910949707,{},False,,key4_placeholder_toeplitz_0.01,3,toeplitz,0.01,placeholder,4,0.0051948051948051,False
0.01,0.0,0.0,0.0,0.0,1690,34,True,True,0,0.0295577049255371,{},False,,key4_placeholder_toeplitz_0.01,4,toeplitz,0.01,placeholder,4,0.0051948051948051,False
0.01,0.0,0.0,0.0,0.0,1690,34,True,True,0,0.0295107364654541,{},False,,key4_placeholder_toeplitz_0.01,5,toeplitz,0.01,placeholder,4,0.0051948051948051,False
0.01,0.0,0.0,0.0,0.0,1690,34,True,True,0,0.02565598487854,{},False,,key4_placeholder_toeplitz_0.01,6,toeplitz,0.01,placeholder,4,0.0051948051948051,False
0.01,0.0,0.0,0.0,0.0,1690,34,True,True,0,0.0267179012298584,{},False,,key4_placeholder_toeplitz_0.01,7,toeplitz,0.01,placeholder,4,0.0051948051948051,False
0.01,0.0,0.0,0.0,0.0,1690,34,True,True,0,0.0261387825012207,{},False,,key4_placeholder_toeplitz_0.01,8,toeplitz,0.01,placeholder,4,0.0051948051948051,False
0.01,0.0,0.0,0.0,0.0,1690,34,True,True,0,0.0260684490203857,{},False,,key4_placeholder_toeplitz_0.01,9,toeplitz,0.01,placeholder,4,0.0051948051948051,False
0.01,0.0,0.0,0.0,0.0,1690,34,True,True,0,0.0289232730865478,{},False,,key4_placeholder_toeplitz_0.01,10,toeplitz,0.01,placeholder,4,0.0051948051948051,False
0.01,0.0,0.0,0.0,0.0,1690,34,True,True,0,0.0275900363922119,{},False,,key4_placeholder_toeplitz_0.01,11,toeplitz,0.01,placeholder,4,0.0051948051948051,False
0.01,0.0,0.0,0.0,0.0,1690,34,True,True,0,0.0257999897003173,{},False,,key4_placeholder_toeplitz_0.01,12,toeplitz,0.01,placeholder,4,0.0051948051948051,False
0.01,0.0,0.0,0.0,0.0,1690,34,True,True,0,0.0291855335235595,{},False,,key4_placeholder_toeplitz_0.01,13,toeplitz,0.01,placeholder,4,0.0051948051948051,False
0.01,0.0,0.0,0.0,0.0005787037037037,1690,34,False,False,818,0.0249605178833007,{},False,,key4_placeholder_toeplitz_0.01,14,toeplitz,0.01,placeholder,4,0.0051948051948051,True
0.01,0.0,0.0,0.0,0.0,1690,34,True,True,0,0.0313458442687988,{},False,,key4_placeholder_toeplitz_0.01,15,toeplitz,0.01,placeholder,4,0.0051948051948051,False
0.01,0.0,0.0,0.0,0.0,1690,34,True,True,0,0.0280749797821044,{},False,,key4_placeholder_toeplitz_0.01,16,toeplitz,0.01,placeholder,4,0.0051948051948051,False
0.01,0.0,0.0,0.0,0.0,1690,34,True,True,0,0.0249271392822265,{},False,,key4_placeholder_toeplitz_0.01,17,toeplitz,0.01,placeholder,4,0.0051948051948051,False
0.01,0.0,0.0,0.0,0.0,1690,34,True,True,0,0.0263469219207763,{},False,,key4_placeholder_toeplitz_0.01,18,toeplitz,0.01,placeholder,4,0.0051948051948051,False
0.01,0.0,0.0,0.0,0.0,1690,34,True,True,0,0.0312867164611816,{},False,,key4_placeholder_toeplitz_0.01,19,toeplitz,0.01,placeholder,4,0.0051948051948051,False
0.003,0.0,0.0,0.0,0.0,1690,34,True,True,0,0.0271353721618652,{},False,,key4_placeholder_toeplitz_0.003,0,toeplitz,0.003,placeholder,4,0.0051948051948051,False
0.003,0.0,0.0,0.0,0.0,1690,34,True,True,0,0.0262691974639892,{},False,,key4_placeholder_toeplitz_0.003,1,toeplitz,0.003,placeholder,4,0.0051948051948051,False
0.003,0.0,0.0,0.0,0.0,1690,34,True,True,0,0.0307929515838623,{},False,,key4_placeholder_toeplitz_0.003,2,toeplitz,0.003,placeholder,4,0.0051948051948051,False
0.003,0.0,0.0,0.0,0.0,1690,34,True,True,0,0.0285665988922119,{},False,,key4_placeholder_toeplitz_0.003,3,toeplitz,0.003,placeholder,4,0.0051948051948051,False
0.003,0.0,0.0,0.0,0.0,1690,34,True,True,0,0.0269978046417236,{},False,,key4_placeholder_toeplitz_0.003,4,toeplitz,0.003,placeholder,4,0.0051948051948051,False
0.003,0.0,0.0,0.0,0.0,1690,34,True,True,0,0.0281002521514892,{},False,,key4_placeholder_toeplitz_0.003,5,toeplitz,0.003,placeholder,4,0.0051948051948051,False
0.003,0.0,0.0,0.0,0.0,1690,34,True,True,0,0.025686502456665,{},False,,key4_placeholder_toeplitz_0.003,6,toeplitz,0.003,placeholder,4,0.0051948051948051,False
0.003,0.0,0.0,0.0,0.0,1690,34,True,True,0,0.0294384956359863,{},False,,key4_placeholder_toeplitz_0.003,7,toeplitz,0.003,placeholder,4,0.0051948051948051,False
0.003,0.0,0.0,0.0,0.0,1690,34,True,True,0,0.0265498161315917,{},False,,key4_placeholder_toeplitz_0.003,8,toeplitz,0.003,placeholder,4,0.0051948051948051,False
0.003,0.0,0.0,0.0,0.0,1690,34,True,True,0,0.025602102279663,{},False,,key4_placeholder_toeplitz_0.003,9,toeplitz,0.003,placeholder,4,0.0051948051948051,False
0.003,0.0,0.0,0.0,0.0,1690,34,True,True,0,0.0278589725494384,{},False,,key4_placeholder_toeplitz_0.003,10,toeplitz,0.003,placeholder,4,0.0051948051948051,False
0.003,0.0,0.0,0.0,0.0,1690,34,True,True,0,0.0273530483245849,{},False,,key4_placeholder_toeplitz_0.003,11,toeplitz,0.003,placeholder,4,0.0051948051948051,False
0.003,0.0,0.0,0.0,0.0,1690,34,True,True,0,0.0253682136535644,{},False,,key4_placeholder_toeplitz_0.003,12,toeplitz,0.003,placeholder,4,0.0051948051948051,False
0.003,0.0,0.0,0.0,0.0,1690,34,True,True,0,0.0292568206787109,{},False,,key4_placeholder_toeplitz_0.003,13,toeplitz,0.003,placeholder,4,0.0051948051948051,False
0.003,0.0,0.0,0.0,0.0005787037037037,1690,34,False,False,848,0.0252242088317871,{},False,,key4_placeholder_toeplitz_0.003,14,toeplitz,0.003,placeholder,4,0.0051948051948051,True
0.003,0.0,0.0,0.0,0.0,1690,34,True,True,0,0.0344412326812744,{},False,,key4_placeholder_toeplitz_0.003,15,toeplitz,0.003,placeholder,4,0.0051948051948051,False
0.003,0.0,0.0,0.0,0.0,1690,34,True,True,0,0.0286130905151367,{},False,,key4_placeholder_toeplitz_0.003,16,toeplitz,0.003,placeholder,4,0.0051948051948051,False
0.003,0.0,0.0,0.0,0.0,1690,34,True,True,0,0.0255491733551025,{},False,,key4_placeholder_toeplitz_0.003,17,toeplitz,0.003,placeholder,4,0.0051948051948051,False
0.003,0.0,0.0,0.0,0.0,1690,34,True,True,0,0.0259015560150146,{},False,,key4_placeholder_toeplitz_0.003,18,toeplitz,0.003,placeholder,4,0.0051948051948051,False
0.003,0.0,0.0,0.0,0.0,1690,34,True,True,0,0.0285091400146484,{},False,,key4_placeholder_toeplitz_0.003,19,toeplitz,0.003,placeholder,4,0.0051948051948051,False
0.001,0.0,0.0,0.0,0.0,1690,34,True,True,0,0.0280256271362304,{},False,,key4_placeholder_toeplitz_0.001,0,toeplitz,0.001,placeholder,4,0.0051948051948051,False
0.001,0.0,0.0,0.0,0.0,1690,34,True,True,0,0.0268945693969726,{},False,,key4_placeholder_toeplitz_0.001,1,toeplitz,0.001,placeholder,4,0.0051948051948051,False
0.001,0.0,0.0,0.0,0.0,1690,34,True,True,0,0.0286011695861816,{},False,,key4_placeholder_toeplitz_0.001,2,toeplitz,0.001,placeholder,4,0.0051948051948051,False
0.001,0.0,0.0,0.0,0.0,1690,34,True,True,0,0.0276494026184082,{},False,,key4_placeholder_toeplitz_0.001,3,toeplitz,0.001,placeholder,4,0.0051948051948051,False
0.001,0.0,0.0,0.0,0.0,1690,34,True,True,0,0.0272927284240722,{},False,,key4_placeholder_toeplitz_0.001,4,toeplitz,0.001,placeholder,4,0.0051948051948051,False
0.001,0.0,0.0,0.0,0.0,1690,34,True,True,0,0.029306411743164,{},False,,key4_placeholder_toeplitz_0.001,5,toeplitz,0.001,placeholder,4,0.0051948051948051,False
0.001,0.0,0.0,0.0,0.0,1690,34,True,True,0,0.0262982845306396,{},False,,key4_placeholder_toeplitz_0.001,6,toeplitz,0.001,placeholder,4,0.0051948051948051,False
0.001,0.0,0.0,0.0,0.0,1690,34,True,True,0,0.0269005298614501,{},False,,key4_placeholder_toeplitz_0.001,7,toeplitz,0.001,placeholder,4,0.0051948051948051,False
0.001,0.0,0.0,0.0,0.0,1690,34,True,True,0,0.0264513492584228,{},False,,key4_placeholder_toeplitz_0.001,8,toeplitz,0.001,placeholder,4,0.0051948051948051,False
0.001,0.0,0.0,0.0,0.0,1690,34,True,True,0,0.0267794132232666,{},False,,key4_placeholder_toeplitz_0.001,9,toeplitz,0.001,placeholder,4,0.0051948051948051,False
0.001,0.0,0.0,0.0,0.0,1690,34,True,True,0,0.0282156467437744,{},False,,key4_placeholder_toeplitz_0.001,10,toeplitz,0.001,placeholder,4,0.0051948051948051,False
0.001,0.0,0.0,0.0,0.0,1690,34,True,True,0,0.0295031070709228,{},False,,key4_placeholder_toeplitz_0.001,11,toeplitz,0.001,placeholder,4,0.0051948051948051,False
0.001,0.0,0.0,0.0,0.0,1690,34,True,True,0,0.025712251663208,{},False,,key4_placeholder_toeplitz_0.001,12,toeplitz,0.001,placeholder,4,0.0051948051948051,False
0.001,0.0,0.0,0.0,0.0,1690,34,True,True,0,0.0287888050079345,{},False,,key4_placeholder_toeplitz_0.001,13,toeplitz,0.001,placeholder,4,0.0051948051948051,False
0.001,0.0,0.0,0.0,0.0005787037037037,1690,34,False,False,843,0.0247499942779541,{},False,,key4_placeholder_toeplitz_0.001,14,toeplitz,0.001,placeholder,4,0.0051948051948051,True
0.001,0.0,0.0,0.0,0.0,1690,34,True,True,0,0.0303525924682617,{},False,,key4_placeholder_toeplitz_0.001,15,toeplitz,0.001,placeholder,4,0.0051948051948051,False
0.001,0.0,0.0,0.0,0.0,1690,34,True,True,0,0.0284245014190673,{},False,,key4_placeholder_toeplitz_0.001,16,toeplitz,0.001,placeholder,4,0.0051948051948051,False
0.001,0.0,0.0,0.0,0.0,1690,34,True,True,0,0.0261836051940917,{},False,,key4_placeholder_toeplitz_0.001,17,toeplitz,0.001,placeholder,4,0.0051948051948051,False
0.001,0.0,0.0,0.0,0.0,1690,34,True,True,0,0.0265226364135742,{},False,,key4_placeholder_toeplitz_0.001,18,toeplitz,0.001,placeholder,4,0.0051948051948051,False
0.001,0.0,0.0,0.0,0.0,1690,34,True,True,0,0.0310359001159667,{},False,,key4_placeholder_toeplitz_0.001,19,toeplitz,0.001,placeholder,4,0.0051948051948051,False
0.0,0.5,0.0,0.0,0.0,1690,34,True,True,0,0.0254938602447509,{},False,,key4_placeholder_final_key_0.5,0,final_key,0.5,placeholder,4,0.0051948051948051,False
0.0,0.5,0.0,0.0,0.0,1690,34,True,False,1,0.0254688262939453,{'final_key': 1},False,,key4_placeholder_final_key_0.5,1,final_key,0.5,placeholder,4,0.0051948051948051,True
0.0,0.5,0.0,0.0,0.0,1690,34,True,False,1,0.0293464660644531,{'final_key': 1},False,,key4_placeholder_final_key_0.5,2,final_key,0.5,placeholder,4,0.0051948051948051,True
0.0,0.5,0.0,0.0,0.0,1690,34,True,True,0,0.0271902084350585,{},False,,key4_placeholder_final_key_0.5,3,final_key,0.5,placeholder,4,0.0051948051948051,False
0.0,0.5,0.0,0.0,0.0,1690,34,True,True,0,0.0270836353302001,{},False,,key4_placeholder_final_key_0.5,4,final_key,0.5,placeholder,4,0.0051948051948051,False
0.0,0.5,0.0,0.0,0.0,1690,34,True,True,0,0.0300538539886474,{},False,,key4_placeholder_final_key_0.5,5,final_key,0.5,placeholder,4,0.0051948051948051,False
0.0,0.5,0.0,0.0,0.0,1690,34,True,False,1,0.0261220932006835,{'final_key': 1},False,,key4_placeholder_final_key_0.5,6,final_key,0.5,placeholder,4,0.0051948051948051,True
0.0,0.5,0.0,0.0,0.0,1690,34,True,True,0,0.0280098915100097,{},False,,key4_placeholder_final_key_0.5,7,final_key,0.5,placeholder,4,0.0051948051948051,False
0.0,0.5,0.0,0.0,0.0,1690,34,True,True,0,0.025815725326538,{},False,,key4_placeholder_final_key_0.5,8,final_key,0.5,placeholder,4,0.0051948051948051,False
0.0,0.5,0.0,0.0,0.0,1690,34,True,True,0,0.0275979042053222,{},False,,key4_placeholder_final_key_0.5,9,final_key,0.5,placeholder,4,0.0051948051948051,False
0.0,0.5,0.0,0.0,0.0,1690,34,True,False,1,0.0278804302215576,{'final_key': 1},False,,key4_placeholder_final_key_0.5,10,final_key,0.5,placeholder,4,0.0051948051948051,True
0.0,0.5,0.0,0.0,0.0,1690,34,True,False,1,0.0272989273071289,{'final_key': 1},False,,key4_placeholder_final_key_0.5,11,final_key,0.5,placeholder,4,0.0051948051948051,True
0.0,0.5,0.0,0.0,0.0,1690,34,True,True,0,0.0258312225341796,{},False,,key4_placeholder_final_key_0.5,12,final_key,0.5,placeholder,4,0.0051948051948051,False
0.0,0.5,0.0,0.0,0.0,1690,34,True,True,0,0.0291378498077392,{},False,,key4_placeholder_final_key_0.5,13,final_key,0.5,placeholder,4,0.0051948051948051,False
0.0,0.5,0.0,0.0,0.0005787037037037,1690,34,False,False,812,0.0249395370483398,{},False,,key4_placeholder_final_key_0.5,14,final_key,0.5,placeholder,4,0.0051948051948051,True
0.0,0.5,0.0,0.0,0.0,1690,34,True,True,0,0.0324082374572753,{},False,,key4_placeholder_final_key_0.5,15,final_key,0.5,placeholder,4,0.0051948051948051,False
0.0,0.5,0.0,0.0,0.0,1690,34,True,False,1,0.0351808071136474,{'final_key': 1},False,,key4_placeholder_final_key_0.5,16,final_key,0.5,placeholder,4,0.0051948051948051,True
0.0,0.5,0.0,0.0,0.0,1690,34,True,False,1,0.0267691612243652,{'final_key': 1},False,,key4_placeholder_final_key_0.5,17,final_key,0.5,placeholder,4,0.0051948051948051,True
0.0,0.5,0.0,0.0,0.0,1690,34,True,True,0,0.0295429229736328,{},False,,key4_placeholder_final_key_0.5,18,final_key,0.5,placeholder,4,0.0051948051948051,False
0.0,0.5,0.0,0.0,0.0,1690,34,True,False,1,0.0298473834991455,{'final_key': 1},False,,key4_placeholder_final_key_0.5,19,final_key,0.5,placeholder,4,0.0051948051948051,True
0.0,0.3,0.0,0.0,0.0,1690,34,True,True,0,0.0260484218597412,{},False,,key4_placeholder_final_key_0.3,0,final_key,0.3,placeholder,4,0.0051948051948051,False
0.0,0.3,0.0,0.0,0.0,1690,34,True,True,0,0.0249474048614501,{},False,,key4_placeholder_final_key_0.3,1,final_key,0.3,placeholder,4,0.0051948051948051,False
0.0,0.3,0.0,0.0,0.0,1690,34,True,False,1,0.0303640365600585,{'final_key': 1},False,,key4_placeholder_final_key_0.3,2,final_key,0.3,placeholder,4,0.0051948051948051,True
0.0,0.3,0.0,0.0,0.0,1690,34,True,True,0,0.0314927101135253,{},False,,key4_placeholder_final_key_0.3,3,final_key,0.3,placeholder,4,0.0051948051948051,False
0.0,0.3,0.0,0.0,0.0,1690,34,True,True,0,0.0330016613006591,{},False,,key4_placeholder_final_key_0.3,4,final_key,0.3,placeholder,4,0.0051948051948051,False
0.0,0.3,0.0,0.0,0.0,1690,34,True,True,0,0.0302193164825439,{},False,,key4_placeholder_final_key_0.3,5,final_key,0.3,placeholder,4,0.0051948051948051,False
0.0,0.3,0.0,0.0,0.0,1690,34,True,False,1,0.0274364948272705,{'final_key': 1},False,,key4_placeholder_final_key_0.3,6,final_key,0.3,placeholder,4,0.0051948051948051,True
0.0,0.3,0.0,0.0,0.0,1690,34,True,True,0,0.0263617038726806,{},False,,key4_placeholder_final_key_0.3,7,final_key,0.3,placeholder,4,0.0051948051948051,False
0.0,0.3,0.0,0.0,0.0,1690,34,True,True,0,0.0266189575195312,{},False,,key4_placeholder_final_key_0.3,8,final_key,0.3,placeholder,4,0.0051948051948051,False
0.0,0.3,0.0,0.0,0.0,1690,34,True,True,0,0.0260720252990722,{},False,,key4_placeholder_final_key_0.3,9,final_key,0.3,placeholder,4,0.0051948051948051,False
0.0,0.3,0.0,0.0,0.0,1690,34,True,False,1,0.0293538570404052,{'final_key': 1},False,,key4_placeholder_final_key_0.3,10,final_key,0.3,placeholder,4,0.0051948051948051,True
0.0,0.3,0.0,0.0,0.0,1690,34,True,False,1,0.0262591838836669,{'final_key': 1},False,,key4_placeholder_final_key_0.3,11,final_key,0.3,placeholder,4,0.0051948051948051,True
0.0,0.3,0.0,0.0,0.0,1690,34,True,True,0,0.0255944728851318,{},False,,key4_placeholder_final_key_0.3,12,final_key,0.3,placeholder,4,0.0051948051948051,False
0.0,0.3,0.0,0.0,0.0,1690,34,True,True,0,0.028825044631958,{},False,,key4_placeholder_final_key_0.3,13,final_key,0.3,placeholder,4,0.0051948051948051,False
0.0,0.3,0.0,0.0,0.0005787037037037,1690,34,False,False,897,0.0257220268249511,{},False,,key4_placeholder_final_key_0.3,14,final_key,0.3,placeholder,4,0.0051948051948051,True
0.0,0.3,0.0,0.0,0.0,1690,34,True,True,0,0.0314822196960449,{},False,,key4_placeholder_final_key_0.3,15,final_key,0.3,placeholder,4,0.0051948051948051,False
0.0,0.3,0.0,0.0,0.0,1690,34,True,False,1,0.0289862155914306,{'final_key': 1},False,,key4_placeholder_final_key_0.3,16,final_key,0.3,placeholder,4,0.0051948051948051,True
0.0,0.3,0.0,0.0,0.0,1690,34,True,False,1,0.0283718109130859,{'final_key': 1},False,,key4_placeholder_final_key_0.3,17,final_key,0.3,placeholder,4,0.0051948051948051,True
0.0,0.3,0.0,0.0,0.0,1690,34,True,True,0,0.0291206836700439,{},False,,key4_placeholder_final_key_0.3,18,final_key,0.3,placeholder,4,0.0051948051948051,False
0.0,0.3,0.0,0.0,0.0,1690,34,True,False,1,0.0290296077728271,{'final_key': 1},False,,key4_placeholder_final_key_0.3,19,final_key,0.3,placeholder,4,0.0051948051948051,True
0.0,0.1,0.0,0.0,0.0,1690,34,True,True,0,0.0257320404052734,{},False,,key4_placeholder_final_key_0.1,0,final_key,0.1,placeholder,4,0.0051948051948051,False
0.0,0.1,0.0,0.0,0.0,1690,34,True,True,0,0.0268127918243408,{},False,,key4_placeholder_final_key_0.1,1,final_key,0.1,placeholder,4,0.0051948051948051,False
0.0,0.1,0.0,0.0,0.0,1690,34,True,False,1,0.0291523933410644,{'final_key': 1},False,,key4_placeholder_final_key_0.1,2,final_key,0.1,placeholder,4,0.0051948051948051,True
0.0,0.1,0.0,0.0,0.0,1690,34,True,True,0,0.0274083614349365,{},False,,key4_placeholder_final_key_0.1,3,final_key,0.1,placeholder,4,0.0051948051948051,False
0.0,0.1,0.0,0.0,0.0,1690,34,True,True,0,0.0265614986419677,{},False,,key4_placeholder_final_key_0.1,4,final_key,0.1,placeholder,4,0.0051948051948051,False
0.0,0.1,0.0,0.0,0.0,1690,34,True,True,0,0.0311067104339599,{},False,,key4_placeholder_final_key_0.1,5,final_key,0.1,placeholder,4,0.0051948051948051,False
0.0,0.1,0.0,0.0,0.0,1690,34,True,True,0,0.0260243415832519,{},False,,key4_placeholder_final_key_0.1,6,final_key,0.1,placeholder,4,0.0051948051948051,False
0.0,0.1,0.0,0.0,0.0,1690,34,True,True,0,0.0266788005828857,{},False,,key4_placeholder_final_key_0.1,7,final_key,0.1,placeholder,4,0.0051948051948051,False
0.0,0.1,0.0,0.0,0.0,1690,34,True,True,0,0.0264134407043457,{},False,,key4_placeholder_final_key_0.1,8,final_key,0.1,placeholder,4,0.0051948051948051,False
0.0,0.1,0.0,0.0,0.0,1690,34,True,True,0,0.0263674259185791,{},False,,key4_placeholder_final_key_0.1,9,final_key,0.1,placeholder,4,0.0051948051948051,False
0.0,0.1,0.0,0.0,0.0,1690,34,True,False,1,0.0291333198547363,{'final_key': 1},False,,key4_placeholder_final_key_0.1,10,final_key,0.1,placeholder,4,0.0051948051948051,True
0.0,0.1,0.0,0.0,0.0,1690,34,True,True,0,0.0338892936706543,{},False,,key4_placeholder_final_key_0.1,11,final_key,0.1,placeholder,4,0.0051948051948051,False
0.0,0.1,0.0,0.0,0.0,1690,34,True,True,0,0.0285050868988037,{},False,,key4_placeholder_final_key_0.1,12,final_key,0.1,placeholder,4,0.0051948051948051,False
0.0,0.1,0.0,0.0,0.0,1690,34,True,True,0,0.0300111770629882,{},False,,key4_placeholder_final_key_0.1,13,final_key,0.1,placeholder,4,0.0051948051948051,False
0.0,0.1,0.0,0.0,0.0005787037037037,1690,34,False,False,831,0.0254757404327392,{},False,,key4_placeholder_final_key_0.1,14,final_key,0.1,placeholder,4,0.0051948051948051,True
0.0,0.1,0.0,0.0,0.0,1690,34,True,True,0,0.0527269840240478,{},False,,key4_placeholder_final_key_0.1,15,final_key,0.1,placeholder,4,0.0051948051948051,False
0.0,0.1,0.0,0.0,0.0,1690,34,True,False,1,0.0460650920867919,{'final_key': 1},False,,key4_placeholder_final_key_0.1,16,final_key,0.1,placeholder,4,0.0051948051948051,True
0.0,0.1,0.0,0.0,0.0,1690,34,True,True,0,0.0259275436401367,{},False,,key4_placeholder_final_key_0.1,17,final_key,0.1,placeholder,4,0.0051948051948051,False
0.0,0.1,0.0,0.0,0.0,1690,34,True,True,0,0.0273578166961669,{},False,,key4_placeholder_final_key_0.1,18,final_key,0.1,placeholder,4,0.0051948051948051,False
0.0,0.1,0.0,0.0,0.0,1690,34,True,True,0,0.0290043354034423,{},False,,key4_placeholder_final_key_0.1,19,final_key,0.1,placeholder,4,0.0051948051948051,False
0.0,0.05,0.0,0.0,0.0,1690,34,True,True,0,0.0262873172760009,{},False,,key4_placeholder_final_key_0.05,0,final_key,0.05,placeholder,4,0.0051948051948051,False
0.0,0.05,0.0,0.0,0.0,1690,34,True,True,0,0.0268754959106445,{},False,,key4_placeholder_final_key_0.05,1,final_key,0.05,placeholder,4,0.0051948051948051,False
0.0,0.05,0.0,0.0,0.0,1690,34,True,False,1,0.029505968093872,{'final_key': 1},False,,key4_placeholder_final_key_0.05,2,final_key,0.05,placeholder,4,0.0051948051948051,True
0.0,0.05,0.0,0.0,0.0,1690,34,True,True,0,0.0425243377685546,{},False,,key4_placeholder_final_key_0.05,3,final_key,0.05,placeholder,4,0.0051948051948051,False
0.0,0.05,0.0,0.0,0.0,1690,34,True,True,0,0.0295774936676025,{},False,,key4_placeholder_final_key_0.05,4,final_key,0.05,placeholder,4,0.0051948051948051,False
0.0,0.05,0.0,0.0,0.0,1690,34,True,True,0,0.0290005207061767,{},False,,key4_placeholder_final_key_0.05,5,final_key,0.05,placeholder,4,0.0051948051948051,False
0.0,0.05,0.0,0.0,0.0,1690,34,True,True,0,0.0259115695953369,{},False,,key4_placeholder_final_key_0.05,6,final_key,0.05,placeholder,4,0.0051948051948051,False
0.0,0.05,0.0,0.0,0.0,1690,34,True,True,0,0.0264983177185058,{},False,,key4_placeholder_final_key_0.05,7,final_key,0.05,placeholder,4,0.0051948051948051,False
0.0,0.05,0.0,0.0,0.0,1690,34,True,True,0,0.0273942947387695,{},False,,key4_placeholder_final_key_0.05,8,final_key,0.05,placeholder,4,0.0051948051948051,False
0.0,0.05,0.0,0.0,0.0,1690,34,True,True,0,0.026768684387207,{},False,,key4_placeholder_final_key_0.05,9,final_key,0.05,placeholder,4,0.0051948051948051,False
0.0,0.05,0.0,0.0,0.0,1690,34,True,True,0,0.0281953811645507,{},False,,key4_placeholder_final_key_0.05,10,final_key,0.05,placeholder,4,0.0051948051948051,False
0.0,0.05,0.0,0.0,0.0,1690,34,True,True,0,0.0293083190917968,{},False,,key4_placeholder_final_key_0.05,11,final_key,0.05,placeholder,4,0.0051948051948051,False
0.0,0.05,0.0,0.0,0.0,1690,34,True,True,0,0.0279064178466796,{},False,,key4_placeholder_final_key_0.05,12,final_key,0.05,placeholder,4,0.0051948051948051,False
0.0,0.05,0.0,0.0,0.0,1690,34,True,True,0,0.030651569366455,{},False,,key4_placeholder_final_key_0.05,13,final_key,0.05,placeholder,4,0.0051948051948051,False
0.0,0.05,0.0,0.0,0.0005787037037037,1690,34,False,False,859,0.0261485576629638,{},False,,key4_placeholder_final_key_0.05,14,final_key,0.05,placeholder,4,0.0051948051948051,True
0.0,0.05,0.0,0.0,0.0,1690,34,True,True,0,0.0322959423065185,{},False,,key4_placeholder_final_key_0.05,15,final_key,0.05,placeholder,4,0.0051948051948051,False
0.0,0.05,0.0,0.0,0.0,1690,34,True,True,0,0.0294163227081298,{},False,,key4_placeholder_final_key_0.05,16,final_key,0.05,placeholder,4,0.0051948051948051,False
0.0,0.05,0.0,0.0,0.0,1690,34,True,True,0,0.0260183811187744,{},False,,key4_placeholder_final_key_0.05,17,final_key,0.05,placeholder,4,0.0051948051948051,False
0.0,0.05,0.0,0.0,0.0,1690,34,True,True,0,0.0267279148101806,{},False,,key4_placeholder_final_key_0.05,18,final_key,0.05,placeholder,4,0.0051948051948051,False
0.0,0.05,0.0,0.0,0.0,1690,34,True,True,0,0.0303161144256591,{},False,,key4_placeholder_final_key_0.05,19,final_key,0.05,placeholder,4,0.0051948051948051,False
0.0,0.03,0.0,0.0,0.0,1690,34,True,True,0,0.025710105895996,{},False,,key4_placeholder_final_key_0.03,0,final_key,0.03,placeholder,4,0.0051948051948051,False
0.0,0.03,0.0,0.0,0.0,1690,34,True,True,0,0.0250089168548584,{},False,,key4_placeholder_final_key_0.03,1,final_key,0.03,placeholder,4,0.0051948051948051,False
0.0,0.03,0.0,0.0,0.0,1690,34,True,True,0,0.0308716297149658,{},False,,key4_placeholder_final_key_0.03,2,final_key,0.03,placeholder,4,0.0051948051948051,False
0.0,0.03,0.0,0.0,0.0,1690,34,True,True,0,0.0264990329742431,{},False,,key4_placeholder_final_key_0.03,3,final_key,0.03,placeholder,4,0.0051948051948051,False
0.0,0.03,0.0,0.0,0.0,1690,34,True,True,0,0.0304245948791503,{},False,,key4_placeholder_final_key_0.03,4,final_key,0.03,placeholder,4,0.0051948051948051,False
0.0,0.03,0.0,0.0,0.0,1690,34,True,True,0,0.0325086116790771,{},False,,key4_placeholder_final_key_0.03,5,final_key,0.03,placeholder,4,0.0051948051948051,False
0.0,0.03,0.0,0.0,0.0,1690,34,True,True,0,0.0268762111663818,{},False,,key4_placeholder_final_key_0.03,6,final_key,0.03,placeholder,4,0.0051948051948051,False
0.0,0.03,0.0,0.0,0.0,1690,34,True,True,0,0.025775671005249,{},False,,key4_placeholder_final_key_0.03,7,final_key,0.03,placeholder,4,0.0051948051948051,False
0.0,0.03,0.0,0.0,0.0,1690,34,True,True,0,0.025979995727539,{},False,,key4_placeholder_final_key_0.03,8,final_key,0.03,placeholder,4,0.0051948051948051,False
0.0,0.03,0.0,0.0,0.0,1690,34,True,True,0,0.0267419815063476,{},False,,key4_placeholder_final_key_0.03,9,final_key,0.03,placeholder,4,0.0051948051948051,False
0.0,0.03,0.0,0.0,0.0,1690,34,True,True,0,0.0305793285369873,{},False,,key4_placeholder_final_key_0.03,10,final_key,0.03,placeholder,4,0.0051948051948051,False
0.0,0.03,0.0,0.0,0.0,1690,34,True,True,0,0.0281786918640136,{},False,,key4_placeholder_final_key_0.03,11,final_key,0.03,placeholder,4,0.0051948051948051,False
0.0,0.03,0.0,0.0,0.0,1690,34,True,True,0,0.025834321975708,{},False,,key4_placeholder_final_key_0.03,12,final_key,0.03,placeholder,4,0.0051948051948051,False
0.0,0.03,0.0,0.0,0.0,1690,34,True,True,0,0.0303661823272705,{},False,,key4_placeholder_final_key_0.03,13,final_key,0.03,placeholder,4,0.0051948051948051,False
0.0,0.03,0.0,0.0,0.0005787037037037,1690,34,False,False,860,0.0255899429321289,{},False,,key4_placeholder_final_key_0.03,14,final_key,0.03,placeholder,4,0.0051948051948051,True
0.0,0.03,0.0,0.0,0.0,1690,34,True,True,0,0.0332744121551513,{},False,,key4_placeholder_final_key_0.03,15,final_key,0.03,placeholder,4,0.0051948051948051,False
0.0,0.03,0.0,0.0,0.0,1690,34,True,True,0,0.0288405418395996,{},False,,key4_placeholder_final_key_0.03,16,final_key,0.03,placeholder,4,0.0051948051948051,False
0.0,0.03,0.0,0.0,0.0,1690,34,True,True,0,0.026228904724121,{},False,,key4_placeholder_final_key_0.03,17,final_key,0.03,placeholder,4,0.0051948051948051,False
0.0,0.03,0.0,0.0,0.0,1690,34,True,True,0,0.0276582241058349,{},False,,key4_placeholder_final_key_0.03,18,final_key,0.03,placeholder,4,0.0051948051948051,False
0.0,0.03,0.0,0.0,0.0,1690,34,True,True,0,0.0285971164703369,{},False,,key4_placeholder_final_key_0.03,19,final_key,0.03,placeholder,4,0.0051948051948051,False
0.0,0.01,0.0,0.0,0.0,1690,34,True,True,0,0.0255506038665771,{},False,,key4_placeholder_final_key_0.01,0,final_key,0.01,placeholder,4,0.0051948051948051,False
0.0,0.01,0.0,0.0,0.0,1690,34,True,True,0,0.0258333683013916,{},False,,key4_placeholder_final_key_0.01,1,final_key,0.01,placeholder,4,0.0051948051948051,False
0.0,0.01,0.0,0.0,0.0,1690,34,True,True,0,0.0297801494598388,{},False,,key4_placeholder_final_key_0.01,2,final_key,0.01,placeholder,4,0.0051948051948051,False
0.0,0.01,0.0,0.0,0.0,1690,34,True,True,0,0.0255477428436279,{},False,,key4_placeholder_final_key_0.01,3,final_key,0.01,placeholder,4,0.0051948051948051,False
0.0,0.01,0.0,0.0,0.0,1690,34,True,True,0,0.0290048122406005,{},False,,key4_placeholder_final_key_0.01,4,final_key,0.01,placeholder,4,0.0051948051948051,False
0.0,0.01,0.0,0.0,0.0,1690,34,True,True,0,0.0287139415740966,{},False,,key4_placeholder_final_key_0.01,5,final_key,0.01,placeholder,4,0.0051948051948051,False
0.0,0.01,0.0,0.0,0.0,1690,34,True,True,0,0.0275461673736572,{},False,,key4_placeholder_final_key_0.01,6,final_key,0.01,placeholder,4,0.0051948051948051,False
0.0,0.01,0.0,0.0,0.0,1690,34,True,True,0,0.0277271270751953,{},False,,key4_placeholder_final_key_0.01,7,final_key,0.01,placeholder,4,0.0051948051948051,False
0.0,0.01,0.0,0.0,0.0,1690,34,True,True,0,0.0289831161499023,{},False,,key4_placeholder_final_key_0.01,8,final_key,0.01,placeholder,4,0.0051948051948051,False
0.0,0.01,0.0,0.0,0.0,1690,34,True,True,0,0.0269689559936523,{},False,,key4_placeholder_final_key_0.01,9,final_key,0.01,placeholder,4,0.0051948051948051,False
0.0,0.01,0.0,0.0,0.0,1690,34,True,True,0,0.0295431613922119,{},False,,key4_placeholder_final_key_0.01,10,final_key,0.01,placeholder,4,0.0051948051948051,False
0.0,0.01,0.0,0.0,0.0,1690,34,True,True,0,0.0263595581054687,{},False,,key4_placeholder_final_key_0.01,11,final_key,0.01,placeholder,4,0.0051948051948051,False
0.0,0.01,0.0,0.0,0.0,1690,34,True,True,0,0.0261673927307128,{},False,,key4_placeholder_final_key_0.01,12,final_key,0.01,placeholder,4,0.0051948051948051,False
0.0,0.01,0.0,0.0,0.0,1690,34,True,True,0,0.0290467739105224,{},False,,key4_placeholder_final_key_0.01,13,final_key,0.01,placeholder,4,0.0051948051948051,False
0.0,0.01,0.0,0.0,0.0005787037037037,1690,34,False,False,857,0.0276916027069091,{},False,,key4_placeholder_final_key_0.01,14,final_key,0.01,placeholder,4,0.0051948051948051,True
0.0,0.01,0.0,0.0,0.0,1690,34,True,True,0,0.0311923027038574,{},False,,key4_placeholder_final_key_0.01,15,final_key,0.01,placeholder,4,0.0051948051948051,False
0.0,0.01,0.0,0.0,0.0,1690,34,True,True,0,0.0285120010375976,{},False,,key4_placeholder_final_key_0.01,16,final_key,0.01,placeholder,4,0.0051948051948051,False
0.0,0.01,0.0,0.0,0.0,1690,34,True,True,0,0.0254664421081542,{},False,,key4_placeholder_final_key_0.01,17,final_key,0.01,placeholder,4,0.0051948051948051,False
0.0,0.01,0.0,0.0,0.0,1690,34,True,True,0,0.0273833274841308,{},False,,key4_placeholder_final_key_0.01,18,final_key,0.01,placeholder,4,0.0051948051948051,False
0.0,0.01,0.0,0.0,0.0,1690,34,True,True,0,0.0349252223968505,{},False,,key4_placeholder_final_key_0.01,19,final_key,0.01,placeholder,4,0.0051948051948051,False
0.0,0.003,0.0,0.0,0.0,1690,34,True,True,0,0.0304176807403564,{},False,,key4_placeholder_final_key_0.003,0,final_key,0.003,placeholder,4,0.0051948051948051,False
0.0,0.003,0.0,0.0,0.0,1690,34,True,True,0,0.0269322395324707,{},False,,key4_placeholder_final_key_0.003,1,final_key,0.003,placeholder,4,0.0051948051948051,False
0.0,0.003,0.0,0.0,0.0,1690,34,True,True,0,0.031036376953125,{},False,,key4_placeholder_final_key_0.003,2,final_key,0.003,placeholder,4,0.0051948051948051,False
0.0,0.003,0.0,0.0,0.0,1690,34,True,True,0,0.0263547897338867,{},False,,key4_placeholder_final_key_0.003,3,final_key,0.003,placeholder,4,0.0051948051948051,False
0.0,0.003,0.0,0.0,0.0,1690,34,True,True,0,0.028904914855957,{},False,,key4_placeholder_final_key_0.003,4,final_key,0.003,placeholder,4,0.0051948051948051,False
0.0,0.003,0.0,0.0,0.0,1690,34,True,True,0,0.0293292999267578,{},False,,key4_placeholder_final_key_0.003,5,final_key,0.003,placeholder,4,0.0051948051948051,False
0.0,0.003,0.0,0.0,0.0,1690,34,True,True,0,0.0270047187805175,{},False,,key4_placeholder_final_key_0.003,6,final_key,0.003,placeholder,4,0.0051948051948051,False
0.0,0.003,0.0,0.0,0.0,1690,34,True,True,0,0.0258104801177978,{},False,,key4_placeholder_final_key_0.003,7,final_key,0.003,placeholder,4,0.0051948051948051,False
0.0,0.003,0.0,0.0,0.0,1690,34,True,True,0,0.0266430377960205,{},False,,key4_placeholder_final_key_0.003,8,final_key,0.003,placeholder,4,0.0051948051948051,False
0.0,0.003,0.0,0.0,0.0,1690,34,True,True,0,0.0277295112609863,{},False,,key4_placeholder_final_key_0.003,9,final_key,0.003,placeholder,4,0.0051948051948051,False
0.0,0.003,0.0,0.0,0.0,1690,34,True,True,0,0.0290279388427734,{},False,,key4_placeholder_final_key_0.003,10,final_key,0.003,placeholder,4,0.0051948051948051,False
0.0,0.003,0.0,0.0,0.0,1690,34,True,True,0,0.0262846946716308,{},False,,key4_placeholder_final_key_0.003,11,final_key,0.003,placeholder,4,0.0051948051948051,False
0.0,0.003,0.0,0.0,0.0,1690,34,True,True,0,0.0271878242492675,{},False,,key4_placeholder_final_key_0.003,12,final_key,0.003,placeholder,4,0.0051948051948051,False
0.0,0.003,0.0,0.0,0.0,1690,34,True,True,0,0.028965950012207,{},False,,key4_placeholder_final_key_0.003,13,final_key,0.003,placeholder,4,0.0051948051948051,False
0.0,0.003,0.0,0.0,0.0005787037037037,1690,34,False,False,875,0.0252025127410888,{},False,,key4_placeholder_final_key_0.003,14,final_key,0.003,placeholder,4,0.0051948051948051,True
0.0,0.003,0.0,0.0,0.0,1690,34,True,True,0,0.0319750308990478,{},False,,key4_placeholder_final_key_0.003,15,final_key,0.003,placeholder,4,0.0051948051948051,False
0.0,0.003,0.0,0.0,0.0,1690,34,True,True,0,0.0285718441009521,{},False,,key4_placeholder_final_key_0.003,16,final_key,0.003,placeholder,4,0.0051948051948051,False
0.0,0.003,0.0,0.0,0.0,1690,34,True,True,0,0.0268256664276123,{},False,,key4_placeholder_final_key_0.003,17,final_key,0.003,placeholder,4,0.0051948051948051,False
0.0,0.003,0.0,0.0,0.0,1690,34,True,True,0,0.0264437198638916,{},False,,key4_placeholder_final_key_0.003,18,final_key,0.003,placeholder,4,0.0051948051948051,False
0.0,0.003,0.0,0.0,0.0,1690,34,True,True,0,0.0304620265960693,{},False,,key4_placeholder_final_key_0.003,19,final_key,0.003,placeholder,4,0.0051948051948051,False
0.0,0.001,0.0,0.0,0.0,1690,34,True,True,0,0.0255992412567138,{},False,,key4_placeholder_final_key_0.001,0,final_key,0.001,placeholder,4,0.0051948051948051,False
0.0,0.001,0.0,0.0,0.0,1690,34,True,True,0,0.0251696109771728,{},False,,key4_placeholder_final_key_0.001,1,final_key,0.001,placeholder,4,0.0051948051948051,False
0.0,0.001,0.0,0.0,0.0,1690,34,True,True,0,0.0298850536346435,{},False,,key4_placeholder_final_key_0.001,2,final_key,0.001,placeholder,4,0.0051948051948051,False
0.0,0.001,0.0,0.0,0.0,1690,34,True,True,0,0.0262320041656494,{},False,,key4_placeholder_final_key_0.001,3,final_key,0.001,placeholder,4,0.0051948051948051,False
0.0,0.001,0.0,0.0,0.0,1690,34,True,True,0,0.0273363590240478,{},False,,key4_placeholder_final_key_0.001,4,final_key,0.001,placeholder,4,0.0051948051948051,False
0.0,0.001,0.0,0.0,0.0,1690,34,True,True,0,0.0301570892333984,{},False,,key4_placeholder_final_key_0.001,5,final_key,0.001,placeholder,4,0.0051948051948051,False
0.0,0.001,0.0,0.0,0.0,1690,34,True,True,0,0.0282576084136962,{},False,,key4_placeholder_final_key_0.001,6,final_key,0.001,placeholder,4,0.0051948051948051,False
0.0,0.001,0.0,0.0,0.0,1690,34,True,True,0,0.0259404182434082,{},False,,key4_placeholder_final_key_0.001,7,final_key,0.001,placeholder,4,0.0051948051948051,False
0.0,0.001,0.0,0.0,0.0,1690,34,True,True,0,0.026705265045166,{},False,,key4_placeholder_final_key_0.001,8,final_key,0.001,placeholder,4,0.0051948051948051,False
0.0,0.001,0.0,0.0,0.0,1690,34,True,True,0,0.0261917114257812,{},False,,key4_placeholder_final_key_0.001,9,final_key,0.001,placeholder,4,0.0051948051948051,False
0.0,0.001,0.0,0.0,0.0,1690,34,True,True,0,0.0296590328216552,{},False,,key4_placeholder_final_key_0.001,10,final_key,0.001,placeholder,4,0.0051948051948051,False
0.0,0.001,0.0,0.0,0.0,1690,34,True,True,0,0.0254523754119873,{},False,,key4_placeholder_final_key_0.001,11,final_key,0.001,placeholder,4,0.0051948051948051,False
0.0,0.001,0.0,0.0,0.0,1690,34,True,True,0,0.0272858142852783,{},False,,key4_placeholder_final_key_0.001,12,final_key,0.001,placeholder,4,0.0051948051948051,False
0.0,0.001,0.0,0.0,0.0,1690,34,True,True,0,0.0304439067840576,{},False,,key4_placeholder_final_key_0.001,13,final_key,0.001,placeholder,4,0.0051948051948051,False
0.0,0.001,0.0,0.0,0.0005787037037037,1690,34,False,False,825,0.0259914398193359,{},False,,key4_placeholder_final_key_0.001,14,final_key,0.001,placeholder,4,0.0051948051948051,True
0.0,0.001,0.0,0.0,0.0,1690,34,True,True,0,0.0362474918365478,{},False,,key4_placeholder_final_key_0.001,15,final_key,0.001,placeholder,4,0.0051948051948051,False
0.0,0.001,0.0,0.0,0.0,1690,34,True,True,0,0.0317261219024658,{},False,,key4_placeholder_final_key_0.001,16,final_key,0.001,placeholder,4,0.0051948051948051,False
0.0,0.001,0.0,0.0,0.0,1690,34,True,True,0,0.0260090827941894,{},False,,key4_placeholder_final_key_0.001,17,final_key,0.001,placeholder,4,0.0051948051948051,False
0.0,0.001,0.0,0.0,0.0,1690,34,True,True,0,0.0268073081970214,{},False,,key4_placeholder_final_key_0.001,18,final_key,0.001,placeholder,4,0.0051948051948051,False
0.0,0.001,0.0,0.0,0.0,1690,34,True,True,0,0.028937816619873,{},False,,key4_placeholder_final_key_0.001,19,final_key,0.001,placeholder,4,0.0051948051948051,False
0.0,0.0,0.5,0.0,0.0054976851851851,1690,34,False,False,858,0.034456729888916,{'reconciliation_state': 15},False,,key4_placeholder_reconciliation_0.5,0,reconciliation,0.5,placeholder,4,0.0051948051948051,True
0.0,0.0,0.5,0.0,0.0046296296296296,1690,34,False,False,853,0.031787633895874,{'reconciliation_state': 10},False,,key4_placeholder_reconciliation_0.5,1,reconciliation,0.5,placeholder,4,0.0051948051948051,True
0.0,0.0,0.5,0.0,0.0054976851851851,1690,34,False,False,886,0.034698486328125,{'reconciliation_state': 14},False,,key4_placeholder_reconciliation_0.5,2,reconciliation,0.5,placeholder,4,0.0051948051948051,True
0.0,0.0,0.5,0.0,0.0040509259259259,1690,34,False,False,872,0.0281612873077392,{'reconciliation_state': 10},False,,key4_placeholder_reconciliation_0.5,3,reconciliation,0.5,placeholder,4,0.0051948051948051,True
0.0,0.0,0.5,0.0,0.005787037037037,1690,34,False,False,816,0.0308828353881835,{'reconciliation_state': 12},False,,key4_placeholder_reconciliation_0.5,4,reconciliation,0.5,placeholder,4,0.0051948051948051,True
0.0,0.0,0.5,0.0,0.0060763888888888,1690,34,False,False,863,0.0307674407958984,{'reconciliation_state': 11},False,,key4_placeholder_reconciliation_0.5,5,reconciliation,0.5,placeholder,4,0.0051948051948051,True
0.0,0.0,0.5,0.0,0.0066550925925925,1690,34,False,False,854,0.0309386253356933,{'reconciliation_state': 16},False,,key4_placeholder_reconciliation_0.5,6,reconciliation,0.5,placeholder,4,0.0051948051948051,True
0.0,0.0,0.5,0.0,0.0066550925925925,1690,34,False,False,858,0.0303499698638916,{'reconciliation_state': 14},False,,key4_placeholder_reconciliation_0.5,7,reconciliation,0.5,placeholder,4,0.0051948051948051,True
0.0,0.0,0.5,0.0,0.0063657407407407,1690,34,False,False,835,0.0315032005310058,{'reconciliation_state': 15},False,,key4_placeholder_reconciliation_0.5,8,reconciliation,0.5,placeholder,4,0.0051948051948051,True
0.0,0.0,0.5,0.0,0.0046296296296296,1690,34,False,False,860,0.035433292388916,{'reconciliation_state': 12},False,,key4_placeholder_reconciliation_0.5,9,reconciliation,0.5,placeholder,4,0.0051948051948051,True
0.0,0.0,0.5,0.0,0.005787037037037,1690,34,False,False,840,0.0320799350738525,{'reconciliation_state': 14},False,,key4_placeholder_reconciliation_0.5,10,reconciliation,0.5,placeholder,4,0.0051948051948051,True
0.0,0.0,0.5,0.0,0.0060763888888888,1690,34,False,False,894,0.0340349674224853,{'reconciliation_state': 18},False,,key4_placeholder_reconciliation_0.5,11,reconciliation,0.5,placeholder,4,0.0051948051948051,True
0.0,0.0,0.5,0.0,0.0043402777777777,1690,34,False,False,873,0.0362472534179687,{'reconciliation_state': 15},False,,key4_placeholder_reconciliation_0.5,12,reconciliation,0.5,placeholder,4,0.0051948051948051,True
0.0,0.0,0.5,0.0,0.0063657407407407,1690,34,False,False,832,0.0301294326782226,{'reconciliation_state': 14},False,,key4_placeholder_reconciliation_0.5,13,reconciliation,0.5,placeholder,4,0.0051948051948051,True
0.0,0.0,0.5,0.0,0.0066550925925925,1690,34,False,False,808,0.0323936939239501,{'reconciliation_state': 15},False,,key4_placeholder_reconciliation_0.5,14,reconciliation,0.5,placeholder,4,0.0051948051948051,True
0.0,0.0,0.5,0.0,0.0081018518518518,1690,34,False,False,805,0.0294218063354492,{'reconciliation_state': 15},False,,key4_placeholder_reconciliation_0.5,15,reconciliation,0.5,placeholder,4,0.0051948051948051,True
0.0,0.0,0.5,0.0,0.0060763888888888,1690,34,False,False,876,0.0315604209899902,{'reconciliation_state': 11},False,,key4_placeholder_reconciliation_0.5,16,reconciliation,0.5,placeholder,4,0.0051948051948051,True
0.0,0.0,0.5,0.0,0.0054976851851851,1690,34,False,False,819,0.0284390449523925,{'reconciliation_state': 9},False,,key4_placeholder_reconciliation_0.5,17,reconciliation,0.5,placeholder,4,0.0051948051948051,True
0.0,0.0,0.5,0.0,0.0043402777777777,1690,34,False,False,854,0.0339009761810302,{'reconciliation_state': 13},False,,key4_placeholder_reconciliation_0.5,18,reconciliation,0.5,placeholder,4,0.0051948051948051,True
0.0,0.0,0.5,0.0,0.0078125,1690,34,False,False,831,0.028482437133789,{'reconciliation_state': 16},False,,key4_placeholder_reconciliation_0.5,19,reconciliation,0.5,placeholder,4,0.0051948051948051,True
0.0,0.0,0.3,0.0,0.003761574074074,1690,34,False,False,846,0.0310053825378417,{'reconciliation_state': 12},False,,key4_placeholder_reconciliation_0.3,0,reconciliation,0.3,placeholder,4,0.0051948051948051,True
0.0,0.0,0.3,0.0,0.0046296296296296,1690,34,False,False,806,0.0247919559478759,{'reconciliation_state': 2},False,,key4_placeholder_reconciliation_0.3,1,reconciliation,0.3,placeholder,4,0.0051948051948051,True
0.0,0.0,0.3,0.0,0.0028935185185185,1690,34,False,False,846,0.0334198474884033,{'reconciliation_state': 10},False,,key4_placeholder_reconciliation_0.3,2,reconciliation,0.3,placeholder,4,0.0051948051948051,True
0.0,0.0,0.3,0.0,0.0023148148148148,1690,34,False,False,851,0.0323922634124755,{'reconciliation_state': 7},False,,key4_placeholder_reconciliation_0.3,3,reconciliation,0.3,placeholder,4,0.0051948051948051,True
0.0,0.0,0.3,0.0,0.0031828703703703,1690,34,False,False,808,0.031623363494873,{'reconciliation_state': 8},False,,key4_placeholder_reconciliation_0.3,4,reconciliation,0.3,placeholder,4,0.0051948051948051,True
0.0,0.0,0.3,0.0,0.0034722222222222,1690,34,False,False,832,0.0324773788452148,{'reconciliation_state': 11},False,,key4_placeholder_reconciliation_0.3,5,reconciliation,0.3,placeholder,4,0.0051948051948051,True
0.0,0.0,0.3,0.0,0.003761574074074,1690,34,False,False,879,0.0303921699523925,{'reconciliation_state': 10},False,,key4_placeholder_reconciliation_0.3,6,reconciliation,0.3,placeholder,4,0.0051948051948051,True
0.0,0.0,0.3,0.0,0.0028935185185185,1690,34,False,False,816,0.0375068187713623,{'reconciliation_state': 10},False,,key4_placeholder_reconciliation_0.3,7,reconciliation,0.3,placeholder,4,0.0051948051948051,True
0.0,0.0,0.3,0.0,0.0040509259259259,1690,34,False,False,841,0.0322985649108886,{'reconciliation_state': 10},False,,key4_placeholder_reconciliation_0.3,8,reconciliation,0.3,placeholder,4,0.0051948051948051,True
0.0,0.0,0.3,0.0,0.0023148148148148,1690,34,False,False,866,0.0349047183990478,{'reconciliation_state': 8},False,,key4_placeholder_reconciliation_0.3,9,reconciliation,0.3,placeholder,4,0.0051948051948051,True
0.0,0.0,0.3,0.0,0.0043402777777777,1690,34,False,False,825,0.0317423343658447,{'reconciliation_state': 14},False,,key4_placeholder_reconciliation_0.3,10,reconciliation,0.3,placeholder,4,0.0051948051948051,True
0.0,0.0,0.3,0.0,0.0026041666666666,1690,34,False,False,883,0.0337214469909668,{'reconciliation_state': 8},False,,key4_placeholder_reconciliation_0.3,11,reconciliation,0.3,placeholder,4,0.0051948051948051,True
0.0,0.0,0.3,0.0,0.0026041666666666,1690,34,False,False,818,0.0306756496429443,{'reconciliation_state': 8},False,,key4_placeholder_reconciliation_0.3,12,reconciliation,0.3,placeholder,4,0.0051948051948051,True
0.0,0.0,0.3,0.0,0.0023148148148148,1690,34,False,False,849,0.0319716930389404,{'reconciliation_state': 7},False,,key4_placeholder_reconciliation_0.3,13,reconciliation,0.3,placeholder,4,0.0051948051948051,True
0.0,0.0,0.3,0.0,0.0046296296296296,1690,34,False,False,821,0.0348646640777587,{'reconciliation_state': 13},False,,key4_placeholder_reconciliation_0.3,14,reconciliation,0.3,placeholder,4,0.0051948051948051,True
0.0,0.0,0.3,0.0,0.0060763888888888,1690,34,False,False,816,0.0316188335418701,{'reconciliation_state': 12},False,,key4_placeholder_reconciliation_0.3,15,reconciliation,0.3,placeholder,4,0.0051948051948051,True
0.0,0.0,0.3,0.0,0.0034722222222222,1690,34,False,False,821,0.0300846099853515,{'reconciliation_state': 10},False,,key4_placeholder_reconciliation_0.3,16,reconciliation,0.3,placeholder,4,0.0051948051948051,True
0.0,0.0,0.3,0.0,0.003761574074074,1690,34,False,False,883,0.0297737121582031,{'reconciliation_state': 8},False,,key4_placeholder_reconciliation_0.3,17,reconciliation,0.3,placeholder,4,0.0051948051948051,True
0.0,0.0,0.3,0.0,0.0026041666666666,1690,34,False,False,855,0.0314183235168457,{'reconciliation_state': 9},False,,key4_placeholder_reconciliation_0.3,18,reconciliation,0.3,placeholder,4,0.0051948051948051,True
0.0,0.0,0.3,0.0,0.0046296296296296,1690,34,False,False,847,0.0294911861419677,{'reconciliation_state': 9},False,,key4_placeholder_reconciliation_0.3,19,reconciliation,0.3,placeholder,4,0.0051948051948051,True
0.0,0.0,0.1,0.0,0.0005787037037037,1690,34,False,False,830,0.0307092666625976,{'reconciliation_state': 2},False,,key4_placeholder_reconciliation_0.1,0,reconciliation,0.1,placeholder,4,0.0051948051948051,True
0.0,0.0,0.1,0.0,0.0046296296296296,1690,34,False,False,843,0.0244522094726562,{'reconciliation_state': 2},False,,key4_placeholder_reconciliation_0.1,1,reconciliation,0.1,placeholder,4,0.0051948051948051,True
0.0,0.0,0.1,0.0,0.0017361111111111,1690,34,False,False,869,0.035679817199707,{'reconciliation_state': 6},False,,key4_placeholder_reconciliation_0.1,2,reconciliation,0.1,placeholder,4,0.0051948051948051,True
0.0,0.0,0.1,0.0,0.0002893518518518,1690,34,False,False,827,0.0285379886627197,{'reconciliation_state': 1},False,,key4_placeholder_reconciliation_0.1,3,reconciliation,0.1,placeholder,4,0.0051948051948051,True
0.0,0.0,0.1,0.0,0.0008680555555555,1690,34,False,False,868,0.0290195941925048,{'reconciliation_state': 3},False,,key4_placeholder_reconciliation_0.1,4,reconciliation,0.1,placeholder,4,0.0051948051948051,True
0.0,0.0,0.1,0.0,0.0017361111111111,1690,34,False,False,850,0.0333273410797119,{'reconciliation_state': 6},False,,key4_placeholder_reconciliation_0.1,5,reconciliation,0.1,placeholder,4,0.0051948051948051,True
0.0,0.0,0.1,0.0,0.0008680555555555,1690,34,False,False,819,0.0313136577606201,{'reconciliation_state': 3},False,,key4_placeholder_reconciliation_0.1,6,reconciliation,0.1,placeholder,4,0.0051948051948051,True
0.0,0.0,0.1,0.0,0.0008680555555555,1690,34,False,False,820,0.0331578254699707,{'reconciliation_state': 3},False,,key4_placeholder_reconciliation_0.1,7,reconciliation,0.1,placeholder,4,0.0051948051948051,True
0.0,0.0,0.1,0.0,0.0017361111111111,1690,34,False,False,844,0.0298159122467041,{'reconciliation_state': 5},False,,key4_placeholder_reconciliation_0.1,8,reconciliation,0.1,placeholder,4,0.0051948051948051,True
0.0,0.0,0.1,0.0,0.0011574074074074,1690,34,False,False,815,0.0313389301300048,{'reconciliation_state': 4},False,,key4_placeholder_reconciliation_0.1,9,reconciliation,0.1,placeholder,4,0.0051948051948051,True
0.0,0.0,0.1,0.0,0.0017361111111111,1690,34,False,False,862,0.033179759979248,{'reconciliation_state': 5},False,,key4_placeholder_reconciliation_0.1,10,reconciliation,0.1,placeholder,4,0.0051948051948051,True
0.0,0.0,0.1,0.0,0.0020254629629629,1690,34,False,False,866,0.0307371616363525,{'reconciliation_state': 5},False,,key4_placeholder_reconciliation_0.1,11,reconciliation,0.1,placeholder,4,0.0051948051948051,True
0.0,0.0,0.1,0.0,0.0011574074074074,1690,34,False,False,865,0.0317685604095459,{'reconciliation_state': 4},False,,key4_placeholder_reconciliation_0.1,12,reconciliation,0.1,placeholder,4,0.0051948051948051,True
0.0,0.0,0.1,0.0,0.0005787037037037,1690,34,False,False,836,0.0326035022735595,{'reconciliation_state': 2},False,,key4_placeholder_reconciliation_0.1,13,reconciliation,0.1,placeholder,4,0.0051948051948051,True
0.0,0.0,0.1,0.0,0.0014467592592592,1690,34,False,False,802,0.0328669548034668,{'reconciliation_state': 3},False,,key4_placeholder_reconciliation_0.1,14,reconciliation,0.1,placeholder,4,0.0051948051948051,True
0.0,0.0,0.1,0.0,0.0008680555555555,1690,34,False,False,865,0.0305855274200439,{'reconciliation_state': 3},False,,key4_placeholder_reconciliation_0.1,15,reconciliation,0.1,placeholder,4,0.0051948051948051,True
0.0,0.0,0.1,0.0,0.0026041666666666,1690,34,False,False,812,0.0303385257720947,{'reconciliation_state': 5},False,,key4_placeholder_reconciliation_0.1,16,reconciliation,0.1,placeholder,4,0.0051948051948051,True
0.0,0.0,0.1,0.0,0.0017361111111111,1690,34,False,False,812,0.0281634330749511,{'reconciliation_state': 4},False,,key4_placeholder_reconciliation_0.1,17,reconciliation,0.1,placeholder,4,0.0051948051948051,True
0.0,0.0,0.1,0.0,0.0005787037037037,1690,34,False,False,852,0.0363352298736572,{'reconciliation_state': 2},False,,key4_placeholder_reconciliation_0.1,18,reconciliation,0.1,placeholder,4,0.0051948051948051,True
0.0,0.0,0.1,0.0,0.0005787037037037,1690,34,False,False,840,0.0284433364868164,{'reconciliation_state': 2},False,,key4_placeholder_reconciliation_0.1,19,reconciliation,0.1,placeholder,4,0.0051948051948051,True
0.0,0.0,0.05,0.0,0.0002893518518518,1690,34,False,False,879,0.0275251865386962,{'reconciliation_state': 1},False,,key4_placeholder_reconciliation_0.05,0,reconciliation,0.05,placeholder,4,0.0051948051948051,True
0.0,0.0,0.05,0.0,0.0005787037037037,1690,34,False,False,805,0.0318598747253418,{'reconciliation_state': 2},False,,key4_placeholder_reconciliation_0.05,1,reconciliation,0.05,placeholder,4,0.0051948051948051,True
0.0,0.0,0.05,0.0,0.0002893518518518,1690,34,False,False,828,0.0289902687072753,{'reconciliation_state': 1},False,,key4_placeholder_reconciliation_0.05,2,reconciliation,0.05,placeholder,4,0.0051948051948051,True
0.0,0.0,0.05,0.0,0.0,1690,34,True,True,0,0.0292718410491943,{},False,,key4_placeholder_reconciliation_0.05,3,reconciliation,0.05,placeholder,4,0.0051948051948051,False
0.0,0.0,0.05,0.0,0.0002893518518518,1690,34,False,False,848,0.0293941497802734,{'reconciliation_state': 1},False,,key4_placeholder_reconciliation_0.05,4,reconciliation,0.05,placeholder,4,0.0051948051948051,True
0.0,0.0,0.05,0.0,0.0017361111111111,1690,34,False,False,860,0.0297300815582275,{'reconciliation_state': 4},False,,key4_placeholder_reconciliation_0.05,5,reconciliation,0.05,placeholder,4,0.0051948051948051,True
0.0,0.0,0.05,0.0,0.0002893518518518,1690,34,False,False,853,0.0300140380859375,{'reconciliation_state': 1},False,,key4_placeholder_reconciliation_0.05,6,reconciliation,0.05,placeholder,4,0.0051948051948051,True
0.0,0.0,0.05,0.0,0.0,1690,34,True,True,0,0.0256385803222656,{},False,,key4_placeholder_reconciliation_0.05,7,reconciliation,0.05,placeholder,4,0.0051948051948051,False
0.0,0.0,0.05,0.0,0.0005787037037037,1690,34,False,False,824,0.0290415287017822,{'reconciliation_state': 2},False,,key4_placeholder_reconciliation_0.05,8,reconciliation,0.05,placeholder,4,0.0051948051948051,True
0.0,0.0,0.05,0.0,0.0005787037037037,1690,34,False,False,834,0.0331120491027832,{'reconciliation_state': 2},False,,key4_placeholder_reconciliation_0.05,9,reconciliation,0.05,placeholder,4,0.0051948051948051,True
0.0,0.0,0.05,0.0,0.0008680555555555,1690,34,False,False,822,0.0294845104217529,{'reconciliation_state': 3},False,,key4_placeholder_reconciliation_0.05,10,reconciliation,0.05,placeholder,4,0.0051948051948051,True
0.0,0.0,0.05,0.0,0.0005787037037037,1690,34,False,False,853,0.026435375213623,{'reconciliation_state': 2},False,,key4_placeholder_reconciliation_0.05,11,reconciliation,0.05,placeholder,4,0.0051948051948051,True
0.0,0.0,0.05,0.0,0.0005787037037037,1690,34,False,False,844,0.0312545299530029,{'reconciliation_state': 2},False,,key4_placeholder_reconciliation_0.05,12,reconciliation,0.05,placeholder,4,0.0051948051948051,True
0.0,0.0,0.05,0.0,0.0,1690,34,True,True,0,0.0286829471588134,{},False,,key4_placeholder_reconciliation_0.05,13,reconciliation,0.05,placeholder,4,0.0051948051948051,False
0.0,0.0,0.05,0.0,0.0011574074074074,1690,34,False,False,852,0.0274949073791503,{'reconciliation_state': 2},False,,key4_placeholder_reconciliation_0.05,14,reconciliation,0.05,placeholder,4,0.0051948051948051,True
0.0,0.0,0.05,0.0,0.0005787037037037,1690,34,False,False,889,0.0323264598846435,{'reconciliation_state': 2},False,,key4_placeholder_reconciliation_0.05,15,reconciliation,0.05,placeholder,4,0.0051948051948051,True
0.0,0.0,0.05,0.0,0.0008680555555555,1690,34,False,False,868,0.0304596424102783,{'reconciliation_state': 3},False,,key4_placeholder_reconciliation_0.05,16,reconciliation,0.05,placeholder,4,0.0051948051948051,True
0.0,0.0,0.05,0.0,0.0008680555555555,1690,34,False,False,897,0.0298128128051757,{'reconciliation_state': 3},False,,key4_placeholder_reconciliation_0.05,17,reconciliation,0.05,placeholder,4,0.0051948051948051,True
0.0,0.0,0.05,0.0,0.0005787037037037,1690,34,False,False,870,0.0329267978668212,{'reconciliation_state': 2},False,,key4_placeholder_reconciliation_0.05,18,reconciliation,0.05,placeholder,4,0.0051948051948051,True
0.0,0.0,0.05,0.0,0.0002893518518518,1690,34,False,False,830,0.0285279750823974,{'reconciliation_state': 1},False,,key4_placeholder_reconciliation_0.05,19,reconciliation,0.05,placeholder,4,0.0051948051948051,True
0.0,0.0,0.03,0.0,0.0002893518518518,1690,34,False,False,819,0.0275604724884033,{'reconciliation_state': 1},False,,key4_placeholder_reconciliation_0.03,0,reconciliation,0.03,placeholder,4,0.0051948051948051,True
0.0,0.0,0.03,0.0,0.0,1690,34,True,True,0,0.0266299247741699,{},False,,key4_placeholder_reconciliation_0.03,1,reconciliation,0.03,placeholder,4,0.0051948051948051,False
0.0,0.0,0.03,0.0,0.0002893518518518,1690,34,False,False,831,0.0295004844665527,{'reconciliation_state': 1},False,,key4_placeholder_reconciliation_0.03,2,reconciliation,0.03,placeholder,4,0.0051948051948051,True
0.0,0.0,0.03,0.0,0.0,1690,34,True,True,0,0.0267953872680664,{},False,,key4_placeholder_reconciliation_0.03,3,reconciliation,0.03,placeholder,4,0.0051948051948051,False
0.0,0.0,0.03,0.0,0.0002893518518518,1690,34,False,False,895,0.0305004119873046,{'reconciliation_state': 1},False,,key4_placeholder_reconciliation_0.03,4,reconciliation,0.03,placeholder,4,0.0051948051948051,True
0.0,0.0,0.03,0.0,0.0005787037037037,1690,34,False,False,848,0.0329790115356445,{'reconciliation_state': 2},False,,key4_placeholder_reconciliation_0.03,5,reconciliation,0.03,placeholder,4,0.0051948051948051,True
0.0,0.0,0.03,0.0,0.0002893518518518,1690,34,False,False,841,0.0307710170745849,{'reconciliation_state': 1},False,,key4_placeholder_reconciliation_0.03,6,reconciliation,0.03,placeholder,4,0.0051948051948051,True
0.0,0.0,0.03,0.0,0.0,1690,34,True,True,0,0.0272531509399414,{},False,,key4_placeholder_reconciliation_0.03,7,reconciliation,0.03,placeholder,4,0.0051948051948051,False
0.0,0.0,0.03,0.0,0.0005787037037037,1690,34,False,False,867,0.0297532081604003,{'reconciliation_state': 2},False,,key4_placeholder_reconciliation_0.03,8,reconciliation,0.03,placeholder,4,0.0051948051948051,True
0.0,0.0,0.03,0.0,0.0005787037037037,1690,34,False,False,814,0.0311710834503173,{'reconciliation_state': 2},False,,key4_placeholder_reconciliation_0.03,9,reconciliation,0.03,placeholder,4,0.0051948051948051,True
0.0,0.0,0.03,0.0,0.0002893518518518,1690,34,False,False,869,0.0311055183410644,{'reconciliation_state': 1},False,,key4_placeholder_reconciliation_0.03,10,reconciliation,0.03,placeholder,4,0.0051948051948051,True
0.0,0.0,0.03,0.0,0.0002893518518518,1690,34,False,False,822,0.0332300662994384,{'reconciliation_state': 1},False,,key4_placeholder_reconciliation_0.03,11,reconciliation,0.03,placeholder,4,0.0051948051948051,True
0.0,0.0,0.03,0.0,0.0002893518518518,1690,34,False,False,817,0.0327038764953613,{'reconciliation_state': 1},False,,key4_placeholder_reconciliation_0.03,12,reconciliation,0.03,placeholder,4,0.0051948051948051,True
0.0,0.0,0.03,0.0,0.0,1690,34,True,True,0,0.030236005783081,{},False,,key4_placeholder_reconciliation_0.03,13,reconciliation,0.03,placeholder,4,0.0051948051948051,False
0.0,0.0,0.03,0.0,0.0008680555555555,1690,34,False,False,821,0.0278084278106689,{'reconciliation_state': 1},False,,key4_placeholder_reconciliation_0.03,14,reconciliation,0.03,placeholder,4,0.0051948051948051,True
0.0,0.0,0.03,0.0,0.0005787037037037,1690,34,False,False,797,0.036539077758789,{'reconciliation_state': 2},False,,key4_placeholder_reconciliation_0.03,15,reconciliation,0.03,placeholder,4,0.0051948051948051,True
0.0,0.0,0.03,0.0,0.0008680555555555,1690,34,False,False,855,0.0302159786224365,{'reconciliation_state': 3},False,,key4_placeholder_reconciliation_0.03,16,reconciliation,0.03,placeholder,4,0.0051948051948051,True
0.0,0.0,0.03,0.0,0.0008680555555555,1690,34,False,False,830,0.0291419029235839,{'reconciliation_state': 3},False,,key4_placeholder_reconciliation_0.03,17,reconciliation,0.03,placeholder,4,0.0051948051948051,True
0.0,0.0,0.03,0.0,0.0005787037037037,1690,34,False,False,835,0.0336029529571533,{'reconciliation_state': 2},False,,key4_placeholder_reconciliation_0.03,18,reconciliation,0.03,placeholder,4,0.0051948051948051,True
0.0,0.0,0.03,0.0,0.0002893518518518,1690,34,False,False,874,0.0275826454162597,{'reconciliation_state': 1},False,,key4_placeholder_reconciliation_0.03,19,reconciliation,0.03,placeholder,4,0.0051948051948051,True
0.0,0.0,0.01,0.0,0.0,1690,34,True,True,0,0.02628755569458,{},False,,key4_placeholder_reconciliation_0.01,0,reconciliation,0.01,placeholder,4,0.0051948051948051,False
0.0,0.0,0.01,0.0,0.0,1690,34,True,True,0,0.0254960060119628,{},False,,key4_placeholder_reconciliation_0.01,1,reconciliation,0.01,placeholder,4,0.0051948051948051,False
0.0,0.0,0.01,0.0,0.0002893518518518,1690,34,False,False,856,0.0313329696655273,{'reconciliation_state': 1},False,,key4_placeholder_reconciliation_0.01,2,reconciliation,0.01,placeholder,4,0.0051948051948051,True
0.0,0.0,0.01,0.0,0.0,1690,34,True,True,0,0.0256686210632324,{},False,,key4_placeholder_reconciliation_0.01,3,reconciliation,0.01,placeholder,4,0.0051948051948051,False
0.0,0.0,0.01,0.0,0.0,1690,34,True,True,0,0.0269818305969238,{},False,,key4_placeholder_reconciliation_0.01,4,reconciliation,0.01,placeholder,4,0.0051948051948051,False
0.0,0.0,0.01,0.0,0.0,1690,34,True,True,0,0.0286769866943359,{},False,,key4_placeholder_reconciliation_0.01,5,reconciliation,0.01,placeholder,4,0.0051948051948051,False
0.0,0.0,0.01,0.0,0.0,1690,34,True,True,0,0.027116060256958,{},False,,key4_placeholder_reconciliation_0.01,6,reconciliation,0.01,placeholder,4,0.0051948051948051,False
0.0,0.0,0.01,0.0,0.0,1690,34,True,True,0,0.0267338752746582,{},False,,key4_placeholder_reconciliation_0.01,7,reconciliation,0.01,placeholder,4,0.0051948051948051,False
0.0,0.0,0.01,0.0,0.0002893518518518,1690,34,False,False,869,0.0278949737548828,{'reconciliation_state': 1},False,,key4_placeholder_reconciliation_0.01,8,reconciliation,0.01,placeholder,4,0.0051948051948051,True
0.0,0.0,0.01,0.0,0.0,1690,34,True,True,0,0.0259931087493896,{},False,,key4_placeholder_reconciliation_0.01,9,reconciliation,0.01,placeholder,4,0.0051948051948051,False
0.0,0.0,0.01,0.0,0.0,1690,34,True,True,0,0.0287432670593261,{},False,,key4_placeholder_reconciliation_0.01,10,reconciliation,0.01,placeholder,4,0.0051948051948051,False
0.0,0.0,0.01,0.0,0.0,1690,34,True,True,0,0.0257396697998046,{},False,,key4_placeholder_reconciliation_0.01,11,reconciliation,0.01,placeholder,4,0.0051948051948051,False
0.0,0.0,0.01,0.0,0.0,1690,34,True,True,0,0.0278663635253906,{},False,,key4_placeholder_reconciliation_0.01,12,reconciliation,0.01,placeholder,4,0.0051948051948051,False
0.0,0.0,0.01,0.0,0.0,1690,34,True,True,0,0.0290701389312744,{},False,,key4_placeholder_reconciliation_0.01,13,reconciliation,0.01,placeholder,4,0.0051948051948051,False
0.0,0.0,0.01,0.0,0.0008680555555555,1690,34,False,False,856,0.0281207561492919,{'reconciliation_state': 1},False,,key4_placeholder_reconciliation_0.01,14,reconciliation,0.01,placeholder,4,0.0051948051948051,True
0.0,0.0,0.01,0.0,0.0002893518518518,1690,34,False,False,860,0.0341050624847412,{'reconciliation_state': 1},False,,key4_placeholder_reconciliation_0.01,15,reconciliation,0.01,placeholder,4,0.0051948051948051,True
0.0,0.0,0.01,0.0,0.0002893518518518,1690,34,False,False,809,0.029876708984375,{'reconciliation_state': 1},False,,key4_placeholder_reconciliation_0.01,16,reconciliation,0.01,placeholder,4,0.0051948051948051,True
0.0,0.0,0.01,0.0,0.0,1690,34,True,True,0,0.0482368469238281,{},False,,key4_placeholder_reconciliation_0.01,17,reconciliation,0.01,placeholder,4,0.0051948051948051,False
0.0,0.0,0.01,0.0,0.0,1690,34,True,True,0,0.0431826114654541,{},False,,key4_placeholder_reconciliation_0.01,18,reconciliation,0.01,placeholder,4,0.0051948051948051,False
0.0,0.0,0.01,0.0,0.0,1690,34,True,True,0,0.0393669605255126,{},False,,key4_placeholder_reconciliation_0.01,19,reconciliation,0.01,placeholder,4,0.0051948051948051,False
0.0,0.0,0.003,0.0,0.0,1690,34,True,True,0,0.027153730392456,{},False,,key4_placeholder_reconciliation_0.003,0,reconciliation,0.003,placeholder,4,0.0051948051948051,False
0.0,0.0,0.003,0.0,0.0,1690,34,True,True,0,0.026008129119873,{},False,,key4_placeholder_reconciliation_0.003,1,reconciliation,0.003,placeholder,4,0.0051948051948051,False
0.0,0.0,0.003,0.0,0.0,1690,34,True,True,0,0.0303847789764404,{},False,,key4_placeholder_reconciliation_0.003,2,reconciliation,0.003,placeholder,4,0.0051948051948051,False
0.0,0.0,0.003,0.0,0.0,1690,34,True,True,0,0.0255513191223144,{},False,,key4_placeholder_reconciliation_0.003,3,reconciliation,0.003,placeholder,4,0.0051948051948051,False
0.0,0.0,0.003,0.0,0.0,1690,34,True,True,0,0.0271878242492675,{},False,,key4_placeholder_reconciliation_0.003,4,reconciliation,0.003,placeholder,4,0.0051948051948051,False
0.0,0.0,0.003,0.0,0.0,1690,34,True,True,0,0.0350446701049804,{},False,,key4_placeholder_reconciliation_0.003,5,reconciliation,0.003,placeholder,4,0.0051948051948051,False
0.0,0.0,0.003,0.0,0.0,1690,34,True,True,0,0.0254175662994384,{},False,,key4_placeholder_reconciliation_0.003,6,reconciliation,0.003,placeholder,4,0.0051948051948051,False
0.0,0.0,0.003,0.0,0.0,1690,34,True,True,0,0.0258316993713378,{},False,,key4_placeholder_reconciliation_0.003,7,reconciliation,0.003,placeholder,4,0.0051948051948051,False
0.0,0.0,0.003,0.0,0.0,1690,34,True,True,0,0.0274560451507568,{},False,,key4_placeholder_reconciliation_0.003,8,reconciliation,0.003,placeholder,4,0.0051948051948051,False
0.0,0.0,0.003,0.0,0.0,1690,34,True,True,0,0.026116132736206,{},False,,key4_placeholder_reconciliation_0.003,9,reconciliation,0.003,placeholder,4,0.0051948051948051,False
0.0,0.0,0.003,0.0,0.0,1690,34,True,True,0,0.0310640335083007,{},False,,key4_placeholder_reconciliation_0.003,10,reconciliation,0.003,placeholder,4,0.0051948051948051,False
0.0,0.0,0.003,0.0,0.0,1690,34,True,True,0,0.0259852409362792,{},False,,key4_placeholder_reconciliation_0.003,11,reconciliation,0.003,placeholder,4,0.0051948051948051,False
0.0,0.0,0.003,0.0,0.0,1690,34,True,True,0,0.0269684791564941,{},False,,key4_placeholder_reconciliation_0.003,12,reconciliation,0.003,placeholder,4,0.0051948051948051,False
0.0,0.0,0.003,0.0,0.0,1690,34,True,True,0,0.0313601493835449,{},False,,key4_placeholder_reconciliation_0.003,13,reconciliation,0.003,placeholder,4,0.0051948051948051,False
0.0,0.0,0.003,0.0,0.0005787037037037,1690,34,False,False,859,0.0261485576629638,{},False,,key4_placeholder_reconciliation_0.003,14,reconciliation,0.003,placeholder,4,0.0051948051948051,True
0.0,0.0,0.003,0.0,0.0,1690,34,True,True,0,0.0301539897918701,{},False,,key4_placeholder_reconciliation_0.003,15,reconciliation,0.003,placeholder,4,0.0051948051948051,False
0.0,0.0,0.003,0.0,0.0002893518518518,1690,34,False,False,817,0.0331206321716308,{'reconciliation_state': 1},False,,key4_placeholder_reconciliation_0.003,16,reconciliation,0.003,placeholder,4,0.0051948051948051,True
0.0,0.0,0.003,0.0,0.0,1690,34,True,True,0,0.0258946418762207,{},False,,key4_placeholder_reconciliation_0.003,17,reconciliation,0.003,placeholder,4,0.0051948051948051,False
0.0,0.0,0.003,0.0,0.0,1690,34,True,True,0,0.0266454219818115,{},False,,key4_placeholder_reconciliation_0.003,18,reconciliation,0.003,placeholder,4,0.0051948051948051,False
0.0,0.0,0.003,0.0,0.0,1690,34,True,True,0,0.0275642871856689,{},False,,key4_placeholder_reconciliation_0.003,19,reconciliation,0.003,placeholder,4,0.0051948051948051,False
0.0,0.0,0.001,0.0,0.0,1690,34,True,True,0,0.0260407924652099,{},False,,key4_placeholder_reconciliation_0.001,0,reconciliation,0.001,placeholder,4,0.0051948051948051,False
0.0,0.0,0.001,0.0,0.0,1690,34,True,True,0,0.0288975238800048,{},False,,key4_placeholder_reconciliation_0.001,1,reconciliation,0.001,placeholder,4,0.0051948051948051,False
0.0,0.0,0.001,0.0,0.0,1690,34,True,True,0,0.0298743247985839,{},False,,key4_placeholder_reconciliation_0.001,2,reconciliation,0.001,placeholder,4,0.0051948051948051,False
0.0,0.0,0.001,0.0,0.0,1690,34,True,True,0,0.0260124206542968,{},False,,key4_placeholder_reconciliation_0.001,3,reconciliation,0.001,placeholder,4,0.0051948051948051,False
0.0,0.0,0.001,0.0,0.0,1690,34,True,True,0,0.0287439823150634,{},False,,key4_placeholder_reconciliation_0.001,4,reconciliation,0.001,placeholder,4,0.0051948051948051,False
0.0,0.0,0.001,0.0,0.0,1690,34,True,True,0,0.0317683219909668,{},False,,key4_placeholder_reconciliation_0.001,5,reconciliation,0.001,placeholder,4,0.0051948051948051,False
0.0,0.0,0.001,0.0,0.0,1690,34,True,True,0,0.0262095928192138,{},False,,key4_placeholder_reconciliation_0.001,6,reconciliation,0.001,placeholder,4,0.0051948051948051,False
0.0,0.0,0.001,0.0,0.0,1690,34,True,True,0,0.0259439945220947,{},False,,key4_placeholder_reconciliation_0.001,7,reconciliation,0.001,placeholder,4,0.0051948051948051,False
0.0,0.0,0.001,0.0,0.0,1690,34,True,True,0,0.0262696743011474,{},False,,key4_placeholder_reconciliation_0.001,8,reconciliation,0.001,placeholder,4,0.0051948051948051,False
0.0,0.0,0.001,0.0,0.0,1690,34,True,True,0,0.0265309810638427,{},False,,key4_placeholder_reconciliation_0.001,9,reconciliation,0.001,placeholder,4,0.0051948051948051,False
0.0,0.0,0.001,0.0,0.0,1690,34,True,True,0,0.0308642387390136,{},False,,key4_placeholder_reconciliation_0.001,10,reconciliation,0.001,placeholder,4,0.0051948051948051,False
0.0,0.0,0.001,0.0,0.0,1690,34,True,True,0,0.0259811878204345,{},False,,key4_placeholder_reconciliation_0.001,11,reconciliation,0.001,placeholder,4,0.0051948051948051,False
0.0,0.0,0.001,0.0,0.0,1690,34,True,True,0,0.0281388759613037,{},False,,key4_placeholder_reconciliation_0.001,12,reconciliation,0.001,placeholder,4,0.0051948051948051,False
0.0,0.0,0.001,0.0,0.0,1690,34,True,True,0,0.0321846008300781,{},False,,key4_placeholder_reconciliation_0.001,13,reconciliation,0.001,placeholder,4,0.0051948051948051,False
0.0,0.0,0.001,0.0,0.0005787037037037,1690,34,False,False,838,0.0256166458129882,{},False,,key4_placeholder_reconciliation_0.001,14,reconciliation,0.001,placeholder,4,0.0051948051948051,True
0.0,0.0,0.001,0.0,0.0,1690,34,True,True,0,0.0304329395294189,{},False,,key4_placeholder_reconciliation_0.001,15,reconciliation,0.001,placeholder,4,0.0051948051948051,False
0.0,0.0,0.001,0.0,0.0,1690,34,True,True,0,0.0281324386596679,{},False,,key4_placeholder_reconciliation_0.001,16,reconciliation,0.001,placeholder,4,0.0051948051948051,False
0.0,0.0,0.001,0.0,0.0,1690,34,True,True,0,0.0268640518188476,{},False,,key4_placeholder_reconciliation_0.001,17,reconciliation,0.001,placeholder,4,0.0051948051948051,False
0.0,0.0,0.001,0.0,0.0,1690,34,True,True,0,0.0265469551086425,{},False,,key4_placeholder_reconciliation_0.001,18,reconciliation,0.001,placeholder,4,0.0051948051948051,False
0.0,0.0,0.001,0.0,0.0,1690,34,True,True,0,0.0277447700500488,{},False,,key4_placeholder_reconciliation_0.001,19,reconciliation,0.001,placeholder,4,0.0051948051948051,False
