toeplitz_prob,final_key_prob,reconciliation_prob,verify_digest_prob,seed,output_path,k_pe,total_corrections,secure_key_length,t_verify,digest_length,verification_passed,remaining_errors_after_reconciliation,non_convergent,error,elapsed_seconds,faults_fired,length_mode,keys_match,alice_measurement_error,run,bob_output_path,alice_output_path,fault_type,prob,key_index,qber
0.0,0.5,0.0,0.0,42,results/bob_realchannel_run_tp0.0_fk0.5_rp0.0_vd0.0_seed42_20260826_221448_749270.json,390,33,1714,34,34,True,0,False,,1.7828185558319092,{'final_key': 1},placeholder,False,,0,results/bob_realchannel_run_tp0.0_fk0.5_rp0.0_vd0.0_seed42_20260826_221448_749270.json,results/alice_realchannel_run_seed42_20260826_221448_839056.json,final_key,0.5,0,0.0128205128205128
0.0,0.5,0.0,0.0,43,results/bob_realchannel_run_tp0.0_fk0.5_rp0.0_vd0.0_seed43_20260826_221452_250222.json,390,33,1714,34,34,True,0,False,,2.249911308288574,{},placeholder,True,,1,results/bob_realchannel_run_tp0.0_fk0.5_rp0.0_vd0.0_seed43_20260826_221452_250222.json,results/alice_realchannel_run_seed43_20260826_221452_359052.json,final_key,0.5,0,0.0128205128205128
0.0,0.5,0.0,0.0,44,results/bob_realchannel_run_tp0.0_fk0.5_rp0.0_vd0.0_seed44_20260826_221456_258737.json,390,33,1714,34,34,True,0,False,,2.461308479309082,{'final_key': 1},placeholder,False,,2,results/bob_realchannel_run_tp0.0_fk0.5_rp0.0_vd0.0_seed44_20260826_221456_258737.json,results/alice_realchannel_run_seed44_20260826_221456_341118.json,final_key,0.5,0,0.0128205128205128
0.0,0.5,0.0,0.0,45,results/bob_realchannel_run_tp0.0_fk0.5_rp0.0_vd0.0_seed45_20260826_221500_429365.json,390,33,1714,34,34,True,0,False,,2.3108067512512207,{},placeholder,True,,3,results/bob_realchannel_run_tp0.0_fk0.5_rp0.0_vd0.0_seed45_20260826_221500_429365.json,results/alice_realchannel_run_seed45_20260826_221500_521324.json,final_key,0.5,0,0.0128205128205128
0.0,0.5,0.0,0.0,46,results/bob_realchannel_run_tp0.0_fk0.5_rp0.0_vd0.0_seed46_20260826_221504_464214.json,390,33,1714,34,34,True,0,False,,2.195378303527832,{},placeholder,True,,4,results/bob_realchannel_run_tp0.0_fk0.5_rp0.0_vd0.0_seed46_20260826_221504_464214.json,results/alice_realchannel_run_seed46_20260826_221504_523755.json,final_key,0.5,0,0.0128205128205128
0.0,0.5,0.0,0.0,47,results/bob_realchannel_run_tp0.0_fk0.5_rp0.0_vd0.0_seed47_20260826_221508_333576.json,390,33,1714,34,34,True,0,False,,2.4183809757232666,{},placeholder,True,,5,results/bob_realchannel_run_tp0.0_fk0.5_rp0.0_vd0.0_seed47_20260826_221508_333576.json,results/alice_realchannel_run_seed47_20260826_221508_376793.json,final_key,0.5,0,0.0128205128205128
0.0,0.5,0.0,0.0,48,results/bob_realchannel_run_tp0.0_fk0.5_rp0.0_vd0.0_seed48_20260826_221512_408986.json,390,33,1714,34,34,True,0,False,,2.3708443641662598,{},placeholder,True,,6,results/bob_realchannel_run_tp0.0_fk0.5_rp0.0_vd0.0_seed48_20260826_221512_408986.json,results/alice_realchannel_run_seed48_20260826_221512_464375.json,final_key,0.5,0,0.0128205128205128
0.0,0.5,0.0,0.0,49,results/bob_realchannel_run_tp0.0_fk0.5_rp0.0_vd0.0_seed49_20260826_221516_498062.json,390,33,1714,34,34,True,0,False,,2.3977861404418945,{},placeholder,True,,7,results/bob_realchannel_run_tp0.0_fk0.5_rp0.0_vd0.0_seed49_20260826_221516_498062.json,results/alice_realchannel_run_seed49_20260826_221516_604957.json,final_key,0.5,0,0.0128205128205128
0.0,0.5,0.0,0.0,50,results/bob_realchannel_run_tp0.0_fk0.5_rp0.0_vd0.0_seed50_20260826_221520_697604.json,390,33,1714,34,34,True,0,False,,2.3904964923858643,{'final_key': 1},placeholder,False,,8,results/bob_realchannel_run_tp0.0_fk0.5_rp0.0_vd0.0_seed50_20260826_221520_697604.json,results/alice_realchannel_run_seed50_20260826_221520_784955.json,final_key,0.5,0,0.0128205128205128
0.0,0.5,0.0,0.0,51,results/bob_realchannel_run_tp0.0_fk0.5_rp0.0_vd0.0_seed51_20260826_221524_814566.json,390,33,1714,34,34,True,0,False,,2.389261484146118,{},placeholder,True,,9,results/bob_realchannel_run_tp0.0_fk0.5_rp0.0_vd0.0_seed51_20260826_221524_814566.json,results/alice_realchannel_run_seed51_20260826_221524_916755.json,final_key,0.5,0,0.0128205128205128
0.0,0.5,0.0,0.0,52,results/bob_realchannel_run_tp0.0_fk0.5_rp0.0_vd0.0_seed52_20260826_221528_935795.json,390,33,1714,34,34,True,0,False,,2.40047287940979,{'final_key': 1},placeholder,False,,10,results/bob_realchannel_run_tp0.0_fk0.5_rp0.0_vd0.0_seed52_20260826_221528_935795.json,results/alice_realchannel_run_seed52_20260826_221529_021652.json,final_key,0.5,0,0.0128205128205128
0.0,0.5,0.0,0.0,53,results/bob_realchannel_run_tp0.0_fk0.5_rp0.0_vd0.0_seed53_20260826_221533_084376.json,390,33,1714,34,34,True,0,False,,2.2799911499023438,{'final_key': 1},placeholder,False,,11,results/bob_realchannel_run_tp0.0_fk0.5_rp0.0_vd0.0_seed53_20260826_221533_084376.json,results/alice_realchannel_run_seed53_20260826_221533_151187.json,final_key,0.5,0,0.0128205128205128
0.0,0.5,0.0,0.0,54,results/bob_realchannel_run_tp0.0_fk0.5_rp0.0_vd0.0_seed54_20260826_221537_092784.json,390,33,1714,34,34,True,0,False,,2.251607656478882,{'final_key': 1},placeholder,False,,12,results/bob_realchannel_run_tp0.0_fk0.5_rp0.0_vd0.0_seed54_20260826_221537_092784.json,results/alice_realchannel_run_seed54_20260826_221537_201786.json,final_key,0.5,0,0.0128205128205128
0.0,0.5,0.0,0.0,55,results/bob_realchannel_run_tp0.0_fk0.5_rp0.0_vd0.0_seed55_20260826_221541_100022.json,390,33,1714,34,34,True,0,False,,2.315800905227661,{'final_key': 1},placeholder,False,,13,results/bob_realchannel_run_tp0.0_fk0.5_rp0.0_vd0.0_seed55_20260826_221541_100022.json,results/alice_realchannel_run_seed55_20260826_221541_202208.json,final_key,0.5,0,0.0128205128205128
0.0,0.5,0.0,0.0,56,results/bob_realchannel_run_tp0.0_fk0.5_rp0.0_vd0.0_seed56_20260826_221545_137254.json,390,33,1714,34,34,True,0,False,,2.3347020149230957,{},placeholder,True,,14,results/bob_realchannel_run_tp0.0_fk0.5_rp0.0_vd0.0_seed56_20260826_221545_137254.json,results/alice_realchannel_run_seed56_20260826_221545_186022.json,final_key,0.5,0,0.0128205128205128
0.0,0.5,0.0,0.0,57,results/bob_realchannel_run_tp0.0_fk0.5_rp0.0_vd0.0_seed57_20260826_221549_271522.json,390,33,1714,34,34,True,0,False,,1.6329758167266846,{},placeholder,True,,15,results/bob_realchannel_run_tp0.0_fk0.5_rp0.0_vd0.0_seed57_20260826_221549_271522.json,results/alice_realchannel_run_seed57_20260826_221549_327922.json,final_key,0.5,0,0.0128205128205128
0.0,0.5,0.0,0.0,58,results/bob_realchannel_run_tp0.0_fk0.5_rp0.0_vd0.0_seed58_20260826_221552_640997.json,390,33,1714,34,34,True,0,False,,2.2066802978515625,{'final_key': 1},placeholder,False,,16,results/bob_realchannel_run_tp0.0_fk0.5_rp0.0_vd0.0_seed58_20260826_221552_640997.json,results/alice_realchannel_run_seed58_20260826_221552_711694.json,final_key,0.5,0,0.0128205128205128
0.0,0.5,0.0,0.0,59,results/bob_realchannel_run_tp0.0_fk0.5_rp0.0_vd0.0_seed59_20260826_221556_508135.json,390,33,1714,34,34,True,0,False,,2.32844877243042,{'final_key': 1},placeholder,False,,17,results/bob_realchannel_run_tp0.0_fk0.5_rp0.0_vd0.0_seed59_20260826_221556_508135.json,results/alice_realchannel_run_seed59_20260826_221556_623912.json,final_key,0.5,0,0.0128205128205128
0.0,0.5,0.0,0.0,60,results/bob_realchannel_run_tp0.0_fk0.5_rp0.0_vd0.0_seed60_20260826_221600_701327.json,390,33,1714,34,34,True,0,False,,4.118595838546753,{'final_key': 1},placeholder,False,,18,results/bob_realchannel_run_tp0.0_fk0.5_rp0.0_vd0.0_seed60_20260826_221600_701327.json,results/alice_realchannel_run_seed60_20260826_221600_661072.json,final_key,0.5,0,0.0128205128205128
0.0,0.5,0.0,0.0,61,results/bob_realchannel_run_tp0.0_fk0.5_rp0.0_vd0.0_seed61_20260826_221606_496302.json,390,33,1714,34,34,True,0,False,,2.283522129058838,{},placeholder,True,,19,results/bob_realchannel_run_tp0.0_fk0.5_rp0.0_vd0.0_seed61_20260826_221606_496302.json,results/alice_realchannel_run_seed61_20260826_221606_578592.json,final_key,0.5,0,0.0128205128205128
0.0,0.3,0.0,0.0,42,results/bob_realchannel_run_tp0.0_fk0.3_rp0.0_vd0.0_seed42_20260826_221610_529826.json,390,33,1714,34,34,True,0,False,,2.2183849811553955,{'final_key': 1},placeholder,False,,0,results/bob_realchannel_run_tp0.0_fk0.3_rp0.0_vd0.0_seed42_20260826_221610_529826.json,results/alice_realchannel_run_seed42_20260826_221610_606976.json,final_key,0.3,0,0.0128205128205128
0.0,0.3,0.0,0.0,43,results/bob_realchannel_run_tp0.0_fk0.3_rp0.0_vd0.0_seed43_20260826_221614_425944.json,390,33,1714,34,34,True,0,False,,2.190059185028076,{},placeholder,True,,1,results/bob_realchannel_run_tp0.0_fk0.3_rp0.0_vd0.0_seed43_20260826_221614_425944.json,results/alice_realchannel_run_seed43_20260826_221614_473823.json,final_key,0.3,0,0.0128205128205128
0.0,0.3,0.0,0.0,44,results/bob_realchannel_run_tp0.0_fk0.3_rp0.0_vd0.0_seed44_20260826_221618_286994.json,390,33,1714,34,34,True,0,False,,2.4372901916503906,{},placeholder,True,,2,results/bob_realchannel_run_tp0.0_fk0.3_rp0.0_vd0.0_seed44_20260826_221618_286994.json,results/alice_realchannel_run_seed44_20260826_221618_341836.json,final_key,0.3,0,0.0128205128205128
0.0,0.3,0.0,0.0,45,results/bob_realchannel_run_tp0.0_fk0.3_rp0.0_vd0.0_seed45_20260826_221622_387872.json,390,33,1714,34,34,True,0,False,,2.3001151084899902,{},placeholder,True,,3,results/bob_realchannel_run_tp0.0_fk0.3_rp0.0_vd0.0_seed45_20260826_221622_387872.json,results/alice_realchannel_run_seed45_20260826_221622_476591.json,final_key,0.3,0,0.0128205128205128
0.0,0.3,0.0,0.0,46,results/bob_realchannel_run_tp0.0_fk0.3_rp0.0_vd0.0_seed46_20260826_221626_433656.json,390,33,1714,34,34,True,0,False,,2.209990978240967,{},placeholder,True,,4,results/bob_realchannel_run_tp0.0_fk0.3_rp0.0_vd0.0_seed46_20260826_221626_433656.json,results/alice_realchannel_run_seed46_20260826_221626_502166.json,final_key,0.3,0,0.0128205128205128
0.0,0.3,0.0,0.0,47,results/bob_realchannel_run_tp0.0_fk0.3_rp0.0_vd0.0_seed47_20260826_221630_313564.json,390,33,1714,34,34,True,0,False,,2.426607847213745,{},placeholder,True,,5,results/bob_realchannel_run_tp0.0_fk0.3_rp0.0_vd0.0_seed47_20260826_221630_313564.json,results/alice_realchannel_run_seed47_20260826_221630_358532.json,final_key,0.3,0,0.0128205128205128
0.0,0.3,0.0,0.0,48,results/bob_realchannel_run_tp0.0_fk0.3_rp0.0_vd0.0_seed48_20260826_221634_413598.json,390,33,1714,34,34,True,0,False,,2.40630841255188,{},placeholder,True,,6,results/bob_realchannel_run_tp0.0_fk0.3_rp0.0_vd0.0_seed48_20260826_221634_413598.json,results/alice_realchannel_run_seed48_20260826_221634_506155.json,final_key,0.3,0,0.0128205128205128
0.0,0.3,0.0,0.0,49,results/bob_realchannel_run_tp0.0_fk0.3_rp0.0_vd0.0_seed49_20260826_221638_572293.json,390,33,1714,34,34,True,0,False,,2.3918373584747314,{},placeholder,True,,7,results/bob_realchannel_run_tp0.0_fk0.3_rp0.0_vd0.0_seed49_20260826_221638_572293.json,results/alice_realchannel_run_seed49_20260826_221638_670540.json,final_key,0.3,0,0.0128205128205128
0.0,0.3,0.0,0.0,50,results/bob_realchannel_run_tp0.0_fk0.3_rp0.0_vd0.0_seed50_20260826_221642_696086.json,390,33,1714,34,34,True,0,False,,2.4042181968688965,{},placeholder,True,,8,results/bob_realchannel_run_tp0.0_fk0.3_rp0.0_vd0.0_seed50_20260826_221642_696086.json,results/alice_realchannel_run_seed50_20260826_221642_798479.json,final_key,0.3,0,0.0128205128205128
0.0,0.3,0.0,0.0,51,results/bob_realchannel_run_tp0.0_fk0.3_rp0.0_vd0.0_seed51_20260826_221646_849765.json,390,33,1714,34,34,True,0,False,,2.3904788494110107,{},placeholder,True,,9,results/bob_realchannel_run_tp0.0_fk0.3_rp0.0_vd0.0_seed51_20260826_221646_849765.json,results/alice_realchannel_run_seed51_20260826_221646_950389.json,final_key,0.3,0,0.0128205128205128
0.0,0.3,0.0,0.0,52,results/bob_realchannel_run_tp0.0_fk0.3_rp0.0_vd0.0_seed52_20260826_221650_987794.json,390,33,1714,34,34,True,0,False,,2.4082915782928467,{'final_key': 1},placeholder,False,,10,results/bob_realchannel_run_tp0.0_fk0.3_rp0.0_vd0.0_seed52_20260826_221650_987794.json,results/alice_realchannel_run_seed52_20260826_221651_078249.json,final_key,0.3,0,0.0128205128205128
0.0,0.3,0.0,0.0,53,results/bob_realchannel_run_tp0.0_fk0.3_rp0.0_vd0.0_seed53_20260826_221655_109255.json,390,33,1714,34,34,True,0,False,,2.306739568710327,{},placeholder,True,,11,results/bob_realchannel_run_tp0.0_fk0.3_rp0.0_vd0.0_seed53_20260826_221655_109255.json,results/alice_realchannel_run_seed53_20260826_221655_201441.json,final_key,0.3,0,0.0128205128205128
0.0,0.3,0.0,0.0,54,results/bob_realchannel_run_tp0.0_fk0.3_rp0.0_vd0.0_seed54_20260826_221659_159920.json,390,33,1714,34,34,True,0,False,,2.232241153717041,{'final_key': 1},placeholder,False,,12,results/bob_realchannel_run_tp0.0_fk0.3_rp0.0_vd0.0_seed54_20260826_221659_159920.json,results/alice_realchannel_run_seed54_20260826_221659_249311.json,final_key,0.3,0,0.0128205128205128
0.0,0.3,0.0,0.0,55,results/bob_realchannel_run_tp0.0_fk0.3_rp0.0_vd0.0_seed55_20260826_221703_132288.json,390,33,1714,34,34,True,0,False,,2.3197944164276123,{'final_key': 1},placeholder,False,,13,results/bob_realchannel_run_tp0.0_fk0.3_rp0.0_vd0.0_seed55_20260826_221703_132288.json,results/alice_realchannel_run_seed55_20260826_221703_240492.json,final_key,0.3,0,0.0128205128205128
0.0,0.3,0.0,0.0,56,results/bob_realchannel_run_tp0.0_fk0.3_rp0.0_vd0.0_seed56_20260826_221707_120200.json,390,33,1714,34,34,True,0,False,,2.3514926433563232,{},placeholder,True,,14,results/bob_realchannel_run_tp0.0_fk0.3_rp0.0_vd0.0_seed56_20260826_221707_120200.json,results/alice_realchannel_run_seed56_20260826_221707_185388.json,final_key,0.3,0,0.0128205128205128
0.0,0.3,0.0,0.0,57,results/bob_realchannel_run_tp0.0_fk0.3_rp0.0_vd0.0_seed57_20260826_221711_146741.json,390,33,1714,34,34,True,0,False,,2.521008253097534,{},placeholder,True,,15,results/bob_realchannel_run_tp0.0_fk0.3_rp0.0_vd0.0_seed57_20260826_221711_146741.json,results/alice_realchannel_run_seed57_20260826_221711_193721.json,final_key,0.3,0,0.0128205128205128
0.0,0.3,0.0,0.0,58,results/bob_realchannel_run_tp0.0_fk0.3_rp0.0_vd0.0_seed58_20260826_221715_321293.json,390,33,1714,34,34,True,0,False,,2.230565071105957,{'final_key': 1},placeholder,False,,16,results/bob_realchannel_run_tp0.0_fk0.3_rp0.0_vd0.0_seed58_20260826_221715_321293.json,results/alice_realchannel_run_seed58_20260826_221715_416080.json,final_key,0.3,0,0.0128205128205128
0.0,0.3,0.0,0.0,59,results/bob_realchannel_run_tp0.0_fk0.3_rp0.0_vd0.0_seed59_20260826_221719_237321.json,390,33,1714,34,34,True,0,False,,2.2863693237304688,{'final_key': 1},placeholder,False,,17,results/bob_realchannel_run_tp0.0_fk0.3_rp0.0_vd0.0_seed59_20260826_221719_237321.json,results/alice_realchannel_run_seed59_20260826_221719_314695.json,final_key,0.3,0,0.0128205128205128
0.0,0.3,0.0,0.0,60,results/bob_realchannel_run_tp0.0_fk0.3_rp0.0_vd0.0_seed60_20260826_221723_267019.json,390,33,1714,34,34,True,0,False,,2.2291171550750732,{'final_key': 1},placeholder,False,,18,results/bob_realchannel_run_tp0.0_fk0.3_rp0.0_vd0.0_seed60_20260826_221723_267019.json,results/alice_realchannel_run_seed60_20260826_221723_354629.json,final_key,0.3,0,0.0128205128205128
0.0,0.3,0.0,0.0,61,results/bob_realchannel_run_tp0.0_fk0.3_rp0.0_vd0.0_seed61_20260826_221727_239851.json,390,33,1714,34,34,True,0,False,,0.8958897590637207,{},placeholder,True,,19,results/bob_realchannel_run_tp0.0_fk0.3_rp0.0_vd0.0_seed61_20260826_221727_239851.json,results/alice_realchannel_run_seed61_20260826_221727_320680.json,final_key,0.3,0,0.0128205128205128
0.0,0.1,0.0,0.0,42,results/bob_realchannel_run_tp0.0_fk0.1_rp0.0_vd0.0_seed42_20260826_221729_880494.json,390,33,1714,34,34,True,0,False,,2.231029510498047,{},placeholder,True,,0,results/bob_realchannel_run_tp0.0_fk0.1_rp0.0_vd0.0_seed42_20260826_221729_880494.json,results/alice_realchannel_run_seed42_20260826_221729_970540.json,final_key,0.1,0,0.0128205128205128
0.0,0.1,0.0,0.0,43,results/bob_realchannel_run_tp0.0_fk0.1_rp0.0_vd0.0_seed43_20260826_221733_822425.json,390,33,1714,34,34,True,0,False,,2.2495062351226807,{},placeholder,True,,1,results/bob_realchannel_run_tp0.0_fk0.1_rp0.0_vd0.0_seed43_20260826_221733_822425.json,results/alice_realchannel_run_seed43_20260826_221733_934574.json,final_key,0.1,0,0.0128205128205128
0.0,0.1,0.0,0.0,44,results/bob_realchannel_run_tp0.0_fk0.1_rp0.0_vd0.0_seed44_20260826_221737_852806.json,390,33,1714,34,34,True,0,False,,2.442944288253784,{},placeholder,True,,2,results/bob_realchannel_run_tp0.0_fk0.1_rp0.0_vd0.0_seed44_20260826_221737_852806.json,results/alice_realchannel_run_seed44_20260826_221737_924210.json,final_key,0.1,0,0.0128205128205128
0.0,0.1,0.0,0.0,45,results/bob_realchannel_run_tp0.0_fk0.1_rp0.0_vd0.0_seed45_20260826_221742_047830.json,390,33,1714,34,34,True,0,False,,2.3119988441467285,{},placeholder,True,,3,results/bob_realchannel_run_tp0.0_fk0.1_rp0.0_vd0.0_seed45_20260826_221742_047830.json,results/alice_realchannel_run_seed45_20260826_221742_138817.json,final_key,0.1,0,0.0128205128205128
0.0,0.1,0.0,0.0,46,results/bob_realchannel_run_tp0.0_fk0.1_rp0.0_vd0.0_seed46_20260826_221746_116372.json,390,33,1714,34,34,True,0,False,,2.2271926403045654,{},placeholder,True,,4,results/bob_realchannel_run_tp0.0_fk0.1_rp0.0_vd0.0_seed46_20260826_221746_116372.json,results/alice_realchannel_run_seed46_20260826_221746_203666.json,final_key,0.1,0,0.0128205128205128
0.0,0.1,0.0,0.0,47,results/bob_realchannel_run_tp0.0_fk0.1_rp0.0_vd0.0_seed47_20260826_221750_085490.json,390,33,1714,34,34,True,0,False,,2.466012954711914,{},placeholder,True,,5,results/bob_realchannel_run_tp0.0_fk0.1_rp0.0_vd0.0_seed47_20260826_221750_085490.json,results/alice_realchannel_run_seed47_20260826_221750_174501.json,final_key,0.1,0,0.0128205128205128
0.0,0.1,0.0,0.0,48,results/bob_realchannel_run_tp0.0_fk0.1_rp0.0_vd0.0_seed48_20260826_221754_305612.json,390,33,1714,34,34,True,0,False,,2.3780508041381836,{},placeholder,True,,6,results/bob_realchannel_run_tp0.0_fk0.1_rp0.0_vd0.0_seed48_20260826_221754_305612.json,results/alice_realchannel_run_seed48_20260826_221754_370403.json,final_key,0.1,0,0.0128205128205128
0.0,0.1,0.0,0.0,49,results/bob_realchannel_run_tp0.0_fk0.1_rp0.0_vd0.0_seed49_20260826_221758_430931.json,390,33,1714,34,34,True,0,False,,2.380664825439453,{},placeholder,True,,7,results/bob_realchannel_run_tp0.0_fk0.1_rp0.0_vd0.0_seed49_20260826_221758_430931.json,results/alice_realchannel_run_seed49_20260826_221758_521800.json,final_key,0.1,0,0.0128205128205128
0.0,0.1,0.0,0.0,50,results/bob_realchannel_run_tp0.0_fk0.1_rp0.0_vd0.0_seed50_20260826_221802_555551.json,390,33,1714,34,34,True,0,False,,2.3885037899017334,{},placeholder,True,,8,results/bob_realchannel_run_tp0.0_fk0.1_rp0.0_vd0.0_seed50_20260826_221802_555551.json,results/alice_realchannel_run_seed50_20260826_221802_646309.json,final_key,0.1,0,0.0128205128205128
0.0,0.1,0.0,0.0,51,results/bob_realchannel_run_tp0.0_fk0.1_rp0.0_vd0.0_seed51_20260826_221806_639054.json,390,33,1714,34,34,True,0,False,,2.3889429569244385,{},placeholder,True,,9,results/bob_realchannel_run_tp0.0_fk0.1_rp0.0_vd0.0_seed51_20260826_221806_639054.json,results/alice_realchannel_run_seed51_20260826_221806_736796.json,final_key,0.1,0,0.0128205128205128
0.0,0.1,0.0,0.0,52,results/bob_realchannel_run_tp0.0_fk0.1_rp0.0_vd0.0_seed52_20260826_221810_778802.json,390,33,1714,34,34,True,0,False,,2.361278772354126,{'final_key': 1},placeholder,False,,10,results/bob_realchannel_run_tp0.0_fk0.1_rp0.0_vd0.0_seed52_20260826_221810_778802.json,results/alice_realchannel_run_seed52_20260826_221810_827668.json,final_key,0.1,0,0.0128205128205128
0.0,0.1,0.0,0.0,53,results/bob_realchannel_run_tp0.0_fk0.1_rp0.0_vd0.0_seed53_20260826_221814_806632.json,390,33,1714,34,34,True,0,False,,2.2650561332702637,{},placeholder,True,,11,results/bob_realchannel_run_tp0.0_fk0.1_rp0.0_vd0.0_seed53_20260826_221814_806632.json,results/alice_realchannel_run_seed53_20260826_221814_860202.json,final_key,0.1,0,0.0128205128205128
0.0,0.1,0.0,0.0,54,results/bob_realchannel_run_tp0.0_fk0.1_rp0.0_vd0.0_seed54_20260826_221818_750740.json,390,33,1714,34,34,True,0,False,,2.2093088626861572,{'final_key': 1},placeholder,False,,12,results/bob_realchannel_run_tp0.0_fk0.1_rp0.0_vd0.0_seed54_20260826_221818_750740.json,results/alice_realchannel_run_seed54_20260826_221818_815742.json,final_key,0.1,0,0.0128205128205128
0.0,0.1,0.0,0.0,55,results/bob_realchannel_run_tp0.0_fk0.1_rp0.0_vd0.0_seed55_20260826_221822_629848.json,390,33,1714,34,34,True,0,False,,2.2658963203430176,{},placeholder,True,,13,results/bob_realchannel_run_tp0.0_fk0.1_rp0.0_vd0.0_seed55_20260826_221822_629848.json,results/alice_realchannel_run_seed55_20260826_221822_686103.json,final_key,0.1,0,0.0128205128205128
0.0,0.1,0.0,0.0,56,results/bob_realchannel_run_tp0.0_fk0.1_rp0.0_vd0.0_seed56_20260826_221826_740967.json,390,33,1714,34,34,True,0,False,,3.726854085922241,{},placeholder,True,,14,results/bob_realchannel_run_tp0.0_fk0.1_rp0.0_vd0.0_seed56_20260826_221826_740967.json,results/alice_realchannel_run_seed56_20260826_221826_618824.json,final_key,0.1,0,0.0128205128205128
0.0,0.1,0.0,0.0,57,results/bob_realchannel_run_tp0.0_fk0.1_rp0.0_vd0.0_seed57_20260826_221832_173557.json,390,33,1714,34,34,True,0,False,,2.526366949081421,{},placeholder,True,,15,results/bob_realchannel_run_tp0.0_fk0.1_rp0.0_vd0.0_seed57_20260826_221832_173557.json,results/alice_realchannel_run_seed57_20260826_221832_225749.json,final_key,0.1,0,0.0128205128205128
0.0,0.1,0.0,0.0,58,results/bob_realchannel_run_tp0.0_fk0.1_rp0.0_vd0.0_seed58_20260826_221836_361343.json,390,33,1714,34,34,True,0,False,,2.1944963932037354,{},placeholder,True,,16,results/bob_realchannel_run_tp0.0_fk0.1_rp0.0_vd0.0_seed58_20260826_221836_361343.json,results/alice_realchannel_run_seed58_20260826_221836_417288.json,final_key,0.1,0,0.0128205128205128
0.0,0.1,0.0,0.0,59,results/bob_realchannel_run_tp0.0_fk0.1_rp0.0_vd0.0_seed59_20260826_221840_227735.json,390,33,1714,34,34,True,0,False,,1.3837370872497559,{},placeholder,True,,17,results/bob_realchannel_run_tp0.0_fk0.1_rp0.0_vd0.0_seed59_20260826_221840_227735.json,results/alice_realchannel_run_seed59_20260826_221840_270010.json,final_key,0.1,0,0.0128205128205128
0.0,0.1,0.0,0.0,60,results/bob_realchannel_run_tp0.0_fk0.1_rp0.0_vd0.0_seed60_20260826_221843_267764.json,390,33,1714,34,34,True,0,False,,2.2481191158294678,{},placeholder,True,,18,results/bob_realchannel_run_tp0.0_fk0.1_rp0.0_vd0.0_seed60_20260826_221843_267764.json,results/alice_realchannel_run_seed60_20260826_221843_374282.json,final_key,0.1,0,0.0128205128205128
0.0,0.1,0.0,0.0,61,results/bob_realchannel_run_tp0.0_fk0.1_rp0.0_vd0.0_seed61_20260826_221847_271423.json,390,33,1714,34,34,True,0,False,,2.2806665897369385,{},placeholder,True,,19,results/bob_realchannel_run_tp0.0_fk0.1_rp0.0_vd0.0_seed61_20260826_221847_271423.json,results/alice_realchannel_run_seed61_20260826_221847_352034.json,final_key,0.1,0,0.0128205128205128
0.0,0.05,0.0,0.0,42,results/bob_realchannel_run_tp0.0_fk0.05_rp0.0_vd0.0_seed42_20260826_221851_294283.json,390,33,1714,34,34,True,0,False,,2.2420642375946045,{},placeholder,True,,0,results/bob_realchannel_run_tp0.0_fk0.05_rp0.0_vd0.0_seed42_20260826_221851_294283.json,results/alice_realchannel_run_seed42_20260826_221851_396549.json,final_key,0.05,0,0.0128205128205128
0.0,0.05,0.0,0.0,43,results/bob_realchannel_run_tp0.0_fk0.05_rp0.0_vd0.0_seed43_20260826_221855_283887.json,390,33,1714,34,34,True,0,False,,2.18397855758667,{},placeholder,True,,1,results/bob_realchannel_run_tp0.0_fk0.05_rp0.0_vd0.0_seed43_20260826_221855_283887.json,results/alice_realchannel_run_seed43_20260826_221855_329235.json,final_key,0.05,0,0.0128205128205128
0.0,0.05,0.0,0.0,44,results/bob_realchannel_run_tp0.0_fk0.05_rp0.0_vd0.0_seed44_20260826_221859_263411.json,390,33,1714,34,34,True,0,False,,4.32427978515625,{},placeholder,True,,2,results/bob_realchannel_run_tp0.0_fk0.05_rp0.0_vd0.0_seed44_20260826_221859_263411.json,results/alice_realchannel_run_seed44_20260826_221859_194251.json,final_key,0.05,0,0.0128205128205128
0.0,0.05,0.0,0.0,45,results/bob_realchannel_run_tp0.0_fk0.05_rp0.0_vd0.0_seed45_20260826_221905_397561.json,390,33,1714,34,34,True,0,False,,4.214441537857056,{},placeholder,True,,3,results/bob_realchannel_run_tp0.0_fk0.05_rp0.0_vd0.0_seed45_20260826_221905_397561.json,results/alice_realchannel_run_seed45_20260826_221905_383708.json,final_key,0.05,0,0.0128205128205128
0.0,0.05,0.0,0.0,46,results/bob_realchannel_run_tp0.0_fk0.05_rp0.0_vd0.0_seed46_20260826_221911_277371.json,390,33,1714,34,34,True,0,False,,2.198150396347046,{},placeholder,True,,4,results/bob_realchannel_run_tp0.0_fk0.05_rp0.0_vd0.0_seed46_20260826_221911_277371.json,results/alice_realchannel_run_seed46_20260826_221911_340675.json,final_key,0.05,0,0.0128205128205128
0.0,0.05,0.0,0.0,47,results/bob_realchannel_run_tp0.0_fk0.05_rp0.0_vd0.0_seed47_20260826_221915_144018.json,390,33,1714,34,34,True,0,False,,1.5249817371368408,{},placeholder,True,,5,results/bob_realchannel_run_tp0.0_fk0.05_rp0.0_vd0.0_seed47_20260826_221915_144018.json,results/alice_realchannel_run_seed47_20260826_221915_197040.json,final_key,0.05,0,0.0128205128205128
0.0,0.05,0.0,0.0,48,results/bob_realchannel_run_tp0.0_fk0.05_rp0.0_vd0.0_seed48_20260826_221918_321905.json,390,33,1714,34,34,True,0,False,,1.5061485767364502,{},placeholder,True,,6,results/bob_realchannel_run_tp0.0_fk0.05_rp0.0_vd0.0_seed48_20260826_221918_321905.json,results/alice_realchannel_run_seed48_20260826_221918_417171.json,final_key,0.05,0,0.0128205128205128
0.0,0.05,0.0,0.0,49,results/bob_realchannel_run_tp0.0_fk0.05_rp0.0_vd0.0_seed49_20260826_221921_565342.json,390,33,1714,34,34,True,0,False,,2.3746490478515625,{},placeholder,True,,7,results/bob_realchannel_run_tp0.0_fk0.05_rp0.0_vd0.0_seed49_20260826_221921_565342.json,results/alice_realchannel_run_seed49_20260826_221921_649751.json,final_key,0.05,0,0.0128205128205128
0.0,0.05,0.0,0.0,50,results/bob_realchannel_run_tp0.0_fk0.05_rp0.0_vd0.0_seed50_20260826_221925_673533.json,390,33,1714,34,34,True,0,False,,2.382728099822998,{},placeholder,True,,8,results/bob_realchannel_run_tp0.0_fk0.05_rp0.0_vd0.0_seed50_20260826_221925_673533.json,results/alice_realchannel_run_seed50_20260826_221925_752804.json,final_key,0.05,0,0.0128205128205128
0.0,0.05,0.0,0.0,51,results/bob_realchannel_run_tp0.0_fk0.05_rp0.0_vd0.0_seed51_20260826_221929_717589.json,390,33,1714,34,34,True,0,False,,2.3623745441436768,{},placeholder,True,,9,results/bob_realchannel_run_tp0.0_fk0.05_rp0.0_vd0.0_seed51_20260826_221929_717589.json,results/alice_realchannel_run_seed51_20260826_221929_786761.json,final_key,0.05,0,0.0128205128205128
0.0,0.05,0.0,0.0,52,results/bob_realchannel_run_tp0.0_fk0.05_rp0.0_vd0.0_seed52_20260826_221933_748867.json,390,33,1714,34,34,True,0,False,,2.36668062210083,{},placeholder,True,,10,results/bob_realchannel_run_tp0.0_fk0.05_rp0.0_vd0.0_seed52_20260826_221933_748867.json,results/alice_realchannel_run_seed52_20260826_221933_801330.json,final_key,0.05,0,0.0128205128205128
0.0,0.05,0.0,0.0,53,results/bob_realchannel_run_tp0.0_fk0.05_rp0.0_vd0.0_seed53_20260826_221937_779965.json,390,33,1714,34,34,True,0,False,,2.300149917602539,{},placeholder,True,,11,results/bob_realchannel_run_tp0.0_fk0.05_rp0.0_vd0.0_seed53_20260826_221937_779965.json,results/alice_realchannel_run_seed53_20260826_221937_868469.json,final_key,0.05,0,0.0128205128205128
0.0,0.05,0.0,0.0,54,results/bob_realchannel_run_tp0.0_fk0.05_rp0.0_vd0.0_seed54_20260826_221941_820504.json,390,33,1714,34,34,True,0,False,,2.2035481929779053,{},placeholder,True,,12,results/bob_realchannel_run_tp0.0_fk0.05_rp0.0_vd0.0_seed54_20260826_221941_820504.json,results/alice_realchannel_run_seed54_20260826_221941_881983.json,final_key,0.05,0,0.0128205128205128
0.0,0.05,0.0,0.0,55,results/bob_realchannel_run_tp0.0_fk0.05_rp0.0_vd0.0_seed55_20260826_221945_679887.json,390,33,1714,34,34,True,0,False,,2.308309316635132,{},placeholder,True,,13,results/bob_realchannel_run_tp0.0_fk0.05_rp0.0_vd0.0_seed55_20260826_221945_679887.json,results/alice_realchannel_run_seed55_20260826_221945_772942.json,final_key,0.05,0,0.0128205128205128
0.0,0.05,0.0,0.0,56,results/bob_realchannel_run_tp0.0_fk0.05_rp0.0_vd0.0_seed56_20260826_221949_714418.json,390,33,1714,34,34,True,0,False,,2.3896241188049316,{},placeholder,True,,14,results/bob_realchannel_run_tp0.0_fk0.05_rp0.0_vd0.0_seed56_20260826_221949_714418.json,results/alice_realchannel_run_seed56_20260826_221949_810754.json,final_key,0.05,0,0.0128205128205128
0.0,0.05,0.0,0.0,57,results/bob_realchannel_run_tp0.0_fk0.05_rp0.0_vd0.0_seed57_20260826_221953_784352.json,390,33,1714,34,34,True,0,False,,2.555694580078125,{},placeholder,True,,15,results/bob_realchannel_run_tp0.0_fk0.05_rp0.0_vd0.0_seed57_20260826_221953_784352.json,results/alice_realchannel_run_seed57_20260826_221953_862125.json,final_key,0.05,0,0.0128205128205128
0.0,0.05,0.0,0.0,58,results/bob_realchannel_run_tp0.0_fk0.05_rp0.0_vd0.0_seed58_20260826_221958_048911.json,390,33,1714,34,34,True,0,False,,2.2347357273101807,{},placeholder,True,,16,results/bob_realchannel_run_tp0.0_fk0.05_rp0.0_vd0.0_seed58_20260826_221958_048911.json,results/alice_realchannel_run_seed58_20260826_221958_147361.json,final_key,0.05,0,0.0128205128205128
0.0,0.05,0.0,0.0,59,results/bob_realchannel_run_tp0.0_fk0.05_rp0.0_vd0.0_seed59_20260826_222001_985587.json,390,33,1714,34,34,True,0,False,,2.3143882751464844,{},placeholder,True,,17,results/bob_realchannel_run_tp0.0_fk0.05_rp0.0_vd0.0_seed59_20260826_222001_985587.json,results/alice_realchannel_run_seed59_20260826_222002_086079.json,final_key,0.05,0,0.0128205128205128
0.0,0.05,0.0,0.0,60,results/bob_realchannel_run_tp0.0_fk0.05_rp0.0_vd0.0_seed60_20260826_222006_021149.json,390,33,1714,34,34,True,0,False,,2.2387425899505615,{},placeholder,True,,18,results/bob_realchannel_run_tp0.0_fk0.05_rp0.0_vd0.0_seed60_20260826_222006_021149.json,results/alice_realchannel_run_seed60_20260826_222006_116846.json,final_key,0.05,0,0.0128205128205128
0.0,0.05,0.0,0.0,61,results/bob_realchannel_run_tp0.0_fk0.05_rp0.0_vd0.0_seed61_20260826_222009_994099.json,390,33,1714,34,34,True,0,False,,2.289870023727417,{},placeholder,True,,19,results/bob_realchannel_run_tp0.0_fk0.05_rp0.0_vd0.0_seed61_20260826_222009_994099.json,results/alice_realchannel_run_seed61_20260826_222010_083661.json,final_key,0.05,0,0.0128205128205128
0.0,0.03,0.0,0.0,42,results/bob_realchannel_run_tp0.0_fk0.03_rp0.0_vd0.0_seed42_20260826_222013_988741.json,390,33,1714,34,34,True,0,False,,2.2314040660858154,{},placeholder,True,,0,results/bob_realchannel_run_tp0.0_fk0.03_rp0.0_vd0.0_seed42_20260826_222013_988741.json,results/alice_realchannel_run_seed42_20260826_222014_079027.json,final_key,0.03,0,0.0128205128205128
0.0,0.03,0.0,0.0,43,results/bob_realchannel_run_tp0.0_fk0.03_rp0.0_vd0.0_seed43_20260826_222017_943815.json,390,33,1714,34,34,True,0,False,,2.2241196632385254,{},placeholder,True,,1,results/bob_realchannel_run_tp0.0_fk0.03_rp0.0_vd0.0_seed43_20260826_222017_943815.json,results/alice_realchannel_run_seed43_20260826_222018_025658.json,final_key,0.03,0,0.0128205128205128
0.0,0.03,0.0,0.0,44,results/bob_realchannel_run_tp0.0_fk0.03_rp0.0_vd0.0_seed44_20260826_222021_878484.json,390,33,1714,34,34,True,0,False,,2.053370952606201,{},placeholder,True,,2,results/bob_realchannel_run_tp0.0_fk0.03_rp0.0_vd0.0_seed44_20260826_222021_878484.json,results/alice_realchannel_run_seed44_20260826_222021_995235.json,final_key,0.03,0,0.0128205128205128
0.0,0.03,0.0,0.0,45,results/bob_realchannel_run_tp0.0_fk0.03_rp0.0_vd0.0_seed45_20260826_222025_637911.json,390,33,1714,34,34,True,0,False,,2.2987773418426514,{},placeholder,True,,3,results/bob_realchannel_run_tp0.0_fk0.03_rp0.0_vd0.0_seed45_20260826_222025_637911.json,results/alice_realchannel_run_seed45_20260826_222025_723804.json,final_key,0.03,0,0.0128205128205128
0.0,0.03,0.0,0.0,46,results/bob_realchannel_run_tp0.0_fk0.03_rp0.0_vd0.0_seed46_20260826_222029_639951.json,390,33,1714,34,34,True,0,False,,2.2398836612701416,{},placeholder,True,,4,results/bob_realchannel_run_tp0.0_fk0.03_rp0.0_vd0.0_seed46_20260826_222029_639951.json,results/alice_realchannel_run_seed46_20260826_222029_736187.json,final_key,0.03,0,0.0128205128205128
0.0,0.03,0.0,0.0,47,results/bob_realchannel_run_tp0.0_fk0.03_rp0.0_vd0.0_seed47_20260826_222033_615164.json,390,33,1714,34,34,True,0,False,,2.437366485595703,{},placeholder,True,,5,results/bob_realchannel_run_tp0.0_fk0.03_rp0.0_vd0.0_seed47_20260826_222033_615164.json,results/alice_realchannel_run_seed47_20260826_222033_678863.json,final_key,0.03,0,0.0128205128205128
0.0,0.03,0.0,0.0,48,results/bob_realchannel_run_tp0.0_fk0.03_rp0.0_vd0.0_seed48_20260826_222037_765449.json,390,33,1714,34,34,True,0,False,,2.382532835006714,{},placeholder,True,,6,results/bob_realchannel_run_tp0.0_fk0.03_rp0.0_vd0.0_seed48_20260826_222037_765449.json,results/alice_realchannel_run_seed48_20260826_222037_831930.json,final_key,0.03,0,0.0128205128205128
0.0,0.03,0.0,0.0,49,results/bob_realchannel_run_tp0.0_fk0.03_rp0.0_vd0.0_seed49_20260826_222041_854544.json,390,33,1714,34,34,True,0,False,,2.381408452987671,{},placeholder,True,,7,results/bob_realchannel_run_tp0.0_fk0.03_rp0.0_vd0.0_seed49_20260826_222041_854544.json,results/alice_realchannel_run_seed49_20260826_222041_942560.json,final_key,0.03,0,0.0128205128205128
0.0,0.03,0.0,0.0,50,results/bob_realchannel_run_tp0.0_fk0.03_rp0.0_vd0.0_seed50_20260826_222045_957517.json,390,33,1714,34,34,True,0,False,,2.3942408561706543,{},placeholder,True,,8,results/bob_realchannel_run_tp0.0_fk0.03_rp0.0_vd0.0_seed50_20260826_222045_957517.json,results/alice_realchannel_run_seed50_20260826_222046_052321.json,final_key,0.03,0,0.0128205128205128
0.0,0.03,0.0,0.0,51,results/bob_realchannel_run_tp0.0_fk0.03_rp0.0_vd0.0_seed51_20260826_222050_104164.json,390,33,1714,34,34,True,0,False,,2.364065170288086,{},placeholder,True,,9,results/bob_realchannel_run_tp0.0_fk0.03_rp0.0_vd0.0_seed51_20260826_222050_104164.json,results/alice_realchannel_run_seed51_20260826_222050_176851.json,final_key,0.03,0,0.0128205128205128
0.0,0.03,0.0,0.0,52,results/bob_realchannel_run_tp0.0_fk0.03_rp0.0_vd0.0_seed52_20260826_222054_187579.json,390,33,1714,34,34,True,0,False,,2.3813087940216064,{},placeholder,True,,10,results/bob_realchannel_run_tp0.0_fk0.03_rp0.0_vd0.0_seed52_20260826_222054_187579.json,results/alice_realchannel_run_seed52_20260826_222054_255116.json,final_key,0.03,0,0.0128205128205128
0.0,0.03,0.0,0.0,53,results/bob_realchannel_run_tp0.0_fk0.03_rp0.0_vd0.0_seed53_20260826_222058_228795.json,390,33,1714,34,34,True,0,False,,2.27089262008667,{},placeholder,True,,11,results/bob_realchannel_run_tp0.0_fk0.03_rp0.0_vd0.0_seed53_20260826_222058_228795.json,results/alice_realchannel_run_seed53_20260826_222058_286284.json,final_key,0.03,0,0.0128205128205128
0.0,0.03,0.0,0.0,54,results/bob_realchannel_run_tp0.0_fk0.03_rp0.0_vd0.0_seed54_20260826_222102_162091.json,390,33,1714,34,34,True,0,False,,2.194051504135132,{},placeholder,True,,12,results/bob_realchannel_run_tp0.0_fk0.03_rp0.0_vd0.0_seed54_20260826_222102_162091.json,results/alice_realchannel_run_seed54_20260826_222102_213799.json,final_key,0.03,0,0.0128205128205128
0.0,0.03,0.0,0.0,55,results/bob_realchannel_run_tp0.0_fk0.03_rp0.0_vd0.0_seed55_20260826_222106_018844.json,390,33,1714,34,34,True,0,False,,2.264616012573242,{},placeholder,True,,13,results/bob_realchannel_run_tp0.0_fk0.03_rp0.0_vd0.0_seed55_20260826_222106_018844.json,results/alice_realchannel_run_seed55_20260826_222106_072175.json,final_key,0.03,0,0.0128205128205128
0.0,0.03,0.0,0.0,56,results/bob_realchannel_run_tp0.0_fk0.03_rp0.0_vd0.0_seed56_20260826_222109_934831.json,390,33,1714,34,34,True,0,False,,2.352858304977417,{},placeholder,True,,14,results/bob_realchannel_run_tp0.0_fk0.03_rp0.0_vd0.0_seed56_20260826_222109_934831.json,results/alice_realchannel_run_seed56_20260826_222109_997564.json,final_key,0.03,0,0.0128205128205128
0.0,0.03,0.0,0.0,57,results/bob_realchannel_run_tp0.0_fk0.03_rp0.0_vd0.0_seed57_20260826_222113_982403.json,390,33,1714,34,34,True,0,False,,1.6968944072723389,{},placeholder,True,,15,results/bob_realchannel_run_tp0.0_fk0.03_rp0.0_vd0.0_seed57_20260826_222113_982403.json,results/alice_realchannel_run_seed57_20260826_222114_067763.json,final_key,0.03,0,0.0128205128205128
0.0,0.03,0.0,0.0,58,results/bob_realchannel_run_tp0.0_fk0.03_rp0.0_vd0.0_seed58_20260826_222117_340511.json,390,33,1714,34,34,True,0,False,,2.2077362537384033,{},placeholder,True,,16,results/bob_realchannel_run_tp0.0_fk0.03_rp0.0_vd0.0_seed58_20260826_222117_340511.json,results/alice_realchannel_run_seed58_20260826_222117_404665.json,final_key,0.03,0,0.0128205128205128
0.0,0.03,0.0,0.0,59,results/bob_realchannel_run_tp0.0_fk0.03_rp0.0_vd0.0_seed59_20260826_222121_206526.json,390,33,1714,34,34,True,0,False,,2.2693705558776855,{},placeholder,True,,17,results/bob_realchannel_run_tp0.0_fk0.03_rp0.0_vd0.0_seed59_20260826_222121_206526.json,results/alice_realchannel_run_seed59_20260826_222121_259029.json,final_key,0.03,0,0.0128205128205128
0.0,0.03,0.0,0.0,60,results/bob_realchannel_run_tp0.0_fk0.03_rp0.0_vd0.0_seed60_20260826_222125_130953.json,390,33,1714,34,34,True,0,False,,1.756742238998413,{},placeholder,True,,18,results/bob_realchannel_run_tp0.0_fk0.03_rp0.0_vd0.0_seed60_20260826_222125_130953.json,results/alice_realchannel_run_seed60_20260826_222125_201570.json,final_key,0.03,0,0.0128205128205128
0.0,0.03,0.0,0.0,61,results/bob_realchannel_run_tp0.0_fk0.03_rp0.0_vd0.0_seed61_20260826_222128_548838.json,390,33,1714,34,34,True,0,False,,2.2509171962738037,{},placeholder,True,,19,results/bob_realchannel_run_tp0.0_fk0.03_rp0.0_vd0.0_seed61_20260826_222128_548838.json,results/alice_realchannel_run_seed61_20260826_222128_596758.json,final_key,0.03,0,0.0128205128205128
0.0,0.01,0.0,0.0,42,results/bob_realchannel_run_tp0.0_fk0.01_rp0.0_vd0.0_seed42_20260826_222132_458858.json,390,33,1714,34,34,True,0,False,,2.204754114151001,{},placeholder,True,,0,results/bob_realchannel_run_tp0.0_fk0.01_rp0.0_vd0.0_seed42_20260826_222132_458858.json,results/alice_realchannel_run_seed42_20260826_222132_520713.json,final_key,0.01,0,0.0128205128205128
0.0,0.01,0.0,0.0,43,results/bob_realchannel_run_tp0.0_fk0.01_rp0.0_vd0.0_seed43_20260826_222136_317539.json,390,33,1714,34,34,True,0,False,,2.198662281036377,{},placeholder,True,,1,results/bob_realchannel_run_tp0.0_fk0.01_rp0.0_vd0.0_seed43_20260826_222136_317539.json,results/alice_realchannel_run_seed43_20260826_222136_375350.json,final_key,0.01,0,0.0128205128205128
0.0,0.01,0.0,0.0,44,results/bob_realchannel_run_tp0.0_fk0.01_rp0.0_vd0.0_seed44_20260826_222140_174976.json,390,33,1714,34,34,True,0,False,,2.440915822982788,{},placeholder,True,,2,results/bob_realchannel_run_tp0.0_fk0.01_rp0.0_vd0.0_seed44_20260826_222140_174976.json,results/alice_realchannel_run_seed44_20260826_222140_229801.json,final_key,0.01,0,0.0128205128205128
0.0,0.01,0.0,0.0,45,results/bob_realchannel_run_tp0.0_fk0.01_rp0.0_vd0.0_seed45_20260826_222144_275114.json,390,33,1714,34,34,True,0,False,,2.2730202674865723,{},placeholder,True,,3,results/bob_realchannel_run_tp0.0_fk0.01_rp0.0_vd0.0_seed45_20260826_222144_275114.json,results/alice_realchannel_run_seed45_20260826_222144_327849.json,final_key,0.01,0,0.0128205128205128
0.0,0.01,0.0,0.0,46,results/bob_realchannel_run_tp0.0_fk0.01_rp0.0_vd0.0_seed46_20260826_222148_232774.json,390,33,1714,34,34,True,0,False,,4.187028884887695,{},placeholder,True,,4,results/bob_realchannel_run_tp0.0_fk0.01_rp0.0_vd0.0_seed46_20260826_222148_232774.json,results/alice_realchannel_run_seed46_20260826_222148_262874.json,final_key,0.01,0,0.0128205128205128
0.0,0.01,0.0,0.0,47,results/bob_realchannel_run_tp0.0_fk0.01_rp0.0_vd0.0_seed47_20260826_222154_083906.json,390,33,1714,34,34,True,0,False,,2.4360389709472656,{},placeholder,True,,5,results/bob_realchannel_run_tp0.0_fk0.01_rp0.0_vd0.0_seed47_20260826_222154_083906.json,results/alice_realchannel_run_seed47_20260826_222154_142602.json,final_key,0.01,0,0.0128205128205128
0.0,0.01,0.0,0.0,48,results/bob_realchannel_run_tp0.0_fk0.01_rp0.0_vd0.0_seed48_20260826_222158_183303.json,390,33,1714,34,34,True,0,False,,2.3725483417510986,{},placeholder,True,,6,results/bob_realchannel_run_tp0.0_fk0.01_rp0.0_vd0.0_seed48_20260826_222158_183303.json,results/alice_realchannel_run_seed48_20260826_222158_236120.json,final_key,0.01,0,0.0128205128205128
0.0,0.01,0.0,0.0,49,results/bob_realchannel_run_tp0.0_fk0.01_rp0.0_vd0.0_seed49_20260826_222202_208870.json,390,33,1714,34,34,True,0,False,,0.49273228645324707,{},placeholder,True,,7,results/bob_realchannel_run_tp0.0_fk0.01_rp0.0_vd0.0_seed49_20260826_222202_208870.json,results/alice_realchannel_run_seed49_20260826_222202_268051.json,final_key,0.01,0,0.0128205128205128
0.0,0.01,0.0,0.0,50,results/bob_realchannel_run_tp0.0_fk0.01_rp0.0_vd0.0_seed50_20260826_222204_368249.json,390,33,1714,34,34,True,0,False,,2.3515939712524414,{},placeholder,True,,8,results/bob_realchannel_run_tp0.0_fk0.01_rp0.0_vd0.0_seed50_20260826_222204_368249.json,results/alice_realchannel_run_seed50_20260826_222204_416043.json,final_key,0.01,0,0.0128205128205128
0.0,0.01,0.0,0.0,51,results/bob_realchannel_run_tp0.0_fk0.01_rp0.0_vd0.0_seed51_20260826_222208_392842.json,390,33,1714,34,34,True,0,False,,2.3992974758148193,{},placeholder,True,,9,results/bob_realchannel_run_tp0.0_fk0.01_rp0.0_vd0.0_seed51_20260826_222208_392842.json,results/alice_realchannel_run_seed51_20260826_222208_498964.json,final_key,0.01,0,0.0128205128205128
0.0,0.01,0.0,0.0,52,results/bob_realchannel_run_tp0.0_fk0.01_rp0.0_vd0.0_seed52_20260826_222212_527614.json,390,33,1714,34,34,True,0,False,,2.3972508907318115,{},placeholder,True,,10,results/bob_realchannel_run_tp0.0_fk0.01_rp0.0_vd0.0_seed52_20260826_222212_527614.json,results/alice_realchannel_run_seed52_20260826_222212_611567.json,final_key,0.01,0,0.0128205128205128
0.0,0.01,0.0,0.0,53,results/bob_realchannel_run_tp0.0_fk0.01_rp0.0_vd0.0_seed53_20260826_222216_669647.json,390,33,1714,34,34,True,0,False,,2.2545621395111084,{},placeholder,True,,11,results/bob_realchannel_run_tp0.0_fk0.01_rp0.0_vd0.0_seed53_20260826_222216_669647.json,results/alice_realchannel_run_seed53_20260826_222216_714612.json,final_key,0.01,0,0.0128205128205128
0.0,0.01,0.0,0.0,54,results/bob_realchannel_run_tp0.0_fk0.01_rp0.0_vd0.0_seed54_20260826_222220_585046.json,390,33,1714,34,34,True,0,False,,0.679253101348877,{},placeholder,True,,12,results/bob_realchannel_run_tp0.0_fk0.01_rp0.0_vd0.0_seed54_20260826_222220_585046.json,results/alice_realchannel_run_seed54_20260826_222220_676739.json,final_key,0.01,0,0.0128205128205128
0.0,0.01,0.0,0.0,55,results/bob_realchannel_run_tp0.0_fk0.01_rp0.0_vd0.0_seed55_20260826_222222_966470.json,390,33,1714,34,34,True,0,False,,1.8252482414245605,{},placeholder,True,,13,results/bob_realchannel_run_tp0.0_fk0.01_rp0.0_vd0.0_seed55_20260826_222222_966470.json,results/alice_realchannel_run_seed55_20260826_222223_032201.json,final_key,0.01,0,0.0128205128205128
0.0,0.01,0.0,0.0,56,results/bob_realchannel_run_tp0.0_fk0.01_rp0.0_vd0.0_seed56_20260826_222226_473410.json,390,33,1714,34,34,True,0,False,,2.382596254348755,{},placeholder,True,,14,results/bob_realchannel_run_tp0.0_fk0.01_rp0.0_vd0.0_seed56_20260826_222226_473410.json,results/alice_realchannel_run_seed56_20260826_222226_565449.json,final_key,0.01,0,0.0128205128205128
0.0,0.01,0.0,0.0,57,results/bob_realchannel_run_tp0.0_fk0.01_rp0.0_vd0.0_seed57_20260826_222230_648491.json,390,33,1714,34,34,True,0,False,,2.527491569519043,{},placeholder,True,,15,results/bob_realchannel_run_tp0.0_fk0.01_rp0.0_vd0.0_seed57_20260826_222230_648491.json,results/alice_realchannel_run_seed57_20260826_222230_691113.json,final_key,0.01,0,0.0128205128205128
0.0,0.01,0.0,0.0,58,results/bob_realchannel_run_tp0.0_fk0.01_rp0.0_vd0.0_seed58_20260826_222234_843928.json,390,33,1714,34,34,True,0,False,,2.2406420707702637,{},placeholder,True,,16,results/bob_realchannel_run_tp0.0_fk0.01_rp0.0_vd0.0_seed58_20260826_222234_843928.json,results/alice_realchannel_run_seed58_20260826_222234_940921.json,final_key,0.01,0,0.0128205128205128
0.0,0.01,0.0,0.0,59,results/bob_realchannel_run_tp0.0_fk0.01_rp0.0_vd0.0_seed59_20260826_222238_833999.json,390,33,1714,34,34,True,0,False,,2.2620859146118164,{},placeholder,True,,17,results/bob_realchannel_run_tp0.0_fk0.01_rp0.0_vd0.0_seed59_20260826_222238_833999.json,results/alice_realchannel_run_seed59_20260826_222238_880801.json,final_key,0.01,0,0.0128205128205128
0.0,0.01,0.0,0.0,60,results/bob_realchannel_run_tp0.0_fk0.01_rp0.0_vd0.0_seed60_20260826_222242_796284.json,390,33,1714,34,34,True,0,False,,2.2395076751708984,{},placeholder,True,,18,results/bob_realchannel_run_tp0.0_fk0.01_rp0.0_vd0.0_seed60_20260826_222242_796284.json,results/alice_realchannel_run_seed60_20260826_222242_892079.json,final_key,0.01,0,0.0128205128205128
0.0,0.01,0.0,0.0,61,results/bob_realchannel_run_tp0.0_fk0.01_rp0.0_vd0.0_seed61_20260826_222246_760749.json,390,33,1714,34,34,True,0,False,,1.8156123161315918,{},placeholder,True,,19,results/bob_realchannel_run_tp0.0_fk0.01_rp0.0_vd0.0_seed61_20260826_222246_760749.json,results/alice_realchannel_run_seed61_20260826_222246_829025.json,final_key,0.01,0,0.0128205128205128
0.0,0.003,0.0,0.0,42,results/bob_realchannel_run_tp0.0_fk0.003_rp0.0_vd0.0_seed42_20260826_222250_234402.json,390,33,1714,34,34,True,0,False,,2.2133216857910156,{},placeholder,True,,0,results/bob_realchannel_run_tp0.0_fk0.003_rp0.0_vd0.0_seed42_20260826_222250_234402.json,results/alice_realchannel_run_seed42_20260826_222250_314953.json,final_key,0.003,0,0.0128205128205128
0.0,0.003,0.0,0.0,43,results/bob_realchannel_run_tp0.0_fk0.003_rp0.0_vd0.0_seed43_20260826_222254_161205.json,390,33,1714,34,34,True,0,False,,2.2191123962402344,{},placeholder,True,,1,results/bob_realchannel_run_tp0.0_fk0.003_rp0.0_vd0.0_seed43_20260826_222254_161205.json,results/alice_realchannel_run_seed43_20260826_222254_243831.json,final_key,0.003,0,0.0128205128205128
0.0,0.003,0.0,0.0,44,results/bob_realchannel_run_tp0.0_fk0.003_rp0.0_vd0.0_seed44_20260826_222258_038092.json,390,33,1714,34,34,True,0,False,,1.5781347751617432,{},placeholder,True,,2,results/bob_realchannel_run_tp0.0_fk0.003_rp0.0_vd0.0_seed44_20260826_222258_038092.json,results/alice_realchannel_run_seed44_20260826_222258_096412.json,final_key,0.003,0,0.0128205128205128
0.0,0.003,0.0,0.0,45,results/bob_realchannel_run_tp0.0_fk0.003_rp0.0_vd0.0_seed45_20260826_222301_457349.json,390,33,1714,34,34,True,0,False,,4.250399827957153,{},placeholder,True,,3,results/bob_realchannel_run_tp0.0_fk0.003_rp0.0_vd0.0_seed45_20260826_222301_457349.json,results/alice_realchannel_run_seed45_20260826_222301_480777.json,final_key,0.003,0,0.0128205128205128
0.0,0.003,0.0,0.0,46,results/bob_realchannel_run_tp0.0_fk0.003_rp0.0_vd0.0_seed46_20260826_222307_380997.json,390,33,1714,34,34,True,0,False,,2.2026665210723877,{},placeholder,True,,4,results/bob_realchannel_run_tp0.0_fk0.003_rp0.0_vd0.0_seed46_20260826_222307_380997.json,results/alice_realchannel_run_seed46_20260826_222307_444998.json,final_key,0.003,0,0.0128205128205128
0.0,0.003,0.0,0.0,47,results/bob_realchannel_run_tp0.0_fk0.003_rp0.0_vd0.0_seed47_20260826_222311_321662.json,390,33,1714,34,34,True,0,False,,2.433992624282837,{},placeholder,True,,5,results/bob_realchannel_run_tp0.0_fk0.003_rp0.0_vd0.0_seed47_20260826_222311_321662.json,results/alice_realchannel_run_seed47_20260826_222311_370842.json,final_key,0.003,0,0.0128205128205128
0.0,0.003,0.0,0.0,48,results/bob_realchannel_run_tp0.0_fk0.003_rp0.0_vd0.0_seed48_20260826_222315_554340.json,390,33,1714,34,34,True,0,False,,2.398561716079712,{},placeholder,True,,6,results/bob_realchannel_run_tp0.0_fk0.003_rp0.0_vd0.0_seed48_20260826_222315_554340.json,results/alice_realchannel_run_seed48_20260826_222315_638492.json,final_key,0.003,0,0.0128205128205128
0.0,0.003,0.0,0.0,49,results/bob_realchannel_run_tp0.0_fk0.003_rp0.0_vd0.0_seed49_20260826_222319_718944.json,390,33,1714,34,34,True,0,False,,2.3373217582702637,{},placeholder,True,,7,results/bob_realchannel_run_tp0.0_fk0.003_rp0.0_vd0.0_seed49_20260826_222319_718944.json,results/alice_realchannel_run_seed49_20260826_222319_768089.json,final_key,0.003,0,0.0128205128205128
0.0,0.003,0.0,0.0,50,results/bob_realchannel_run_tp0.0_fk0.003_rp0.0_vd0.0_seed50_20260826_222323_713662.json,390,33,1714,34,34,True,0,False,,2.399280548095703,{},placeholder,True,,8,results/bob_realchannel_run_tp0.0_fk0.003_rp0.0_vd0.0_seed50_20260826_222323_713662.json,results/alice_realchannel_run_seed50_20260826_222323_811521.json,final_key,0.003,0,0.0128205128205128
0.0,0.003,0.0,0.0,51,results/bob_realchannel_run_tp0.0_fk0.003_rp0.0_vd0.0_seed51_20260826_222327_826562.json,390,33,1714,34,34,True,0,False,,2.3893885612487793,{},placeholder,True,,9,results/bob_realchannel_run_tp0.0_fk0.003_rp0.0_vd0.0_seed51_20260826_222327_826562.json,results/alice_realchannel_run_seed51_20260826_222327_924392.json,final_key,0.003,0,0.0128205128205128
0.0,0.003,0.0,0.0,52,results/bob_realchannel_run_tp0.0_fk0.003_rp0.0_vd0.0_seed52_20260826_222331_947952.json,390,33,1714,34,34,True,0,False,,1.9642367362976074,{},placeholder,True,,10,results/bob_realchannel_run_tp0.0_fk0.003_rp0.0_vd0.0_seed52_20260826_222331_947952.json,results/alice_realchannel_run_seed52_20260826_222332_049187.json,final_key,0.003,0,0.0128205128205128
0.0,0.003,0.0,0.0,53,results/bob_realchannel_run_tp0.0_fk0.003_rp0.0_vd0.0_seed53_20260826_222335_643464.json,390,33,1714,34,34,True,0,False,,2.3124735355377197,{},placeholder,True,,11,results/bob_realchannel_run_tp0.0_fk0.003_rp0.0_vd0.0_seed53_20260826_222335_643464.json,results/alice_realchannel_run_seed53_20260826_222335_741387.json,final_key,0.003,0,0.0128205128205128
0.0,0.003,0.0,0.0,54,results/bob_realchannel_run_tp0.0_fk0.003_rp0.0_vd0.0_seed54_20260826_222339_689469.json,390,33,1714,34,34,True,0,False,,2.2347989082336426,{},placeholder,True,,12,results/bob_realchannel_run_tp0.0_fk0.003_rp0.0_vd0.0_seed54_20260826_222339_689469.json,results/alice_realchannel_run_seed54_20260826_222339_781121.json,final_key,0.003,0,0.0128205128205128
0.0,0.003,0.0,0.0,55,results/bob_realchannel_run_tp0.0_fk0.003_rp0.0_vd0.0_seed55_20260826_222343_641119.json,390,33,1714,34,34,True,0,False,,2.2991323471069336,{},placeholder,True,,13,results/bob_realchannel_run_tp0.0_fk0.003_rp0.0_vd0.0_seed55_20260826_222343_641119.json,results/alice_realchannel_run_seed55_20260826_222343_719820.json,final_key,0.003,0,0.0128205128205128
0.0,0.003,0.0,0.0,56,results/bob_realchannel_run_tp0.0_fk0.003_rp0.0_vd0.0_seed56_20260826_222347_841445.json,390,33,1714,34,34,True,0,False,,4.230427026748657,{},placeholder,True,,14,results/bob_realchannel_run_tp0.0_fk0.003_rp0.0_vd0.0_seed56_20260826_222347_841445.json,results/alice_realchannel_run_seed56_20260826_222347_771879.json,final_key,0.003,0,0.0128205128205128
0.0,0.003,0.0,0.0,57,results/bob_realchannel_run_tp0.0_fk0.003_rp0.0_vd0.0_seed57_20260826_222353_850890.json,390,33,1714,34,34,True,0,False,,2.5369067192077637,{},placeholder,True,,15,results/bob_realchannel_run_tp0.0_fk0.003_rp0.0_vd0.0_seed57_20260826_222353_850890.json,results/alice_realchannel_run_seed57_20260826_222353_910886.json,final_key,0.003,0,0.0128205128205128
0.0,0.003,0.0,0.0,58,results/bob_realchannel_run_tp0.0_fk0.003_rp0.0_vd0.0_seed58_20260826_222358_173917.json,390,33,1714,34,34,True,0,False,,2.221806764602661,{},placeholder,True,,16,results/bob_realchannel_run_tp0.0_fk0.003_rp0.0_vd0.0_seed58_20260826_222358_173917.json,results/alice_realchannel_run_seed58_20260826_222358_257189.json,final_key,0.003,0,0.0128205128205128
0.0,0.003,0.0,0.0,59,results/bob_realchannel_run_tp0.0_fk0.003_rp0.0_vd0.0_seed59_20260826_222402_119950.json,390,33,1714,34,34,True,0,False,,2.291964054107666,{},placeholder,True,,17,results/bob_realchannel_run_tp0.0_fk0.003_rp0.0_vd0.0_seed59_20260826_222402_119950.json,results/alice_realchannel_run_seed59_20260826_222402_200998.json,final_key,0.003,0,0.0128205128205128
0.0,0.003,0.0,0.0,60,results/bob_realchannel_run_tp0.0_fk0.003_rp0.0_vd0.0_seed60_20260826_222406_196178.json,390,33,1714,34,34,True,0,False,,2.183786153793335,{},placeholder,True,,18,results/bob_realchannel_run_tp0.0_fk0.003_rp0.0_vd0.0_seed60_20260826_222406_196178.json,results/alice_realchannel_run_seed60_20260826_222406_238047.json,final_key,0.003,0,0.0128205128205128
0.0,0.003,0.0,0.0,61,results/bob_realchannel_run_tp0.0_fk0.003_rp0.0_vd0.0_seed61_20260826_222410_125037.json,390,33,1714,34,34,True,0,False,,2.2910666465759277,{},placeholder,True,,19,results/bob_realchannel_run_tp0.0_fk0.003_rp0.0_vd0.0_seed61_20260826_222410_125037.json,results/alice_realchannel_run_seed61_20260826_222410_209598.json,final_key,0.003,0,0.0128205128205128
0.0,0.001,0.0,0.0,42,results/bob_realchannel_run_tp0.0_fk0.001_rp0.0_vd0.0_seed42_20260826_222414_155070.json,390,33,1714,34,34,True,0,False,,2.228930711746216,{},placeholder,True,,0,results/bob_realchannel_run_tp0.0_fk0.001_rp0.0_vd0.0_seed42_20260826_222414_155070.json,results/alice_realchannel_run_seed42_20260826_222414_241704.json,final_key,0.001,0,0.0128205128205128
0.0,0.001,0.0,0.0,43,results/bob_realchannel_run_tp0.0_fk0.001_rp0.0_vd0.0_seed43_20260826_222418_117949.json,390,33,1714,34,34,True,0,False,,2.229816436767578,{},placeholder,True,,1,results/bob_realchannel_run_tp0.0_fk0.001_rp0.0_vd0.0_seed43_20260826_222418_117949.json,results/alice_realchannel_run_seed43_20260826_222418_202732.json,final_key,0.001,0,0.0128205128205128
0.0,0.001,0.0,0.0,44,results/bob_realchannel_run_tp0.0_fk0.001_rp0.0_vd0.0_seed44_20260826_222422_096318.json,390,33,1714,34,34,True,0,False,,2.4558863639831543,{},placeholder,True,,2,results/bob_realchannel_run_tp0.0_fk0.001_rp0.0_vd0.0_seed44_20260826_222422_096318.json,results/alice_realchannel_run_seed44_20260826_222422_175289.json,final_key,0.001,0,0.0128205128205128
0.0,0.001,0.0,0.0,45,results/bob_realchannel_run_tp0.0_fk0.001_rp0.0_vd0.0_seed45_20260826_222426_260364.json,390,33,1714,34,34,True,0,False,,1.8642244338989258,{},placeholder,True,,3,results/bob_realchannel_run_tp0.0_fk0.001_rp0.0_vd0.0_seed45_20260826_222426_260364.json,results/alice_realchannel_run_seed45_20260826_222426_354921.json,final_key,0.001,0,0.0128205128205128
0.0,0.001,0.0,0.0,46,results/bob_realchannel_run_tp0.0_fk0.001_rp0.0_vd0.0_seed46_20260826_222430_055646.json,390,33,1714,34,34,True,0,False,,2.244394063949585,{},placeholder,True,,4,results/bob_realchannel_run_tp0.0_fk0.001_rp0.0_vd0.0_seed46_20260826_222430_055646.json,results/alice_realchannel_run_seed46_20260826_222430_156329.json,final_key,0.001,0,0.0128205128205128
0.0,0.001,0.0,0.0,47,results/bob_realchannel_run_tp0.0_fk0.001_rp0.0_vd0.0_seed47_20260826_222434_026964.json,390,33,1714,34,34,True,0,False,,2.613821268081665,{},placeholder,True,,5,results/bob_realchannel_run_tp0.0_fk0.001_rp0.0_vd0.0_seed47_20260826_222434_026964.json,results/alice_realchannel_run_seed47_20260826_222434_259614.json,final_key,0.001,0,0.0128205128205128
0.0,0.001,0.0,0.0,48,results/bob_realchannel_run_tp0.0_fk0.001_rp0.0_vd0.0_seed48_20260826_222438_427687.json,390,33,1714,34,34,True,0,False,,2.4206290245056152,{},placeholder,True,,6,results/bob_realchannel_run_tp0.0_fk0.001_rp0.0_vd0.0_seed48_20260826_222438_427687.json,results/alice_realchannel_run_seed48_20260826_222438_529691.json,final_key,0.001,0,0.0128205128205128
0.0,0.001,0.0,0.0,49,results/bob_realchannel_run_tp0.0_fk0.001_rp0.0_vd0.0_seed49_20260826_222442_603608.json,390,33,1714,34,34,True,0,False,,2.380366325378418,{},placeholder,True,,7,results/bob_realchannel_run_tp0.0_fk0.001_rp0.0_vd0.0_seed49_20260826_222442_603608.json,results/alice_realchannel_run_seed49_20260826_222442_692797.json,final_key,0.001,0,0.0128205128205128
0.0,0.001,0.0,0.0,50,results/bob_realchannel_run_tp0.0_fk0.001_rp0.0_vd0.0_seed50_20260826_222446_708634.json,390,33,1714,34,34,True,0,False,,2.399925947189331,{},placeholder,True,,8,results/bob_realchannel_run_tp0.0_fk0.001_rp0.0_vd0.0_seed50_20260826_222446_708634.json,results/alice_realchannel_run_seed50_20260826_222446_807378.json,final_key,0.001,0,0.0128205128205128
0.0,0.001,0.0,0.0,51,results/bob_realchannel_run_tp0.0_fk0.001_rp0.0_vd0.0_seed51_20260826_222450_818565.json,390,33,1714,34,34,True,0,False,,2.3892595767974854,{},placeholder,True,,9,results/bob_realchannel_run_tp0.0_fk0.001_rp0.0_vd0.0_seed51_20260826_222450_818565.json,results/alice_realchannel_run_seed51_20260826_222450_916899.json,final_key,0.001,0,0.0128205128205128
0.0,0.001,0.0,0.0,52,results/bob_realchannel_run_tp0.0_fk0.001_rp0.0_vd0.0_seed52_20260826_222454_943991.json,390,33,1714,34,34,True,0,False,,2.3965797424316406,{},placeholder,True,,10,results/bob_realchannel_run_tp0.0_fk0.001_rp0.0_vd0.0_seed52_20260826_222454_943991.json,results/alice_realchannel_run_seed52_20260826_222455_027592.json,final_key,0.001,0,0.0128205128205128
0.0,0.001,0.0,0.0,53,results/bob_realchannel_run_tp0.0_fk0.001_rp0.0_vd0.0_seed53_20260826_222459_045850.json,390,33,1714,34,34,True,0,False,,2.306608200073242,{},placeholder,True,,11,results/bob_realchannel_run_tp0.0_fk0.001_rp0.0_vd0.0_seed53_20260826_222459_045850.json,results/alice_realchannel_run_seed53_20260826_222459_138733.json,final_key,0.001,0,0.0128205128205128
0.0,0.001,0.0,0.0,54,results/bob_realchannel_run_tp0.0_fk0.001_rp0.0_vd0.0_seed54_20260826_222503_072416.json,390,33,1714,34,34,True,0,False,,2.2237472534179688,{},placeholder,True,,12,results/bob_realchannel_run_tp0.0_fk0.001_rp0.0_vd0.0_seed54_20260826_222503_072416.json,results/alice_realchannel_run_seed54_20260826_222503_158236.json,final_key,0.001,0,0.0128205128205128
0.0,0.001,0.0,0.0,55,results/bob_realchannel_run_tp0.0_fk0.001_rp0.0_vd0.0_seed55_20260826_222507_007425.json,390,33,1714,34,34,True,0,False,,2.3245513439178467,{},placeholder,True,,13,results/bob_realchannel_run_tp0.0_fk0.001_rp0.0_vd0.0_seed55_20260826_222507_007425.json,results/alice_realchannel_run_seed55_20260826_222507_120116.json,final_key,0.001,0,0.0128205128205128
0.0,0.001,0.0,0.0,56,results/bob_realchannel_run_tp0.0_fk0.001_rp0.0_vd0.0_seed56_20260826_222511_058806.json,390,33,1714,34,34,True,0,False,,2.3814070224761963,{},placeholder,True,,14,results/bob_realchannel_run_tp0.0_fk0.001_rp0.0_vd0.0_seed56_20260826_222511_058806.json,results/alice_realchannel_run_seed56_20260826_222511_152830.json,final_key,0.001,0,0.0128205128205128
0.0,0.001,0.0,0.0,57,results/bob_realchannel_run_tp0.0_fk0.001_rp0.0_vd0.0_seed57_20260826_222515_159163.json,390,33,1714,34,34,True,0,False,,2.600470781326294,{},placeholder,True,,15,results/bob_realchannel_run_tp0.0_fk0.001_rp0.0_vd0.0_seed57_20260826_222515_159163.json,results/alice_realchannel_run_seed57_20260826_222515_274932.json,final_key,0.001,0,0.0128205128205128
0.0,0.001,0.0,0.0,58,results/bob_realchannel_run_tp0.0_fk0.001_rp0.0_vd0.0_seed58_20260826_222519_477604.json,390,33,1714,34,34,True,0,False,,2.22647762298584,{},placeholder,True,,16,results/bob_realchannel_run_tp0.0_fk0.001_rp0.0_vd0.0_seed58_20260826_222519_477604.json,results/alice_realchannel_run_seed58_20260826_222519_567384.json,final_key,0.001,0,0.0128205128205128
0.0,0.001,0.0,0.0,59,results/bob_realchannel_run_tp0.0_fk0.001_rp0.0_vd0.0_seed59_20260826_222523_416645.json,390,33,1714,34,34,True,0,False,,2.3277933597564697,{},placeholder,True,,17,results/bob_realchannel_run_tp0.0_fk0.001_rp0.0_vd0.0_seed59_20260826_222523_416645.json,results/alice_realchannel_run_seed59_20260826_222523_520854.json,final_key,0.001,0,0.0128205128205128
0.0,0.001,0.0,0.0,60,results/bob_realchannel_run_tp0.0_fk0.001_rp0.0_vd0.0_seed60_20260826_222527_499625.json,390,33,1714,34,34,True,0,False,,1.2968907356262207,{},placeholder,True,,18,results/bob_realchannel_run_tp0.0_fk0.001_rp0.0_vd0.0_seed60_20260826_222527_499625.json,results/alice_realchannel_run_seed60_20260826_222527_557192.json,final_key,0.001,0,0.0128205128205128
0.0,0.001,0.0,0.0,61,results/bob_realchannel_run_tp0.0_fk0.001_rp0.0_vd0.0_seed61_20260826_222530_473415.json,390,33,1714,34,34,True,0,False,,2.3182454109191895,{},placeholder,True,,19,results/bob_realchannel_run_tp0.0_fk0.001_rp0.0_vd0.0_seed61_20260826_222530_473415.json,results/alice_realchannel_run_seed61_20260826_222530_586754.json,final_key,0.001,0,0.0128205128205128
0.0,0.5,0.0,0.0,42,results/bob_realchannel_run_tp0.0_fk0.5_rp0.0_vd0.0_seed42_20260826_222534_552948.json,390,33,2810,34,34,True,0,False,,2.23740553855896,{'final_key': 1},asymptotic,False,,0,results/bob_realchannel_run_tp0.0_fk0.5_rp0.0_vd0.0_seed42_20260826_222534_552948.json,results/alice_realchannel_run_seed42_20260826_222534_618892.json,final_key,0.5,0,0.0128205128205128
0.0,0.5,0.0,0.0,43,results/bob_realchannel_run_tp0.0_fk0.5_rp0.0_vd0.0_seed43_20260826_222538_461159.json,390,33,2810,34,34,True,0,False,,2.269289255142212,{},asymptotic,True,,1,results/bob_realchannel_run_tp0.0_fk0.5_rp0.0_vd0.0_seed43_20260826_222538_461159.json,results/alice_realchannel_run_seed43_20260826_222538_558749.json,final_key,0.5,0,0.0128205128205128
0.0,0.5,0.0,0.0,44,results/bob_realchannel_run_tp0.0_fk0.5_rp0.0_vd0.0_seed44_20260826_222542_483344.json,390,33,2810,34,34,True,0,False,,2.5235891342163086,{'final_key': 1},asymptotic,False,,2,results/bob_realchannel_run_tp0.0_fk0.5_rp0.0_vd0.0_seed44_20260826_222542_483344.json,results/alice_realchannel_run_seed44_20260826_222542_591611.json,final_key,0.5,0,0.0128205128205128
0.0,0.5,0.0,0.0,45,results/bob_realchannel_run_tp0.0_fk0.5_rp0.0_vd0.0_seed45_20260826_222546_742663.json,390,33,2810,34,34,True,0,False,,1.9105961322784424,{},asymptotic,True,,3,results/bob_realchannel_run_tp0.0_fk0.5_rp0.0_vd0.0_seed45_20260826_222546_742663.json,results/alice_realchannel_run_seed45_20260826_222546_859944.json,final_key,0.5,0,0.0128205128205128
0.0,0.5,0.0,0.0,46,results/bob_realchannel_run_tp0.0_fk0.5_rp0.0_vd0.0_seed46_20260826_222550_401639.json,390,33,2810,34,34,True,0,False,,2.2682836055755615,{},asymptotic,True,,4,results/bob_realchannel_run_tp0.0_fk0.5_rp0.0_vd0.0_seed46_20260826_222550_401639.json,results/alice_realchannel_run_seed46_20260826_222550_502944.json,final_key,0.5,0,0.0128205128205128
0.0,0.5,0.0,0.0,47,results/bob_realchannel_run_tp0.0_fk0.5_rp0.0_vd0.0_seed47_20260826_222554_418459.json,390,33,2810,34,34,True,0,False,,2.519704818725586,{},asymptotic,True,,5,results/bob_realchannel_run_tp0.0_fk0.5_rp0.0_vd0.0_seed47_20260826_222554_418459.json,results/alice_realchannel_run_seed47_20260826_222554_532722.json,final_key,0.5,0,0.0128205128205128
0.0,0.5,0.0,0.0,48,results/bob_realchannel_run_tp0.0_fk0.5_rp0.0_vd0.0_seed48_20260826_222558_700208.json,390,33,2810,34,34,True,0,False,,2.4374959468841553,{},asymptotic,True,,6,results/bob_realchannel_run_tp0.0_fk0.5_rp0.0_vd0.0_seed48_20260826_222558_700208.json,results/alice_realchannel_run_seed48_20260826_222558_796974.json,final_key,0.5,0,0.0128205128205128
0.0,0.5,0.0,0.0,49,results/bob_realchannel_run_tp0.0_fk0.5_rp0.0_vd0.0_seed49_20260826_222602_869339.json,390,33,2810,34,34,True,0,False,,2.424241065979004,{},asymptotic,True,,7,results/bob_realchannel_run_tp0.0_fk0.5_rp0.0_vd0.0_seed49_20260826_222602_869339.json,results/alice_realchannel_run_seed49_20260826_222602_978618.json,final_key,0.5,0,0.0128205128205128
0.0,0.5,0.0,0.0,50,results/bob_realchannel_run_tp0.0_fk0.5_rp0.0_vd0.0_seed50_20260826_222607_054106.json,390,33,2810,34,34,True,0,False,,2.4163639545440674,{'final_key': 1},asymptotic,False,,8,results/bob_realchannel_run_tp0.0_fk0.5_rp0.0_vd0.0_seed50_20260826_222607_054106.json,results/alice_realchannel_run_seed50_20260826_222607_137674.json,final_key,0.5,0,0.0128205128205128
0.0,0.5,0.0,0.0,51,results/bob_realchannel_run_tp0.0_fk0.5_rp0.0_vd0.0_seed51_20260826_222611_205554.json,390,33,2810,34,34,True,0,False,,1.968721628189087,{},asymptotic,True,,9,results/bob_realchannel_run_tp0.0_fk0.5_rp0.0_vd0.0_seed51_20260826_222611_205554.json,results/alice_realchannel_run_seed51_20260826_222611_308101.json,final_key,0.5,0,0.0128205128205128
0.0,0.5,0.0,0.0,52,results/bob_realchannel_run_tp0.0_fk0.5_rp0.0_vd0.0_seed52_20260826_222614_928566.json,390,33,2810,34,34,True,0,False,,2.425447463989258,{'final_key': 1},asymptotic,False,,10,results/bob_realchannel_run_tp0.0_fk0.5_rp0.0_vd0.0_seed52_20260826_222614_928566.json,results/alice_realchannel_run_seed52_20260826_222615_011722.json,final_key,0.5,0,0.0128205128205128
0.0,0.5,0.0,0.0,53,results/bob_realchannel_run_tp0.0_fk0.5_rp0.0_vd0.0_seed53_20260826_222619_090678.json,390,33,2810,34,34,True,0,False,,2.3351173400878906,{'final_key': 1},asymptotic,False,,11,results/bob_realchannel_run_tp0.0_fk0.5_rp0.0_vd0.0_seed53_20260826_222619_090678.json,results/alice_realchannel_run_seed53_20260826_222619_182017.json,final_key,0.5,0,0.0128205128205128
0.0,0.5,0.0,0.0,54,results/bob_realchannel_run_tp0.0_fk0.5_rp0.0_vd0.0_seed54_20260826_222623_113072.json,390,33,2810,34,34,True,0,False,,2.2648379802703857,{'final_key': 1},asymptotic,False,,12,results/bob_realchannel_run_tp0.0_fk0.5_rp0.0_vd0.0_seed54_20260826_222623_113072.json,results/alice_realchannel_run_seed54_20260826_222623_208005.json,final_key,0.5,0,0.0128205128205128
0.0,0.5,0.0,0.0,55,results/bob_realchannel_run_tp0.0_fk0.5_rp0.0_vd0.0_seed55_20260826_222627_121705.json,390,33,2810,34,34,True,0,False,,2.3557543754577637,{'final_key': 1},asymptotic,False,,13,results/bob_realchannel_run_tp0.0_fk0.5_rp0.0_vd0.0_seed55_20260826_222627_121705.json,results/alice_realchannel_run_seed55_20260826_222627_238771.json,final_key,0.5,0,0.0128205128205128
0.0,0.5,0.0,0.0,56,results/bob_realchannel_run_tp0.0_fk0.5_rp0.0_vd0.0_seed56_20260826_222631_227020.json,390,33,2810,34,34,True,0,False,,2.407588005065918,{},asymptotic,True,,14,results/bob_realchannel_run_tp0.0_fk0.5_rp0.0_vd0.0_seed56_20260826_222631_227020.json,results/alice_realchannel_run_seed56_20260826_222631_319597.json,final_key,0.5,0,0.0128205128205128
0.0,0.5,0.0,0.0,57,results/bob_realchannel_run_tp0.0_fk0.5_rp0.0_vd0.0_seed57_20260826_222635_315150.json,390,33,2810,34,34,True,0,False,,2.6186091899871826,{},asymptotic,True,,15,results/bob_realchannel_run_tp0.0_fk0.5_rp0.0_vd0.0_seed57_20260826_222635_315150.json,results/alice_realchannel_run_seed57_20260826_222635_426032.json,final_key,0.5,0,0.0128205128205128
0.0,0.5,0.0,0.0,58,results/bob_realchannel_run_tp0.0_fk0.5_rp0.0_vd0.0_seed58_20260826_222639_698793.json,390,33,2810,34,34,True,0,False,,2.23530650138855,{'final_key': 1},asymptotic,False,,16,results/bob_realchannel_run_tp0.0_fk0.5_rp0.0_vd0.0_seed58_20260826_222639_698793.json,results/alice_realchannel_run_seed58_20260826_222639_763719.json,final_key,0.5,0,0.0128205128205128
0.0,0.5,0.0,0.0,59,results/bob_realchannel_run_tp0.0_fk0.5_rp0.0_vd0.0_seed59_20260826_222643_608471.json,390,33,2810,34,34,True,0,False,,2.3542351722717285,{'final_key': 1},asymptotic,False,,17,results/bob_realchannel_run_tp0.0_fk0.5_rp0.0_vd0.0_seed59_20260826_222643_608471.json,results/alice_realchannel_run_seed59_20260826_222643_716593.json,final_key,0.5,0,0.0128205128205128
0.0,0.5,0.0,0.0,60,results/bob_realchannel_run_tp0.0_fk0.5_rp0.0_vd0.0_seed60_20260826_222647_722457.json,390,33,2810,34,34,True,0,False,,1.8161511421203613,{'final_key': 1},asymptotic,False,,18,results/bob_realchannel_run_tp0.0_fk0.5_rp0.0_vd0.0_seed60_20260826_222647_722457.json,results/alice_realchannel_run_seed60_20260826_222647_819641.json,final_key,0.5,0,0.0128205128205128
0.0,0.5,0.0,0.0,61,results/bob_realchannel_run_tp0.0_fk0.5_rp0.0_vd0.0_seed61_20260826_222651_289798.json,390,33,2810,34,34,True,0,False,,2.4560513496398926,{},asymptotic,True,,19,results/bob_realchannel_run_tp0.0_fk0.5_rp0.0_vd0.0_seed61_20260826_222651_289798.json,results/alice_realchannel_run_seed61_20260826_222651_513530.json,final_key,0.5,0,0.0128205128205128
0.0,0.3,0.0,0.0,42,results/bob_realchannel_run_tp0.0_fk0.3_rp0.0_vd0.0_seed42_20260826_222655_684990.json,390,33,2810,34,34,True,0,False,,2.2773451805114746,{'final_key': 1},asymptotic,False,,0,results/bob_realchannel_run_tp0.0_fk0.3_rp0.0_vd0.0_seed42_20260826_222655_684990.json,results/alice_realchannel_run_seed42_20260826_222655_794199.json,final_key,0.3,0,0.0128205128205128
0.0,0.3,0.0,0.0,43,results/bob_realchannel_run_tp0.0_fk0.3_rp0.0_vd0.0_seed43_20260826_222659_716107.json,390,33,2810,34,34,True,0,False,,1.8179106712341309,{},asymptotic,True,,1,results/bob_realchannel_run_tp0.0_fk0.3_rp0.0_vd0.0_seed43_20260826_222659_716107.json,results/alice_realchannel_run_seed43_20260826_222659_819596.json,final_key,0.3,0,0.0128205128205128
0.0,0.3,0.0,0.0,44,results/bob_realchannel_run_tp0.0_fk0.3_rp0.0_vd0.0_seed44_20260826_222703_300693.json,390,33,2810,34,34,True,0,False,,2.5216104984283447,{},asymptotic,True,,2,results/bob_realchannel_run_tp0.0_fk0.3_rp0.0_vd0.0_seed44_20260826_222703_300693.json,results/alice_realchannel_run_seed44_20260826_222703_409634.json,final_key,0.3,0,0.0128205128205128
0.0,0.3,0.0,0.0,45,results/bob_realchannel_run_tp0.0_fk0.3_rp0.0_vd0.0_seed45_20260826_222707_604606.json,390,33,2810,34,34,True,0,False,,2.305800676345825,{},asymptotic,True,,3,results/bob_realchannel_run_tp0.0_fk0.3_rp0.0_vd0.0_seed45_20260826_222707_604606.json,results/alice_realchannel_run_seed45_20260826_222707_664452.json,final_key,0.3,0,0.0128205128205128
0.0,0.3,0.0,0.0,46,results/bob_realchannel_run_tp0.0_fk0.3_rp0.0_vd0.0_seed46_20260826_222711_634039.json,390,33,2810,34,34,True,0,False,,2.219947099685669,{},asymptotic,True,,4,results/bob_realchannel_run_tp0.0_fk0.3_rp0.0_vd0.0_seed46_20260826_222711_634039.json,results/alice_realchannel_run_seed46_20260826_222711_690529.json,final_key,0.3,0,0.0128205128205128
0.0,0.3,0.0,0.0,47,results/bob_realchannel_run_tp0.0_fk0.3_rp0.0_vd0.0_seed47_20260826_222715_646111.json,390,33,2810,34,34,True,0,False,,2.0081775188446045,{},asymptotic,True,,5,results/bob_realchannel_run_tp0.0_fk0.3_rp0.0_vd0.0_seed47_20260826_222715_646111.json,results/alice_realchannel_run_seed47_20260826_222715_700533.json,final_key,0.3,0,0.0128205128205128
0.0,0.3,0.0,0.0,48,results/bob_realchannel_run_tp0.0_fk0.3_rp0.0_vd0.0_seed48_20260826_222719_346033.json,390,33,2810,34,34,True,0,False,,2.4237585067749023,{},asymptotic,True,,6,results/bob_realchannel_run_tp0.0_fk0.3_rp0.0_vd0.0_seed48_20260826_222719_346033.json,results/alice_realchannel_run_seed48_20260826_222719_427797.json,final_key,0.3,0,0.0128205128205128
0.0,0.3,0.0,0.0,49,results/bob_realchannel_run_tp0.0_fk0.3_rp0.0_vd0.0_seed49_20260826_222723_487875.json,390,33,2810,34,34,True,0,False,,2.4390079975128174,{},asymptotic,True,,7,results/bob_realchannel_run_tp0.0_fk0.3_rp0.0_vd0.0_seed49_20260826_222723_487875.json,results/alice_realchannel_run_seed49_20260826_222723_611516.json,final_key,0.3,0,0.0128205128205128
0.0,0.3,0.0,0.0,50,results/bob_realchannel_run_tp0.0_fk0.3_rp0.0_vd0.0_seed50_20260826_222727_625369.json,390,33,2810,34,34,True,0,False,,2.3925375938415527,{},asymptotic,True,,8,results/bob_realchannel_run_tp0.0_fk0.3_rp0.0_vd0.0_seed50_20260826_222727_625369.json,results/alice_realchannel_run_seed50_20260826_222727_690356.json,final_key,0.3,0,0.0128205128205128
0.0,0.3,0.0,0.0,51,results/bob_realchannel_run_tp0.0_fk0.3_rp0.0_vd0.0_seed51_20260826_222731_822073.json,390,33,2810,34,34,True,0,False,,4.3520121574401855,{},asymptotic,True,,9,results/bob_realchannel_run_tp0.0_fk0.3_rp0.0_vd0.0_seed51_20260826_222731_822073.json,results/alice_realchannel_run_seed51_20260826_222731_841085.json,final_key,0.3,0,0.0128205128205128
0.0,0.3,0.0,0.0,52,results/bob_realchannel_run_tp0.0_fk0.3_rp0.0_vd0.0_seed52_20260826_222737_853330.json,390,33,2810,34,34,True,0,False,,2.4043960571289062,{'final_key': 1},asymptotic,False,,10,results/bob_realchannel_run_tp0.0_fk0.3_rp0.0_vd0.0_seed52_20260826_222737_853330.json,results/alice_realchannel_run_seed52_20260826_222737_915679.json,final_key,0.3,0,0.0128205128205128
0.0,0.3,0.0,0.0,53,results/bob_realchannel_run_tp0.0_fk0.3_rp0.0_vd0.0_seed53_20260826_222741_982348.json,390,33,2810,34,34,True,0,False,,2.3003554344177246,{},asymptotic,True,,11,results/bob_realchannel_run_tp0.0_fk0.3_rp0.0_vd0.0_seed53_20260826_222741_982348.json,results/alice_realchannel_run_seed53_20260826_222742_030922.json,final_key,0.3,0,0.0128205128205128
0.0,0.3,0.0,0.0,54,results/bob_realchannel_run_tp0.0_fk0.3_rp0.0_vd0.0_seed54_20260826_222746_033328.json,390,33,2810,34,34,True,0,False,,2.2205615043640137,{'final_key': 1},asymptotic,False,,12,results/bob_realchannel_run_tp0.0_fk0.3_rp0.0_vd0.0_seed54_20260826_222746_033328.json,results/alice_realchannel_run_seed54_20260826_222746_084379.json,final_key,0.3,0,0.0128205128205128
0.0,0.3,0.0,0.0,55,results/bob_realchannel_run_tp0.0_fk0.3_rp0.0_vd0.0_seed55_20260826_222749_932116.json,390,33,2810,34,34,True,0,False,,2.3501110076904297,{'final_key': 1},asymptotic,False,,13,results/bob_realchannel_run_tp0.0_fk0.3_rp0.0_vd0.0_seed55_20260826_222749_932116.json,results/alice_realchannel_run_seed55_20260826_222750_034956.json,final_key,0.3,0,0.0128205128205128
0.0,0.3,0.0,0.0,56,results/bob_realchannel_run_tp0.0_fk0.3_rp0.0_vd0.0_seed56_20260826_222754_024036.json,390,33,2810,34,34,True,0,False,,2.3732988834381104,{},asymptotic,True,,14,results/bob_realchannel_run_tp0.0_fk0.3_rp0.0_vd0.0_seed56_20260826_222754_024036.json,results/alice_realchannel_run_seed56_20260826_222754_084508.json,final_key,0.3,0,0.0128205128205128
0.0,0.3,0.0,0.0,57,results/bob_realchannel_run_tp0.0_fk0.3_rp0.0_vd0.0_seed57_20260826_222758_064177.json,390,33,2810,34,34,True,0,False,,2.5860097408294678,{},asymptotic,True,,15,results/bob_realchannel_run_tp0.0_fk0.3_rp0.0_vd0.0_seed57_20260826_222758_064177.json,results/alice_realchannel_run_seed57_20260826_222758_145540.json,final_key,0.3,0,0.0128205128205128
0.0,0.3,0.0,0.0,58,results/bob_realchannel_run_tp0.0_fk0.3_rp0.0_vd0.0_seed58_20260826_222802_442192.json,390,33,2810,34,34,True,0,False,,4.199588298797607,{'final_key': 1},asymptotic,False,,16,results/bob_realchannel_run_tp0.0_fk0.3_rp0.0_vd0.0_seed58_20260826_222802_442192.json,results/alice_realchannel_run_seed58_20260826_222802_457313.json,final_key,0.3,0,0.0128205128205128
0.0,0.3,0.0,0.0,59,results/bob_realchannel_run_tp0.0_fk0.3_rp0.0_vd0.0_seed59_20260826_222808_364435.json,390,33,2810,34,34,True,0,False,,4.289482355117798,{'final_key': 1},asymptotic,False,,17,results/bob_realchannel_run_tp0.0_fk0.3_rp0.0_vd0.0_seed59_20260826_222808_364435.json,results/alice_realchannel_run_seed59_20260826_222808_395761.json,final_key,0.3,0,0.0128205128205128
0.0,0.3,0.0,0.0,60,results/bob_realchannel_run_tp0.0_fk0.3_rp0.0_vd0.0_seed60_20260826_222814_370981.json,390,33,2810,34,34,True,0,False,,1.7830023765563965,{'final_key': 1},asymptotic,False,,18,results/bob_realchannel_run_tp0.0_fk0.3_rp0.0_vd0.0_seed60_20260826_222814_370981.json,results/alice_realchannel_run_seed60_20260826_222814_437771.json,final_key,0.3,0,0.0128205128205128
0.0,0.3,0.0,0.0,61,results/bob_realchannel_run_tp0.0_fk0.3_rp0.0_vd0.0_seed61_20260826_222817_890667.json,390,33,2810,34,34,True,0,False,,4.274930000305176,{},asymptotic,True,,19,results/bob_realchannel_run_tp0.0_fk0.3_rp0.0_vd0.0_seed61_20260826_222817_890667.json,results/alice_realchannel_run_seed61_20260826_222817_918498.json,final_key,0.3,0,0.0128205128205128
0.0,0.1,0.0,0.0,42,results/bob_realchannel_run_tp0.0_fk0.1_rp0.0_vd0.0_seed42_20260826_222823_910682.json,390,33,2810,34,34,True,0,False,,0.9151837825775146,{},asymptotic,True,,0,results/bob_realchannel_run_tp0.0_fk0.1_rp0.0_vd0.0_seed42_20260826_222823_910682.json,results/alice_realchannel_run_seed42_20260826_222823_982514.json,final_key,0.1,0,0.0128205128205128
0.0,0.1,0.0,0.0,43,results/bob_realchannel_run_tp0.0_fk0.1_rp0.0_vd0.0_seed43_20260826_222826_592350.json,390,33,2810,34,34,True,0,False,,4.173288106918335,{},asymptotic,True,,1,results/bob_realchannel_run_tp0.0_fk0.1_rp0.0_vd0.0_seed43_20260826_222826_592350.json,results/alice_realchannel_run_seed43_20260826_222826_581929.json,final_key,0.1,0,0.0128205128205128
0.0,0.1,0.0,0.0,44,results/bob_realchannel_run_tp0.0_fk0.1_rp0.0_vd0.0_seed44_20260826_222832_481282.json,390,33,2810,34,34,True,0,False,,2.4842050075531006,{},asymptotic,True,,2,results/bob_realchannel_run_tp0.0_fk0.1_rp0.0_vd0.0_seed44_20260826_222832_481282.json,results/alice_realchannel_run_seed44_20260826_222832_554229.json,final_key,0.1,0,0.0128205128205128
0.0,0.1,0.0,0.0,45,results/bob_realchannel_run_tp0.0_fk0.1_rp0.0_vd0.0_seed45_20260826_222836_677109.json,390,33,2810,34,34,True,0,False,,4.2850871086120605,{},asymptotic,True,,3,results/bob_realchannel_run_tp0.0_fk0.1_rp0.0_vd0.0_seed45_20260826_222836_677109.json,results/alice_realchannel_run_seed45_20260826_222836_709428.json,final_key,0.1,0,0.0128205128205128
0.0,0.1,0.0,0.0,46,results/bob_realchannel_run_tp0.0_fk0.1_rp0.0_vd0.0_seed46_20260826_222842_681034.json,390,33,2810,34,34,True,0,False,,2.232379913330078,{},asymptotic,True,,4,results/bob_realchannel_run_tp0.0_fk0.1_rp0.0_vd0.0_seed46_20260826_222842_681034.json,results/alice_realchannel_run_seed46_20260826_222842_744864.json,final_key,0.1,0,0.0128205128205128
0.0,0.1,0.0,0.0,47,results/bob_realchannel_run_tp0.0_fk0.1_rp0.0_vd0.0_seed47_20260826_222846_589221.json,390,33,2810,34,34,True,0,False,,2.4682188034057617,{},asymptotic,True,,5,results/bob_realchannel_run_tp0.0_fk0.1_rp0.0_vd0.0_seed47_20260826_222846_589221.json,results/alice_realchannel_run_seed47_20260826_222846_646686.json,final_key,0.1,0,0.0128205128205128
0.0,0.1,0.0,0.0,48,results/bob_realchannel_run_tp0.0_fk0.1_rp0.0_vd0.0_seed48_20260826_222850_740061.json,390,33,2810,34,34,True,0,False,,2.401512384414673,{},asymptotic,True,,6,results/bob_realchannel_run_tp0.0_fk0.1_rp0.0_vd0.0_seed48_20260826_222850_740061.json,results/alice_realchannel_run_seed48_20260826_222850_800212.json,final_key,0.1,0,0.0128205128205128
0.0,0.1,0.0,0.0,49,results/bob_realchannel_run_tp0.0_fk0.1_rp0.0_vd0.0_seed49_20260826_222854_832777.json,390,33,2810,34,34,True,0,False,,2.3612959384918213,{},asymptotic,True,,7,results/bob_realchannel_run_tp0.0_fk0.1_rp0.0_vd0.0_seed49_20260826_222854_832777.json,results/alice_realchannel_run_seed49_20260826_222854_878383.json,final_key,0.1,0,0.0128205128205128
0.0,0.1,0.0,0.0,50,results/bob_realchannel_run_tp0.0_fk0.1_rp0.0_vd0.0_seed50_20260826_222858_868098.json,390,33,2810,34,34,True,0,False,,2.421773672103882,{},asymptotic,True,,8,results/bob_realchannel_run_tp0.0_fk0.1_rp0.0_vd0.0_seed50_20260826_222858_868098.json,results/alice_realchannel_run_seed50_20260826_222858_960093.json,final_key,0.1,0,0.0128205128205128
0.0,0.1,0.0,0.0,51,results/bob_realchannel_run_tp0.0_fk0.1_rp0.0_vd0.0_seed51_20260826_222903_034032.json,390,33,2810,34,34,True,0,False,,2.3888511657714844,{},asymptotic,True,,9,results/bob_realchannel_run_tp0.0_fk0.1_rp0.0_vd0.0_seed51_20260826_222903_034032.json,results/alice_realchannel_run_seed51_20260826_222903_107335.json,final_key,0.1,0,0.0128205128205128
0.0,0.1,0.0,0.0,52,results/bob_realchannel_run_tp0.0_fk0.1_rp0.0_vd0.0_seed52_20260826_222907_153326.json,390,33,2810,34,34,True,0,False,,2.404425859451294,{'final_key': 1},asymptotic,False,,10,results/bob_realchannel_run_tp0.0_fk0.1_rp0.0_vd0.0_seed52_20260826_222907_153326.json,results/alice_realchannel_run_seed52_20260826_222907_215170.json,final_key,0.1,0,0.0128205128205128
0.0,0.1,0.0,0.0,53,results/bob_realchannel_run_tp0.0_fk0.1_rp0.0_vd0.0_seed53_20260826_222911_238939.json,390,33,2810,34,34,True,0,False,,2.2983555793762207,{},asymptotic,True,,11,results/bob_realchannel_run_tp0.0_fk0.1_rp0.0_vd0.0_seed53_20260826_222911_238939.json,results/alice_realchannel_run_seed53_20260826_222911_301375.json,final_key,0.1,0,0.0128205128205128
0.0,0.1,0.0,0.0,54,results/bob_realchannel_run_tp0.0_fk0.1_rp0.0_vd0.0_seed54_20260826_222915_214995.json,390,33,2810,34,34,True,0,False,,2.262468099594116,{'final_key': 1},asymptotic,False,,12,results/bob_realchannel_run_tp0.0_fk0.1_rp0.0_vd0.0_seed54_20260826_222915_214995.json,results/alice_realchannel_run_seed54_20260826_222915_309416.json,final_key,0.1,0,0.0128205128205128
0.0,0.1,0.0,0.0,55,results/bob_realchannel_run_tp0.0_fk0.1_rp0.0_vd0.0_seed55_20260826_222919_207839.json,390,33,2810,34,34,True,0,False,,2.309875249862671,{},asymptotic,True,,13,results/bob_realchannel_run_tp0.0_fk0.1_rp0.0_vd0.0_seed55_20260826_222919_207839.json,results/alice_realchannel_run_seed55_20260826_222919_280443.json,final_key,0.1,0,0.0128205128205128
0.0,0.1,0.0,0.0,56,results/bob_realchannel_run_tp0.0_fk0.1_rp0.0_vd0.0_seed56_20260826_222923_237334.json,390,33,2810,34,34,True,0,False,,2.3805553913116455,{},asymptotic,True,,14,results/bob_realchannel_run_tp0.0_fk0.1_rp0.0_vd0.0_seed56_20260826_222923_237334.json,results/alice_realchannel_run_seed56_20260826_222923_305237.json,final_key,0.1,0,0.0128205128205128
0.0,0.1,0.0,0.0,57,results/bob_realchannel_run_tp0.0_fk0.1_rp0.0_vd0.0_seed57_20260826_222927_288185.json,390,33,2810,34,34,True,0,False,,1.8657386302947998,{},asymptotic,True,,15,results/bob_realchannel_run_tp0.0_fk0.1_rp0.0_vd0.0_seed57_20260826_222927_288185.json,results/alice_realchannel_run_seed57_20260826_222927_363868.json,final_key,0.1,0,0.0128205128205128
0.0,0.1,0.0,0.0,58,results/bob_realchannel_run_tp0.0_fk0.1_rp0.0_vd0.0_seed58_20260826_222930_848547.json,390,33,2810,34,34,True,0,False,,2.0212459564208984,{},asymptotic,True,,16,results/bob_realchannel_run_tp0.0_fk0.1_rp0.0_vd0.0_seed58_20260826_222930_848547.json,results/alice_realchannel_run_seed58_20260826_222931_151718.json,final_key,0.1,0,0.0128205128205128
0.0,0.1,0.0,0.0,59,results/bob_realchannel_run_tp0.0_fk0.1_rp0.0_vd0.0_seed59_20260826_222934_553067.json,390,33,2810,34,34,True,0,False,,2.3085572719573975,{},asymptotic,True,,17,results/bob_realchannel_run_tp0.0_fk0.1_rp0.0_vd0.0_seed59_20260826_222934_553067.json,results/alice_realchannel_run_seed59_20260826_222934_614735.json,final_key,0.1,0,0.0128205128205128
0.0,0.1,0.0,0.0,60,results/bob_realchannel_run_tp0.0_fk0.1_rp0.0_vd0.0_seed60_20260826_222938_545893.json,390,33,2810,34,34,True,0,False,,1.7958192825317383,{},asymptotic,True,,18,results/bob_realchannel_run_tp0.0_fk0.1_rp0.0_vd0.0_seed60_20260826_222938_545893.json,results/alice_realchannel_run_seed60_20260826_222938_631760.json,final_key,0.1,0,0.0128205128205128
0.0,0.1,0.0,0.0,61,results/bob_realchannel_run_tp0.0_fk0.1_rp0.0_vd0.0_seed61_20260826_222942_113881.json,390,33,2810,34,34,True,0,False,,1.8717665672302246,{},asymptotic,True,,19,results/bob_realchannel_run_tp0.0_fk0.1_rp0.0_vd0.0_seed61_20260826_222942_113881.json,results/alice_realchannel_run_seed61_20260826_222942_211845.json,final_key,0.1,0,0.0128205128205128
0.0,0.05,0.0,0.0,42,results/bob_realchannel_run_tp0.0_fk0.05_rp0.0_vd0.0_seed42_20260826_222945_750384.json,390,33,2810,34,34,True,0,False,,2.227219820022583,{},asymptotic,True,,0,results/bob_realchannel_run_tp0.0_fk0.05_rp0.0_vd0.0_seed42_20260826_222945_750384.json,results/alice_realchannel_run_seed42_20260826_222945_810063.json,final_key,0.05,0,0.0128205128205128
0.0,0.05,0.0,0.0,43,results/bob_realchannel_run_tp0.0_fk0.05_rp0.0_vd0.0_seed43_20260826_222949_799521.json,390,33,2810,34,34,True,0,False,,3.6539711952209473,{},asymptotic,True,,1,results/bob_realchannel_run_tp0.0_fk0.05_rp0.0_vd0.0_seed43_20260826_222949_799521.json,results/alice_realchannel_run_seed43_20260826_222949_721812.json,final_key,0.05,0,0.0128205128205128
0.0,0.05,0.0,0.0,44,results/bob_realchannel_run_tp0.0_fk0.05_rp0.0_vd0.0_seed44_20260826_222955_278983.json,390,33,2810,34,34,True,0,False,,2.4711148738861084,{},asymptotic,True,,2,results/bob_realchannel_run_tp0.0_fk0.05_rp0.0_vd0.0_seed44_20260826_222955_278983.json,results/alice_realchannel_run_seed44_20260826_222955_350250.json,final_key,0.05,0,0.0128205128205128
0.0,0.05,0.0,0.0,45,results/bob_realchannel_run_tp0.0_fk0.05_rp0.0_vd0.0_seed45_20260826_222959_521640.json,390,33,2810,34,34,True,0,False,,1.4244275093078613,{},asymptotic,True,,3,results/bob_realchannel_run_tp0.0_fk0.05_rp0.0_vd0.0_seed45_20260826_222959_521640.json,results/alice_realchannel_run_seed45_20260826_222959_609251.json,final_key,0.05,0,0.0128205128205128
0.0,0.05,0.0,0.0,46,results/bob_realchannel_run_tp0.0_fk0.05_rp0.0_vd0.0_seed46_20260826_223002_739149.json,390,33,2810,34,34,True,0,False,,2.210604667663574,{},asymptotic,True,,4,results/bob_realchannel_run_tp0.0_fk0.05_rp0.0_vd0.0_seed46_20260826_223002_739149.json,results/alice_realchannel_run_seed46_20260826_223002_779877.json,final_key,0.05,0,0.0128205128205128
0.0,0.05,0.0,0.0,47,results/bob_realchannel_run_tp0.0_fk0.05_rp0.0_vd0.0_seed47_20260826_223006_633148.json,390,33,2810,34,34,True,0,False,,2.464308977127075,{},asymptotic,True,,5,results/bob_realchannel_run_tp0.0_fk0.05_rp0.0_vd0.0_seed47_20260826_223006_633148.json,results/alice_realchannel_run_seed47_20260826_223006_694929.json,final_key,0.05,0,0.0128205128205128
0.0,0.05,0.0,0.0,48,results/bob_realchannel_run_tp0.0_fk0.05_rp0.0_vd0.0_seed48_20260826_223010_789686.json,390,33,2810,34,34,True,0,False,,2.440324306488037,{},asymptotic,True,,6,results/bob_realchannel_run_tp0.0_fk0.05_rp0.0_vd0.0_seed48_20260826_223010_789686.json,results/alice_realchannel_run_seed48_20260826_223010_886726.json,final_key,0.05,0,0.0128205128205128
0.0,0.05,0.0,0.0,49,results/bob_realchannel_run_tp0.0_fk0.05_rp0.0_vd0.0_seed49_20260826_223015_012275.json,390,33,2810,34,34,True,0,False,,2.3931221961975098,{},asymptotic,True,,7,results/bob_realchannel_run_tp0.0_fk0.05_rp0.0_vd0.0_seed49_20260826_223015_012275.json,results/alice_realchannel_run_seed49_20260826_223015_089916.json,final_key,0.05,0,0.0128205128205128
0.0,0.05,0.0,0.0,50,results/bob_realchannel_run_tp0.0_fk0.05_rp0.0_vd0.0_seed50_20260826_223019_084364.json,390,33,2810,34,34,True,0,False,,2.421318292617798,{},asymptotic,True,,8,results/bob_realchannel_run_tp0.0_fk0.05_rp0.0_vd0.0_seed50_20260826_223019_084364.json,results/alice_realchannel_run_seed50_20260826_223019_179094.json,final_key,0.05,0,0.0128205128205128
0.0,0.05,0.0,0.0,51,results/bob_realchannel_run_tp0.0_fk0.05_rp0.0_vd0.0_seed51_20260826_223023_254268.json,390,33,2810,34,34,True,0,False,,2.3833425045013428,{},asymptotic,True,,9,results/bob_realchannel_run_tp0.0_fk0.05_rp0.0_vd0.0_seed51_20260826_223023_254268.json,results/alice_realchannel_run_seed51_20260826_223023_322865.json,final_key,0.05,0,0.0128205128205128
0.0,0.05,0.0,0.0,52,results/bob_realchannel_run_tp0.0_fk0.05_rp0.0_vd0.0_seed52_20260826_223027_333757.json,390,33,2810,34,34,True,0,False,,2.6962459087371826,{},asymptotic,True,,10,results/bob_realchannel_run_tp0.0_fk0.05_rp0.0_vd0.0_seed52_20260826_223027_333757.json,results/alice_realchannel_run_seed52_20260826_223027_688700.json,final_key,0.05,0,0.0128205128205128
0.0,0.05,0.0,0.0,53,results/bob_realchannel_run_tp0.0_fk0.05_rp0.0_vd0.0_seed53_20260826_223031_820287.json,390,33,2810,34,34,True,0,False,,2.3054988384246826,{},asymptotic,True,,11,results/bob_realchannel_run_tp0.0_fk0.05_rp0.0_vd0.0_seed53_20260826_223031_820287.json,results/alice_realchannel_run_seed53_20260826_223031_885405.json,final_key,0.05,0,0.0128205128205128
0.0,0.05,0.0,0.0,54,results/bob_realchannel_run_tp0.0_fk0.05_rp0.0_vd0.0_seed54_20260826_223035_935525.json,390,33,2810,34,34,True,0,False,,2.418153762817383,{},asymptotic,True,,12,results/bob_realchannel_run_tp0.0_fk0.05_rp0.0_vd0.0_seed54_20260826_223035_935525.json,results/alice_realchannel_run_seed54_20260826_223036_184073.json,final_key,0.05,0,0.0128205128205128
0.0,0.05,0.0,0.0,55,results/bob_realchannel_run_tp0.0_fk0.05_rp0.0_vd0.0_seed55_20260826_223040_029883.json,390,33,2810,34,34,True,0,False,,2.3439064025878906,{},asymptotic,True,,13,results/bob_realchannel_run_tp0.0_fk0.05_rp0.0_vd0.0_seed55_20260826_223040_029883.json,results/alice_realchannel_run_seed55_20260826_223040_134750.json,final_key,0.05,0,0.0128205128205128
0.0,0.05,0.0,0.0,56,results/bob_realchannel_run_tp0.0_fk0.05_rp0.0_vd0.0_seed56_20260826_223044_162524.json,390,33,2810,34,34,True,0,False,,4.355663299560547,{},asymptotic,True,,14,results/bob_realchannel_run_tp0.0_fk0.05_rp0.0_vd0.0_seed56_20260826_223044_162524.json,results/alice_realchannel_run_seed56_20260826_223044_188040.json,final_key,0.05,0,0.0128205128205128
0.0,0.05,0.0,0.0,57,results/bob_realchannel_run_tp0.0_fk0.05_rp0.0_vd0.0_seed57_20260826_223050_212098.json,390,33,2810,34,34,True,0,False,,2.589446783065796,{},asymptotic,True,,15,results/bob_realchannel_run_tp0.0_fk0.05_rp0.0_vd0.0_seed57_20260826_223050_212098.json,results/alice_realchannel_run_seed57_20260826_223050_302793.json,final_key,0.05,0,0.0128205128205128
0.0,0.05,0.0,0.0,58,results/bob_realchannel_run_tp0.0_fk0.05_rp0.0_vd0.0_seed58_20260826_223054_554383.json,390,33,2810,34,34,True,0,False,,2.3076436519622803,{},asymptotic,True,,16,results/bob_realchannel_run_tp0.0_fk0.05_rp0.0_vd0.0_seed58_20260826_223054_554383.json,results/alice_realchannel_run_seed58_20260826_223054_692889.json,final_key,0.05,0,0.0128205128205128
0.0,0.05,0.0,0.0,59,results/bob_realchannel_run_tp0.0_fk0.05_rp0.0_vd0.0_seed59_20260826_223058_631506.json,390,33,2810,34,34,True,0,False,,2.334440231323242,{},asymptotic,True,,17,results/bob_realchannel_run_tp0.0_fk0.05_rp0.0_vd0.0_seed59_20260826_223058_631506.json,results/alice_realchannel_run_seed59_20260826_223058_726154.json,final_key,0.05,0,0.0128205128205128
0.0,0.05,0.0,0.0,60,results/bob_realchannel_run_tp0.0_fk0.05_rp0.0_vd0.0_seed60_20260826_223102_671447.json,390,33,2810,34,34,True,0,False,,2.274611234664917,{},asymptotic,True,,18,results/bob_realchannel_run_tp0.0_fk0.05_rp0.0_vd0.0_seed60_20260826_223102_671447.json,results/alice_realchannel_run_seed60_20260826_223102_777378.json,final_key,0.05,0,0.0128205128205128
0.0,0.05,0.0,0.0,61,results/bob_realchannel_run_tp0.0_fk0.05_rp0.0_vd0.0_seed61_20260826_223106_706974.json,390,33,2810,34,34,True,0,False,,2.342651605606079,{},asymptotic,True,,19,results/bob_realchannel_run_tp0.0_fk0.05_rp0.0_vd0.0_seed61_20260826_223106_706974.json,results/alice_realchannel_run_seed61_20260826_223106_818925.json,final_key,0.05,0,0.0128205128205128
0.0,0.03,0.0,0.0,42,results/bob_realchannel_run_tp0.0_fk0.03_rp0.0_vd0.0_seed42_20260826_223110_815578.json,390,33,2810,34,34,True,0,False,,2.5024213790893555,{},asymptotic,True,,0,results/bob_realchannel_run_tp0.0_fk0.03_rp0.0_vd0.0_seed42_20260826_223110_815578.json,results/alice_realchannel_run_seed42_20260826_223111_147215.json,final_key,0.03,0,0.0128205128205128
0.0,0.03,0.0,0.0,43,results/bob_realchannel_run_tp0.0_fk0.03_rp0.0_vd0.0_seed43_20260826_223115_073258.json,390,33,2810,34,34,True,0,False,,2.2885231971740723,{},asymptotic,True,,1,results/bob_realchannel_run_tp0.0_fk0.03_rp0.0_vd0.0_seed43_20260826_223115_073258.json,results/alice_realchannel_run_seed43_20260826_223115_195565.json,final_key,0.03,0,0.0128205128205128
0.0,0.03,0.0,0.0,44,results/bob_realchannel_run_tp0.0_fk0.03_rp0.0_vd0.0_seed44_20260826_223119_118052.json,390,33,2810,34,34,True,0,False,,2.519028425216675,{},asymptotic,True,,2,results/bob_realchannel_run_tp0.0_fk0.03_rp0.0_vd0.0_seed44_20260826_223119_118052.json,results/alice_realchannel_run_seed44_20260826_223119_234201.json,final_key,0.03,0,0.0128205128205128
0.0,0.03,0.0,0.0,45,results/bob_realchannel_run_tp0.0_fk0.03_rp0.0_vd0.0_seed45_20260826_223123_398180.json,390,33,2810,34,34,True,0,False,,2.3442156314849854,{},asymptotic,True,,3,results/bob_realchannel_run_tp0.0_fk0.03_rp0.0_vd0.0_seed45_20260826_223123_398180.json,results/alice_realchannel_run_seed45_20260826_223123_503756.json,final_key,0.03,0,0.0128205128205128
0.0,0.03,0.0,0.0,46,results/bob_realchannel_run_tp0.0_fk0.03_rp0.0_vd0.0_seed46_20260826_223127_500421.json,390,33,2810,34,34,True,0,False,,2.2854018211364746,{},asymptotic,True,,4,results/bob_realchannel_run_tp0.0_fk0.03_rp0.0_vd0.0_seed46_20260826_223127_500421.json,results/alice_realchannel_run_seed46_20260826_223127_617436.json,final_key,0.03,0,0.0128205128205128
0.0,0.03,0.0,0.0,47,results/bob_realchannel_run_tp0.0_fk0.03_rp0.0_vd0.0_seed47_20260826_223131_602950.json,390,33,2810,34,34,True,0,False,,2.4792721271514893,{},asymptotic,True,,5,results/bob_realchannel_run_tp0.0_fk0.03_rp0.0_vd0.0_seed47_20260826_223131_602950.json,results/alice_realchannel_run_seed47_20260826_223131_675195.json,final_key,0.03,0,0.0128205128205128
0.0,0.03,0.0,0.0,48,results/bob_realchannel_run_tp0.0_fk0.03_rp0.0_vd0.0_seed48_20260826_223135_839345.json,390,33,2810,34,34,True,0,False,,2.726323366165161,{},asymptotic,True,,6,results/bob_realchannel_run_tp0.0_fk0.03_rp0.0_vd0.0_seed48_20260826_223135_839345.json,results/alice_realchannel_run_seed48_20260826_223136_225732.json,final_key,0.03,0,0.0128205128205128
0.0,0.03,0.0,0.0,49,results/bob_realchannel_run_tp0.0_fk0.03_rp0.0_vd0.0_seed49_20260826_223140_324355.json,390,33,2810,34,34,True,0,False,,2.421999216079712,{},asymptotic,True,,7,results/bob_realchannel_run_tp0.0_fk0.03_rp0.0_vd0.0_seed49_20260826_223140_324355.json,results/alice_realchannel_run_seed49_20260826_223140_430098.json,final_key,0.03,0,0.0128205128205128
0.0,0.03,0.0,0.0,50,results/bob_realchannel_run_tp0.0_fk0.03_rp0.0_vd0.0_seed50_20260826_223144_442207.json,390,33,2810,34,34,True,0,False,,2.391115188598633,{},asymptotic,True,,8,results/bob_realchannel_run_tp0.0_fk0.03_rp0.0_vd0.0_seed50_20260826_223144_442207.json,results/alice_realchannel_run_seed50_20260826_223144_504982.json,final_key,0.03,0,0.0128205128205128
0.0,0.03,0.0,0.0,51,results/bob_realchannel_run_tp0.0_fk0.03_rp0.0_vd0.0_seed51_20260826_223148_504189.json,390,33,2810,34,34,True,0,False,,2.397176504135132,{},asymptotic,True,,9,results/bob_realchannel_run_tp0.0_fk0.03_rp0.0_vd0.0_seed51_20260826_223148_504189.json,results/alice_realchannel_run_seed51_20260826_223148_587204.json,final_key,0.03,0,0.0128205128205128
0.0,0.03,0.0,0.0,52,results/bob_realchannel_run_tp0.0_fk0.03_rp0.0_vd0.0_seed52_20260826_223152_584129.json,390,33,2810,34,34,True,0,False,,2.4058778285980225,{},asymptotic,True,,10,results/bob_realchannel_run_tp0.0_fk0.03_rp0.0_vd0.0_seed52_20260826_223152_584129.json,results/alice_realchannel_run_seed52_20260826_223152_649723.json,final_key,0.03,0,0.0128205128205128
0.0,0.03,0.0,0.0,53,results/bob_realchannel_run_tp0.0_fk0.03_rp0.0_vd0.0_seed53_20260826_223156_667106.json,390,33,2810,34,34,True,0,False,,2.299048900604248,{},asymptotic,True,,11,results/bob_realchannel_run_tp0.0_fk0.03_rp0.0_vd0.0_seed53_20260826_223156_667106.json,results/alice_realchannel_run_seed53_20260826_223156_727039.json,final_key,0.03,0,0.0128205128205128
0.0,0.03,0.0,0.0,54,results/bob_realchannel_run_tp0.0_fk0.03_rp0.0_vd0.0_seed54_20260826_223200_646179.json,390,33,2810,34,34,True,0,False,,2.2357614040374756,{},asymptotic,True,,12,results/bob_realchannel_run_tp0.0_fk0.03_rp0.0_vd0.0_seed54_20260826_223200_646179.json,results/alice_realchannel_run_seed54_20260826_223200_712457.json,final_key,0.03,0,0.0128205128205128
0.0,0.03,0.0,0.0,55,results/bob_realchannel_run_tp0.0_fk0.03_rp0.0_vd0.0_seed55_20260826_223204_559562.json,390,33,2810,34,34,True,0,False,,2.3540430068969727,{},asymptotic,True,,13,results/bob_realchannel_run_tp0.0_fk0.03_rp0.0_vd0.0_seed55_20260826_223204_559562.json,results/alice_realchannel_run_seed55_20260826_223204_669384.json,final_key,0.03,0,0.0128205128205128
0.0,0.03,0.0,0.0,56,results/bob_realchannel_run_tp0.0_fk0.03_rp0.0_vd0.0_seed56_20260826_223208_627640.json,390,33,2810,34,34,True,0,False,,2.386028289794922,{},asymptotic,True,,14,results/bob_realchannel_run_tp0.0_fk0.03_rp0.0_vd0.0_seed56_20260826_223208_627640.json,results/alice_realchannel_run_seed56_20260826_223208_702029.json,final_key,0.03,0,0.0128205128205128
0.0,0.03,0.0,0.0,57,results/bob_realchannel_run_tp0.0_fk0.03_rp0.0_vd0.0_seed57_20260826_223212_684335.json,390,33,2810,34,34,True,0,False,,2.577338218688965,{},asymptotic,True,,15,results/bob_realchannel_run_tp0.0_fk0.03_rp0.0_vd0.0_seed57_20260826_223212_684335.json,results/alice_realchannel_run_seed57_20260826_223212_754960.json,final_key,0.03,0,0.0128205128205128
0.0,0.03,0.0,0.0,58,results/bob_realchannel_run_tp0.0_fk0.03_rp0.0_vd0.0_seed58_20260826_223216_943068.json,390,33,2810,34,34,True,0,False,,2.222475528717041,{},asymptotic,True,,16,results/bob_realchannel_run_tp0.0_fk0.03_rp0.0_vd0.0_seed58_20260826_223216_943068.json,results/alice_realchannel_run_seed58_20260826_223217_001762.json,final_key,0.03,0,0.0128205128205128
0.0,0.03,0.0,0.0,59,results/bob_realchannel_run_tp0.0_fk0.03_rp0.0_vd0.0_seed59_20260826_223220_857470.json,390,33,2810,34,34,True,0,False,,2.2842252254486084,{},asymptotic,True,,17,results/bob_realchannel_run_tp0.0_fk0.03_rp0.0_vd0.0_seed59_20260826_223220_857470.json,results/alice_realchannel_run_seed59_20260826_223220_902727.json,final_key,0.03,0,0.0128205128205128
0.0,0.03,0.0,0.0,60,results/bob_realchannel_run_tp0.0_fk0.03_rp0.0_vd0.0_seed60_20260826_223224_818782.json,390,33,2810,34,34,True,0,False,,2.2309463024139404,{},asymptotic,True,,18,results/bob_realchannel_run_tp0.0_fk0.03_rp0.0_vd0.0_seed60_20260826_223224_818782.json,results/alice_realchannel_run_seed60_20260826_223224_888387.json,final_key,0.03,0,0.0128205128205128
0.0,0.03,0.0,0.0,61,results/bob_realchannel_run_tp0.0_fk0.03_rp0.0_vd0.0_seed61_20260826_223228_725729.json,390,33,2810,34,34,True,0,False,,2.291816234588623,{},asymptotic,True,,19,results/bob_realchannel_run_tp0.0_fk0.03_rp0.0_vd0.0_seed61_20260826_223228_725729.json,results/alice_realchannel_run_seed61_20260826_223228_790708.json,final_key,0.03,0,0.0128205128205128
0.0,0.01,0.0,0.0,42,results/bob_realchannel_run_tp0.0_fk0.01_rp0.0_vd0.0_seed42_20260826_223232_694835.json,390,33,2810,34,34,True,0,False,,2.267181873321533,{},asymptotic,True,,0,results/bob_realchannel_run_tp0.0_fk0.01_rp0.0_vd0.0_seed42_20260826_223232_694835.json,results/alice_realchannel_run_seed42_20260826_223232_793468.json,final_key,0.01,0,0.0128205128205128
0.0,0.01,0.0,0.0,43,results/bob_realchannel_run_tp0.0_fk0.01_rp0.0_vd0.0_seed43_20260826_223236_647947.json,390,33,2810,34,34,True,0,False,,2.2303571701049805,{},asymptotic,True,,1,results/bob_realchannel_run_tp0.0_fk0.01_rp0.0_vd0.0_seed43_20260826_223236_647947.json,results/alice_realchannel_run_seed43_20260826_223236_710208.json,final_key,0.01,0,0.0128205128205128
0.0,0.01,0.0,0.0,44,results/bob_realchannel_run_tp0.0_fk0.01_rp0.0_vd0.0_seed44_20260826_223240_554541.json,390,33,2810,34,34,True,0,False,,2.471209764480591,{},asymptotic,True,,2,results/bob_realchannel_run_tp0.0_fk0.01_rp0.0_vd0.0_seed44_20260826_223240_554541.json,results/alice_realchannel_run_seed44_20260826_223240_616774.json,final_key,0.01,0,0.0128205128205128
0.0,0.01,0.0,0.0,45,results/bob_realchannel_run_tp0.0_fk0.01_rp0.0_vd0.0_seed45_20260826_223244_726584.json,390,33,2810,34,34,True,0,False,,2.2834718227386475,{},asymptotic,True,,3,results/bob_realchannel_run_tp0.0_fk0.01_rp0.0_vd0.0_seed45_20260826_223244_726584.json,results/alice_realchannel_run_seed45_20260826_223244_769684.json,final_key,0.01,0,0.0128205128205128
0.0,0.01,0.0,0.0,46,results/bob_realchannel_run_tp0.0_fk0.01_rp0.0_vd0.0_seed46_20260826_223248_690335.json,390,33,2810,34,34,True,0,False,,4.203018665313721,{},asymptotic,True,,4,results/bob_realchannel_run_tp0.0_fk0.01_rp0.0_vd0.0_seed46_20260826_223248_690335.json,results/alice_realchannel_run_seed46_20260826_223248_709247.json,final_key,0.01,0,0.0128205128205128
0.0,0.01,0.0,0.0,47,results/bob_realchannel_run_tp0.0_fk0.01_rp0.0_vd0.0_seed47_20260826_223254_570038.json,390,33,2810,34,34,True,0,False,,2.475660800933838,{},asymptotic,True,,5,results/bob_realchannel_run_tp0.0_fk0.01_rp0.0_vd0.0_seed47_20260826_223254_570038.json,results/alice_realchannel_run_seed47_20260826_223254_639028.json,final_key,0.01,0,0.0128205128205128
0.0,0.01,0.0,0.0,48,results/bob_realchannel_run_tp0.0_fk0.01_rp0.0_vd0.0_seed48_20260826_223258_726402.json,390,33,2810,34,34,True,0,False,,2.403276205062866,{},asymptotic,True,,6,results/bob_realchannel_run_tp0.0_fk0.01_rp0.0_vd0.0_seed48_20260826_223258_726402.json,results/alice_realchannel_run_seed48_20260826_223258_786479.json,final_key,0.01,0,0.0128205128205128
0.0,0.01,0.0,0.0,49,results/bob_realchannel_run_tp0.0_fk0.01_rp0.0_vd0.0_seed49_20260826_223302_807351.json,390,33,2810,34,34,True,0,False,,2.3742337226867676,{},asymptotic,True,,7,results/bob_realchannel_run_tp0.0_fk0.01_rp0.0_vd0.0_seed49_20260826_223302_807351.json,results/alice_realchannel_run_seed49_20260826_223302_871027.json,final_key,0.01,0,0.0128205128205128
0.0,0.01,0.0,0.0,50,results/bob_realchannel_run_tp0.0_fk0.01_rp0.0_vd0.0_seed50_20260826_223306_862518.json,390,33,2810,34,34,True,0,False,,2.435166120529175,{},asymptotic,True,,8,results/bob_realchannel_run_tp0.0_fk0.01_rp0.0_vd0.0_seed50_20260826_223306_862518.json,results/alice_realchannel_run_seed50_20260826_223306_967785.json,final_key,0.01,0,0.0128205128205128
0.0,0.01,0.0,0.0,51,results/bob_realchannel_run_tp0.0_fk0.01_rp0.0_vd0.0_seed51_20260826_223311_067086.json,390,33,2810,34,34,True,0,False,,2.4113903045654297,{},asymptotic,True,,9,results/bob_realchannel_run_tp0.0_fk0.01_rp0.0_vd0.0_seed51_20260826_223311_067086.json,results/alice_realchannel_run_seed51_20260826_223311_164757.json,final_key,0.01,0,0.0128205128205128
0.0,0.01,0.0,0.0,52,results/bob_realchannel_run_tp0.0_fk0.01_rp0.0_vd0.0_seed52_20260826_223315_147379.json,390,33,2810,34,34,True,0,False,,2.4181556701660156,{},asymptotic,True,,10,results/bob_realchannel_run_tp0.0_fk0.01_rp0.0_vd0.0_seed52_20260826_223315_147379.json,results/alice_realchannel_run_seed52_20260826_223315_223340.json,final_key,0.01,0,0.0128205128205128
0.0,0.01,0.0,0.0,53,results/bob_realchannel_run_tp0.0_fk0.01_rp0.0_vd0.0_seed53_20260826_223319_244106.json,390,33,2810,34,34,True,0,False,,2.3137285709381104,{},asymptotic,True,,11,results/bob_realchannel_run_tp0.0_fk0.01_rp0.0_vd0.0_seed53_20260826_223319_244106.json,results/alice_realchannel_run_seed53_20260826_223319_316632.json,final_key,0.01,0,0.0128205128205128
0.0,0.01,0.0,0.0,54,results/bob_realchannel_run_tp0.0_fk0.01_rp0.0_vd0.0_seed54_20260826_223323_229698.json,390,33,2810,34,34,True,0,False,,2.2398242950439453,{},asymptotic,True,,12,results/bob_realchannel_run_tp0.0_fk0.01_rp0.0_vd0.0_seed54_20260826_223323_229698.json,results/alice_realchannel_run_seed54_20260826_223323_302910.json,final_key,0.01,0,0.0128205128205128
0.0,0.01,0.0,0.0,55,results/bob_realchannel_run_tp0.0_fk0.01_rp0.0_vd0.0_seed55_20260826_223327_150782.json,390,33,2810,34,34,True,0,False,,2.3071045875549316,{},asymptotic,True,,13,results/bob_realchannel_run_tp0.0_fk0.01_rp0.0_vd0.0_seed55_20260826_223327_150782.json,results/alice_realchannel_run_seed55_20260826_223327_219640.json,final_key,0.01,0,0.0128205128205128
0.0,0.01,0.0,0.0,56,results/bob_realchannel_run_tp0.0_fk0.01_rp0.0_vd0.0_seed56_20260826_223331_135834.json,390,33,2810,34,34,True,0,False,,2.3943936824798584,{},asymptotic,True,,14,results/bob_realchannel_run_tp0.0_fk0.01_rp0.0_vd0.0_seed56_20260826_223331_135834.json,results/alice_realchannel_run_seed56_20260826_223331_219988.json,final_key,0.01,0,0.0128205128205128
0.0,0.01,0.0,0.0,57,results/bob_realchannel_run_tp0.0_fk0.01_rp0.0_vd0.0_seed57_20260826_223335_246627.json,390,33,2810,34,34,True,0,False,,2.591325283050537,{},asymptotic,True,,15,results/bob_realchannel_run_tp0.0_fk0.01_rp0.0_vd0.0_seed57_20260826_223335_246627.json,results/alice_realchannel_run_seed57_20260826_223335_337167.json,final_key,0.01,0,0.0128205128205128
0.0,0.01,0.0,0.0,58,results/bob_realchannel_run_tp0.0_fk0.01_rp0.0_vd0.0_seed58_20260826_223339_586414.json,390,33,2810,34,34,True,0,False,,2.2232344150543213,{},asymptotic,True,,16,results/bob_realchannel_run_tp0.0_fk0.01_rp0.0_vd0.0_seed58_20260826_223339_586414.json,results/alice_realchannel_run_seed58_20260826_223339_642552.json,final_key,0.01,0,0.0128205128205128
0.0,0.01,0.0,0.0,59,results/bob_realchannel_run_tp0.0_fk0.01_rp0.0_vd0.0_seed59_20260826_223343_474875.json,390,33,2810,34,34,True,0,False,,2.3189048767089844,{},asymptotic,True,,17,results/bob_realchannel_run_tp0.0_fk0.01_rp0.0_vd0.0_seed59_20260826_223343_474875.json,results/alice_realchannel_run_seed59_20260826_223343_547976.json,final_key,0.01,0,0.0128205128205128
0.0,0.01,0.0,0.0,60,results/bob_realchannel_run_tp0.0_fk0.01_rp0.0_vd0.0_seed60_20260826_223347_481664.json,390,33,2810,34,34,True,0,False,,1.8000693321228027,{},asymptotic,True,,18,results/bob_realchannel_run_tp0.0_fk0.01_rp0.0_vd0.0_seed60_20260826_223347_481664.json,results/alice_realchannel_run_seed60_20260826_223347_568964.json,final_key,0.01,0,0.0128205128205128
0.0,0.01,0.0,0.0,61,results/bob_realchannel_run_tp0.0_fk0.01_rp0.0_vd0.0_seed61_20260826_223351_004299.json,390,33,2810,34,34,True,0,False,,2.313105821609497,{},asymptotic,True,,19,results/bob_realchannel_run_tp0.0_fk0.01_rp0.0_vd0.0_seed61_20260826_223351_004299.json,results/alice_realchannel_run_seed61_20260826_223351_095305.json,final_key,0.01,0,0.0128205128205128
0.0,0.003,0.0,0.0,42,results/bob_realchannel_run_tp0.0_fk0.003_rp0.0_vd0.0_seed42_20260826_223355_055295.json,390,33,2810,34,34,True,0,False,,2.2266628742218018,{},asymptotic,True,,0,results/bob_realchannel_run_tp0.0_fk0.003_rp0.0_vd0.0_seed42_20260826_223355_055295.json,results/alice_realchannel_run_seed42_20260826_223355_117228.json,final_key,0.003,0,0.0128205128205128
0.0,0.003,0.0,0.0,43,results/bob_realchannel_run_tp0.0_fk0.003_rp0.0_vd0.0_seed43_20260826_223358_966234.json,390,33,2810,34,34,True,0,False,,2.223383665084839,{},asymptotic,True,,1,results/bob_realchannel_run_tp0.0_fk0.003_rp0.0_vd0.0_seed43_20260826_223358_966234.json,results/alice_realchannel_run_seed43_20260826_223359_021090.json,final_key,0.003,0,0.0128205128205128
0.0,0.003,0.0,0.0,44,results/bob_realchannel_run_tp0.0_fk0.003_rp0.0_vd0.0_seed44_20260826_223402_866132.json,390,33,2810,34,34,True,0,False,,2.4557437896728516,{},asymptotic,True,,2,results/bob_realchannel_run_tp0.0_fk0.003_rp0.0_vd0.0_seed44_20260826_223402_866132.json,results/alice_realchannel_run_seed44_20260826_223402_919893.json,final_key,0.003,0,0.0128205128205128
0.0,0.003,0.0,0.0,45,results/bob_realchannel_run_tp0.0_fk0.003_rp0.0_vd0.0_seed45_20260826_223407_032116.json,390,33,2810,34,34,True,0,False,,1.1334176063537598,{},asymptotic,True,,3,results/bob_realchannel_run_tp0.0_fk0.003_rp0.0_vd0.0_seed45_20260826_223407_032116.json,results/alice_realchannel_run_seed45_20260826_223407_096049.json,final_key,0.003,0,0.0128205128205128
0.0,0.003,0.0,0.0,46,results/bob_realchannel_run_tp0.0_fk0.003_rp0.0_vd0.0_seed46_20260826_223409_933533.json,390,33,2810,34,34,True,0,False,,2.2123863697052,{},asymptotic,True,,4,results/bob_realchannel_run_tp0.0_fk0.003_rp0.0_vd0.0_seed46_20260826_223409_933533.json,results/alice_realchannel_run_seed46_20260826_223409_985210.json,final_key,0.003,0,0.0128205128205128
0.0,0.003,0.0,0.0,47,results/bob_realchannel_run_tp0.0_fk0.003_rp0.0_vd0.0_seed47_20260826_223413_833867.json,390,33,2810,34,34,True,0,False,,2.455287218093872,{},asymptotic,True,,5,results/bob_realchannel_run_tp0.0_fk0.003_rp0.0_vd0.0_seed47_20260826_223413_833867.json,results/alice_realchannel_run_seed47_20260826_223413_888644.json,final_key,0.003,0,0.0128205128205128
0.0,0.003,0.0,0.0,48,results/bob_realchannel_run_tp0.0_fk0.003_rp0.0_vd0.0_seed48_20260826_223417_992138.json,390,33,2810,34,34,True,0,False,,2.409226417541504,{},asymptotic,True,,6,results/bob_realchannel_run_tp0.0_fk0.003_rp0.0_vd0.0_seed48_20260826_223417_992138.json,results/alice_realchannel_run_seed48_20260826_223418_066756.json,final_key,0.003,0,0.0128205128205128
0.0,0.003,0.0,0.0,49,results/bob_realchannel_run_tp0.0_fk0.003_rp0.0_vd0.0_seed49_20260826_223422_163054.json,390,33,2810,34,34,True,0,False,,2.3668711185455322,{},asymptotic,True,,7,results/bob_realchannel_run_tp0.0_fk0.003_rp0.0_vd0.0_seed49_20260826_223422_163054.json,results/alice_realchannel_run_seed49_20260826_223422_218866.json,final_key,0.003,0,0.0128205128205128
0.0,0.003,0.0,0.0,50,results/bob_realchannel_run_tp0.0_fk0.003_rp0.0_vd0.0_seed50_20260826_223426_216491.json,390,33,2810,34,34,True,0,False,,2.4570815563201904,{},asymptotic,True,,8,results/bob_realchannel_run_tp0.0_fk0.003_rp0.0_vd0.0_seed50_20260826_223426_216491.json,results/alice_realchannel_run_seed50_20260826_223426_347512.json,final_key,0.003,0,0.0128205128205128
0.0,0.003,0.0,0.0,51,results/bob_realchannel_run_tp0.0_fk0.003_rp0.0_vd0.0_seed51_20260826_223430_412813.json,390,33,2810,34,34,True,0,False,,2.412764072418213,{},asymptotic,True,,9,results/bob_realchannel_run_tp0.0_fk0.003_rp0.0_vd0.0_seed51_20260826_223430_412813.json,results/alice_realchannel_run_seed51_20260826_223430_514248.json,final_key,0.003,0,0.0128205128205128
0.0,0.003,0.0,0.0,52,results/bob_realchannel_run_tp0.0_fk0.003_rp0.0_vd0.0_seed52_20260826_223434_569576.json,390,33,2810,34,34,True,0,False,,2.4370434284210205,{},asymptotic,True,,10,results/bob_realchannel_run_tp0.0_fk0.003_rp0.0_vd0.0_seed52_20260826_223434_569576.json,results/alice_realchannel_run_seed52_20260826_223434_664470.json,final_key,0.003,0,0.0128205128205128
0.0,0.003,0.0,0.0,53,results/bob_realchannel_run_tp0.0_fk0.003_rp0.0_vd0.0_seed53_20260826_223438_774733.json,390,33,2810,34,34,True,0,False,,2.3508501052856445,{},asymptotic,True,,11,results/bob_realchannel_run_tp0.0_fk0.003_rp0.0_vd0.0_seed53_20260826_223438_774733.json,results/alice_realchannel_run_seed53_20260826_223438_887615.json,final_key,0.003,0,0.0128205128205128
0.0,0.003,0.0,0.0,54,results/bob_realchannel_run_tp0.0_fk0.003_rp0.0_vd0.0_seed54_20260826_223442_861027.json,390,33,2810,34,34,True,0,False,,2.276684045791626,{},asymptotic,True,,12,results/bob_realchannel_run_tp0.0_fk0.003_rp0.0_vd0.0_seed54_20260826_223442_861027.json,results/alice_realchannel_run_seed54_20260826_223442_971033.json,final_key,0.003,0,0.0128205128205128
0.0,0.003,0.0,0.0,55,results/bob_realchannel_run_tp0.0_fk0.003_rp0.0_vd0.0_seed55_20260826_223447_032203.json,390,33,2810,34,34,True,0,False,,2.4652106761932373,{},asymptotic,True,,13,results/bob_realchannel_run_tp0.0_fk0.003_rp0.0_vd0.0_seed55_20260826_223447_032203.json,results/alice_realchannel_run_seed55_20260826_223447_252147.json,final_key,0.003,0,0.0128205128205128
0.0,0.003,0.0,0.0,56,results/bob_realchannel_run_tp0.0_fk0.003_rp0.0_vd0.0_seed56_20260826_223451_279423.json,390,33,2810,34,34,True,0,False,,2.39813494682312,{},asymptotic,True,,14,results/bob_realchannel_run_tp0.0_fk0.003_rp0.0_vd0.0_seed56_20260826_223451_279423.json,results/alice_realchannel_run_seed56_20260826_223451_360017.json,final_key,0.003,0,0.0128205128205128
0.0,0.003,0.0,0.0,57,results/bob_realchannel_run_tp0.0_fk0.003_rp0.0_vd0.0_seed57_20260826_223455_439136.json,390,33,2810,34,34,True,0,False,,2.5866565704345703,{},asymptotic,True,,15,results/bob_realchannel_run_tp0.0_fk0.003_rp0.0_vd0.0_seed57_20260826_223455_439136.json,results/alice_realchannel_run_seed57_20260826_223455_525935.json,final_key,0.003,0,0.0128205128205128
0.0,0.003,0.0,0.0,58,results/bob_realchannel_run_tp0.0_fk0.003_rp0.0_vd0.0_seed58_20260826_223459_737260.json,390,33,2810,34,34,True,0,False,,1.3603169918060303,{},asymptotic,True,,16,results/bob_realchannel_run_tp0.0_fk0.003_rp0.0_vd0.0_seed58_20260826_223459_737260.json,results/alice_realchannel_run_seed58_20260826_223459_834505.json,final_key,0.003,0,0.0128205128205128
0.0,0.003,0.0,0.0,59,results/bob_realchannel_run_tp0.0_fk0.003_rp0.0_vd0.0_seed59_20260826_223502_855458.json,390,33,2810,34,34,True,0,False,,2.343600273132324,{},asymptotic,True,,17,results/bob_realchannel_run_tp0.0_fk0.003_rp0.0_vd0.0_seed59_20260826_223502_855458.json,results/alice_realchannel_run_seed59_20260826_223502_957218.json,final_key,0.003,0,0.0128205128205128
0.0,0.003,0.0,0.0,60,results/bob_realchannel_run_tp0.0_fk0.003_rp0.0_vd0.0_seed60_20260826_223506_951625.json,390,33,2810,34,34,True,0,False,,2.2783241271972656,{},asymptotic,True,,18,results/bob_realchannel_run_tp0.0_fk0.003_rp0.0_vd0.0_seed60_20260826_223506_951625.json,results/alice_realchannel_run_seed60_20260826_223507_067245.json,final_key,0.003,0,0.0128205128205128
0.0,0.003,0.0,0.0,61,results/bob_realchannel_run_tp0.0_fk0.003_rp0.0_vd0.0_seed61_20260826_223510_985670.json,390,33,2810,34,34,True,0,False,,2.2878525257110596,{},asymptotic,True,,19,results/bob_realchannel_run_tp0.0_fk0.003_rp0.0_vd0.0_seed61_20260826_223510_985670.json,results/alice_realchannel_run_seed61_20260826_223511_049496.json,final_key,0.003,0,0.0128205128205128
0.0,0.001,0.0,0.0,42,results/bob_realchannel_run_tp0.0_fk0.001_rp0.0_vd0.0_seed42_20260826_223514_935204.json,390,33,2810,34,34,True,0,False,,2.2427263259887695,{},asymptotic,True,,0,results/bob_realchannel_run_tp0.0_fk0.001_rp0.0_vd0.0_seed42_20260826_223514_935204.json,results/alice_realchannel_run_seed42_20260826_223515_013363.json,final_key,0.001,0,0.0128205128205128
0.0,0.001,0.0,0.0,43,results/bob_realchannel_run_tp0.0_fk0.001_rp0.0_vd0.0_seed43_20260826_223518_843544.json,390,33,2810,34,34,True,0,False,,2.274812698364258,{},asymptotic,True,,1,results/bob_realchannel_run_tp0.0_fk0.001_rp0.0_vd0.0_seed43_20260826_223518_843544.json,results/alice_realchannel_run_seed43_20260826_223518_952075.json,final_key,0.001,0,0.0128205128205128
0.0,0.001,0.0,0.0,44,results/bob_realchannel_run_tp0.0_fk0.001_rp0.0_vd0.0_seed44_20260826_223522_851065.json,390,33,2810,34,34,True,0,False,,2.4713006019592285,{},asymptotic,True,,2,results/bob_realchannel_run_tp0.0_fk0.001_rp0.0_vd0.0_seed44_20260826_223522_851065.json,results/alice_realchannel_run_seed44_20260826_223522_918165.json,final_key,0.001,0,0.0128205128205128
0.0,0.001,0.0,0.0,45,results/bob_realchannel_run_tp0.0_fk0.001_rp0.0_vd0.0_seed45_20260826_223526_990598.json,390,33,2810,34,34,True,0,False,,2.3431169986724854,{},asymptotic,True,,3,results/bob_realchannel_run_tp0.0_fk0.001_rp0.0_vd0.0_seed45_20260826_223526_990598.json,results/alice_realchannel_run_seed45_20260826_223527_087283.json,final_key,0.001,0,0.0128205128205128
0.0,0.001,0.0,0.0,46,results/bob_realchannel_run_tp0.0_fk0.001_rp0.0_vd0.0_seed46_20260826_223531_063736.json,390,33,2810,34,34,True,0,False,,2.2781240940093994,{},asymptotic,True,,4,results/bob_realchannel_run_tp0.0_fk0.001_rp0.0_vd0.0_seed46_20260826_223531_063736.json,results/alice_realchannel_run_seed46_20260826_223531_175467.json,final_key,0.001,0,0.0128205128205128
0.0,0.001,0.0,0.0,47,results/bob_realchannel_run_tp0.0_fk0.001_rp0.0_vd0.0_seed47_20260826_223535_078150.json,390,33,2810,34,34,True,0,False,,2.4995052814483643,{},asymptotic,True,,5,results/bob_realchannel_run_tp0.0_fk0.001_rp0.0_vd0.0_seed47_20260826_223535_078150.json,results/alice_realchannel_run_seed47_20260826_223535_175083.json,final_key,0.001,0,0.0128205128205128
0.0,0.001,0.0,0.0,48,results/bob_realchannel_run_tp0.0_fk0.001_rp0.0_vd0.0_seed48_20260826_223539_269156.json,390,33,2810,34,34,True,0,False,,2.412606954574585,{},asymptotic,True,,6,results/bob_realchannel_run_tp0.0_fk0.001_rp0.0_vd0.0_seed48_20260826_223539_269156.json,results/alice_realchannel_run_seed48_20260826_223539_345905.json,final_key,0.001,0,0.0128205128205128
0.0,0.001,0.0,0.0,49,results/bob_realchannel_run_tp0.0_fk0.001_rp0.0_vd0.0_seed49_20260826_223543_356977.json,390,33,2810,34,34,True,0,False,,2.4169423580169678,{},asymptotic,True,,7,results/bob_realchannel_run_tp0.0_fk0.001_rp0.0_vd0.0_seed49_20260826_223543_356977.json,results/alice_realchannel_run_seed49_20260826_223543_456572.json,final_key,0.001,0,0.0128205128205128
0.0,0.001,0.0,0.0,50,results/bob_realchannel_run_tp0.0_fk0.001_rp0.0_vd0.0_seed50_20260826_223547_497259.json,390,33,2810,34,34,True,0,False,,2.428339719772339,{},asymptotic,True,,8,results/bob_realchannel_run_tp0.0_fk0.001_rp0.0_vd0.0_seed50_20260826_223547_497259.json,results/alice_realchannel_run_seed50_20260826_223547_598044.json,final_key,0.001,0,0.0128205128205128
0.0,0.001,0.0,0.0,51,results/bob_realchannel_run_tp0.0_fk0.001_rp0.0_vd0.0_seed51_20260826_223551_679397.json,390,33,2810,34,34,True,0,False,,2.406418800354004,{},asymptotic,True,,9,results/bob_realchannel_run_tp0.0_fk0.001_rp0.0_vd0.0_seed51_20260826_223551_679397.json,results/alice_realchannel_run_seed51_20260826_223551_769450.json,final_key,0.001,0,0.0128205128205128
0.0,0.001,0.0,0.0,52,results/bob_realchannel_run_tp0.0_fk0.001_rp0.0_vd0.0_seed52_20260826_223555_800339.json,390,33,2810,34,34,True,0,False,,2.401277542114258,{},asymptotic,True,,10,results/bob_realchannel_run_tp0.0_fk0.001_rp0.0_vd0.0_seed52_20260826_223555_800339.json,results/alice_realchannel_run_seed52_20260826_223555_859664.json,final_key,0.001,0,0.0128205128205128
0.0,0.001,0.0,0.0,53,results/bob_realchannel_run_tp0.0_fk0.001_rp0.0_vd0.0_seed53_20260826_223559_885705.json,390,33,2810,34,34,True,0,False,,2.3197824954986572,{},asymptotic,True,,11,results/bob_realchannel_run_tp0.0_fk0.001_rp0.0_vd0.0_seed53_20260826_223559_885705.json,results/alice_realchannel_run_seed53_20260826_223559_967672.json,final_key,0.001,0,0.0128205128205128
0.0,0.001,0.0,0.0,54,results/bob_realchannel_run_tp0.0_fk0.001_rp0.0_vd0.0_seed54_20260826_223603_926945.json,390,33,2810,34,34,True,0,False,,2.246800184249878,{},asymptotic,True,,12,results/bob_realchannel_run_tp0.0_fk0.001_rp0.0_vd0.0_seed54_20260826_223603_926945.json,results/alice_realchannel_run_seed54_20260826_223604_003525.json,final_key,0.001,0,0.0128205128205128
0.0,0.001,0.0,0.0,55,results/bob_realchannel_run_tp0.0_fk0.001_rp0.0_vd0.0_seed55_20260826_223607_859261.json,390,33,2810,34,34,True,0,False,,2.3184008598327637,{},asymptotic,True,,13,results/bob_realchannel_run_tp0.0_fk0.001_rp0.0_vd0.0_seed55_20260826_223607_859261.json,results/alice_realchannel_run_seed55_20260826_223607_935850.json,final_key,0.001,0,0.0128205128205128
0.0,0.001,0.0,0.0,56,results/bob_realchannel_run_tp0.0_fk0.001_rp0.0_vd0.0_seed56_20260826_223611_913938.json,390,33,2810,34,34,True,0,False,,2.3994178771972656,{},asymptotic,True,,14,results/bob_realchannel_run_tp0.0_fk0.001_rp0.0_vd0.0_seed56_20260826_223611_913938.json,results/alice_realchannel_run_seed56_20260826_223611_999516.json,final_key,0.001,0,0.0128205128205128
0.0,0.001,0.0,0.0,57,results/bob_realchannel_run_tp0.0_fk0.001_rp0.0_vd0.0_seed57_20260826_223616_022046.json,390,33,2810,34,34,True,0,False,,2.575529098510742,{},asymptotic,True,,15,results/bob_realchannel_run_tp0.0_fk0.001_rp0.0_vd0.0_seed57_20260826_223616_022046.json,results/alice_realchannel_run_seed57_20260826_223616_094841.json,final_key,0.001,0,0.0128205128205128
0.0,0.001,0.0,0.0,58,results/bob_realchannel_run_tp0.0_fk0.001_rp0.0_vd0.0_seed58_20260826_223620_266542.json,390,33,2810,34,34,True,0,False,,2.2470862865448,{},asymptotic,True,,16,results/bob_realchannel_run_tp0.0_fk0.001_rp0.0_vd0.0_seed58_20260826_223620_266542.json,results/alice_realchannel_run_seed58_20260826_223620_347515.json,final_key,0.001,0,0.0128205128205128
0.0,0.001,0.0,0.0,59,results/bob_realchannel_run_tp0.0_fk0.001_rp0.0_vd0.0_seed59_20260826_223624_187629.json,390,33,2810,34,34,True,0,False,,2.3422513008117676,{},asymptotic,True,,17,results/bob_realchannel_run_tp0.0_fk0.001_rp0.0_vd0.0_seed59_20260826_223624_187629.json,results/alice_realchannel_run_seed59_20260826_223624_287691.json,final_key,0.001,0,0.0128205128205128
0.0,0.001,0.0,0.0,60,results/bob_realchannel_run_tp0.0_fk0.001_rp0.0_vd0.0_seed60_20260826_223628_361382.json,390,33,2810,34,34,True,0,False,,4.168536424636841,{},asymptotic,True,,18,results/bob_realchannel_run_tp0.0_fk0.001_rp0.0_vd0.0_seed60_20260826_223628_361382.json,results/alice_realchannel_run_seed60_20260826_223628_350693.json,final_key,0.001,0,0.0128205128205128
0.0,0.001,0.0,0.0,61,results/bob_realchannel_run_tp0.0_fk0.001_rp0.0_vd0.0_seed61_20260826_223634_246454.json,390,33,2810,34,34,True,0,False,,1.8837018013000488,{},asymptotic,True,,19,results/bob_realchannel_run_tp0.0_fk0.001_rp0.0_vd0.0_seed61_20260826_223634_246454.json,results/alice_realchannel_run_seed61_20260826_223634_354199.json,final_key,0.001,0,0.0128205128205128
0.0,0.5,0.0,0.0,42,results/bob_realchannel_run_tp0.0_fk0.5_rp0.0_vd0.0_seed42_20260826_233822_739954.json,379,35,1666,34,34,True,0,False,,0.8770496845245361,{},placeholder,True,,0,results/bob_realchannel_run_tp0.0_fk0.5_rp0.0_vd0.0_seed42_20260826_233822_739954.json,results/alice_realchannel_run_seed42_20260826_233822_814962.json,final_key,0.5,1,0.0158311345646438
0.0,0.5,0.0,0.0,43,results/bob_realchannel_run_tp0.0_fk0.5_rp0.0_vd0.0_seed43_20260826_233825_357144.json,379,35,1666,34,34,True,0,False,,0.6955978870391846,{'final_key': 1},placeholder,False,,1,results/bob_realchannel_run_tp0.0_fk0.5_rp0.0_vd0.0_seed43_20260826_233825_357144.json,results/alice_realchannel_run_seed43_20260826_233825_412214.json,final_key,0.5,1,0.0158311345646438
0.0,0.5,0.0,0.0,44,results/bob_realchannel_run_tp0.0_fk0.5_rp0.0_vd0.0_seed44_20260826_233827_745306.json,379,35,1666,34,34,True,0,False,,1.1676702499389648,{'final_key': 1},placeholder,False,,2,results/bob_realchannel_run_tp0.0_fk0.5_rp0.0_vd0.0_seed44_20260826_233827_745306.json,results/alice_realchannel_run_seed44_20260826_233827_812162.json,final_key,0.5,1,0.0158311345646438
0.0,0.5,0.0,0.0,45,results/bob_realchannel_run_tp0.0_fk0.5_rp0.0_vd0.0_seed45_20260826_233830_661600.json,379,35,1666,34,34,True,0,False,,0.7596390247344971,{},placeholder,True,,3,results/bob_realchannel_run_tp0.0_fk0.5_rp0.0_vd0.0_seed45_20260826_233830_661600.json,results/alice_realchannel_run_seed45_20260826_233830_710573.json,final_key,0.5,1,0.0158311345646438
0.0,0.5,0.0,0.0,46,results/bob_realchannel_run_tp0.0_fk0.5_rp0.0_vd0.0_seed46_20260826_233833_137276.json,379,35,1666,34,34,True,0,False,,0.8121123313903809,{},placeholder,True,,4,results/bob_realchannel_run_tp0.0_fk0.5_rp0.0_vd0.0_seed46_20260826_233833_137276.json,results/alice_realchannel_run_seed46_20260826_233833_234366.json,final_key,0.5,1,0.0158311345646438
0.0,0.5,0.0,0.0,47,results/bob_realchannel_run_tp0.0_fk0.5_rp0.0_vd0.0_seed47_20260826_233835_752078.json,379,35,1666,34,34,True,0,False,,0.7450625896453857,{},placeholder,True,,5,results/bob_realchannel_run_tp0.0_fk0.5_rp0.0_vd0.0_seed47_20260826_233835_752078.json,results/alice_realchannel_run_seed47_20260826_233835_793810.json,final_key,0.5,1,0.0158311345646438
0.0,0.5,0.0,0.0,48,results/bob_realchannel_run_tp0.0_fk0.5_rp0.0_vd0.0_seed48_20260826_233838_170135.json,379,35,1666,34,34,True,0,False,,0.8077049255371094,{'final_key': 1},placeholder,False,,6,results/bob_realchannel_run_tp0.0_fk0.5_rp0.0_vd0.0_seed48_20260826_233838_170135.json,results/alice_realchannel_run_seed48_20260826_233838_263723.json,final_key,0.5,1,0.0158311345646438
0.0,0.5,0.0,0.0,49,results/bob_realchannel_run_tp0.0_fk0.5_rp0.0_vd0.0_seed49_20260826_233840_770908.json,379,35,1666,34,34,True,0,False,,0.7061793804168701,{},placeholder,True,,7,results/bob_realchannel_run_tp0.0_fk0.5_rp0.0_vd0.0_seed49_20260826_233840_770908.json,results/alice_realchannel_run_seed49_20260826_233840_836547.json,final_key,0.5,1,0.0158311345646438
0.0,0.5,0.0,0.0,50,results/bob_realchannel_run_tp0.0_fk0.5_rp0.0_vd0.0_seed50_20260826_233843_188073.json,379,35,1666,34,34,True,0,False,,0.6965785026550293,{},placeholder,True,,8,results/bob_realchannel_run_tp0.0_fk0.5_rp0.0_vd0.0_seed50_20260826_233843_188073.json,results/alice_realchannel_run_seed50_20260826_233843_257885.json,final_key,0.5,1,0.0158311345646438
0.0,0.5,0.0,0.0,51,results/bob_realchannel_run_tp0.0_fk0.5_rp0.0_vd0.0_seed51_20260826_233845_594784.json,379,35,1666,34,34,True,0,False,,0.833770751953125,{},placeholder,True,,9,results/bob_realchannel_run_tp0.0_fk0.5_rp0.0_vd0.0_seed51_20260826_233845_594784.json,results/alice_realchannel_run_seed51_20260826_233845_645303.json,final_key,0.5,1,0.0158311345646438
0.0,0.5,0.0,0.0,52,results/bob_realchannel_run_tp0.0_fk0.5_rp0.0_vd0.0_seed52_20260826_233848_285486.json,379,35,1666,34,34,True,0,False,,2.6310672760009766,{'final_key': 1},placeholder,False,,10,results/bob_realchannel_run_tp0.0_fk0.5_rp0.0_vd0.0_seed52_20260826_233848_285486.json,results/alice_realchannel_run_seed52_20260826_233848_186598.json,final_key,0.5,1,0.0158311345646438
0.0,0.5,0.0,0.0,53,results/bob_realchannel_run_tp0.0_fk0.5_rp0.0_vd0.0_seed53_20260826_233852_708379.json,379,35,1666,34,34,True,0,False,,0.87300705909729,{'final_key': 1},placeholder,False,,11,results/bob_realchannel_run_tp0.0_fk0.5_rp0.0_vd0.0_seed53_20260826_233852_708379.json,results/alice_realchannel_run_seed53_20260826_233852_794070.json,final_key,0.5,1,0.0158311345646438
0.0,0.5,0.0,0.0,54,results/bob_realchannel_run_tp0.0_fk0.5_rp0.0_vd0.0_seed54_20260826_233855_338861.json,379,35,1666,34,34,True,0,False,,0.7900247573852539,{},placeholder,True,,12,results/bob_realchannel_run_tp0.0_fk0.5_rp0.0_vd0.0_seed54_20260826_233855_338861.json,results/alice_realchannel_run_seed54_20260826_233855_428988.json,final_key,0.5,1,0.0158311345646438
0.0,0.5,0.0,0.0,55,results/bob_realchannel_run_tp0.0_fk0.5_rp0.0_vd0.0_seed55_20260826_233857_893026.json,379,35,1666,34,34,True,0,False,,0.7882776260375977,{},placeholder,True,,13,results/bob_realchannel_run_tp0.0_fk0.5_rp0.0_vd0.0_seed55_20260826_233857_893026.json,results/alice_realchannel_run_seed55_20260826_233857_987276.json,final_key,0.5,1,0.0158311345646438
0.0,0.5,0.0,0.0,56,results/bob_realchannel_run_tp0.0_fk0.5_rp0.0_vd0.0_seed56_20260826_233900_469054.json,379,35,1666,34,34,True,0,False,,1.0802485942840576,{},placeholder,True,,14,results/bob_realchannel_run_tp0.0_fk0.5_rp0.0_vd0.0_seed56_20260826_233900_469054.json,results/alice_realchannel_run_seed56_20260826_233900_524441.json,final_key,0.5,1,0.0158311345646438
0.0,0.5,0.0,0.0,57,results/bob_realchannel_run_tp0.0_fk0.5_rp0.0_vd0.0_seed57_20260826_233903_309920.json,379,35,1666,34,34,True,0,False,,0.7988440990447998,{},placeholder,True,,15,results/bob_realchannel_run_tp0.0_fk0.5_rp0.0_vd0.0_seed57_20260826_233903_309920.json,results/alice_realchannel_run_seed57_20260826_233903_402498.json,final_key,0.5,1,0.0158311345646438
0.0,0.5,0.0,0.0,58,results/bob_realchannel_run_tp0.0_fk0.5_rp0.0_vd0.0_seed58_20260826_233905_885192.json,379,35,1666,34,34,True,0,False,,1.167658805847168,{'final_key': 1},placeholder,False,,16,results/bob_realchannel_run_tp0.0_fk0.5_rp0.0_vd0.0_seed58_20260826_233905_885192.json,results/alice_realchannel_run_seed58_20260826_233905_975030.json,final_key,0.5,1,0.0158311345646438
0.0,0.5,0.0,0.0,59,results/bob_realchannel_run_tp0.0_fk0.5_rp0.0_vd0.0_seed59_20260826_233908_802822.json,379,35,1666,34,34,True,0,False,,0.7900261878967285,{'final_key': 1},placeholder,False,,17,results/bob_realchannel_run_tp0.0_fk0.5_rp0.0_vd0.0_seed59_20260826_233908_802822.json,results/alice_realchannel_run_seed59_20260826_233908_906987.json,final_key,0.5,1,0.0158311345646438
0.0,0.5,0.0,0.0,60,results/bob_realchannel_run_tp0.0_fk0.5_rp0.0_vd0.0_seed60_20260826_233911_373582.json,379,35,1666,34,34,True,0,False,,0.8235378265380859,{},placeholder,True,,18,results/bob_realchannel_run_tp0.0_fk0.5_rp0.0_vd0.0_seed60_20260826_233911_373582.json,results/alice_realchannel_run_seed60_20260826_233911_483168.json,final_key,0.5,1,0.0158311345646438
0.0,0.5,0.0,0.0,61,results/bob_realchannel_run_tp0.0_fk0.5_rp0.0_vd0.0_seed61_20260826_233913_954884.json,379,35,1666,34,34,True,0,False,,0.9740757942199707,{'final_key': 1},placeholder,False,,19,results/bob_realchannel_run_tp0.0_fk0.5_rp0.0_vd0.0_seed61_20260826_233913_954884.json,results/alice_realchannel_run_seed61_20260826_233914_049866.json,final_key,0.5,1,0.0158311345646438
0.0,0.3,0.0,0.0,42,results/bob_realchannel_run_tp0.0_fk0.3_rp0.0_vd0.0_seed42_20260826_233916_696712.json,379,35,1666,34,34,True,0,False,,0.8679139614105225,{},placeholder,True,,0,results/bob_realchannel_run_tp0.0_fk0.3_rp0.0_vd0.0_seed42_20260826_233916_696712.json,results/alice_realchannel_run_seed42_20260826_233916_764800.json,final_key,0.3,1,0.0158311345646438
0.0,0.3,0.0,0.0,43,results/bob_realchannel_run_tp0.0_fk0.3_rp0.0_vd0.0_seed43_20260826_233919_331345.json,379,35,1666,34,34,True,0,False,,0.7256522178649902,{},placeholder,True,,1,results/bob_realchannel_run_tp0.0_fk0.3_rp0.0_vd0.0_seed43_20260826_233919_331345.json,results/alice_realchannel_run_seed43_20260826_233919_415741.json,final_key,0.3,1,0.0158311345646438
0.0,0.3,0.0,0.0,44,results/bob_realchannel_run_tp0.0_fk0.3_rp0.0_vd0.0_seed44_20260826_233921_885577.json,379,35,1666,34,34,True,0,False,,0.75974440574646,{'final_key': 1},placeholder,False,,2,results/bob_realchannel_run_tp0.0_fk0.3_rp0.0_vd0.0_seed44_20260826_233921_885577.json,results/alice_realchannel_run_seed44_20260826_233921_932424.json,final_key,0.3,1,0.0158311345646438
0.0,0.3,0.0,0.0,45,results/bob_realchannel_run_tp0.0_fk0.3_rp0.0_vd0.0_seed45_20260826_233924_440696.json,379,35,1666,34,34,True,0,False,,1.1532583236694336,{},placeholder,True,,3,results/bob_realchannel_run_tp0.0_fk0.3_rp0.0_vd0.0_seed45_20260826_233924_440696.json,results/alice_realchannel_run_seed45_20260826_233924_494133.json,final_key,0.3,1,0.0158311345646438
0.0,0.3,0.0,0.0,46,results/bob_realchannel_run_tp0.0_fk0.3_rp0.0_vd0.0_seed46_20260826_233927_342934.json,379,35,1666,34,34,True,0,False,,1.2139630317687988,{},placeholder,True,,4,results/bob_realchannel_run_tp0.0_fk0.3_rp0.0_vd0.0_seed46_20260826_233927_342934.json,results/alice_realchannel_run_seed46_20260826_233927_457004.json,final_key,0.3,1,0.0158311345646438
0.0,0.3,0.0,0.0,47,results/bob_realchannel_run_tp0.0_fk0.3_rp0.0_vd0.0_seed47_20260826_233930_334067.json,379,35,1666,34,34,True,0,False,,0.8026080131530762,{},placeholder,True,,5,results/bob_realchannel_run_tp0.0_fk0.3_rp0.0_vd0.0_seed47_20260826_233930_334067.json,results/alice_realchannel_run_seed47_20260826_233930_441668.json,final_key,0.3,1,0.0158311345646438
0.0,0.3,0.0,0.0,48,results/bob_realchannel_run_tp0.0_fk0.3_rp0.0_vd0.0_seed48_20260826_233932_850482.json,379,35,1666,34,34,True,0,False,,0.8062417507171631,{'final_key': 1},placeholder,False,,6,results/bob_realchannel_run_tp0.0_fk0.3_rp0.0_vd0.0_seed48_20260826_233932_850482.json,results/alice_realchannel_run_seed48_20260826_233932_950087.json,final_key,0.3,1,0.0158311345646438
0.0,0.3,0.0,0.0,49,results/bob_realchannel_run_tp0.0_fk0.3_rp0.0_vd0.0_seed49_20260826_233935_416494.json,379,35,1666,34,34,True,0,False,,0.7445902824401855,{},placeholder,True,,7,results/bob_realchannel_run_tp0.0_fk0.3_rp0.0_vd0.0_seed49_20260826_233935_416494.json,results/alice_realchannel_run_seed49_20260826_233935_520342.json,final_key,0.3,1,0.0158311345646438
0.0,0.3,0.0,0.0,50,results/bob_realchannel_run_tp0.0_fk0.3_rp0.0_vd0.0_seed50_20260826_233937_905826.json,379,35,1666,34,34,True,0,False,,1.122877836227417,{},placeholder,True,,8,results/bob_realchannel_run_tp0.0_fk0.3_rp0.0_vd0.0_seed50_20260826_233937_905826.json,results/alice_realchannel_run_seed50_20260826_233938_005685.json,final_key,0.3,1,0.0158311345646438
0.0,0.3,0.0,0.0,51,results/bob_realchannel_run_tp0.0_fk0.3_rp0.0_vd0.0_seed51_20260826_233940_803833.json,379,35,1666,34,34,True,0,False,,1.272857427597046,{},placeholder,True,,9,results/bob_realchannel_run_tp0.0_fk0.3_rp0.0_vd0.0_seed51_20260826_233940_803833.json,results/alice_realchannel_run_seed51_20260826_233940_904550.json,final_key,0.3,1,0.0158311345646438
0.0,0.3,0.0,0.0,52,results/bob_realchannel_run_tp0.0_fk0.3_rp0.0_vd0.0_seed52_20260826_233943_845462.json,379,35,1666,34,34,True,0,False,,0.8231191635131836,{'final_key': 1},placeholder,False,,10,results/bob_realchannel_run_tp0.0_fk0.3_rp0.0_vd0.0_seed52_20260826_233943_845462.json,results/alice_realchannel_run_seed52_20260826_233943_956901.json,final_key,0.3,1,0.0158311345646438
0.0,0.3,0.0,0.0,53,results/bob_realchannel_run_tp0.0_fk0.3_rp0.0_vd0.0_seed53_20260826_233946_415041.json,379,35,1666,34,34,True,0,False,,0.8858246803283691,{'final_key': 1},placeholder,False,,11,results/bob_realchannel_run_tp0.0_fk0.3_rp0.0_vd0.0_seed53_20260826_233946_415041.json,results/alice_realchannel_run_seed53_20260826_233946_515792.json,final_key,0.3,1,0.0158311345646438
0.0,0.3,0.0,0.0,54,results/bob_realchannel_run_tp0.0_fk0.3_rp0.0_vd0.0_seed54_20260826_233949_079291.json,379,35,1666,34,34,True,0,False,,0.7536680698394775,{},placeholder,True,,12,results/bob_realchannel_run_tp0.0_fk0.3_rp0.0_vd0.0_seed54_20260826_233949_079291.json,results/alice_realchannel_run_seed54_20260826_233949_137336.json,final_key,0.3,1,0.0158311345646438
0.0,0.3,0.0,0.0,55,results/bob_realchannel_run_tp0.0_fk0.3_rp0.0_vd0.0_seed55_20260826_233951_512382.json,379,35,1666,34,34,True,0,False,,0.7685248851776123,{},placeholder,True,,13,results/bob_realchannel_run_tp0.0_fk0.3_rp0.0_vd0.0_seed55_20260826_233951_512382.json,results/alice_realchannel_run_seed55_20260826_233951_595719.json,final_key,0.3,1,0.0158311345646438
0.0,0.3,0.0,0.0,56,results/bob_realchannel_run_tp0.0_fk0.3_rp0.0_vd0.0_seed56_20260826_233954_149872.json,379,35,1666,34,34,True,0,False,,2.5469605922698975,{},placeholder,True,,14,results/bob_realchannel_run_tp0.0_fk0.3_rp0.0_vd0.0_seed56_20260826_233954_149872.json,results/alice_realchannel_run_seed56_20260826_233954_034590.json,final_key,0.3,1,0.0158311345646438
0.0,0.3,0.0,0.0,57,results/bob_realchannel_run_tp0.0_fk0.3_rp0.0_vd0.0_seed57_20260826_233958_390602.json,379,35,1666,34,34,True,0,False,,0.7828032970428467,{},placeholder,True,,15,results/bob_realchannel_run_tp0.0_fk0.3_rp0.0_vd0.0_seed57_20260826_233958_390602.json,results/alice_realchannel_run_seed57_20260826_233958_460331.json,final_key,0.3,1,0.0158311345646438
0.0,0.3,0.0,0.0,58,results/bob_realchannel_run_tp0.0_fk0.3_rp0.0_vd0.0_seed58_20260826_234001_009961.json,379,35,1666,34,34,True,0,False,,2.9789183139801025,{'final_key': 1},placeholder,False,,16,results/bob_realchannel_run_tp0.0_fk0.3_rp0.0_vd0.0_seed58_20260826_234001_009961.json,results/alice_realchannel_run_seed58_20260826_234000_901334.json,final_key,0.3,1,0.0158311345646438
0.0,0.3,0.0,0.0,59,results/bob_realchannel_run_tp0.0_fk0.3_rp0.0_vd0.0_seed59_20260826_234005_706799.json,379,35,1666,34,34,True,0,False,,0.7419610023498535,{'final_key': 1},placeholder,False,,17,results/bob_realchannel_run_tp0.0_fk0.3_rp0.0_vd0.0_seed59_20260826_234005_706799.json,results/alice_realchannel_run_seed59_20260826_234005_757642.json,final_key,0.3,1,0.0158311345646438
0.0,0.3,0.0,0.0,60,results/bob_realchannel_run_tp0.0_fk0.3_rp0.0_vd0.0_seed60_20260826_234008_123683.json,379,35,1666,34,34,True,0,False,,0.7688360214233398,{},placeholder,True,,18,results/bob_realchannel_run_tp0.0_fk0.3_rp0.0_vd0.0_seed60_20260826_234008_123683.json,results/alice_realchannel_run_seed60_20260826_234008_177402.json,final_key,0.3,1,0.0158311345646438
0.0,0.3,0.0,0.0,61,results/bob_realchannel_run_tp0.0_fk0.3_rp0.0_vd0.0_seed61_20260826_234010_570503.json,379,35,1666,34,34,True,0,False,,0.9303469657897949,{'final_key': 1},placeholder,False,,19,results/bob_realchannel_run_tp0.0_fk0.3_rp0.0_vd0.0_seed61_20260826_234010_570503.json,results/alice_realchannel_run_seed61_20260826_234010_627279.json,final_key,0.3,1,0.0158311345646438
0.0,0.1,0.0,0.0,42,results/bob_realchannel_run_tp0.0_fk0.1_rp0.0_vd0.0_seed42_20260826_234013_177753.json,379,35,1666,34,34,True,0,False,,0.8429689407348633,{},placeholder,True,,0,results/bob_realchannel_run_tp0.0_fk0.1_rp0.0_vd0.0_seed42_20260826_234013_177753.json,results/alice_realchannel_run_seed42_20260826_234013_225744.json,final_key,0.1,1,0.0158311345646438
0.0,0.1,0.0,0.0,43,results/bob_realchannel_run_tp0.0_fk0.1_rp0.0_vd0.0_seed43_20260826_234015_709251.json,379,35,1666,34,34,True,0,False,,1.064033031463623,{},placeholder,True,,1,results/bob_realchannel_run_tp0.0_fk0.1_rp0.0_vd0.0_seed43_20260826_234015_709251.json,results/alice_realchannel_run_seed43_20260826_234015_750069.json,final_key,0.1,1,0.0158311345646438
0.0,0.1,0.0,0.0,44,results/bob_realchannel_run_tp0.0_fk0.1_rp0.0_vd0.0_seed44_20260826_234018_447923.json,379,35,1666,34,34,True,0,False,,0.7646989822387695,{'final_key': 1},placeholder,False,,2,results/bob_realchannel_run_tp0.0_fk0.1_rp0.0_vd0.0_seed44_20260826_234018_447923.json,results/alice_realchannel_run_seed44_20260826_234018_501580.json,final_key,0.1,1,0.0158311345646438
0.0,0.1,0.0,0.0,45,results/bob_realchannel_run_tp0.0_fk0.1_rp0.0_vd0.0_seed45_20260826_234020_932052.json,379,35,1666,34,34,True,0,False,,3.124821424484253,{},placeholder,True,,3,results/bob_realchannel_run_tp0.0_fk0.1_rp0.0_vd0.0_seed45_20260826_234020_932052.json,results/alice_realchannel_run_seed45_20260826_234020_942453.json,final_key,0.1,1,0.0158311345646438
0.0,0.1,0.0,0.0,46,results/bob_realchannel_run_tp0.0_fk0.1_rp0.0_vd0.0_seed46_20260826_234025_751069.json,379,35,1666,34,34,True,0,False,,2.7659661769866943,{},placeholder,True,,4,results/bob_realchannel_run_tp0.0_fk0.1_rp0.0_vd0.0_seed46_20260826_234025_751069.json,results/alice_realchannel_run_seed46_20260826_234025_786320.json,final_key,0.1,1,0.0158311345646438
0.0,0.1,0.0,0.0,47,results/bob_realchannel_run_tp0.0_fk0.1_rp0.0_vd0.0_seed47_20260826_234030_218361.json,379,35,1666,34,34,True,0,False,,1.1434001922607422,{},placeholder,True,,5,results/bob_realchannel_run_tp0.0_fk0.1_rp0.0_vd0.0_seed47_20260826_234030_218361.json,results/alice_realchannel_run_seed47_20260826_234030_270956.json,final_key,0.1,1,0.0158311345646438
0.0,0.1,0.0,0.0,48,results/bob_realchannel_run_tp0.0_fk0.1_rp0.0_vd0.0_seed48_20260826_234033_099545.json,379,35,1666,34,34,True,0,False,,0.757864236831665,{},placeholder,True,,6,results/bob_realchannel_run_tp0.0_fk0.1_rp0.0_vd0.0_seed48_20260826_234033_099545.json,results/alice_realchannel_run_seed48_20260826_234033_144358.json,final_key,0.1,1,0.0158311345646438
0.0,0.1,0.0,0.0,49,results/bob_realchannel_run_tp0.0_fk0.1_rp0.0_vd0.0_seed49_20260826_234035_533046.json,379,35,1666,34,34,True,0,False,,1.1325557231903076,{},placeholder,True,,7,results/bob_realchannel_run_tp0.0_fk0.1_rp0.0_vd0.0_seed49_20260826_234035_533046.json,results/alice_realchannel_run_seed49_20260826_234035_635199.json,final_key,0.1,1,0.0158311345646438
0.0,0.1,0.0,0.0,50,results/bob_realchannel_run_tp0.0_fk0.1_rp0.0_vd0.0_seed50_20260826_234038_447740.json,379,35,1666,34,34,True,0,False,,0.6857185363769531,{},placeholder,True,,8,results/bob_realchannel_run_tp0.0_fk0.1_rp0.0_vd0.0_seed50_20260826_234038_447740.json,results/alice_realchannel_run_seed50_20260826_234038_497277.json,final_key,0.1,1,0.0158311345646438
0.0,0.1,0.0,0.0,51,results/bob_realchannel_run_tp0.0_fk0.1_rp0.0_vd0.0_seed51_20260826_234040_829841.json,379,35,1666,34,34,True,0,False,,0.8593137264251709,{},placeholder,True,,9,results/bob_realchannel_run_tp0.0_fk0.1_rp0.0_vd0.0_seed51_20260826_234040_829841.json,results/alice_realchannel_run_seed51_20260826_234040_901228.json,final_key,0.1,1,0.0158311345646438
0.0,0.1,0.0,0.0,52,results/bob_realchannel_run_tp0.0_fk0.1_rp0.0_vd0.0_seed52_20260826_234043_436936.json,379,35,1666,34,34,True,0,False,,0.7684638500213623,{'final_key': 1},placeholder,False,,10,results/bob_realchannel_run_tp0.0_fk0.1_rp0.0_vd0.0_seed52_20260826_234043_436936.json,results/alice_realchannel_run_seed52_20260826_234043_488414.json,final_key,0.1,1,0.0158311345646438
0.0,0.1,0.0,0.0,53,results/bob_realchannel_run_tp0.0_fk0.1_rp0.0_vd0.0_seed53_20260826_234045_932562.json,379,35,1666,34,34,True,0,False,,0.8406515121459961,{},placeholder,True,,11,results/bob_realchannel_run_tp0.0_fk0.1_rp0.0_vd0.0_seed53_20260826_234045_932562.json,results/alice_realchannel_run_seed53_20260826_234045_984791.json,final_key,0.1,1,0.0158311345646438
0.0,0.1,0.0,0.0,54,results/bob_realchannel_run_tp0.0_fk0.1_rp0.0_vd0.0_seed54_20260826_234048_553043.json,379,35,1666,34,34,True,0,False,,1.1558008193969727,{},placeholder,True,,12,results/bob_realchannel_run_tp0.0_fk0.1_rp0.0_vd0.0_seed54_20260826_234048_553043.json,results/alice_realchannel_run_seed54_20260826_234048_621494.json,final_key,0.1,1,0.0158311345646438
0.0,0.1,0.0,0.0,55,results/bob_realchannel_run_tp0.0_fk0.1_rp0.0_vd0.0_seed55_20260826_234051_410964.json,379,35,1666,34,34,True,0,False,,0.7586126327514648,{},placeholder,True,,13,results/bob_realchannel_run_tp0.0_fk0.1_rp0.0_vd0.0_seed55_20260826_234051_410964.json,results/alice_realchannel_run_seed55_20260826_234051_482619.json,final_key,0.1,1,0.0158311345646438
0.0,0.1,0.0,0.0,56,results/bob_realchannel_run_tp0.0_fk0.1_rp0.0_vd0.0_seed56_20260826_234053_884793.json,379,35,1666,34,34,True,0,False,,0.7242813110351562,{},placeholder,True,,14,results/bob_realchannel_run_tp0.0_fk0.1_rp0.0_vd0.0_seed56_20260826_234053_884793.json,results/alice_realchannel_run_seed56_20260826_234053_968446.json,final_key,0.1,1,0.0158311345646438
0.0,0.1,0.0,0.0,57,results/bob_realchannel_run_tp0.0_fk0.1_rp0.0_vd0.0_seed57_20260826_234056_374018.json,379,35,1666,34,34,True,0,False,,3.126232385635376,{},placeholder,True,,15,results/bob_realchannel_run_tp0.0_fk0.1_rp0.0_vd0.0_seed57_20260826_234056_374018.json,results/alice_realchannel_run_seed57_20260826_234056_386787.json,final_key,0.1,1,0.0158311345646438
0.0,0.1,0.0,0.0,58,results/bob_realchannel_run_tp0.0_fk0.1_rp0.0_vd0.0_seed58_20260826_234101_186743.json,379,35,1666,34,34,True,0,False,,0.809751033782959,{'final_key': 1},placeholder,False,,16,results/bob_realchannel_run_tp0.0_fk0.1_rp0.0_vd0.0_seed58_20260826_234101_186743.json,results/alice_realchannel_run_seed58_20260826_234101_311098.json,final_key,0.1,1,0.0158311345646438
0.0,0.1,0.0,0.0,59,results/bob_realchannel_run_tp0.0_fk0.1_rp0.0_vd0.0_seed59_20260826_234103_813435.json,379,35,1666,34,34,True,0,False,,2.723078489303589,{},placeholder,True,,17,results/bob_realchannel_run_tp0.0_fk0.1_rp0.0_vd0.0_seed59_20260826_234103_813435.json,results/alice_realchannel_run_seed59_20260826_234103_837251.json,final_key,0.1,1,0.0158311345646438
0.0,0.1,0.0,0.0,60,results/bob_realchannel_run_tp0.0_fk0.1_rp0.0_vd0.0_seed60_20260826_234108_200995.json,379,35,1666,34,34,True,0,False,,1.2118303775787354,{},placeholder,True,,18,results/bob_realchannel_run_tp0.0_fk0.1_rp0.0_vd0.0_seed60_20260826_234108_200995.json,results/alice_realchannel_run_seed60_20260826_234108_312228.json,final_key,0.1,1,0.0158311345646438
0.0,0.1,0.0,0.0,61,results/bob_realchannel_run_tp0.0_fk0.1_rp0.0_vd0.0_seed61_20260826_234111_225752.json,379,35,1666,34,34,True,0,False,,3.3702034950256348,{},placeholder,True,,19,results/bob_realchannel_run_tp0.0_fk0.1_rp0.0_vd0.0_seed61_20260826_234111_225752.json,results/alice_realchannel_run_seed61_20260826_234111_260236.json,final_key,0.1,1,0.0158311345646438
0.0,0.05,0.0,0.0,42,results/bob_realchannel_run_tp0.0_fk0.05_rp0.0_vd0.0_seed42_20260826_234116_423348.json,379,35,1666,34,34,True,0,False,,2.761749505996704,{},placeholder,True,,0,results/bob_realchannel_run_tp0.0_fk0.05_rp0.0_vd0.0_seed42_20260826_234116_423348.json,results/alice_realchannel_run_seed42_20260826_234116_370712.json,final_key,0.05,1,0.0158311345646438
0.0,0.05,0.0,0.0,43,results/bob_realchannel_run_tp0.0_fk0.05_rp0.0_vd0.0_seed43_20260826_234120_965307.json,379,35,1666,34,34,True,0,False,,0.6879796981811523,{},placeholder,True,,1,results/bob_realchannel_run_tp0.0_fk0.05_rp0.0_vd0.0_seed43_20260826_234120_965307.json,results/alice_realchannel_run_seed43_20260826_234121_010780.json,final_key,0.05,1,0.0158311345646438
0.0,0.05,0.0,0.0,44,results/bob_realchannel_run_tp0.0_fk0.05_rp0.0_vd0.0_seed44_20260826_234123_376328.json,379,35,1666,34,34,True,0,False,,1.1846649646759033,{'final_key': 1},placeholder,False,,2,results/bob_realchannel_run_tp0.0_fk0.05_rp0.0_vd0.0_seed44_20260826_234123_376328.json,results/alice_realchannel_run_seed44_20260826_234123_459711.json,final_key,0.05,1,0.0158311345646438
0.0,0.05,0.0,0.0,45,results/bob_realchannel_run_tp0.0_fk0.05_rp0.0_vd0.0_seed45_20260826_234126_286645.json,379,35,1666,34,34,True,0,False,,0.7742824554443359,{},placeholder,True,,3,results/bob_realchannel_run_tp0.0_fk0.05_rp0.0_vd0.0_seed45_20260826_234126_286645.json,results/alice_realchannel_run_seed45_20260826_234126_340217.json,final_key,0.05,1,0.0158311345646438
0.0,0.05,0.0,0.0,46,results/bob_realchannel_run_tp0.0_fk0.05_rp0.0_vd0.0_seed46_20260826_234128_743540.json,379,35,1666,34,34,True,0,False,,0.7580480575561523,{},placeholder,True,,4,results/bob_realchannel_run_tp0.0_fk0.05_rp0.0_vd0.0_seed46_20260826_234128_743540.json,results/alice_realchannel_run_seed46_20260826_234128_786531.json,final_key,0.05,1,0.0158311345646438
0.0,0.05,0.0,0.0,47,results/bob_realchannel_run_tp0.0_fk0.05_rp0.0_vd0.0_seed47_20260826_234131_184973.json,379,35,1666,34,34,True,0,False,,1.172464370727539,{},placeholder,True,,5,results/bob_realchannel_run_tp0.0_fk0.05_rp0.0_vd0.0_seed47_20260826_234131_184973.json,results/alice_realchannel_run_seed47_20260826_234131_269068.json,final_key,0.05,1,0.0158311345646438
0.0,0.05,0.0,0.0,48,results/bob_realchannel_run_tp0.0_fk0.05_rp0.0_vd0.0_seed48_20260826_234134_113227.json,379,35,1666,34,34,True,0,False,,1.1560306549072266,{},placeholder,True,,6,results/bob_realchannel_run_tp0.0_fk0.05_rp0.0_vd0.0_seed48_20260826_234134_113227.json,results/alice_realchannel_run_seed48_20260826_234134_167896.json,final_key,0.05,1,0.0158311345646438
0.0,0.05,0.0,0.0,49,results/bob_realchannel_run_tp0.0_fk0.05_rp0.0_vd0.0_seed49_20260826_234136_976516.json,379,35,1666,34,34,True,0,False,,0.720808744430542,{},placeholder,True,,7,results/bob_realchannel_run_tp0.0_fk0.05_rp0.0_vd0.0_seed49_20260826_234136_976516.json,results/alice_realchannel_run_seed49_20260826_234137_054513.json,final_key,0.05,1,0.0158311345646438
0.0,0.05,0.0,0.0,50,results/bob_realchannel_run_tp0.0_fk0.05_rp0.0_vd0.0_seed50_20260826_234139_458051.json,379,35,1666,34,34,True,0,False,,0.7034327983856201,{},placeholder,True,,8,results/bob_realchannel_run_tp0.0_fk0.05_rp0.0_vd0.0_seed50_20260826_234139_458051.json,results/alice_realchannel_run_seed50_20260826_234139_521235.json,final_key,0.05,1,0.0158311345646438
0.0,0.05,0.0,0.0,51,results/bob_realchannel_run_tp0.0_fk0.05_rp0.0_vd0.0_seed51_20260826_234141_834936.json,379,35,1666,34,34,True,0,False,,0.8544352054595947,{},placeholder,True,,9,results/bob_realchannel_run_tp0.0_fk0.05_rp0.0_vd0.0_seed51_20260826_234141_834936.json,results/alice_realchannel_run_seed51_20260826_234141_893082.json,final_key,0.05,1,0.0158311345646438
0.0,0.05,0.0,0.0,52,results/bob_realchannel_run_tp0.0_fk0.05_rp0.0_vd0.0_seed52_20260826_234144_351742.json,379,35,1666,34,34,True,0,False,,0.7732086181640625,{},placeholder,True,,10,results/bob_realchannel_run_tp0.0_fk0.05_rp0.0_vd0.0_seed52_20260826_234144_351742.json,results/alice_realchannel_run_seed52_20260826_234144_409431.json,final_key,0.05,1,0.0158311345646438
0.0,0.05,0.0,0.0,53,results/bob_realchannel_run_tp0.0_fk0.05_rp0.0_vd0.0_seed53_20260826_234146_775102.json,379,35,1666,34,34,True,0,False,,0.8575961589813232,{},placeholder,True,,11,results/bob_realchannel_run_tp0.0_fk0.05_rp0.0_vd0.0_seed53_20260826_234146_775102.json,results/alice_realchannel_run_seed53_20260826_234146_843417.json,final_key,0.05,1,0.0158311345646438
0.0,0.05,0.0,0.0,54,results/bob_realchannel_run_tp0.0_fk0.05_rp0.0_vd0.0_seed54_20260826_234149_295684.json,379,35,1666,34,34,True,0,False,,0.7617130279541016,{},placeholder,True,,12,results/bob_realchannel_run_tp0.0_fk0.05_rp0.0_vd0.0_seed54_20260826_234149_295684.json,results/alice_realchannel_run_seed54_20260826_234149_360442.json,final_key,0.05,1,0.0158311345646438
0.0,0.05,0.0,0.0,55,results/bob_realchannel_run_tp0.0_fk0.05_rp0.0_vd0.0_seed55_20260826_234151_743112.json,379,35,1666,34,34,True,0,False,,1.181633472442627,{},placeholder,True,,13,results/bob_realchannel_run_tp0.0_fk0.05_rp0.0_vd0.0_seed55_20260826_234151_743112.json,results/alice_realchannel_run_seed55_20260826_234151_849439.json,final_key,0.05,1,0.0158311345646438
0.0,0.05,0.0,0.0,56,results/bob_realchannel_run_tp0.0_fk0.05_rp0.0_vd0.0_seed56_20260826_234154_672786.json,379,35,1666,34,34,True,0,False,,1.0881578922271729,{},placeholder,True,,14,results/bob_realchannel_run_tp0.0_fk0.05_rp0.0_vd0.0_seed56_20260826_234154_672786.json,results/alice_realchannel_run_seed56_20260826_234154_735681.json,final_key,0.05,1,0.0158311345646438
0.0,0.05,0.0,0.0,57,results/bob_realchannel_run_tp0.0_fk0.05_rp0.0_vd0.0_seed57_20260826_234157_426951.json,379,35,1666,34,34,True,0,False,,0.8061964511871338,{},placeholder,True,,15,results/bob_realchannel_run_tp0.0_fk0.05_rp0.0_vd0.0_seed57_20260826_234157_426951.json,results/alice_realchannel_run_seed57_20260826_234157_518907.json,final_key,0.05,1,0.0158311345646438
0.0,0.05,0.0,0.0,58,results/bob_realchannel_run_tp0.0_fk0.05_rp0.0_vd0.0_seed58_20260826_234159_968164.json,379,35,1666,34,34,True,0,False,,1.1252515316009521,{},placeholder,True,,16,results/bob_realchannel_run_tp0.0_fk0.05_rp0.0_vd0.0_seed58_20260826_234159_968164.json,results/alice_realchannel_run_seed58_20260826_234200_017696.json,final_key,0.05,1,0.0158311345646438
0.0,0.05,0.0,0.0,59,results/bob_realchannel_run_tp0.0_fk0.05_rp0.0_vd0.0_seed59_20260826_234202_761476.json,379,35,1666,34,34,True,0,False,,0.7358272075653076,{},placeholder,True,,17,results/bob_realchannel_run_tp0.0_fk0.05_rp0.0_vd0.0_seed59_20260826_234202_761476.json,results/alice_realchannel_run_seed59_20260826_234202_812062.json,final_key,0.05,1,0.0158311345646438
0.0,0.05,0.0,0.0,60,results/bob_realchannel_run_tp0.0_fk0.05_rp0.0_vd0.0_seed60_20260826_234205_235522.json,379,35,1666,34,34,True,0,False,,2.7138519287109375,{},placeholder,True,,18,results/bob_realchannel_run_tp0.0_fk0.05_rp0.0_vd0.0_seed60_20260826_234205_235522.json,results/alice_realchannel_run_seed60_20260826_234205_219119.json,final_key,0.05,1,0.0158311345646438
0.0,0.05,0.0,0.0,61,results/bob_realchannel_run_tp0.0_fk0.05_rp0.0_vd0.0_seed61_20260826_234209_664469.json,379,35,1666,34,34,True,0,False,,3.2966153621673584,{},placeholder,True,,19,results/bob_realchannel_run_tp0.0_fk0.05_rp0.0_vd0.0_seed61_20260826_234209_664469.json,results/alice_realchannel_run_seed61_20260826_234209_681025.json,final_key,0.05,1,0.0158311345646438
0.0,0.03,0.0,0.0,42,results/bob_realchannel_run_tp0.0_fk0.03_rp0.0_vd0.0_seed42_20260826_234214_639937.json,379,35,1666,34,34,True,0,False,,0.8573100566864014,{},placeholder,True,,0,results/bob_realchannel_run_tp0.0_fk0.03_rp0.0_vd0.0_seed42_20260826_234214_639937.json,results/alice_realchannel_run_seed42_20260826_234214_693074.json,final_key,0.03,1,0.0158311345646438
0.0,0.03,0.0,0.0,43,results/bob_realchannel_run_tp0.0_fk0.03_rp0.0_vd0.0_seed43_20260826_234217_171915.json,379,35,1666,34,34,True,0,False,,0.8254749774932861,{},placeholder,True,,1,results/bob_realchannel_run_tp0.0_fk0.03_rp0.0_vd0.0_seed43_20260826_234217_171915.json,results/alice_realchannel_run_seed43_20260826_234217_356849.json,final_key,0.03,1,0.0158311345646438
0.0,0.03,0.0,0.0,44,results/bob_realchannel_run_tp0.0_fk0.03_rp0.0_vd0.0_seed44_20260826_234219_819451.json,379,35,1666,34,34,True,0,False,,0.7735891342163086,{},placeholder,True,,2,results/bob_realchannel_run_tp0.0_fk0.03_rp0.0_vd0.0_seed44_20260826_234219_819451.json,results/alice_realchannel_run_seed44_20260826_234219_874777.json,final_key,0.03,1,0.0158311345646438
0.0,0.03,0.0,0.0,45,results/bob_realchannel_run_tp0.0_fk0.03_rp0.0_vd0.0_seed45_20260826_234222_287903.json,379,35,1666,34,34,True,0,False,,0.7734365463256836,{},placeholder,True,,3,results/bob_realchannel_run_tp0.0_fk0.03_rp0.0_vd0.0_seed45_20260826_234222_287903.json,results/alice_realchannel_run_seed45_20260826_234222_338421.json,final_key,0.03,1,0.0158311345646438
0.0,0.03,0.0,0.0,46,results/bob_realchannel_run_tp0.0_fk0.03_rp0.0_vd0.0_seed46_20260826_234224_741386.json,379,35,1666,34,34,True,0,False,,0.7721617221832275,{},placeholder,True,,4,results/bob_realchannel_run_tp0.0_fk0.03_rp0.0_vd0.0_seed46_20260826_234224_741386.json,results/alice_realchannel_run_seed46_20260826_234224_792606.json,final_key,0.03,1,0.0158311345646438
0.0,0.03,0.0,0.0,47,results/bob_realchannel_run_tp0.0_fk0.03_rp0.0_vd0.0_seed47_20260826_234227_181185.json,379,35,1666,34,34,True,0,False,,0.7630355358123779,{},placeholder,True,,5,results/bob_realchannel_run_tp0.0_fk0.03_rp0.0_vd0.0_seed47_20260826_234227_181185.json,results/alice_realchannel_run_seed47_20260826_234227_237509.json,final_key,0.03,1,0.0158311345646438
0.0,0.03,0.0,0.0,48,results/bob_realchannel_run_tp0.0_fk0.03_rp0.0_vd0.0_seed48_20260826_234229_634082.json,379,35,1666,34,34,True,0,False,,0.7506098747253418,{},placeholder,True,,6,results/bob_realchannel_run_tp0.0_fk0.03_rp0.0_vd0.0_seed48_20260826_234229_634082.json,results/alice_realchannel_run_seed48_20260826_234229_675857.json,final_key,0.03,1,0.0158311345646438
0.0,0.03,0.0,0.0,49,results/bob_realchannel_run_tp0.0_fk0.03_rp0.0_vd0.0_seed49_20260826_234232_059540.json,379,35,1666,34,34,True,0,False,,0.685030460357666,{},placeholder,True,,7,results/bob_realchannel_run_tp0.0_fk0.03_rp0.0_vd0.0_seed49_20260826_234232_059540.json,results/alice_realchannel_run_seed49_20260826_234232_105817.json,final_key,0.03,1,0.0158311345646438
0.0,0.03,0.0,0.0,50,results/bob_realchannel_run_tp0.0_fk0.03_rp0.0_vd0.0_seed50_20260826_234234_557697.json,379,35,1666,34,34,True,0,False,,2.6154580116271973,{},placeholder,True,,8,results/bob_realchannel_run_tp0.0_fk0.03_rp0.0_vd0.0_seed50_20260826_234234_557697.json,results/alice_realchannel_run_seed50_20260826_234234_519874.json,final_key,0.03,1,0.0158311345646438
0.0,0.03,0.0,0.0,51,results/bob_realchannel_run_tp0.0_fk0.03_rp0.0_vd0.0_seed51_20260826_234239_063963.json,379,35,1666,34,34,True,0,False,,3.1369824409484863,{},placeholder,True,,9,results/bob_realchannel_run_tp0.0_fk0.03_rp0.0_vd0.0_seed51_20260826_234239_063963.json,results/alice_realchannel_run_seed51_20260826_234239_010000.json,final_key,0.03,1,0.0158311345646438
0.0,0.03,0.0,0.0,52,results/bob_realchannel_run_tp0.0_fk0.03_rp0.0_vd0.0_seed52_20260826_234243_916854.json,379,35,1666,34,34,True,0,False,,0.8082809448242188,{},placeholder,True,,10,results/bob_realchannel_run_tp0.0_fk0.03_rp0.0_vd0.0_seed52_20260826_234243_916854.json,results/alice_realchannel_run_seed52_20260826_234244_008976.json,final_key,0.03,1,0.0158311345646438
0.0,0.03,0.0,0.0,53,results/bob_realchannel_run_tp0.0_fk0.03_rp0.0_vd0.0_seed53_20260826_234246_456268.json,379,35,1666,34,34,True,0,False,,0.8323538303375244,{},placeholder,True,,11,results/bob_realchannel_run_tp0.0_fk0.03_rp0.0_vd0.0_seed53_20260826_234246_456268.json,results/alice_realchannel_run_seed53_20260826_234246_503403.json,final_key,0.03,1,0.0158311345646438
0.0,0.03,0.0,0.0,54,results/bob_realchannel_run_tp0.0_fk0.03_rp0.0_vd0.0_seed54_20260826_234248_966503.json,379,35,1666,34,34,True,0,False,,0.8106720447540283,{},placeholder,True,,12,results/bob_realchannel_run_tp0.0_fk0.03_rp0.0_vd0.0_seed54_20260826_234248_966503.json,results/alice_realchannel_run_seed54_20260826_234249_070818.json,final_key,0.03,1,0.0158311345646438
0.0,0.03,0.0,0.0,55,results/bob_realchannel_run_tp0.0_fk0.03_rp0.0_vd0.0_seed55_20260826_234251_544433.json,379,35,1666,34,34,True,0,False,,0.7445085048675537,{},placeholder,True,,13,results/bob_realchannel_run_tp0.0_fk0.03_rp0.0_vd0.0_seed55_20260826_234251_544433.json,results/alice_realchannel_run_seed55_20260826_234251_597230.json,final_key,0.03,1,0.0158311345646438
0.0,0.03,0.0,0.0,56,results/bob_realchannel_run_tp0.0_fk0.03_rp0.0_vd0.0_seed56_20260826_234253_972128.json,379,35,1666,34,34,True,0,False,,1.108586072921753,{},placeholder,True,,14,results/bob_realchannel_run_tp0.0_fk0.03_rp0.0_vd0.0_seed56_20260826_234253_972128.json,results/alice_realchannel_run_seed56_20260826_234254_056045.json,final_key,0.03,1,0.0158311345646438
0.0,0.03,0.0,0.0,57,results/bob_realchannel_run_tp0.0_fk0.03_rp0.0_vd0.0_seed57_20260826_234256_812849.json,379,35,1666,34,34,True,0,False,,1.1683704853057861,{},placeholder,True,,15,results/bob_realchannel_run_tp0.0_fk0.03_rp0.0_vd0.0_seed57_20260826_234256_812849.json,results/alice_realchannel_run_seed57_20260826_234256_880089.json,final_key,0.03,1,0.0158311345646438
0.0,0.03,0.0,0.0,58,results/bob_realchannel_run_tp0.0_fk0.03_rp0.0_vd0.0_seed58_20260826_234259_674085.json,379,35,1666,34,34,True,0,False,,0.7231011390686035,{},placeholder,True,,16,results/bob_realchannel_run_tp0.0_fk0.03_rp0.0_vd0.0_seed58_20260826_234259_674085.json,results/alice_realchannel_run_seed58_20260826_234259_714112.json,final_key,0.03,1,0.0158311345646438
0.0,0.03,0.0,0.0,59,results/bob_realchannel_run_tp0.0_fk0.03_rp0.0_vd0.0_seed59_20260826_234302_118412.json,379,35,1666,34,34,True,0,False,,0.73419189453125,{},placeholder,True,,17,results/bob_realchannel_run_tp0.0_fk0.03_rp0.0_vd0.0_seed59_20260826_234302_118412.json,results/alice_realchannel_run_seed59_20260826_234302_162733.json,final_key,0.03,1,0.0158311345646438
0.0,0.03,0.0,0.0,60,results/bob_realchannel_run_tp0.0_fk0.03_rp0.0_vd0.0_seed60_20260826_234304_541803.json,379,35,1666,34,34,True,0,False,,1.1681132316589355,{},placeholder,True,,18,results/bob_realchannel_run_tp0.0_fk0.03_rp0.0_vd0.0_seed60_20260826_234304_541803.json,results/alice_realchannel_run_seed60_20260826_234304_613711.json,final_key,0.03,1,0.0158311345646438
0.0,0.03,0.0,0.0,61,results/bob_realchannel_run_tp0.0_fk0.03_rp0.0_vd0.0_seed61_20260826_234307_469920.json,379,35,1666,34,34,True,0,False,,0.9310085773468018,{},placeholder,True,,19,results/bob_realchannel_run_tp0.0_fk0.03_rp0.0_vd0.0_seed61_20260826_234307_469920.json,results/alice_realchannel_run_seed61_20260826_234307_519128.json,final_key,0.03,1,0.0158311345646438
0.0,0.01,0.0,0.0,42,results/bob_realchannel_run_tp0.0_fk0.01_rp0.0_vd0.0_seed42_20260826_234310_120503.json,379,35,1666,34,34,True,0,False,,0.8523879051208496,{},placeholder,True,,0,results/bob_realchannel_run_tp0.0_fk0.01_rp0.0_vd0.0_seed42_20260826_234310_120503.json,results/alice_realchannel_run_seed42_20260826_234310_175540.json,final_key,0.01,1,0.0158311345646438
0.0,0.01,0.0,0.0,43,results/bob_realchannel_run_tp0.0_fk0.01_rp0.0_vd0.0_seed43_20260826_234312_703743.json,379,35,1666,34,34,True,0,False,,0.6889638900756836,{},placeholder,True,,1,results/bob_realchannel_run_tp0.0_fk0.01_rp0.0_vd0.0_seed43_20260826_234312_703743.json,results/alice_realchannel_run_seed43_20260826_234312_751416.json,final_key,0.01,1,0.0158311345646438
0.0,0.01,0.0,0.0,44,results/bob_realchannel_run_tp0.0_fk0.01_rp0.0_vd0.0_seed44_20260826_234315_068797.json,379,35,1666,34,34,True,0,False,,1.1805481910705566,{},placeholder,True,,2,results/bob_realchannel_run_tp0.0_fk0.01_rp0.0_vd0.0_seed44_20260826_234315_068797.json,results/alice_realchannel_run_seed44_20260826_234315_152794.json,final_key,0.01,1,0.0158311345646438
0.0,0.01,0.0,0.0,45,results/bob_realchannel_run_tp0.0_fk0.01_rp0.0_vd0.0_seed45_20260826_234317_976159.json,379,35,1666,34,34,True,0,False,,0.7871758937835693,{},placeholder,True,,3,results/bob_realchannel_run_tp0.0_fk0.01_rp0.0_vd0.0_seed45_20260826_234317_976159.json,results/alice_realchannel_run_seed45_20260826_234318_049996.json,final_key,0.01,1,0.0158311345646438
0.0,0.01,0.0,0.0,46,results/bob_realchannel_run_tp0.0_fk0.01_rp0.0_vd0.0_seed46_20260826_234320_448282.json,379,35,1666,34,34,True,0,False,,0.8205642700195312,{},placeholder,True,,4,results/bob_realchannel_run_tp0.0_fk0.01_rp0.0_vd0.0_seed46_20260826_234320_448282.json,results/alice_realchannel_run_seed46_20260826_234320_537478.json,final_key,0.01,1,0.0158311345646438
0.0,0.01,0.0,0.0,47,results/bob_realchannel_run_tp0.0_fk0.01_rp0.0_vd0.0_seed47_20260826_234323_028658.json,379,35,1666,34,34,True,0,False,,0.7561545372009277,{},placeholder,True,,5,results/bob_realchannel_run_tp0.0_fk0.01_rp0.0_vd0.0_seed47_20260826_234323_028658.json,results/alice_realchannel_run_seed47_20260826_234323_086558.json,final_key,0.01,1,0.0158311345646438
0.0,0.01,0.0,0.0,48,results/bob_realchannel_run_tp0.0_fk0.01_rp0.0_vd0.0_seed48_20260826_234325_463011.json,379,35,1666,34,34,True,0,False,,0.7940456867218018,{},placeholder,True,,6,results/bob_realchannel_run_tp0.0_fk0.01_rp0.0_vd0.0_seed48_20260826_234325_463011.json,results/alice_realchannel_run_seed48_20260826_234325_543712.json,final_key,0.01,1,0.0158311345646438
0.0,0.01,0.0,0.0,49,results/bob_realchannel_run_tp0.0_fk0.01_rp0.0_vd0.0_seed49_20260826_234327_932343.json,379,35,1666,34,34,True,0,False,,0.7045464515686035,{},placeholder,True,,7,results/bob_realchannel_run_tp0.0_fk0.01_rp0.0_vd0.0_seed49_20260826_234327_932343.json,results/alice_realchannel_run_seed49_20260826_234327_996503.json,final_key,0.01,1,0.0158311345646438
0.0,0.01,0.0,0.0,50,results/bob_realchannel_run_tp0.0_fk0.01_rp0.0_vd0.0_seed50_20260826_234330_335181.json,379,35,1666,34,34,True,0,False,,2.681610584259033,{},placeholder,True,,8,results/bob_realchannel_run_tp0.0_fk0.01_rp0.0_vd0.0_seed50_20260826_234330_335181.json,results/alice_realchannel_run_seed50_20260826_234330_361053.json,final_key,0.01,1,0.0158311345646438
0.0,0.01,0.0,0.0,51,results/bob_realchannel_run_tp0.0_fk0.01_rp0.0_vd0.0_seed51_20260826_234334_706978.json,379,35,1666,34,34,True,0,False,,2.833838939666748,{},placeholder,True,,9,results/bob_realchannel_run_tp0.0_fk0.01_rp0.0_vd0.0_seed51_20260826_234334_706978.json,results/alice_realchannel_run_seed51_20260826_234334_743292.json,final_key,0.01,1,0.0158311345646438
0.0,0.01,0.0,0.0,52,results/bob_realchannel_run_tp0.0_fk0.01_rp0.0_vd0.0_seed52_20260826_234339_215043.json,379,35,1666,34,34,True,0,False,,0.7699136734008789,{},placeholder,True,,10,results/bob_realchannel_run_tp0.0_fk0.01_rp0.0_vd0.0_seed52_20260826_234339_215043.json,results/alice_realchannel_run_seed52_20260826_234339_269072.json,final_key,0.01,1,0.0158311345646438
0.0,0.01,0.0,0.0,53,results/bob_realchannel_run_tp0.0_fk0.01_rp0.0_vd0.0_seed53_20260826_234341_699504.json,379,35,1666,34,34,True,0,False,,0.8296916484832764,{},placeholder,True,,11,results/bob_realchannel_run_tp0.0_fk0.01_rp0.0_vd0.0_seed53_20260826_234341_699504.json,results/alice_realchannel_run_seed53_20260826_234341_744777.json,final_key,0.01,1,0.0158311345646438
0.0,0.01,0.0,0.0,54,results/bob_realchannel_run_tp0.0_fk0.01_rp0.0_vd0.0_seed54_20260826_234344_204906.json,379,35,1666,34,34,True,0,False,,0.7400176525115967,{},placeholder,True,,12,results/bob_realchannel_run_tp0.0_fk0.01_rp0.0_vd0.0_seed54_20260826_234344_204906.json,results/alice_realchannel_run_seed54_20260826_234344_248591.json,final_key,0.01,1,0.0158311345646438
0.0,0.01,0.0,0.0,55,results/bob_realchannel_run_tp0.0_fk0.01_rp0.0_vd0.0_seed55_20260826_234346_627259.json,379,35,1666,34,34,True,0,False,,1.1256730556488037,{},placeholder,True,,13,results/bob_realchannel_run_tp0.0_fk0.01_rp0.0_vd0.0_seed55_20260826_234346_627259.json,results/alice_realchannel_run_seed55_20260826_234346_681143.json,final_key,0.01,1,0.0158311345646438
0.0,0.01,0.0,0.0,56,results/bob_realchannel_run_tp0.0_fk0.01_rp0.0_vd0.0_seed56_20260826_234349_491255.json,379,35,1666,34,34,True,0,False,,0.6781220436096191,{},placeholder,True,,14,results/bob_realchannel_run_tp0.0_fk0.01_rp0.0_vd0.0_seed56_20260826_234349_491255.json,results/alice_realchannel_run_seed56_20260826_234349_532992.json,final_key,0.01,1,0.0158311345646438
0.0,0.01,0.0,0.0,57,results/bob_realchannel_run_tp0.0_fk0.01_rp0.0_vd0.0_seed57_20260826_234351_849377.json,379,35,1666,34,34,True,0,False,,1.1512515544891357,{},placeholder,True,,15,results/bob_realchannel_run_tp0.0_fk0.01_rp0.0_vd0.0_seed57_20260826_234351_849377.json,results/alice_realchannel_run_seed57_20260826_234351_900072.json,final_key,0.01,1,0.0158311345646438
0.0,0.01,0.0,0.0,58,results/bob_realchannel_run_tp0.0_fk0.01_rp0.0_vd0.0_seed58_20260826_234354_666263.json,379,35,1666,34,34,True,0,False,,0.7507143020629883,{},placeholder,True,,16,results/bob_realchannel_run_tp0.0_fk0.01_rp0.0_vd0.0_seed58_20260826_234354_666263.json,results/alice_realchannel_run_seed58_20260826_234354_727249.json,final_key,0.01,1,0.0158311345646438
0.0,0.01,0.0,0.0,59,results/bob_realchannel_run_tp0.0_fk0.01_rp0.0_vd0.0_seed59_20260826_234357_091551.json,379,35,1666,34,34,True,0,False,,0.7333452701568604,{},placeholder,True,,17,results/bob_realchannel_run_tp0.0_fk0.01_rp0.0_vd0.0_seed59_20260826_234357_091551.json,results/alice_realchannel_run_seed59_20260826_234357_141376.json,final_key,0.01,1,0.0158311345646438
0.0,0.01,0.0,0.0,60,results/bob_realchannel_run_tp0.0_fk0.01_rp0.0_vd0.0_seed60_20260826_234359_548929.json,379,35,1666,34,34,True,0,False,,0.7518353462219238,{},placeholder,True,,18,results/bob_realchannel_run_tp0.0_fk0.01_rp0.0_vd0.0_seed60_20260826_234359_548929.json,results/alice_realchannel_run_seed60_20260826_234359_590934.json,final_key,0.01,1,0.0158311345646438
0.0,0.01,0.0,0.0,61,results/bob_realchannel_run_tp0.0_fk0.01_rp0.0_vd0.0_seed61_20260826_234401_961010.json,379,35,1666,34,34,True,0,False,,0.9404358863830566,{},placeholder,True,,19,results/bob_realchannel_run_tp0.0_fk0.01_rp0.0_vd0.0_seed61_20260826_234401_961010.json,results/alice_realchannel_run_seed61_20260826_234402_025267.json,final_key,0.01,1,0.0158311345646438
0.0,0.003,0.0,0.0,42,results/bob_realchannel_run_tp0.0_fk0.003_rp0.0_vd0.0_seed42_20260826_234404_574177.json,379,35,1666,34,34,True,0,False,,0.8553881645202637,{},placeholder,True,,0,results/bob_realchannel_run_tp0.0_fk0.003_rp0.0_vd0.0_seed42_20260826_234404_574177.json,results/alice_realchannel_run_seed42_20260826_234404_627923.json,final_key,0.003,1,0.0158311345646438
0.0,0.003,0.0,0.0,43,results/bob_realchannel_run_tp0.0_fk0.003_rp0.0_vd0.0_seed43_20260826_234407_103595.json,379,35,1666,34,34,True,0,False,,1.0694537162780762,{},placeholder,True,,1,results/bob_realchannel_run_tp0.0_fk0.003_rp0.0_vd0.0_seed43_20260826_234407_103595.json,results/alice_realchannel_run_seed43_20260826_234407_149025.json,final_key,0.003,1,0.0158311345646438
0.0,0.003,0.0,0.0,44,results/bob_realchannel_run_tp0.0_fk0.003_rp0.0_vd0.0_seed44_20260826_234409_847912.json,379,35,1666,34,34,True,0,False,,1.1529934406280518,{},placeholder,True,,2,results/bob_realchannel_run_tp0.0_fk0.003_rp0.0_vd0.0_seed44_20260826_234409_847912.json,results/alice_realchannel_run_seed44_20260826_234409_899095.json,final_key,0.003,1,0.0158311345646438
0.0,0.003,0.0,0.0,45,results/bob_realchannel_run_tp0.0_fk0.003_rp0.0_vd0.0_seed45_20260826_234412_685113.json,379,35,1666,34,34,True,0,False,,2.7596795558929443,{},placeholder,True,,3,results/bob_realchannel_run_tp0.0_fk0.003_rp0.0_vd0.0_seed45_20260826_234412_685113.json,results/alice_realchannel_run_seed45_20260826_234412_722388.json,final_key,0.003,1,0.0158311345646438
0.0,0.003,0.0,0.0,46,results/bob_realchannel_run_tp0.0_fk0.003_rp0.0_vd0.0_seed46_20260826_234417_216052.json,379,35,1666,34,34,True,0,False,,2.680783271789551,{},placeholder,True,,4,results/bob_realchannel_run_tp0.0_fk0.003_rp0.0_vd0.0_seed46_20260826_234417_216052.json,results/alice_realchannel_run_seed46_20260826_234417_167103.json,final_key,0.003,1,0.0158311345646438
0.0,0.003,0.0,0.0,47,results/bob_realchannel_run_tp0.0_fk0.003_rp0.0_vd0.0_seed47_20260826_234421_611101.json,379,35,1666,34,34,True,0,False,,2.729886770248413,{},placeholder,True,,5,results/bob_realchannel_run_tp0.0_fk0.003_rp0.0_vd0.0_seed47_20260826_234421_611101.json,results/alice_realchannel_run_seed47_20260826_234421_626111.json,final_key,0.003,1,0.0158311345646438
0.0,0.003,0.0,0.0,48,results/bob_realchannel_run_tp0.0_fk0.003_rp0.0_vd0.0_seed48_20260826_234426_004179.json,379,35,1666,34,34,True,0,False,,0.7728292942047119,{},placeholder,True,,6,results/bob_realchannel_run_tp0.0_fk0.003_rp0.0_vd0.0_seed48_20260826_234426_004179.json,results/alice_realchannel_run_seed48_20260826_234426_065564.json,final_key,0.003,1,0.0158311345646438
0.0,0.003,0.0,0.0,49,results/bob_realchannel_run_tp0.0_fk0.003_rp0.0_vd0.0_seed49_20260826_234428_442640.json,379,35,1666,34,34,True,0,False,,0.6981368064880371,{},placeholder,True,,7,results/bob_realchannel_run_tp0.0_fk0.003_rp0.0_vd0.0_seed49_20260826_234428_442640.json,results/alice_realchannel_run_seed49_20260826_234428_504073.json,final_key,0.003,1,0.0158311345646438
0.0,0.003,0.0,0.0,50,results/bob_realchannel_run_tp0.0_fk0.003_rp0.0_vd0.0_seed50_20260826_234430_830072.json,379,35,1666,34,34,True,0,False,,2.6911683082580566,{},placeholder,True,,8,results/bob_realchannel_run_tp0.0_fk0.003_rp0.0_vd0.0_seed50_20260826_234430_830072.json,results/alice_realchannel_run_seed50_20260826_234430_866506.json,final_key,0.003,1,0.0158311345646438
0.0,0.003,0.0,0.0,51,results/bob_realchannel_run_tp0.0_fk0.003_rp0.0_vd0.0_seed51_20260826_234435_193709.json,379,35,1666,34,34,True,0,False,,0.8355762958526611,{},placeholder,True,,9,results/bob_realchannel_run_tp0.0_fk0.003_rp0.0_vd0.0_seed51_20260826_234435_193709.json,results/alice_realchannel_run_seed51_20260826_234435_243508.json,final_key,0.003,1,0.0158311345646438
0.0,0.003,0.0,0.0,52,results/bob_realchannel_run_tp0.0_fk0.003_rp0.0_vd0.0_seed52_20260826_234437_694210.json,379,35,1666,34,34,True,0,False,,0.7742629051208496,{},placeholder,True,,10,results/bob_realchannel_run_tp0.0_fk0.003_rp0.0_vd0.0_seed52_20260826_234437_694210.json,results/alice_realchannel_run_seed52_20260826_234437_754042.json,final_key,0.003,1,0.0158311345646438
0.0,0.003,0.0,0.0,53,results/bob_realchannel_run_tp0.0_fk0.003_rp0.0_vd0.0_seed53_20260826_234440_143233.json,379,35,1666,34,34,True,0,False,,0.8338370323181152,{},placeholder,True,,11,results/bob_realchannel_run_tp0.0_fk0.003_rp0.0_vd0.0_seed53_20260826_234440_143233.json,results/alice_realchannel_run_seed53_20260826_234440_190798.json,final_key,0.003,1,0.0158311345646438
0.0,0.003,0.0,0.0,54,results/bob_realchannel_run_tp0.0_fk0.003_rp0.0_vd0.0_seed54_20260826_234442_668076.json,379,35,1666,34,34,True,0,False,,1.1284546852111816,{},placeholder,True,,12,results/bob_realchannel_run_tp0.0_fk0.003_rp0.0_vd0.0_seed54_20260826_234442_668076.json,results/alice_realchannel_run_seed54_20260826_234442_713640.json,final_key,0.003,1,0.0158311345646438
0.0,0.003,0.0,0.0,55,results/bob_realchannel_run_tp0.0_fk0.003_rp0.0_vd0.0_seed55_20260826_234445_473440.json,379,35,1666,34,34,True,0,False,,0.7391149997711182,{},placeholder,True,,13,results/bob_realchannel_run_tp0.0_fk0.003_rp0.0_vd0.0_seed55_20260826_234445_473440.json,results/alice_realchannel_run_seed55_20260826_234445_522603.json,final_key,0.003,1,0.0158311345646438
0.0,0.003,0.0,0.0,56,results/bob_realchannel_run_tp0.0_fk0.003_rp0.0_vd0.0_seed56_20260826_234447_896715.json,379,35,1666,34,34,True,0,False,,1.064192295074463,{},placeholder,True,,14,results/bob_realchannel_run_tp0.0_fk0.003_rp0.0_vd0.0_seed56_20260826_234447_896715.json,results/alice_realchannel_run_seed56_20260826_234447_938257.json,final_key,0.003,1,0.0158311345646438
0.0,0.003,0.0,0.0,57,results/bob_realchannel_run_tp0.0_fk0.003_rp0.0_vd0.0_seed57_20260826_234450_660770.json,379,35,1666,34,34,True,0,False,,1.140028953552246,{},placeholder,True,,15,results/bob_realchannel_run_tp0.0_fk0.003_rp0.0_vd0.0_seed57_20260826_234450_660770.json,results/alice_realchannel_run_seed57_20260826_234450_702908.json,final_key,0.003,1,0.0158311345646438
0.0,0.003,0.0,0.0,58,results/bob_realchannel_run_tp0.0_fk0.003_rp0.0_vd0.0_seed58_20260826_234453_473828.json,379,35,1666,34,34,True,0,False,,1.1267974376678467,{},placeholder,True,,16,results/bob_realchannel_run_tp0.0_fk0.003_rp0.0_vd0.0_seed58_20260826_234453_473828.json,results/alice_realchannel_run_seed58_20260826_234453_530659.json,final_key,0.003,1,0.0158311345646438
0.0,0.003,0.0,0.0,59,results/bob_realchannel_run_tp0.0_fk0.003_rp0.0_vd0.0_seed59_20260826_234456_280237.json,379,35,1666,34,34,True,0,False,,1.1284778118133545,{},placeholder,True,,17,results/bob_realchannel_run_tp0.0_fk0.003_rp0.0_vd0.0_seed59_20260826_234456_280237.json,results/alice_realchannel_run_seed59_20260826_234456_330536.json,final_key,0.003,1,0.0158311345646438
0.0,0.003,0.0,0.0,60,results/bob_realchannel_run_tp0.0_fk0.003_rp0.0_vd0.0_seed60_20260826_234459_078121.json,379,35,1666,34,34,True,0,False,,0.799048900604248,{},placeholder,True,,18,results/bob_realchannel_run_tp0.0_fk0.003_rp0.0_vd0.0_seed60_20260826_234459_078121.json,results/alice_realchannel_run_seed60_20260826_234459_158291.json,final_key,0.003,1,0.0158311345646438
0.0,0.003,0.0,0.0,61,results/bob_realchannel_run_tp0.0_fk0.003_rp0.0_vd0.0_seed61_20260826_234501_611271.json,379,35,1666,34,34,True,0,False,,0.913144588470459,{},placeholder,True,,19,results/bob_realchannel_run_tp0.0_fk0.003_rp0.0_vd0.0_seed61_20260826_234501_611271.json,results/alice_realchannel_run_seed61_20260826_234501_651453.json,final_key,0.003,1,0.0158311345646438
0.0,0.001,0.0,0.0,42,results/bob_realchannel_run_tp0.0_fk0.001_rp0.0_vd0.0_seed42_20260826_234504_206856.json,379,35,1666,34,34,True,0,False,,1.2300825119018555,{},placeholder,True,,0,results/bob_realchannel_run_tp0.0_fk0.001_rp0.0_vd0.0_seed42_20260826_234504_206856.json,results/alice_realchannel_run_seed42_20260826_234504_250686.json,final_key,0.001,1,0.0158311345646438
0.0,0.001,0.0,0.0,43,results/bob_realchannel_run_tp0.0_fk0.001_rp0.0_vd0.0_seed43_20260826_234507_190788.json,379,35,1666,34,34,True,0,False,,0.6900331974029541,{},placeholder,True,,1,results/bob_realchannel_run_tp0.0_fk0.001_rp0.0_vd0.0_seed43_20260826_234507_190788.json,results/alice_realchannel_run_seed43_20260826_234507_241840.json,final_key,0.001,1,0.0158311345646438
0.0,0.001,0.0,0.0,44,results/bob_realchannel_run_tp0.0_fk0.001_rp0.0_vd0.0_seed44_20260826_234509_571968.json,379,35,1666,34,34,True,0,False,,1.137242078781128,{},placeholder,True,,2,results/bob_realchannel_run_tp0.0_fk0.001_rp0.0_vd0.0_seed44_20260826_234509_571968.json,results/alice_realchannel_run_seed44_20260826_234509_610785.json,final_key,0.001,1,0.0158311345646438
0.0,0.001,0.0,0.0,45,results/bob_realchannel_run_tp0.0_fk0.001_rp0.0_vd0.0_seed45_20260826_234512_389767.json,379,35,1666,34,34,True,0,False,,0.7830674648284912,{},placeholder,True,,3,results/bob_realchannel_run_tp0.0_fk0.001_rp0.0_vd0.0_seed45_20260826_234512_389767.json,results/alice_realchannel_run_seed45_20260826_234512_461006.json,final_key,0.001,1,0.0158311345646438
0.0,0.001,0.0,0.0,46,results/bob_realchannel_run_tp0.0_fk0.001_rp0.0_vd0.0_seed46_20260826_234514_932426.json,379,35,1666,34,34,True,0,False,,2.752906322479248,{},placeholder,True,,4,results/bob_realchannel_run_tp0.0_fk0.001_rp0.0_vd0.0_seed46_20260826_234514_932426.json,results/alice_realchannel_run_seed46_20260826_234514_962156.json,final_key,0.001,1,0.0158311345646438
0.0,0.001,0.0,0.0,47,results/bob_realchannel_run_tp0.0_fk0.001_rp0.0_vd0.0_seed47_20260826_234519_497567.json,379,35,1666,34,34,True,0,False,,3.0234882831573486,{},placeholder,True,,5,results/bob_realchannel_run_tp0.0_fk0.001_rp0.0_vd0.0_seed47_20260826_234519_497567.json,results/alice_realchannel_run_seed47_20260826_234519_417030.json,final_key,0.001,1,0.0158311345646438
0.0,0.001,0.0,0.0,48,results/bob_realchannel_run_tp0.0_fk0.001_rp0.0_vd0.0_seed48_20260826_234524_452892.json,379,35,1666,34,34,True,0,False,,2.647780179977417,{},placeholder,True,,6,results/bob_realchannel_run_tp0.0_fk0.001_rp0.0_vd0.0_seed48_20260826_234524_452892.json,results/alice_realchannel_run_seed48_20260826_234524_373048.json,final_key,0.001,1,0.0158311345646438
0.0,0.001,0.0,0.0,49,results/bob_realchannel_run_tp0.0_fk0.001_rp0.0_vd0.0_seed49_20260826_234528_939053.json,379,35,1666,34,34,True,0,False,,2.68168306350708,{},placeholder,True,,7,results/bob_realchannel_run_tp0.0_fk0.001_rp0.0_vd0.0_seed49_20260826_234528_939053.json,results/alice_realchannel_run_seed49_20260826_234528_970576.json,final_key,0.001,1,0.0158311345646438
0.0,0.001,0.0,0.0,50,results/bob_realchannel_run_tp0.0_fk0.001_rp0.0_vd0.0_seed50_20260826_234533_341032.json,379,35,1666,34,34,True,0,False,,1.0837421417236328,{},placeholder,True,,8,results/bob_realchannel_run_tp0.0_fk0.001_rp0.0_vd0.0_seed50_20260826_234533_341032.json,results/alice_realchannel_run_seed50_20260826_234533_398273.json,final_key,0.001,1,0.0158311345646438
0.0,0.001,0.0,0.0,51,results/bob_realchannel_run_tp0.0_fk0.001_rp0.0_vd0.0_seed51_20260826_234536_149834.json,379,35,1666,34,34,True,0,False,,1.2428467273712158,{},placeholder,True,,9,results/bob_realchannel_run_tp0.0_fk0.001_rp0.0_vd0.0_seed51_20260826_234536_149834.json,results/alice_realchannel_run_seed51_20260826_234536_216109.json,final_key,0.001,1,0.0158311345646438
0.0,0.001,0.0,0.0,52,results/bob_realchannel_run_tp0.0_fk0.001_rp0.0_vd0.0_seed52_20260826_234539_075533.json,379,35,1666,34,34,True,0,False,,0.7651050090789795,{},placeholder,True,,10,results/bob_realchannel_run_tp0.0_fk0.001_rp0.0_vd0.0_seed52_20260826_234539_075533.json,results/alice_realchannel_run_seed52_20260826_234539_128592.json,final_key,0.001,1,0.0158311345646438
0.0,0.001,0.0,0.0,53,results/bob_realchannel_run_tp0.0_fk0.001_rp0.0_vd0.0_seed53_20260826_234541_515086.json,379,35,1666,34,34,True,0,False,,0.8458995819091797,{},placeholder,True,,11,results/bob_realchannel_run_tp0.0_fk0.001_rp0.0_vd0.0_seed53_20260826_234541_515086.json,results/alice_realchannel_run_seed53_20260826_234541_571820.json,final_key,0.001,1,0.0158311345646438
0.0,0.001,0.0,0.0,54,results/bob_realchannel_run_tp0.0_fk0.001_rp0.0_vd0.0_seed54_20260826_234544_023370.json,379,35,1666,34,34,True,0,False,,0.7733867168426514,{},placeholder,True,,12,results/bob_realchannel_run_tp0.0_fk0.001_rp0.0_vd0.0_seed54_20260826_234544_023370.json,results/alice_realchannel_run_seed54_20260826_234544_091021.json,final_key,0.001,1,0.0158311345646438
0.0,0.001,0.0,0.0,55,results/bob_realchannel_run_tp0.0_fk0.001_rp0.0_vd0.0_seed55_20260826_234546_452893.json,379,35,1666,34,34,True,0,False,,1.1400330066680908,{},placeholder,True,,13,results/bob_realchannel_run_tp0.0_fk0.001_rp0.0_vd0.0_seed55_20260826_234546_452893.json,results/alice_realchannel_run_seed55_20260826_234546_518590.json,final_key,0.001,1,0.0158311345646438
0.0,0.001,0.0,0.0,56,results/bob_realchannel_run_tp0.0_fk0.001_rp0.0_vd0.0_seed56_20260826_234549_267345.json,379,35,1666,34,34,True,0,False,,0.6895856857299805,{},placeholder,True,,14,results/bob_realchannel_run_tp0.0_fk0.001_rp0.0_vd0.0_seed56_20260826_234549_267345.json,results/alice_realchannel_run_seed56_20260826_234549_320421.json,final_key,0.001,1,0.0158311345646438
0.0,0.001,0.0,0.0,57,results/bob_realchannel_run_tp0.0_fk0.001_rp0.0_vd0.0_seed57_20260826_234551_626736.json,379,35,1666,34,34,True,0,False,,0.7705304622650146,{},placeholder,True,,15,results/bob_realchannel_run_tp0.0_fk0.001_rp0.0_vd0.0_seed57_20260826_234551_626736.json,results/alice_realchannel_run_seed57_20260826_234551_685921.json,final_key,0.001,1,0.0158311345646438
0.0,0.001,0.0,0.0,58,results/bob_realchannel_run_tp0.0_fk0.001_rp0.0_vd0.0_seed58_20260826_234554_069867.json,379,35,1666,34,34,True,0,False,,0.743121862411499,{},placeholder,True,,16,results/bob_realchannel_run_tp0.0_fk0.001_rp0.0_vd0.0_seed58_20260826_234554_069867.json,results/alice_realchannel_run_seed58_20260826_234554_123415.json,final_key,0.001,1,0.0158311345646438
0.0,0.001,0.0,0.0,59,results/bob_realchannel_run_tp0.0_fk0.001_rp0.0_vd0.0_seed59_20260826_234556_481421.json,379,35,1666,34,34,True,0,False,,0.7352874279022217,{},placeholder,True,,17,results/bob_realchannel_run_tp0.0_fk0.001_rp0.0_vd0.0_seed59_20260826_234556_481421.json,results/alice_realchannel_run_seed59_20260826_234556_530122.json,final_key,0.001,1,0.0158311345646438
0.0,0.001,0.0,0.0,60,results/bob_realchannel_run_tp0.0_fk0.001_rp0.0_vd0.0_seed60_20260826_234558_891704.json,379,35,1666,34,34,True,0,False,,1.1533384323120117,{},placeholder,True,,18,results/bob_realchannel_run_tp0.0_fk0.001_rp0.0_vd0.0_seed60_20260826_234558_891704.json,results/alice_realchannel_run_seed60_20260826_234558_944364.json,final_key,0.001,1,0.0158311345646438
0.0,0.001,0.0,0.0,61,results/bob_realchannel_run_tp0.0_fk0.001_rp0.0_vd0.0_seed61_20260826_234601_753079.json,379,35,1666,34,34,True,0,False,,2.907521963119507,{},placeholder,True,,19,results/bob_realchannel_run_tp0.0_fk0.001_rp0.0_vd0.0_seed61_20260826_234601_753079.json,results/alice_realchannel_run_seed61_20260826_234601_769865.json,final_key,0.001,1,0.0158311345646438
0.0,0.5,0.0,0.0,42,results/bob_realchannel_run_tp0.0_fk0.5_rp0.0_vd0.0_seed42_20260826_234606_403048.json,379,35,2608,34,34,True,0,False,,2.8973007202148438,{},asymptotic,True,,0,results/bob_realchannel_run_tp0.0_fk0.5_rp0.0_vd0.0_seed42_20260826_234606_403048.json,results/alice_realchannel_run_seed42_20260826_234606_426134.json,final_key,0.5,1,0.0158311345646438
0.0,0.5,0.0,0.0,43,results/bob_realchannel_run_tp0.0_fk0.5_rp0.0_vd0.0_seed43_20260826_234611_018374.json,379,35,2608,34,34,True,0,False,,2.7256648540496826,{'final_key': 1},asymptotic,False,,1,results/bob_realchannel_run_tp0.0_fk0.5_rp0.0_vd0.0_seed43_20260826_234611_018374.json,results/alice_realchannel_run_seed43_20260826_234611_030689.json,final_key,0.5,1,0.0158311345646438
0.0,0.5,0.0,0.0,44,results/bob_realchannel_run_tp0.0_fk0.5_rp0.0_vd0.0_seed44_20260826_234615_462354.json,379,35,2608,34,34,True,0,False,,2.797365188598633,{'final_key': 1},asymptotic,False,,2,results/bob_realchannel_run_tp0.0_fk0.5_rp0.0_vd0.0_seed44_20260826_234615_462354.json,results/alice_realchannel_run_seed44_20260826_234615_475102.json,final_key,0.5,1,0.0158311345646438
0.0,0.5,0.0,0.0,45,results/bob_realchannel_run_tp0.0_fk0.5_rp0.0_vd0.0_seed45_20260826_234619_941065.json,379,35,2608,34,34,True,0,False,,0.8147192001342773,{},asymptotic,True,,3,results/bob_realchannel_run_tp0.0_fk0.5_rp0.0_vd0.0_seed45_20260826_234619_941065.json,results/alice_realchannel_run_seed45_20260826_234619_983417.json,final_key,0.5,1,0.0158311345646438
0.0,0.5,0.0,0.0,46,results/bob_realchannel_run_tp0.0_fk0.5_rp0.0_vd0.0_seed46_20260826_234622_427364.json,379,35,2608,34,34,True,0,False,,0.8242177963256836,{},asymptotic,True,,4,results/bob_realchannel_run_tp0.0_fk0.5_rp0.0_vd0.0_seed46_20260826_234622_427364.json,results/alice_realchannel_run_seed46_20260826_234622_477917.json,final_key,0.5,1,0.0158311345646438
0.0,0.5,0.0,0.0,47,results/bob_realchannel_run_tp0.0_fk0.5_rp0.0_vd0.0_seed47_20260826_234624_918184.json,379,35,2608,34,34,True,0,False,,0.8256561756134033,{},asymptotic,True,,5,results/bob_realchannel_run_tp0.0_fk0.5_rp0.0_vd0.0_seed47_20260826_234624_918184.json,results/alice_realchannel_run_seed47_20260826_234624_981224.json,final_key,0.5,1,0.0158311345646438
0.0,0.5,0.0,0.0,48,results/bob_realchannel_run_tp0.0_fk0.5_rp0.0_vd0.0_seed48_20260826_234627_463295.json,379,35,2608,34,34,True,0,False,,2.7805614471435547,{'final_key': 1},asymptotic,False,,6,results/bob_realchannel_run_tp0.0_fk0.5_rp0.0_vd0.0_seed48_20260826_234627_463295.json,results/alice_realchannel_run_seed48_20260826_234627_463608.json,final_key,0.5,1,0.0158311345646438
0.0,0.5,0.0,0.0,49,results/bob_realchannel_run_tp0.0_fk0.5_rp0.0_vd0.0_seed49_20260826_234631_920669.json,379,35,2608,34,34,True,0,False,,0.7550361156463623,{},asymptotic,True,,7,results/bob_realchannel_run_tp0.0_fk0.5_rp0.0_vd0.0_seed49_20260826_234631_920669.json,results/alice_realchannel_run_seed49_20260826_234631_975085.json,final_key,0.5,1,0.0158311345646438
0.0,0.5,0.0,0.0,50,results/bob_realchannel_run_tp0.0_fk0.5_rp0.0_vd0.0_seed50_20260826_234634_371830.json,379,35,2608,34,34,True,0,False,,2.7320499420166016,{},asymptotic,True,,8,results/bob_realchannel_run_tp0.0_fk0.5_rp0.0_vd0.0_seed50_20260826_234634_371830.json,results/alice_realchannel_run_seed50_20260826_234634_399664.json,final_key,0.5,1,0.0158311345646438
0.0,0.5,0.0,0.0,51,results/bob_realchannel_run_tp0.0_fk0.5_rp0.0_vd0.0_seed51_20260826_234638_775943.json,379,35,2608,34,34,True,0,False,,0.9077863693237305,{},asymptotic,True,,9,results/bob_realchannel_run_tp0.0_fk0.5_rp0.0_vd0.0_seed51_20260826_234638_775943.json,results/alice_realchannel_run_seed51_20260826_234638_835218.json,final_key,0.5,1,0.0158311345646438
0.0,0.5,0.0,0.0,52,results/bob_realchannel_run_tp0.0_fk0.5_rp0.0_vd0.0_seed52_20260826_234641_361195.json,379,35,2608,34,34,True,0,False,,0.8225090503692627,{'final_key': 1},asymptotic,False,,10,results/bob_realchannel_run_tp0.0_fk0.5_rp0.0_vd0.0_seed52_20260826_234641_361195.json,results/alice_realchannel_run_seed52_20260826_234641_410230.json,final_key,0.5,1,0.0158311345646438
0.0,0.5,0.0,0.0,53,results/bob_realchannel_run_tp0.0_fk0.5_rp0.0_vd0.0_seed53_20260826_234643_862261.json,379,35,2608,34,34,True,0,False,,0.8937971591949463,{'final_key': 1},asymptotic,False,,11,results/bob_realchannel_run_tp0.0_fk0.5_rp0.0_vd0.0_seed53_20260826_234643_862261.json,results/alice_realchannel_run_seed53_20260826_234643_911989.json,final_key,0.5,1,0.0158311345646438
0.0,0.5,0.0,0.0,54,results/bob_realchannel_run_tp0.0_fk0.5_rp0.0_vd0.0_seed54_20260826_234646_421271.json,379,35,2608,34,34,True,0,False,,0.8263168334960938,{},asymptotic,True,,12,results/bob_realchannel_run_tp0.0_fk0.5_rp0.0_vd0.0_seed54_20260826_234646_421271.json,results/alice_realchannel_run_seed54_20260826_234646_482845.json,final_key,0.5,1,0.0158311345646438
0.0,0.5,0.0,0.0,55,results/bob_realchannel_run_tp0.0_fk0.5_rp0.0_vd0.0_seed55_20260826_234648_920557.json,379,35,2608,34,34,True,0,False,,0.7878053188323975,{},asymptotic,True,,13,results/bob_realchannel_run_tp0.0_fk0.5_rp0.0_vd0.0_seed55_20260826_234648_920557.json,results/alice_realchannel_run_seed55_20260826_234648_966356.json,final_key,0.5,1,0.0158311345646438
0.0,0.5,0.0,0.0,56,results/bob_realchannel_run_tp0.0_fk0.5_rp0.0_vd0.0_seed56_20260826_234651_389300.json,379,35,2608,34,34,True,0,False,,0.746391773223877,{},asymptotic,True,,14,results/bob_realchannel_run_tp0.0_fk0.5_rp0.0_vd0.0_seed56_20260826_234651_389300.json,results/alice_realchannel_run_seed56_20260826_234651_439243.json,final_key,0.5,1,0.0158311345646438
0.0,0.5,0.0,0.0,57,results/bob_realchannel_run_tp0.0_fk0.5_rp0.0_vd0.0_seed57_20260826_234653_819911.json,379,35,2608,34,34,True,0,False,,0.7971096038818359,{},asymptotic,True,,15,results/bob_realchannel_run_tp0.0_fk0.5_rp0.0_vd0.0_seed57_20260826_234653_819911.json,results/alice_realchannel_run_seed57_20260826_234653_891403.json,final_key,0.5,1,0.0158311345646438
0.0,0.5,0.0,0.0,58,results/bob_realchannel_run_tp0.0_fk0.5_rp0.0_vd0.0_seed58_20260826_234656_559903.json,379,35,2608,34,34,True,0,False,,0.7995908260345459,{'final_key': 1},asymptotic,False,,16,results/bob_realchannel_run_tp0.0_fk0.5_rp0.0_vd0.0_seed58_20260826_234656_559903.json,results/alice_realchannel_run_seed58_20260826_234656_610436.json,final_key,0.5,1,0.0158311345646438
0.0,0.5,0.0,0.0,59,results/bob_realchannel_run_tp0.0_fk0.5_rp0.0_vd0.0_seed59_20260826_234659_043290.json,379,35,2608,34,34,True,0,False,,0.9727706909179688,{'final_key': 1},asymptotic,False,,17,results/bob_realchannel_run_tp0.0_fk0.5_rp0.0_vd0.0_seed59_20260826_234659_043290.json,results/alice_realchannel_run_seed59_20260826_234659_262721.json,final_key,0.5,1,0.0158311345646438
0.0,0.5,0.0,0.0,60,results/bob_realchannel_run_tp0.0_fk0.5_rp0.0_vd0.0_seed60_20260826_234701_965069.json,379,35,2608,34,34,True,0,False,,0.8186306953430176,{},asymptotic,True,,18,results/bob_realchannel_run_tp0.0_fk0.5_rp0.0_vd0.0_seed60_20260826_234701_965069.json,results/alice_realchannel_run_seed60_20260826_234702_008851.json,final_key,0.5,1,0.0158311345646438
0.0,0.5,0.0,0.0,61,results/bob_realchannel_run_tp0.0_fk0.5_rp0.0_vd0.0_seed61_20260826_234704_461609.json,379,35,2608,34,34,True,0,False,,1.4746246337890625,{'final_key': 1},asymptotic,False,,19,results/bob_realchannel_run_tp0.0_fk0.5_rp0.0_vd0.0_seed61_20260826_234704_461609.json,results/alice_realchannel_run_seed61_20260826_234704_611777.json,final_key,0.5,1,0.0158311345646438
0.0,0.3,0.0,0.0,42,results/bob_realchannel_run_tp0.0_fk0.3_rp0.0_vd0.0_seed42_20260826_234707_735969.json,379,35,2608,34,34,True,0,False,,0.8995742797851562,{},asymptotic,True,,0,results/bob_realchannel_run_tp0.0_fk0.3_rp0.0_vd0.0_seed42_20260826_234707_735969.json,results/alice_realchannel_run_seed42_20260826_234707_782045.json,final_key,0.3,1,0.0158311345646438
0.0,0.3,0.0,0.0,43,results/bob_realchannel_run_tp0.0_fk0.3_rp0.0_vd0.0_seed43_20260826_234710_315933.json,379,35,2608,34,34,True,0,False,,0.788426399230957,{},asymptotic,True,,1,results/bob_realchannel_run_tp0.0_fk0.3_rp0.0_vd0.0_seed43_20260826_234710_315933.json,results/alice_realchannel_run_seed43_20260826_234710_408213.json,final_key,0.3,1,0.0158311345646438
0.0,0.3,0.0,0.0,44,results/bob_realchannel_run_tp0.0_fk0.3_rp0.0_vd0.0_seed44_20260826_234712_860205.json,379,35,2608,34,34,True,0,False,,0.8157224655151367,{'final_key': 1},asymptotic,False,,2,results/bob_realchannel_run_tp0.0_fk0.3_rp0.0_vd0.0_seed44_20260826_234712_860205.json,results/alice_realchannel_run_seed44_20260826_234712_903740.json,final_key,0.3,1,0.0158311345646438
0.0,0.3,0.0,0.0,45,results/bob_realchannel_run_tp0.0_fk0.3_rp0.0_vd0.0_seed45_20260826_234715_365195.json,379,35,2608,34,34,True,0,False,,2.8229739665985107,{},asymptotic,True,,3,results/bob_realchannel_run_tp0.0_fk0.3_rp0.0_vd0.0_seed45_20260826_234715_365195.json,results/alice_realchannel_run_seed45_20260826_234715_403625.json,final_key,0.3,1,0.0158311345646438
0.0,0.3,0.0,0.0,46,results/bob_realchannel_run_tp0.0_fk0.3_rp0.0_vd0.0_seed46_20260826_234719_868948.json,379,35,2608,34,34,True,0,False,,1.2112281322479248,{},asymptotic,True,,4,results/bob_realchannel_run_tp0.0_fk0.3_rp0.0_vd0.0_seed46_20260826_234719_868948.json,results/alice_realchannel_run_seed46_20260826_234719_918593.json,final_key,0.3,1,0.0158311345646438
0.0,0.3,0.0,0.0,47,results/bob_realchannel_run_tp0.0_fk0.3_rp0.0_vd0.0_seed47_20260826_234722_760010.json,379,35,2608,34,34,True,0,False,,0.8079714775085449,{},asymptotic,True,,5,results/bob_realchannel_run_tp0.0_fk0.3_rp0.0_vd0.0_seed47_20260826_234722_760010.json,results/alice_realchannel_run_seed47_20260826_234722_805845.json,final_key,0.3,1,0.0158311345646438
0.0,0.3,0.0,0.0,48,results/bob_realchannel_run_tp0.0_fk0.3_rp0.0_vd0.0_seed48_20260826_234725_260422.json,379,35,2608,34,34,True,0,False,,3.2120320796966553,{'final_key': 1},asymptotic,False,,6,results/bob_realchannel_run_tp0.0_fk0.3_rp0.0_vd0.0_seed48_20260826_234725_260422.json,results/alice_realchannel_run_seed48_20260826_234725_296167.json,final_key,0.3,1,0.0158311345646438
0.0,0.3,0.0,0.0,49,results/bob_realchannel_run_tp0.0_fk0.3_rp0.0_vd0.0_seed49_20260826_234730_190811.json,379,35,2608,34,34,True,0,False,,2.7252495288848877,{},asymptotic,True,,7,results/bob_realchannel_run_tp0.0_fk0.3_rp0.0_vd0.0_seed49_20260826_234730_190811.json,results/alice_realchannel_run_seed49_20260826_234730_200064.json,final_key,0.3,1,0.0158311345646438
0.0,0.3,0.0,0.0,50,results/bob_realchannel_run_tp0.0_fk0.3_rp0.0_vd0.0_seed50_20260826_234734_585783.json,379,35,2608,34,34,True,0,False,,1.1461679935455322,{},asymptotic,True,,8,results/bob_realchannel_run_tp0.0_fk0.3_rp0.0_vd0.0_seed50_20260826_234734_585783.json,results/alice_realchannel_run_seed50_20260826_234734_646519.json,final_key,0.3,1,0.0158311345646438
0.0,0.3,0.0,0.0,51,results/bob_realchannel_run_tp0.0_fk0.3_rp0.0_vd0.0_seed51_20260826_234737_434277.json,379,35,2608,34,34,True,0,False,,2.885457992553711,{},asymptotic,True,,9,results/bob_realchannel_run_tp0.0_fk0.3_rp0.0_vd0.0_seed51_20260826_234737_434277.json,results/alice_realchannel_run_seed51_20260826_234737_452112.json,final_key,0.3,1,0.0158311345646438
0.0,0.3,0.0,0.0,52,results/bob_realchannel_run_tp0.0_fk0.3_rp0.0_vd0.0_seed52_20260826_234742_023386.json,379,35,2608,34,34,True,0,False,,2.8162665367126465,{'final_key': 1},asymptotic,False,,10,results/bob_realchannel_run_tp0.0_fk0.3_rp0.0_vd0.0_seed52_20260826_234742_023386.json,results/alice_realchannel_run_seed52_20260826_234742_047902.json,final_key,0.3,1,0.0158311345646438
0.0,0.3,0.0,0.0,53,results/bob_realchannel_run_tp0.0_fk0.3_rp0.0_vd0.0_seed53_20260826_234746_541351.json,379,35,2608,34,34,True,0,False,,3.2749266624450684,{'final_key': 1},asymptotic,False,,11,results/bob_realchannel_run_tp0.0_fk0.3_rp0.0_vd0.0_seed53_20260826_234746_541351.json,results/alice_realchannel_run_seed53_20260826_234746_568016.json,final_key,0.3,1,0.0158311345646438
0.0,0.3,0.0,0.0,54,results/bob_realchannel_run_tp0.0_fk0.3_rp0.0_vd0.0_seed54_20260826_234751_518463.json,379,35,2608,34,34,True,0,False,,0.9540913105010986,{},asymptotic,True,,12,results/bob_realchannel_run_tp0.0_fk0.3_rp0.0_vd0.0_seed54_20260826_234751_518463.json,results/alice_realchannel_run_seed54_20260826_234751_711539.json,final_key,0.3,1,0.0158311345646438
0.0,0.3,0.0,0.0,55,results/bob_realchannel_run_tp0.0_fk0.3_rp0.0_vd0.0_seed55_20260826_234754_416639.json,379,35,2608,34,34,True,0,False,,0.7991042137145996,{},asymptotic,True,,13,results/bob_realchannel_run_tp0.0_fk0.3_rp0.0_vd0.0_seed55_20260826_234754_416639.json,results/alice_realchannel_run_seed55_20260826_234754_468951.json,final_key,0.3,1,0.0158311345646438
0.0,0.3,0.0,0.0,56,results/bob_realchannel_run_tp0.0_fk0.3_rp0.0_vd0.0_seed56_20260826_234756_906087.json,379,35,2608,34,34,True,0,False,,0.9142293930053711,{},asymptotic,True,,14,results/bob_realchannel_run_tp0.0_fk0.3_rp0.0_vd0.0_seed56_20260826_234756_906087.json,results/alice_realchannel_run_seed56_20260826_234757_125154.json,final_key,0.3,1,0.0158311345646438
0.0,0.3,0.0,0.0,57,results/bob_realchannel_run_tp0.0_fk0.3_rp0.0_vd0.0_seed57_20260826_234759_783248.json,379,35,2608,34,34,True,0,False,,2.820493698120117,{},asymptotic,True,,15,results/bob_realchannel_run_tp0.0_fk0.3_rp0.0_vd0.0_seed57_20260826_234759_783248.json,results/alice_realchannel_run_seed57_20260826_234759_814280.json,final_key,0.3,1,0.0158311345646438
0.0,0.3,0.0,0.0,58,results/bob_realchannel_run_tp0.0_fk0.3_rp0.0_vd0.0_seed58_20260826_234804_285139.json,379,35,2608,34,34,True,0,False,,0.7903735637664795,{'final_key': 1},asymptotic,False,,16,results/bob_realchannel_run_tp0.0_fk0.3_rp0.0_vd0.0_seed58_20260826_234804_285139.json,results/alice_realchannel_run_seed58_20260826_234804_333851.json,final_key,0.3,1,0.0158311345646438
0.0,0.3,0.0,0.0,59,results/bob_realchannel_run_tp0.0_fk0.3_rp0.0_vd0.0_seed59_20260826_234806_766859.json,379,35,2608,34,34,True,0,False,,0.7885305881500244,{'final_key': 1},asymptotic,False,,17,results/bob_realchannel_run_tp0.0_fk0.3_rp0.0_vd0.0_seed59_20260826_234806_766859.json,results/alice_realchannel_run_seed59_20260826_234806_813644.json,final_key,0.3,1,0.0158311345646438
0.0,0.3,0.0,0.0,60,results/bob_realchannel_run_tp0.0_fk0.3_rp0.0_vd0.0_seed60_20260826_234809_235235.json,379,35,2608,34,34,True,0,False,,1.2047715187072754,{},asymptotic,True,,18,results/bob_realchannel_run_tp0.0_fk0.3_rp0.0_vd0.0_seed60_20260826_234809_235235.json,results/alice_realchannel_run_seed60_20260826_234809_285429.json,final_key,0.3,1,0.0158311345646438
0.0,0.3,0.0,0.0,61,results/bob_realchannel_run_tp0.0_fk0.3_rp0.0_vd0.0_seed61_20260826_234812_260692.json,379,35,2608,34,34,True,0,False,,2.894911527633667,{'final_key': 1},asymptotic,False,,19,results/bob_realchannel_run_tp0.0_fk0.3_rp0.0_vd0.0_seed61_20260826_234812_260692.json,results/alice_realchannel_run_seed61_20260826_234812_207083.json,final_key,0.3,1,0.0158311345646438
0.0,0.1,0.0,0.0,42,results/bob_realchannel_run_tp0.0_fk0.1_rp0.0_vd0.0_seed42_20260826_234816_851964.json,379,35,2608,34,34,True,0,False,,2.9039387702941895,{},asymptotic,True,,0,results/bob_realchannel_run_tp0.0_fk0.1_rp0.0_vd0.0_seed42_20260826_234816_851964.json,results/alice_realchannel_run_seed42_20260826_234816_884559.json,final_key,0.1,1,0.0158311345646438
0.0,0.1,0.0,0.0,43,results/bob_realchannel_run_tp0.0_fk0.1_rp0.0_vd0.0_seed43_20260826_234821_436808.json,379,35,2608,34,34,True,0,False,,1.1309592723846436,{},asymptotic,True,,1,results/bob_realchannel_run_tp0.0_fk0.1_rp0.0_vd0.0_seed43_20260826_234821_436808.json,results/alice_realchannel_run_seed43_20260826_234821_489356.json,final_key,0.1,1,0.0158311345646438
0.0,0.1,0.0,0.0,44,results/bob_realchannel_run_tp0.0_fk0.1_rp0.0_vd0.0_seed44_20260826_234824_244893.json,379,35,2608,34,34,True,0,False,,1.207075595855713,{'final_key': 1},asymptotic,False,,2,results/bob_realchannel_run_tp0.0_fk0.1_rp0.0_vd0.0_seed44_20260826_234824_244893.json,results/alice_realchannel_run_seed44_20260826_234824_292543.json,final_key,0.1,1,0.0158311345646438
0.0,0.1,0.0,0.0,45,results/bob_realchannel_run_tp0.0_fk0.1_rp0.0_vd0.0_seed45_20260826_234827_135363.json,379,35,2608,34,34,True,0,False,,0.8168401718139648,{},asymptotic,True,,3,results/bob_realchannel_run_tp0.0_fk0.1_rp0.0_vd0.0_seed45_20260826_234827_135363.json,results/alice_realchannel_run_seed45_20260826_234827_180685.json,final_key,0.1,1,0.0158311345646438
0.0,0.1,0.0,0.0,46,results/bob_realchannel_run_tp0.0_fk0.1_rp0.0_vd0.0_seed46_20260826_234829_630144.json,379,35,2608,34,34,True,0,False,,0.821652889251709,{},asymptotic,True,,4,results/bob_realchannel_run_tp0.0_fk0.1_rp0.0_vd0.0_seed46_20260826_234829_630144.json,results/alice_realchannel_run_seed46_20260826_234829_677579.json,final_key,0.1,1,0.0158311345646438
0.0,0.1,0.0,0.0,47,results/bob_realchannel_run_tp0.0_fk0.1_rp0.0_vd0.0_seed47_20260826_234832_129797.json,379,35,2608,34,34,True,0,False,,0.7944028377532959,{},asymptotic,True,,5,results/bob_realchannel_run_tp0.0_fk0.1_rp0.0_vd0.0_seed47_20260826_234832_129797.json,results/alice_realchannel_run_seed47_20260826_234832_169541.json,final_key,0.1,1,0.0158311345646438
0.0,0.1,0.0,0.0,48,results/bob_realchannel_run_tp0.0_fk0.1_rp0.0_vd0.0_seed48_20260826_234834_599826.json,379,35,2608,34,34,True,0,False,,0.8199551105499268,{},asymptotic,True,,6,results/bob_realchannel_run_tp0.0_fk0.1_rp0.0_vd0.0_seed48_20260826_234834_599826.json,results/alice_realchannel_run_seed48_20260826_234834_650146.json,final_key,0.1,1,0.0158311345646438
0.0,0.1,0.0,0.0,49,results/bob_realchannel_run_tp0.0_fk0.1_rp0.0_vd0.0_seed49_20260826_234837_093940.json,379,35,2608,34,34,True,0,False,,0.741750955581665,{},asymptotic,True,,7,results/bob_realchannel_run_tp0.0_fk0.1_rp0.0_vd0.0_seed49_20260826_234837_093940.json,results/alice_realchannel_run_seed49_20260826_234837_134654.json,final_key,0.1,1,0.0158311345646438
0.0,0.1,0.0,0.0,50,results/bob_realchannel_run_tp0.0_fk0.1_rp0.0_vd0.0_seed50_20260826_234839_518149.json,379,35,2608,34,34,True,0,False,,0.7493534088134766,{},asymptotic,True,,8,results/bob_realchannel_run_tp0.0_fk0.1_rp0.0_vd0.0_seed50_20260826_234839_518149.json,results/alice_realchannel_run_seed50_20260826_234839_570243.json,final_key,0.1,1,0.0158311345646438
0.0,0.1,0.0,0.0,51,results/bob_realchannel_run_tp0.0_fk0.1_rp0.0_vd0.0_seed51_20260826_234841_940941.json,379,35,2608,34,34,True,0,False,,0.8991756439208984,{},asymptotic,True,,9,results/bob_realchannel_run_tp0.0_fk0.1_rp0.0_vd0.0_seed51_20260826_234841_940941.json,results/alice_realchannel_run_seed51_20260826_234841_993583.json,final_key,0.1,1,0.0158311345646438
0.0,0.1,0.0,0.0,52,results/bob_realchannel_run_tp0.0_fk0.1_rp0.0_vd0.0_seed52_20260826_234844_508238.json,379,35,2608,34,34,True,0,False,,1.2155966758728027,{'final_key': 1},asymptotic,False,,10,results/bob_realchannel_run_tp0.0_fk0.1_rp0.0_vd0.0_seed52_20260826_234844_508238.json,results/alice_realchannel_run_seed52_20260826_234844_562815.json,final_key,0.1,1,0.0158311345646438
0.0,0.1,0.0,0.0,53,results/bob_realchannel_run_tp0.0_fk0.1_rp0.0_vd0.0_seed53_20260826_234847_397625.json,379,35,2608,34,34,True,0,False,,0.8981139659881592,{},asymptotic,True,,11,results/bob_realchannel_run_tp0.0_fk0.1_rp0.0_vd0.0_seed53_20260826_234847_397625.json,results/alice_realchannel_run_seed53_20260826_234847_452797.json,final_key,0.1,1,0.0158311345646438
0.0,0.1,0.0,0.0,54,results/bob_realchannel_run_tp0.0_fk0.1_rp0.0_vd0.0_seed54_20260826_234849_983756.json,379,35,2608,34,34,True,0,False,,2.80824613571167,{},asymptotic,True,,12,results/bob_realchannel_run_tp0.0_fk0.1_rp0.0_vd0.0_seed54_20260826_234849_983756.json,results/alice_realchannel_run_seed54_20260826_234850_021001.json,final_key,0.1,1,0.0158311345646438
0.0,0.1,0.0,0.0,55,results/bob_realchannel_run_tp0.0_fk0.1_rp0.0_vd0.0_seed55_20260826_234854_458014.json,379,35,2608,34,34,True,0,False,,0.8055033683776855,{},asymptotic,True,,13,results/bob_realchannel_run_tp0.0_fk0.1_rp0.0_vd0.0_seed55_20260826_234854_458014.json,results/alice_realchannel_run_seed55_20260826_234854_511798.json,final_key,0.1,1,0.0158311345646438
0.0,0.1,0.0,0.0,56,results/bob_realchannel_run_tp0.0_fk0.1_rp0.0_vd0.0_seed56_20260826_234856_939351.json,379,35,2608,34,34,True,0,False,,0.7486236095428467,{},asymptotic,True,,14,results/bob_realchannel_run_tp0.0_fk0.1_rp0.0_vd0.0_seed56_20260826_234856_939351.json,results/alice_realchannel_run_seed56_20260826_234856_988679.json,final_key,0.1,1,0.0158311345646438
0.0,0.1,0.0,0.0,57,results/bob_realchannel_run_tp0.0_fk0.1_rp0.0_vd0.0_seed57_20260826_234859_375224.json,379,35,2608,34,34,True,0,False,,0.8127927780151367,{},asymptotic,True,,15,results/bob_realchannel_run_tp0.0_fk0.1_rp0.0_vd0.0_seed57_20260826_234859_375224.json,results/alice_realchannel_run_seed57_20260826_234859_421904.json,final_key,0.1,1,0.0158311345646438
0.0,0.1,0.0,0.0,58,results/bob_realchannel_run_tp0.0_fk0.1_rp0.0_vd0.0_seed58_20260826_234901_866806.json,379,35,2608,34,34,True,0,False,,1.1892144680023193,{'final_key': 1},asymptotic,False,,16,results/bob_realchannel_run_tp0.0_fk0.1_rp0.0_vd0.0_seed58_20260826_234901_866806.json,results/alice_realchannel_run_seed58_20260826_234901_919062.json,final_key,0.1,1,0.0158311345646438
0.0,0.1,0.0,0.0,59,results/bob_realchannel_run_tp0.0_fk0.1_rp0.0_vd0.0_seed59_20260826_234904_730576.json,379,35,2608,34,34,True,0,False,,0.7937817573547363,{},asymptotic,True,,17,results/bob_realchannel_run_tp0.0_fk0.1_rp0.0_vd0.0_seed59_20260826_234904_730576.json,results/alice_realchannel_run_seed59_20260826_234904_780801.json,final_key,0.1,1,0.0158311345646438
0.0,0.1,0.0,0.0,60,results/bob_realchannel_run_tp0.0_fk0.1_rp0.0_vd0.0_seed60_20260826_234907_211792.json,379,35,2608,34,34,True,0,False,,1.1997675895690918,{},asymptotic,True,,18,results/bob_realchannel_run_tp0.0_fk0.1_rp0.0_vd0.0_seed60_20260826_234907_211792.json,results/alice_realchannel_run_seed60_20260826_234907_251867.json,final_key,0.1,1,0.0158311345646438
0.0,0.1,0.0,0.0,61,results/bob_realchannel_run_tp0.0_fk0.1_rp0.0_vd0.0_seed61_20260826_234910_087658.json,379,35,2608,34,34,True,0,False,,1.3842997550964355,{},asymptotic,True,,19,results/bob_realchannel_run_tp0.0_fk0.1_rp0.0_vd0.0_seed61_20260826_234910_087658.json,results/alice_realchannel_run_seed61_20260826_234910_143369.json,final_key,0.1,1,0.0158311345646438
0.0,0.05,0.0,0.0,42,results/bob_realchannel_run_tp0.0_fk0.05_rp0.0_vd0.0_seed42_20260826_234913_184571.json,379,35,2608,34,34,True,0,False,,2.8955721855163574,{},asymptotic,True,,0,results/bob_realchannel_run_tp0.0_fk0.05_rp0.0_vd0.0_seed42_20260826_234913_184571.json,results/alice_realchannel_run_seed42_20260826_234913_204067.json,final_key,0.05,1,0.0158311345646438
0.0,0.05,0.0,0.0,43,results/bob_realchannel_run_tp0.0_fk0.05_rp0.0_vd0.0_seed43_20260826_234917_753734.json,379,35,2608,34,34,True,0,False,,1.1344163417816162,{},asymptotic,True,,1,results/bob_realchannel_run_tp0.0_fk0.05_rp0.0_vd0.0_seed43_20260826_234917_753734.json,results/alice_realchannel_run_seed43_20260826_234917_805777.json,final_key,0.05,1,0.0158311345646438
0.0,0.05,0.0,0.0,44,results/bob_realchannel_run_tp0.0_fk0.05_rp0.0_vd0.0_seed44_20260826_234920_565170.json,379,35,2608,34,34,True,0,False,,0.8468434810638428,{'final_key': 1},asymptotic,False,,2,results/bob_realchannel_run_tp0.0_fk0.05_rp0.0_vd0.0_seed44_20260826_234920_565170.json,results/alice_realchannel_run_seed44_20260826_234920_643321.json,final_key,0.05,1,0.0158311345646438
0.0,0.05,0.0,0.0,45,results/bob_realchannel_run_tp0.0_fk0.05_rp0.0_vd0.0_seed45_20260826_234923_155472.json,379,35,2608,34,34,True,0,False,,0.8248670101165771,{},asymptotic,True,,3,results/bob_realchannel_run_tp0.0_fk0.05_rp0.0_vd0.0_seed45_20260826_234923_155472.json,results/alice_realchannel_run_seed45_20260826_234923_208672.json,final_key,0.05,1,0.0158311345646438
0.0,0.05,0.0,0.0,46,results/bob_realchannel_run_tp0.0_fk0.05_rp0.0_vd0.0_seed46_20260826_234925_659772.json,379,35,2608,34,34,True,0,False,,0.8799386024475098,{},asymptotic,True,,4,results/bob_realchannel_run_tp0.0_fk0.05_rp0.0_vd0.0_seed46_20260826_234925_659772.json,results/alice_realchannel_run_seed46_20260826_234925_765641.json,final_key,0.05,1,0.0158311345646438
0.0,0.05,0.0,0.0,47,results/bob_realchannel_run_tp0.0_fk0.05_rp0.0_vd0.0_seed47_20260826_234928_294559.json,379,35,2608,34,34,True,0,False,,1.2496957778930664,{},asymptotic,True,,5,results/bob_realchannel_run_tp0.0_fk0.05_rp0.0_vd0.0_seed47_20260826_234928_294559.json,results/alice_realchannel_run_seed47_20260826_234928_397261.json,final_key,0.05,1,0.0158311345646438
0.0,0.05,0.0,0.0,48,results/bob_realchannel_run_tp0.0_fk0.05_rp0.0_vd0.0_seed48_20260826_234931_289711.json,379,35,2608,34,34,True,0,False,,1.2262392044067383,{},asymptotic,True,,6,results/bob_realchannel_run_tp0.0_fk0.05_rp0.0_vd0.0_seed48_20260826_234931_289711.json,results/alice_realchannel_run_seed48_20260826_234931_355483.json,final_key,0.05,1,0.0158311345646438
0.0,0.05,0.0,0.0,49,results/bob_realchannel_run_tp0.0_fk0.05_rp0.0_vd0.0_seed49_20260826_234934_178797.json,379,35,2608,34,34,True,0,False,,0.7611179351806641,{},asymptotic,True,,7,results/bob_realchannel_run_tp0.0_fk0.05_rp0.0_vd0.0_seed49_20260826_234934_178797.json,results/alice_realchannel_run_seed49_20260826_234934_241698.json,final_key,0.05,1,0.0158311345646438
0.0,0.05,0.0,0.0,50,results/bob_realchannel_run_tp0.0_fk0.05_rp0.0_vd0.0_seed50_20260826_234936_621848.json,379,35,2608,34,34,True,0,False,,1.1305906772613525,{},asymptotic,True,,8,results/bob_realchannel_run_tp0.0_fk0.05_rp0.0_vd0.0_seed50_20260826_234936_621848.json,results/alice_realchannel_run_seed50_20260826_234936_667884.json,final_key,0.05,1,0.0158311345646438
0.0,0.05,0.0,0.0,51,results/bob_realchannel_run_tp0.0_fk0.05_rp0.0_vd0.0_seed51_20260826_234939_425612.json,379,35,2608,34,34,True,0,False,,0.902122974395752,{},asymptotic,True,,9,results/bob_realchannel_run_tp0.0_fk0.05_rp0.0_vd0.0_seed51_20260826_234939_425612.json,results/alice_realchannel_run_seed51_20260826_234939_474907.json,final_key,0.05,1,0.0158311345646438
0.0,0.05,0.0,0.0,52,results/bob_realchannel_run_tp0.0_fk0.05_rp0.0_vd0.0_seed52_20260826_234941_998255.json,379,35,2608,34,34,True,0,False,,0.8378641605377197,{},asymptotic,True,,10,results/bob_realchannel_run_tp0.0_fk0.05_rp0.0_vd0.0_seed52_20260826_234941_998255.json,results/alice_realchannel_run_seed52_20260826_234942_058895.json,final_key,0.05,1,0.0158311345646438
0.0,0.05,0.0,0.0,53,results/bob_realchannel_run_tp0.0_fk0.05_rp0.0_vd0.0_seed53_20260826_234944_522857.json,379,35,2608,34,34,True,0,False,,1.2774136066436768,{},asymptotic,True,,11,results/bob_realchannel_run_tp0.0_fk0.05_rp0.0_vd0.0_seed53_20260826_234944_522857.json,results/alice_realchannel_run_seed53_20260826_234944_564015.json,final_key,0.05,1,0.0158311345646438
0.0,0.05,0.0,0.0,54,results/bob_realchannel_run_tp0.0_fk0.05_rp0.0_vd0.0_seed54_20260826_234947_529939.json,379,35,2608,34,34,True,0,False,,3.1580944061279297,{},asymptotic,True,,12,results/bob_realchannel_run_tp0.0_fk0.05_rp0.0_vd0.0_seed54_20260826_234947_529939.json,results/alice_realchannel_run_seed54_20260826_234947_527114.json,final_key,0.05,1,0.0158311345646438
0.0,0.05,0.0,0.0,55,results/bob_realchannel_run_tp0.0_fk0.05_rp0.0_vd0.0_seed55_20260826_234952_359642.json,379,35,2608,34,34,True,0,False,,0.8599002361297607,{},asymptotic,True,,13,results/bob_realchannel_run_tp0.0_fk0.05_rp0.0_vd0.0_seed55_20260826_234952_359642.json,results/alice_realchannel_run_seed55_20260826_234952_476583.json,final_key,0.05,1,0.0158311345646438
0.0,0.05,0.0,0.0,56,results/bob_realchannel_run_tp0.0_fk0.05_rp0.0_vd0.0_seed56_20260826_234955_006431.json,379,35,2608,34,34,True,0,False,,1.1631460189819336,{},asymptotic,True,,14,results/bob_realchannel_run_tp0.0_fk0.05_rp0.0_vd0.0_seed56_20260826_234955_006431.json,results/alice_realchannel_run_seed56_20260826_234955_080293.json,final_key,0.05,1,0.0158311345646438
0.0,0.05,0.0,0.0,57,results/bob_realchannel_run_tp0.0_fk0.05_rp0.0_vd0.0_seed57_20260826_234957_916554.json,379,35,2608,34,34,True,0,False,,0.891362190246582,{},asymptotic,True,,15,results/bob_realchannel_run_tp0.0_fk0.05_rp0.0_vd0.0_seed57_20260826_234957_916554.json,results/alice_realchannel_run_seed57_20260826_234958_034639.json,final_key,0.05,1,0.0158311345646438
0.0,0.05,0.0,0.0,58,results/bob_realchannel_run_tp0.0_fk0.05_rp0.0_vd0.0_seed58_20260826_235000_573702.json,379,35,2608,34,34,True,0,False,,0.8341512680053711,{},asymptotic,True,,16,results/bob_realchannel_run_tp0.0_fk0.05_rp0.0_vd0.0_seed58_20260826_235000_573702.json,results/alice_realchannel_run_seed58_20260826_235000_654576.json,final_key,0.05,1,0.0158311345646438
0.0,0.05,0.0,0.0,59,results/bob_realchannel_run_tp0.0_fk0.05_rp0.0_vd0.0_seed59_20260826_235003_093385.json,379,35,2608,34,34,True,0,False,,0.802436113357544,{},asymptotic,True,,17,results/bob_realchannel_run_tp0.0_fk0.05_rp0.0_vd0.0_seed59_20260826_235003_093385.json,results/alice_realchannel_run_seed59_20260826_235003_149072.json,final_key,0.05,1,0.0158311345646438
0.0,0.05,0.0,0.0,60,results/bob_realchannel_run_tp0.0_fk0.05_rp0.0_vd0.0_seed60_20260826_235005_592513.json,379,35,2608,34,34,True,0,False,,2.9191691875457764,{},asymptotic,True,,18,results/bob_realchannel_run_tp0.0_fk0.05_rp0.0_vd0.0_seed60_20260826_235005_592513.json,results/alice_realchannel_run_seed60_20260826_235005_626652.json,final_key,0.05,1,0.0158311345646438
0.0,0.05,0.0,0.0,61,results/bob_realchannel_run_tp0.0_fk0.05_rp0.0_vd0.0_seed61_20260826_235010_174189.json,379,35,2608,34,34,True,0,False,,1.0020408630371094,{},asymptotic,True,,19,results/bob_realchannel_run_tp0.0_fk0.05_rp0.0_vd0.0_seed61_20260826_235010_174189.json,results/alice_realchannel_run_seed61_20260826_235010_239118.json,final_key,0.05,1,0.0158311345646438
0.0,0.03,0.0,0.0,42,results/bob_realchannel_run_tp0.0_fk0.03_rp0.0_vd0.0_seed42_20260826_235012_877240.json,379,35,2608,34,34,True,0,False,,2.8994197845458984,{},asymptotic,True,,0,results/bob_realchannel_run_tp0.0_fk0.03_rp0.0_vd0.0_seed42_20260826_235012_877240.json,results/alice_realchannel_run_seed42_20260826_235012_900015.json,final_key,0.03,1,0.0158311345646438
0.0,0.03,0.0,0.0,43,results/bob_realchannel_run_tp0.0_fk0.03_rp0.0_vd0.0_seed43_20260826_235017_605350.json,379,35,2608,34,34,True,0,False,,2.6142780780792236,{},asymptotic,True,,1,results/bob_realchannel_run_tp0.0_fk0.03_rp0.0_vd0.0_seed43_20260826_235017_605350.json,results/alice_realchannel_run_seed43_20260826_235017_506853.json,final_key,0.03,1,0.0158311345646438
0.0,0.03,0.0,0.0,44,results/bob_realchannel_run_tp0.0_fk0.03_rp0.0_vd0.0_seed44_20260826_235021_996908.json,379,35,2608,34,34,True,0,False,,0.8189041614532471,{},asymptotic,True,,2,results/bob_realchannel_run_tp0.0_fk0.03_rp0.0_vd0.0_seed44_20260826_235021_996908.json,results/alice_realchannel_run_seed44_20260826_235022_045761.json,final_key,0.03,1,0.0158311345646438
0.0,0.03,0.0,0.0,45,results/bob_realchannel_run_tp0.0_fk0.03_rp0.0_vd0.0_seed45_20260826_235024_565642.json,379,35,2608,34,34,True,0,False,,0.8501856327056885,{},asymptotic,True,,3,results/bob_realchannel_run_tp0.0_fk0.03_rp0.0_vd0.0_seed45_20260826_235024_565642.json,results/alice_realchannel_run_seed45_20260826_235024_646305.json,final_key,0.03,1,0.0158311345646438
0.0,0.03,0.0,0.0,46,results/bob_realchannel_run_tp0.0_fk0.03_rp0.0_vd0.0_seed46_20260826_235027_173882.json,379,35,2608,34,34,True,0,False,,0.8784980773925781,{},asymptotic,True,,4,results/bob_realchannel_run_tp0.0_fk0.03_rp0.0_vd0.0_seed46_20260826_235027_173882.json,results/alice_realchannel_run_seed46_20260826_235027_272824.json,final_key,0.03,1,0.0158311345646438
0.0,0.03,0.0,0.0,47,results/bob_realchannel_run_tp0.0_fk0.03_rp0.0_vd0.0_seed47_20260826_235029_829761.json,379,35,2608,34,34,True,0,False,,2.8147518634796143,{},asymptotic,True,,5,results/bob_realchannel_run_tp0.0_fk0.03_rp0.0_vd0.0_seed47_20260826_235029_829761.json,results/alice_realchannel_run_seed47_20260826_235029_865131.json,final_key,0.03,1,0.0158311345646438
0.0,0.03,0.0,0.0,48,results/bob_realchannel_run_tp0.0_fk0.03_rp0.0_vd0.0_seed48_20260826_235034_335984.json,379,35,2608,34,34,True,0,False,,0.8119032382965088,{},asymptotic,True,,6,results/bob_realchannel_run_tp0.0_fk0.03_rp0.0_vd0.0_seed48_20260826_235034_335984.json,results/alice_realchannel_run_seed48_20260826_235034_375446.json,final_key,0.03,1,0.0158311345646438
0.0,0.03,0.0,0.0,49,results/bob_realchannel_run_tp0.0_fk0.03_rp0.0_vd0.0_seed49_20260826_235036_836551.json,379,35,2608,34,34,True,0,False,,0.7754073143005371,{},asymptotic,True,,7,results/bob_realchannel_run_tp0.0_fk0.03_rp0.0_vd0.0_seed49_20260826_235036_836551.json,results/alice_realchannel_run_seed49_20260826_235036_914228.json,final_key,0.03,1,0.0158311345646438
0.0,0.03,0.0,0.0,50,results/bob_realchannel_run_tp0.0_fk0.03_rp0.0_vd0.0_seed50_20260826_235039_363327.json,379,35,2608,34,34,True,0,False,,0.8133172988891602,{},asymptotic,True,,8,results/bob_realchannel_run_tp0.0_fk0.03_rp0.0_vd0.0_seed50_20260826_235039_363327.json,results/alice_realchannel_run_seed50_20260826_235039_479577.json,final_key,0.03,1,0.0158311345646438
0.0,0.03,0.0,0.0,51,results/bob_realchannel_run_tp0.0_fk0.03_rp0.0_vd0.0_seed51_20260826_235041_960678.json,379,35,2608,34,34,True,0,False,,0.911571741104126,{},asymptotic,True,,9,results/bob_realchannel_run_tp0.0_fk0.03_rp0.0_vd0.0_seed51_20260826_235041_960678.json,results/alice_realchannel_run_seed51_20260826_235042_027828.json,final_key,0.03,1,0.0158311345646438
0.0,0.03,0.0,0.0,52,results/bob_realchannel_run_tp0.0_fk0.03_rp0.0_vd0.0_seed52_20260826_235044_654176.json,379,35,2608,34,34,True,0,False,,0.8094758987426758,{},asymptotic,True,,10,results/bob_realchannel_run_tp0.0_fk0.03_rp0.0_vd0.0_seed52_20260826_235044_654176.json,results/alice_realchannel_run_seed52_20260826_235044_693014.json,final_key,0.03,1,0.0158311345646438
0.0,0.03,0.0,0.0,53,results/bob_realchannel_run_tp0.0_fk0.03_rp0.0_vd0.0_seed53_20260826_235047_136504.json,379,35,2608,34,34,True,0,False,,0.9435887336730957,{},asymptotic,True,,11,results/bob_realchannel_run_tp0.0_fk0.03_rp0.0_vd0.0_seed53_20260826_235047_136504.json,results/alice_realchannel_run_seed53_20260826_235047_233423.json,final_key,0.03,1,0.0158311345646438
0.0,0.03,0.0,0.0,54,results/bob_realchannel_run_tp0.0_fk0.03_rp0.0_vd0.0_seed54_20260826_235049_828052.json,379,35,2608,34,34,True,0,False,,0.800220251083374,{},asymptotic,True,,12,results/bob_realchannel_run_tp0.0_fk0.03_rp0.0_vd0.0_seed54_20260826_235049_828052.json,results/alice_realchannel_run_seed54_20260826_235049_870371.json,final_key,0.03,1,0.0158311345646438
0.0,0.03,0.0,0.0,55,results/bob_realchannel_run_tp0.0_fk0.03_rp0.0_vd0.0_seed55_20260826_235052_323125.json,379,35,2608,34,34,True,0,False,,0.7965061664581299,{},asymptotic,True,,13,results/bob_realchannel_run_tp0.0_fk0.03_rp0.0_vd0.0_seed55_20260826_235052_323125.json,results/alice_realchannel_run_seed55_20260826_235052_374485.json,final_key,0.03,1,0.0158311345646438
0.0,0.03,0.0,0.0,56,results/bob_realchannel_run_tp0.0_fk0.03_rp0.0_vd0.0_seed56_20260826_235054_823425.json,379,35,2608,34,34,True,0,False,,0.7405030727386475,{},asymptotic,True,,14,results/bob_realchannel_run_tp0.0_fk0.03_rp0.0_vd0.0_seed56_20260826_235054_823425.json,results/alice_realchannel_run_seed56_20260826_235054_868274.json,final_key,0.03,1,0.0158311345646438
0.0,0.03,0.0,0.0,57,results/bob_realchannel_run_tp0.0_fk0.03_rp0.0_vd0.0_seed57_20260826_235057_301311.json,379,35,2608,34,34,True,0,False,,3.1865971088409424,{},asymptotic,True,,15,results/bob_realchannel_run_tp0.0_fk0.03_rp0.0_vd0.0_seed57_20260826_235057_301311.json,results/alice_realchannel_run_seed57_20260826_235057_308814.json,final_key,0.03,1,0.0158311345646438
0.0,0.03,0.0,0.0,58,results/bob_realchannel_run_tp0.0_fk0.03_rp0.0_vd0.0_seed58_20260826_235102_201638.json,379,35,2608,34,34,True,0,False,,0.7946183681488037,{},asymptotic,True,,16,results/bob_realchannel_run_tp0.0_fk0.03_rp0.0_vd0.0_seed58_20260826_235102_201638.json,results/alice_realchannel_run_seed58_20260826_235102_249351.json,final_key,0.03,1,0.0158311345646438
0.0,0.03,0.0,0.0,59,results/bob_realchannel_run_tp0.0_fk0.03_rp0.0_vd0.0_seed59_20260826_235104_676876.json,379,35,2608,34,34,True,0,False,,0.7948386669158936,{},asymptotic,True,,17,results/bob_realchannel_run_tp0.0_fk0.03_rp0.0_vd0.0_seed59_20260826_235104_676876.json,results/alice_realchannel_run_seed59_20260826_235104_718737.json,final_key,0.03,1,0.0158311345646438
0.0,0.03,0.0,0.0,60,results/bob_realchannel_run_tp0.0_fk0.03_rp0.0_vd0.0_seed60_20260826_235107_167532.json,379,35,2608,34,34,True,0,False,,3.2082300186157227,{},asymptotic,True,,18,results/bob_realchannel_run_tp0.0_fk0.03_rp0.0_vd0.0_seed60_20260826_235107_167532.json,results/alice_realchannel_run_seed60_20260826_235107_200831.json,final_key,0.03,1,0.0158311345646438
0.0,0.03,0.0,0.0,61,results/bob_realchannel_run_tp0.0_fk0.03_rp0.0_vd0.0_seed61_20260826_235112_082534.json,379,35,2608,34,34,True,0,False,,2.985105276107788,{},asymptotic,True,,19,results/bob_realchannel_run_tp0.0_fk0.03_rp0.0_vd0.0_seed61_20260826_235112_082534.json,results/alice_realchannel_run_seed61_20260826_235112_120183.json,final_key,0.03,1,0.0158311345646438
0.0,0.01,0.0,0.0,42,results/bob_realchannel_run_tp0.0_fk0.01_rp0.0_vd0.0_seed42_20260826_235116_767022.json,379,35,2608,34,34,True,0,False,,3.30120587348938,{},asymptotic,True,,0,results/bob_realchannel_run_tp0.0_fk0.01_rp0.0_vd0.0_seed42_20260826_235116_767022.json,results/alice_realchannel_run_seed42_20260826_235116_804209.json,final_key,0.01,1,0.0158311345646438
0.0,0.01,0.0,0.0,43,results/bob_realchannel_run_tp0.0_fk0.01_rp0.0_vd0.0_seed43_20260826_235121_750963.json,379,35,2608,34,34,True,0,False,,0.7806055545806885,{},asymptotic,True,,1,results/bob_realchannel_run_tp0.0_fk0.01_rp0.0_vd0.0_seed43_20260826_235121_750963.json,results/alice_realchannel_run_seed43_20260826_235121_841191.json,final_key,0.01,1,0.0158311345646438
0.0,0.01,0.0,0.0,44,results/bob_realchannel_run_tp0.0_fk0.01_rp0.0_vd0.0_seed44_20260826_235124_287148.json,379,35,2608,34,34,True,0,False,,1.2046587467193604,{},asymptotic,True,,2,results/bob_realchannel_run_tp0.0_fk0.01_rp0.0_vd0.0_seed44_20260826_235124_287148.json,results/alice_realchannel_run_seed44_20260826_235124_332939.json,final_key,0.01,1,0.0158311345646438
0.0,0.01,0.0,0.0,45,results/bob_realchannel_run_tp0.0_fk0.01_rp0.0_vd0.0_seed45_20260826_235127_318380.json,379,35,2608,34,34,True,0,False,,3.117368459701538,{},asymptotic,True,,3,results/bob_realchannel_run_tp0.0_fk0.01_rp0.0_vd0.0_seed45_20260826_235127_318380.json,results/alice_realchannel_run_seed45_20260826_235127_258317.json,final_key,0.01,1,0.0158311345646438
0.0,0.01,0.0,0.0,46,results/bob_realchannel_run_tp0.0_fk0.01_rp0.0_vd0.0_seed46_20260826_235132_189788.json,379,35,2608,34,34,True,0,False,,2.822338819503784,{},asymptotic,True,,4,results/bob_realchannel_run_tp0.0_fk0.01_rp0.0_vd0.0_seed46_20260826_235132_189788.json,results/alice_realchannel_run_seed46_20260826_235132_227896.json,final_key,0.01,1,0.0158311345646438
0.0,0.01,0.0,0.0,47,results/bob_realchannel_run_tp0.0_fk0.01_rp0.0_vd0.0_seed47_20260826_235136_696848.json,379,35,2608,34,34,True,0,False,,0.811093807220459,{},asymptotic,True,,5,results/bob_realchannel_run_tp0.0_fk0.01_rp0.0_vd0.0_seed47_20260826_235136_696848.json,results/alice_realchannel_run_seed47_20260826_235136_743190.json,final_key,0.01,1,0.0158311345646438
0.0,0.01,0.0,0.0,48,results/bob_realchannel_run_tp0.0_fk0.01_rp0.0_vd0.0_seed48_20260826_235139_187983.json,379,35,2608,34,34,True,0,False,,0.820080041885376,{},asymptotic,True,,6,results/bob_realchannel_run_tp0.0_fk0.01_rp0.0_vd0.0_seed48_20260826_235139_187983.json,results/alice_realchannel_run_seed48_20260826_235139_234568.json,final_key,0.01,1,0.0158311345646438
0.0,0.01,0.0,0.0,49,results/bob_realchannel_run_tp0.0_fk0.01_rp0.0_vd0.0_seed49_20260826_235141_684018.json,379,35,2608,34,34,True,0,False,,0.7441089153289795,{},asymptotic,True,,7,results/bob_realchannel_run_tp0.0_fk0.01_rp0.0_vd0.0_seed49_20260826_235141_684018.json,results/alice_realchannel_run_seed49_20260826_235141_733933.json,final_key,0.01,1,0.0158311345646438
0.0,0.01,0.0,0.0,50,results/bob_realchannel_run_tp0.0_fk0.01_rp0.0_vd0.0_seed50_20260826_235144_100378.json,379,35,2608,34,34,True,0,False,,0.7594707012176514,{},asymptotic,True,,8,results/bob_realchannel_run_tp0.0_fk0.01_rp0.0_vd0.0_seed50_20260826_235144_100378.json,results/alice_realchannel_run_seed50_20260826_235144_164907.json,final_key,0.01,1,0.0158311345646438
0.0,0.01,0.0,0.0,51,results/bob_realchannel_run_tp0.0_fk0.01_rp0.0_vd0.0_seed51_20260826_235146_536677.json,379,35,2608,34,34,True,0,False,,1.3349108695983887,{},asymptotic,True,,9,results/bob_realchannel_run_tp0.0_fk0.01_rp0.0_vd0.0_seed51_20260826_235146_536677.json,results/alice_realchannel_run_seed51_20260826_235146_639519.json,final_key,0.01,1,0.0158311345646438
0.0,0.01,0.0,0.0,52,results/bob_realchannel_run_tp0.0_fk0.01_rp0.0_vd0.0_seed52_20260826_235149_620593.json,379,35,2608,34,34,True,0,False,,1.2237706184387207,{},asymptotic,True,,10,results/bob_realchannel_run_tp0.0_fk0.01_rp0.0_vd0.0_seed52_20260826_235149_620593.json,results/alice_realchannel_run_seed52_20260826_235149_686383.json,final_key,0.01,1,0.0158311345646438
0.0,0.01,0.0,0.0,53,results/bob_realchannel_run_tp0.0_fk0.01_rp0.0_vd0.0_seed53_20260826_235152_594674.json,379,35,2608,34,34,True,0,False,,0.9090521335601807,{},asymptotic,True,,11,results/bob_realchannel_run_tp0.0_fk0.01_rp0.0_vd0.0_seed53_20260826_235152_594674.json,results/alice_realchannel_run_seed53_20260826_235152_657814.json,final_key,0.01,1,0.0158311345646438
0.0,0.01,0.0,0.0,54,results/bob_realchannel_run_tp0.0_fk0.01_rp0.0_vd0.0_seed54_20260826_235155_277901.json,379,35,2608,34,34,True,0,False,,0.8659217357635498,{},asymptotic,True,,12,results/bob_realchannel_run_tp0.0_fk0.01_rp0.0_vd0.0_seed54_20260826_235155_277901.json,results/alice_realchannel_run_seed54_20260826_235155_377879.json,final_key,0.01,1,0.0158311345646438
0.0,0.01,0.0,0.0,55,results/bob_realchannel_run_tp0.0_fk0.01_rp0.0_vd0.0_seed55_20260826_235157_919990.json,379,35,2608,34,34,True,0,False,,0.8438091278076172,{},asymptotic,True,,13,results/bob_realchannel_run_tp0.0_fk0.01_rp0.0_vd0.0_seed55_20260826_235157_919990.json,results/alice_realchannel_run_seed55_20260826_235158_020948.json,final_key,0.01,1,0.0158311345646438
0.0,0.01,0.0,0.0,56,results/bob_realchannel_run_tp0.0_fk0.01_rp0.0_vd0.0_seed56_20260826_235200_528653.json,379,35,2608,34,34,True,0,False,,0.7749855518341064,{},asymptotic,True,,14,results/bob_realchannel_run_tp0.0_fk0.01_rp0.0_vd0.0_seed56_20260826_235200_528653.json,results/alice_realchannel_run_seed56_20260826_235200_609409.json,final_key,0.01,1,0.0158311345646438
0.0,0.01,0.0,0.0,57,results/bob_realchannel_run_tp0.0_fk0.01_rp0.0_vd0.0_seed57_20260826_235203_053480.json,379,35,2608,34,34,True,0,False,,0.8888750076293945,{},asymptotic,True,,15,results/bob_realchannel_run_tp0.0_fk0.01_rp0.0_vd0.0_seed57_20260826_235203_053480.json,results/alice_realchannel_run_seed57_20260826_235203_153730.json,final_key,0.01,1,0.0158311345646438
0.0,0.01,0.0,0.0,58,results/bob_realchannel_run_tp0.0_fk0.01_rp0.0_vd0.0_seed58_20260826_235205_684828.json,379,35,2608,34,34,True,0,False,,0.8148477077484131,{},asymptotic,True,,16,results/bob_realchannel_run_tp0.0_fk0.01_rp0.0_vd0.0_seed58_20260826_235205_684828.json,results/alice_realchannel_run_seed58_20260826_235205_754070.json,final_key,0.01,1,0.0158311345646438
0.0,0.01,0.0,0.0,59,results/bob_realchannel_run_tp0.0_fk0.01_rp0.0_vd0.0_seed59_20260826_235208_164549.json,379,35,2608,34,34,True,0,False,,0.8071532249450684,{},asymptotic,True,,17,results/bob_realchannel_run_tp0.0_fk0.01_rp0.0_vd0.0_seed59_20260826_235208_164549.json,results/alice_realchannel_run_seed59_20260826_235208_228672.json,final_key,0.01,1,0.0158311345646438
0.0,0.01,0.0,0.0,60,results/bob_realchannel_run_tp0.0_fk0.01_rp0.0_vd0.0_seed60_20260826_235210_736524.json,379,35,2608,34,34,True,0,False,,1.2033162117004395,{},asymptotic,True,,18,results/bob_realchannel_run_tp0.0_fk0.01_rp0.0_vd0.0_seed60_20260826_235210_736524.json,results/alice_realchannel_run_seed60_20260826_235210_779116.json,final_key,0.01,1,0.0158311345646438
0.0,0.01,0.0,0.0,61,results/bob_realchannel_run_tp0.0_fk0.01_rp0.0_vd0.0_seed61_20260826_235213_609686.json,379,35,2608,34,34,True,0,False,,1.0420420169830322,{},asymptotic,True,,19,results/bob_realchannel_run_tp0.0_fk0.01_rp0.0_vd0.0_seed61_20260826_235213_609686.json,results/alice_realchannel_run_seed61_20260826_235213_720370.json,final_key,0.01,1,0.0158311345646438
0.0,0.003,0.0,0.0,42,results/bob_realchannel_run_tp0.0_fk0.003_rp0.0_vd0.0_seed42_20260826_235216_400372.json,379,35,2608,34,34,True,0,False,,0.951589822769165,{},asymptotic,True,,0,results/bob_realchannel_run_tp0.0_fk0.003_rp0.0_vd0.0_seed42_20260826_235216_400372.json,results/alice_realchannel_run_seed42_20260826_235216_496403.json,final_key,0.003,1,0.0158311345646438
0.0,0.003,0.0,0.0,43,results/bob_realchannel_run_tp0.0_fk0.003_rp0.0_vd0.0_seed43_20260826_235219_117046.json,379,35,2608,34,34,True,0,False,,0.7787649631500244,{},asymptotic,True,,1,results/bob_realchannel_run_tp0.0_fk0.003_rp0.0_vd0.0_seed43_20260826_235219_117046.json,results/alice_realchannel_run_seed43_20260826_235219_195742.json,final_key,0.003,1,0.0158311345646438
0.0,0.003,0.0,0.0,44,results/bob_realchannel_run_tp0.0_fk0.003_rp0.0_vd0.0_seed44_20260826_235221_832075.json,379,35,2608,34,34,True,0,False,,2.711815595626831,{},asymptotic,True,,2,results/bob_realchannel_run_tp0.0_fk0.003_rp0.0_vd0.0_seed44_20260826_235221_832075.json,results/alice_realchannel_run_seed44_20260826_235221_760245.json,final_key,0.003,1,0.0158311345646438
0.0,0.003,0.0,0.0,45,results/bob_realchannel_run_tp0.0_fk0.003_rp0.0_vd0.0_seed45_20260826_235226_334326.json,379,35,2608,34,34,True,0,False,,0.8376328945159912,{},asymptotic,True,,3,results/bob_realchannel_run_tp0.0_fk0.003_rp0.0_vd0.0_seed45_20260826_235226_334326.json,results/alice_realchannel_run_seed45_20260826_235226_400200.json,final_key,0.003,1,0.0158311345646438
0.0,0.003,0.0,0.0,46,results/bob_realchannel_run_tp0.0_fk0.003_rp0.0_vd0.0_seed46_20260826_235228_935540.json,379,35,2608,34,34,True,0,False,,0.852588415145874,{},asymptotic,True,,4,results/bob_realchannel_run_tp0.0_fk0.003_rp0.0_vd0.0_seed46_20260826_235228_935540.json,results/alice_realchannel_run_seed46_20260826_235229_018023.json,final_key,0.003,1,0.0158311345646438
0.0,0.003,0.0,0.0,47,results/bob_realchannel_run_tp0.0_fk0.003_rp0.0_vd0.0_seed47_20260826_235231_555086.json,379,35,2608,34,34,True,0,False,,0.8286371231079102,{},asymptotic,True,,5,results/bob_realchannel_run_tp0.0_fk0.003_rp0.0_vd0.0_seed47_20260826_235231_555086.json,results/alice_realchannel_run_seed47_20260826_235231_626009.json,final_key,0.003,1,0.0158311345646438
0.0,0.003,0.0,0.0,48,results/bob_realchannel_run_tp0.0_fk0.003_rp0.0_vd0.0_seed48_20260826_235234_150615.json,379,35,2608,34,34,True,0,False,,0.8450794219970703,{},asymptotic,True,,6,results/bob_realchannel_run_tp0.0_fk0.003_rp0.0_vd0.0_seed48_20260826_235234_150615.json,results/alice_realchannel_run_seed48_20260826_235234_223655.json,final_key,0.003,1,0.0158311345646438
0.0,0.003,0.0,0.0,49,results/bob_realchannel_run_tp0.0_fk0.003_rp0.0_vd0.0_seed49_20260826_235236_751139.json,379,35,2608,34,34,True,0,False,,0.7812693119049072,{},asymptotic,True,,7,results/bob_realchannel_run_tp0.0_fk0.003_rp0.0_vd0.0_seed49_20260826_235236_751139.json,results/alice_realchannel_run_seed49_20260826_235236_836293.json,final_key,0.003,1,0.0158311345646438
0.0,0.003,0.0,0.0,50,results/bob_realchannel_run_tp0.0_fk0.003_rp0.0_vd0.0_seed50_20260826_235239_316962.json,379,35,2608,34,34,True,0,False,,1.1676886081695557,{},asymptotic,True,,8,results/bob_realchannel_run_tp0.0_fk0.003_rp0.0_vd0.0_seed50_20260826_235239_316962.json,results/alice_realchannel_run_seed50_20260826_235239_400029.json,final_key,0.003,1,0.0158311345646438
0.0,0.003,0.0,0.0,51,results/bob_realchannel_run_tp0.0_fk0.003_rp0.0_vd0.0_seed51_20260826_235242_253247.json,379,35,2608,34,34,True,0,False,,0.8983948230743408,{},asymptotic,True,,9,results/bob_realchannel_run_tp0.0_fk0.003_rp0.0_vd0.0_seed51_20260826_235242_253247.json,results/alice_realchannel_run_seed51_20260826_235242_301372.json,final_key,0.003,1,0.0158311345646438
0.0,0.003,0.0,0.0,52,results/bob_realchannel_run_tp0.0_fk0.003_rp0.0_vd0.0_seed52_20260826_235244_828501.json,379,35,2608,34,34,True,0,False,,0.8314166069030762,{},asymptotic,True,,10,results/bob_realchannel_run_tp0.0_fk0.003_rp0.0_vd0.0_seed52_20260826_235244_828501.json,results/alice_realchannel_run_seed52_20260826_235244_888060.json,final_key,0.003,1,0.0158311345646438
0.0,0.003,0.0,0.0,53,results/bob_realchannel_run_tp0.0_fk0.003_rp0.0_vd0.0_seed53_20260826_235247_330827.json,379,35,2608,34,34,True,0,False,,0.9531950950622559,{},asymptotic,True,,11,results/bob_realchannel_run_tp0.0_fk0.003_rp0.0_vd0.0_seed53_20260826_235247_330827.json,results/alice_realchannel_run_seed53_20260826_235247_442289.json,final_key,0.003,1,0.0158311345646438
0.0,0.003,0.0,0.0,54,results/bob_realchannel_run_tp0.0_fk0.003_rp0.0_vd0.0_seed54_20260826_235250_037443.json,379,35,2608,34,34,True,0,False,,0.8181440830230713,{},asymptotic,True,,12,results/bob_realchannel_run_tp0.0_fk0.003_rp0.0_vd0.0_seed54_20260826_235250_037443.json,results/alice_realchannel_run_seed54_20260826_235250_096001.json,final_key,0.003,1,0.0158311345646438
0.0,0.003,0.0,0.0,55,results/bob_realchannel_run_tp0.0_fk0.003_rp0.0_vd0.0_seed55_20260826_235252_529722.json,379,35,2608,34,34,True,0,False,,0.81463623046875,{},asymptotic,True,,13,results/bob_realchannel_run_tp0.0_fk0.003_rp0.0_vd0.0_seed55_20260826_235252_529722.json,results/alice_realchannel_run_seed55_20260826_235252_595447.json,final_key,0.003,1,0.0158311345646438
0.0,0.003,0.0,0.0,56,results/bob_realchannel_run_tp0.0_fk0.003_rp0.0_vd0.0_seed56_20260826_235255_016920.json,379,35,2608,34,34,True,0,False,,1.1347594261169434,{},asymptotic,True,,14,results/bob_realchannel_run_tp0.0_fk0.003_rp0.0_vd0.0_seed56_20260826_235255_016920.json,results/alice_realchannel_run_seed56_20260826_235255_070286.json,final_key,0.003,1,0.0158311345646438
0.0,0.003,0.0,0.0,57,results/bob_realchannel_run_tp0.0_fk0.003_rp0.0_vd0.0_seed57_20260826_235257_875425.json,379,35,2608,34,34,True,0,False,,2.788485527038574,{},asymptotic,True,,15,results/bob_realchannel_run_tp0.0_fk0.003_rp0.0_vd0.0_seed57_20260826_235257_875425.json,results/alice_realchannel_run_seed57_20260826_235257_880076.json,final_key,0.003,1,0.0158311345646438
0.0,0.003,0.0,0.0,58,results/bob_realchannel_run_tp0.0_fk0.003_rp0.0_vd0.0_seed58_20260826_235302_371496.json,379,35,2608,34,34,True,0,False,,2.788163423538208,{},asymptotic,True,,16,results/bob_realchannel_run_tp0.0_fk0.003_rp0.0_vd0.0_seed58_20260826_235302_371496.json,results/alice_realchannel_run_seed58_20260826_235302_392997.json,final_key,0.003,1,0.0158311345646438
0.0,0.003,0.0,0.0,59,results/bob_realchannel_run_tp0.0_fk0.003_rp0.0_vd0.0_seed59_20260826_235306_847117.json,379,35,2608,34,34,True,0,False,,0.7968659400939941,{},asymptotic,True,,17,results/bob_realchannel_run_tp0.0_fk0.003_rp0.0_vd0.0_seed59_20260826_235306_847117.json,results/alice_realchannel_run_seed59_20260826_235306_899810.json,final_key,0.003,1,0.0158311345646438
0.0,0.003,0.0,0.0,60,results/bob_realchannel_run_tp0.0_fk0.003_rp0.0_vd0.0_seed60_20260826_235309_335571.json,379,35,2608,34,34,True,0,False,,1.2049672603607178,{},asymptotic,True,,18,results/bob_realchannel_run_tp0.0_fk0.003_rp0.0_vd0.0_seed60_20260826_235309_335571.json,results/alice_realchannel_run_seed60_20260826_235309_375520.json,final_key,0.003,1,0.0158311345646438
0.0,0.003,0.0,0.0,61,results/bob_realchannel_run_tp0.0_fk0.003_rp0.0_vd0.0_seed61_20260826_235312_215805.json,379,35,2608,34,34,True,0,False,,1.000143051147461,{},asymptotic,True,,19,results/bob_realchannel_run_tp0.0_fk0.003_rp0.0_vd0.0_seed61_20260826_235312_215805.json,results/alice_realchannel_run_seed61_20260826_235312_282418.json,final_key,0.003,1,0.0158311345646438
0.0,0.001,0.0,0.0,42,results/bob_realchannel_run_tp0.0_fk0.001_rp0.0_vd0.0_seed42_20260826_235314_902778.json,379,35,2608,34,34,True,0,False,,0.9091284275054932,{},asymptotic,True,,0,results/bob_realchannel_run_tp0.0_fk0.001_rp0.0_vd0.0_seed42_20260826_235314_902778.json,results/alice_realchannel_run_seed42_20260826_235314_955160.json,final_key,0.001,1,0.0158311345646438
0.0,0.001,0.0,0.0,43,results/bob_realchannel_run_tp0.0_fk0.001_rp0.0_vd0.0_seed43_20260826_235317_493694.json,379,35,2608,34,34,True,0,False,,0.7698631286621094,{},asymptotic,True,,1,results/bob_realchannel_run_tp0.0_fk0.001_rp0.0_vd0.0_seed43_20260826_235317_493694.json,results/alice_realchannel_run_seed43_20260826_235317_566577.json,final_key,0.001,1,0.0158311345646438
0.0,0.001,0.0,0.0,44,results/bob_realchannel_run_tp0.0_fk0.001_rp0.0_vd0.0_seed44_20260826_235320_014736.json,379,35,2608,34,34,True,0,False,,0.8368737697601318,{},asymptotic,True,,2,results/bob_realchannel_run_tp0.0_fk0.001_rp0.0_vd0.0_seed44_20260826_235320_014736.json,results/alice_realchannel_run_seed44_20260826_235320_082948.json,final_key,0.001,1,0.0158311345646438
0.0,0.001,0.0,0.0,45,results/bob_realchannel_run_tp0.0_fk0.001_rp0.0_vd0.0_seed45_20260826_235322_631694.json,379,35,2608,34,34,True,0,False,,1.2280778884887695,{},asymptotic,True,,3,results/bob_realchannel_run_tp0.0_fk0.001_rp0.0_vd0.0_seed45_20260826_235322_631694.json,results/alice_realchannel_run_seed45_20260826_235322_704180.json,final_key,0.001,1,0.0158311345646438
0.0,0.001,0.0,0.0,46,results/bob_realchannel_run_tp0.0_fk0.001_rp0.0_vd0.0_seed46_20260826_235325_602062.json,379,35,2608,34,34,True,0,False,,0.8574862480163574,{},asymptotic,True,,4,results/bob_realchannel_run_tp0.0_fk0.001_rp0.0_vd0.0_seed46_20260826_235325_602062.json,results/alice_realchannel_run_seed46_20260826_235325_688635.json,final_key,0.001,1,0.0158311345646438
0.0,0.001,0.0,0.0,47,results/bob_realchannel_run_tp0.0_fk0.001_rp0.0_vd0.0_seed47_20260826_235328_255416.json,379,35,2608,34,34,True,0,False,,1.3808462619781494,{},asymptotic,True,,5,results/bob_realchannel_run_tp0.0_fk0.001_rp0.0_vd0.0_seed47_20260826_235328_255416.json,results/alice_realchannel_run_seed47_20260826_235328_487507.json,final_key,0.001,1,0.0158311345646438
0.0,0.001,0.0,0.0,48,results/bob_realchannel_run_tp0.0_fk0.001_rp0.0_vd0.0_seed48_20260826_235331_577057.json,379,35,2608,34,34,True,0,False,,0.8507726192474365,{},asymptotic,True,,6,results/bob_realchannel_run_tp0.0_fk0.001_rp0.0_vd0.0_seed48_20260826_235331_577057.json,results/alice_realchannel_run_seed48_20260826_235331_655811.json,final_key,0.001,1,0.0158311345646438
0.0,0.001,0.0,0.0,49,results/bob_realchannel_run_tp0.0_fk0.001_rp0.0_vd0.0_seed49_20260826_235334_169137.json,379,35,2608,34,34,True,0,False,,1.319185733795166,{},asymptotic,True,,7,results/bob_realchannel_run_tp0.0_fk0.001_rp0.0_vd0.0_seed49_20260826_235334_169137.json,results/alice_realchannel_run_seed49_20260826_235334_402489.json,final_key,0.001,1,0.0158311345646438
0.0,0.001,0.0,0.0,50,results/bob_realchannel_run_tp0.0_fk0.001_rp0.0_vd0.0_seed50_20260826_235337_358747.json,379,35,2608,34,34,True,0,False,,0.8168995380401611,{},asymptotic,True,,8,results/bob_realchannel_run_tp0.0_fk0.001_rp0.0_vd0.0_seed50_20260826_235337_358747.json,results/alice_realchannel_run_seed50_20260826_235337_474543.json,final_key,0.001,1,0.0158311345646438
0.0,0.001,0.0,0.0,51,results/bob_realchannel_run_tp0.0_fk0.001_rp0.0_vd0.0_seed51_20260826_235339_940249.json,379,35,2608,34,34,True,0,False,,0.912172794342041,{},asymptotic,True,,9,results/bob_realchannel_run_tp0.0_fk0.001_rp0.0_vd0.0_seed51_20260826_235339_940249.json,results/alice_realchannel_run_seed51_20260826_235340_005876.json,final_key,0.001,1,0.0158311345646438
0.0,0.001,0.0,0.0,52,results/bob_realchannel_run_tp0.0_fk0.001_rp0.0_vd0.0_seed52_20260826_235342_527264.json,379,35,2608,34,34,True,0,False,,1.2168769836425781,{},asymptotic,True,,10,results/bob_realchannel_run_tp0.0_fk0.001_rp0.0_vd0.0_seed52_20260826_235342_527264.json,results/alice_realchannel_run_seed52_20260826_235342_583267.json,final_key,0.001,1,0.0158311345646438
0.0,0.001,0.0,0.0,53,results/bob_realchannel_run_tp0.0_fk0.001_rp0.0_vd0.0_seed53_20260826_235345_402926.json,379,35,2608,34,34,True,0,False,,0.9646639823913574,{},asymptotic,True,,11,results/bob_realchannel_run_tp0.0_fk0.001_rp0.0_vd0.0_seed53_20260826_235345_402926.json,results/alice_realchannel_run_seed53_20260826_235345_523803.json,final_key,0.001,1,0.0158311345646438
0.0,0.001,0.0,0.0,54,results/bob_realchannel_run_tp0.0_fk0.001_rp0.0_vd0.0_seed54_20260826_235348_126717.json,379,35,2608,34,34,True,0,False,,0.8530993461608887,{},asymptotic,True,,12,results/bob_realchannel_run_tp0.0_fk0.001_rp0.0_vd0.0_seed54_20260826_235348_126717.json,results/alice_realchannel_run_seed54_20260826_235348_216352.json,final_key,0.001,1,0.0158311345646438
0.0,0.001,0.0,0.0,55,results/bob_realchannel_run_tp0.0_fk0.001_rp0.0_vd0.0_seed55_20260826_235350_714105.json,379,35,2608,34,34,True,0,False,,0.8496460914611816,{},asymptotic,True,,13,results/bob_realchannel_run_tp0.0_fk0.001_rp0.0_vd0.0_seed55_20260826_235350_714105.json,results/alice_realchannel_run_seed55_20260826_235350_818703.json,final_key,0.001,1,0.0158311345646438
0.0,0.001,0.0,0.0,56,results/bob_realchannel_run_tp0.0_fk0.001_rp0.0_vd0.0_seed56_20260826_235353_320095.json,379,35,2608,34,34,True,0,False,,0.7799749374389648,{},asymptotic,True,,14,results/bob_realchannel_run_tp0.0_fk0.001_rp0.0_vd0.0_seed56_20260826_235353_320095.json,results/alice_realchannel_run_seed56_20260826_235353_406240.json,final_key,0.001,1,0.0158311345646438
0.0,0.001,0.0,0.0,57,results/bob_realchannel_run_tp0.0_fk0.001_rp0.0_vd0.0_seed57_20260826_235355_833786.json,379,35,2608,34,34,True,0,False,,1.2377755641937256,{},asymptotic,True,,15,results/bob_realchannel_run_tp0.0_fk0.001_rp0.0_vd0.0_seed57_20260826_235355_833786.json,results/alice_realchannel_run_seed57_20260826_235355_911570.json,final_key,0.001,1,0.0158311345646438
0.0,0.001,0.0,0.0,58,results/bob_realchannel_run_tp0.0_fk0.001_rp0.0_vd0.0_seed58_20260826_235358_745188.json,379,35,2608,34,34,True,0,False,,0.83846116065979,{},asymptotic,True,,16,results/bob_realchannel_run_tp0.0_fk0.001_rp0.0_vd0.0_seed58_20260826_235358_745188.json,results/alice_realchannel_run_seed58_20260826_235358_834998.json,final_key,0.001,1,0.0158311345646438
0.0,0.001,0.0,0.0,59,results/bob_realchannel_run_tp0.0_fk0.001_rp0.0_vd0.0_seed59_20260826_235401_415834.json,379,35,2608,34,34,True,0,False,,2.7640182971954346,{},asymptotic,True,,17,results/bob_realchannel_run_tp0.0_fk0.001_rp0.0_vd0.0_seed59_20260826_235401_415834.json,results/alice_realchannel_run_seed59_20260826_235401_422342.json,final_key,0.001,1,0.0158311345646438
0.0,0.001,0.0,0.0,60,results/bob_realchannel_run_tp0.0_fk0.001_rp0.0_vd0.0_seed60_20260826_235405_910205.json,379,35,2608,34,34,True,0,False,,0.8215415477752686,{},asymptotic,True,,18,results/bob_realchannel_run_tp0.0_fk0.001_rp0.0_vd0.0_seed60_20260826_235405_910205.json,results/alice_realchannel_run_seed60_20260826_235405_956955.json,final_key,0.001,1,0.0158311345646438
0.0,0.001,0.0,0.0,61,results/bob_realchannel_run_tp0.0_fk0.001_rp0.0_vd0.0_seed61_20260826_235408_532851.json,379,35,2608,34,34,True,0,False,,2.9195284843444824,{},asymptotic,True,,19,results/bob_realchannel_run_tp0.0_fk0.001_rp0.0_vd0.0_seed61_20260826_235408_532851.json,results/alice_realchannel_run_seed61_20260826_235408_548207.json,final_key,0.001,1,0.0158311345646438
0.0,0.5,0.0,0.0,42,results/bob_realchannel_run_tp0.0_fk0.5_rp0.0_vd0.0_seed42_20260828_192007_550149.json,374,37,1642,34,34,True,0,False,,5.657511949539185,{},placeholder,True,,0,results/bob_realchannel_run_tp0.0_fk0.5_rp0.0_vd0.0_seed42_20260828_192007_550149.json,results/alice_realchannel_run_seed42_20260828_192007_657631.json,final_key,0.5,2,0.0026737967914438
0.0,0.5,0.0,0.0,43,results/bob_realchannel_run_tp0.0_fk0.5_rp0.0_vd0.0_seed43_20260828_192014_658457.json,374,37,1642,34,34,True,0,False,,5.393301725387573,{'final_key': 1},placeholder,False,,1,results/bob_realchannel_run_tp0.0_fk0.5_rp0.0_vd0.0_seed43_20260828_192014_658457.json,results/alice_realchannel_run_seed43_20260828_192014_768490.json,final_key,0.5,2,0.0026737967914438
0.0,0.5,0.0,0.0,44,results/bob_realchannel_run_tp0.0_fk0.5_rp0.0_vd0.0_seed44_20260828_192021_469542.json,374,37,1642,34,34,True,0,False,,5.199028730392456,{'final_key': 1},placeholder,False,,2,results/bob_realchannel_run_tp0.0_fk0.5_rp0.0_vd0.0_seed44_20260828_192021_469542.json,results/alice_realchannel_run_seed44_20260828_192021_589131.json,final_key,0.5,2,0.0026737967914438
0.0,0.5,0.0,0.0,45,results/bob_realchannel_run_tp0.0_fk0.5_rp0.0_vd0.0_seed45_20260828_192028_129833.json,374,37,1642,34,34,True,0,False,,5.6858110427856445,{},placeholder,True,,3,results/bob_realchannel_run_tp0.0_fk0.5_rp0.0_vd0.0_seed45_20260828_192028_129833.json,results/alice_realchannel_run_seed45_20260828_192028_204260.json,final_key,0.5,2,0.0026737967914438
0.0,0.5,0.0,0.0,46,results/bob_realchannel_run_tp0.0_fk0.5_rp0.0_vd0.0_seed46_20260828_192035_264199.json,374,37,1642,34,34,True,0,False,,4.431415557861328,{'final_key': 1},placeholder,False,,4,results/bob_realchannel_run_tp0.0_fk0.5_rp0.0_vd0.0_seed46_20260828_192035_264199.json,results/alice_realchannel_run_seed46_20260828_192035_374567.json,final_key,0.5,2,0.0026737967914438
0.0,0.5,0.0,0.0,47,results/bob_realchannel_run_tp0.0_fk0.5_rp0.0_vd0.0_seed47_20260828_192041_320167.json,374,37,1642,34,34,True,0,False,,5.856006145477295,{},placeholder,True,,5,results/bob_realchannel_run_tp0.0_fk0.5_rp0.0_vd0.0_seed47_20260828_192041_320167.json,results/alice_realchannel_run_seed47_20260828_192041_327973.json,final_key,0.5,2,0.0026737967914438
0.0,0.5,0.0,0.0,48,results/bob_realchannel_run_tp0.0_fk0.5_rp0.0_vd0.0_seed48_20260828_192048_635278.json,374,37,1642,34,34,True,0,False,,5.67281436920166,{'final_key': 1},placeholder,False,,6,results/bob_realchannel_run_tp0.0_fk0.5_rp0.0_vd0.0_seed48_20260828_192048_635278.json,results/alice_realchannel_run_seed48_20260828_192048_729252.json,final_key,0.5,2,0.0026737967914438
0.0,0.5,0.0,0.0,49,results/bob_realchannel_run_tp0.0_fk0.5_rp0.0_vd0.0_seed49_20260828_192055_754634.json,374,35,1642,34,34,False,2,False,,5.741657733917236,{},placeholder,False,,7,results/bob_realchannel_run_tp0.0_fk0.5_rp0.0_vd0.0_seed49_20260828_192055_754634.json,results/alice_realchannel_run_seed49_20260828_192055_850436.json,final_key,0.5,2,0.0026737967914438
0.0,0.5,0.0,0.0,50,results/bob_realchannel_run_tp0.0_fk0.5_rp0.0_vd0.0_seed50_20260828_192103_028533.json,374,37,1642,34,34,True,0,False,,5.319216728210449,{'final_key': 1},placeholder,False,,8,results/bob_realchannel_run_tp0.0_fk0.5_rp0.0_vd0.0_seed50_20260828_192103_028533.json,results/alice_realchannel_run_seed50_20260828_192103_038534.json,final_key,0.5,2,0.0026737967914438
0.0,0.5,0.0,0.0,51,results/bob_realchannel_run_tp0.0_fk0.5_rp0.0_vd0.0_seed51_20260828_192109_799660.json,374,37,1642,34,34,True,0,False,,5.816052436828613,{'final_key': 1},placeholder,False,,9,results/bob_realchannel_run_tp0.0_fk0.5_rp0.0_vd0.0_seed51_20260828_192109_799660.json,results/alice_realchannel_run_seed51_20260828_192109_898241.json,final_key,0.5,2,0.0026737967914438
0.0,0.5,0.0,0.0,52,results/bob_realchannel_run_tp0.0_fk0.5_rp0.0_vd0.0_seed52_20260828_192117_123518.json,374,37,1642,34,34,True,0,False,,5.623926639556885,{},placeholder,True,,10,results/bob_realchannel_run_tp0.0_fk0.5_rp0.0_vd0.0_seed52_20260828_192117_123518.json,results/alice_realchannel_run_seed52_20260828_192117_167494.json,final_key,0.5,2,0.0026737967914438
0.0,0.5,0.0,0.0,53,results/bob_realchannel_run_tp0.0_fk0.5_rp0.0_vd0.0_seed53_20260828_192124_235550.json,374,25,1642,34,34,False,12,False,,5.0040504932403564,{},placeholder,False,,11,results/bob_realchannel_run_tp0.0_fk0.5_rp0.0_vd0.0_seed53_20260828_192124_235550.json,results/alice_realchannel_run_seed53_20260828_192124_292259.json,final_key,0.5,2,0.0026737967914438
0.0,0.5,0.0,0.0,54,results/bob_realchannel_run_tp0.0_fk0.5_rp0.0_vd0.0_seed54_20260828_192130_757220.json,374,37,1642,34,34,True,0,False,,5.036720514297485,{},placeholder,True,,12,results/bob_realchannel_run_tp0.0_fk0.5_rp0.0_vd0.0_seed54_20260828_192130_757220.json,results/alice_realchannel_run_seed54_20260828_192130_788911.json,final_key,0.5,2,0.0026737967914438
0.0,0.5,0.0,0.0,55,results/bob_realchannel_run_tp0.0_fk0.5_rp0.0_vd0.0_seed55_20260828_192137_407610.json,374,37,1642,34,34,True,0,False,,4.964137554168701,{},placeholder,True,,13,results/bob_realchannel_run_tp0.0_fk0.5_rp0.0_vd0.0_seed55_20260828_192137_407610.json,results/alice_realchannel_run_seed55_20260828_192137_421541.json,final_key,0.5,2,0.0026737967914438
0.0,0.5,0.0,0.0,56,results/bob_realchannel_run_tp0.0_fk0.5_rp0.0_vd0.0_seed56_20260828_192143_882788.json,374,37,1642,34,34,True,0,False,,4.725219249725342,{'final_key': 1},placeholder,False,,14,results/bob_realchannel_run_tp0.0_fk0.5_rp0.0_vd0.0_seed56_20260828_192143_882788.json,results/alice_realchannel_run_seed56_20260828_192144_028349.json,final_key,0.5,2,0.0026737967914438
0.0,0.5,0.0,0.0,57,results/bob_realchannel_run_tp0.0_fk0.5_rp0.0_vd0.0_seed57_20260828_192150_188133.json,374,37,1642,34,34,True,0,False,,5.756012201309204,{},placeholder,True,,15,results/bob_realchannel_run_tp0.0_fk0.5_rp0.0_vd0.0_seed57_20260828_192150_188133.json,results/alice_realchannel_run_seed57_20260828_192150_243726.json,final_key,0.5,2,0.0026737967914438
0.0,0.5,0.0,0.0,58,results/bob_realchannel_run_tp0.0_fk0.5_rp0.0_vd0.0_seed58_20260828_192157_539085.json,374,37,1642,34,34,True,0,False,,5.588936805725098,{'final_key': 1},placeholder,False,,16,results/bob_realchannel_run_tp0.0_fk0.5_rp0.0_vd0.0_seed58_20260828_192157_539085.json,results/alice_realchannel_run_seed58_20260828_192157_546307.json,final_key,0.5,2,0.0026737967914438
0.0,0.5,0.0,0.0,59,results/bob_realchannel_run_tp0.0_fk0.5_rp0.0_vd0.0_seed59_20260828_192204_704155.json,374,37,1642,34,34,True,0,False,,4.91412878036499,{},placeholder,True,,17,results/bob_realchannel_run_tp0.0_fk0.5_rp0.0_vd0.0_seed59_20260828_192204_704155.json,results/alice_realchannel_run_seed59_20260828_192204_783404.json,final_key,0.5,2,0.0026737967914438
0.0,0.5,0.0,0.0,60,results/bob_realchannel_run_tp0.0_fk0.5_rp0.0_vd0.0_seed60_20260828_192211_142204.json,374,37,1642,34,34,True,0,False,,5.9818596839904785,{'final_key': 1},placeholder,False,,18,results/bob_realchannel_run_tp0.0_fk0.5_rp0.0_vd0.0_seed60_20260828_192211_142204.json,results/alice_realchannel_run_seed60_20260828_192211_265475.json,final_key,0.5,2,0.0026737967914438
0.0,0.5,0.0,0.0,61,results/bob_realchannel_run_tp0.0_fk0.5_rp0.0_vd0.0_seed61_20260828_192218_770939.json,374,37,1642,34,34,True,0,False,,5.67292594909668,{},placeholder,True,,19,results/bob_realchannel_run_tp0.0_fk0.5_rp0.0_vd0.0_seed61_20260828_192218_770939.json,results/alice_realchannel_run_seed61_20260828_192218_687864.json,final_key,0.5,2,0.0026737967914438
0.0,0.3,0.0,0.0,42,results/bob_realchannel_run_tp0.0_fk0.3_rp0.0_vd0.0_seed42_20260828_192225_970094.json,374,37,1642,34,34,True,0,False,,5.665922164916992,{},placeholder,True,,0,results/bob_realchannel_run_tp0.0_fk0.3_rp0.0_vd0.0_seed42_20260828_192225_970094.json,results/alice_realchannel_run_seed42_20260828_192226_074282.json,final_key,0.3,2,0.0026737967914438
0.0,0.3,0.0,0.0,43,results/bob_realchannel_run_tp0.0_fk0.3_rp0.0_vd0.0_seed43_20260828_192233_113188.json,374,37,1642,34,34,True,0,False,,5.399287939071655,{},placeholder,True,,1,results/bob_realchannel_run_tp0.0_fk0.3_rp0.0_vd0.0_seed43_20260828_192233_113188.json,results/alice_realchannel_run_seed43_20260828_192233_210757.json,final_key,0.3,2,0.0026737967914438
0.0,0.3,0.0,0.0,44,results/bob_realchannel_run_tp0.0_fk0.3_rp0.0_vd0.0_seed44_20260828_192239_946745.json,374,37,1642,34,34,True,0,False,,5.177120208740234,{'final_key': 1},placeholder,False,,2,results/bob_realchannel_run_tp0.0_fk0.3_rp0.0_vd0.0_seed44_20260828_192239_946745.json,results/alice_realchannel_run_seed44_20260828_192240_043818.json,final_key,0.3,2,0.0026737967914438
0.0,0.3,0.0,0.0,45,results/bob_realchannel_run_tp0.0_fk0.3_rp0.0_vd0.0_seed45_20260828_192246_540004.json,374,37,1642,34,34,True,0,False,,5.735917091369629,{},placeholder,True,,3,results/bob_realchannel_run_tp0.0_fk0.3_rp0.0_vd0.0_seed45_20260828_192246_540004.json,results/alice_realchannel_run_seed45_20260828_192246_657647.json,final_key,0.3,2,0.0026737967914438
0.0,0.3,0.0,0.0,46,results/bob_realchannel_run_tp0.0_fk0.3_rp0.0_vd0.0_seed46_20260828_192253_708581.json,374,37,1642,34,34,True,0,False,,5.339372396469116,{'final_key': 1},placeholder,False,,4,results/bob_realchannel_run_tp0.0_fk0.3_rp0.0_vd0.0_seed46_20260828_192253_708581.json,results/alice_realchannel_run_seed46_20260828_192253_816375.json,final_key,0.3,2,0.0026737967914438
0.0,0.3,0.0,0.0,47,results/bob_realchannel_run_tp0.0_fk0.3_rp0.0_vd0.0_seed47_20260828_192300_513305.json,374,37,1642,34,34,True,0,False,,5.958493947982788,{},placeholder,True,,5,results/bob_realchannel_run_tp0.0_fk0.3_rp0.0_vd0.0_seed47_20260828_192300_513305.json,results/alice_realchannel_run_seed47_20260828_192300_625542.json,final_key,0.3,2,0.0026737967914438
0.0,0.3,0.0,0.0,48,results/bob_realchannel_run_tp0.0_fk0.3_rp0.0_vd0.0_seed48_20260828_192308_008401.json,374,37,1642,34,34,True,0,False,,5.672019958496094,{'final_key': 1},placeholder,False,,6,results/bob_realchannel_run_tp0.0_fk0.3_rp0.0_vd0.0_seed48_20260828_192308_008401.json,results/alice_realchannel_run_seed48_20260828_192308_105708.json,final_key,0.3,2,0.0026737967914438
0.0,0.3,0.0,0.0,49,results/bob_realchannel_run_tp0.0_fk0.3_rp0.0_vd0.0_seed49_20260828_192315_130173.json,374,35,1642,34,34,False,2,False,,3.781832456588745,{},placeholder,False,,7,results/bob_realchannel_run_tp0.0_fk0.3_rp0.0_vd0.0_seed49_20260828_192315_130173.json,results/alice_realchannel_run_seed49_20260828_192315_286959.json,final_key,0.3,2,0.0026737967914438
0.0,0.3,0.0,0.0,50,results/bob_realchannel_run_tp0.0_fk0.3_rp0.0_vd0.0_seed50_20260828_192320_411508.json,374,37,1642,34,34,True,0,False,,5.372466087341309,{'final_key': 1},placeholder,False,,8,results/bob_realchannel_run_tp0.0_fk0.3_rp0.0_vd0.0_seed50_20260828_192320_411508.json,results/alice_realchannel_run_seed50_20260828_192320_473143.json,final_key,0.3,2,0.0026737967914438
0.0,0.3,0.0,0.0,51,results/bob_realchannel_run_tp0.0_fk0.3_rp0.0_vd0.0_seed51_20260828_192327_277734.json,374,37,1642,34,34,True,0,False,,5.842053174972534,{},placeholder,True,,9,results/bob_realchannel_run_tp0.0_fk0.3_rp0.0_vd0.0_seed51_20260828_192327_277734.json,results/alice_realchannel_run_seed51_20260828_192327_391562.json,final_key,0.3,2,0.0026737967914438
0.0,0.3,0.0,0.0,52,results/bob_realchannel_run_tp0.0_fk0.3_rp0.0_vd0.0_seed52_20260828_192334_637225.json,374,37,1642,34,34,True,0,False,,5.653598785400391,{},placeholder,True,,10,results/bob_realchannel_run_tp0.0_fk0.3_rp0.0_vd0.0_seed52_20260828_192334_637225.json,results/alice_realchannel_run_seed52_20260828_192334_702336.json,final_key,0.3,2,0.0026737967914438
0.0,0.3,0.0,0.0,53,results/bob_realchannel_run_tp0.0_fk0.3_rp0.0_vd0.0_seed53_20260828_192341_732931.json,374,25,1642,34,34,False,12,False,,2.1594626903533936,{},placeholder,False,,11,results/bob_realchannel_run_tp0.0_fk0.3_rp0.0_vd0.0_seed53_20260828_192341_732931.json,results/alice_realchannel_run_seed53_20260828_192341_860836.json,final_key,0.3,2,0.0026737967914438
0.0,0.3,0.0,0.0,54,results/bob_realchannel_run_tp0.0_fk0.3_rp0.0_vd0.0_seed54_20260828_192345_486130.json,374,37,1642,34,34,True,0,False,,5.949768543243408,{},placeholder,True,,12,results/bob_realchannel_run_tp0.0_fk0.3_rp0.0_vd0.0_seed54_20260828_192345_486130.json,results/alice_realchannel_run_seed54_20260828_192345_523618.json,final_key,0.3,2,0.0026737967914438
0.0,0.3,0.0,0.0,55,results/bob_realchannel_run_tp0.0_fk0.3_rp0.0_vd0.0_seed55_20260828_192352_914648.json,374,37,1642,34,34,True,0,False,,5.46912145614624,{},placeholder,True,,13,results/bob_realchannel_run_tp0.0_fk0.3_rp0.0_vd0.0_seed55_20260828_192352_914648.json,results/alice_realchannel_run_seed55_20260828_192352_985473.json,final_key,0.3,2,0.0026737967914438
0.0,0.3,0.0,0.0,56,results/bob_realchannel_run_tp0.0_fk0.3_rp0.0_vd0.0_seed56_20260828_192359_922515.json,374,37,1642,34,34,True,0,False,,6.145486116409302,{},placeholder,True,,14,results/bob_realchannel_run_tp0.0_fk0.3_rp0.0_vd0.0_seed56_20260828_192359_922515.json,results/alice_realchannel_run_seed56_20260828_192359_937507.json,final_key,0.3,2,0.0026737967914438
0.0,0.3,0.0,0.0,57,results/bob_realchannel_run_tp0.0_fk0.3_rp0.0_vd0.0_seed57_20260828_192407_650823.json,374,37,1642,34,34,True,0,False,,5.8052918910980225,{},placeholder,True,,15,results/bob_realchannel_run_tp0.0_fk0.3_rp0.0_vd0.0_seed57_20260828_192407_650823.json,results/alice_realchannel_run_seed57_20260828_192407_762702.json,final_key,0.3,2,0.0026737967914438
0.0,0.3,0.0,0.0,58,results/bob_realchannel_run_tp0.0_fk0.3_rp0.0_vd0.0_seed58_20260828_192415_014520.json,374,37,1642,34,34,True,0,False,,2.5274198055267334,{'final_key': 1},placeholder,False,,16,results/bob_realchannel_run_tp0.0_fk0.3_rp0.0_vd0.0_seed58_20260828_192415_014520.json,results/alice_realchannel_run_seed58_20260828_192415_141808.json,final_key,0.3,2,0.0026737967914438
0.0,0.3,0.0,0.0,59,results/bob_realchannel_run_tp0.0_fk0.3_rp0.0_vd0.0_seed59_20260828_192419_015156.json,374,37,1642,34,34,True,0,False,,3.4044201374053955,{},placeholder,True,,17,results/bob_realchannel_run_tp0.0_fk0.3_rp0.0_vd0.0_seed59_20260828_192419_015156.json,results/alice_realchannel_run_seed59_20260828_192419_159752.json,final_key,0.3,2,0.0026737967914438
0.0,0.3,0.0,0.0,60,results/bob_realchannel_run_tp0.0_fk0.3_rp0.0_vd0.0_seed60_20260828_192423_977181.json,374,37,1642,34,34,True,0,False,,3.9713611602783203,{'final_key': 1},placeholder,False,,18,results/bob_realchannel_run_tp0.0_fk0.3_rp0.0_vd0.0_seed60_20260828_192423_977181.json,results/alice_realchannel_run_seed60_20260828_192424_109111.json,final_key,0.3,2,0.0026737967914438
0.0,0.3,0.0,0.0,61,results/bob_realchannel_run_tp0.0_fk0.3_rp0.0_vd0.0_seed61_20260828_192429_446659.json,374,37,1642,34,34,True,0,False,,3.857201099395752,{},placeholder,True,,19,results/bob_realchannel_run_tp0.0_fk0.3_rp0.0_vd0.0_seed61_20260828_192429_446659.json,results/alice_realchannel_run_seed61_20260828_192429_598041.json,final_key,0.3,2,0.0026737967914438
0.0,0.1,0.0,0.0,42,results/bob_realchannel_run_tp0.0_fk0.1_rp0.0_vd0.0_seed42_20260828_192434_875039.json,374,37,1642,34,34,True,0,False,,4.031246900558472,{},placeholder,True,,0,results/bob_realchannel_run_tp0.0_fk0.1_rp0.0_vd0.0_seed42_20260828_192434_875039.json,results/alice_realchannel_run_seed42_20260828_192434_968100.json,final_key,0.1,2,0.0026737967914438
0.0,0.1,0.0,0.0,43,results/bob_realchannel_run_tp0.0_fk0.1_rp0.0_vd0.0_seed43_20260828_192440_330388.json,374,37,1642,34,34,True,0,False,,4.733419179916382,{},placeholder,True,,1,results/bob_realchannel_run_tp0.0_fk0.1_rp0.0_vd0.0_seed43_20260828_192440_330388.json,results/alice_realchannel_run_seed43_20260828_192440_439309.json,final_key,0.1,2,0.0026737967914438
0.0,0.1,0.0,0.0,44,results/bob_realchannel_run_tp0.0_fk0.1_rp0.0_vd0.0_seed44_20260828_192446_512748.json,374,37,1642,34,34,True,0,False,,4.715425252914429,{},placeholder,True,,2,results/bob_realchannel_run_tp0.0_fk0.1_rp0.0_vd0.0_seed44_20260828_192446_512748.json,results/alice_realchannel_run_seed44_20260828_192446_599660.json,final_key,0.1,2,0.0026737967914438
0.0,0.1,0.0,0.0,45,results/bob_realchannel_run_tp0.0_fk0.1_rp0.0_vd0.0_seed45_20260828_192452_727054.json,374,37,1642,34,34,True,0,False,,5.653138637542725,{},placeholder,True,,3,results/bob_realchannel_run_tp0.0_fk0.1_rp0.0_vd0.0_seed45_20260828_192452_727054.json,results/alice_realchannel_run_seed45_20260828_192452_767728.json,final_key,0.1,2,0.0026737967914438
0.0,0.1,0.0,0.0,46,results/bob_realchannel_run_tp0.0_fk0.1_rp0.0_vd0.0_seed46_20260828_192459_855650.json,374,37,1642,34,34,True,0,False,,5.316060781478882,{'final_key': 1},placeholder,False,,4,results/bob_realchannel_run_tp0.0_fk0.1_rp0.0_vd0.0_seed46_20260828_192459_855650.json,results/alice_realchannel_run_seed46_20260828_192459_944634.json,final_key,0.1,2,0.0026737967914438
0.0,0.1,0.0,0.0,47,results/bob_realchannel_run_tp0.0_fk0.1_rp0.0_vd0.0_seed47_20260828_192506_683198.json,374,37,1642,34,34,True,0,False,,5.944839239120483,{},placeholder,True,,5,results/bob_realchannel_run_tp0.0_fk0.1_rp0.0_vd0.0_seed47_20260828_192506_683198.json,results/alice_realchannel_run_seed47_20260828_192506_780328.json,final_key,0.1,2,0.0026737967914438
0.0,0.1,0.0,0.0,48,results/bob_realchannel_run_tp0.0_fk0.1_rp0.0_vd0.0_seed48_20260828_192514_158272.json,374,37,1642,34,34,True,0,False,,5.685343980789185,{},placeholder,True,,6,results/bob_realchannel_run_tp0.0_fk0.1_rp0.0_vd0.0_seed48_20260828_192514_158272.json,results/alice_realchannel_run_seed48_20260828_192514_271695.json,final_key,0.1,2,0.0026737967914438
0.0,0.1,0.0,0.0,49,results/bob_realchannel_run_tp0.0_fk0.1_rp0.0_vd0.0_seed49_20260828_192521_312142.json,374,35,1642,34,34,False,2,False,,5.080458641052246,{},placeholder,False,,7,results/bob_realchannel_run_tp0.0_fk0.1_rp0.0_vd0.0_seed49_20260828_192521_312142.json,results/alice_realchannel_run_seed49_20260828_192521_425381.json,final_key,0.1,2,0.0026737967914438
0.0,0.1,0.0,0.0,50,results/bob_realchannel_run_tp0.0_fk0.1_rp0.0_vd0.0_seed50_20260828_192527_929216.json,374,37,1642,34,34,True,0,False,,5.390583276748657,{},placeholder,True,,8,results/bob_realchannel_run_tp0.0_fk0.1_rp0.0_vd0.0_seed50_20260828_192527_929216.json,results/alice_realchannel_run_seed50_20260828_192528_010952.json,final_key,0.1,2,0.0026737967914438
0.0,0.1,0.0,0.0,51,results/bob_realchannel_run_tp0.0_fk0.1_rp0.0_vd0.0_seed51_20260828_192534_746149.json,374,37,1642,34,34,True,0,False,,3.8576488494873047,{},placeholder,True,,9,results/bob_realchannel_run_tp0.0_fk0.1_rp0.0_vd0.0_seed51_20260828_192534_746149.json,results/alice_realchannel_run_seed51_20260828_192534_888066.json,final_key,0.1,2,0.0026737967914438
0.0,0.1,0.0,0.0,52,results/bob_realchannel_run_tp0.0_fk0.1_rp0.0_vd0.0_seed52_20260828_192540_074259.json,374,37,1642,34,34,True,0,False,,5.661420583724976,{},placeholder,True,,10,results/bob_realchannel_run_tp0.0_fk0.1_rp0.0_vd0.0_seed52_20260828_192540_074259.json,results/alice_realchannel_run_seed52_20260828_192540_163852.json,final_key,0.1,2,0.0026737967914438
0.0,0.1,0.0,0.0,53,results/bob_realchannel_run_tp0.0_fk0.1_rp0.0_vd0.0_seed53_20260828_192547_183370.json,374,25,1642,34,34,False,12,False,,4.624177932739258,{},placeholder,False,,11,results/bob_realchannel_run_tp0.0_fk0.1_rp0.0_vd0.0_seed53_20260828_192547_183370.json,results/alice_realchannel_run_seed53_20260828_192547_303426.json,final_key,0.1,2,0.0026737967914438
0.0,0.1,0.0,0.0,54,results/bob_realchannel_run_tp0.0_fk0.1_rp0.0_vd0.0_seed54_20260828_192553_275487.json,374,37,1642,34,34,True,0,False,,5.9805402755737305,{},placeholder,True,,12,results/bob_realchannel_run_tp0.0_fk0.1_rp0.0_vd0.0_seed54_20260828_192553_275487.json,results/alice_realchannel_run_seed54_20260828_192553_356260.json,final_key,0.1,2,0.0026737967914438
0.0,0.1,0.0,0.0,55,results/bob_realchannel_run_tp0.0_fk0.1_rp0.0_vd0.0_seed55_20260828_192600_956849.json,374,37,1642,34,34,True,0,False,,5.30682110786438,{},placeholder,True,,13,results/bob_realchannel_run_tp0.0_fk0.1_rp0.0_vd0.0_seed55_20260828_192600_956849.json,results/alice_realchannel_run_seed55_20260828_192600_864966.json,final_key,0.1,2,0.0026737967914438
0.0,0.1,0.0,0.0,56,results/bob_realchannel_run_tp0.0_fk0.1_rp0.0_vd0.0_seed56_20260828_192607_690471.json,374,37,1642,34,34,True,0,False,,6.689681529998779,{},placeholder,True,,14,results/bob_realchannel_run_tp0.0_fk0.1_rp0.0_vd0.0_seed56_20260828_192607_690471.json,results/alice_realchannel_run_seed56_20260828_192607_796232.json,final_key,0.1,2,0.0026737967914438
0.0,0.1,0.0,0.0,57,results/bob_realchannel_run_tp0.0_fk0.1_rp0.0_vd0.0_seed57_20260828_192615_915229.json,374,37,1642,34,34,True,0,False,,5.804517507553101,{},placeholder,True,,15,results/bob_realchannel_run_tp0.0_fk0.1_rp0.0_vd0.0_seed57_20260828_192615_915229.json,results/alice_realchannel_run_seed57_20260828_192616_024080.json,final_key,0.1,2,0.0026737967914438
0.0,0.1,0.0,0.0,58,results/bob_realchannel_run_tp0.0_fk0.1_rp0.0_vd0.0_seed58_20260828_192623_130780.json,374,37,1642,34,34,True,0,False,,5.685379505157471,{'final_key': 1},placeholder,False,,16,results/bob_realchannel_run_tp0.0_fk0.1_rp0.0_vd0.0_seed58_20260828_192623_130780.json,results/alice_realchannel_run_seed58_20260828_192623_237430.json,final_key,0.1,2,0.0026737967914438
0.0,0.1,0.0,0.0,59,results/bob_realchannel_run_tp0.0_fk0.1_rp0.0_vd0.0_seed59_20260828_192630_233694.json,374,37,1642,34,34,True,0,False,,5.393954515457153,{},placeholder,True,,17,results/bob_realchannel_run_tp0.0_fk0.1_rp0.0_vd0.0_seed59_20260828_192630_233694.json,results/alice_realchannel_run_seed59_20260828_192630_347819.json,final_key,0.1,2,0.0026737967914438
0.0,0.1,0.0,0.0,60,results/bob_realchannel_run_tp0.0_fk0.1_rp0.0_vd0.0_seed60_20260828_192637_081613.json,374,37,1642,34,34,True,0,False,,5.4542555809021,{'final_key': 1},placeholder,False,,18,results/bob_realchannel_run_tp0.0_fk0.1_rp0.0_vd0.0_seed60_20260828_192637_081613.json,results/alice_realchannel_run_seed60_20260828_192637_137336.json,final_key,0.1,2,0.0026737967914438
0.0,0.1,0.0,0.0,61,results/bob_realchannel_run_tp0.0_fk0.1_rp0.0_vd0.0_seed61_20260828_192643_933109.json,374,37,1642,34,34,True,0,False,,5.839029550552368,{},placeholder,True,,19,results/bob_realchannel_run_tp0.0_fk0.1_rp0.0_vd0.0_seed61_20260828_192643_933109.json,results/alice_realchannel_run_seed61_20260828_192644_053472.json,final_key,0.1,2,0.0026737967914438
0.0,0.05,0.0,0.0,42,results/bob_realchannel_run_tp0.0_fk0.05_rp0.0_vd0.0_seed42_20260828_192651_182784.json,374,37,1642,34,34,True,0,False,,5.664981365203857,{},placeholder,True,,0,results/bob_realchannel_run_tp0.0_fk0.05_rp0.0_vd0.0_seed42_20260828_192651_182784.json,results/alice_realchannel_run_seed42_20260828_192651_304873.json,final_key,0.05,2,0.0026737967914438
0.0,0.05,0.0,0.0,43,results/bob_realchannel_run_tp0.0_fk0.05_rp0.0_vd0.0_seed43_20260828_192658_263608.json,374,37,1642,34,34,True,0,False,,5.408055305480957,{},placeholder,True,,1,results/bob_realchannel_run_tp0.0_fk0.05_rp0.0_vd0.0_seed43_20260828_192658_263608.json,results/alice_realchannel_run_seed43_20260828_192658_378496.json,final_key,0.05,2,0.0026737967914438
0.0,0.05,0.0,0.0,44,results/bob_realchannel_run_tp0.0_fk0.05_rp0.0_vd0.0_seed44_20260828_192705_066509.json,374,37,1642,34,34,True,0,False,,5.1932854652404785,{},placeholder,True,,2,results/bob_realchannel_run_tp0.0_fk0.05_rp0.0_vd0.0_seed44_20260828_192705_066509.json,results/alice_realchannel_run_seed44_20260828_192705_184400.json,final_key,0.05,2,0.0026737967914438
0.0,0.05,0.0,0.0,45,results/bob_realchannel_run_tp0.0_fk0.05_rp0.0_vd0.0_seed45_20260828_192711_657115.json,374,37,1642,34,34,True,0,False,,3.7265007495880127,{},placeholder,True,,3,results/bob_realchannel_run_tp0.0_fk0.05_rp0.0_vd0.0_seed45_20260828_192711_657115.json,results/alice_realchannel_run_seed45_20260828_192711_791202.json,final_key,0.05,2,0.0026737967914438
0.0,0.05,0.0,0.0,46,results/bob_realchannel_run_tp0.0_fk0.05_rp0.0_vd0.0_seed46_20260828_192716_803201.json,374,37,1642,34,34,True,0,False,,3.332602024078369,{},placeholder,True,,4,results/bob_realchannel_run_tp0.0_fk0.05_rp0.0_vd0.0_seed46_20260828_192716_803201.json,results/alice_realchannel_run_seed46_20260828_192716_929402.json,final_key,0.05,2,0.0026737967914438
0.0,0.05,0.0,0.0,47,results/bob_realchannel_run_tp0.0_fk0.05_rp0.0_vd0.0_seed47_20260828_192721_558836.json,374,37,1642,34,34,True,0,False,,5.945591688156128,{},placeholder,True,,5,results/bob_realchannel_run_tp0.0_fk0.05_rp0.0_vd0.0_seed47_20260828_192721_558836.json,results/alice_realchannel_run_seed47_20260828_192721_666429.json,final_key,0.05,2,0.0026737967914438
0.0,0.05,0.0,0.0,48,results/bob_realchannel_run_tp0.0_fk0.05_rp0.0_vd0.0_seed48_20260828_192728_972618.json,374,37,1642,34,34,True,0,False,,3.6829142570495605,{},placeholder,True,,6,results/bob_realchannel_run_tp0.0_fk0.05_rp0.0_vd0.0_seed48_20260828_192728_972618.json,results/alice_realchannel_run_seed48_20260828_192729_097244.json,final_key,0.05,2,0.0026737967914438
0.0,0.05,0.0,0.0,49,results/bob_realchannel_run_tp0.0_fk0.05_rp0.0_vd0.0_seed49_20260828_192734_098083.json,374,35,1642,34,34,False,2,False,,5.753860950469971,{},placeholder,False,,7,results/bob_realchannel_run_tp0.0_fk0.05_rp0.0_vd0.0_seed49_20260828_192734_098083.json,results/alice_realchannel_run_seed49_20260828_192734_211964.json,final_key,0.05,2,0.0026737967914438
0.0,0.05,0.0,0.0,50,results/bob_realchannel_run_tp0.0_fk0.05_rp0.0_vd0.0_seed50_20260828_192741_304740.json,374,37,1642,34,34,True,0,False,,3.42287015914917,{},placeholder,True,,8,results/bob_realchannel_run_tp0.0_fk0.05_rp0.0_vd0.0_seed50_20260828_192741_304740.json,results/alice_realchannel_run_seed50_20260828_192741_442746.json,final_key,0.05,2,0.0026737967914438
0.0,0.05,0.0,0.0,51,results/bob_realchannel_run_tp0.0_fk0.05_rp0.0_vd0.0_seed51_20260828_192746_138546.json,374,37,1642,34,34,True,0,False,,5.837361097335815,{},placeholder,True,,9,results/bob_realchannel_run_tp0.0_fk0.05_rp0.0_vd0.0_seed51_20260828_192746_138546.json,results/alice_realchannel_run_seed51_20260828_192746_259042.json,final_key,0.05,2,0.0026737967914438
0.0,0.05,0.0,0.0,52,results/bob_realchannel_run_tp0.0_fk0.05_rp0.0_vd0.0_seed52_20260828_192753_406708.json,374,37,1642,34,34,True,0,False,,5.661649227142334,{},placeholder,True,,10,results/bob_realchannel_run_tp0.0_fk0.05_rp0.0_vd0.0_seed52_20260828_192753_406708.json,results/alice_realchannel_run_seed52_20260828_192753_503485.json,final_key,0.05,2,0.0026737967914438
0.0,0.05,0.0,0.0,53,results/bob_realchannel_run_tp0.0_fk0.05_rp0.0_vd0.0_seed53_20260828_192800_508169.json,374,25,1642,34,34,False,12,False,,5.047197103500366,{},placeholder,False,,11,results/bob_realchannel_run_tp0.0_fk0.05_rp0.0_vd0.0_seed53_20260828_192800_508169.json,results/alice_realchannel_run_seed53_20260828_192800_612233.json,final_key,0.05,2,0.0026737967914438
0.0,0.05,0.0,0.0,54,results/bob_realchannel_run_tp0.0_fk0.05_rp0.0_vd0.0_seed54_20260828_192806_997229.json,374,37,1642,34,34,True,0,False,,5.974370241165161,{},placeholder,True,,12,results/bob_realchannel_run_tp0.0_fk0.05_rp0.0_vd0.0_seed54_20260828_192806_997229.json,results/alice_realchannel_run_seed54_20260828_192807_071327.json,final_key,0.05,2,0.0026737967914438
0.0,0.05,0.0,0.0,55,results/bob_realchannel_run_tp0.0_fk0.05_rp0.0_vd0.0_seed55_20260828_192814_388424.json,374,37,1642,34,34,True,0,False,,3.527552843093872,{},placeholder,True,,13,results/bob_realchannel_run_tp0.0_fk0.05_rp0.0_vd0.0_seed55_20260828_192814_388424.json,results/alice_realchannel_run_seed55_20260828_192814_542399.json,final_key,0.05,2,0.0026737967914438
0.0,0.05,0.0,0.0,56,results/bob_realchannel_run_tp0.0_fk0.05_rp0.0_vd0.0_seed56_20260828_192819_408094.json,374,37,1642,34,34,True,0,False,,4.707577705383301,{},placeholder,True,,14,results/bob_realchannel_run_tp0.0_fk0.05_rp0.0_vd0.0_seed56_20260828_192819_408094.json,results/alice_realchannel_run_seed56_20260828_192819_551622.json,final_key,0.05,2,0.0026737967914438
0.0,0.05,0.0,0.0,57,results/bob_realchannel_run_tp0.0_fk0.05_rp0.0_vd0.0_seed57_20260828_192825_603111.json,374,37,1642,34,34,True,0,False,,5.8090033531188965,{},placeholder,True,,15,results/bob_realchannel_run_tp0.0_fk0.05_rp0.0_vd0.0_seed57_20260828_192825_603111.json,results/alice_realchannel_run_seed57_20260828_192825_724630.json,final_key,0.05,2,0.0026737967914438
0.0,0.05,0.0,0.0,58,results/bob_realchannel_run_tp0.0_fk0.05_rp0.0_vd0.0_seed58_20260828_192832_824421.json,374,37,1642,34,34,True,0,False,,2.591763973236084,{'final_key': 1},placeholder,False,,16,results/bob_realchannel_run_tp0.0_fk0.05_rp0.0_vd0.0_seed58_20260828_192832_824421.json,results/alice_realchannel_run_seed58_20260828_192832_991355.json,final_key,0.05,2,0.0026737967914438
0.0,0.05,0.0,0.0,59,results/bob_realchannel_run_tp0.0_fk0.05_rp0.0_vd0.0_seed59_20260828_192836_923057.json,374,37,1642,34,34,True,0,False,,5.392673492431641,{},placeholder,True,,17,results/bob_realchannel_run_tp0.0_fk0.05_rp0.0_vd0.0_seed59_20260828_192836_923057.json,results/alice_realchannel_run_seed59_20260828_192837_043020.json,final_key,0.05,2,0.0026737967914438
0.0,0.05,0.0,0.0,60,results/bob_realchannel_run_tp0.0_fk0.05_rp0.0_vd0.0_seed60_20260828_192843_770331.json,374,37,1642,34,34,True,0,False,,5.965402603149414,{},placeholder,True,,18,results/bob_realchannel_run_tp0.0_fk0.05_rp0.0_vd0.0_seed60_20260828_192843_770331.json,results/alice_realchannel_run_seed60_20260828_192843_888276.json,final_key,0.05,2,0.0026737967914438
0.0,0.05,0.0,0.0,61,results/bob_realchannel_run_tp0.0_fk0.05_rp0.0_vd0.0_seed61_20260828_192851_224020.json,374,37,1642,34,34,True,0,False,,5.375663995742798,{},placeholder,True,,19,results/bob_realchannel_run_tp0.0_fk0.05_rp0.0_vd0.0_seed61_20260828_192851_224020.json,results/alice_realchannel_run_seed61_20260828_192851_336194.json,final_key,0.05,2,0.0026737967914438
0.0,0.03,0.0,0.0,42,results/bob_realchannel_run_tp0.0_fk0.03_rp0.0_vd0.0_seed42_20260828_192858_031252.json,374,37,1642,34,34,True,0,False,,5.649056911468506,{},placeholder,True,,0,results/bob_realchannel_run_tp0.0_fk0.03_rp0.0_vd0.0_seed42_20260828_192858_031252.json,results/alice_realchannel_run_seed42_20260828_192858_130281.json,final_key,0.03,2,0.0026737967914438
0.0,0.03,0.0,0.0,43,results/bob_realchannel_run_tp0.0_fk0.03_rp0.0_vd0.0_seed43_20260828_192905_104523.json,374,37,1642,34,34,True,0,False,,5.403497934341431,{},placeholder,True,,1,results/bob_realchannel_run_tp0.0_fk0.03_rp0.0_vd0.0_seed43_20260828_192905_104523.json,results/alice_realchannel_run_seed43_20260828_192905_212940.json,final_key,0.03,2,0.0026737967914438
0.0,0.03,0.0,0.0,44,results/bob_realchannel_run_tp0.0_fk0.03_rp0.0_vd0.0_seed44_20260828_192912_031526.json,374,37,1642,34,34,True,0,False,,4.712419271469116,{},placeholder,True,,2,results/bob_realchannel_run_tp0.0_fk0.03_rp0.0_vd0.0_seed44_20260828_192912_031526.json,results/alice_realchannel_run_seed44_20260828_192912_110290.json,final_key,0.03,2,0.0026737967914438
0.0,0.03,0.0,0.0,45,results/bob_realchannel_run_tp0.0_fk0.03_rp0.0_vd0.0_seed45_20260828_192918_167360.json,374,37,1642,34,34,True,0,False,,3.764481782913208,{},placeholder,True,,3,results/bob_realchannel_run_tp0.0_fk0.03_rp0.0_vd0.0_seed45_20260828_192918_167360.json,results/alice_realchannel_run_seed45_20260828_192918_332950.json,final_key,0.03,2,0.0026737967914438
0.0,0.03,0.0,0.0,46,results/bob_realchannel_run_tp0.0_fk0.03_rp0.0_vd0.0_seed46_20260828_192923_450428.json,374,37,1642,34,34,True,0,False,,5.357160329818726,{},placeholder,True,,4,results/bob_realchannel_run_tp0.0_fk0.03_rp0.0_vd0.0_seed46_20260828_192923_450428.json,results/alice_realchannel_run_seed46_20260828_192923_566243.json,final_key,0.03,2,0.0026737967914438
0.0,0.03,0.0,0.0,47,results/bob_realchannel_run_tp0.0_fk0.03_rp0.0_vd0.0_seed47_20260828_192930_264216.json,374,37,1642,34,34,True,0,False,,5.955628871917725,{},placeholder,True,,5,results/bob_realchannel_run_tp0.0_fk0.03_rp0.0_vd0.0_seed47_20260828_192930_264216.json,results/alice_realchannel_run_seed47_20260828_192930_376126.json,final_key,0.03,2,0.0026737967914438
0.0,0.03,0.0,0.0,48,results/bob_realchannel_run_tp0.0_fk0.03_rp0.0_vd0.0_seed48_20260828_192937_722639.json,374,37,1642,34,34,True,0,False,,5.692891597747803,{},placeholder,True,,6,results/bob_realchannel_run_tp0.0_fk0.03_rp0.0_vd0.0_seed48_20260828_192937_722639.json,results/alice_realchannel_run_seed48_20260828_192937_831110.json,final_key,0.03,2,0.0026737967914438
0.0,0.03,0.0,0.0,49,results/bob_realchannel_run_tp0.0_fk0.03_rp0.0_vd0.0_seed49_20260828_192944_974711.json,374,35,1642,34,34,False,2,False,,5.653022527694702,{},placeholder,False,,7,results/bob_realchannel_run_tp0.0_fk0.03_rp0.0_vd0.0_seed49_20260828_192944_974711.json,results/alice_realchannel_run_seed49_20260828_192944_985578.json,final_key,0.03,2,0.0026737967914438
0.0,0.03,0.0,0.0,50,results/bob_realchannel_run_tp0.0_fk0.03_rp0.0_vd0.0_seed50_20260828_192952_108097.json,374,37,1642,34,34,True,0,False,,5.404159069061279,{},placeholder,True,,8,results/bob_realchannel_run_tp0.0_fk0.03_rp0.0_vd0.0_seed50_20260828_192952_108097.json,results/alice_realchannel_run_seed50_20260828_192952_203930.json,final_key,0.03,2,0.0026737967914438
0.0,0.03,0.0,0.0,51,results/bob_realchannel_run_tp0.0_fk0.03_rp0.0_vd0.0_seed51_20260828_192959_007714.json,374,37,1642,34,34,True,0,False,,5.839970827102661,{},placeholder,True,,9,results/bob_realchannel_run_tp0.0_fk0.03_rp0.0_vd0.0_seed51_20260828_192959_007714.json,results/alice_realchannel_run_seed51_20260828_192959_121246.json,final_key,0.03,2,0.0026737967914438
0.0,0.03,0.0,0.0,52,results/bob_realchannel_run_tp0.0_fk0.03_rp0.0_vd0.0_seed52_20260828_193006_317887.json,374,37,1642,34,34,True,0,False,,3.7225122451782227,{},placeholder,True,,10,results/bob_realchannel_run_tp0.0_fk0.03_rp0.0_vd0.0_seed52_20260828_193006_317887.json,results/alice_realchannel_run_seed52_20260828_193006_476112.json,final_key,0.03,2,0.0026737967914438
0.0,0.03,0.0,0.0,53,results/bob_realchannel_run_tp0.0_fk0.03_rp0.0_vd0.0_seed53_20260828_193011_507637.json,374,25,1642,34,34,False,12,False,,3.088425636291504,{},placeholder,False,,11,results/bob_realchannel_run_tp0.0_fk0.03_rp0.0_vd0.0_seed53_20260828_193011_507637.json,results/alice_realchannel_run_seed53_20260828_193011_661066.json,final_key,0.03,2,0.0026737967914438
0.0,0.03,0.0,0.0,54,results/bob_realchannel_run_tp0.0_fk0.03_rp0.0_vd0.0_seed54_20260828_193016_076115.json,374,37,1642,34,34,True,0,False,,3.792587995529175,{},placeholder,True,,12,results/bob_realchannel_run_tp0.0_fk0.03_rp0.0_vd0.0_seed54_20260828_193016_076115.json,results/alice_realchannel_run_seed54_20260828_193016_206007.json,final_key,0.03,2,0.0026737967914438
0.0,0.03,0.0,0.0,55,results/bob_realchannel_run_tp0.0_fk0.03_rp0.0_vd0.0_seed55_20260828_193021_332859.json,374,37,1642,34,34,True,0,False,,5.506724834442139,{},placeholder,True,,13,results/bob_realchannel_run_tp0.0_fk0.03_rp0.0_vd0.0_seed55_20260828_193021_332859.json,results/alice_realchannel_run_seed55_20260828_193021_442703.json,final_key,0.03,2,0.0026737967914438
0.0,0.03,0.0,0.0,56,results/bob_realchannel_run_tp0.0_fk0.03_rp0.0_vd0.0_seed56_20260828_193028_263728.json,374,37,1642,34,34,True,0,False,,6.695857048034668,{},placeholder,True,,14,results/bob_realchannel_run_tp0.0_fk0.03_rp0.0_vd0.0_seed56_20260828_193028_263728.json,results/alice_realchannel_run_seed56_20260828_193028_382083.json,final_key,0.03,2,0.0026737967914438
0.0,0.03,0.0,0.0,57,results/bob_realchannel_run_tp0.0_fk0.03_rp0.0_vd0.0_seed57_20260828_193036_391673.json,374,37,1642,34,34,True,0,False,,5.80418062210083,{},placeholder,True,,15,results/bob_realchannel_run_tp0.0_fk0.03_rp0.0_vd0.0_seed57_20260828_193036_391673.json,results/alice_realchannel_run_seed57_20260828_193036_495177.json,final_key,0.03,2,0.0026737967914438
0.0,0.03,0.0,0.0,58,results/bob_realchannel_run_tp0.0_fk0.03_rp0.0_vd0.0_seed58_20260828_193043_817851.json,374,37,1642,34,34,True,0,False,,5.4859397411346436,{},placeholder,True,,16,results/bob_realchannel_run_tp0.0_fk0.03_rp0.0_vd0.0_seed58_20260828_193043_817851.json,results/alice_realchannel_run_seed58_20260828_193043_726585.json,final_key,0.03,2,0.0026737967914438
0.0,0.03,0.0,0.0,59,results/bob_realchannel_run_tp0.0_fk0.03_rp0.0_vd0.0_seed59_20260828_193050_827997.json,374,37,1642,34,34,True,0,False,,5.371466875076294,{},placeholder,True,,17,results/bob_realchannel_run_tp0.0_fk0.03_rp0.0_vd0.0_seed59_20260828_193050_827997.json,results/alice_realchannel_run_seed59_20260828_193050_919128.json,final_key,0.03,2,0.0026737967914438
0.0,0.03,0.0,0.0,60,results/bob_realchannel_run_tp0.0_fk0.03_rp0.0_vd0.0_seed60_20260828_193057_697024.json,374,37,1642,34,34,True,0,False,,3.998929977416992,{},placeholder,True,,18,results/bob_realchannel_run_tp0.0_fk0.03_rp0.0_vd0.0_seed60_20260828_193057_697024.json,results/alice_realchannel_run_seed60_20260828_193057_862915.json,final_key,0.03,2,0.0026737967914438
0.0,0.03,0.0,0.0,61,results/bob_realchannel_run_tp0.0_fk0.03_rp0.0_vd0.0_seed61_20260828_193103_163349.json,374,37,1642,34,34,True,0,False,,3.844813346862793,{},placeholder,True,,19,results/bob_realchannel_run_tp0.0_fk0.03_rp0.0_vd0.0_seed61_20260828_193103_163349.json,results/alice_realchannel_run_seed61_20260828_193103_307154.json,final_key,0.03,2,0.0026737967914438
0.0,0.01,0.0,0.0,42,results/bob_realchannel_run_tp0.0_fk0.01_rp0.0_vd0.0_seed42_20260828_193108_509871.json,374,37,1642,34,34,True,0,False,,5.6736900806427,{},placeholder,True,,0,results/bob_realchannel_run_tp0.0_fk0.01_rp0.0_vd0.0_seed42_20260828_193108_509871.json,results/alice_realchannel_run_seed42_20260828_193108_633300.json,final_key,0.01,2,0.0026737967914438
0.0,0.01,0.0,0.0,43,results/bob_realchannel_run_tp0.0_fk0.01_rp0.0_vd0.0_seed43_20260828_193115_646005.json,374,37,1642,34,34,True,0,False,,2.236525297164917,{},placeholder,True,,1,results/bob_realchannel_run_tp0.0_fk0.01_rp0.0_vd0.0_seed43_20260828_193115_646005.json,results/alice_realchannel_run_seed43_20260828_193115_785741.json,final_key,0.01,2,0.0026737967914438
0.0,0.01,0.0,0.0,44,results/bob_realchannel_run_tp0.0_fk0.01_rp0.0_vd0.0_seed44_20260828_193119_341048.json,374,37,1642,34,34,True,0,False,,3.199342727661133,{},placeholder,True,,2,results/bob_realchannel_run_tp0.0_fk0.01_rp0.0_vd0.0_seed44_20260828_193119_341048.json,results/alice_realchannel_run_seed44_20260828_193119_472730.json,final_key,0.01,2,0.0026737967914438
0.0,0.01,0.0,0.0,45,results/bob_realchannel_run_tp0.0_fk0.01_rp0.0_vd0.0_seed45_20260828_193123_977760.json,374,37,1642,34,34,True,0,False,,5.722198009490967,{},placeholder,True,,3,results/bob_realchannel_run_tp0.0_fk0.01_rp0.0_vd0.0_seed45_20260828_193123_977760.json,results/alice_realchannel_run_seed45_20260828_193124_082307.json,final_key,0.01,2,0.0026737967914438
0.0,0.01,0.0,0.0,46,results/bob_realchannel_run_tp0.0_fk0.01_rp0.0_vd0.0_seed46_20260828_193131_121169.json,374,37,1642,34,34,True,0,False,,3.338517904281616,{},placeholder,True,,4,results/bob_realchannel_run_tp0.0_fk0.01_rp0.0_vd0.0_seed46_20260828_193131_121169.json,results/alice_realchannel_run_seed46_20260828_193131_248321.json,final_key,0.01,2,0.0026737967914438
0.0,0.01,0.0,0.0,47,results/bob_realchannel_run_tp0.0_fk0.01_rp0.0_vd0.0_seed47_20260828_193135_917872.json,374,37,1642,34,34,True,0,False,,3.9666953086853027,{},placeholder,True,,5,results/bob_realchannel_run_tp0.0_fk0.01_rp0.0_vd0.0_seed47_20260828_193135_917872.json,results/alice_realchannel_run_seed47_20260828_193136_047993.json,final_key,0.01,2,0.0026737967914438
0.0,0.01,0.0,0.0,48,results/bob_realchannel_run_tp0.0_fk0.01_rp0.0_vd0.0_seed48_20260828_193141_317673.json,374,37,1642,34,34,True,0,False,,5.698275327682495,{},placeholder,True,,6,results/bob_realchannel_run_tp0.0_fk0.01_rp0.0_vd0.0_seed48_20260828_193141_317673.json,results/alice_realchannel_run_seed48_20260828_193141_435409.json,final_key,0.01,2,0.0026737967914438
0.0,0.01,0.0,0.0,49,results/bob_realchannel_run_tp0.0_fk0.01_rp0.0_vd0.0_seed49_20260828_193148_437225.json,374,35,1642,34,34,False,2,False,,3.758606433868408,{},placeholder,False,,7,results/bob_realchannel_run_tp0.0_fk0.01_rp0.0_vd0.0_seed49_20260828_193148_437225.json,results/alice_realchannel_run_seed49_20260828_193148_568563.json,final_key,0.01,2,0.0026737967914438
0.0,0.01,0.0,0.0,50,results/bob_realchannel_run_tp0.0_fk0.01_rp0.0_vd0.0_seed50_20260828_193153_620893.json,374,37,1642,34,34,True,0,False,,5.419222354888916,{},placeholder,True,,8,results/bob_realchannel_run_tp0.0_fk0.01_rp0.0_vd0.0_seed50_20260828_193153_620893.json,results/alice_realchannel_run_seed50_20260828_193153_728565.json,final_key,0.01,2,0.0026737967914438
0.0,0.01,0.0,0.0,51,results/bob_realchannel_run_tp0.0_fk0.01_rp0.0_vd0.0_seed51_20260828_193200_471608.json,374,37,1642,34,34,True,0,False,,5.828129768371582,{},placeholder,True,,9,results/bob_realchannel_run_tp0.0_fk0.01_rp0.0_vd0.0_seed51_20260828_193200_471608.json,results/alice_realchannel_run_seed51_20260828_193200_574413.json,final_key,0.01,2,0.0026737967914438
0.0,0.01,0.0,0.0,52,results/bob_realchannel_run_tp0.0_fk0.01_rp0.0_vd0.0_seed52_20260828_193207_703428.json,374,37,1642,34,34,True,0,False,,5.693305253982544,{},placeholder,True,,10,results/bob_realchannel_run_tp0.0_fk0.01_rp0.0_vd0.0_seed52_20260828_193207_703428.json,results/alice_realchannel_run_seed52_20260828_193207_808484.json,final_key,0.01,2,0.0026737967914438
0.0,0.01,0.0,0.0,53,results/bob_realchannel_run_tp0.0_fk0.01_rp0.0_vd0.0_seed53_20260828_193214_926587.json,374,25,1642,34,34,False,12,False,,5.0219948291778564,{},placeholder,False,,11,results/bob_realchannel_run_tp0.0_fk0.01_rp0.0_vd0.0_seed53_20260828_193214_926587.json,results/alice_realchannel_run_seed53_20260828_193214_996791.json,final_key,0.01,2,0.0026737967914438
0.0,0.01,0.0,0.0,54,results/bob_realchannel_run_tp0.0_fk0.01_rp0.0_vd0.0_seed54_20260828_193221_390516.json,374,37,1642,34,34,True,0,False,,6.001052379608154,{},placeholder,True,,12,results/bob_realchannel_run_tp0.0_fk0.01_rp0.0_vd0.0_seed54_20260828_193221_390516.json,results/alice_realchannel_run_seed54_20260828_193221_480167.json,final_key,0.01,2,0.0026737967914438
0.0,0.01,0.0,0.0,55,results/bob_realchannel_run_tp0.0_fk0.01_rp0.0_vd0.0_seed55_20260828_193228_834188.json,374,37,1642,34,34,True,0,False,,5.514138698577881,{},placeholder,True,,13,results/bob_realchannel_run_tp0.0_fk0.01_rp0.0_vd0.0_seed55_20260828_193228_834188.json,results/alice_realchannel_run_seed55_20260828_193228_951545.json,final_key,0.01,2,0.0026737967914438
0.0,0.01,0.0,0.0,56,results/bob_realchannel_run_tp0.0_fk0.01_rp0.0_vd0.0_seed56_20260828_193235_827551.json,374,37,1642,34,34,True,0,False,,6.708981513977051,{},placeholder,True,,14,results/bob_realchannel_run_tp0.0_fk0.01_rp0.0_vd0.0_seed56_20260828_193235_827551.json,results/alice_realchannel_run_seed56_20260828_193235_937400.json,final_key,0.01,2,0.0026737967914438
0.0,0.01,0.0,0.0,57,results/bob_realchannel_run_tp0.0_fk0.01_rp0.0_vd0.0_seed57_20260828_193243_949742.json,374,37,1642,34,34,True,0,False,,3.818540096282959,{},placeholder,True,,15,results/bob_realchannel_run_tp0.0_fk0.01_rp0.0_vd0.0_seed57_20260828_193243_949742.json,results/alice_realchannel_run_seed57_20260828_193244_089461.json,final_key,0.01,2,0.0026737967914438
0.0,0.01,0.0,0.0,58,results/bob_realchannel_run_tp0.0_fk0.01_rp0.0_vd0.0_seed58_20260828_193249_240280.json,374,37,1642,34,34,True,0,False,,5.700066089630127,{},placeholder,True,,16,results/bob_realchannel_run_tp0.0_fk0.01_rp0.0_vd0.0_seed58_20260828_193249_240280.json,results/alice_realchannel_run_seed58_20260828_193249_359639.json,final_key,0.01,2,0.0026737967914438
0.0,0.01,0.0,0.0,59,results/bob_realchannel_run_tp0.0_fk0.01_rp0.0_vd0.0_seed59_20260828_193256_350001.json,374,37,1642,34,34,True,0,False,,3.4058661460876465,{},placeholder,True,,17,results/bob_realchannel_run_tp0.0_fk0.01_rp0.0_vd0.0_seed59_20260828_193256_350001.json,results/alice_realchannel_run_seed59_20260828_193256_490237.json,final_key,0.01,2,0.0026737967914438
0.0,0.01,0.0,0.0,60,results/bob_realchannel_run_tp0.0_fk0.01_rp0.0_vd0.0_seed60_20260828_193301_177543.json,374,37,1642,34,34,True,0,False,,5.514632701873779,{},placeholder,True,,18,results/bob_realchannel_run_tp0.0_fk0.01_rp0.0_vd0.0_seed60_20260828_193301_177543.json,results/alice_realchannel_run_seed60_20260828_193301_290423.json,final_key,0.01,2,0.0026737967914438
0.0,0.01,0.0,0.0,61,results/bob_realchannel_run_tp0.0_fk0.01_rp0.0_vd0.0_seed61_20260828_193308_191948.json,374,37,1642,34,34,True,0,False,,4.910247564315796,{},placeholder,True,,19,results/bob_realchannel_run_tp0.0_fk0.01_rp0.0_vd0.0_seed61_20260828_193308_191948.json,results/alice_realchannel_run_seed61_20260828_193308_276967.json,final_key,0.01,2,0.0026737967914438
0.0,0.003,0.0,0.0,42,results/bob_realchannel_run_tp0.0_fk0.003_rp0.0_vd0.0_seed42_20260828_193314_563937.json,374,37,1642,34,34,True,0,False,,3.656046152114868,{},placeholder,True,,0,results/bob_realchannel_run_tp0.0_fk0.003_rp0.0_vd0.0_seed42_20260828_193314_563937.json,results/alice_realchannel_run_seed42_20260828_193314_691501.json,final_key,0.003,2,0.0026737967914438
0.0,0.003,0.0,0.0,43,results/bob_realchannel_run_tp0.0_fk0.003_rp0.0_vd0.0_seed43_20260828_193319_685162.json,374,37,1642,34,34,True,0,False,,5.394690990447998,{},placeholder,True,,1,results/bob_realchannel_run_tp0.0_fk0.003_rp0.0_vd0.0_seed43_20260828_193319_685162.json,results/alice_realchannel_run_seed43_20260828_193319_796968.json,final_key,0.003,2,0.0026737967914438
0.0,0.003,0.0,0.0,44,results/bob_realchannel_run_tp0.0_fk0.003_rp0.0_vd0.0_seed44_20260828_193326_493512.json,374,37,1642,34,34,True,0,False,,3.2184741497039795,{},placeholder,True,,2,results/bob_realchannel_run_tp0.0_fk0.003_rp0.0_vd0.0_seed44_20260828_193326_493512.json,results/alice_realchannel_run_seed44_20260828_193326_649383.json,final_key,0.003,2,0.0026737967914438
0.0,0.003,0.0,0.0,45,results/bob_realchannel_run_tp0.0_fk0.003_rp0.0_vd0.0_seed45_20260828_193331_212534.json,374,37,1642,34,34,True,0,False,,3.7270700931549072,{},placeholder,True,,3,results/bob_realchannel_run_tp0.0_fk0.003_rp0.0_vd0.0_seed45_20260828_193331_212534.json,results/alice_realchannel_run_seed45_20260828_193331_347777.json,final_key,0.003,2,0.0026737967914438
0.0,0.003,0.0,0.0,46,results/bob_realchannel_run_tp0.0_fk0.003_rp0.0_vd0.0_seed46_20260828_193336_355903.json,374,37,1642,34,34,True,0,False,,3.356281280517578,{},placeholder,True,,4,results/bob_realchannel_run_tp0.0_fk0.003_rp0.0_vd0.0_seed46_20260828_193336_355903.json,results/alice_realchannel_run_seed46_20260828_193336_506177.json,final_key,0.003,2,0.0026737967914438
0.0,0.003,0.0,0.0,47,results/bob_realchannel_run_tp0.0_fk0.003_rp0.0_vd0.0_seed47_20260828_193341_241652.json,374,37,1642,34,34,True,0,False,,5.96595311164856,{},placeholder,True,,5,results/bob_realchannel_run_tp0.0_fk0.003_rp0.0_vd0.0_seed47_20260828_193341_241652.json,results/alice_realchannel_run_seed47_20260828_193341_362608.json,final_key,0.003,2,0.0026737967914438
0.0,0.003,0.0,0.0,48,results/bob_realchannel_run_tp0.0_fk0.003_rp0.0_vd0.0_seed48_20260828_193348_620165.json,374,37,1642,34,34,True,0,False,,2.5415313243865967,{},placeholder,True,,6,results/bob_realchannel_run_tp0.0_fk0.003_rp0.0_vd0.0_seed48_20260828_193348_620165.json,results/alice_realchannel_run_seed48_20260828_193348_769386.json,final_key,0.003,2,0.0026737967914438
0.0,0.003,0.0,0.0,49,results/bob_realchannel_run_tp0.0_fk0.003_rp0.0_vd0.0_seed49_20260828_193352_632322.json,374,35,1642,34,34,False,2,False,,5.751926422119141,{},placeholder,False,,7,results/bob_realchannel_run_tp0.0_fk0.003_rp0.0_vd0.0_seed49_20260828_193352_632322.json,results/alice_realchannel_run_seed49_20260828_193352_746376.json,final_key,0.003,2,0.0026737967914438
0.0,0.003,0.0,0.0,50,results/bob_realchannel_run_tp0.0_fk0.003_rp0.0_vd0.0_seed50_20260828_193359_911898.json,374,37,1642,34,34,True,0,False,,3.4290828704833984,{},placeholder,True,,8,results/bob_realchannel_run_tp0.0_fk0.003_rp0.0_vd0.0_seed50_20260828_193359_911898.json,results/alice_realchannel_run_seed50_20260828_193400_042503.json,final_key,0.003,2,0.0026737967914438
0.0,0.003,0.0,0.0,51,results/bob_realchannel_run_tp0.0_fk0.003_rp0.0_vd0.0_seed51_20260828_193404_852102.json,374,37,1642,34,34,True,0,False,,5.832456827163696,{},placeholder,True,,9,results/bob_realchannel_run_tp0.0_fk0.003_rp0.0_vd0.0_seed51_20260828_193404_852102.json,results/alice_realchannel_run_seed51_20260828_193404_962376.json,final_key,0.003,2,0.0026737967914438
0.0,0.003,0.0,0.0,52,results/bob_realchannel_run_tp0.0_fk0.003_rp0.0_vd0.0_seed52_20260828_193412_167365.json,374,37,1642,34,34,True,0,False,,3.697007179260254,{},placeholder,True,,10,results/bob_realchannel_run_tp0.0_fk0.003_rp0.0_vd0.0_seed52_20260828_193412_167365.json,results/alice_realchannel_run_seed52_20260828_193412_300986.json,final_key,0.003,2,0.0026737967914438
0.0,0.003,0.0,0.0,53,results/bob_realchannel_run_tp0.0_fk0.003_rp0.0_vd0.0_seed53_20260828_193417_465640.json,374,25,1642,34,34,False,12,False,,3.078184127807617,{},placeholder,False,,11,results/bob_realchannel_run_tp0.0_fk0.003_rp0.0_vd0.0_seed53_20260828_193417_465640.json,results/alice_realchannel_run_seed53_20260828_193417_611673.json,final_key,0.003,2,0.0026737967914438
0.0,0.003,0.0,0.0,54,results/bob_realchannel_run_tp0.0_fk0.003_rp0.0_vd0.0_seed54_20260828_193422_016878.json,374,37,1642,34,34,True,0,False,,4.014825344085693,{},placeholder,True,,12,results/bob_realchannel_run_tp0.0_fk0.003_rp0.0_vd0.0_seed54_20260828_193422_016878.json,results/alice_realchannel_run_seed54_20260828_193422_147961.json,final_key,0.003,2,0.0026737967914438
0.0,0.003,0.0,0.0,55,results/bob_realchannel_run_tp0.0_fk0.003_rp0.0_vd0.0_seed55_20260828_193427_464512.json,374,37,1642,34,34,True,0,False,,3.539080858230591,{},placeholder,True,,13,results/bob_realchannel_run_tp0.0_fk0.003_rp0.0_vd0.0_seed55_20260828_193427_464512.json,results/alice_realchannel_run_seed55_20260828_193427_630780.json,final_key,0.003,2,0.0026737967914438
0.0,0.003,0.0,0.0,56,results/bob_realchannel_run_tp0.0_fk0.003_rp0.0_vd0.0_seed56_20260828_193432_535170.json,374,37,1642,34,34,True,0,False,,4.733043909072876,{},placeholder,True,,14,results/bob_realchannel_run_tp0.0_fk0.003_rp0.0_vd0.0_seed56_20260828_193432_535170.json,results/alice_realchannel_run_seed56_20260828_193432_696856.json,final_key,0.003,2,0.0026737967914438
0.0,0.003,0.0,0.0,57,results/bob_realchannel_run_tp0.0_fk0.003_rp0.0_vd0.0_seed57_20260828_193438_783317.json,374,37,1642,34,34,True,0,False,,3.8372769355773926,{},placeholder,True,,15,results/bob_realchannel_run_tp0.0_fk0.003_rp0.0_vd0.0_seed57_20260828_193438_783317.json,results/alice_realchannel_run_seed57_20260828_193438_930490.json,final_key,0.003,2,0.0026737967914438
0.0,0.003,0.0,0.0,58,results/bob_realchannel_run_tp0.0_fk0.003_rp0.0_vd0.0_seed58_20260828_193444_117557.json,374,37,1642,34,34,True,0,False,,3.690121650695801,{},placeholder,True,,16,results/bob_realchannel_run_tp0.0_fk0.003_rp0.0_vd0.0_seed58_20260828_193444_117557.json,results/alice_realchannel_run_seed58_20260828_193444_247193.json,final_key,0.003,2,0.0026737967914438
0.0,0.003,0.0,0.0,59,results/bob_realchannel_run_tp0.0_fk0.003_rp0.0_vd0.0_seed59_20260828_193449_262790.json,374,37,1642,34,34,True,0,False,,3.408740520477295,{},placeholder,True,,17,results/bob_realchannel_run_tp0.0_fk0.003_rp0.0_vd0.0_seed59_20260828_193449_262790.json,results/alice_realchannel_run_seed59_20260828_193449_408894.json,final_key,0.003,2,0.0026737967914438
0.0,0.003,0.0,0.0,60,results/bob_realchannel_run_tp0.0_fk0.003_rp0.0_vd0.0_seed60_20260828_193454_135953.json,374,37,1642,34,34,True,0,False,,5.975786209106445,{},placeholder,True,,18,results/bob_realchannel_run_tp0.0_fk0.003_rp0.0_vd0.0_seed60_20260828_193454_135953.json,results/alice_realchannel_run_seed60_20260828_193454_248348.json,final_key,0.003,2,0.0026737967914438
0.0,0.003,0.0,0.0,61,results/bob_realchannel_run_tp0.0_fk0.003_rp0.0_vd0.0_seed61_20260828_193501_528832.json,374,37,1642,34,34,True,0,False,,5.838754415512085,{},placeholder,True,,19,results/bob_realchannel_run_tp0.0_fk0.003_rp0.0_vd0.0_seed61_20260828_193501_528832.json,results/alice_realchannel_run_seed61_20260828_193501_646778.json,final_key,0.003,2,0.0026737967914438
0.0,0.001,0.0,0.0,42,results/bob_realchannel_run_tp0.0_fk0.001_rp0.0_vd0.0_seed42_20260828_193508_771050.json,374,37,1642,34,34,True,0,False,,3.7166876792907715,{},placeholder,True,,0,results/bob_realchannel_run_tp0.0_fk0.001_rp0.0_vd0.0_seed42_20260828_193508_771050.json,results/alice_realchannel_run_seed42_20260828_193508_926377.json,final_key,0.001,2,0.0026737967914438
0.0,0.001,0.0,0.0,43,results/bob_realchannel_run_tp0.0_fk0.001_rp0.0_vd0.0_seed43_20260828_193513_986924.json,374,37,1642,34,34,True,0,False,,5.41320538520813,{},placeholder,True,,1,results/bob_realchannel_run_tp0.0_fk0.001_rp0.0_vd0.0_seed43_20260828_193513_986924.json,results/alice_realchannel_run_seed43_20260828_193514_108191.json,final_key,0.001,2,0.0026737967914438
0.0,0.001,0.0,0.0,44,results/bob_realchannel_run_tp0.0_fk0.001_rp0.0_vd0.0_seed44_20260828_193520_820726.json,374,37,1642,34,34,True,0,False,,3.2348148822784424,{},placeholder,True,,2,results/bob_realchannel_run_tp0.0_fk0.001_rp0.0_vd0.0_seed44_20260828_193520_820726.json,results/alice_realchannel_run_seed44_20260828_193520_990847.json,final_key,0.001,2,0.0026737967914438
0.0,0.001,0.0,0.0,45,results/bob_realchannel_run_tp0.0_fk0.001_rp0.0_vd0.0_seed45_20260828_193525_590416.json,374,37,1642,34,34,True,0,False,,3.7296719551086426,{},placeholder,True,,3,results/bob_realchannel_run_tp0.0_fk0.001_rp0.0_vd0.0_seed45_20260828_193525_590416.json,results/alice_realchannel_run_seed45_20260828_193525_722450.json,final_key,0.001,2,0.0026737967914438
0.0,0.001,0.0,0.0,46,results/bob_realchannel_run_tp0.0_fk0.001_rp0.0_vd0.0_seed46_20260828_193530_751639.json,374,37,1642,34,34,True,0,False,,3.376920223236084,{},placeholder,True,,4,results/bob_realchannel_run_tp0.0_fk0.001_rp0.0_vd0.0_seed46_20260828_193530_751639.json,results/alice_realchannel_run_seed46_20260828_193530_901745.json,final_key,0.001,2,0.0026737967914438
0.0,0.001,0.0,0.0,47,results/bob_realchannel_run_tp0.0_fk0.001_rp0.0_vd0.0_seed47_20260828_193535_670955.json,374,37,1642,34,34,True,0,False,,5.9166483879089355,{},placeholder,True,,5,results/bob_realchannel_run_tp0.0_fk0.001_rp0.0_vd0.0_seed47_20260828_193535_670955.json,results/alice_realchannel_run_seed47_20260828_193535_732434.json,final_key,0.001,2,0.0026737967914438
0.0,0.001,0.0,0.0,48,results/bob_realchannel_run_tp0.0_fk0.001_rp0.0_vd0.0_seed48_20260828_193543_144734.json,374,37,1642,34,34,True,0,False,,5.5668745040893555,{},placeholder,True,,6,results/bob_realchannel_run_tp0.0_fk0.001_rp0.0_vd0.0_seed48_20260828_193543_144734.json,results/alice_realchannel_run_seed48_20260828_193543_144667.json,final_key,0.001,2,0.0026737967914438
0.0,0.001,0.0,0.0,49,results/bob_realchannel_run_tp0.0_fk0.001_rp0.0_vd0.0_seed49_20260828_193550_337774.json,374,35,1642,34,34,False,2,False,,5.634328365325928,{},placeholder,False,,7,results/bob_realchannel_run_tp0.0_fk0.001_rp0.0_vd0.0_seed49_20260828_193550_337774.json,results/alice_realchannel_run_seed49_20260828_193550_328883.json,final_key,0.001,2,0.0026737967914438
0.0,0.001,0.0,0.0,50,results/bob_realchannel_run_tp0.0_fk0.001_rp0.0_vd0.0_seed50_20260828_193557_441224.json,374,37,1642,34,34,True,0,False,,5.415355205535889,{},placeholder,True,,8,results/bob_realchannel_run_tp0.0_fk0.001_rp0.0_vd0.0_seed50_20260828_193557_441224.json,results/alice_realchannel_run_seed50_20260828_193557_551687.json,final_key,0.001,2,0.0026737967914438
0.0,0.001,0.0,0.0,51,results/bob_realchannel_run_tp0.0_fk0.001_rp0.0_vd0.0_seed51_20260828_193604_482907.json,374,37,1642,34,34,True,0,False,,5.728543996810913,{},placeholder,True,,9,results/bob_realchannel_run_tp0.0_fk0.001_rp0.0_vd0.0_seed51_20260828_193604_482907.json,results/alice_realchannel_run_seed51_20260828_193604_493672.json,final_key,0.001,2,0.0026737967914438
0.0,0.001,0.0,0.0,52,results/bob_realchannel_run_tp0.0_fk0.001_rp0.0_vd0.0_seed52_20260828_193611_714987.json,374,37,1642,34,34,True,0,False,,5.208841323852539,{},placeholder,True,,10,results/bob_realchannel_run_tp0.0_fk0.001_rp0.0_vd0.0_seed52_20260828_193611_714987.json,results/alice_realchannel_run_seed52_20260828_193611_799138.json,final_key,0.001,2,0.0026737967914438
0.0,0.001,0.0,0.0,53,results/bob_realchannel_run_tp0.0_fk0.001_rp0.0_vd0.0_seed53_20260828_193618_343055.json,374,25,1642,34,34,False,12,False,,3.0889501571655273,{},placeholder,False,,11,results/bob_realchannel_run_tp0.0_fk0.001_rp0.0_vd0.0_seed53_20260828_193618_343055.json,results/alice_realchannel_run_seed53_20260828_193618_499001.json,final_key,0.001,2,0.0026737967914438
0.0,0.001,0.0,0.0,54,results/bob_realchannel_run_tp0.0_fk0.001_rp0.0_vd0.0_seed54_20260828_193622_896408.json,374,37,1642,34,34,True,0,False,,4.040345191955566,{},placeholder,True,,12,results/bob_realchannel_run_tp0.0_fk0.001_rp0.0_vd0.0_seed54_20260828_193622_896408.json,results/alice_realchannel_run_seed54_20260828_193623_043555.json,final_key,0.001,2,0.0026737967914438
0.0,0.001,0.0,0.0,55,results/bob_realchannel_run_tp0.0_fk0.001_rp0.0_vd0.0_seed55_20260828_193628_597621.json,374,37,1642,34,34,True,0,False,,3.5621249675750732,{},placeholder,True,,13,results/bob_realchannel_run_tp0.0_fk0.001_rp0.0_vd0.0_seed55_20260828_193628_597621.json,results/alice_realchannel_run_seed55_20260828_193628_777917.json,final_key,0.001,2,0.0026737967914438
0.0,0.001,0.0,0.0,56,results/bob_realchannel_run_tp0.0_fk0.001_rp0.0_vd0.0_seed56_20260828_193633_641104.json,374,37,1642,34,34,True,0,False,,4.706957817077637,{},placeholder,True,,14,results/bob_realchannel_run_tp0.0_fk0.001_rp0.0_vd0.0_seed56_20260828_193633_641104.json,results/alice_realchannel_run_seed56_20260828_193633_779911.json,final_key,0.001,2,0.0026737967914438
0.0,0.001,0.0,0.0,57,results/bob_realchannel_run_tp0.0_fk0.001_rp0.0_vd0.0_seed57_20260828_193639_788720.json,374,37,1642,34,34,True,0,False,,5.819116830825806,{},placeholder,True,,15,results/bob_realchannel_run_tp0.0_fk0.001_rp0.0_vd0.0_seed57_20260828_193639_788720.json,results/alice_realchannel_run_seed57_20260828_193639_914103.json,final_key,0.001,2,0.0026737967914438
0.0,0.001,0.0,0.0,58,results/bob_realchannel_run_tp0.0_fk0.001_rp0.0_vd0.0_seed58_20260828_193647_077812.json,374,37,1642,34,34,True,0,False,,3.7225334644317627,{},placeholder,True,,16,results/bob_realchannel_run_tp0.0_fk0.001_rp0.0_vd0.0_seed58_20260828_193647_077812.json,results/alice_realchannel_run_seed58_20260828_193647_237907.json,final_key,0.001,2,0.0026737967914438
0.0,0.001,0.0,0.0,59,results/bob_realchannel_run_tp0.0_fk0.001_rp0.0_vd0.0_seed59_20260828_193652_290981.json,374,37,1642,34,34,True,0,False,,5.397202968597412,{},placeholder,True,,17,results/bob_realchannel_run_tp0.0_fk0.001_rp0.0_vd0.0_seed59_20260828_193652_290981.json,results/alice_realchannel_run_seed59_20260828_193652_410668.json,final_key,0.001,2,0.0026737967914438
0.0,0.001,0.0,0.0,60,results/bob_realchannel_run_tp0.0_fk0.001_rp0.0_vd0.0_seed60_20260828_193659_247936.json,374,37,1642,34,34,True,0,False,,5.919516563415527,{},placeholder,True,,18,results/bob_realchannel_run_tp0.0_fk0.001_rp0.0_vd0.0_seed60_20260828_193659_247936.json,results/alice_realchannel_run_seed60_20260828_193659_321305.json,final_key,0.001,2,0.0026737967914438
0.0,0.001,0.0,0.0,61,results/bob_realchannel_run_tp0.0_fk0.001_rp0.0_vd0.0_seed61_20260828_193706_715099.json,374,37,1642,34,34,True,0,False,,3.8489902019500732,{},placeholder,True,,19,results/bob_realchannel_run_tp0.0_fk0.001_rp0.0_vd0.0_seed61_20260828_193706_715099.json,results/alice_realchannel_run_seed61_20260828_193706_865175.json,final_key,0.001,2,0.0026737967914438
0.0,0.5,0.0,0.0,42,results/bob_realchannel_run_tp0.0_fk0.5_rp0.0_vd0.0_seed42_20260828_193711_984716.json,374,37,3180,34,34,True,0,False,,3.7210631370544434,{},asymptotic,True,,0,results/bob_realchannel_run_tp0.0_fk0.5_rp0.0_vd0.0_seed42_20260828_193711_984716.json,results/alice_realchannel_run_seed42_20260828_193712_144177.json,final_key,0.5,2,0.0026737967914438
0.0,0.5,0.0,0.0,43,results/bob_realchannel_run_tp0.0_fk0.5_rp0.0_vd0.0_seed43_20260828_193717_290287.json,374,37,3180,34,34,True,0,False,,5.39888072013855,{'final_key': 1},asymptotic,False,,1,results/bob_realchannel_run_tp0.0_fk0.5_rp0.0_vd0.0_seed43_20260828_193717_290287.json,results/alice_realchannel_run_seed43_20260828_193717_359422.json,final_key,0.5,2,0.0026737967914438
0.0,0.5,0.0,0.0,44,results/bob_realchannel_run_tp0.0_fk0.5_rp0.0_vd0.0_seed44_20260828_193724_119735.json,374,37,3180,34,34,True,0,False,,3.2570178508758545,{'final_key': 1},asymptotic,False,,2,results/bob_realchannel_run_tp0.0_fk0.5_rp0.0_vd0.0_seed44_20260828_193724_119735.json,results/alice_realchannel_run_seed44_20260828_193724_284251.json,final_key,0.5,2,0.0026737967914438
0.0,0.5,0.0,0.0,45,results/bob_realchannel_run_tp0.0_fk0.5_rp0.0_vd0.0_seed45_20260828_193728_934913.json,374,37,3180,34,34,True,0,False,,5.738163471221924,{},asymptotic,True,,3,results/bob_realchannel_run_tp0.0_fk0.5_rp0.0_vd0.0_seed45_20260828_193728_934913.json,results/alice_realchannel_run_seed45_20260828_193729_033815.json,final_key,0.5,2,0.0026737967914438
0.0,0.5,0.0,0.0,46,results/bob_realchannel_run_tp0.0_fk0.5_rp0.0_vd0.0_seed46_20260828_193736_201305.json,374,37,3180,34,34,True,0,False,,5.259642601013184,{'final_key': 1},asymptotic,False,,4,results/bob_realchannel_run_tp0.0_fk0.5_rp0.0_vd0.0_seed46_20260828_193736_201305.json,results/alice_realchannel_run_seed46_20260828_193736_212208.json,final_key,0.5,2,0.0026737967914438
0.0,0.5,0.0,0.0,47,results/bob_realchannel_run_tp0.0_fk0.5_rp0.0_vd0.0_seed47_20260828_193743_075815.json,374,37,3180,34,34,True,0,False,,5.873116970062256,{},asymptotic,True,,5,results/bob_realchannel_run_tp0.0_fk0.5_rp0.0_vd0.0_seed47_20260828_193743_075815.json,results/alice_realchannel_run_seed47_20260828_193743_076107.json,final_key,0.5,2,0.0026737967914438
0.0,0.5,0.0,0.0,48,results/bob_realchannel_run_tp0.0_fk0.5_rp0.0_vd0.0_seed48_20260828_193750_360925.json,374,37,3180,34,34,True,0,False,,5.716410398483276,{'final_key': 1},asymptotic,False,,6,results/bob_realchannel_run_tp0.0_fk0.5_rp0.0_vd0.0_seed48_20260828_193750_360925.json,results/alice_realchannel_run_seed48_20260828_193750_463778.json,final_key,0.5,2,0.0026737967914438
0.0,0.5,0.0,0.0,49,results/bob_realchannel_run_tp0.0_fk0.5_rp0.0_vd0.0_seed49_20260828_193757_467912.json,374,35,3180,34,34,False,2,False,,3.8373396396636963,{},asymptotic,False,,7,results/bob_realchannel_run_tp0.0_fk0.5_rp0.0_vd0.0_seed49_20260828_193757_467912.json,results/alice_realchannel_run_seed49_20260828_193757_650737.json,final_key,0.5,2,0.0026737967914438
0.0,0.5,0.0,0.0,50,results/bob_realchannel_run_tp0.0_fk0.5_rp0.0_vd0.0_seed50_20260828_193802_860857.json,374,37,3180,34,34,True,0,False,,5.436127185821533,{'final_key': 1},asymptotic,False,,8,results/bob_realchannel_run_tp0.0_fk0.5_rp0.0_vd0.0_seed50_20260828_193802_860857.json,results/alice_realchannel_run_seed50_20260828_193802_956738.json,final_key,0.5,2,0.0026737967914438
0.0,0.5,0.0,0.0,51,results/bob_realchannel_run_tp0.0_fk0.5_rp0.0_vd0.0_seed51_20260828_193809_706508.json,374,37,3180,34,34,True,0,False,,5.883179187774658,{'final_key': 1},asymptotic,False,,9,results/bob_realchannel_run_tp0.0_fk0.5_rp0.0_vd0.0_seed51_20260828_193809_706508.json,results/alice_realchannel_run_seed51_20260828_193809_831287.json,final_key,0.5,2,0.0026737967914438
0.0,0.5,0.0,0.0,52,results/bob_realchannel_run_tp0.0_fk0.5_rp0.0_vd0.0_seed52_20260828_193817_066653.json,374,37,3180,34,34,True,0,False,,3.7226836681365967,{},asymptotic,True,,10,results/bob_realchannel_run_tp0.0_fk0.5_rp0.0_vd0.0_seed52_20260828_193817_066653.json,results/alice_realchannel_run_seed52_20260828_193817_195087.json,final_key,0.5,2,0.0026737967914438
0.0,0.5,0.0,0.0,53,results/bob_realchannel_run_tp0.0_fk0.5_rp0.0_vd0.0_seed53_20260828_193822_265825.json,374,25,3180,34,34,False,12,False,,3.150984048843384,{},asymptotic,False,,11,results/bob_realchannel_run_tp0.0_fk0.5_rp0.0_vd0.0_seed53_20260828_193822_265825.json,results/alice_realchannel_run_seed53_20260828_193822_449709.json,final_key,0.5,2,0.0026737967914438
0.0,0.5,0.0,0.0,54,results/bob_realchannel_run_tp0.0_fk0.5_rp0.0_vd0.0_seed54_20260828_193826_917820.json,374,37,3180,34,34,True,0,False,,4.075411081314087,{},asymptotic,True,,12,results/bob_realchannel_run_tp0.0_fk0.5_rp0.0_vd0.0_seed54_20260828_193826_917820.json,results/alice_realchannel_run_seed54_20260828_193827_068326.json,final_key,0.5,2,0.0026737967914438
0.0,0.5,0.0,0.0,55,results/bob_realchannel_run_tp0.0_fk0.5_rp0.0_vd0.0_seed55_20260828_193832_493846.json,374,37,3180,34,34,True,0,False,,3.5551116466522217,{},asymptotic,True,,13,results/bob_realchannel_run_tp0.0_fk0.5_rp0.0_vd0.0_seed55_20260828_193832_493846.json,results/alice_realchannel_run_seed55_20260828_193832_640569.json,final_key,0.5,2,0.0026737967914438
0.0,0.5,0.0,0.0,56,results/bob_realchannel_run_tp0.0_fk0.5_rp0.0_vd0.0_seed56_20260828_193837_524508.json,374,37,3180,34,34,True,0,False,,4.788207530975342,{'final_key': 1},asymptotic,False,,14,results/bob_realchannel_run_tp0.0_fk0.5_rp0.0_vd0.0_seed56_20260828_193837_524508.json,results/alice_realchannel_run_seed56_20260828_193837_708505.json,final_key,0.5,2,0.0026737967914438
0.0,0.5,0.0,0.0,57,results/bob_realchannel_run_tp0.0_fk0.5_rp0.0_vd0.0_seed57_20260828_193843_794921.json,374,37,3180,34,34,True,0,False,,3.85428786277771,{},asymptotic,True,,15,results/bob_realchannel_run_tp0.0_fk0.5_rp0.0_vd0.0_seed57_20260828_193843_794921.json,results/alice_realchannel_run_seed57_20260828_193843_947591.json,final_key,0.5,2,0.0026737967914438
0.0,0.5,0.0,0.0,58,results/bob_realchannel_run_tp0.0_fk0.5_rp0.0_vd0.0_seed58_20260828_193849_135773.json,374,37,3180,34,34,True,0,False,,3.7290050983428955,{'final_key': 1},asymptotic,False,,16,results/bob_realchannel_run_tp0.0_fk0.5_rp0.0_vd0.0_seed58_20260828_193849_135773.json,results/alice_realchannel_run_seed58_20260828_193849_277384.json,final_key,0.5,2,0.0026737967914438
0.0,0.5,0.0,0.0,59,results/bob_realchannel_run_tp0.0_fk0.5_rp0.0_vd0.0_seed59_20260828_193854_334393.json,374,37,3180,34,34,True,0,False,,3.454986810684204,{},asymptotic,True,,17,results/bob_realchannel_run_tp0.0_fk0.5_rp0.0_vd0.0_seed59_20260828_193854_334393.json,results/alice_realchannel_run_seed59_20260828_193854_499142.json,final_key,0.5,2,0.0026737967914438
0.0,0.5,0.0,0.0,60,results/bob_realchannel_run_tp0.0_fk0.5_rp0.0_vd0.0_seed60_20260828_193859_331419.json,374,37,3180,34,34,True,0,False,,5.9858996868133545,{'final_key': 1},asymptotic,False,,18,results/bob_realchannel_run_tp0.0_fk0.5_rp0.0_vd0.0_seed60_20260828_193859_331419.json,results/alice_realchannel_run_seed60_20260828_193859_433734.json,final_key,0.5,2,0.0026737967914438
0.0,0.5,0.0,0.0,61,results/bob_realchannel_run_tp0.0_fk0.5_rp0.0_vd0.0_seed61_20260828_193906_744293.json,374,37,3180,34,34,True,0,False,,3.880544424057007,{},asymptotic,True,,19,results/bob_realchannel_run_tp0.0_fk0.5_rp0.0_vd0.0_seed61_20260828_193906_744293.json,results/alice_realchannel_run_seed61_20260828_193906_895511.json,final_key,0.5,2,0.0026737967914438
0.0,0.3,0.0,0.0,42,results/bob_realchannel_run_tp0.0_fk0.3_rp0.0_vd0.0_seed42_20260828_193912_132386.json,374,37,3180,34,34,True,0,False,,5.70104455947876,{},asymptotic,True,,0,results/bob_realchannel_run_tp0.0_fk0.3_rp0.0_vd0.0_seed42_20260828_193912_132386.json,results/alice_realchannel_run_seed42_20260828_193912_253004.json,final_key,0.3,2,0.0026737967914438
0.0,0.3,0.0,0.0,43,results/bob_realchannel_run_tp0.0_fk0.3_rp0.0_vd0.0_seed43_20260828_193919_360427.json,374,37,3180,34,34,True,0,False,,3.4648051261901855,{},asymptotic,True,,1,results/bob_realchannel_run_tp0.0_fk0.3_rp0.0_vd0.0_seed43_20260828_193919_360427.json,results/alice_realchannel_run_seed43_20260828_193919_519883.json,final_key,0.3,2,0.0026737967914438
0.0,0.3,0.0,0.0,44,results/bob_realchannel_run_tp0.0_fk0.3_rp0.0_vd0.0_seed44_20260828_193924_334188.json,374,37,3180,34,34,True,0,False,,3.2553517818450928,{'final_key': 1},asymptotic,False,,2,results/bob_realchannel_run_tp0.0_fk0.3_rp0.0_vd0.0_seed44_20260828_193924_334188.json,results/alice_realchannel_run_seed44_20260828_193924_495277.json,final_key,0.3,2,0.0026737967914438
0.0,0.3,0.0,0.0,45,results/bob_realchannel_run_tp0.0_fk0.3_rp0.0_vd0.0_seed45_20260828_193929_030916.json,374,37,3180,34,34,True,0,False,,5.751049518585205,{},asymptotic,True,,3,results/bob_realchannel_run_tp0.0_fk0.3_rp0.0_vd0.0_seed45_20260828_193929_030916.json,results/alice_realchannel_run_seed45_20260828_193929_134570.json,final_key,0.3,2,0.0026737967914438
0.0,0.3,0.0,0.0,46,results/bob_realchannel_run_tp0.0_fk0.3_rp0.0_vd0.0_seed46_20260828_193936_208222.json,374,37,3180,34,34,True,0,False,,5.372830152511597,{'final_key': 1},asymptotic,False,,4,results/bob_realchannel_run_tp0.0_fk0.3_rp0.0_vd0.0_seed46_20260828_193936_208222.json,results/alice_realchannel_run_seed46_20260828_193936_320278.json,final_key,0.3,2,0.0026737967914438
0.0,0.3,0.0,0.0,47,results/bob_realchannel_run_tp0.0_fk0.3_rp0.0_vd0.0_seed47_20260828_193942_996984.json,374,37,3180,34,34,True,0,False,,2.82633638381958,{},asymptotic,True,,5,results/bob_realchannel_run_tp0.0_fk0.3_rp0.0_vd0.0_seed47_20260828_193942_996984.json,results/alice_realchannel_run_seed47_20260828_193943_128786.json,final_key,0.3,2,0.0026737967914438
0.0,0.3,0.0,0.0,48,results/bob_realchannel_run_tp0.0_fk0.3_rp0.0_vd0.0_seed48_20260828_193947_229823.json,374,37,3180,34,34,True,0,False,,3.719393014907837,{'final_key': 1},asymptotic,False,,6,results/bob_realchannel_run_tp0.0_fk0.3_rp0.0_vd0.0_seed48_20260828_193947_229823.json,results/alice_realchannel_run_seed48_20260828_193947_363411.json,final_key,0.3,2,0.0026737967914438
0.0,0.3,0.0,0.0,49,results/bob_realchannel_run_tp0.0_fk0.3_rp0.0_vd0.0_seed49_20260828_193952_366973.json,374,35,3180,34,34,False,2,False,,5.77418065071106,{},asymptotic,False,,7,results/bob_realchannel_run_tp0.0_fk0.3_rp0.0_vd0.0_seed49_20260828_193952_366973.json,results/alice_realchannel_run_seed49_20260828_193952_475848.json,final_key,0.3,2,0.0026737967914438
0.0,0.3,0.0,0.0,50,results/bob_realchannel_run_tp0.0_fk0.3_rp0.0_vd0.0_seed50_20260828_193959_574185.json,374,37,3180,34,34,True,0,False,,5.439024209976196,{'final_key': 1},asymptotic,False,,8,results/bob_realchannel_run_tp0.0_fk0.3_rp0.0_vd0.0_seed50_20260828_193959_574185.json,results/alice_realchannel_run_seed50_20260828_193959_674573.json,final_key,0.3,2,0.0026737967914438
0.0,0.3,0.0,0.0,51,results/bob_realchannel_run_tp0.0_fk0.3_rp0.0_vd0.0_seed51_20260828_194006_429595.json,374,37,3180,34,34,True,0,False,,5.899580955505371,{},asymptotic,True,,9,results/bob_realchannel_run_tp0.0_fk0.3_rp0.0_vd0.0_seed51_20260828_194006_429595.json,results/alice_realchannel_run_seed51_20260828_194006_555332.json,final_key,0.3,2,0.0026737967914438
0.0,0.3,0.0,0.0,52,results/bob_realchannel_run_tp0.0_fk0.3_rp0.0_vd0.0_seed52_20260828_194013_738206.json,374,37,3180,34,34,True,0,False,,5.735008716583252,{},asymptotic,True,,10,results/bob_realchannel_run_tp0.0_fk0.3_rp0.0_vd0.0_seed52_20260828_194013_738206.json,results/alice_realchannel_run_seed52_20260828_194013_861756.json,final_key,0.3,2,0.0026737967914438
0.0,0.3,0.0,0.0,53,results/bob_realchannel_run_tp0.0_fk0.3_rp0.0_vd0.0_seed53_20260828_194020_937439.json,374,25,3180,34,34,False,12,False,,5.039409875869751,{},asymptotic,False,,11,results/bob_realchannel_run_tp0.0_fk0.3_rp0.0_vd0.0_seed53_20260828_194020_937439.json,results/alice_realchannel_run_seed53_20260828_194021_004931.json,final_key,0.3,2,0.0026737967914438
0.0,0.3,0.0,0.0,54,results/bob_realchannel_run_tp0.0_fk0.3_rp0.0_vd0.0_seed54_20260828_194027_434198.json,374,37,3180,34,34,True,0,False,,6.043009281158447,{},asymptotic,True,,12,results/bob_realchannel_run_tp0.0_fk0.3_rp0.0_vd0.0_seed54_20260828_194027_434198.json,results/alice_realchannel_run_seed54_20260828_194027_538517.json,final_key,0.3,2,0.0026737967914438
0.0,0.3,0.0,0.0,55,results/bob_realchannel_run_tp0.0_fk0.3_rp0.0_vd0.0_seed55_20260828_194034_902330.json,374,37,3180,34,34,True,0,False,,3.5306179523468018,{},asymptotic,True,,13,results/bob_realchannel_run_tp0.0_fk0.3_rp0.0_vd0.0_seed55_20260828_194034_902330.json,results/alice_realchannel_run_seed55_20260828_194035_030467.json,final_key,0.3,2,0.0026737967914438
0.0,0.3,0.0,0.0,56,results/bob_realchannel_run_tp0.0_fk0.3_rp0.0_vd0.0_seed56_20260828_194039_866280.json,374,37,3180,34,34,True,0,False,,4.746594429016113,{},asymptotic,True,,14,results/bob_realchannel_run_tp0.0_fk0.3_rp0.0_vd0.0_seed56_20260828_194039_866280.json,results/alice_realchannel_run_seed56_20260828_194040_017475.json,final_key,0.3,2,0.0026737967914438
0.0,0.3,0.0,0.0,57,results/bob_realchannel_run_tp0.0_fk0.3_rp0.0_vd0.0_seed57_20260828_194046_079065.json,374,37,3180,34,34,True,0,False,,3.87772536277771,{},asymptotic,True,,15,results/bob_realchannel_run_tp0.0_fk0.3_rp0.0_vd0.0_seed57_20260828_194046_079065.json,results/alice_realchannel_run_seed57_20260828_194046_244503.json,final_key,0.3,2,0.0026737967914438
0.0,0.3,0.0,0.0,58,results/bob_realchannel_run_tp0.0_fk0.3_rp0.0_vd0.0_seed58_20260828_194051_437481.json,374,37,3180,34,34,True,0,False,,5.732327222824097,{'final_key': 1},asymptotic,False,,16,results/bob_realchannel_run_tp0.0_fk0.3_rp0.0_vd0.0_seed58_20260828_194051_437481.json,results/alice_realchannel_run_seed58_20260828_194051_560738.json,final_key,0.3,2,0.0026737967914438
0.0,0.3,0.0,0.0,59,results/bob_realchannel_run_tp0.0_fk0.3_rp0.0_vd0.0_seed59_20260828_194058_720946.json,374,37,3180,34,34,True,0,False,,5.379967212677002,{},asymptotic,True,,17,results/bob_realchannel_run_tp0.0_fk0.3_rp0.0_vd0.0_seed59_20260828_194058_720946.json,results/alice_realchannel_run_seed59_20260828_194058_797234.json,final_key,0.3,2,0.0026737967914438
0.0,0.3,0.0,0.0,60,results/bob_realchannel_run_tp0.0_fk0.3_rp0.0_vd0.0_seed60_20260828_194105_526392.json,374,37,3180,34,34,True,0,False,,4.01517915725708,{'final_key': 1},asymptotic,False,,18,results/bob_realchannel_run_tp0.0_fk0.3_rp0.0_vd0.0_seed60_20260828_194105_526392.json,results/alice_realchannel_run_seed60_20260828_194105_683534.json,final_key,0.3,2,0.0026737967914438
0.0,0.3,0.0,0.0,61,results/bob_realchannel_run_tp0.0_fk0.3_rp0.0_vd0.0_seed61_20260828_194111_043651.json,374,37,3180,34,34,True,0,False,,5.861292123794556,{},asymptotic,True,,19,results/bob_realchannel_run_tp0.0_fk0.3_rp0.0_vd0.0_seed61_20260828_194111_043651.json,results/alice_realchannel_run_seed61_20260828_194111_163730.json,final_key,0.3,2,0.0026737967914438
0.0,0.1,0.0,0.0,42,results/bob_realchannel_run_tp0.0_fk0.1_rp0.0_vd0.0_seed42_20260828_194118_297755.json,374,37,3180,34,34,True,0,False,,3.731250524520874,{},asymptotic,True,,0,results/bob_realchannel_run_tp0.0_fk0.1_rp0.0_vd0.0_seed42_20260828_194118_297755.json,results/alice_realchannel_run_seed42_20260828_194118_466020.json,final_key,0.1,2,0.0026737967914438
0.0,0.1,0.0,0.0,43,results/bob_realchannel_run_tp0.0_fk0.1_rp0.0_vd0.0_seed43_20260828_194123_498686.json,374,37,3180,34,34,True,0,False,,5.433832406997681,{},asymptotic,True,,1,results/bob_realchannel_run_tp0.0_fk0.1_rp0.0_vd0.0_seed43_20260828_194123_498686.json,results/alice_realchannel_run_seed43_20260828_194123_619317.json,final_key,0.1,2,0.0026737967914438
0.0,0.1,0.0,0.0,44,results/bob_realchannel_run_tp0.0_fk0.1_rp0.0_vd0.0_seed44_20260828_194130_346333.json,374,37,3180,34,34,True,0,False,,3.262816905975342,{},asymptotic,True,,2,results/bob_realchannel_run_tp0.0_fk0.1_rp0.0_vd0.0_seed44_20260828_194130_346333.json,results/alice_realchannel_run_seed44_20260828_194130_525552.json,final_key,0.1,2,0.0026737967914438
0.0,0.1,0.0,0.0,45,results/bob_realchannel_run_tp0.0_fk0.1_rp0.0_vd0.0_seed45_20260828_194135_201952.json,374,37,3180,34,34,True,0,False,,5.695141792297363,{},asymptotic,True,,3,results/bob_realchannel_run_tp0.0_fk0.1_rp0.0_vd0.0_seed45_20260828_194135_201952.json,results/alice_realchannel_run_seed45_20260828_194135_252403.json,final_key,0.1,2,0.0026737967914438
0.0,0.1,0.0,0.0,46,results/bob_realchannel_run_tp0.0_fk0.1_rp0.0_vd0.0_seed46_20260828_194142_318186.json,374,37,3180,34,34,True,0,False,,5.379012107849121,{'final_key': 1},asymptotic,False,,4,results/bob_realchannel_run_tp0.0_fk0.1_rp0.0_vd0.0_seed46_20260828_194142_318186.json,results/alice_realchannel_run_seed46_20260828_194142_432538.json,final_key,0.1,2,0.0026737967914438
0.0,0.1,0.0,0.0,47,results/bob_realchannel_run_tp0.0_fk0.1_rp0.0_vd0.0_seed47_20260828_194149_198406.json,374,37,3180,34,34,True,0,False,,5.986500024795532,{},asymptotic,True,,5,results/bob_realchannel_run_tp0.0_fk0.1_rp0.0_vd0.0_seed47_20260828_194149_198406.json,results/alice_realchannel_run_seed47_20260828_194149_307158.json,final_key,0.1,2,0.0026737967914438
0.0,0.1,0.0,0.0,48,results/bob_realchannel_run_tp0.0_fk0.1_rp0.0_vd0.0_seed48_20260828_194156_599836.json,374,37,3180,34,34,True,0,False,,3.7296128273010254,{},asymptotic,True,,6,results/bob_realchannel_run_tp0.0_fk0.1_rp0.0_vd0.0_seed48_20260828_194156_599836.json,results/alice_realchannel_run_seed48_20260828_194156_735125.json,final_key,0.1,2,0.0026737967914438
0.0,0.1,0.0,0.0,49,results/bob_realchannel_run_tp0.0_fk0.1_rp0.0_vd0.0_seed49_20260828_194201_784703.json,374,35,3180,34,34,False,2,False,,3.8047711849212646,{},asymptotic,False,,7,results/bob_realchannel_run_tp0.0_fk0.1_rp0.0_vd0.0_seed49_20260828_194201_784703.json,results/alice_realchannel_run_seed49_20260828_194201_932188.json,final_key,0.1,2,0.0026737967914438
0.0,0.1,0.0,0.0,50,results/bob_realchannel_run_tp0.0_fk0.1_rp0.0_vd0.0_seed50_20260828_194207_107374.json,374,37,3180,34,34,True,0,False,,5.433513164520264,{},asymptotic,True,,8,results/bob_realchannel_run_tp0.0_fk0.1_rp0.0_vd0.0_seed50_20260828_194207_107374.json,results/alice_realchannel_run_seed50_20260828_194207_202878.json,final_key,0.1,2,0.0026737967914438
0.0,0.1,0.0,0.0,51,results/bob_realchannel_run_tp0.0_fk0.1_rp0.0_vd0.0_seed51_20260828_194213_974693.json,374,37,3180,34,34,True,0,False,,5.874191999435425,{},asymptotic,True,,9,results/bob_realchannel_run_tp0.0_fk0.1_rp0.0_vd0.0_seed51_20260828_194213_974693.json,results/alice_realchannel_run_seed51_20260828_194214_090746.json,final_key,0.1,2,0.0026737967914438
0.0,0.1,0.0,0.0,52,results/bob_realchannel_run_tp0.0_fk0.1_rp0.0_vd0.0_seed52_20260828_194221_262108.json,374,37,3180,34,34,True,0,False,,3.7230989933013916,{},asymptotic,True,,10,results/bob_realchannel_run_tp0.0_fk0.1_rp0.0_vd0.0_seed52_20260828_194221_262108.json,results/alice_realchannel_run_seed52_20260828_194221_392356.json,final_key,0.1,2,0.0026737967914438
0.0,0.1,0.0,0.0,53,results/bob_realchannel_run_tp0.0_fk0.1_rp0.0_vd0.0_seed53_20260828_194226_389332.json,374,25,3180,34,34,False,12,False,,3.1121602058410645,{},asymptotic,False,,11,results/bob_realchannel_run_tp0.0_fk0.1_rp0.0_vd0.0_seed53_20260828_194226_389332.json,results/alice_realchannel_run_seed53_20260828_194226_543933.json,final_key,0.1,2,0.0026737967914438
0.0,0.1,0.0,0.0,54,results/bob_realchannel_run_tp0.0_fk0.1_rp0.0_vd0.0_seed54_20260828_194231_011178.json,374,37,3180,34,34,True,0,False,,6.041668891906738,{},asymptotic,True,,12,results/bob_realchannel_run_tp0.0_fk0.1_rp0.0_vd0.0_seed54_20260828_194231_011178.json,results/alice_realchannel_run_seed54_20260828_194231_116877.json,final_key,0.1,2,0.0026737967914438
0.0,0.1,0.0,0.0,55,results/bob_realchannel_run_tp0.0_fk0.1_rp0.0_vd0.0_seed55_20260828_194238_438939.json,374,37,3180,34,34,True,0,False,,3.1067161560058594,{},asymptotic,True,,13,results/bob_realchannel_run_tp0.0_fk0.1_rp0.0_vd0.0_seed55_20260828_194238_438939.json,results/alice_realchannel_run_seed55_20260828_194238_586611.json,final_key,0.1,2,0.0026737967914438
0.0,0.1,0.0,0.0,56,results/bob_realchannel_run_tp0.0_fk0.1_rp0.0_vd0.0_seed56_20260828_194243_147448.json,374,37,3180,34,34,True,0,False,,6.725751638412476,{},asymptotic,True,,14,results/bob_realchannel_run_tp0.0_fk0.1_rp0.0_vd0.0_seed56_20260828_194243_147448.json,results/alice_realchannel_run_seed56_20260828_194243_263651.json,final_key,0.1,2,0.0026737967914438
0.0,0.1,0.0,0.0,57,results/bob_realchannel_run_tp0.0_fk0.1_rp0.0_vd0.0_seed57_20260828_194251_325836.json,374,37,3180,34,34,True,0,False,,3.834749460220337,{},asymptotic,True,,15,results/bob_realchannel_run_tp0.0_fk0.1_rp0.0_vd0.0_seed57_20260828_194251_325836.json,results/alice_realchannel_run_seed57_20260828_194251_452256.json,final_key,0.1,2,0.0026737967914438
0.0,0.1,0.0,0.0,58,results/bob_realchannel_run_tp0.0_fk0.1_rp0.0_vd0.0_seed58_20260828_194256_811814.json,374,37,3180,34,34,True,0,False,,5.50522255897522,{'final_key': 1},asymptotic,False,,16,results/bob_realchannel_run_tp0.0_fk0.1_rp0.0_vd0.0_seed58_20260828_194256_811814.json,results/alice_realchannel_run_seed58_20260828_194256_709750.json,final_key,0.1,2,0.0026737967914438
0.0,0.1,0.0,0.0,59,results/bob_realchannel_run_tp0.0_fk0.1_rp0.0_vd0.0_seed59_20260828_194303_783073.json,374,37,3180,34,34,True,0,False,,3.426257610321045,{},asymptotic,True,,17,results/bob_realchannel_run_tp0.0_fk0.1_rp0.0_vd0.0_seed59_20260828_194303_783073.json,results/alice_realchannel_run_seed59_20260828_194303_917914.json,final_key,0.1,2,0.0026737967914438
0.0,0.1,0.0,0.0,60,results/bob_realchannel_run_tp0.0_fk0.1_rp0.0_vd0.0_seed60_20260828_194308_651152.json,374,37,3180,34,34,True,0,False,,5.9899582862854,{'final_key': 1},asymptotic,False,,18,results/bob_realchannel_run_tp0.0_fk0.1_rp0.0_vd0.0_seed60_20260828_194308_651152.json,results/alice_realchannel_run_seed60_20260828_194308_747128.json,final_key,0.1,2,0.0026737967914438
0.0,0.1,0.0,0.0,61,results/bob_realchannel_run_tp0.0_fk0.1_rp0.0_vd0.0_seed61_20260828_194316_070227.json,374,37,3180,34,34,True,0,False,,5.846849679946899,{},asymptotic,True,,19,results/bob_realchannel_run_tp0.0_fk0.1_rp0.0_vd0.0_seed61_20260828_194316_070227.json,results/alice_realchannel_run_seed61_20260828_194316_167346.json,final_key,0.1,2,0.0026737967914438
0.0,0.05,0.0,0.0,42,results/bob_realchannel_run_tp0.0_fk0.05_rp0.0_vd0.0_seed42_20260828_194323_320890.json,374,37,3180,34,34,True,0,False,,3.700059413909912,{},asymptotic,True,,0,results/bob_realchannel_run_tp0.0_fk0.05_rp0.0_vd0.0_seed42_20260828_194323_320890.json,results/alice_realchannel_run_seed42_20260828_194323_455038.json,final_key,0.05,2,0.0026737967914438
0.0,0.05,0.0,0.0,43,results/bob_realchannel_run_tp0.0_fk0.05_rp0.0_vd0.0_seed43_20260828_194328_497598.json,374,37,3180,34,34,True,0,False,,5.415786981582642,{},asymptotic,True,,1,results/bob_realchannel_run_tp0.0_fk0.05_rp0.0_vd0.0_seed43_20260828_194328_497598.json,results/alice_realchannel_run_seed43_20260828_194328_595594.json,final_key,0.05,2,0.0026737967914438
0.0,0.05,0.0,0.0,44,results/bob_realchannel_run_tp0.0_fk0.05_rp0.0_vd0.0_seed44_20260828_194335_310500.json,374,37,3180,34,34,True,0,False,,3.238065719604492,{},asymptotic,True,,2,results/bob_realchannel_run_tp0.0_fk0.05_rp0.0_vd0.0_seed44_20260828_194335_310500.json,results/alice_realchannel_run_seed44_20260828_194335_462878.json,final_key,0.05,2,0.0026737967914438
0.0,0.05,0.0,0.0,45,results/bob_realchannel_run_tp0.0_fk0.05_rp0.0_vd0.0_seed45_20260828_194340_036484.json,374,37,3180,34,34,True,0,False,,5.764403820037842,{},asymptotic,True,,3,results/bob_realchannel_run_tp0.0_fk0.05_rp0.0_vd0.0_seed45_20260828_194340_036484.json,results/alice_realchannel_run_seed45_20260828_194340_154572.json,final_key,0.05,2,0.0026737967914438
0.0,0.05,0.0,0.0,46,results/bob_realchannel_run_tp0.0_fk0.05_rp0.0_vd0.0_seed46_20260828_194347_318830.json,374,37,3180,34,34,True,0,False,,3.3742458820343018,{},asymptotic,True,,4,results/bob_realchannel_run_tp0.0_fk0.05_rp0.0_vd0.0_seed46_20260828_194347_318830.json,results/alice_realchannel_run_seed46_20260828_194347_454219.json,final_key,0.05,2,0.0026737967914438
0.0,0.05,0.0,0.0,47,results/bob_realchannel_run_tp0.0_fk0.05_rp0.0_vd0.0_seed47_20260828_194352_092659.json,374,37,3180,34,34,True,0,False,,3.9799585342407227,{},asymptotic,True,,5,results/bob_realchannel_run_tp0.0_fk0.05_rp0.0_vd0.0_seed47_20260828_194352_092659.json,results/alice_realchannel_run_seed47_20260828_194352_222312.json,final_key,0.05,2,0.0026737967914438
0.0,0.05,0.0,0.0,48,results/bob_realchannel_run_tp0.0_fk0.05_rp0.0_vd0.0_seed48_20260828_194357_563776.json,374,37,3180,34,34,True,0,False,,5.705172538757324,{},asymptotic,True,,6,results/bob_realchannel_run_tp0.0_fk0.05_rp0.0_vd0.0_seed48_20260828_194357_563776.json,results/alice_realchannel_run_seed48_20260828_194357_660814.json,final_key,0.05,2,0.0026737967914438
0.0,0.05,0.0,0.0,49,results/bob_realchannel_run_tp0.0_fk0.05_rp0.0_vd0.0_seed49_20260828_194404_688237.json,374,35,3180,34,34,False,2,False,,5.7822535037994385,{},asymptotic,False,,7,results/bob_realchannel_run_tp0.0_fk0.05_rp0.0_vd0.0_seed49_20260828_194404_688237.json,results/alice_realchannel_run_seed49_20260828_194404_800891.json,final_key,0.05,2,0.0026737967914438
0.0,0.05,0.0,0.0,50,results/bob_realchannel_run_tp0.0_fk0.05_rp0.0_vd0.0_seed50_20260828_194411_926970.json,374,37,3180,34,34,True,0,False,,5.422507286071777,{},asymptotic,True,,8,results/bob_realchannel_run_tp0.0_fk0.05_rp0.0_vd0.0_seed50_20260828_194411_926970.json,results/alice_realchannel_run_seed50_20260828_194412_011270.json,final_key,0.05,2,0.0026737967914438
0.0,0.05,0.0,0.0,51,results/bob_realchannel_run_tp0.0_fk0.05_rp0.0_vd0.0_seed51_20260828_194418_766179.json,374,37,3180,34,34,True,0,False,,5.866772174835205,{},asymptotic,True,,9,results/bob_realchannel_run_tp0.0_fk0.05_rp0.0_vd0.0_seed51_20260828_194418_766179.json,results/alice_realchannel_run_seed51_20260828_194418_875698.json,final_key,0.05,2,0.0026737967914438
0.0,0.05,0.0,0.0,52,results/bob_realchannel_run_tp0.0_fk0.05_rp0.0_vd0.0_seed52_20260828_194426_103465.json,374,37,3180,34,34,True,0,False,,5.702142238616943,{},asymptotic,True,,10,results/bob_realchannel_run_tp0.0_fk0.05_rp0.0_vd0.0_seed52_20260828_194426_103465.json,results/alice_realchannel_run_seed52_20260828_194426_182077.json,final_key,0.05,2,0.0026737967914438
0.0,0.05,0.0,0.0,53,results/bob_realchannel_run_tp0.0_fk0.05_rp0.0_vd0.0_seed53_20260828_194433_255007.json,374,25,3180,34,34,False,12,False,,5.058135032653809,{},asymptotic,False,,11,results/bob_realchannel_run_tp0.0_fk0.05_rp0.0_vd0.0_seed53_20260828_194433_255007.json,results/alice_realchannel_run_seed53_20260828_194433_334520.json,final_key,0.05,2,0.0026737967914438
0.0,0.05,0.0,0.0,54,results/bob_realchannel_run_tp0.0_fk0.05_rp0.0_vd0.0_seed54_20260828_194439_782600.json,374,37,3180,34,34,True,0,False,,4.588092803955078,{},asymptotic,True,,12,results/bob_realchannel_run_tp0.0_fk0.05_rp0.0_vd0.0_seed54_20260828_194439_782600.json,results/alice_realchannel_run_seed54_20260828_194439_824422.json,final_key,0.05,2,0.0026737967914438
0.0,0.05,0.0,0.0,55,results/bob_realchannel_run_tp0.0_fk0.05_rp0.0_vd0.0_seed55_20260828_194445_774540.json,374,37,3180,34,34,True,0,False,,5.526214838027954,{},asymptotic,True,,13,results/bob_realchannel_run_tp0.0_fk0.05_rp0.0_vd0.0_seed55_20260828_194445_774540.json,results/alice_realchannel_run_seed55_20260828_194445_873833.json,final_key,0.05,2,0.0026737967914438
0.0,0.05,0.0,0.0,56,results/bob_realchannel_run_tp0.0_fk0.05_rp0.0_vd0.0_seed56_20260828_194452_747233.json,374,37,3180,34,34,True,0,False,,6.706444025039673,{},asymptotic,True,,14,results/bob_realchannel_run_tp0.0_fk0.05_rp0.0_vd0.0_seed56_20260828_194452_747233.json,results/alice_realchannel_run_seed56_20260828_194452_848357.json,final_key,0.05,2,0.0026737967914438
0.0,0.05,0.0,0.0,57,results/bob_realchannel_run_tp0.0_fk0.05_rp0.0_vd0.0_seed57_20260828_194500_988041.json,374,37,3180,34,34,True,0,False,,5.7128565311431885,{},asymptotic,True,,15,results/bob_realchannel_run_tp0.0_fk0.05_rp0.0_vd0.0_seed57_20260828_194500_988041.json,results/alice_realchannel_run_seed57_20260828_194500_983759.json,final_key,0.05,2,0.0026737967914438
0.0,0.05,0.0,0.0,58,results/bob_realchannel_run_tp0.0_fk0.05_rp0.0_vd0.0_seed58_20260828_194508_132099.json,374,37,3180,34,34,True,0,False,,5.708789587020874,{'final_key': 1},asymptotic,False,,16,results/bob_realchannel_run_tp0.0_fk0.05_rp0.0_vd0.0_seed58_20260828_194508_132099.json,results/alice_realchannel_run_seed58_20260828_194508_236362.json,final_key,0.05,2,0.0026737967914438
0.0,0.05,0.0,0.0,59,results/bob_realchannel_run_tp0.0_fk0.05_rp0.0_vd0.0_seed59_20260828_194515_333763.json,374,37,3180,34,34,True,0,False,,3.4276912212371826,{},asymptotic,True,,17,results/bob_realchannel_run_tp0.0_fk0.05_rp0.0_vd0.0_seed59_20260828_194515_333763.json,results/alice_realchannel_run_seed59_20260828_194515_471872.json,final_key,0.05,2,0.0026737967914438
0.0,0.05,0.0,0.0,60,results/bob_realchannel_run_tp0.0_fk0.05_rp0.0_vd0.0_seed60_20260828_194520_231227.json,374,37,3180,34,34,True,0,False,,5.974146366119385,{},asymptotic,True,,18,results/bob_realchannel_run_tp0.0_fk0.05_rp0.0_vd0.0_seed60_20260828_194520_231227.json,results/alice_realchannel_run_seed60_20260828_194520_326973.json,final_key,0.05,2,0.0026737967914438
0.0,0.05,0.0,0.0,61,results/bob_realchannel_run_tp0.0_fk0.05_rp0.0_vd0.0_seed61_20260828_194527_615258.json,374,37,3180,34,34,True,0,False,,2.523387908935547,{},asymptotic,True,,19,results/bob_realchannel_run_tp0.0_fk0.05_rp0.0_vd0.0_seed61_20260828_194527_615258.json,results/alice_realchannel_run_seed61_20260828_194527_752060.json,final_key,0.05,2,0.0026737967914438
0.0,0.03,0.0,0.0,42,results/bob_realchannel_run_tp0.0_fk0.03_rp0.0_vd0.0_seed42_20260828_194531_661185.json,374,37,3180,34,34,True,0,False,,5.587580680847168,{},asymptotic,True,,0,results/bob_realchannel_run_tp0.0_fk0.03_rp0.0_vd0.0_seed42_20260828_194531_661185.json,results/alice_realchannel_run_seed42_20260828_194531_672595.json,final_key,0.03,2,0.0026737967914438
0.0,0.03,0.0,0.0,43,results/bob_realchannel_run_tp0.0_fk0.03_rp0.0_vd0.0_seed43_20260828_194538_684445.json,374,37,3180,34,34,True,0,False,,5.428596496582031,{},asymptotic,True,,1,results/bob_realchannel_run_tp0.0_fk0.03_rp0.0_vd0.0_seed43_20260828_194538_684445.json,results/alice_realchannel_run_seed43_20260828_194538_789351.json,final_key,0.03,2,0.0026737967914438
0.0,0.03,0.0,0.0,44,results/bob_realchannel_run_tp0.0_fk0.03_rp0.0_vd0.0_seed44_20260828_194545_520288.json,374,37,3180,34,34,True,0,False,,3.236636161804199,{},asymptotic,True,,2,results/bob_realchannel_run_tp0.0_fk0.03_rp0.0_vd0.0_seed44_20260828_194545_520288.json,results/alice_realchannel_run_seed44_20260828_194545_665552.json,final_key,0.03,2,0.0026737967914438
0.0,0.03,0.0,0.0,45,results/bob_realchannel_run_tp0.0_fk0.03_rp0.0_vd0.0_seed45_20260828_194550_198511.json,374,37,3180,34,34,True,0,False,,4.596370458602905,{},asymptotic,True,,3,results/bob_realchannel_run_tp0.0_fk0.03_rp0.0_vd0.0_seed45_20260828_194550_198511.json,results/alice_realchannel_run_seed45_20260828_194550_322707.json,final_key,0.03,2,0.0026737967914438
0.0,0.03,0.0,0.0,46,results/bob_realchannel_run_tp0.0_fk0.03_rp0.0_vd0.0_seed46_20260828_194556_210005.json,374,37,3180,34,34,True,0,False,,3.3676257133483887,{},asymptotic,True,,4,results/bob_realchannel_run_tp0.0_fk0.03_rp0.0_vd0.0_seed46_20260828_194556_210005.json,results/alice_realchannel_run_seed46_20260828_194556_338409.json,final_key,0.03,2,0.0026737967914438
0.0,0.03,0.0,0.0,47,results/bob_realchannel_run_tp0.0_fk0.03_rp0.0_vd0.0_seed47_20260828_194601_043026.json,374,37,3180,34,34,True,0,False,,3.9816694259643555,{},asymptotic,True,,5,results/bob_realchannel_run_tp0.0_fk0.03_rp0.0_vd0.0_seed47_20260828_194601_043026.json,results/alice_realchannel_run_seed47_20260828_194601_168968.json,final_key,0.03,2,0.0026737967914438
0.0,0.03,0.0,0.0,48,results/bob_realchannel_run_tp0.0_fk0.03_rp0.0_vd0.0_seed48_20260828_194606_442791.json,374,37,3180,34,34,True,0,False,,5.725956916809082,{},asymptotic,True,,6,results/bob_realchannel_run_tp0.0_fk0.03_rp0.0_vd0.0_seed48_20260828_194606_442791.json,results/alice_realchannel_run_seed48_20260828_194606_562102.json,final_key,0.03,2,0.0026737967914438
0.0,0.03,0.0,0.0,49,results/bob_realchannel_run_tp0.0_fk0.03_rp0.0_vd0.0_seed49_20260828_194613_589903.json,374,35,3180,34,34,False,2,False,,5.7827160358428955,{},asymptotic,False,,7,results/bob_realchannel_run_tp0.0_fk0.03_rp0.0_vd0.0_seed49_20260828_194613_589903.json,results/alice_realchannel_run_seed49_20260828_194613_701480.json,final_key,0.03,2,0.0026737967914438
0.0,0.03,0.0,0.0,50,results/bob_realchannel_run_tp0.0_fk0.03_rp0.0_vd0.0_seed50_20260828_194620_805043.json,374,37,3180,34,34,True,0,False,,5.452003240585327,{},asymptotic,True,,8,results/bob_realchannel_run_tp0.0_fk0.03_rp0.0_vd0.0_seed50_20260828_194620_805043.json,results/alice_realchannel_run_seed50_20260828_194620_917261.json,final_key,0.03,2,0.0026737967914438
0.0,0.03,0.0,0.0,51,results/bob_realchannel_run_tp0.0_fk0.03_rp0.0_vd0.0_seed51_20260828_194627_683222.json,374,37,3180,34,34,True,0,False,,5.869969129562378,{},asymptotic,True,,9,results/bob_realchannel_run_tp0.0_fk0.03_rp0.0_vd0.0_seed51_20260828_194627_683222.json,results/alice_realchannel_run_seed51_20260828_194627_790569.json,final_key,0.03,2,0.0026737967914438
0.0,0.03,0.0,0.0,52,results/bob_realchannel_run_tp0.0_fk0.03_rp0.0_vd0.0_seed52_20260828_194635_063060.json,374,37,3180,34,34,True,0,False,,3.7663233280181885,{},asymptotic,True,,10,results/bob_realchannel_run_tp0.0_fk0.03_rp0.0_vd0.0_seed52_20260828_194635_063060.json,results/alice_realchannel_run_seed52_20260828_194635_234494.json,final_key,0.03,2,0.0026737967914438
0.0,0.03,0.0,0.0,53,results/bob_realchannel_run_tp0.0_fk0.03_rp0.0_vd0.0_seed53_20260828_194640_280028.json,374,25,3180,34,34,False,12,False,,5.096932411193848,{},asymptotic,False,,11,results/bob_realchannel_run_tp0.0_fk0.03_rp0.0_vd0.0_seed53_20260828_194640_280028.json,results/alice_realchannel_run_seed53_20260828_194640_396733.json,final_key,0.03,2,0.0026737967914438
0.0,0.03,0.0,0.0,54,results/bob_realchannel_run_tp0.0_fk0.03_rp0.0_vd0.0_seed54_20260828_194646_841629.json,374,37,3180,34,34,True,0,False,,6.0473222732543945,{},asymptotic,True,,12,results/bob_realchannel_run_tp0.0_fk0.03_rp0.0_vd0.0_seed54_20260828_194646_841629.json,results/alice_realchannel_run_seed54_20260828_194646_956012.json,final_key,0.03,2,0.0026737967914438
0.0,0.03,0.0,0.0,55,results/bob_realchannel_run_tp0.0_fk0.03_rp0.0_vd0.0_seed55_20260828_194654_299140.json,374,37,3180,34,34,True,0,False,,3.5502922534942627,{},asymptotic,True,,13,results/bob_realchannel_run_tp0.0_fk0.03_rp0.0_vd0.0_seed55_20260828_194654_299140.json,results/alice_realchannel_run_seed55_20260828_194654_436913.json,final_key,0.03,2,0.0026737967914438
0.0,0.03,0.0,0.0,56,results/bob_realchannel_run_tp0.0_fk0.03_rp0.0_vd0.0_seed56_20260828_194659_309143.json,374,37,3180,34,34,True,0,False,,6.728742361068726,{},asymptotic,True,,14,results/bob_realchannel_run_tp0.0_fk0.03_rp0.0_vd0.0_seed56_20260828_194659_309143.json,results/alice_realchannel_run_seed56_20260828_194659_425512.json,final_key,0.03,2,0.0026737967914438
0.0,0.03,0.0,0.0,57,results/bob_realchannel_run_tp0.0_fk0.03_rp0.0_vd0.0_seed57_20260828_194707_574736.json,374,37,3180,34,34,True,0,False,,3.842498779296875,{},asymptotic,True,,15,results/bob_realchannel_run_tp0.0_fk0.03_rp0.0_vd0.0_seed57_20260828_194707_574736.json,results/alice_realchannel_run_seed57_20260828_194707_703469.json,final_key,0.03,2,0.0026737967914438
0.0,0.03,0.0,0.0,58,results/bob_realchannel_run_tp0.0_fk0.03_rp0.0_vd0.0_seed58_20260828_194712_850355.json,374,37,3180,34,34,True,0,False,,3.722611904144287,{},asymptotic,True,,16,results/bob_realchannel_run_tp0.0_fk0.03_rp0.0_vd0.0_seed58_20260828_194712_850355.json,results/alice_realchannel_run_seed58_20260828_194712_984783.json,final_key,0.03,2,0.0026737967914438
0.0,0.03,0.0,0.0,59,results/bob_realchannel_run_tp0.0_fk0.03_rp0.0_vd0.0_seed59_20260828_194717_975426.json,374,37,3180,34,34,True,0,False,,3.4333479404449463,{},asymptotic,True,,17,results/bob_realchannel_run_tp0.0_fk0.03_rp0.0_vd0.0_seed59_20260828_194717_975426.json,results/alice_realchannel_run_seed59_20260828_194718_114654.json,final_key,0.03,2,0.0026737967914438
0.0,0.03,0.0,0.0,60,results/bob_realchannel_run_tp0.0_fk0.03_rp0.0_vd0.0_seed60_20260828_194722_868259.json,374,37,3180,34,34,True,0,False,,5.061635732650757,{},asymptotic,True,,18,results/bob_realchannel_run_tp0.0_fk0.03_rp0.0_vd0.0_seed60_20260828_194722_868259.json,results/alice_realchannel_run_seed60_20260828_194722_948099.json,final_key,0.03,2,0.0026737967914438
0.0,0.03,0.0,0.0,61,results/bob_realchannel_run_tp0.0_fk0.03_rp0.0_vd0.0_seed61_20260828_194729_349908.json,374,37,3180,34,34,True,0,False,,3.87123966217041,{},asymptotic,True,,19,results/bob_realchannel_run_tp0.0_fk0.03_rp0.0_vd0.0_seed61_20260828_194729_349908.json,results/alice_realchannel_run_seed61_20260828_194729_501213.json,final_key,0.03,2,0.0026737967914438
0.0,0.01,0.0,0.0,42,results/bob_realchannel_run_tp0.0_fk0.01_rp0.0_vd0.0_seed42_20260828_194734_685548.json,374,37,3180,34,34,True,0,False,,3.735095739364624,{},asymptotic,True,,0,results/bob_realchannel_run_tp0.0_fk0.01_rp0.0_vd0.0_seed42_20260828_194734_685548.json,results/alice_realchannel_run_seed42_20260828_194734_860241.json,final_key,0.01,2,0.0026737967914438
0.0,0.01,0.0,0.0,43,results/bob_realchannel_run_tp0.0_fk0.01_rp0.0_vd0.0_seed43_20260828_194739_901906.json,374,37,3180,34,34,True,0,False,,5.415457010269165,{},asymptotic,True,,1,results/bob_realchannel_run_tp0.0_fk0.01_rp0.0_vd0.0_seed43_20260828_194739_901906.json,results/alice_realchannel_run_seed43_20260828_194739_996031.json,final_key,0.01,2,0.0026737967914438
0.0,0.01,0.0,0.0,44,results/bob_realchannel_run_tp0.0_fk0.01_rp0.0_vd0.0_seed44_20260828_194746_723609.json,374,37,3180,34,34,True,0,False,,3.221646308898926,{},asymptotic,True,,2,results/bob_realchannel_run_tp0.0_fk0.01_rp0.0_vd0.0_seed44_20260828_194746_723609.json,results/alice_realchannel_run_seed44_20260828_194746_855133.json,final_key,0.01,2,0.0026737967914438
0.0,0.01,0.0,0.0,45,results/bob_realchannel_run_tp0.0_fk0.01_rp0.0_vd0.0_seed45_20260828_194751_360086.json,374,37,3180,34,34,True,0,False,,3.789419651031494,{},asymptotic,True,,3,results/bob_realchannel_run_tp0.0_fk0.01_rp0.0_vd0.0_seed45_20260828_194751_360086.json,results/alice_realchannel_run_seed45_20260828_194751_518338.json,final_key,0.01,2,0.0026737967914438
0.0,0.01,0.0,0.0,46,results/bob_realchannel_run_tp0.0_fk0.01_rp0.0_vd0.0_seed46_20260828_194756_598867.json,374,37,3180,34,34,True,0,False,,4.661791563034058,{},asymptotic,True,,4,results/bob_realchannel_run_tp0.0_fk0.01_rp0.0_vd0.0_seed46_20260828_194756_598867.json,results/alice_realchannel_run_seed46_20260828_194756_722444.json,final_key,0.01,2,0.0026737967914438
0.0,0.01,0.0,0.0,47,results/bob_realchannel_run_tp0.0_fk0.01_rp0.0_vd0.0_seed47_20260828_194802_856005.json,374,37,3180,34,34,True,0,False,,5.882119417190552,{},asymptotic,True,,5,results/bob_realchannel_run_tp0.0_fk0.01_rp0.0_vd0.0_seed47_20260828_194802_856005.json,results/alice_realchannel_run_seed47_20260828_194802_853606.json,final_key,0.01,2,0.0026737967914438
0.0,0.01,0.0,0.0,48,results/bob_realchannel_run_tp0.0_fk0.01_rp0.0_vd0.0_seed48_20260828_194810_191025.json,374,37,3180,34,34,True,0,False,,3.738558292388916,{},asymptotic,True,,6,results/bob_realchannel_run_tp0.0_fk0.01_rp0.0_vd0.0_seed48_20260828_194810_191025.json,results/alice_realchannel_run_seed48_20260828_194810_336231.json,final_key,0.01,2,0.0026737967914438
0.0,0.01,0.0,0.0,49,results/bob_realchannel_run_tp0.0_fk0.01_rp0.0_vd0.0_seed49_20260828_194815_360367.json,374,35,3180,34,34,False,2,False,,3.8001418113708496,{},asymptotic,False,,7,results/bob_realchannel_run_tp0.0_fk0.01_rp0.0_vd0.0_seed49_20260828_194815_360367.json,results/alice_realchannel_run_seed49_20260828_194815_513238.json,final_key,0.01,2,0.0026737967914438
0.0,0.01,0.0,0.0,50,results/bob_realchannel_run_tp0.0_fk0.01_rp0.0_vd0.0_seed50_20260828_194820_538812.json,374,37,3180,34,34,True,0,False,,3.4780213832855225,{},asymptotic,True,,8,results/bob_realchannel_run_tp0.0_fk0.01_rp0.0_vd0.0_seed50_20260828_194820_538812.json,results/alice_realchannel_run_seed50_20260828_194820_697058.json,final_key,0.01,2,0.0026737967914438
0.0,0.01,0.0,0.0,51,results/bob_realchannel_run_tp0.0_fk0.01_rp0.0_vd0.0_seed51_20260828_194825_503305.json,374,37,3180,34,34,True,0,False,,3.8900022506713867,{},asymptotic,True,,9,results/bob_realchannel_run_tp0.0_fk0.01_rp0.0_vd0.0_seed51_20260828_194825_503305.json,results/alice_realchannel_run_seed51_20260828_194825_664748.json,final_key,0.01,2,0.0026737967914438
0.0,0.01,0.0,0.0,52,results/bob_realchannel_run_tp0.0_fk0.01_rp0.0_vd0.0_seed52_20260828_194830_840274.json,374,37,3180,34,34,True,0,False,,5.724646091461182,{},asymptotic,True,,10,results/bob_realchannel_run_tp0.0_fk0.01_rp0.0_vd0.0_seed52_20260828_194830_840274.json,results/alice_realchannel_run_seed52_20260828_194830_953596.json,final_key,0.01,2,0.0026737967914438
0.0,0.01,0.0,0.0,53,results/bob_realchannel_run_tp0.0_fk0.01_rp0.0_vd0.0_seed53_20260828_194838_031735.json,374,25,3180,34,34,False,12,False,,3.0892016887664795,{},asymptotic,False,,11,results/bob_realchannel_run_tp0.0_fk0.01_rp0.0_vd0.0_seed53_20260828_194838_031735.json,results/alice_realchannel_run_seed53_20260828_194838_160222.json,final_key,0.01,2,0.0026737967914438
0.0,0.01,0.0,0.0,54,results/bob_realchannel_run_tp0.0_fk0.01_rp0.0_vd0.0_seed54_20260828_194842_522591.json,374,37,3180,34,34,True,0,False,,4.090407371520996,{},asymptotic,True,,12,results/bob_realchannel_run_tp0.0_fk0.01_rp0.0_vd0.0_seed54_20260828_194842_522591.json,results/alice_realchannel_run_seed54_20260828_194842_699320.json,final_key,0.01,2,0.0026737967914438
0.0,0.01,0.0,0.0,55,results/bob_realchannel_run_tp0.0_fk0.01_rp0.0_vd0.0_seed55_20260828_194848_145581.json,374,37,3180,34,34,True,0,False,,5.53477931022644,{},asymptotic,True,,13,results/bob_realchannel_run_tp0.0_fk0.01_rp0.0_vd0.0_seed55_20260828_194848_145581.json,results/alice_realchannel_run_seed55_20260828_194848_257368.json,final_key,0.01,2,0.0026737967914438
0.0,0.01,0.0,0.0,56,results/bob_realchannel_run_tp0.0_fk0.01_rp0.0_vd0.0_seed56_20260828_194855_143251.json,374,37,3180,34,34,True,0,False,,4.282388687133789,{},asymptotic,True,,14,results/bob_realchannel_run_tp0.0_fk0.01_rp0.0_vd0.0_seed56_20260828_194855_143251.json,results/alice_realchannel_run_seed56_20260828_194855_277887.json,final_key,0.01,2,0.0026737967914438
0.0,0.01,0.0,0.0,57,results/bob_realchannel_run_tp0.0_fk0.01_rp0.0_vd0.0_seed57_20260828_194900_844969.json,374,37,3180,34,34,True,0,False,,3.860119104385376,{},asymptotic,True,,15,results/bob_realchannel_run_tp0.0_fk0.01_rp0.0_vd0.0_seed57_20260828_194900_844969.json,results/alice_realchannel_run_seed57_20260828_194900_997302.json,final_key,0.01,2,0.0026737967914438
0.0,0.01,0.0,0.0,58,results/bob_realchannel_run_tp0.0_fk0.01_rp0.0_vd0.0_seed58_20260828_194906_185240.json,374,37,3180,34,34,True,0,False,,3.71968150138855,{},asymptotic,True,,16,results/bob_realchannel_run_tp0.0_fk0.01_rp0.0_vd0.0_seed58_20260828_194906_185240.json,results/alice_realchannel_run_seed58_20260828_194906_312895.json,final_key,0.01,2,0.0026737967914438
0.0,0.01,0.0,0.0,59,results/bob_realchannel_run_tp0.0_fk0.01_rp0.0_vd0.0_seed59_20260828_194911_386482.json,374,37,3180,34,34,True,0,False,,4.946776866912842,{},asymptotic,True,,17,results/bob_realchannel_run_tp0.0_fk0.01_rp0.0_vd0.0_seed59_20260828_194911_386482.json,results/alice_realchannel_run_seed59_20260828_194911_470177.json,final_key,0.01,2,0.0026737967914438
0.0,0.01,0.0,0.0,60,results/bob_realchannel_run_tp0.0_fk0.01_rp0.0_vd0.0_seed60_20260828_194917_812136.json,374,37,3180,34,34,True,0,False,,5.993587493896484,{},asymptotic,True,,18,results/bob_realchannel_run_tp0.0_fk0.01_rp0.0_vd0.0_seed60_20260828_194917_812136.json,results/alice_realchannel_run_seed60_20260828_194917_918002.json,final_key,0.01,2,0.0026737967914438
0.0,0.01,0.0,0.0,61,results/bob_realchannel_run_tp0.0_fk0.01_rp0.0_vd0.0_seed61_20260828_194925_325418.json,374,37,3180,34,34,True,0,False,,5.421324253082275,{},asymptotic,True,,19,results/bob_realchannel_run_tp0.0_fk0.01_rp0.0_vd0.0_seed61_20260828_194925_325418.json,results/alice_realchannel_run_seed61_20260828_194925_441884.json,final_key,0.01,2,0.0026737967914438
0.0,0.003,0.0,0.0,42,results/bob_realchannel_run_tp0.0_fk0.003_rp0.0_vd0.0_seed42_20260828_194932_267776.json,374,37,3180,34,34,True,0,False,,5.25134015083313,{},asymptotic,True,,0,results/bob_realchannel_run_tp0.0_fk0.003_rp0.0_vd0.0_seed42_20260828_194932_267776.json,results/alice_realchannel_run_seed42_20260828_194932_386518.json,final_key,0.003,2,0.0026737967914438
0.0,0.003,0.0,0.0,43,results/bob_realchannel_run_tp0.0_fk0.003_rp0.0_vd0.0_seed43_20260828_194939_072161.json,374,37,3180,34,34,True,0,False,,5.43276047706604,{},asymptotic,True,,1,results/bob_realchannel_run_tp0.0_fk0.003_rp0.0_vd0.0_seed43_20260828_194939_072161.json,results/alice_realchannel_run_seed43_20260828_194939_175557.json,final_key,0.003,2,0.0026737967914438
0.0,0.003,0.0,0.0,44,results/bob_realchannel_run_tp0.0_fk0.003_rp0.0_vd0.0_seed44_20260828_194945_989932.json,374,37,3180,34,34,True,0,False,,4.775026321411133,{},asymptotic,True,,2,results/bob_realchannel_run_tp0.0_fk0.003_rp0.0_vd0.0_seed44_20260828_194945_989932.json,results/alice_realchannel_run_seed44_20260828_194946_107408.json,final_key,0.003,2,0.0026737967914438
0.0,0.003,0.0,0.0,45,results/bob_realchannel_run_tp0.0_fk0.003_rp0.0_vd0.0_seed45_20260828_194952_432621.json,374,37,3180,34,34,True,0,False,,5.704118490219116,{},asymptotic,True,,3,results/bob_realchannel_run_tp0.0_fk0.003_rp0.0_vd0.0_seed45_20260828_194952_432621.json,results/alice_realchannel_run_seed45_20260828_194952_490284.json,final_key,0.003,2,0.0026737967914438
0.0,0.003,0.0,0.0,46,results/bob_realchannel_run_tp0.0_fk0.003_rp0.0_vd0.0_seed46_20260828_194959_551601.json,374,37,3180,34,34,True,0,False,,5.381015777587891,{},asymptotic,True,,4,results/bob_realchannel_run_tp0.0_fk0.003_rp0.0_vd0.0_seed46_20260828_194959_551601.json,results/alice_realchannel_run_seed46_20260828_194959_676987.json,final_key,0.003,2,0.0026737967914438
0.0,0.003,0.0,0.0,47,results/bob_realchannel_run_tp0.0_fk0.003_rp0.0_vd0.0_seed47_20260828_195006_361348.json,374,37,3180,34,34,True,0,False,,4.003331661224365,{},asymptotic,True,,5,results/bob_realchannel_run_tp0.0_fk0.003_rp0.0_vd0.0_seed47_20260828_195006_361348.json,results/alice_realchannel_run_seed47_20260828_195006_515369.json,final_key,0.003,2,0.0026737967914438
0.0,0.003,0.0,0.0,48,results/bob_realchannel_run_tp0.0_fk0.003_rp0.0_vd0.0_seed48_20260828_195011_858710.json,374,37,3180,34,34,True,0,False,,3.742690324783325,{},asymptotic,True,,6,results/bob_realchannel_run_tp0.0_fk0.003_rp0.0_vd0.0_seed48_20260828_195011_858710.json,results/alice_realchannel_run_seed48_20260828_195012_009451.json,final_key,0.003,2,0.0026737967914438
0.0,0.003,0.0,0.0,49,results/bob_realchannel_run_tp0.0_fk0.003_rp0.0_vd0.0_seed49_20260828_195017_236480.json,374,35,3180,34,34,False,2,False,,5.200804233551025,{},asymptotic,False,,7,results/bob_realchannel_run_tp0.0_fk0.003_rp0.0_vd0.0_seed49_20260828_195017_236480.json,results/alice_realchannel_run_seed49_20260828_195017_208893.json,final_key,0.003,2,0.0026737967914438
0.0,0.003,0.0,0.0,50,results/bob_realchannel_run_tp0.0_fk0.003_rp0.0_vd0.0_seed50_20260828_195023_887949.json,374,37,3180,34,34,True,0,False,,4.561902284622192,{},asymptotic,True,,8,results/bob_realchannel_run_tp0.0_fk0.003_rp0.0_vd0.0_seed50_20260828_195023_887949.json,results/alice_realchannel_run_seed50_20260828_195024_013352.json,final_key,0.003,2,0.0026737967914438
0.0,0.003,0.0,0.0,51,results/bob_realchannel_run_tp0.0_fk0.003_rp0.0_vd0.0_seed51_20260828_195029_891876.json,374,37,3180,34,34,True,0,False,,5.873101234436035,{},asymptotic,True,,9,results/bob_realchannel_run_tp0.0_fk0.003_rp0.0_vd0.0_seed51_20260828_195029_891876.json,results/alice_realchannel_run_seed51_20260828_195030_015130.json,final_key,0.003,2,0.0026737967914438
0.0,0.003,0.0,0.0,52,results/bob_realchannel_run_tp0.0_fk0.003_rp0.0_vd0.0_seed52_20260828_195037_167730.json,374,37,3180,34,34,True,0,False,,3.288245677947998,{},asymptotic,True,,10,results/bob_realchannel_run_tp0.0_fk0.003_rp0.0_vd0.0_seed52_20260828_195037_167730.json,results/alice_realchannel_run_seed52_20260828_195037_310062.json,final_key,0.003,2,0.0026737967914438
0.0,0.003,0.0,0.0,53,results/bob_realchannel_run_tp0.0_fk0.003_rp0.0_vd0.0_seed53_20260828_195041_925035.json,374,25,3180,34,34,False,12,False,,3.1156697273254395,{},asymptotic,False,,11,results/bob_realchannel_run_tp0.0_fk0.003_rp0.0_vd0.0_seed53_20260828_195041_925035.json,results/alice_realchannel_run_seed53_20260828_195042_077904.json,final_key,0.003,2,0.0026737967914438
0.0,0.003,0.0,0.0,54,results/bob_realchannel_run_tp0.0_fk0.003_rp0.0_vd0.0_seed54_20260828_195046_449544.json,374,37,3180,34,34,True,0,False,,4.047152280807495,{},asymptotic,True,,12,results/bob_realchannel_run_tp0.0_fk0.003_rp0.0_vd0.0_seed54_20260828_195046_449544.json,results/alice_realchannel_run_seed54_20260828_195046_579664.json,final_key,0.003,2,0.0026737967914438
0.0,0.003,0.0,0.0,55,results/bob_realchannel_run_tp0.0_fk0.003_rp0.0_vd0.0_seed55_20260828_195051_926687.json,374,37,3180,34,34,True,0,False,,5.54646897315979,{},asymptotic,True,,13,results/bob_realchannel_run_tp0.0_fk0.003_rp0.0_vd0.0_seed55_20260828_195051_926687.json,results/alice_realchannel_run_seed55_20260828_195052_050886.json,final_key,0.003,2,0.0026737967914438
0.0,0.003,0.0,0.0,56,results/bob_realchannel_run_tp0.0_fk0.003_rp0.0_vd0.0_seed56_20260828_195058_950934.json,374,37,3180,34,34,True,0,False,,4.74944543838501,{},asymptotic,True,,14,results/bob_realchannel_run_tp0.0_fk0.003_rp0.0_vd0.0_seed56_20260828_195058_950934.json,results/alice_realchannel_run_seed56_20260828_195059_115643.json,final_key,0.003,2,0.0026737967914438
0.0,0.003,0.0,0.0,57,results/bob_realchannel_run_tp0.0_fk0.003_rp0.0_vd0.0_seed57_20260828_195105_201715.json,374,37,3180,34,34,True,0,False,,5.835211753845215,{},asymptotic,True,,15,results/bob_realchannel_run_tp0.0_fk0.003_rp0.0_vd0.0_seed57_20260828_195105_201715.json,results/alice_realchannel_run_seed57_20260828_195105_317690.json,final_key,0.003,2,0.0026737967914438
0.0,0.003,0.0,0.0,58,results/bob_realchannel_run_tp0.0_fk0.003_rp0.0_vd0.0_seed58_20260828_195112_452184.json,374,37,3180,34,34,True,0,False,,3.744570016860962,{},asymptotic,True,,16,results/bob_realchannel_run_tp0.0_fk0.003_rp0.0_vd0.0_seed58_20260828_195112_452184.json,results/alice_realchannel_run_seed58_20260828_195112_607454.json,final_key,0.003,2,0.0026737967914438
0.0,0.003,0.0,0.0,59,results/bob_realchannel_run_tp0.0_fk0.003_rp0.0_vd0.0_seed59_20260828_195117_740365.json,374,37,3180,34,34,True,0,False,,5.3805835247039795,{},asymptotic,True,,17,results/bob_realchannel_run_tp0.0_fk0.003_rp0.0_vd0.0_seed59_20260828_195117_740365.json,results/alice_realchannel_run_seed59_20260828_195117_812022.json,final_key,0.003,2,0.0026737967914438
0.0,0.003,0.0,0.0,60,results/bob_realchannel_run_tp0.0_fk0.003_rp0.0_vd0.0_seed60_20260828_195124_621854.json,374,37,3180,34,34,True,0,False,,5.935022592544556,{},asymptotic,True,,18,results/bob_realchannel_run_tp0.0_fk0.003_rp0.0_vd0.0_seed60_20260828_195124_621854.json,results/alice_realchannel_run_seed60_20260828_195124_676880.json,final_key,0.003,2,0.0026737967914438
0.0,0.003,0.0,0.0,61,results/bob_realchannel_run_tp0.0_fk0.003_rp0.0_vd0.0_seed61_20260828_195131_996426.json,374,37,3180,34,34,True,0,False,,3.8612425327301025,{},asymptotic,True,,19,results/bob_realchannel_run_tp0.0_fk0.003_rp0.0_vd0.0_seed61_20260828_195131_996426.json,results/alice_realchannel_run_seed61_20260828_195132_127352.json,final_key,0.003,2,0.0026737967914438
0.0,0.001,0.0,0.0,42,results/bob_realchannel_run_tp0.0_fk0.001_rp0.0_vd0.0_seed42_20260828_195137_285477.json,374,37,3180,34,34,True,0,False,,3.691243886947632,{},asymptotic,True,,0,results/bob_realchannel_run_tp0.0_fk0.001_rp0.0_vd0.0_seed42_20260828_195137_285477.json,results/alice_realchannel_run_seed42_20260828_195137_412328.json,final_key,0.001,2,0.0026737967914438
0.0,0.001,0.0,0.0,43,results/bob_realchannel_run_tp0.0_fk0.001_rp0.0_vd0.0_seed43_20260828_195142_456986.json,374,37,3180,34,34,True,0,False,,3.4562454223632812,{},asymptotic,True,,1,results/bob_realchannel_run_tp0.0_fk0.001_rp0.0_vd0.0_seed43_20260828_195142_456986.json,results/alice_realchannel_run_seed43_20260828_195142_605968.json,final_key,0.001,2,0.0026737967914438
0.0,0.001,0.0,0.0,44,results/bob_realchannel_run_tp0.0_fk0.001_rp0.0_vd0.0_seed44_20260828_195147_318022.json,374,37,3180,34,34,True,0,False,,3.2267980575561523,{},asymptotic,True,,2,results/bob_realchannel_run_tp0.0_fk0.001_rp0.0_vd0.0_seed44_20260828_195147_318022.json,results/alice_realchannel_run_seed44_20260828_195147_448224.json,final_key,0.001,2,0.0026737967914438
0.0,0.001,0.0,0.0,45,results/bob_realchannel_run_tp0.0_fk0.001_rp0.0_vd0.0_seed45_20260828_195151_976447.json,374,37,3180,34,34,True,0,False,,4.586228132247925,{},asymptotic,True,,3,results/bob_realchannel_run_tp0.0_fk0.001_rp0.0_vd0.0_seed45_20260828_195151_976447.json,results/alice_realchannel_run_seed45_20260828_195152_087918.json,final_key,0.001,2,0.0026737967914438
0.0,0.001,0.0,0.0,46,results/bob_realchannel_run_tp0.0_fk0.001_rp0.0_vd0.0_seed46_20260828_195158_033208.json,374,37,3180,34,34,True,0,False,,3.3995578289031982,{},asymptotic,True,,4,results/bob_realchannel_run_tp0.0_fk0.001_rp0.0_vd0.0_seed46_20260828_195158_033208.json,results/alice_realchannel_run_seed46_20260828_195158_192814.json,final_key,0.001,2,0.0026737967914438
0.0,0.001,0.0,0.0,47,results/bob_realchannel_run_tp0.0_fk0.001_rp0.0_vd0.0_seed47_20260828_195202_913558.json,374,37,3180,34,34,True,0,False,,4.007025957107544,{},asymptotic,True,,5,results/bob_realchannel_run_tp0.0_fk0.001_rp0.0_vd0.0_seed47_20260828_195202_913558.json,results/alice_realchannel_run_seed47_20260828_195203_061561.json,final_key,0.001,2,0.0026737967914438
0.0,0.001,0.0,0.0,48,results/bob_realchannel_run_tp0.0_fk0.001_rp0.0_vd0.0_seed48_20260828_195208_345400.json,374,37,3180,34,34,True,0,False,,2.589717149734497,{},asymptotic,True,,6,results/bob_realchannel_run_tp0.0_fk0.001_rp0.0_vd0.0_seed48_20260828_195208_345400.json,results/alice_realchannel_run_seed48_20260828_195208_512138.json,final_key,0.001,2,0.0026737967914438
0.0,0.001,0.0,0.0,49,results/bob_realchannel_run_tp0.0_fk0.001_rp0.0_vd0.0_seed49_20260828_195212_416140.json,374,35,3180,34,34,False,2,False,,3.8165810108184814,{},asymptotic,False,,7,results/bob_realchannel_run_tp0.0_fk0.001_rp0.0_vd0.0_seed49_20260828_195212_416140.json,results/alice_realchannel_run_seed49_20260828_195212_577710.json,final_key,0.001,2,0.0026737967914438
0.0,0.001,0.0,0.0,50,results/bob_realchannel_run_tp0.0_fk0.001_rp0.0_vd0.0_seed50_20260828_195217_713423.json,374,37,3180,34,34,True,0,False,,2.3216538429260254,{},asymptotic,True,,8,results/bob_realchannel_run_tp0.0_fk0.001_rp0.0_vd0.0_seed50_20260828_195217_713423.json,results/alice_realchannel_run_seed50_20260828_195217_880222.json,final_key,0.001,2,0.0026737967914438
0.0,0.001,0.0,0.0,51,results/bob_realchannel_run_tp0.0_fk0.001_rp0.0_vd0.0_seed51_20260828_195221_518719.json,374,37,3180,34,34,True,0,False,,3.914914608001709,{},asymptotic,True,,9,results/bob_realchannel_run_tp0.0_fk0.001_rp0.0_vd0.0_seed51_20260828_195221_518719.json,results/alice_realchannel_run_seed51_20260828_195221_684600.json,final_key,0.001,2,0.0026737967914438
0.0,0.001,0.0,0.0,52,results/bob_realchannel_run_tp0.0_fk0.001_rp0.0_vd0.0_seed52_20260828_195226_919068.json,374,37,3180,34,34,True,0,False,,3.7182819843292236,{},asymptotic,True,,10,results/bob_realchannel_run_tp0.0_fk0.001_rp0.0_vd0.0_seed52_20260828_195226_919068.json,results/alice_realchannel_run_seed52_20260828_195227_045993.json,final_key,0.001,2,0.0026737967914438
0.0,0.001,0.0,0.0,53,results/bob_realchannel_run_tp0.0_fk0.001_rp0.0_vd0.0_seed53_20260828_195232_080846.json,374,25,3180,34,34,False,12,False,,3.108241319656372,{},asymptotic,False,,11,results/bob_realchannel_run_tp0.0_fk0.001_rp0.0_vd0.0_seed53_20260828_195232_080846.json,results/alice_realchannel_run_seed53_20260828_195232_222933.json,final_key,0.001,2,0.0026737967914438
0.0,0.001,0.0,0.0,54,results/bob_realchannel_run_tp0.0_fk0.001_rp0.0_vd0.0_seed54_20260828_195236_623376.json,374,37,3180,34,34,True,0,False,,4.062154531478882,{},asymptotic,True,,12,results/bob_realchannel_run_tp0.0_fk0.001_rp0.0_vd0.0_seed54_20260828_195236_623376.json,results/alice_realchannel_run_seed54_20260828_195236_756673.json,final_key,0.001,2,0.0026737967914438
0.0,0.001,0.0,0.0,55,results/bob_realchannel_run_tp0.0_fk0.001_rp0.0_vd0.0_seed55_20260828_195242_139395.json,374,37,3180,34,34,True,0,False,,3.561246156692505,{},asymptotic,True,,13,results/bob_realchannel_run_tp0.0_fk0.001_rp0.0_vd0.0_seed55_20260828_195242_139395.json,results/alice_realchannel_run_seed55_20260828_195242_294837.json,final_key,0.001,2,0.0026737967914438
0.0,0.001,0.0,0.0,56,results/bob_realchannel_run_tp0.0_fk0.001_rp0.0_vd0.0_seed56_20260828_195247_141733.json,374,37,3180,34,34,True,0,False,,4.728015184402466,{},asymptotic,True,,14,results/bob_realchannel_run_tp0.0_fk0.001_rp0.0_vd0.0_seed56_20260828_195247_141733.json,results/alice_realchannel_run_seed56_20260828_195247_271508.json,final_key,0.001,2,0.0026737967914438
0.0,0.001,0.0,0.0,57,results/bob_realchannel_run_tp0.0_fk0.001_rp0.0_vd0.0_seed57_20260828_195253_289335.json,374,37,3180,34,34,True,0,False,,3.840038537979126,{},asymptotic,True,,15,results/bob_realchannel_run_tp0.0_fk0.001_rp0.0_vd0.0_seed57_20260828_195253_289335.json,results/alice_realchannel_run_seed57_20260828_195253_419361.json,final_key,0.001,2,0.0026737967914438
0.0,0.001,0.0,0.0,58,results/bob_realchannel_run_tp0.0_fk0.001_rp0.0_vd0.0_seed58_20260828_195258_565753.json,374,37,3180,34,34,True,0,False,,3.295642137527466,{},asymptotic,True,,16,results/bob_realchannel_run_tp0.0_fk0.001_rp0.0_vd0.0_seed58_20260828_195258_565753.json,results/alice_realchannel_run_seed58_20260828_195258_719547.json,final_key,0.001,2,0.0026737967914438
0.0,0.001,0.0,0.0,59,results/bob_realchannel_run_tp0.0_fk0.001_rp0.0_vd0.0_seed59_20260828_195303_367858.json,374,37,3180,34,34,True,0,False,,5.425034523010254,{},asymptotic,True,,17,results/bob_realchannel_run_tp0.0_fk0.001_rp0.0_vd0.0_seed59_20260828_195303_367858.json,results/alice_realchannel_run_seed59_20260828_195303_481338.json,final_key,0.001,2,0.0026737967914438
0.0,0.001,0.0,0.0,60,results/bob_realchannel_run_tp0.0_fk0.001_rp0.0_vd0.0_seed60_20260828_195310_206919.json,374,37,3180,34,34,True,0,False,,4.034970283508301,{},asymptotic,True,,18,results/bob_realchannel_run_tp0.0_fk0.001_rp0.0_vd0.0_seed60_20260828_195310_206919.json,results/alice_realchannel_run_seed60_20260828_195310_378088.json,final_key,0.001,2,0.0026737967914438
0.0,0.001,0.0,0.0,61,results/bob_realchannel_run_tp0.0_fk0.001_rp0.0_vd0.0_seed61_20260828_195315_732941.json,374,37,3180,34,34,True,0,False,,3.8560144901275635,{},asymptotic,True,,19,results/bob_realchannel_run_tp0.0_fk0.001_rp0.0_vd0.0_seed61_20260828_195315_732941.json,results/alice_realchannel_run_seed61_20260828_195315_862281.json,final_key,0.001,2,0.0026737967914438
0.0,0.5,0.0,0.0,42,results/bob_realchannel_run_tp0.0_fk0.5_rp0.0_vd0.0_seed42_20260828_213150_708611.json,382,36,1677,34,34,True,0,False,,3.648157835006714,{},placeholder,True,,0,results/bob_realchannel_run_tp0.0_fk0.5_rp0.0_vd0.0_seed42_20260828_213150_708611.json,results/alice_realchannel_run_seed42_20260828_213150_845979.json,final_key,0.5,3,0.0026178010471204
0.0,0.5,0.0,0.0,43,results/bob_realchannel_run_tp0.0_fk0.5_rp0.0_vd0.0_seed43_20260828_213155_821903.json,382,36,1677,34,34,True,0,False,,6.382303953170776,{'final_key': 1},placeholder,False,,1,results/bob_realchannel_run_tp0.0_fk0.5_rp0.0_vd0.0_seed43_20260828_213155_821903.json,results/alice_realchannel_run_seed43_20260828_213155_947605.json,final_key,0.5,3,0.0026178010471204
0.0,0.5,0.0,0.0,44,results/bob_realchannel_run_tp0.0_fk0.5_rp0.0_vd0.0_seed44_20260828_213203_627663.json,382,36,1677,34,34,True,0,False,,4.664226770401001,{'final_key': 1},placeholder,False,,2,results/bob_realchannel_run_tp0.0_fk0.5_rp0.0_vd0.0_seed44_20260828_213203_627663.json,results/alice_realchannel_run_seed44_20260828_213203_764629.json,final_key,0.5,3,0.0026178010471204
0.0,0.5,0.0,0.0,45,results/bob_realchannel_run_tp0.0_fk0.5_rp0.0_vd0.0_seed45_20260828_213209_780487.json,382,36,1677,34,34,True,0,False,,5.607326507568359,{'final_key': 1},placeholder,False,,3,results/bob_realchannel_run_tp0.0_fk0.5_rp0.0_vd0.0_seed45_20260828_213209_780487.json,results/alice_realchannel_run_seed45_20260828_213209_893380.json,final_key,0.5,3,0.0026178010471204
0.0,0.5,0.0,0.0,46,results/bob_realchannel_run_tp0.0_fk0.5_rp0.0_vd0.0_seed46_20260828_213216_869785.json,382,36,1677,34,34,True,0,False,,5.498379945755005,{'final_key': 1},placeholder,False,,4,results/bob_realchannel_run_tp0.0_fk0.5_rp0.0_vd0.0_seed46_20260828_213216_869785.json,results/alice_realchannel_run_seed46_20260828_213216_945283.json,final_key,0.5,3,0.0026178010471204
0.0,0.5,0.0,0.0,47,results/bob_realchannel_run_tp0.0_fk0.5_rp0.0_vd0.0_seed47_20260828_213223_846854.json,382,36,1677,34,34,True,0,False,,5.3532891273498535,{},placeholder,True,,5,results/bob_realchannel_run_tp0.0_fk0.5_rp0.0_vd0.0_seed47_20260828_213223_846854.json,results/alice_realchannel_run_seed47_20260828_213223_972251.json,final_key,0.5,3,0.0026178010471204
0.0,0.5,0.0,0.0,48,results/bob_realchannel_run_tp0.0_fk0.5_rp0.0_vd0.0_seed48_20260828_213230_734870.json,382,36,1677,34,34,True,0,False,,6.165464162826538,{},placeholder,True,,6,results/bob_realchannel_run_tp0.0_fk0.5_rp0.0_vd0.0_seed48_20260828_213230_734870.json,results/alice_realchannel_run_seed48_20260828_213230_859920.json,final_key,0.5,3,0.0026178010471204
0.0,0.5,0.0,0.0,49,results/bob_realchannel_run_tp0.0_fk0.5_rp0.0_vd0.0_seed49_20260828_213238_483854.json,382,36,1677,34,34,True,0,False,,5.539599657058716,{'final_key': 1},placeholder,False,,7,results/bob_realchannel_run_tp0.0_fk0.5_rp0.0_vd0.0_seed49_20260828_213238_483854.json,results/alice_realchannel_run_seed49_20260828_213238_491644.json,final_key,0.5,3,0.0026178010471204
0.0,0.5,0.0,0.0,50,results/bob_realchannel_run_tp0.0_fk0.5_rp0.0_vd0.0_seed50_20260828_213245_451712.json,382,36,1677,34,34,True,0,False,,5.752618074417114,{'final_key': 1},placeholder,False,,8,results/bob_realchannel_run_tp0.0_fk0.5_rp0.0_vd0.0_seed50_20260828_213245_451712.json,results/alice_realchannel_run_seed50_20260828_213245_564206.json,final_key,0.5,3,0.0026178010471204
0.0,0.5,0.0,0.0,51,results/bob_realchannel_run_tp0.0_fk0.5_rp0.0_vd0.0_seed51_20260828_213252_635672.json,382,36,1677,34,34,True,0,False,,5.4244914054870605,{},placeholder,True,,9,results/bob_realchannel_run_tp0.0_fk0.5_rp0.0_vd0.0_seed51_20260828_213252_635672.json,results/alice_realchannel_run_seed51_20260828_213252_759936.json,final_key,0.5,3,0.0026178010471204
0.0,0.5,0.0,0.0,52,results/bob_realchannel_run_tp0.0_fk0.5_rp0.0_vd0.0_seed52_20260828_213259_483956.json,382,36,1677,34,34,True,0,False,,3.4682254791259766,{},placeholder,True,,10,results/bob_realchannel_run_tp0.0_fk0.5_rp0.0_vd0.0_seed52_20260828_213259_483956.json,results/alice_realchannel_run_seed52_20260828_213259_643186.json,final_key,0.5,3,0.0026178010471204
0.0,0.5,0.0,0.0,53,results/bob_realchannel_run_tp0.0_fk0.5_rp0.0_vd0.0_seed53_20260828_213304_469404.json,382,36,1677,34,34,True,0,False,,5.1422247886657715,{},placeholder,True,,11,results/bob_realchannel_run_tp0.0_fk0.5_rp0.0_vd0.0_seed53_20260828_213304_469404.json,results/alice_realchannel_run_seed53_20260828_213304_559879.json,final_key,0.5,3,0.0026178010471204
0.0,0.5,0.0,0.0,54,results/bob_realchannel_run_tp0.0_fk0.5_rp0.0_vd0.0_seed54_20260828_213311_032720.json,382,36,1677,34,34,True,0,False,,3.51934552192688,{'final_key': 1},placeholder,False,,12,results/bob_realchannel_run_tp0.0_fk0.5_rp0.0_vd0.0_seed54_20260828_213311_032720.json,results/alice_realchannel_run_seed54_20260828_213311_183654.json,final_key,0.5,3,0.0026178010471204
0.0,0.5,0.0,0.0,55,results/bob_realchannel_run_tp0.0_fk0.5_rp0.0_vd0.0_seed55_20260828_213316_030632.json,382,36,1677,34,34,True,0,False,,5.781080007553101,{'final_key': 1},placeholder,False,,13,results/bob_realchannel_run_tp0.0_fk0.5_rp0.0_vd0.0_seed55_20260828_213316_030632.json,results/alice_realchannel_run_seed55_20260828_213316_144701.json,final_key,0.5,3,0.0026178010471204
0.0,0.5,0.0,0.0,56,results/bob_realchannel_run_tp0.0_fk0.5_rp0.0_vd0.0_seed56_20260828_213323_278349.json,382,36,1677,34,34,True,0,False,,5.741731405258179,{'final_key': 1},placeholder,False,,14,results/bob_realchannel_run_tp0.0_fk0.5_rp0.0_vd0.0_seed56_20260828_213323_278349.json,results/alice_realchannel_run_seed56_20260828_213323_384678.json,final_key,0.5,3,0.0026178010471204
0.0,0.5,0.0,0.0,57,results/bob_realchannel_run_tp0.0_fk0.5_rp0.0_vd0.0_seed57_20260828_213330_538275.json,382,36,1677,34,34,True,0,False,,5.581278324127197,{},placeholder,True,,15,results/bob_realchannel_run_tp0.0_fk0.5_rp0.0_vd0.0_seed57_20260828_213330_538275.json,results/alice_realchannel_run_seed57_20260828_213330_618847.json,final_key,0.5,3,0.0026178010471204
0.0,0.5,0.0,0.0,58,results/bob_realchannel_run_tp0.0_fk0.5_rp0.0_vd0.0_seed58_20260828_213337_537924.json,382,36,1677,34,34,True,0,False,,3.242060899734497,{},placeholder,True,,16,results/bob_realchannel_run_tp0.0_fk0.5_rp0.0_vd0.0_seed58_20260828_213337_537924.json,results/alice_realchannel_run_seed58_20260828_213337_680136.json,final_key,0.5,3,0.0026178010471204
0.0,0.5,0.0,0.0,59,results/bob_realchannel_run_tp0.0_fk0.5_rp0.0_vd0.0_seed59_20260828_213342_222354.json,382,36,1677,34,34,True,0,False,,3.6894259452819824,{'final_key': 1},placeholder,False,,17,results/bob_realchannel_run_tp0.0_fk0.5_rp0.0_vd0.0_seed59_20260828_213342_222354.json,results/alice_realchannel_run_seed59_20260828_213342_358411.json,final_key,0.5,3,0.0026178010471204
0.0,0.5,0.0,0.0,60,results/bob_realchannel_run_tp0.0_fk0.5_rp0.0_vd0.0_seed60_20260828_213347_435943.json,382,16,1677,34,34,False,20,False,,4.6681647300720215,{'final_key': 1},placeholder,False,,18,results/bob_realchannel_run_tp0.0_fk0.5_rp0.0_vd0.0_seed60_20260828_213347_435943.json,results/alice_realchannel_run_seed60_20260828_213347_556519.json,final_key,0.5,3,0.0026178010471204
0.0,0.5,0.0,0.0,61,results/bob_realchannel_run_tp0.0_fk0.5_rp0.0_vd0.0_seed61_20260828_213353_525586.json,382,36,1677,34,34,True,0,False,,4.298676013946533,{},placeholder,True,,19,results/bob_realchannel_run_tp0.0_fk0.5_rp0.0_vd0.0_seed61_20260828_213353_525586.json,results/alice_realchannel_run_seed61_20260828_213353_688527.json,final_key,0.5,3,0.0026178010471204
0.0,0.3,0.0,0.0,42,results/bob_realchannel_run_tp0.0_fk0.3_rp0.0_vd0.0_seed42_20260828_213359_355530.json,382,36,1677,34,34,True,0,False,,3.668283462524414,{},placeholder,True,,0,results/bob_realchannel_run_tp0.0_fk0.3_rp0.0_vd0.0_seed42_20260828_213359_355530.json,results/alice_realchannel_run_seed42_20260828_213359_504531.json,final_key,0.3,3,0.0026178010471204
0.0,0.3,0.0,0.0,43,results/bob_realchannel_run_tp0.0_fk0.3_rp0.0_vd0.0_seed43_20260828_213404_690980.json,382,36,1677,34,34,True,0,False,,6.2407896518707275,{'final_key': 1},placeholder,False,,1,results/bob_realchannel_run_tp0.0_fk0.3_rp0.0_vd0.0_seed43_20260828_213404_690980.json,results/alice_realchannel_run_seed43_20260828_213404_663955.json,final_key,0.3,3,0.0026178010471204
0.0,0.3,0.0,0.0,44,results/bob_realchannel_run_tp0.0_fk0.3_rp0.0_vd0.0_seed44_20260828_213412_433559.json,382,36,1677,34,34,True,0,False,,6.657923936843872,{'final_key': 1},placeholder,False,,2,results/bob_realchannel_run_tp0.0_fk0.3_rp0.0_vd0.0_seed44_20260828_213412_433559.json,results/alice_realchannel_run_seed44_20260828_213412_532289.json,final_key,0.3,3,0.0026178010471204
0.0,0.3,0.0,0.0,45,results/bob_realchannel_run_tp0.0_fk0.3_rp0.0_vd0.0_seed45_20260828_213420_554020.json,382,36,1677,34,34,True,0,False,,5.5217444896698,{},placeholder,True,,3,results/bob_realchannel_run_tp0.0_fk0.3_rp0.0_vd0.0_seed45_20260828_213420_554020.json,results/alice_realchannel_run_seed45_20260828_213420_607747.json,final_key,0.3,3,0.0026178010471204
0.0,0.3,0.0,0.0,46,results/bob_realchannel_run_tp0.0_fk0.3_rp0.0_vd0.0_seed46_20260828_213427_534605.json,382,36,1677,34,34,True,0,False,,5.541553735733032,{},placeholder,True,,4,results/bob_realchannel_run_tp0.0_fk0.3_rp0.0_vd0.0_seed46_20260828_213427_534605.json,results/alice_realchannel_run_seed46_20260828_213427_647311.json,final_key,0.3,3,0.0026178010471204
0.0,0.3,0.0,0.0,47,results/bob_realchannel_run_tp0.0_fk0.3_rp0.0_vd0.0_seed47_20260828_213434_647381.json,382,36,1677,34,34,True,0,False,,3.974961757659912,{},placeholder,True,,5,results/bob_realchannel_run_tp0.0_fk0.3_rp0.0_vd0.0_seed47_20260828_213434_647381.json,results/alice_realchannel_run_seed47_20260828_213434_750156.json,final_key,0.3,3,0.0026178010471204
0.0,0.3,0.0,0.0,48,results/bob_realchannel_run_tp0.0_fk0.3_rp0.0_vd0.0_seed48_20260828_213440_108132.json,382,36,1677,34,34,True,0,False,,4.199655532836914,{},placeholder,True,,6,results/bob_realchannel_run_tp0.0_fk0.3_rp0.0_vd0.0_seed48_20260828_213440_108132.json,results/alice_realchannel_run_seed48_20260828_213440_283801.json,final_key,0.3,3,0.0026178010471204
0.0,0.3,0.0,0.0,49,results/bob_realchannel_run_tp0.0_fk0.3_rp0.0_vd0.0_seed49_20260828_213445_828412.json,382,36,1677,34,34,True,0,False,,5.639756917953491,{},placeholder,True,,7,results/bob_realchannel_run_tp0.0_fk0.3_rp0.0_vd0.0_seed49_20260828_213445_828412.json,results/alice_realchannel_run_seed49_20260828_213445_946011.json,final_key,0.3,3,0.0026178010471204
0.0,0.3,0.0,0.0,50,results/bob_realchannel_run_tp0.0_fk0.3_rp0.0_vd0.0_seed50_20260828_213452_873939.json,382,36,1677,34,34,True,0,False,,2.847667694091797,{},placeholder,True,,8,results/bob_realchannel_run_tp0.0_fk0.3_rp0.0_vd0.0_seed50_20260828_213452_873939.json,results/alice_realchannel_run_seed50_20260828_213453_013766.json,final_key,0.3,3,0.0026178010471204
0.0,0.3,0.0,0.0,51,results/bob_realchannel_run_tp0.0_fk0.3_rp0.0_vd0.0_seed51_20260828_213457_199416.json,382,36,1677,34,34,True,0,False,,5.420237302780151,{},placeholder,True,,9,results/bob_realchannel_run_tp0.0_fk0.3_rp0.0_vd0.0_seed51_20260828_213457_199416.json,results/alice_realchannel_run_seed51_20260828_213457_321619.json,final_key,0.3,3,0.0026178010471204
0.0,0.3,0.0,0.0,52,results/bob_realchannel_run_tp0.0_fk0.3_rp0.0_vd0.0_seed52_20260828_213504_040623.json,382,36,1677,34,34,True,0,False,,3.0252432823181152,{},placeholder,True,,10,results/bob_realchannel_run_tp0.0_fk0.3_rp0.0_vd0.0_seed52_20260828_213504_040623.json,results/alice_realchannel_run_seed52_20260828_213504_202717.json,final_key,0.3,3,0.0026178010471204
0.0,0.3,0.0,0.0,53,results/bob_realchannel_run_tp0.0_fk0.3_rp0.0_vd0.0_seed53_20260828_213508_578918.json,382,36,1677,34,34,True,0,False,,5.164622068405151,{},placeholder,True,,11,results/bob_realchannel_run_tp0.0_fk0.3_rp0.0_vd0.0_seed53_20260828_213508_578918.json,results/alice_realchannel_run_seed53_20260828_213508_692010.json,final_key,0.3,3,0.0026178010471204
0.0,0.3,0.0,0.0,54,results/bob_realchannel_run_tp0.0_fk0.3_rp0.0_vd0.0_seed54_20260828_213515_185468.json,382,36,1677,34,34,True,0,False,,5.502899646759033,{},placeholder,True,,12,results/bob_realchannel_run_tp0.0_fk0.3_rp0.0_vd0.0_seed54_20260828_213515_185468.json,results/alice_realchannel_run_seed54_20260828_213515_304938.json,final_key,0.3,3,0.0026178010471204
0.0,0.3,0.0,0.0,55,results/bob_realchannel_run_tp0.0_fk0.3_rp0.0_vd0.0_seed55_20260828_213522_234023.json,382,36,1677,34,34,True,0,False,,5.710399389266968,{'final_key': 1},placeholder,False,,13,results/bob_realchannel_run_tp0.0_fk0.3_rp0.0_vd0.0_seed55_20260828_213522_234023.json,results/alice_realchannel_run_seed55_20260828_213522_295895.json,final_key,0.3,3,0.0026178010471204
0.0,0.3,0.0,0.0,56,results/bob_realchannel_run_tp0.0_fk0.3_rp0.0_vd0.0_seed56_20260828_213529_475952.json,382,36,1677,34,34,True,0,False,,5.768451452255249,{'final_key': 1},placeholder,False,,14,results/bob_realchannel_run_tp0.0_fk0.3_rp0.0_vd0.0_seed56_20260828_213529_475952.json,results/alice_realchannel_run_seed56_20260828_213529_604751.json,final_key,0.3,3,0.0026178010471204
0.0,0.3,0.0,0.0,57,results/bob_realchannel_run_tp0.0_fk0.3_rp0.0_vd0.0_seed57_20260828_213536_781910.json,382,36,1677,34,34,True,0,False,,3.6222193241119385,{},placeholder,True,,15,results/bob_realchannel_run_tp0.0_fk0.3_rp0.0_vd0.0_seed57_20260828_213536_781910.json,results/alice_realchannel_run_seed57_20260828_213536_917630.json,final_key,0.3,3,0.0026178010471204
0.0,0.3,0.0,0.0,58,results/bob_realchannel_run_tp0.0_fk0.3_rp0.0_vd0.0_seed58_20260828_213541_909302.json,382,36,1677,34,34,True,0,False,,3.2708282470703125,{},placeholder,True,,16,results/bob_realchannel_run_tp0.0_fk0.3_rp0.0_vd0.0_seed58_20260828_213541_909302.json,results/alice_realchannel_run_seed58_20260828_213542_078134.json,final_key,0.3,3,0.0026178010471204
0.0,0.3,0.0,0.0,59,results/bob_realchannel_run_tp0.0_fk0.3_rp0.0_vd0.0_seed59_20260828_213546_693574.json,382,36,1677,34,34,True,0,False,,5.670393228530884,{'final_key': 1},placeholder,False,,17,results/bob_realchannel_run_tp0.0_fk0.3_rp0.0_vd0.0_seed59_20260828_213546_693574.json,results/alice_realchannel_run_seed59_20260828_213546_801260.json,final_key,0.3,3,0.0026178010471204
0.0,0.3,0.0,0.0,60,results/bob_realchannel_run_tp0.0_fk0.3_rp0.0_vd0.0_seed60_20260828_213553_797539.json,382,16,1677,34,34,False,20,False,,2.6660492420196533,{},placeholder,False,,18,results/bob_realchannel_run_tp0.0_fk0.3_rp0.0_vd0.0_seed60_20260828_213553_797539.json,results/alice_realchannel_run_seed60_20260828_213553_938439.json,final_key,0.3,3,0.0026178010471204
0.0,0.3,0.0,0.0,61,results/bob_realchannel_run_tp0.0_fk0.3_rp0.0_vd0.0_seed61_20260828_213557_996654.json,382,36,1677,34,34,True,0,False,,5.069156169891357,{},placeholder,True,,19,results/bob_realchannel_run_tp0.0_fk0.3_rp0.0_vd0.0_seed61_20260828_213557_996654.json,results/alice_realchannel_run_seed61_20260828_213558_089171.json,final_key,0.3,3,0.0026178010471204
0.0,0.1,0.0,0.0,42,results/bob_realchannel_run_tp0.0_fk0.1_rp0.0_vd0.0_seed42_20260828_213604_494970.json,382,36,1677,34,34,True,0,False,,5.6569671630859375,{},placeholder,True,,0,results/bob_realchannel_run_tp0.0_fk0.1_rp0.0_vd0.0_seed42_20260828_213604_494970.json,results/alice_realchannel_run_seed42_20260828_213604_623145.json,final_key,0.1,3,0.0026178010471204
0.0,0.1,0.0,0.0,43,results/bob_realchannel_run_tp0.0_fk0.1_rp0.0_vd0.0_seed43_20260828_213611_617877.json,382,36,1677,34,34,True,0,False,,4.365765571594238,{'final_key': 1},placeholder,False,,1,results/bob_realchannel_run_tp0.0_fk0.1_rp0.0_vd0.0_seed43_20260828_213611_617877.json,results/alice_realchannel_run_seed43_20260828_213611_753778.json,final_key,0.1,3,0.0026178010471204
0.0,0.1,0.0,0.0,44,results/bob_realchannel_run_tp0.0_fk0.1_rp0.0_vd0.0_seed44_20260828_213617_391296.json,382,36,1677,34,34,True,0,False,,4.6729817390441895,{},placeholder,True,,2,results/bob_realchannel_run_tp0.0_fk0.1_rp0.0_vd0.0_seed44_20260828_213617_391296.json,results/alice_realchannel_run_seed44_20260828_213617_535219.json,final_key,0.1,3,0.0026178010471204
0.0,0.1,0.0,0.0,45,results/bob_realchannel_run_tp0.0_fk0.1_rp0.0_vd0.0_seed45_20260828_213623_550441.json,382,36,1677,34,34,True,0,False,,5.5782105922698975,{},placeholder,True,,3,results/bob_realchannel_run_tp0.0_fk0.1_rp0.0_vd0.0_seed45_20260828_213623_550441.json,results/alice_realchannel_run_seed45_20260828_213623_660040.json,final_key,0.1,3,0.0026178010471204
0.0,0.1,0.0,0.0,46,results/bob_realchannel_run_tp0.0_fk0.1_rp0.0_vd0.0_seed46_20260828_213630_612266.json,382,36,1677,34,34,True,0,False,,5.543454647064209,{},placeholder,True,,4,results/bob_realchannel_run_tp0.0_fk0.1_rp0.0_vd0.0_seed46_20260828_213630_612266.json,results/alice_realchannel_run_seed46_20260828_213630_720212.json,final_key,0.1,3,0.0026178010471204
0.0,0.1,0.0,0.0,47,results/bob_realchannel_run_tp0.0_fk0.1_rp0.0_vd0.0_seed47_20260828_213637_617249.json,382,36,1677,34,34,True,0,False,,5.314969301223755,{},placeholder,True,,5,results/bob_realchannel_run_tp0.0_fk0.1_rp0.0_vd0.0_seed47_20260828_213637_617249.json,results/alice_realchannel_run_seed47_20260828_213637_712280.json,final_key,0.1,3,0.0026178010471204
0.0,0.1,0.0,0.0,48,results/bob_realchannel_run_tp0.0_fk0.1_rp0.0_vd0.0_seed48_20260828_213644_475147.json,382,36,1677,34,34,True,0,False,,6.012915372848511,{},placeholder,True,,6,results/bob_realchannel_run_tp0.0_fk0.1_rp0.0_vd0.0_seed48_20260828_213644_475147.json,results/alice_realchannel_run_seed48_20260828_213644_454143.json,final_key,0.1,3,0.0026178010471204
0.0,0.1,0.0,0.0,49,results/bob_realchannel_run_tp0.0_fk0.1_rp0.0_vd0.0_seed49_20260828_213652_165054.json,382,36,1677,34,34,True,0,False,,5.446782827377319,{},placeholder,True,,7,results/bob_realchannel_run_tp0.0_fk0.1_rp0.0_vd0.0_seed49_20260828_213652_165054.json,results/alice_realchannel_run_seed49_20260828_213652_083029.json,final_key,0.1,3,0.0026178010471204
0.0,0.1,0.0,0.0,50,results/bob_realchannel_run_tp0.0_fk0.1_rp0.0_vd0.0_seed50_20260828_213659_076684.json,382,36,1677,34,34,True,0,False,,5.731403350830078,{},placeholder,True,,8,results/bob_realchannel_run_tp0.0_fk0.1_rp0.0_vd0.0_seed50_20260828_213659_076684.json,results/alice_realchannel_run_seed50_20260828_213659_182144.json,final_key,0.1,3,0.0026178010471204
0.0,0.1,0.0,0.0,51,results/bob_realchannel_run_tp0.0_fk0.1_rp0.0_vd0.0_seed51_20260828_213706_214231.json,382,36,1677,34,34,True,0,False,,3.4260215759277344,{},placeholder,True,,9,results/bob_realchannel_run_tp0.0_fk0.1_rp0.0_vd0.0_seed51_20260828_213706_214231.json,results/alice_realchannel_run_seed51_20260828_213706_352804.json,final_key,0.1,3,0.0026178010471204
0.0,0.1,0.0,0.0,52,results/bob_realchannel_run_tp0.0_fk0.1_rp0.0_vd0.0_seed52_20260828_213711_134032.json,382,36,1677,34,34,True,0,False,,5.45007586479187,{},placeholder,True,,10,results/bob_realchannel_run_tp0.0_fk0.1_rp0.0_vd0.0_seed52_20260828_213711_134032.json,results/alice_realchannel_run_seed52_20260828_213711_252461.json,final_key,0.1,3,0.0026178010471204
0.0,0.1,0.0,0.0,53,results/bob_realchannel_run_tp0.0_fk0.1_rp0.0_vd0.0_seed53_20260828_213718_013903.json,382,36,1677,34,34,True,0,False,,3.1779255867004395,{},placeholder,True,,11,results/bob_realchannel_run_tp0.0_fk0.1_rp0.0_vd0.0_seed53_20260828_213718_013903.json,results/alice_realchannel_run_seed53_20260828_213718_160027.json,final_key,0.1,3,0.0026178010471204
0.0,0.1,0.0,0.0,54,results/bob_realchannel_run_tp0.0_fk0.1_rp0.0_vd0.0_seed54_20260828_213722_692515.json,382,36,1677,34,34,True,0,False,,5.48785662651062,{},placeholder,True,,12,results/bob_realchannel_run_tp0.0_fk0.1_rp0.0_vd0.0_seed54_20260828_213722_692515.json,results/alice_realchannel_run_seed54_20260828_213722_794960.json,final_key,0.1,3,0.0026178010471204
0.0,0.1,0.0,0.0,55,results/bob_realchannel_run_tp0.0_fk0.1_rp0.0_vd0.0_seed55_20260828_213729_708990.json,382,36,1677,34,34,True,0,False,,5.726880788803101,{},placeholder,True,,13,results/bob_realchannel_run_tp0.0_fk0.1_rp0.0_vd0.0_seed55_20260828_213729_708990.json,results/alice_realchannel_run_seed55_20260828_213729_781996.json,final_key,0.1,3,0.0026178010471204
0.0,0.1,0.0,0.0,56,results/bob_realchannel_run_tp0.0_fk0.1_rp0.0_vd0.0_seed56_20260828_213736_869260.json,382,36,1677,34,34,True,0,False,,3.7511537075042725,{'final_key': 1},placeholder,False,,14,results/bob_realchannel_run_tp0.0_fk0.1_rp0.0_vd0.0_seed56_20260828_213736_869260.json,results/alice_realchannel_run_seed56_20260828_213737_004401.json,final_key,0.1,3,0.0026178010471204
0.0,0.1,0.0,0.0,57,results/bob_realchannel_run_tp0.0_fk0.1_rp0.0_vd0.0_seed57_20260828_213742_165674.json,382,36,1677,34,34,True,0,False,,5.578094720840454,{},placeholder,True,,15,results/bob_realchannel_run_tp0.0_fk0.1_rp0.0_vd0.0_seed57_20260828_213742_165674.json,results/alice_realchannel_run_seed57_20260828_213742_246420.json,final_key,0.1,3,0.0026178010471204
0.0,0.1,0.0,0.0,58,results/bob_realchannel_run_tp0.0_fk0.1_rp0.0_vd0.0_seed58_20260828_213749_182937.json,382,36,1677,34,34,True,0,False,,5.241370677947998,{},placeholder,True,,16,results/bob_realchannel_run_tp0.0_fk0.1_rp0.0_vd0.0_seed58_20260828_213749_182937.json,results/alice_realchannel_run_seed58_20260828_213749_306939.json,final_key,0.1,3,0.0026178010471204
0.0,0.1,0.0,0.0,59,results/bob_realchannel_run_tp0.0_fk0.1_rp0.0_vd0.0_seed59_20260828_213755_890018.json,382,36,1677,34,34,True,0,False,,5.64168381690979,{'final_key': 1},placeholder,False,,17,results/bob_realchannel_run_tp0.0_fk0.1_rp0.0_vd0.0_seed59_20260828_213755_890018.json,results/alice_realchannel_run_seed59_20260828_213755_965074.json,final_key,0.1,3,0.0026178010471204
0.0,0.1,0.0,0.0,60,results/bob_realchannel_run_tp0.0_fk0.1_rp0.0_vd0.0_seed60_20260828_213802_975672.json,382,16,1677,34,34,False,20,False,,4.632320404052734,{},placeholder,False,,18,results/bob_realchannel_run_tp0.0_fk0.1_rp0.0_vd0.0_seed60_20260828_213802_975672.json,results/alice_realchannel_run_seed60_20260828_213803_059846.json,final_key,0.1,3,0.0026178010471204
0.0,0.1,0.0,0.0,61,results/bob_realchannel_run_tp0.0_fk0.1_rp0.0_vd0.0_seed61_20260828_213809_053235.json,382,36,1677,34,34,True,0,False,,6.263420581817627,{},placeholder,True,,19,results/bob_realchannel_run_tp0.0_fk0.1_rp0.0_vd0.0_seed61_20260828_213809_053235.json,results/alice_realchannel_run_seed61_20260828_213809_170222.json,final_key,0.1,3,0.0026178010471204
0.0,0.05,0.0,0.0,42,results/bob_realchannel_run_tp0.0_fk0.05_rp0.0_vd0.0_seed42_20260828_213816_792571.json,382,36,1677,34,34,True,0,False,,5.655154466629028,{},placeholder,True,,0,results/bob_realchannel_run_tp0.0_fk0.05_rp0.0_vd0.0_seed42_20260828_213816_792571.json,results/alice_realchannel_run_seed42_20260828_213816_920591.json,final_key,0.05,3,0.0026178010471204
0.0,0.05,0.0,0.0,43,results/bob_realchannel_run_tp0.0_fk0.05_rp0.0_vd0.0_seed43_20260828_213823_873471.json,382,36,1677,34,34,True,0,False,,6.386653900146484,{'final_key': 1},placeholder,False,,1,results/bob_realchannel_run_tp0.0_fk0.05_rp0.0_vd0.0_seed43_20260828_213823_873471.json,results/alice_realchannel_run_seed43_20260828_213823_991293.json,final_key,0.05,3,0.0026178010471204
0.0,0.05,0.0,0.0,44,results/bob_realchannel_run_tp0.0_fk0.05_rp0.0_vd0.0_seed44_20260828_213831_674843.json,382,36,1677,34,34,True,0,False,,6.665043115615845,{},placeholder,True,,2,results/bob_realchannel_run_tp0.0_fk0.05_rp0.0_vd0.0_seed44_20260828_213831_674843.json,results/alice_realchannel_run_seed44_20260828_213831_800427.json,final_key,0.05,3,0.0026178010471204
0.0,0.05,0.0,0.0,45,results/bob_realchannel_run_tp0.0_fk0.05_rp0.0_vd0.0_seed45_20260828_213839_758068.json,382,36,1677,34,34,True,0,False,,5.5976386070251465,{},placeholder,True,,3,results/bob_realchannel_run_tp0.0_fk0.05_rp0.0_vd0.0_seed45_20260828_213839_758068.json,results/alice_realchannel_run_seed45_20260828_213839_879207.json,final_key,0.05,3,0.0026178010471204
0.0,0.05,0.0,0.0,46,results/bob_realchannel_run_tp0.0_fk0.05_rp0.0_vd0.0_seed46_20260828_213846_794918.json,382,36,1677,34,34,True,0,False,,5.532644510269165,{},placeholder,True,,4,results/bob_realchannel_run_tp0.0_fk0.05_rp0.0_vd0.0_seed46_20260828_213846_794918.json,results/alice_realchannel_run_seed46_20260828_213846_908076.json,final_key,0.05,3,0.0026178010471204
0.0,0.05,0.0,0.0,47,results/bob_realchannel_run_tp0.0_fk0.05_rp0.0_vd0.0_seed47_20260828_213853_753415.json,382,36,1677,34,34,True,0,False,,5.334582567214966,{},placeholder,True,,5,results/bob_realchannel_run_tp0.0_fk0.05_rp0.0_vd0.0_seed47_20260828_213853_753415.json,results/alice_realchannel_run_seed47_20260828_213853_864040.json,final_key,0.05,3,0.0026178010471204
0.0,0.05,0.0,0.0,48,results/bob_realchannel_run_tp0.0_fk0.05_rp0.0_vd0.0_seed48_20260828_213900_518912.json,382,36,1677,34,34,True,0,False,,5.7006542682647705,{},placeholder,True,,6,results/bob_realchannel_run_tp0.0_fk0.05_rp0.0_vd0.0_seed48_20260828_213900_518912.json,results/alice_realchannel_run_seed48_20260828_213900_642730.json,final_key,0.05,3,0.0026178010471204
0.0,0.05,0.0,0.0,49,results/bob_realchannel_run_tp0.0_fk0.05_rp0.0_vd0.0_seed49_20260828_213907_636227.json,382,36,1677,34,34,True,0,False,,5.659488201141357,{},placeholder,True,,7,results/bob_realchannel_run_tp0.0_fk0.05_rp0.0_vd0.0_seed49_20260828_213907_636227.json,results/alice_realchannel_run_seed49_20260828_213907_763850.json,final_key,0.05,3,0.0026178010471204
0.0,0.05,0.0,0.0,50,results/bob_realchannel_run_tp0.0_fk0.05_rp0.0_vd0.0_seed50_20260828_213914_732115.json,382,36,1677,34,34,True,0,False,,3.2916674613952637,{},placeholder,True,,8,results/bob_realchannel_run_tp0.0_fk0.05_rp0.0_vd0.0_seed50_20260828_213914_732115.json,results/alice_realchannel_run_seed50_20260828_213914_866899.json,final_key,0.05,3,0.0026178010471204
0.0,0.05,0.0,0.0,51,results/bob_realchannel_run_tp0.0_fk0.05_rp0.0_vd0.0_seed51_20260828_213919_486094.json,382,36,1677,34,34,True,0,False,,5.417980909347534,{},placeholder,True,,9,results/bob_realchannel_run_tp0.0_fk0.05_rp0.0_vd0.0_seed51_20260828_213919_486094.json,results/alice_realchannel_run_seed51_20260828_213919_598071.json,final_key,0.05,3,0.0026178010471204
0.0,0.05,0.0,0.0,52,results/bob_realchannel_run_tp0.0_fk0.05_rp0.0_vd0.0_seed52_20260828_213926_364475.json,382,36,1677,34,34,True,0,False,,5.431636333465576,{},placeholder,True,,10,results/bob_realchannel_run_tp0.0_fk0.05_rp0.0_vd0.0_seed52_20260828_213926_364475.json,results/alice_realchannel_run_seed52_20260828_213926_465081.json,final_key,0.05,3,0.0026178010471204
0.0,0.05,0.0,0.0,53,results/bob_realchannel_run_tp0.0_fk0.05_rp0.0_vd0.0_seed53_20260828_213933_319444.json,382,36,1677,34,34,True,0,False,,5.096757411956787,{},placeholder,True,,11,results/bob_realchannel_run_tp0.0_fk0.05_rp0.0_vd0.0_seed53_20260828_213933_319444.json,results/alice_realchannel_run_seed53_20260828_213933_367747.json,final_key,0.05,3,0.0026178010471204
0.0,0.05,0.0,0.0,54,results/bob_realchannel_run_tp0.0_fk0.05_rp0.0_vd0.0_seed54_20260828_213939_838137.json,382,36,1677,34,34,True,0,False,,3.494330883026123,{},placeholder,True,,12,results/bob_realchannel_run_tp0.0_fk0.05_rp0.0_vd0.0_seed54_20260828_213939_838137.json,results/alice_realchannel_run_seed54_20260828_213939_978909.json,final_key,0.05,3,0.0026178010471204
0.0,0.05,0.0,0.0,55,results/bob_realchannel_run_tp0.0_fk0.05_rp0.0_vd0.0_seed55_20260828_213944_794097.json,382,36,1677,34,34,True,0,False,,3.7942683696746826,{},placeholder,True,,13,results/bob_realchannel_run_tp0.0_fk0.05_rp0.0_vd0.0_seed55_20260828_213944_794097.json,results/alice_realchannel_run_seed55_20260828_213944_934715.json,final_key,0.05,3,0.0026178010471204
0.0,0.05,0.0,0.0,56,results/bob_realchannel_run_tp0.0_fk0.05_rp0.0_vd0.0_seed56_20260828_213950_036359.json,382,36,1677,34,34,True,0,False,,3.9074318408966064,{},placeholder,True,,14,results/bob_realchannel_run_tp0.0_fk0.05_rp0.0_vd0.0_seed56_20260828_213950_036359.json,results/alice_realchannel_run_seed56_20260828_213950_327298.json,final_key,0.05,3,0.0026178010471204
0.0,0.05,0.0,0.0,57,results/bob_realchannel_run_tp0.0_fk0.05_rp0.0_vd0.0_seed57_20260828_213955_519240.json,382,36,1677,34,34,True,0,False,,3.625079870223999,{},placeholder,True,,15,results/bob_realchannel_run_tp0.0_fk0.05_rp0.0_vd0.0_seed57_20260828_213955_519240.json,results/alice_realchannel_run_seed57_20260828_213955_660671.json,final_key,0.05,3,0.0026178010471204
0.0,0.05,0.0,0.0,58,results/bob_realchannel_run_tp0.0_fk0.05_rp0.0_vd0.0_seed58_20260828_214000_607440.json,382,36,1677,34,34,True,0,False,,4.7842535972595215,{},placeholder,True,,16,results/bob_realchannel_run_tp0.0_fk0.05_rp0.0_vd0.0_seed58_20260828_214000_607440.json,results/alice_realchannel_run_seed58_20260828_214000_733387.json,final_key,0.05,3,0.0026178010471204
0.0,0.05,0.0,0.0,59,results/bob_realchannel_run_tp0.0_fk0.05_rp0.0_vd0.0_seed59_20260828_214006_819050.json,382,36,1677,34,34,True,0,False,,3.7051942348480225,{},placeholder,True,,17,results/bob_realchannel_run_tp0.0_fk0.05_rp0.0_vd0.0_seed59_20260828_214006_819050.json,results/alice_realchannel_run_seed59_20260828_214006_960314.json,final_key,0.05,3,0.0026178010471204
0.0,0.05,0.0,0.0,60,results/bob_realchannel_run_tp0.0_fk0.05_rp0.0_vd0.0_seed60_20260828_214011_943778.json,382,16,1677,34,34,False,20,False,,4.676212310791016,{},placeholder,False,,18,results/bob_realchannel_run_tp0.0_fk0.05_rp0.0_vd0.0_seed60_20260828_214011_943778.json,results/alice_realchannel_run_seed60_20260828_214012_068588.json,final_key,0.05,3,0.0026178010471204
0.0,0.05,0.0,0.0,61,results/bob_realchannel_run_tp0.0_fk0.05_rp0.0_vd0.0_seed61_20260828_214018_048534.json,382,36,1677,34,34,True,0,False,,6.26353120803833,{},placeholder,True,,19,results/bob_realchannel_run_tp0.0_fk0.05_rp0.0_vd0.0_seed61_20260828_214018_048534.json,results/alice_realchannel_run_seed61_20260828_214018_159517.json,final_key,0.05,3,0.0026178010471204
0.0,0.03,0.0,0.0,42,results/bob_realchannel_run_tp0.0_fk0.03_rp0.0_vd0.0_seed42_20260828_214025_746883.json,382,36,1677,34,34,True,0,False,,5.660861492156982,{},placeholder,True,,0,results/bob_realchannel_run_tp0.0_fk0.03_rp0.0_vd0.0_seed42_20260828_214025_746883.json,results/alice_realchannel_run_seed42_20260828_214025_876211.json,final_key,0.03,3,0.0026178010471204
0.0,0.03,0.0,0.0,43,results/bob_realchannel_run_tp0.0_fk0.03_rp0.0_vd0.0_seed43_20260828_214032_829122.json,382,36,1677,34,34,True,0,False,,4.486850023269653,{},placeholder,True,,1,results/bob_realchannel_run_tp0.0_fk0.03_rp0.0_vd0.0_seed43_20260828_214032_829122.json,results/alice_realchannel_run_seed43_20260828_214033_083527.json,final_key,0.03,3,0.0026178010471204
0.0,0.03,0.0,0.0,44,results/bob_realchannel_run_tp0.0_fk0.03_rp0.0_vd0.0_seed44_20260828_214038_827737.json,382,36,1677,34,34,True,0,False,,6.668349504470825,{},placeholder,True,,2,results/bob_realchannel_run_tp0.0_fk0.03_rp0.0_vd0.0_seed44_20260828_214038_827737.json,results/alice_realchannel_run_seed44_20260828_214038_932559.json,final_key,0.03,3,0.0026178010471204
0.0,0.03,0.0,0.0,45,results/bob_realchannel_run_tp0.0_fk0.03_rp0.0_vd0.0_seed45_20260828_214046_913263.json,382,36,1677,34,34,True,0,False,,5.579107046127319,{},placeholder,True,,3,results/bob_realchannel_run_tp0.0_fk0.03_rp0.0_vd0.0_seed45_20260828_214046_913263.json,results/alice_realchannel_run_seed45_20260828_214047_013297.json,final_key,0.03,3,0.0026178010471204
0.0,0.03,0.0,0.0,46,results/bob_realchannel_run_tp0.0_fk0.03_rp0.0_vd0.0_seed46_20260828_214053_921218.json,382,36,1677,34,34,True,0,False,,5.535113096237183,{},placeholder,True,,4,results/bob_realchannel_run_tp0.0_fk0.03_rp0.0_vd0.0_seed46_20260828_214053_921218.json,results/alice_realchannel_run_seed46_20260828_214054_028776.json,final_key,0.03,3,0.0026178010471204
0.0,0.03,0.0,0.0,47,results/bob_realchannel_run_tp0.0_fk0.03_rp0.0_vd0.0_seed47_20260828_214100_884848.json,382,36,1677,34,34,True,0,False,,5.327006578445435,{},placeholder,True,,5,results/bob_realchannel_run_tp0.0_fk0.03_rp0.0_vd0.0_seed47_20260828_214100_884848.json,results/alice_realchannel_run_seed47_20260828_214100_992274.json,final_key,0.03,3,0.0026178010471204
0.0,0.03,0.0,0.0,48,results/bob_realchannel_run_tp0.0_fk0.03_rp0.0_vd0.0_seed48_20260828_214107_867300.json,382,36,1677,34,34,True,0,False,,2.8271360397338867,{},placeholder,True,,6,results/bob_realchannel_run_tp0.0_fk0.03_rp0.0_vd0.0_seed48_20260828_214107_867300.json,results/alice_realchannel_run_seed48_20260828_214108_023993.json,final_key,0.03,3,0.0026178010471204
0.0,0.03,0.0,0.0,49,results/bob_realchannel_run_tp0.0_fk0.03_rp0.0_vd0.0_seed49_20260828_214112_204901.json,382,36,1677,34,34,True,0,False,,5.631028413772583,{},placeholder,True,,7,results/bob_realchannel_run_tp0.0_fk0.03_rp0.0_vd0.0_seed49_20260828_214112_204901.json,results/alice_realchannel_run_seed49_20260828_214112_304043.json,final_key,0.03,3,0.0026178010471204
0.0,0.03,0.0,0.0,50,results/bob_realchannel_run_tp0.0_fk0.03_rp0.0_vd0.0_seed50_20260828_214119_243337.json,382,36,1677,34,34,True,0,False,,5.756923198699951,{},placeholder,True,,8,results/bob_realchannel_run_tp0.0_fk0.03_rp0.0_vd0.0_seed50_20260828_214119_243337.json,results/alice_realchannel_run_seed50_20260828_214119_366627.json,final_key,0.03,3,0.0026178010471204
0.0,0.03,0.0,0.0,51,results/bob_realchannel_run_tp0.0_fk0.03_rp0.0_vd0.0_seed51_20260828_214126_514887.json,382,36,1677,34,34,True,0,False,,3.802824020385742,{},placeholder,True,,9,results/bob_realchannel_run_tp0.0_fk0.03_rp0.0_vd0.0_seed51_20260828_214126_514887.json,results/alice_realchannel_run_seed51_20260828_214126_619469.json,final_key,0.03,3,0.0026178010471204
0.0,0.03,0.0,0.0,52,results/bob_realchannel_run_tp0.0_fk0.03_rp0.0_vd0.0_seed52_20260828_214131_729552.json,382,36,1677,34,34,True,0,False,,5.402605295181274,{},placeholder,True,,10,results/bob_realchannel_run_tp0.0_fk0.03_rp0.0_vd0.0_seed52_20260828_214131_729552.json,results/alice_realchannel_run_seed52_20260828_214131_803978.json,final_key,0.03,3,0.0026178010471204
0.0,0.03,0.0,0.0,53,results/bob_realchannel_run_tp0.0_fk0.03_rp0.0_vd0.0_seed53_20260828_214138_625406.json,382,36,1677,34,34,True,0,False,,5.134278059005737,{},placeholder,True,,11,results/bob_realchannel_run_tp0.0_fk0.03_rp0.0_vd0.0_seed53_20260828_214138_625406.json,results/alice_realchannel_run_seed53_20260828_214138_708813.json,final_key,0.03,3,0.0026178010471204
0.0,0.03,0.0,0.0,54,results/bob_realchannel_run_tp0.0_fk0.03_rp0.0_vd0.0_seed54_20260828_214145_177022.json,382,36,1677,34,34,True,0,False,,5.454834222793579,{},placeholder,True,,12,results/bob_realchannel_run_tp0.0_fk0.03_rp0.0_vd0.0_seed54_20260828_214145_177022.json,results/alice_realchannel_run_seed54_20260828_214145_262689.json,final_key,0.03,3,0.0026178010471204
0.0,0.03,0.0,0.0,55,results/bob_realchannel_run_tp0.0_fk0.03_rp0.0_vd0.0_seed55_20260828_214152_007265.json,382,36,1677,34,34,True,0,False,,4.380586385726929,{},placeholder,True,,13,results/bob_realchannel_run_tp0.0_fk0.03_rp0.0_vd0.0_seed55_20260828_214152_007265.json,results/alice_realchannel_run_seed55_20260828_214152_110092.json,final_key,0.03,3,0.0026178010471204
0.0,0.03,0.0,0.0,56,results/bob_realchannel_run_tp0.0_fk0.03_rp0.0_vd0.0_seed56_20260828_214157_998586.json,382,36,1677,34,34,True,0,False,,5.601682186126709,{},placeholder,True,,14,results/bob_realchannel_run_tp0.0_fk0.03_rp0.0_vd0.0_seed56_20260828_214157_998586.json,results/alice_realchannel_run_seed56_20260828_214157_964212.json,final_key,0.03,3,0.0026178010471204
0.0,0.03,0.0,0.0,57,results/bob_realchannel_run_tp0.0_fk0.03_rp0.0_vd0.0_seed57_20260828_214205_062998.json,382,36,1677,34,34,True,0,False,,5.604943752288818,{},placeholder,True,,15,results/bob_realchannel_run_tp0.0_fk0.03_rp0.0_vd0.0_seed57_20260828_214205_062998.json,results/alice_realchannel_run_seed57_20260828_214205_166997.json,final_key,0.03,3,0.0026178010471204
0.0,0.03,0.0,0.0,58,results/bob_realchannel_run_tp0.0_fk0.03_rp0.0_vd0.0_seed58_20260828_214212_077240.json,382,36,1677,34,34,True,0,False,,4.762514114379883,{},placeholder,True,,16,results/bob_realchannel_run_tp0.0_fk0.03_rp0.0_vd0.0_seed58_20260828_214212_077240.json,results/alice_realchannel_run_seed58_20260828_214212_181118.json,final_key,0.03,3,0.0026178010471204
0.0,0.03,0.0,0.0,59,results/bob_realchannel_run_tp0.0_fk0.03_rp0.0_vd0.0_seed59_20260828_214218_235934.json,382,36,1677,34,34,True,0,False,,5.676676511764526,{},placeholder,True,,17,results/bob_realchannel_run_tp0.0_fk0.03_rp0.0_vd0.0_seed59_20260828_214218_235934.json,results/alice_realchannel_run_seed59_20260828_214218_341336.json,final_key,0.03,3,0.0026178010471204
0.0,0.03,0.0,0.0,60,results/bob_realchannel_run_tp0.0_fk0.03_rp0.0_vd0.0_seed60_20260828_214225_343496.json,382,16,1677,34,34,False,20,False,,4.6241700649261475,{},placeholder,False,,18,results/bob_realchannel_run_tp0.0_fk0.03_rp0.0_vd0.0_seed60_20260828_214225_343496.json,results/alice_realchannel_run_seed60_20260828_214225_421829.json,final_key,0.03,3,0.0026178010471204
0.0,0.03,0.0,0.0,61,results/bob_realchannel_run_tp0.0_fk0.03_rp0.0_vd0.0_seed61_20260828_214231_366536.json,382,36,1677,34,34,True,0,False,,6.241379261016846,{},placeholder,True,,19,results/bob_realchannel_run_tp0.0_fk0.03_rp0.0_vd0.0_seed61_20260828_214231_366536.json,results/alice_realchannel_run_seed61_20260828_214231_461100.json,final_key,0.03,3,0.0026178010471204
0.0,0.01,0.0,0.0,42,results/bob_realchannel_run_tp0.0_fk0.01_rp0.0_vd0.0_seed42_20260828_214239_014194.json,382,36,1677,34,34,True,0,False,,5.605693340301514,{},placeholder,True,,0,results/bob_realchannel_run_tp0.0_fk0.01_rp0.0_vd0.0_seed42_20260828_214239_014194.json,results/alice_realchannel_run_seed42_20260828_214239_098971.json,final_key,0.01,3,0.0026178010471204
0.0,0.01,0.0,0.0,43,results/bob_realchannel_run_tp0.0_fk0.01_rp0.0_vd0.0_seed43_20260828_214246_024779.json,382,36,1677,34,34,True,0,False,,6.343333005905151,{},placeholder,True,,1,results/bob_realchannel_run_tp0.0_fk0.01_rp0.0_vd0.0_seed43_20260828_214246_024779.json,results/alice_realchannel_run_seed43_20260828_214246_118436.json,final_key,0.01,3,0.0026178010471204
0.0,0.01,0.0,0.0,44,results/bob_realchannel_run_tp0.0_fk0.01_rp0.0_vd0.0_seed44_20260828_214253_765767.json,382,36,1677,34,34,True,0,False,,6.193169116973877,{},placeholder,True,,2,results/bob_realchannel_run_tp0.0_fk0.01_rp0.0_vd0.0_seed44_20260828_214253_765767.json,results/alice_realchannel_run_seed44_20260828_214253_862355.json,final_key,0.01,3,0.0026178010471204
0.0,0.01,0.0,0.0,45,results/bob_realchannel_run_tp0.0_fk0.01_rp0.0_vd0.0_seed45_20260828_214301_606019.json,382,36,1677,34,34,True,0,False,,5.52582311630249,{},placeholder,True,,3,results/bob_realchannel_run_tp0.0_fk0.01_rp0.0_vd0.0_seed45_20260828_214301_606019.json,results/alice_realchannel_run_seed45_20260828_214301_653789.json,final_key,0.01,3,0.0026178010471204
0.0,0.01,0.0,0.0,46,results/bob_realchannel_run_tp0.0_fk0.01_rp0.0_vd0.0_seed46_20260828_214308_579967.json,382,36,1677,34,34,True,0,False,,5.4718708992004395,{},placeholder,True,,4,results/bob_realchannel_run_tp0.0_fk0.01_rp0.0_vd0.0_seed46_20260828_214308_579967.json,results/alice_realchannel_run_seed46_20260828_214308_630251.json,final_key,0.01,3,0.0026178010471204
0.0,0.01,0.0,0.0,47,results/bob_realchannel_run_tp0.0_fk0.01_rp0.0_vd0.0_seed47_20260828_214315_470209.json,382,36,1677,34,34,True,0,False,,5.30880880355835,{},placeholder,True,,5,results/bob_realchannel_run_tp0.0_fk0.01_rp0.0_vd0.0_seed47_20260828_214315_470209.json,results/alice_realchannel_run_seed47_20260828_214315_564291.json,final_key,0.01,3,0.0026178010471204
0.0,0.01,0.0,0.0,48,results/bob_realchannel_run_tp0.0_fk0.01_rp0.0_vd0.0_seed48_20260828_214322_219604.json,382,36,1677,34,34,True,0,False,,6.128132104873657,{},placeholder,True,,6,results/bob_realchannel_run_tp0.0_fk0.01_rp0.0_vd0.0_seed48_20260828_214322_219604.json,results/alice_realchannel_run_seed48_20260828_214322_319802.json,final_key,0.01,3,0.0026178010471204
0.0,0.01,0.0,0.0,49,results/bob_realchannel_run_tp0.0_fk0.01_rp0.0_vd0.0_seed49_20260828_214329_820044.json,382,36,1677,34,34,True,0,False,,5.627580165863037,{},placeholder,True,,7,results/bob_realchannel_run_tp0.0_fk0.01_rp0.0_vd0.0_seed49_20260828_214329_820044.json,results/alice_realchannel_run_seed49_20260828_214329_919481.json,final_key,0.01,3,0.0026178010471204
0.0,0.01,0.0,0.0,50,results/bob_realchannel_run_tp0.0_fk0.01_rp0.0_vd0.0_seed50_20260828_214336_878750.json,382,36,1677,34,34,True,0,False,,5.728976011276245,{},placeholder,True,,8,results/bob_realchannel_run_tp0.0_fk0.01_rp0.0_vd0.0_seed50_20260828_214336_878750.json,results/alice_realchannel_run_seed50_20260828_214336_981984.json,final_key,0.01,3,0.0026178010471204
0.0,0.01,0.0,0.0,51,results/bob_realchannel_run_tp0.0_fk0.01_rp0.0_vd0.0_seed51_20260828_214344_098792.json,382,36,1677,34,34,True,0,False,,5.369149684906006,{},placeholder,True,,9,results/bob_realchannel_run_tp0.0_fk0.01_rp0.0_vd0.0_seed51_20260828_214344_098792.json,results/alice_realchannel_run_seed51_20260828_214344_176868.json,final_key,0.01,3,0.0026178010471204
0.0,0.01,0.0,0.0,52,results/bob_realchannel_run_tp0.0_fk0.01_rp0.0_vd0.0_seed52_20260828_214350_866778.json,382,36,1677,34,34,True,0,False,,5.448784828186035,{},placeholder,True,,10,results/bob_realchannel_run_tp0.0_fk0.01_rp0.0_vd0.0_seed52_20260828_214350_866778.json,results/alice_realchannel_run_seed52_20260828_214350_994278.json,final_key,0.01,3,0.0026178010471204
0.0,0.01,0.0,0.0,53,results/bob_realchannel_run_tp0.0_fk0.01_rp0.0_vd0.0_seed53_20260828_214357_747819.json,382,36,1677,34,34,True,0,False,,5.167691230773926,{},placeholder,True,,11,results/bob_realchannel_run_tp0.0_fk0.01_rp0.0_vd0.0_seed53_20260828_214357_747819.json,results/alice_realchannel_run_seed53_20260828_214357_869253.json,final_key,0.01,3,0.0026178010471204
0.0,0.01,0.0,0.0,54,results/bob_realchannel_run_tp0.0_fk0.01_rp0.0_vd0.0_seed54_20260828_214404_385159.json,382,36,1677,34,34,True,0,False,,5.4746785163879395,{},placeholder,True,,12,results/bob_realchannel_run_tp0.0_fk0.01_rp0.0_vd0.0_seed54_20260828_214404_385159.json,results/alice_realchannel_run_seed54_20260828_214404_483588.json,final_key,0.01,3,0.0026178010471204
0.0,0.01,0.0,0.0,55,results/bob_realchannel_run_tp0.0_fk0.01_rp0.0_vd0.0_seed55_20260828_214411_256100.json,382,36,1677,34,34,True,0,False,,3.7839317321777344,{},placeholder,True,,13,results/bob_realchannel_run_tp0.0_fk0.01_rp0.0_vd0.0_seed55_20260828_214411_256100.json,results/alice_realchannel_run_seed55_20260828_214411_408574.json,final_key,0.01,3,0.0026178010471204
0.0,0.01,0.0,0.0,56,results/bob_realchannel_run_tp0.0_fk0.01_rp0.0_vd0.0_seed56_20260828_214416_565247.json,382,36,1677,34,34,True,0,False,,5.678136825561523,{},placeholder,True,,14,results/bob_realchannel_run_tp0.0_fk0.01_rp0.0_vd0.0_seed56_20260828_214416_565247.json,results/alice_realchannel_run_seed56_20260828_214416_622051.json,final_key,0.01,3,0.0026178010471204
0.0,0.01,0.0,0.0,57,results/bob_realchannel_run_tp0.0_fk0.01_rp0.0_vd0.0_seed57_20260828_214423_633157.json,382,36,1677,34,34,True,0,False,,5.60295033454895,{},placeholder,True,,15,results/bob_realchannel_run_tp0.0_fk0.01_rp0.0_vd0.0_seed57_20260828_214423_633157.json,results/alice_realchannel_run_seed57_20260828_214423_746204.json,final_key,0.01,3,0.0026178010471204
0.0,0.01,0.0,0.0,58,results/bob_realchannel_run_tp0.0_fk0.01_rp0.0_vd0.0_seed58_20260828_214430_674704.json,382,36,1677,34,34,True,0,False,,5.201100587844849,{},placeholder,True,,16,results/bob_realchannel_run_tp0.0_fk0.01_rp0.0_vd0.0_seed58_20260828_214430_674704.json,results/alice_realchannel_run_seed58_20260828_214430_768163.json,final_key,0.01,3,0.0026178010471204
0.0,0.01,0.0,0.0,59,results/bob_realchannel_run_tp0.0_fk0.01_rp0.0_vd0.0_seed59_20260828_214437_270094.json,382,36,1677,34,34,True,0,False,,5.682318449020386,{},placeholder,True,,17,results/bob_realchannel_run_tp0.0_fk0.01_rp0.0_vd0.0_seed59_20260828_214437_270094.json,results/alice_realchannel_run_seed59_20260828_214437_390733.json,final_key,0.01,3,0.0026178010471204
0.0,0.01,0.0,0.0,60,results/bob_realchannel_run_tp0.0_fk0.01_rp0.0_vd0.0_seed60_20260828_214444_392336.json,382,16,1677,34,34,False,20,False,,2.6758525371551514,{},placeholder,False,,18,results/bob_realchannel_run_tp0.0_fk0.01_rp0.0_vd0.0_seed60_20260828_214444_392336.json,results/alice_realchannel_run_seed60_20260828_214444_539350.json,final_key,0.01,3,0.0026178010471204
0.0,0.01,0.0,0.0,61,results/bob_realchannel_run_tp0.0_fk0.01_rp0.0_vd0.0_seed61_20260828_214448_577544.json,382,36,1677,34,34,True,0,False,,6.254366636276245,{},placeholder,True,,19,results/bob_realchannel_run_tp0.0_fk0.01_rp0.0_vd0.0_seed61_20260828_214448_577544.json,results/alice_realchannel_run_seed61_20260828_214448_693855.json,final_key,0.01,3,0.0026178010471204
0.0,0.003,0.0,0.0,42,results/bob_realchannel_run_tp0.0_fk0.003_rp0.0_vd0.0_seed42_20260828_214456_341160.json,382,36,1677,34,34,True,0,False,,5.1390979290008545,{},placeholder,True,,0,results/bob_realchannel_run_tp0.0_fk0.003_rp0.0_vd0.0_seed42_20260828_214456_341160.json,results/alice_realchannel_run_seed42_20260828_214456_407895.json,final_key,0.003,3,0.0026178010471204
0.0,0.003,0.0,0.0,43,results/bob_realchannel_run_tp0.0_fk0.003_rp0.0_vd0.0_seed43_20260828_214502_918491.json,382,36,1677,34,34,True,0,False,,4.369473695755005,{},placeholder,True,,1,results/bob_realchannel_run_tp0.0_fk0.003_rp0.0_vd0.0_seed43_20260828_214502_918491.json,results/alice_realchannel_run_seed43_20260828_214503_057914.json,final_key,0.003,3,0.0026178010471204
0.0,0.003,0.0,0.0,44,results/bob_realchannel_run_tp0.0_fk0.003_rp0.0_vd0.0_seed44_20260828_214508_756457.json,382,36,1677,34,34,True,0,False,,6.663978576660156,{},placeholder,True,,2,results/bob_realchannel_run_tp0.0_fk0.003_rp0.0_vd0.0_seed44_20260828_214508_756457.json,results/alice_realchannel_run_seed44_20260828_214508_882288.json,final_key,0.003,3,0.0026178010471204
0.0,0.003,0.0,0.0,45,results/bob_realchannel_run_tp0.0_fk0.003_rp0.0_vd0.0_seed45_20260828_214516_845437.json,382,36,1677,34,34,True,0,False,,3.5868661403656006,{},placeholder,True,,3,results/bob_realchannel_run_tp0.0_fk0.003_rp0.0_vd0.0_seed45_20260828_214516_845437.json,results/alice_realchannel_run_seed45_20260828_214516_982711.json,final_key,0.003,3,0.0026178010471204
0.0,0.003,0.0,0.0,46,results/bob_realchannel_run_tp0.0_fk0.003_rp0.0_vd0.0_seed46_20260828_214521_906767.json,382,36,1677,34,34,True,0,False,,5.5291588306427,{},placeholder,True,,4,results/bob_realchannel_run_tp0.0_fk0.003_rp0.0_vd0.0_seed46_20260828_214521_906767.json,results/alice_realchannel_run_seed46_20260828_214522_009694.json,final_key,0.003,3,0.0026178010471204
0.0,0.003,0.0,0.0,47,results/bob_realchannel_run_tp0.0_fk0.003_rp0.0_vd0.0_seed47_20260828_214528_876793.json,382,36,1677,34,34,True,0,False,,3.330894708633423,{},placeholder,True,,5,results/bob_realchannel_run_tp0.0_fk0.003_rp0.0_vd0.0_seed47_20260828_214528_876793.json,results/alice_realchannel_run_seed47_20260828_214529_008840.json,final_key,0.003,3,0.0026178010471204
0.0,0.003,0.0,0.0,48,results/bob_realchannel_run_tp0.0_fk0.003_rp0.0_vd0.0_seed48_20260828_214533_675865.json,382,36,1677,34,34,True,0,False,,6.124570846557617,{},placeholder,True,,6,results/bob_realchannel_run_tp0.0_fk0.003_rp0.0_vd0.0_seed48_20260828_214533_675865.json,results/alice_realchannel_run_seed48_20260828_214533_772586.json,final_key,0.003,3,0.0026178010471204
0.0,0.003,0.0,0.0,49,results/bob_realchannel_run_tp0.0_fk0.003_rp0.0_vd0.0_seed49_20260828_214541_249402.json,382,36,1677,34,34,True,0,False,,5.614734649658203,{},placeholder,True,,7,results/bob_realchannel_run_tp0.0_fk0.003_rp0.0_vd0.0_seed49_20260828_214541_249402.json,results/alice_realchannel_run_seed49_20260828_214541_329581.json,final_key,0.003,3,0.0026178010471204
0.0,0.003,0.0,0.0,50,results/bob_realchannel_run_tp0.0_fk0.003_rp0.0_vd0.0_seed50_20260828_214548_281606.json,382,36,1677,34,34,True,0,False,,4.576272249221802,{},placeholder,True,,8,results/bob_realchannel_run_tp0.0_fk0.003_rp0.0_vd0.0_seed50_20260828_214548_281606.json,results/alice_realchannel_run_seed50_20260828_214548_388741.json,final_key,0.003,3,0.0026178010471204
0.0,0.003,0.0,0.0,51,results/bob_realchannel_run_tp0.0_fk0.003_rp0.0_vd0.0_seed51_20260828_214554_276314.json,382,36,1677,34,34,True,0,False,,5.411752223968506,{},placeholder,True,,9,results/bob_realchannel_run_tp0.0_fk0.003_rp0.0_vd0.0_seed51_20260828_214554_276314.json,results/alice_realchannel_run_seed51_20260828_214554_398287.json,final_key,0.003,3,0.0026178010471204
0.0,0.003,0.0,0.0,52,results/bob_realchannel_run_tp0.0_fk0.003_rp0.0_vd0.0_seed52_20260828_214601_204464.json,382,36,1677,34,34,True,0,False,,5.395419359207153,{},placeholder,True,,10,results/bob_realchannel_run_tp0.0_fk0.003_rp0.0_vd0.0_seed52_20260828_214601_204464.json,results/alice_realchannel_run_seed52_20260828_214601_270099.json,final_key,0.003,3,0.0026178010471204
0.0,0.003,0.0,0.0,53,results/bob_realchannel_run_tp0.0_fk0.003_rp0.0_vd0.0_seed53_20260828_214608_068195.json,382,36,1677,34,34,True,0,False,,3.1636781692504883,{},placeholder,True,,11,results/bob_realchannel_run_tp0.0_fk0.003_rp0.0_vd0.0_seed53_20260828_214608_068195.json,results/alice_realchannel_run_seed53_20260828_214608_202302.json,final_key,0.003,3,0.0026178010471204
0.0,0.003,0.0,0.0,54,results/bob_realchannel_run_tp0.0_fk0.003_rp0.0_vd0.0_seed54_20260828_214612_740232.json,382,36,1677,34,34,True,0,False,,5.427466869354248,{},placeholder,True,,12,results/bob_realchannel_run_tp0.0_fk0.003_rp0.0_vd0.0_seed54_20260828_214612_740232.json,results/alice_realchannel_run_seed54_20260828_214612_790945.json,final_key,0.003,3,0.0026178010471204
0.0,0.003,0.0,0.0,55,results/bob_realchannel_run_tp0.0_fk0.003_rp0.0_vd0.0_seed55_20260828_214619_558508.json,382,36,1677,34,34,True,0,False,,4.143264293670654,{},placeholder,True,,13,results/bob_realchannel_run_tp0.0_fk0.003_rp0.0_vd0.0_seed55_20260828_214619_558508.json,results/alice_realchannel_run_seed55_20260828_214619_644524.json,final_key,0.003,3,0.0026178010471204
0.0,0.003,0.0,0.0,56,results/bob_realchannel_run_tp0.0_fk0.003_rp0.0_vd0.0_seed56_20260828_214625_128034.json,382,36,1677,34,34,True,0,False,,5.707870244979858,{},placeholder,True,,14,results/bob_realchannel_run_tp0.0_fk0.003_rp0.0_vd0.0_seed56_20260828_214625_128034.json,results/alice_realchannel_run_seed56_20260828_214625_207604.json,final_key,0.003,3,0.0026178010471204
0.0,0.003,0.0,0.0,57,results/bob_realchannel_run_tp0.0_fk0.003_rp0.0_vd0.0_seed57_20260828_214632_242783.json,382,36,1677,34,34,True,0,False,,4.685487270355225,{},placeholder,True,,15,results/bob_realchannel_run_tp0.0_fk0.003_rp0.0_vd0.0_seed57_20260828_214632_242783.json,results/alice_realchannel_run_seed57_20260828_214632_325383.json,final_key,0.003,3,0.0026178010471204
0.0,0.003,0.0,0.0,58,results/bob_realchannel_run_tp0.0_fk0.003_rp0.0_vd0.0_seed58_20260828_214638_334068.json,382,36,1677,34,34,True,0,False,,4.309888601303101,{},placeholder,True,,16,results/bob_realchannel_run_tp0.0_fk0.003_rp0.0_vd0.0_seed58_20260828_214638_334068.json,results/alice_realchannel_run_seed58_20260828_214638_422732.json,final_key,0.003,3,0.0026178010471204
0.0,0.003,0.0,0.0,59,results/bob_realchannel_run_tp0.0_fk0.003_rp0.0_vd0.0_seed59_20260828_214644_159844.json,382,36,1677,34,34,True,0,False,,5.200096130371094,{},placeholder,True,,17,results/bob_realchannel_run_tp0.0_fk0.003_rp0.0_vd0.0_seed59_20260828_214644_159844.json,results/alice_realchannel_run_seed59_20260828_214644_239871.json,final_key,0.003,3,0.0026178010471204
0.0,0.003,0.0,0.0,60,results/bob_realchannel_run_tp0.0_fk0.003_rp0.0_vd0.0_seed60_20260828_214650_900015.json,382,16,1677,34,34,False,20,False,,4.106080770492554,{},placeholder,False,,18,results/bob_realchannel_run_tp0.0_fk0.003_rp0.0_vd0.0_seed60_20260828_214650_900015.json,results/alice_realchannel_run_seed60_20260828_214650_904376.json,final_key,0.003,3,0.0026178010471204
0.0,0.003,0.0,0.0,61,results/bob_realchannel_run_tp0.0_fk0.003_rp0.0_vd0.0_seed61_20260828_214656_401879.json,382,36,1677,34,34,True,0,False,,3.8303325176239014,{},placeholder,True,,19,results/bob_realchannel_run_tp0.0_fk0.003_rp0.0_vd0.0_seed61_20260828_214656_401879.json,results/alice_realchannel_run_seed61_20260828_214656_542909.json,final_key,0.003,3,0.0026178010471204
0.0,0.001,0.0,0.0,42,results/bob_realchannel_run_tp0.0_fk0.001_rp0.0_vd0.0_seed42_20260828_214701_657038.json,382,36,1677,34,34,True,0,False,,3.6468963623046875,{},placeholder,True,,0,results/bob_realchannel_run_tp0.0_fk0.001_rp0.0_vd0.0_seed42_20260828_214701_657038.json,results/alice_realchannel_run_seed42_20260828_214701_792730.json,final_key,0.001,3,0.0026178010471204
0.0,0.001,0.0,0.0,43,results/bob_realchannel_run_tp0.0_fk0.001_rp0.0_vd0.0_seed43_20260828_214706_830041.json,382,36,1677,34,34,True,0,False,,6.306066274642944,{},placeholder,True,,1,results/bob_realchannel_run_tp0.0_fk0.001_rp0.0_vd0.0_seed43_20260828_214706_830041.json,results/alice_realchannel_run_seed43_20260828_214706_880002.json,final_key,0.001,3,0.0026178010471204
0.0,0.001,0.0,0.0,44,results/bob_realchannel_run_tp0.0_fk0.001_rp0.0_vd0.0_seed44_20260828_214714_559687.json,382,36,1677,34,34,True,0,False,,6.624040126800537,{},placeholder,True,,2,results/bob_realchannel_run_tp0.0_fk0.001_rp0.0_vd0.0_seed44_20260828_214714_559687.json,results/alice_realchannel_run_seed44_20260828_214714_634354.json,final_key,0.001,3,0.0026178010471204
0.0,0.001,0.0,0.0,45,results/bob_realchannel_run_tp0.0_fk0.001_rp0.0_vd0.0_seed45_20260828_214722_587182.json,382,36,1677,34,34,True,0,False,,5.592820167541504,{},placeholder,True,,3,results/bob_realchannel_run_tp0.0_fk0.001_rp0.0_vd0.0_seed45_20260828_214722_587182.json,results/alice_realchannel_run_seed45_20260828_214722_705826.json,final_key,0.001,3,0.0026178010471204
0.0,0.001,0.0,0.0,46,results/bob_realchannel_run_tp0.0_fk0.001_rp0.0_vd0.0_seed46_20260828_214729_648289.json,382,36,1677,34,34,True,0,False,,5.531705379486084,{},placeholder,True,,4,results/bob_realchannel_run_tp0.0_fk0.001_rp0.0_vd0.0_seed46_20260828_214729_648289.json,results/alice_realchannel_run_seed46_20260828_214729_748356.json,final_key,0.001,3,0.0026178010471204
0.0,0.001,0.0,0.0,47,results/bob_realchannel_run_tp0.0_fk0.001_rp0.0_vd0.0_seed47_20260828_214736_597185.json,382,36,1677,34,34,True,0,False,,5.334786653518677,{},placeholder,True,,5,results/bob_realchannel_run_tp0.0_fk0.001_rp0.0_vd0.0_seed47_20260828_214736_597185.json,results/alice_realchannel_run_seed47_20260828_214736_704377.json,final_key,0.001,3,0.0026178010471204
0.0,0.001,0.0,0.0,48,results/bob_realchannel_run_tp0.0_fk0.001_rp0.0_vd0.0_seed48_20260828_214743_421383.json,382,36,1677,34,34,True,0,False,,5.698862791061401,{},placeholder,True,,6,results/bob_realchannel_run_tp0.0_fk0.001_rp0.0_vd0.0_seed48_20260828_214743_421383.json,results/alice_realchannel_run_seed48_20260828_214743_524897.json,final_key,0.001,3,0.0026178010471204
0.0,0.001,0.0,0.0,49,results/bob_realchannel_run_tp0.0_fk0.001_rp0.0_vd0.0_seed49_20260828_214750_544964.json,382,36,1677,34,34,True,0,False,,5.622977018356323,{},placeholder,True,,7,results/bob_realchannel_run_tp0.0_fk0.001_rp0.0_vd0.0_seed49_20260828_214750_544964.json,results/alice_realchannel_run_seed49_20260828_214750_637762.json,final_key,0.001,3,0.0026178010471204
0.0,0.001,0.0,0.0,50,results/bob_realchannel_run_tp0.0_fk0.001_rp0.0_vd0.0_seed50_20260828_214757_586085.json,382,36,1677,34,34,True,0,False,,5.7298195362091064,{},placeholder,True,,8,results/bob_realchannel_run_tp0.0_fk0.001_rp0.0_vd0.0_seed50_20260828_214757_586085.json,results/alice_realchannel_run_seed50_20260828_214757_688689.json,final_key,0.001,3,0.0026178010471204
0.0,0.001,0.0,0.0,51,results/bob_realchannel_run_tp0.0_fk0.001_rp0.0_vd0.0_seed51_20260828_214804_791581.json,382,36,1677,34,34,True,0,False,,5.392545938491821,{},placeholder,True,,9,results/bob_realchannel_run_tp0.0_fk0.001_rp0.0_vd0.0_seed51_20260828_214804_791581.json,results/alice_realchannel_run_seed51_20260828_214804_880623.json,final_key,0.001,3,0.0026178010471204
0.0,0.001,0.0,0.0,52,results/bob_realchannel_run_tp0.0_fk0.001_rp0.0_vd0.0_seed52_20260828_214811_607287.json,382,36,1677,34,34,True,0,False,,4.9766809940338135,{},placeholder,True,,10,results/bob_realchannel_run_tp0.0_fk0.001_rp0.0_vd0.0_seed52_20260828_214811_607287.json,results/alice_realchannel_run_seed52_20260828_214811_714300.json,final_key,0.001,3,0.0026178010471204
0.0,0.001,0.0,0.0,53,results/bob_realchannel_run_tp0.0_fk0.001_rp0.0_vd0.0_seed53_20260828_214818_055497.json,382,36,1677,34,34,True,0,False,,5.136498212814331,{},placeholder,True,,11,results/bob_realchannel_run_tp0.0_fk0.001_rp0.0_vd0.0_seed53_20260828_214818_055497.json,results/alice_realchannel_run_seed53_20260828_214818_138662.json,final_key,0.001,3,0.0026178010471204
0.0,0.001,0.0,0.0,54,results/bob_realchannel_run_tp0.0_fk0.001_rp0.0_vd0.0_seed54_20260828_214824_712532.json,382,36,1677,34,34,True,0,False,,4.997623443603516,{},placeholder,True,,12,results/bob_realchannel_run_tp0.0_fk0.001_rp0.0_vd0.0_seed54_20260828_214824_712532.json,results/alice_realchannel_run_seed54_20260828_214824_781325.json,final_key,0.001,3,0.0026178010471204
0.0,0.001,0.0,0.0,55,results/bob_realchannel_run_tp0.0_fk0.001_rp0.0_vd0.0_seed55_20260828_214831_376112.json,382,36,1677,34,34,True,0,False,,5.54762864112854,{},placeholder,True,,13,results/bob_realchannel_run_tp0.0_fk0.001_rp0.0_vd0.0_seed55_20260828_214831_376112.json,results/alice_realchannel_run_seed55_20260828_214831_266816.json,final_key,0.001,3,0.0026178010471204
0.0,0.001,0.0,0.0,56,results/bob_realchannel_run_tp0.0_fk0.001_rp0.0_vd0.0_seed56_20260828_214838_334679.json,382,36,1677,34,34,True,0,False,,5.733848333358765,{},placeholder,True,,14,results/bob_realchannel_run_tp0.0_fk0.001_rp0.0_vd0.0_seed56_20260828_214838_334679.json,results/alice_realchannel_run_seed56_20260828_214838_429830.json,final_key,0.001,3,0.0026178010471204
0.0,0.001,0.0,0.0,57,results/bob_realchannel_run_tp0.0_fk0.001_rp0.0_vd0.0_seed57_20260828_214845_474204.json,382,36,1677,34,34,True,0,False,,5.590176105499268,{},placeholder,True,,15,results/bob_realchannel_run_tp0.0_fk0.001_rp0.0_vd0.0_seed57_20260828_214845_474204.json,results/alice_realchannel_run_seed57_20260828_214845_561197.json,final_key,0.001,3,0.0026178010471204
0.0,0.001,0.0,0.0,58,results/bob_realchannel_run_tp0.0_fk0.001_rp0.0_vd0.0_seed58_20260828_214852_464229.json,382,36,1677,34,34,True,0,False,,5.203889608383179,{},placeholder,True,,16,results/bob_realchannel_run_tp0.0_fk0.001_rp0.0_vd0.0_seed58_20260828_214852_464229.json,results/alice_realchannel_run_seed58_20260828_214852_554000.json,final_key,0.001,3,0.0026178010471204
0.0,0.001,0.0,0.0,59,results/bob_realchannel_run_tp0.0_fk0.001_rp0.0_vd0.0_seed59_20260828_214859_065988.json,382,36,1677,34,34,True,0,False,,5.234369993209839,{},placeholder,True,,17,results/bob_realchannel_run_tp0.0_fk0.001_rp0.0_vd0.0_seed59_20260828_214859_065988.json,results/alice_realchannel_run_seed59_20260828_214859_169785.json,final_key,0.001,3,0.0026178010471204
0.0,0.001,0.0,0.0,60,results/bob_realchannel_run_tp0.0_fk0.001_rp0.0_vd0.0_seed60_20260828_214905_702450.json,382,16,1677,34,34,False,20,False,,3.473121166229248,{},placeholder,False,,18,results/bob_realchannel_run_tp0.0_fk0.001_rp0.0_vd0.0_seed60_20260828_214905_702450.json,results/alice_realchannel_run_seed60_20260828_214905_793703.json,final_key,0.001,3,0.0026178010471204
0.0,0.001,0.0,0.0,61,results/bob_realchannel_run_tp0.0_fk0.001_rp0.0_vd0.0_seed61_20260828_214910_579181.json,382,36,1677,34,34,True,0,False,,3.238722801208496,{},placeholder,True,,19,results/bob_realchannel_run_tp0.0_fk0.001_rp0.0_vd0.0_seed61_20260828_214910_579181.json,results/alice_realchannel_run_seed61_20260828_214910_841934.json,final_key,0.001,3,0.0026178010471204
0.0,0.5,0.0,0.0,42,results/bob_realchannel_run_tp0.0_fk0.5_rp0.0_vd0.0_seed42_20260828_214915_475267.json,382,36,3251,34,34,True,0,False,,5.70473837852478,{},asymptotic,True,,0,results/bob_realchannel_run_tp0.0_fk0.5_rp0.0_vd0.0_seed42_20260828_214915_475267.json,results/alice_realchannel_run_seed42_20260828_214915_578225.json,final_key,0.5,3,0.0026178010471204
0.0,0.5,0.0,0.0,43,results/bob_realchannel_run_tp0.0_fk0.5_rp0.0_vd0.0_seed43_20260828_214922_771983.json,382,36,3251,34,34,True,0,False,,5.855945348739624,{'final_key': 1},asymptotic,False,,1,results/bob_realchannel_run_tp0.0_fk0.5_rp0.0_vd0.0_seed43_20260828_214922_771983.json,results/alice_realchannel_run_seed43_20260828_214922_754329.json,final_key,0.5,3,0.0026178010471204
0.0,0.5,0.0,0.0,44,results/bob_realchannel_run_tp0.0_fk0.5_rp0.0_vd0.0_seed44_20260828_214930_287404.json,382,36,3251,34,34,True,0,False,,6.076390981674194,{'final_key': 1},asymptotic,False,,2,results/bob_realchannel_run_tp0.0_fk0.5_rp0.0_vd0.0_seed44_20260828_214930_287404.json,results/alice_realchannel_run_seed44_20260828_214930_200994.json,final_key,0.5,3,0.0026178010471204
0.0,0.5,0.0,0.0,45,results/bob_realchannel_run_tp0.0_fk0.5_rp0.0_vd0.0_seed45_20260828_214937_861110.json,382,36,3251,34,34,True,0,False,,5.627338886260986,{'final_key': 1},asymptotic,False,,3,results/bob_realchannel_run_tp0.0_fk0.5_rp0.0_vd0.0_seed45_20260828_214937_861110.json,results/alice_realchannel_run_seed45_20260828_214937_931621.json,final_key,0.5,3,0.0026178010471204
0.0,0.5,0.0,0.0,46,results/bob_realchannel_run_tp0.0_fk0.5_rp0.0_vd0.0_seed46_20260828_214945_046515.json,382,36,3251,34,34,True,0,False,,5.54142951965332,{'final_key': 1},asymptotic,False,,4,results/bob_realchannel_run_tp0.0_fk0.5_rp0.0_vd0.0_seed46_20260828_214945_046515.json,results/alice_realchannel_run_seed46_20260828_214945_083687.json,final_key,0.5,3,0.0026178010471204
0.0,0.5,0.0,0.0,47,results/bob_realchannel_run_tp0.0_fk0.5_rp0.0_vd0.0_seed47_20260828_214952_004107.json,382,36,3251,34,34,True,0,False,,5.4158775806427,{},asymptotic,True,,5,results/bob_realchannel_run_tp0.0_fk0.5_rp0.0_vd0.0_seed47_20260828_214952_004107.json,results/alice_realchannel_run_seed47_20260828_214952_117249.json,final_key,0.5,3,0.0026178010471204
0.0,0.5,0.0,0.0,48,results/bob_realchannel_run_tp0.0_fk0.5_rp0.0_vd0.0_seed48_20260828_214958_895575.json,382,36,3251,34,34,True,0,False,,6.224645614624023,{},asymptotic,True,,6,results/bob_realchannel_run_tp0.0_fk0.5_rp0.0_vd0.0_seed48_20260828_214958_895575.json,results/alice_realchannel_run_seed48_20260828_214959_008696.json,final_key,0.5,3,0.0026178010471204
0.0,0.5,0.0,0.0,49,results/bob_realchannel_run_tp0.0_fk0.5_rp0.0_vd0.0_seed49_20260828_215006_615964.json,382,36,3251,34,34,True,0,False,,5.672594308853149,{'final_key': 1},asymptotic,False,,7,results/bob_realchannel_run_tp0.0_fk0.5_rp0.0_vd0.0_seed49_20260828_215006_615964.json,results/alice_realchannel_run_seed49_20260828_215006_682858.json,final_key,0.5,3,0.0026178010471204
0.0,0.5,0.0,0.0,50,results/bob_realchannel_run_tp0.0_fk0.5_rp0.0_vd0.0_seed50_20260828_215013_701006.json,382,36,3251,34,34,True,0,False,,5.790950775146484,{'final_key': 1},asymptotic,False,,8,results/bob_realchannel_run_tp0.0_fk0.5_rp0.0_vd0.0_seed50_20260828_215013_701006.json,results/alice_realchannel_run_seed50_20260828_215013_783765.json,final_key,0.5,3,0.0026178010471204
0.0,0.5,0.0,0.0,51,results/bob_realchannel_run_tp0.0_fk0.5_rp0.0_vd0.0_seed51_20260828_215020_888894.json,382,36,3251,34,34,True,0,False,,5.225246429443359,{},asymptotic,True,,9,results/bob_realchannel_run_tp0.0_fk0.5_rp0.0_vd0.0_seed51_20260828_215020_888894.json,results/alice_realchannel_run_seed51_20260828_215020_968135.json,final_key,0.5,3,0.0026178010471204
0.0,0.5,0.0,0.0,52,results/bob_realchannel_run_tp0.0_fk0.5_rp0.0_vd0.0_seed52_20260828_215027_682891.json,382,36,3251,34,34,True,0,False,,5.353816032409668,{},asymptotic,True,,10,results/bob_realchannel_run_tp0.0_fk0.5_rp0.0_vd0.0_seed52_20260828_215027_682891.json,results/alice_realchannel_run_seed52_20260828_215027_628127.json,final_key,0.5,3,0.0026178010471204
0.0,0.5,0.0,0.0,53,results/bob_realchannel_run_tp0.0_fk0.5_rp0.0_vd0.0_seed53_20260828_215034_577062.json,382,36,3251,34,34,True,0,False,,5.1985392570495605,{},asymptotic,True,,11,results/bob_realchannel_run_tp0.0_fk0.5_rp0.0_vd0.0_seed53_20260828_215034_577062.json,results/alice_realchannel_run_seed53_20260828_215034_628264.json,final_key,0.5,3,0.0026178010471204
0.0,0.5,0.0,0.0,54,results/bob_realchannel_run_tp0.0_fk0.5_rp0.0_vd0.0_seed54_20260828_215041_180450.json,382,36,3251,34,34,True,0,False,,5.564003229141235,{'final_key': 1},asymptotic,False,,12,results/bob_realchannel_run_tp0.0_fk0.5_rp0.0_vd0.0_seed54_20260828_215041_180450.json,results/alice_realchannel_run_seed54_20260828_215041_284602.json,final_key,0.5,3,0.0026178010471204
0.0,0.5,0.0,0.0,55,results/bob_realchannel_run_tp0.0_fk0.5_rp0.0_vd0.0_seed55_20260828_215048_265381.json,382,36,3251,34,34,True,0,False,,4.886492490768433,{'final_key': 1},asymptotic,False,,13,results/bob_realchannel_run_tp0.0_fk0.5_rp0.0_vd0.0_seed55_20260828_215048_265381.json,results/alice_realchannel_run_seed55_20260828_215048_311797.json,final_key,0.5,3,0.0026178010471204
0.0,0.5,0.0,0.0,56,results/bob_realchannel_run_tp0.0_fk0.5_rp0.0_vd0.0_seed56_20260828_215054_549476.json,382,36,3251,34,34,True,0,False,,5.802375316619873,{'final_key': 1},asymptotic,False,,14,results/bob_realchannel_run_tp0.0_fk0.5_rp0.0_vd0.0_seed56_20260828_215054_549476.json,results/alice_realchannel_run_seed56_20260828_215054_647950.json,final_key,0.5,3,0.0026178010471204
0.0,0.5,0.0,0.0,57,results/bob_realchannel_run_tp0.0_fk0.5_rp0.0_vd0.0_seed57_20260828_215101_733737.json,382,36,3251,34,34,True,0,False,,5.682830095291138,{},asymptotic,True,,15,results/bob_realchannel_run_tp0.0_fk0.5_rp0.0_vd0.0_seed57_20260828_215101_733737.json,results/alice_realchannel_run_seed57_20260828_215101_839365.json,final_key,0.5,3,0.0026178010471204
0.0,0.5,0.0,0.0,58,results/bob_realchannel_run_tp0.0_fk0.5_rp0.0_vd0.0_seed58_20260828_215108_808662.json,382,36,3251,34,34,True,0,False,,4.839502811431885,{},asymptotic,True,,16,results/bob_realchannel_run_tp0.0_fk0.5_rp0.0_vd0.0_seed58_20260828_215108_808662.json,results/alice_realchannel_run_seed58_20260828_215108_904460.json,final_key,0.5,3,0.0026178010471204
0.0,0.5,0.0,0.0,59,results/bob_realchannel_run_tp0.0_fk0.5_rp0.0_vd0.0_seed59_20260828_215115_039863.json,382,36,3251,34,34,True,0,False,,5.717700004577637,{'final_key': 1},asymptotic,False,,17,results/bob_realchannel_run_tp0.0_fk0.5_rp0.0_vd0.0_seed59_20260828_215115_039863.json,results/alice_realchannel_run_seed59_20260828_215115_156709.json,final_key,0.5,3,0.0026178010471204
0.0,0.5,0.0,0.0,60,results/bob_realchannel_run_tp0.0_fk0.5_rp0.0_vd0.0_seed60_20260828_215122_136215.json,382,16,3251,34,34,False,20,False,,4.732195854187012,{'final_key': 1},asymptotic,False,,18,results/bob_realchannel_run_tp0.0_fk0.5_rp0.0_vd0.0_seed60_20260828_215122_136215.json,results/alice_realchannel_run_seed60_20260828_215122_237253.json,final_key,0.5,3,0.0026178010471204
0.0,0.5,0.0,0.0,61,results/bob_realchannel_run_tp0.0_fk0.5_rp0.0_vd0.0_seed61_20260828_215128_264593.json,382,36,3251,34,34,True,0,False,,5.423254728317261,{},asymptotic,True,,19,results/bob_realchannel_run_tp0.0_fk0.5_rp0.0_vd0.0_seed61_20260828_215128_264593.json,results/alice_realchannel_run_seed61_20260828_215128_353687.json,final_key,0.5,3,0.0026178010471204
0.0,0.3,0.0,0.0,42,results/bob_realchannel_run_tp0.0_fk0.3_rp0.0_vd0.0_seed42_20260828_215135_083209.json,382,36,3251,34,34,True,0,False,,5.732616186141968,{},asymptotic,True,,0,results/bob_realchannel_run_tp0.0_fk0.3_rp0.0_vd0.0_seed42_20260828_215135_083209.json,results/alice_realchannel_run_seed42_20260828_215135_207444.json,final_key,0.3,3,0.0026178010471204
0.0,0.3,0.0,0.0,43,results/bob_realchannel_run_tp0.0_fk0.3_rp0.0_vd0.0_seed43_20260828_215142_214914.json,382,36,3251,34,34,True,0,False,,6.456608533859253,{'final_key': 1},asymptotic,False,,1,results/bob_realchannel_run_tp0.0_fk0.3_rp0.0_vd0.0_seed43_20260828_215142_214914.json,results/alice_realchannel_run_seed43_20260828_215142_344480.json,final_key,0.3,3,0.0026178010471204
0.0,0.3,0.0,0.0,44,results/bob_realchannel_run_tp0.0_fk0.3_rp0.0_vd0.0_seed44_20260828_215150_090641.json,382,36,3251,34,34,True,0,False,,6.741682291030884,{'final_key': 1},asymptotic,False,,2,results/bob_realchannel_run_tp0.0_fk0.3_rp0.0_vd0.0_seed44_20260828_215150_090641.json,results/alice_realchannel_run_seed44_20260828_215150_205545.json,final_key,0.3,3,0.0026178010471204
0.0,0.3,0.0,0.0,45,results/bob_realchannel_run_tp0.0_fk0.3_rp0.0_vd0.0_seed45_20260828_215158_279476.json,382,36,3251,34,34,True,0,False,,3.676455020904541,{},asymptotic,True,,3,results/bob_realchannel_run_tp0.0_fk0.3_rp0.0_vd0.0_seed45_20260828_215158_279476.json,results/alice_realchannel_run_seed45_20260828_215158_418584.json,final_key,0.3,3,0.0026178010471204
0.0,0.3,0.0,0.0,46,results/bob_realchannel_run_tp0.0_fk0.3_rp0.0_vd0.0_seed46_20260828_215203_400434.json,382,36,3251,34,34,True,0,False,,5.619281530380249,{},asymptotic,True,,4,results/bob_realchannel_run_tp0.0_fk0.3_rp0.0_vd0.0_seed46_20260828_215203_400434.json,results/alice_realchannel_run_seed46_20260828_215203_521691.json,final_key,0.3,3,0.0026178010471204
0.0,0.3,0.0,0.0,47,results/bob_realchannel_run_tp0.0_fk0.3_rp0.0_vd0.0_seed47_20260828_215210_452110.json,382,36,3251,34,34,True,0,False,,5.419954776763916,{},asymptotic,True,,5,results/bob_realchannel_run_tp0.0_fk0.3_rp0.0_vd0.0_seed47_20260828_215210_452110.json,results/alice_realchannel_run_seed47_20260828_215210_560190.json,final_key,0.3,3,0.0026178010471204
0.0,0.3,0.0,0.0,48,results/bob_realchannel_run_tp0.0_fk0.3_rp0.0_vd0.0_seed48_20260828_215217_291736.json,382,36,3251,34,34,True,0,False,,6.236364841461182,{},asymptotic,True,,6,results/bob_realchannel_run_tp0.0_fk0.3_rp0.0_vd0.0_seed48_20260828_215217_291736.json,results/alice_realchannel_run_seed48_20260828_215217_414996.json,final_key,0.3,3,0.0026178010471204
0.0,0.3,0.0,0.0,49,results/bob_realchannel_run_tp0.0_fk0.3_rp0.0_vd0.0_seed49_20260828_215224_989704.json,382,36,3251,34,34,True,0,False,,5.738320589065552,{},asymptotic,True,,7,results/bob_realchannel_run_tp0.0_fk0.3_rp0.0_vd0.0_seed49_20260828_215224_989704.json,results/alice_realchannel_run_seed49_20260828_215225_118952.json,final_key,0.3,3,0.0026178010471204
0.0,0.3,0.0,0.0,50,results/bob_realchannel_run_tp0.0_fk0.3_rp0.0_vd0.0_seed50_20260828_215232_185111.json,382,36,3251,34,34,True,0,False,,4.274751663208008,{},asymptotic,True,,8,results/bob_realchannel_run_tp0.0_fk0.3_rp0.0_vd0.0_seed50_20260828_215232_185111.json,results/alice_realchannel_run_seed50_20260828_215232_318294.json,final_key,0.3,3,0.0026178010471204
0.0,0.3,0.0,0.0,51,results/bob_realchannel_run_tp0.0_fk0.3_rp0.0_vd0.0_seed51_20260828_215237_917504.json,382,36,3251,34,34,True,0,False,,5.478273630142212,{},asymptotic,True,,9,results/bob_realchannel_run_tp0.0_fk0.3_rp0.0_vd0.0_seed51_20260828_215237_917504.json,results/alice_realchannel_run_seed51_20260828_215238_001308.json,final_key,0.3,3,0.0026178010471204
0.0,0.3,0.0,0.0,52,results/bob_realchannel_run_tp0.0_fk0.3_rp0.0_vd0.0_seed52_20260828_215244_812536.json,382,36,3251,34,34,True,0,False,,3.5599210262298584,{},asymptotic,True,,10,results/bob_realchannel_run_tp0.0_fk0.3_rp0.0_vd0.0_seed52_20260828_215244_812536.json,results/alice_realchannel_run_seed52_20260828_215244_973538.json,final_key,0.3,3,0.0026178010471204
0.0,0.3,0.0,0.0,53,results/bob_realchannel_run_tp0.0_fk0.3_rp0.0_vd0.0_seed53_20260828_215249_851171.json,382,36,3251,34,34,True,0,False,,5.200636148452759,{},asymptotic,True,,11,results/bob_realchannel_run_tp0.0_fk0.3_rp0.0_vd0.0_seed53_20260828_215249_851171.json,results/alice_realchannel_run_seed53_20260828_215249_917759.json,final_key,0.3,3,0.0026178010471204
0.0,0.3,0.0,0.0,54,results/bob_realchannel_run_tp0.0_fk0.3_rp0.0_vd0.0_seed54_20260828_215256_471850.json,382,36,3251,34,34,True,0,False,,3.612255573272705,{},asymptotic,True,,12,results/bob_realchannel_run_tp0.0_fk0.3_rp0.0_vd0.0_seed54_20260828_215256_471850.json,results/alice_realchannel_run_seed54_20260828_215256_636432.json,final_key,0.3,3,0.0026178010471204
0.0,0.3,0.0,0.0,55,results/bob_realchannel_run_tp0.0_fk0.3_rp0.0_vd0.0_seed55_20260828_215301_588777.json,382,36,3251,34,34,True,0,False,,5.855501174926758,{'final_key': 1},asymptotic,False,,13,results/bob_realchannel_run_tp0.0_fk0.3_rp0.0_vd0.0_seed55_20260828_215301_588777.json,results/alice_realchannel_run_seed55_20260828_215301_698647.json,final_key,0.3,3,0.0026178010471204
0.0,0.3,0.0,0.0,56,results/bob_realchannel_run_tp0.0_fk0.3_rp0.0_vd0.0_seed56_20260828_215308_913645.json,382,36,3251,34,34,True,0,False,,3.870586395263672,{'final_key': 1},asymptotic,False,,14,results/bob_realchannel_run_tp0.0_fk0.3_rp0.0_vd0.0_seed56_20260828_215308_913645.json,results/alice_realchannel_run_seed56_20260828_215309_077352.json,final_key,0.3,3,0.0026178010471204
0.0,0.3,0.0,0.0,57,results/bob_realchannel_run_tp0.0_fk0.3_rp0.0_vd0.0_seed57_20260828_215314_267850.json,382,36,3251,34,34,True,0,False,,3.7200939655303955,{},asymptotic,True,,15,results/bob_realchannel_run_tp0.0_fk0.3_rp0.0_vd0.0_seed57_20260828_215314_267850.json,results/alice_realchannel_run_seed57_20260828_215314_419556.json,final_key,0.3,3,0.0026178010471204
0.0,0.3,0.0,0.0,58,results/bob_realchannel_run_tp0.0_fk0.3_rp0.0_vd0.0_seed58_20260828_215319_394005.json,382,36,3251,34,34,True,0,False,,3.358203649520874,{},asymptotic,True,,16,results/bob_realchannel_run_tp0.0_fk0.3_rp0.0_vd0.0_seed58_20260828_215319_394005.json,results/alice_realchannel_run_seed58_20260828_215319_573903.json,final_key,0.3,3,0.0026178010471204
0.0,0.3,0.0,0.0,59,results/bob_realchannel_run_tp0.0_fk0.3_rp0.0_vd0.0_seed59_20260828_215324_253114.json,382,36,3251,34,34,True,0,False,,5.775055885314941,{'final_key': 1},asymptotic,False,,17,results/bob_realchannel_run_tp0.0_fk0.3_rp0.0_vd0.0_seed59_20260828_215324_253114.json,results/alice_realchannel_run_seed59_20260828_215324_370320.json,final_key,0.3,3,0.0026178010471204
0.0,0.3,0.0,0.0,60,results/bob_realchannel_run_tp0.0_fk0.3_rp0.0_vd0.0_seed60_20260828_215331_457372.json,382,16,3251,34,34,False,20,False,,4.746735095977783,{},asymptotic,False,,18,results/bob_realchannel_run_tp0.0_fk0.3_rp0.0_vd0.0_seed60_20260828_215331_457372.json,results/alice_realchannel_run_seed60_20260828_215331_571626.json,final_key,0.3,3,0.0026178010471204
0.0,0.3,0.0,0.0,61,results/bob_realchannel_run_tp0.0_fk0.3_rp0.0_vd0.0_seed61_20260828_215337_624614.json,382,36,3251,34,34,True,0,False,,6.364092826843262,{},asymptotic,True,,19,results/bob_realchannel_run_tp0.0_fk0.3_rp0.0_vd0.0_seed61_20260828_215337_624614.json,results/alice_realchannel_run_seed61_20260828_215337_751368.json,final_key,0.3,3,0.0026178010471204
0.0,0.1,0.0,0.0,42,results/bob_realchannel_run_tp0.0_fk0.1_rp0.0_vd0.0_seed42_20260828_215345_503551.json,382,36,3251,34,34,True,0,False,,5.728291273117065,{},asymptotic,True,,0,results/bob_realchannel_run_tp0.0_fk0.1_rp0.0_vd0.0_seed42_20260828_215345_503551.json,results/alice_realchannel_run_seed42_20260828_215345_622848.json,final_key,0.1,3,0.0026178010471204
0.0,0.1,0.0,0.0,43,results/bob_realchannel_run_tp0.0_fk0.1_rp0.0_vd0.0_seed43_20260828_215352_648693.json,382,36,3251,34,34,True,0,False,,4.467925310134888,{'final_key': 1},asymptotic,False,,1,results/bob_realchannel_run_tp0.0_fk0.1_rp0.0_vd0.0_seed43_20260828_215352_648693.json,results/alice_realchannel_run_seed43_20260828_215352_793486.json,final_key,0.1,3,0.0026178010471204
0.0,0.1,0.0,0.0,44,results/bob_realchannel_run_tp0.0_fk0.1_rp0.0_vd0.0_seed44_20260828_215358_527935.json,382,36,3251,34,34,True,0,False,,4.913094997406006,{},asymptotic,True,,2,results/bob_realchannel_run_tp0.0_fk0.1_rp0.0_vd0.0_seed44_20260828_215358_527935.json,results/alice_realchannel_run_seed44_20260828_215358_836081.json,final_key,0.1,3,0.0026178010471204
0.0,0.1,0.0,0.0,45,results/bob_realchannel_run_tp0.0_fk0.1_rp0.0_vd0.0_seed45_20260828_215404_938706.json,382,36,3251,34,34,True,0,False,,3.69716215133667,{},asymptotic,True,,3,results/bob_realchannel_run_tp0.0_fk0.1_rp0.0_vd0.0_seed45_20260828_215404_938706.json,results/alice_realchannel_run_seed45_20260828_215405_099166.json,final_key,0.1,3,0.0026178010471204
0.0,0.1,0.0,0.0,46,results/bob_realchannel_run_tp0.0_fk0.1_rp0.0_vd0.0_seed46_20260828_215410_112531.json,382,36,3251,34,34,True,0,False,,3.623584747314453,{},asymptotic,True,,4,results/bob_realchannel_run_tp0.0_fk0.1_rp0.0_vd0.0_seed46_20260828_215410_112531.json,results/alice_realchannel_run_seed46_20260828_215410_244911.json,final_key,0.1,3,0.0026178010471204
0.0,0.1,0.0,0.0,47,results/bob_realchannel_run_tp0.0_fk0.1_rp0.0_vd0.0_seed47_20260828_215415_150036.json,382,36,3251,34,34,True,0,False,,3.4617373943328857,{},asymptotic,True,,5,results/bob_realchannel_run_tp0.0_fk0.1_rp0.0_vd0.0_seed47_20260828_215415_150036.json,results/alice_realchannel_run_seed47_20260828_215415_328040.json,final_key,0.1,3,0.0026178010471204
0.0,0.1,0.0,0.0,48,results/bob_realchannel_run_tp0.0_fk0.1_rp0.0_vd0.0_seed48_20260828_215420_111085.json,382,36,3251,34,34,True,0,False,,4.2847959995269775,{},asymptotic,True,,6,results/bob_realchannel_run_tp0.0_fk0.1_rp0.0_vd0.0_seed48_20260828_215420_111085.json,results/alice_realchannel_run_seed48_20260828_215420_280993.json,final_key,0.1,3,0.0026178010471204
0.0,0.1,0.0,0.0,49,results/bob_realchannel_run_tp0.0_fk0.1_rp0.0_vd0.0_seed49_20260828_215425_879074.json,382,36,3251,34,34,True,0,False,,2.836787462234497,{},asymptotic,True,,7,results/bob_realchannel_run_tp0.0_fk0.1_rp0.0_vd0.0_seed49_20260828_215425_879074.json,results/alice_realchannel_run_seed49_20260828_215426_017934.json,final_key,0.1,3,0.0026178010471204
0.0,0.1,0.0,0.0,50,results/bob_realchannel_run_tp0.0_fk0.1_rp0.0_vd0.0_seed50_20260828_215430_171887.json,382,36,3251,34,34,True,0,False,,5.811914682388306,{},asymptotic,True,,8,results/bob_realchannel_run_tp0.0_fk0.1_rp0.0_vd0.0_seed50_20260828_215430_171887.json,results/alice_realchannel_run_seed50_20260828_215430_274415.json,final_key,0.1,3,0.0026178010471204
0.0,0.1,0.0,0.0,51,results/bob_realchannel_run_tp0.0_fk0.1_rp0.0_vd0.0_seed51_20260828_215437_408255.json,382,36,3251,34,34,True,0,False,,5.507685899734497,{},asymptotic,True,,9,results/bob_realchannel_run_tp0.0_fk0.1_rp0.0_vd0.0_seed51_20260828_215437_408255.json,results/alice_realchannel_run_seed51_20260828_215437_524740.json,final_key,0.1,3,0.0026178010471204
0.0,0.1,0.0,0.0,52,results/bob_realchannel_run_tp0.0_fk0.1_rp0.0_vd0.0_seed52_20260828_215444_345551.json,382,36,3251,34,34,True,0,False,,5.526598215103149,{},asymptotic,True,,10,results/bob_realchannel_run_tp0.0_fk0.1_rp0.0_vd0.0_seed52_20260828_215444_345551.json,results/alice_realchannel_run_seed52_20260828_215444_459107.json,final_key,0.1,3,0.0026178010471204
0.0,0.1,0.0,0.0,53,results/bob_realchannel_run_tp0.0_fk0.1_rp0.0_vd0.0_seed53_20260828_215451_269335.json,382,36,3251,34,34,True,0,False,,5.258792877197266,{},asymptotic,True,,11,results/bob_realchannel_run_tp0.0_fk0.1_rp0.0_vd0.0_seed53_20260828_215451_269335.json,results/alice_realchannel_run_seed53_20260828_215451_395204.json,final_key,0.1,3,0.0026178010471204
0.0,0.1,0.0,0.0,54,results/bob_realchannel_run_tp0.0_fk0.1_rp0.0_vd0.0_seed54_20260828_215457_926776.json,382,36,3251,34,34,True,0,False,,3.169560432434082,{},asymptotic,True,,12,results/bob_realchannel_run_tp0.0_fk0.1_rp0.0_vd0.0_seed54_20260828_215457_926776.json,results/alice_realchannel_run_seed54_20260828_215458_094055.json,final_key,0.1,3,0.0026178010471204
0.0,0.1,0.0,0.0,55,results/bob_realchannel_run_tp0.0_fk0.1_rp0.0_vd0.0_seed55_20260828_215502_656239.json,382,36,3251,34,34,True,0,False,,5.8039751052856445,{},asymptotic,True,,13,results/bob_realchannel_run_tp0.0_fk0.1_rp0.0_vd0.0_seed55_20260828_215502_656239.json,results/alice_realchannel_run_seed55_20260828_215502_716409.json,final_key,0.1,3,0.0026178010471204
0.0,0.1,0.0,0.0,56,results/bob_realchannel_run_tp0.0_fk0.1_rp0.0_vd0.0_seed56_20260828_215509_883067.json,382,36,3251,34,34,True,0,False,,5.845161199569702,{'final_key': 1},asymptotic,False,,14,results/bob_realchannel_run_tp0.0_fk0.1_rp0.0_vd0.0_seed56_20260828_215509_883067.json,results/alice_realchannel_run_seed56_20260828_215510_007952.json,final_key,0.1,3,0.0026178010471204
0.0,0.1,0.0,0.0,57,results/bob_realchannel_run_tp0.0_fk0.1_rp0.0_vd0.0_seed57_20260828_215517_154274.json,382,36,3251,34,34,True,0,False,,5.705846548080444,{},asymptotic,True,,15,results/bob_realchannel_run_tp0.0_fk0.1_rp0.0_vd0.0_seed57_20260828_215517_154274.json,results/alice_realchannel_run_seed57_20260828_215517_280739.json,final_key,0.1,3,0.0026178010471204
0.0,0.1,0.0,0.0,58,results/bob_realchannel_run_tp0.0_fk0.1_rp0.0_vd0.0_seed58_20260828_215524_321053.json,382,36,3251,34,34,True,0,False,,5.303385496139526,{},asymptotic,True,,16,results/bob_realchannel_run_tp0.0_fk0.1_rp0.0_vd0.0_seed58_20260828_215524_321053.json,results/alice_realchannel_run_seed58_20260828_215524_432669.json,final_key,0.1,3,0.0026178010471204
0.0,0.1,0.0,0.0,59,results/bob_realchannel_run_tp0.0_fk0.1_rp0.0_vd0.0_seed59_20260828_215531_044175.json,382,36,3251,34,34,True,0,False,,5.775590419769287,{'final_key': 1},asymptotic,False,,17,results/bob_realchannel_run_tp0.0_fk0.1_rp0.0_vd0.0_seed59_20260828_215531_044175.json,results/alice_realchannel_run_seed59_20260828_215531_168257.json,final_key,0.1,3,0.0026178010471204
0.0,0.1,0.0,0.0,60,results/bob_realchannel_run_tp0.0_fk0.1_rp0.0_vd0.0_seed60_20260828_215538_240334.json,382,16,3251,34,34,False,20,False,,4.747404098510742,{},asymptotic,False,,18,results/bob_realchannel_run_tp0.0_fk0.1_rp0.0_vd0.0_seed60_20260828_215538_240334.json,results/alice_realchannel_run_seed60_20260828_215538_360390.json,final_key,0.1,3,0.0026178010471204
0.0,0.1,0.0,0.0,61,results/bob_realchannel_run_tp0.0_fk0.1_rp0.0_vd0.0_seed61_20260828_215544_423006.json,382,36,3251,34,34,True,0,False,,6.336945056915283,{},asymptotic,True,,19,results/bob_realchannel_run_tp0.0_fk0.1_rp0.0_vd0.0_seed61_20260828_215544_423006.json,results/alice_realchannel_run_seed61_20260828_215544_529528.json,final_key,0.1,3,0.0026178010471204
0.0,0.05,0.0,0.0,42,results/bob_realchannel_run_tp0.0_fk0.05_rp0.0_vd0.0_seed42_20260828_215552_179606.json,382,36,3251,34,34,True,0,False,,4.370357513427734,{},asymptotic,True,,0,results/bob_realchannel_run_tp0.0_fk0.05_rp0.0_vd0.0_seed42_20260828_215552_179606.json,results/alice_realchannel_run_seed42_20260828_215552_303763.json,final_key,0.05,3,0.0026178010471204
0.0,0.05,0.0,0.0,43,results/bob_realchannel_run_tp0.0_fk0.05_rp0.0_vd0.0_seed43_20260828_215557_983951.json,382,36,3251,34,34,True,0,False,,6.448947429656982,{'final_key': 1},asymptotic,False,,1,results/bob_realchannel_run_tp0.0_fk0.05_rp0.0_vd0.0_seed43_20260828_215557_983951.json,results/alice_realchannel_run_seed43_20260828_215558_094639.json,final_key,0.05,3,0.0026178010471204
0.0,0.05,0.0,0.0,44,results/bob_realchannel_run_tp0.0_fk0.05_rp0.0_vd0.0_seed44_20260828_215605_866184.json,382,36,3251,34,34,True,0,False,,6.285610198974609,{},asymptotic,True,,2,results/bob_realchannel_run_tp0.0_fk0.05_rp0.0_vd0.0_seed44_20260828_215605_866184.json,results/alice_realchannel_run_seed44_20260828_215605_976189.json,final_key,0.05,3,0.0026178010471204
0.0,0.05,0.0,0.0,45,results/bob_realchannel_run_tp0.0_fk0.05_rp0.0_vd0.0_seed45_20260828_215613_604499.json,382,36,3251,34,34,True,0,False,,4.759286403656006,{},asymptotic,True,,3,results/bob_realchannel_run_tp0.0_fk0.05_rp0.0_vd0.0_seed45_20260828_215613_604499.json,results/alice_realchannel_run_seed45_20260828_215613_711798.json,final_key,0.05,3,0.0026178010471204
0.0,0.05,0.0,0.0,46,results/bob_realchannel_run_tp0.0_fk0.05_rp0.0_vd0.0_seed46_20260828_215619_803101.json,382,36,3251,34,34,True,0,False,,5.605494976043701,{},asymptotic,True,,4,results/bob_realchannel_run_tp0.0_fk0.05_rp0.0_vd0.0_seed46_20260828_215619_803101.json,results/alice_realchannel_run_seed46_20260828_215619_903736.json,final_key,0.05,3,0.0026178010471204
0.0,0.05,0.0,0.0,47,results/bob_realchannel_run_tp0.0_fk0.05_rp0.0_vd0.0_seed47_20260828_215626_889055.json,382,36,3251,34,34,True,0,False,,5.3585498332977295,{},asymptotic,True,,5,results/bob_realchannel_run_tp0.0_fk0.05_rp0.0_vd0.0_seed47_20260828_215626_889055.json,results/alice_realchannel_run_seed47_20260828_215626_940059.json,final_key,0.05,3,0.0026178010471204
0.0,0.05,0.0,0.0,48,results/bob_realchannel_run_tp0.0_fk0.05_rp0.0_vd0.0_seed48_20260828_215633_678499.json,382,36,3251,34,34,True,0,False,,6.213213205337524,{},asymptotic,True,,6,results/bob_realchannel_run_tp0.0_fk0.05_rp0.0_vd0.0_seed48_20260828_215633_678499.json,results/alice_realchannel_run_seed48_20260828_215633_784322.json,final_key,0.05,3,0.0026178010471204
0.0,0.05,0.0,0.0,49,results/bob_realchannel_run_tp0.0_fk0.05_rp0.0_vd0.0_seed49_20260828_215641_320084.json,382,36,3251,34,34,True,0,False,,5.724095821380615,{},asymptotic,True,,7,results/bob_realchannel_run_tp0.0_fk0.05_rp0.0_vd0.0_seed49_20260828_215641_320084.json,results/alice_realchannel_run_seed49_20260828_215641_442294.json,final_key,0.05,3,0.0026178010471204
0.0,0.05,0.0,0.0,50,results/bob_realchannel_run_tp0.0_fk0.05_rp0.0_vd0.0_seed50_20260828_215648_447417.json,382,36,3251,34,34,True,0,False,,3.82450270652771,{},asymptotic,True,,8,results/bob_realchannel_run_tp0.0_fk0.05_rp0.0_vd0.0_seed50_20260828_215648_447417.json,results/alice_realchannel_run_seed50_20260828_215648_589833.json,final_key,0.05,3,0.0026178010471204
0.0,0.05,0.0,0.0,51,results/bob_realchannel_run_tp0.0_fk0.05_rp0.0_vd0.0_seed51_20260828_215653_688205.json,382,36,3251,34,34,True,0,False,,5.507875680923462,{},asymptotic,True,,9,results/bob_realchannel_run_tp0.0_fk0.05_rp0.0_vd0.0_seed51_20260828_215653_688205.json,results/alice_realchannel_run_seed51_20260828_215653_816243.json,final_key,0.05,3,0.0026178010471204
0.0,0.05,0.0,0.0,52,results/bob_realchannel_run_tp0.0_fk0.05_rp0.0_vd0.0_seed52_20260828_215700_611562.json,382,36,3251,34,34,True,0,False,,5.54404878616333,{},asymptotic,True,,10,results/bob_realchannel_run_tp0.0_fk0.05_rp0.0_vd0.0_seed52_20260828_215700_611562.json,results/alice_realchannel_run_seed52_20260828_215700_736162.json,final_key,0.05,3,0.0026178010471204
0.0,0.05,0.0,0.0,53,results/bob_realchannel_run_tp0.0_fk0.05_rp0.0_vd0.0_seed53_20260828_215707_558153.json,382,36,3251,34,34,True,0,False,,5.250402450561523,{},asymptotic,True,,11,results/bob_realchannel_run_tp0.0_fk0.05_rp0.0_vd0.0_seed53_20260828_215707_558153.json,results/alice_realchannel_run_seed53_20260828_215707_673775.json,final_key,0.05,3,0.0026178010471204
0.0,0.05,0.0,0.0,54,results/bob_realchannel_run_tp0.0_fk0.05_rp0.0_vd0.0_seed54_20260828_215714_239726.json,382,36,3251,34,34,True,0,False,,5.57651686668396,{},asymptotic,True,,12,results/bob_realchannel_run_tp0.0_fk0.05_rp0.0_vd0.0_seed54_20260828_215714_239726.json,results/alice_realchannel_run_seed54_20260828_215714_354251.json,final_key,0.05,3,0.0026178010471204
0.0,0.05,0.0,0.0,55,results/bob_realchannel_run_tp0.0_fk0.05_rp0.0_vd0.0_seed55_20260828_215721_245024.json,382,36,3251,34,34,True,0,False,,5.391045808792114,{},asymptotic,True,,13,results/bob_realchannel_run_tp0.0_fk0.05_rp0.0_vd0.0_seed55_20260828_215721_245024.json,results/alice_realchannel_run_seed55_20260828_215721_347755.json,final_key,0.05,3,0.0026178010471204
0.0,0.05,0.0,0.0,56,results/bob_realchannel_run_tp0.0_fk0.05_rp0.0_vd0.0_seed56_20260828_215728_067552.json,382,36,3251,34,34,True,0,False,,5.364616394042969,{},asymptotic,True,,14,results/bob_realchannel_run_tp0.0_fk0.05_rp0.0_vd0.0_seed56_20260828_215728_067552.json,results/alice_realchannel_run_seed56_20260828_215728_171222.json,final_key,0.05,3,0.0026178010471204
0.0,0.05,0.0,0.0,57,results/bob_realchannel_run_tp0.0_fk0.05_rp0.0_vd0.0_seed57_20260828_215734_841050.json,382,36,3251,34,34,True,0,False,,5.699053764343262,{},asymptotic,True,,15,results/bob_realchannel_run_tp0.0_fk0.05_rp0.0_vd0.0_seed57_20260828_215734_841050.json,results/alice_realchannel_run_seed57_20260828_215734_955103.json,final_key,0.05,3,0.0026178010471204
0.0,0.05,0.0,0.0,58,results/bob_realchannel_run_tp0.0_fk0.05_rp0.0_vd0.0_seed58_20260828_215741_974403.json,382,36,3251,34,34,True,0,False,,5.305578231811523,{},asymptotic,True,,16,results/bob_realchannel_run_tp0.0_fk0.05_rp0.0_vd0.0_seed58_20260828_215741_974403.json,results/alice_realchannel_run_seed58_20260828_215742_082422.json,final_key,0.05,3,0.0026178010471204
0.0,0.05,0.0,0.0,59,results/bob_realchannel_run_tp0.0_fk0.05_rp0.0_vd0.0_seed59_20260828_215748_699095.json,382,36,3251,34,34,True,0,False,,3.769571542739868,{},asymptotic,True,,17,results/bob_realchannel_run_tp0.0_fk0.05_rp0.0_vd0.0_seed59_20260828_215748_699095.json,results/alice_realchannel_run_seed59_20260828_215748_831470.json,final_key,0.05,3,0.0026178010471204
0.0,0.05,0.0,0.0,60,results/bob_realchannel_run_tp0.0_fk0.05_rp0.0_vd0.0_seed60_20260828_215754_145086.json,382,16,3251,34,34,False,20,False,,4.747434616088867,{},asymptotic,False,,18,results/bob_realchannel_run_tp0.0_fk0.05_rp0.0_vd0.0_seed60_20260828_215754_145086.json,results/alice_realchannel_run_seed60_20260828_215754_260416.json,final_key,0.05,3,0.0026178010471204
0.0,0.05,0.0,0.0,61,results/bob_realchannel_run_tp0.0_fk0.05_rp0.0_vd0.0_seed61_20260828_215800_333130.json,382,36,3251,34,34,True,0,False,,6.350996255874634,{},asymptotic,True,,19,results/bob_realchannel_run_tp0.0_fk0.05_rp0.0_vd0.0_seed61_20260828_215800_333130.json,results/alice_realchannel_run_seed61_20260828_215800_447199.json,final_key,0.05,3,0.0026178010471204
0.0,0.03,0.0,0.0,42,results/bob_realchannel_run_tp0.0_fk0.03_rp0.0_vd0.0_seed42_20260828_215808_114139.json,382,36,3251,34,34,True,0,False,,5.7258405685424805,{},asymptotic,True,,0,results/bob_realchannel_run_tp0.0_fk0.03_rp0.0_vd0.0_seed42_20260828_215808_114139.json,results/alice_realchannel_run_seed42_20260828_215808_227061.json,final_key,0.03,3,0.0026178010471204
0.0,0.03,0.0,0.0,43,results/bob_realchannel_run_tp0.0_fk0.03_rp0.0_vd0.0_seed43_20260828_215815_265357.json,382,36,3251,34,34,True,0,False,,5.2870330810546875,{},asymptotic,True,,1,results/bob_realchannel_run_tp0.0_fk0.03_rp0.0_vd0.0_seed43_20260828_215815_265357.json,results/alice_realchannel_run_seed43_20260828_215815_383435.json,final_key,0.03,3,0.0026178010471204
0.0,0.03,0.0,0.0,44,results/bob_realchannel_run_tp0.0_fk0.03_rp0.0_vd0.0_seed44_20260828_215822_003092.json,382,36,3251,34,34,True,0,False,,6.720989942550659,{},asymptotic,True,,2,results/bob_realchannel_run_tp0.0_fk0.03_rp0.0_vd0.0_seed44_20260828_215822_003092.json,results/alice_realchannel_run_seed44_20260828_215822_092397.json,final_key,0.03,3,0.0026178010471204
0.0,0.03,0.0,0.0,45,results/bob_realchannel_run_tp0.0_fk0.03_rp0.0_vd0.0_seed45_20260828_215830_221561.json,382,36,3251,34,34,True,0,False,,4.514733552932739,{},asymptotic,True,,3,results/bob_realchannel_run_tp0.0_fk0.03_rp0.0_vd0.0_seed45_20260828_215830_221561.json,results/alice_realchannel_run_seed45_20260828_215830_346330.json,final_key,0.03,3,0.0026178010471204
0.0,0.03,0.0,0.0,46,results/bob_realchannel_run_tp0.0_fk0.03_rp0.0_vd0.0_seed46_20260828_215836_153153.json,382,36,3251,34,34,True,0,False,,5.17909836769104,{},asymptotic,True,,4,results/bob_realchannel_run_tp0.0_fk0.03_rp0.0_vd0.0_seed46_20260828_215836_153153.json,results/alice_realchannel_run_seed46_20260828_215836_277411.json,final_key,0.03,3,0.0026178010471204
0.0,0.03,0.0,0.0,47,results/bob_realchannel_run_tp0.0_fk0.03_rp0.0_vd0.0_seed47_20260828_215842_749293.json,382,36,3251,34,34,True,0,False,,2.9712908267974854,{},asymptotic,True,,5,results/bob_realchannel_run_tp0.0_fk0.03_rp0.0_vd0.0_seed47_20260828_215842_749293.json,results/alice_realchannel_run_seed47_20260828_215842_882948.json,final_key,0.03,3,0.0026178010471204
0.0,0.03,0.0,0.0,48,results/bob_realchannel_run_tp0.0_fk0.03_rp0.0_vd0.0_seed48_20260828_215847_181119.json,382,36,3251,34,34,True,0,False,,6.23897123336792,{},asymptotic,True,,6,results/bob_realchannel_run_tp0.0_fk0.03_rp0.0_vd0.0_seed48_20260828_215847_181119.json,results/alice_realchannel_run_seed48_20260828_215847_301768.json,final_key,0.03,3,0.0026178010471204
0.0,0.03,0.0,0.0,49,results/bob_realchannel_run_tp0.0_fk0.03_rp0.0_vd0.0_seed49_20260828_215854_918673.json,382,36,3251,34,34,True,0,False,,3.8258485794067383,{},asymptotic,True,,7,results/bob_realchannel_run_tp0.0_fk0.03_rp0.0_vd0.0_seed49_20260828_215854_918673.json,results/alice_realchannel_run_seed49_20260828_215855_148244.json,final_key,0.03,3,0.0026178010471204
0.0,0.03,0.0,0.0,50,results/bob_realchannel_run_tp0.0_fk0.03_rp0.0_vd0.0_seed50_20260828_215900_252979.json,382,36,3251,34,34,True,0,False,,5.798721551895142,{},asymptotic,True,,8,results/bob_realchannel_run_tp0.0_fk0.03_rp0.0_vd0.0_seed50_20260828_215900_252979.json,results/alice_realchannel_run_seed50_20260828_215900_340631.json,final_key,0.03,3,0.0026178010471204
0.0,0.03,0.0,0.0,51,results/bob_realchannel_run_tp0.0_fk0.03_rp0.0_vd0.0_seed51_20260828_215907_528832.json,382,36,3251,34,34,True,0,False,,3.5117833614349365,{},asymptotic,True,,9,results/bob_realchannel_run_tp0.0_fk0.03_rp0.0_vd0.0_seed51_20260828_215907_528832.json,results/alice_realchannel_run_seed51_20260828_215907_669261.json,final_key,0.03,3,0.0026178010471204
0.0,0.03,0.0,0.0,52,results/bob_realchannel_run_tp0.0_fk0.03_rp0.0_vd0.0_seed52_20260828_215912_549440.json,382,36,3251,34,34,True,0,False,,5.50659441947937,{},asymptotic,True,,10,results/bob_realchannel_run_tp0.0_fk0.03_rp0.0_vd0.0_seed52_20260828_215912_549440.json,results/alice_realchannel_run_seed52_20260828_215912_638624.json,final_key,0.03,3,0.0026178010471204
0.0,0.03,0.0,0.0,53,results/bob_realchannel_run_tp0.0_fk0.03_rp0.0_vd0.0_seed53_20260828_215919_504619.json,382,36,3251,34,34,True,0,False,,3.2716901302337646,{},asymptotic,True,,11,results/bob_realchannel_run_tp0.0_fk0.03_rp0.0_vd0.0_seed53_20260828_215919_504619.json,results/alice_realchannel_run_seed53_20260828_215919_648136.json,final_key,0.03,3,0.0026178010471204
0.0,0.03,0.0,0.0,54,results/bob_realchannel_run_tp0.0_fk0.03_rp0.0_vd0.0_seed54_20260828_215924_287994.json,382,36,3251,34,34,True,0,False,,5.548298358917236,{},asymptotic,True,,12,results/bob_realchannel_run_tp0.0_fk0.03_rp0.0_vd0.0_seed54_20260828_215924_287994.json,results/alice_realchannel_run_seed54_20260828_215924_372522.json,final_key,0.03,3,0.0026178010471204
0.0,0.03,0.0,0.0,55,results/bob_realchannel_run_tp0.0_fk0.03_rp0.0_vd0.0_seed55_20260828_215931_264945.json,382,36,3251,34,34,True,0,False,,5.855144262313843,{},asymptotic,True,,13,results/bob_realchannel_run_tp0.0_fk0.03_rp0.0_vd0.0_seed55_20260828_215931_264945.json,results/alice_realchannel_run_seed55_20260828_215931_388924.json,final_key,0.03,3,0.0026178010471204
0.0,0.03,0.0,0.0,56,results/bob_realchannel_run_tp0.0_fk0.03_rp0.0_vd0.0_seed56_20260828_215938_621554.json,382,36,3251,34,34,True,0,False,,5.782994508743286,{},asymptotic,True,,14,results/bob_realchannel_run_tp0.0_fk0.03_rp0.0_vd0.0_seed56_20260828_215938_621554.json,results/alice_realchannel_run_seed56_20260828_215938_703433.json,final_key,0.03,3,0.0026178010471204
0.0,0.03,0.0,0.0,57,results/bob_realchannel_run_tp0.0_fk0.03_rp0.0_vd0.0_seed57_20260828_215945_861695.json,382,36,3251,34,34,True,0,False,,5.674618244171143,{},asymptotic,True,,15,results/bob_realchannel_run_tp0.0_fk0.03_rp0.0_vd0.0_seed57_20260828_215945_861695.json,results/alice_realchannel_run_seed57_20260828_215945_964910.json,final_key,0.03,3,0.0026178010471204
0.0,0.03,0.0,0.0,58,results/bob_realchannel_run_tp0.0_fk0.03_rp0.0_vd0.0_seed58_20260828_215953_025306.json,382,36,3251,34,34,True,0,False,,5.271034240722656,{},asymptotic,True,,16,results/bob_realchannel_run_tp0.0_fk0.03_rp0.0_vd0.0_seed58_20260828_215953_025306.json,results/alice_realchannel_run_seed58_20260828_215953_107732.json,final_key,0.03,3,0.0026178010471204
0.0,0.03,0.0,0.0,59,results/bob_realchannel_run_tp0.0_fk0.03_rp0.0_vd0.0_seed59_20260828_215959_754183.json,382,36,3251,34,34,True,0,False,,5.74181342124939,{},asymptotic,True,,17,results/bob_realchannel_run_tp0.0_fk0.03_rp0.0_vd0.0_seed59_20260828_215959_754183.json,results/alice_realchannel_run_seed59_20260828_215959_846519.json,final_key,0.03,3,0.0026178010471204
0.0,0.03,0.0,0.0,60,results/bob_realchannel_run_tp0.0_fk0.03_rp0.0_vd0.0_seed60_20260828_220006_970808.json,382,16,3251,34,34,False,20,False,,3.3468964099884033,{},asymptotic,False,,18,results/bob_realchannel_run_tp0.0_fk0.03_rp0.0_vd0.0_seed60_20260828_220006_970808.json,results/alice_realchannel_run_seed60_20260828_220007_047374.json,final_key,0.03,3,0.0026178010471204
0.0,0.03,0.0,0.0,61,results/bob_realchannel_run_tp0.0_fk0.03_rp0.0_vd0.0_seed61_20260828_220011_758681.json,382,36,3251,34,34,True,0,False,,5.169139385223389,{},asymptotic,True,,19,results/bob_realchannel_run_tp0.0_fk0.03_rp0.0_vd0.0_seed61_20260828_220011_758681.json,results/alice_realchannel_run_seed61_20260828_220011_865206.json,final_key,0.03,3,0.0026178010471204
0.0,0.01,0.0,0.0,42,results/bob_realchannel_run_tp0.0_fk0.01_rp0.0_vd0.0_seed42_20260828_220018_343557.json,382,36,3251,34,34,True,0,False,,2.8204967975616455,{},asymptotic,True,,0,results/bob_realchannel_run_tp0.0_fk0.01_rp0.0_vd0.0_seed42_20260828_220018_343557.json,results/alice_realchannel_run_seed42_20260828_220018_479683.json,final_key,0.01,3,0.0026178010471204
0.0,0.01,0.0,0.0,43,results/bob_realchannel_run_tp0.0_fk0.01_rp0.0_vd0.0_seed43_20260828_220022_617511.json,382,36,3251,34,34,True,0,False,,6.410419464111328,{},asymptotic,True,,1,results/bob_realchannel_run_tp0.0_fk0.01_rp0.0_vd0.0_seed43_20260828_220022_617511.json,results/alice_realchannel_run_seed43_20260828_220022_698393.json,final_key,0.01,3,0.0026178010471204
0.0,0.01,0.0,0.0,44,results/bob_realchannel_run_tp0.0_fk0.01_rp0.0_vd0.0_seed44_20260828_220030_467284.json,382,36,3251,34,34,True,0,False,,6.752754211425781,{},asymptotic,True,,2,results/bob_realchannel_run_tp0.0_fk0.01_rp0.0_vd0.0_seed44_20260828_220030_467284.json,results/alice_realchannel_run_seed44_20260828_220030_578162.json,final_key,0.01,3,0.0026178010471204
0.0,0.01,0.0,0.0,45,results/bob_realchannel_run_tp0.0_fk0.01_rp0.0_vd0.0_seed45_20260828_220038_639922.json,382,36,3251,34,34,True,0,False,,3.680217742919922,{},asymptotic,True,,3,results/bob_realchannel_run_tp0.0_fk0.01_rp0.0_vd0.0_seed45_20260828_220038_639922.json,results/alice_realchannel_run_seed45_20260828_220038_770982.json,final_key,0.01,3,0.0026178010471204
0.0,0.01,0.0,0.0,46,results/bob_realchannel_run_tp0.0_fk0.01_rp0.0_vd0.0_seed46_20260828_220043_788361.json,382,36,3251,34,34,True,0,False,,5.127520322799683,{},asymptotic,True,,4,results/bob_realchannel_run_tp0.0_fk0.01_rp0.0_vd0.0_seed46_20260828_220043_788361.json,results/alice_realchannel_run_seed46_20260828_220043_868568.json,final_key,0.01,3,0.0026178010471204
0.0,0.01,0.0,0.0,47,results/bob_realchannel_run_tp0.0_fk0.01_rp0.0_vd0.0_seed47_20260828_220050_354461.json,382,36,3251,34,34,True,0,False,,4.04349946975708,{},asymptotic,True,,5,results/bob_realchannel_run_tp0.0_fk0.01_rp0.0_vd0.0_seed47_20260828_220050_354461.json,results/alice_realchannel_run_seed47_20260828_220050_448198.json,final_key,0.01,3,0.0026178010471204
0.0,0.01,0.0,0.0,48,results/bob_realchannel_run_tp0.0_fk0.01_rp0.0_vd0.0_seed48_20260828_220055_867894.json,382,36,3251,34,34,True,0,False,,5.287964105606079,{},asymptotic,True,,6,results/bob_realchannel_run_tp0.0_fk0.01_rp0.0_vd0.0_seed48_20260828_220055_867894.json,results/alice_realchannel_run_seed48_20260828_220055_939605.json,final_key,0.01,3,0.0026178010471204
0.0,0.01,0.0,0.0,49,results/bob_realchannel_run_tp0.0_fk0.01_rp0.0_vd0.0_seed49_20260828_220102_624175.json,382,36,3251,34,34,True,0,False,,5.716055154800415,{},asymptotic,True,,7,results/bob_realchannel_run_tp0.0_fk0.01_rp0.0_vd0.0_seed49_20260828_220102_624175.json,results/alice_realchannel_run_seed49_20260828_220102_731515.json,final_key,0.01,3,0.0026178010471204
0.0,0.01,0.0,0.0,50,results/bob_realchannel_run_tp0.0_fk0.01_rp0.0_vd0.0_seed50_20260828_220109_880204.json,382,36,3251,34,34,True,0,False,,5.327814817428589,{},asymptotic,True,,8,results/bob_realchannel_run_tp0.0_fk0.01_rp0.0_vd0.0_seed50_20260828_220109_880204.json,results/alice_realchannel_run_seed50_20260828_220109_943708.json,final_key,0.01,3,0.0026178010471204
0.0,0.01,0.0,0.0,51,results/bob_realchannel_run_tp0.0_fk0.01_rp0.0_vd0.0_seed51_20260828_220201_574945.json,382,36,3251,34,34,True,0,False,,5.46948504447937,{},asymptotic,True,,9,results/bob_realchannel_run_tp0.0_fk0.01_rp0.0_vd0.0_seed51_20260828_220201_574945.json,results/alice_realchannel_run_seed51_20260828_220201_662186.json,final_key,0.01,3,0.0026178010471204
0.0,0.01,0.0,0.0,52,results/bob_realchannel_run_tp0.0_fk0.01_rp0.0_vd0.0_seed52_20260828_220208_425791.json,382,36,3251,34,34,True,0,False,,3.554121732711792,{},asymptotic,True,,10,results/bob_realchannel_run_tp0.0_fk0.01_rp0.0_vd0.0_seed52_20260828_220208_425791.json,results/alice_realchannel_run_seed52_20260828_220208_578905.json,final_key,0.01,3,0.0026178010471204
0.0,0.01,0.0,0.0,53,results/bob_realchannel_run_tp0.0_fk0.01_rp0.0_vd0.0_seed53_20260828_220213_384820.json,382,36,3251,34,34,True,0,False,,3.2752110958099365,{},asymptotic,True,,11,results/bob_realchannel_run_tp0.0_fk0.01_rp0.0_vd0.0_seed53_20260828_220213_384820.json,results/alice_realchannel_run_seed53_20260828_220213_540125.json,final_key,0.01,3,0.0026178010471204
0.0,0.01,0.0,0.0,54,results/bob_realchannel_run_tp0.0_fk0.01_rp0.0_vd0.0_seed54_20260828_220218_043173.json,382,36,3251,34,34,True,0,False,,3.6089513301849365,{},asymptotic,True,,12,results/bob_realchannel_run_tp0.0_fk0.01_rp0.0_vd0.0_seed54_20260828_220218_043173.json,results/alice_realchannel_run_seed54_20260828_220218_196311.json,final_key,0.01,3,0.0026178010471204
0.0,0.01,0.0,0.0,55,results/bob_realchannel_run_tp0.0_fk0.01_rp0.0_vd0.0_seed55_20260828_220223_060856.json,382,36,3251,34,34,True,0,False,,5.875042915344238,{},asymptotic,True,,13,results/bob_realchannel_run_tp0.0_fk0.01_rp0.0_vd0.0_seed55_20260828_220223_060856.json,results/alice_realchannel_run_seed55_20260828_220223_189363.json,final_key,0.01,3,0.0026178010471204
0.0,0.01,0.0,0.0,56,results/bob_realchannel_run_tp0.0_fk0.01_rp0.0_vd0.0_seed56_20260828_220230_326330.json,382,36,3251,34,34,True,0,False,,3.405744791030884,{},asymptotic,True,,14,results/bob_realchannel_run_tp0.0_fk0.01_rp0.0_vd0.0_seed56_20260828_220230_326330.json,results/alice_realchannel_run_seed56_20260828_220230_477737.json,final_key,0.01,3,0.0026178010471204
0.0,0.01,0.0,0.0,57,results/bob_realchannel_run_tp0.0_fk0.01_rp0.0_vd0.0_seed57_20260828_220235_126947.json,382,36,3251,34,34,True,0,False,,3.260838270187378,{},asymptotic,True,,15,results/bob_realchannel_run_tp0.0_fk0.01_rp0.0_vd0.0_seed57_20260828_220235_126947.json,results/alice_realchannel_run_seed57_20260828_220235_273091.json,final_key,0.01,3,0.0026178010471204
0.0,0.01,0.0,0.0,58,results/bob_realchannel_run_tp0.0_fk0.01_rp0.0_vd0.0_seed58_20260828_220239_805033.json,382,36,3251,34,34,True,0,False,,3.327152967453003,{},asymptotic,True,,16,results/bob_realchannel_run_tp0.0_fk0.01_rp0.0_vd0.0_seed58_20260828_220239_805033.json,results/alice_realchannel_run_seed58_20260828_220239_958440.json,final_key,0.01,3,0.0026178010471204
0.0,0.01,0.0,0.0,59,results/bob_realchannel_run_tp0.0_fk0.01_rp0.0_vd0.0_seed59_20260828_220244_586165.json,382,36,3251,34,34,True,0,False,,5.758286714553833,{},asymptotic,True,,17,results/bob_realchannel_run_tp0.0_fk0.01_rp0.0_vd0.0_seed59_20260828_220244_586165.json,results/alice_realchannel_run_seed59_20260828_220244_687878.json,final_key,0.01,3,0.0026178010471204
0.0,0.01,0.0,0.0,60,results/bob_realchannel_run_tp0.0_fk0.01_rp0.0_vd0.0_seed60_20260828_220251_766686.json,382,16,3251,34,34,False,20,False,,2.7733118534088135,{},asymptotic,False,,18,results/bob_realchannel_run_tp0.0_fk0.01_rp0.0_vd0.0_seed60_20260828_220251_766686.json,results/alice_realchannel_run_seed60_20260828_220251_926559.json,final_key,0.01,3,0.0026178010471204
0.0,0.01,0.0,0.0,61,results/bob_realchannel_run_tp0.0_fk0.01_rp0.0_vd0.0_seed61_20260828_220255_988155.json,382,36,3251,34,34,True,0,False,,4.3642072677612305,{},asymptotic,True,,19,results/bob_realchannel_run_tp0.0_fk0.01_rp0.0_vd0.0_seed61_20260828_220255_988155.json,results/alice_realchannel_run_seed61_20260828_220256_127333.json,final_key,0.01,3,0.0026178010471204
0.0,0.003,0.0,0.0,42,results/bob_realchannel_run_tp0.0_fk0.003_rp0.0_vd0.0_seed42_20260828_220301_757796.json,382,36,3251,34,34,True,0,False,,2.3966076374053955,{},asymptotic,True,,0,results/bob_realchannel_run_tp0.0_fk0.003_rp0.0_vd0.0_seed42_20260828_220301_757796.json,results/alice_realchannel_run_seed42_20260828_220301_911256.json,final_key,0.003,3,0.0026178010471204
0.0,0.003,0.0,0.0,43,results/bob_realchannel_run_tp0.0_fk0.003_rp0.0_vd0.0_seed43_20260828_220305_611082.json,382,36,3251,34,34,True,0,False,,6.444957494735718,{},asymptotic,True,,1,results/bob_realchannel_run_tp0.0_fk0.003_rp0.0_vd0.0_seed43_20260828_220305_611082.json,results/alice_realchannel_run_seed43_20260828_220305_710348.json,final_key,0.003,3,0.0026178010471204
0.0,0.003,0.0,0.0,44,results/bob_realchannel_run_tp0.0_fk0.003_rp0.0_vd0.0_seed44_20260828_220313_463663.json,382,36,3251,34,34,True,0,False,,4.764362335205078,{},asymptotic,True,,2,results/bob_realchannel_run_tp0.0_fk0.003_rp0.0_vd0.0_seed44_20260828_220313_463663.json,results/alice_realchannel_run_seed44_20260828_220313_614733.json,final_key,0.003,3,0.0026178010471204
0.0,0.003,0.0,0.0,45,results/bob_realchannel_run_tp0.0_fk0.003_rp0.0_vd0.0_seed45_20260828_220319_695806.json,382,36,3251,34,34,True,0,False,,5.663787841796875,{},asymptotic,True,,3,results/bob_realchannel_run_tp0.0_fk0.003_rp0.0_vd0.0_seed45_20260828_220319_695806.json,results/alice_realchannel_run_seed45_20260828_220319_807410.json,final_key,0.003,3,0.0026178010471204
0.0,0.003,0.0,0.0,46,results/bob_realchannel_run_tp0.0_fk0.003_rp0.0_vd0.0_seed46_20260828_220326_762529.json,382,36,3251,34,34,True,0,False,,3.64164400100708,{},asymptotic,True,,4,results/bob_realchannel_run_tp0.0_fk0.003_rp0.0_vd0.0_seed46_20260828_220326_762529.json,results/alice_realchannel_run_seed46_20260828_220326_919205.json,final_key,0.003,3,0.0026178010471204
0.0,0.003,0.0,0.0,47,results/bob_realchannel_run_tp0.0_fk0.003_rp0.0_vd0.0_seed47_20260828_220331_783669.json,382,36,3251,34,34,True,0,False,,3.436046838760376,{},asymptotic,True,,5,results/bob_realchannel_run_tp0.0_fk0.003_rp0.0_vd0.0_seed47_20260828_220331_783669.json,results/alice_realchannel_run_seed47_20260828_220331_933392.json,final_key,0.003,3,0.0026178010471204
0.0,0.003,0.0,0.0,48,results/bob_realchannel_run_tp0.0_fk0.003_rp0.0_vd0.0_seed48_20260828_220336_622964.json,382,36,3251,34,34,True,0,False,,4.257355451583862,{},asymptotic,True,,6,results/bob_realchannel_run_tp0.0_fk0.003_rp0.0_vd0.0_seed48_20260828_220336_622964.json,results/alice_realchannel_run_seed48_20260828_220336_781655.json,final_key,0.003,3,0.0026178010471204
0.0,0.003,0.0,0.0,49,results/bob_realchannel_run_tp0.0_fk0.003_rp0.0_vd0.0_seed49_20260828_220342_290410.json,382,36,3251,34,34,True,0,False,,3.778141975402832,{},asymptotic,True,,7,results/bob_realchannel_run_tp0.0_fk0.003_rp0.0_vd0.0_seed49_20260828_220342_290410.json,results/alice_realchannel_run_seed49_20260828_220342_473856.json,final_key,0.003,3,0.0026178010471204
0.0,0.003,0.0,0.0,50,results/bob_realchannel_run_tp0.0_fk0.003_rp0.0_vd0.0_seed50_20260828_220347_556150.json,382,36,3251,34,34,True,0,False,,5.851987361907959,{},asymptotic,True,,8,results/bob_realchannel_run_tp0.0_fk0.003_rp0.0_vd0.0_seed50_20260828_220347_556150.json,results/alice_realchannel_run_seed50_20260828_220347_682440.json,final_key,0.003,3,0.0026178010471204
0.0,0.003,0.0,0.0,51,results/bob_realchannel_run_tp0.0_fk0.003_rp0.0_vd0.0_seed51_20260828_220354_819162.json,382,36,3251,34,34,True,0,False,,3.524815797805786,{},asymptotic,True,,9,results/bob_realchannel_run_tp0.0_fk0.003_rp0.0_vd0.0_seed51_20260828_220354_819162.json,results/alice_realchannel_run_seed51_20260828_220354_978500.json,final_key,0.003,3,0.0026178010471204
0.0,0.003,0.0,0.0,52,results/bob_realchannel_run_tp0.0_fk0.003_rp0.0_vd0.0_seed52_20260828_220359_769571.json,382,36,3251,34,34,True,0,False,,5.554753541946411,{},asymptotic,True,,10,results/bob_realchannel_run_tp0.0_fk0.003_rp0.0_vd0.0_seed52_20260828_220359_769571.json,results/alice_realchannel_run_seed52_20260828_220359_900277.json,final_key,0.003,3,0.0026178010471204
0.0,0.003,0.0,0.0,53,results/bob_realchannel_run_tp0.0_fk0.003_rp0.0_vd0.0_seed53_20260828_220406_705206.json,382,36,3251,34,34,True,0,False,,3.2588906288146973,{},asymptotic,True,,11,results/bob_realchannel_run_tp0.0_fk0.003_rp0.0_vd0.0_seed53_20260828_220406_705206.json,results/alice_realchannel_run_seed53_20260828_220406_850344.json,final_key,0.003,3,0.0026178010471204
0.0,0.003,0.0,0.0,54,results/bob_realchannel_run_tp0.0_fk0.003_rp0.0_vd0.0_seed54_20260828_220411_347843.json,382,36,3251,34,34,True,0,False,,2.704157590866089,{},asymptotic,True,,12,results/bob_realchannel_run_tp0.0_fk0.003_rp0.0_vd0.0_seed54_20260828_220411_347843.json,results/alice_realchannel_run_seed54_20260828_220411_505441.json,final_key,0.003,3,0.0026178010471204
0.0,0.003,0.0,0.0,55,results/bob_realchannel_run_tp0.0_fk0.003_rp0.0_vd0.0_seed55_20260828_220415_497481.json,382,36,3251,34,34,True,0,False,,5.826691389083862,{},asymptotic,True,,13,results/bob_realchannel_run_tp0.0_fk0.003_rp0.0_vd0.0_seed55_20260828_220415_497481.json,results/alice_realchannel_run_seed55_20260828_220415_581773.json,final_key,0.003,3,0.0026178010471204
0.0,0.003,0.0,0.0,56,results/bob_realchannel_run_tp0.0_fk0.003_rp0.0_vd0.0_seed56_20260828_220422_729788.json,382,36,3251,34,34,True,0,False,,3.398395299911499,{},asymptotic,True,,14,results/bob_realchannel_run_tp0.0_fk0.003_rp0.0_vd0.0_seed56_20260828_220422_729788.json,results/alice_realchannel_run_seed56_20260828_220422_878185.json,final_key,0.003,3,0.0026178010471204
0.0,0.003,0.0,0.0,57,results/bob_realchannel_run_tp0.0_fk0.003_rp0.0_vd0.0_seed57_20260828_220427_572166.json,382,36,3251,34,34,True,0,False,,5.688075304031372,{},asymptotic,True,,15,results/bob_realchannel_run_tp0.0_fk0.003_rp0.0_vd0.0_seed57_20260828_220427_572166.json,results/alice_realchannel_run_seed57_20260828_220427_682572.json,final_key,0.003,3,0.0026178010471204
0.0,0.003,0.0,0.0,58,results/bob_realchannel_run_tp0.0_fk0.003_rp0.0_vd0.0_seed58_20260828_220434_662377.json,382,36,3251,34,34,True,0,False,,3.32975697517395,{},asymptotic,True,,16,results/bob_realchannel_run_tp0.0_fk0.003_rp0.0_vd0.0_seed58_20260828_220434_662377.json,results/alice_realchannel_run_seed58_20260828_220434_819693.json,final_key,0.003,3,0.0026178010471204
0.0,0.003,0.0,0.0,59,results/bob_realchannel_run_tp0.0_fk0.003_rp0.0_vd0.0_seed59_20260828_220439_378441.json,382,36,3251,34,34,True,0,False,,3.7971978187561035,{},asymptotic,True,,17,results/bob_realchannel_run_tp0.0_fk0.003_rp0.0_vd0.0_seed59_20260828_220439_378441.json,results/alice_realchannel_run_seed59_20260828_220439_545315.json,final_key,0.003,3,0.0026178010471204
0.0,0.003,0.0,0.0,60,results/bob_realchannel_run_tp0.0_fk0.003_rp0.0_vd0.0_seed60_20260828_220444_580519.json,382,16,3251,34,34,False,20,False,,2.7552490234375,{},asymptotic,False,,18,results/bob_realchannel_run_tp0.0_fk0.003_rp0.0_vd0.0_seed60_20260828_220444_580519.json,results/alice_realchannel_run_seed60_20260828_220444_728677.json,final_key,0.003,3,0.0026178010471204
0.0,0.003,0.0,0.0,61,results/bob_realchannel_run_tp0.0_fk0.003_rp0.0_vd0.0_seed61_20260828_220448_740439.json,382,36,3251,34,34,True,0,False,,4.359574794769287,{},asymptotic,True,,19,results/bob_realchannel_run_tp0.0_fk0.003_rp0.0_vd0.0_seed61_20260828_220448_740439.json,results/alice_realchannel_run_seed61_20260828_220448_884904.json,final_key,0.003,3,0.0026178010471204
0.0,0.001,0.0,0.0,42,results/bob_realchannel_run_tp0.0_fk0.001_rp0.0_vd0.0_seed42_20260828_220454_501860.json,382,36,3251,34,34,True,0,False,,3.7460670471191406,{},asymptotic,True,,0,results/bob_realchannel_run_tp0.0_fk0.001_rp0.0_vd0.0_seed42_20260828_220454_501860.json,results/alice_realchannel_run_seed42_20260828_220454_656955.json,final_key,0.001,3,0.0026178010471204
0.0,0.001,0.0,0.0,43,results/bob_realchannel_run_tp0.0_fk0.001_rp0.0_vd0.0_seed43_20260828_220459_670521.json,382,36,3251,34,34,True,0,False,,4.017414331436157,{},asymptotic,True,,1,results/bob_realchannel_run_tp0.0_fk0.001_rp0.0_vd0.0_seed43_20260828_220459_670521.json,results/alice_realchannel_run_seed43_20260828_220459_821570.json,final_key,0.001,3,0.0026178010471204
0.0,0.001,0.0,0.0,44,results/bob_realchannel_run_tp0.0_fk0.001_rp0.0_vd0.0_seed44_20260828_220505_162368.json,382,36,3251,34,34,True,0,False,,4.761764764785767,{},asymptotic,True,,2,results/bob_realchannel_run_tp0.0_fk0.001_rp0.0_vd0.0_seed44_20260828_220505_162368.json,results/alice_realchannel_run_seed44_20260828_220505_314860.json,final_key,0.001,3,0.0026178010471204
0.0,0.001,0.0,0.0,45,results/bob_realchannel_run_tp0.0_fk0.001_rp0.0_vd0.0_seed45_20260828_220511_370778.json,382,36,3251,34,34,True,0,False,,3.7136788368225098,{},asymptotic,True,,3,results/bob_realchannel_run_tp0.0_fk0.001_rp0.0_vd0.0_seed45_20260828_220511_370778.json,results/alice_realchannel_run_seed45_20260828_220511_550736.json,final_key,0.001,3,0.0026178010471204
0.0,0.001,0.0,0.0,46,results/bob_realchannel_run_tp0.0_fk0.001_rp0.0_vd0.0_seed46_20260828_220516_537269.json,382,36,3251,34,34,True,0,False,,3.6386282444000244,{},asymptotic,True,,4,results/bob_realchannel_run_tp0.0_fk0.001_rp0.0_vd0.0_seed46_20260828_220516_537269.json,results/alice_realchannel_run_seed46_20260828_220516_686495.json,final_key,0.001,3,0.0026178010471204
0.0,0.001,0.0,0.0,47,results/bob_realchannel_run_tp0.0_fk0.001_rp0.0_vd0.0_seed47_20260828_220521_572087.json,382,36,3251,34,34,True,0,False,,2.9963161945343018,{},asymptotic,True,,5,results/bob_realchannel_run_tp0.0_fk0.001_rp0.0_vd0.0_seed47_20260828_220521_572087.json,results/alice_realchannel_run_seed47_20260828_220521_733210.json,final_key,0.001,3,0.0026178010471204
0.0,0.001,0.0,0.0,48,results/bob_realchannel_run_tp0.0_fk0.001_rp0.0_vd0.0_seed48_20260828_220525_976302.json,382,36,3251,34,34,True,0,False,,3.8357691764831543,{},asymptotic,True,,6,results/bob_realchannel_run_tp0.0_fk0.001_rp0.0_vd0.0_seed48_20260828_220525_976302.json,results/alice_realchannel_run_seed48_20260828_220526_158477.json,final_key,0.001,3,0.0026178010471204
0.0,0.001,0.0,0.0,49,results/bob_realchannel_run_tp0.0_fk0.001_rp0.0_vd0.0_seed49_20260828_220531_250690.json,382,36,3251,34,34,True,0,False,,3.7413129806518555,{},asymptotic,True,,7,results/bob_realchannel_run_tp0.0_fk0.001_rp0.0_vd0.0_seed49_20260828_220531_250690.json,results/alice_realchannel_run_seed49_20260828_220531_398768.json,final_key,0.001,3,0.0026178010471204
0.0,0.001,0.0,0.0,50,results/bob_realchannel_run_tp0.0_fk0.001_rp0.0_vd0.0_seed50_20260828_220536_474688.json,382,36,3251,34,34,True,0,False,,3.8740692138671875,{},asymptotic,True,,8,results/bob_realchannel_run_tp0.0_fk0.001_rp0.0_vd0.0_seed50_20260828_220536_474688.json,results/alice_realchannel_run_seed50_20260828_220536_662471.json,final_key,0.001,3,0.0026178010471204
0.0,0.001,0.0,0.0,51,results/bob_realchannel_run_tp0.0_fk0.001_rp0.0_vd0.0_seed51_20260828_220541_836996.json,382,36,3251,34,34,True,0,False,,3.5029311180114746,{},asymptotic,True,,9,results/bob_realchannel_run_tp0.0_fk0.001_rp0.0_vd0.0_seed51_20260828_220541_836996.json,results/alice_realchannel_run_seed51_20260828_220541_988694.json,final_key,0.001,3,0.0026178010471204
0.0,0.001,0.0,0.0,52,results/bob_realchannel_run_tp0.0_fk0.001_rp0.0_vd0.0_seed52_20260828_220546_754142.json,382,36,3251,34,34,True,0,False,,3.538031578063965,{},asymptotic,True,,10,results/bob_realchannel_run_tp0.0_fk0.001_rp0.0_vd0.0_seed52_20260828_220546_754142.json,results/alice_realchannel_run_seed52_20260828_220546_903715.json,final_key,0.001,3,0.0026178010471204
0.0,0.001,0.0,0.0,53,results/bob_realchannel_run_tp0.0_fk0.001_rp0.0_vd0.0_seed53_20260828_220551_674146.json,382,36,3251,34,34,True,0,False,,3.2737553119659424,{},asymptotic,True,,11,results/bob_realchannel_run_tp0.0_fk0.001_rp0.0_vd0.0_seed53_20260828_220551_674146.json,results/alice_realchannel_run_seed53_20260828_220551_836502.json,final_key,0.001,3,0.0026178010471204
0.0,0.001,0.0,0.0,54,results/bob_realchannel_run_tp0.0_fk0.001_rp0.0_vd0.0_seed54_20260828_220556_367818.json,382,36,3251,34,34,True,0,False,,3.7121312618255615,{},asymptotic,True,,12,results/bob_realchannel_run_tp0.0_fk0.001_rp0.0_vd0.0_seed54_20260828_220556_367818.json,results/alice_realchannel_run_seed54_20260828_220556_640768.json,final_key,0.001,3,0.0026178010471204
0.0,0.001,0.0,0.0,55,results/bob_realchannel_run_tp0.0_fk0.001_rp0.0_vd0.0_seed55_20260828_220601_604517.json,382,36,3251,34,34,True,0,False,,3.927337884902954,{},asymptotic,True,,13,results/bob_realchannel_run_tp0.0_fk0.001_rp0.0_vd0.0_seed55_20260828_220601_604517.json,results/alice_realchannel_run_seed55_20260828_220601_808462.json,final_key,0.001,3,0.0026178010471204
0.0,0.001,0.0,0.0,56,results/bob_realchannel_run_tp0.0_fk0.001_rp0.0_vd0.0_seed56_20260828_220607_013335.json,382,36,3251,34,34,True,0,False,,3.886524200439453,{},asymptotic,True,,14,results/bob_realchannel_run_tp0.0_fk0.001_rp0.0_vd0.0_seed56_20260828_220607_013335.json,results/alice_realchannel_run_seed56_20260828_220607_205874.json,final_key,0.001,3,0.0026178010471204
0.0,0.001,0.0,0.0,57,results/bob_realchannel_run_tp0.0_fk0.001_rp0.0_vd0.0_seed57_20260828_220612_387819.json,382,36,3251,34,34,True,0,False,,3.744009494781494,{},asymptotic,True,,15,results/bob_realchannel_run_tp0.0_fk0.001_rp0.0_vd0.0_seed57_20260828_220612_387819.json,results/alice_realchannel_run_seed57_20260828_220612_572479.json,final_key,0.001,3,0.0026178010471204
0.0,0.001,0.0,0.0,58,results/bob_realchannel_run_tp0.0_fk0.001_rp0.0_vd0.0_seed58_20260828_220617_602596.json,382,36,3251,34,34,True,0,False,,3.329474449157715,{},asymptotic,True,,16,results/bob_realchannel_run_tp0.0_fk0.001_rp0.0_vd0.0_seed58_20260828_220617_602596.json,results/alice_realchannel_run_seed58_20260828_220617_760964.json,final_key,0.001,3,0.0026178010471204
0.0,0.001,0.0,0.0,59,results/bob_realchannel_run_tp0.0_fk0.001_rp0.0_vd0.0_seed59_20260828_220622_336422.json,382,36,3251,34,34,True,0,False,,3.8000314235687256,{},asymptotic,True,,17,results/bob_realchannel_run_tp0.0_fk0.001_rp0.0_vd0.0_seed59_20260828_220622_336422.json,results/alice_realchannel_run_seed59_20260828_220622_491819.json,final_key,0.001,3,0.0026178010471204
0.0,0.001,0.0,0.0,60,results/bob_realchannel_run_tp0.0_fk0.001_rp0.0_vd0.0_seed60_20260828_220627_557787.json,382,16,3251,34,34,False,20,False,,2.7905070781707764,{},asymptotic,False,,18,results/bob_realchannel_run_tp0.0_fk0.001_rp0.0_vd0.0_seed60_20260828_220627_557787.json,results/alice_realchannel_run_seed60_20260828_220627_734544.json,final_key,0.001,3,0.0026178010471204
0.0,0.001,0.0,0.0,61,results/bob_realchannel_run_tp0.0_fk0.001_rp0.0_vd0.0_seed61_20260828_220631_840635.json,382,36,3251,34,34,True,0,False,,4.351521730422974,{},asymptotic,True,,19,results/bob_realchannel_run_tp0.0_fk0.001_rp0.0_vd0.0_seed61_20260828_220631_840635.json,results/alice_realchannel_run_seed61_20260828_220631_984497.json,final_key,0.001,3,0.0026178010471204
0.0,0.5,0.0,0.0,42,results/bob_realchannel_run_tp0.0_fk0.5_rp0.0_vd0.0_seed42_20260828_234144_543773.json,385,35,1690,34,34,True,0,False,,4.80145788192749,{},placeholder,True,,0,results/bob_realchannel_run_tp0.0_fk0.5_rp0.0_vd0.0_seed42_20260828_234144_543773.json,results/alice_realchannel_run_seed42_20260828_234144_647398.json,final_key,0.5,4,0.0051948051948051
0.0,0.5,0.0,0.0,43,results/bob_realchannel_run_tp0.0_fk0.5_rp0.0_vd0.0_seed43_20260828_234150_714940.json,385,35,1690,34,34,True,0,False,,4.694017648696899,{'final_key': 1},placeholder,False,,1,results/bob_realchannel_run_tp0.0_fk0.5_rp0.0_vd0.0_seed43_20260828_234150_714940.json,results/alice_realchannel_run_seed43_20260828_234150_816984.json,final_key,0.5,4,0.0051948051948051
0.0,0.5,0.0,0.0,44,results/bob_realchannel_run_tp0.0_fk0.5_rp0.0_vd0.0_seed44_20260828_234156_795325.json,385,35,1690,34,34,True,0,False,,5.345251798629761,{'final_key': 1},placeholder,False,,2,results/bob_realchannel_run_tp0.0_fk0.5_rp0.0_vd0.0_seed44_20260828_234156_795325.json,results/alice_realchannel_run_seed44_20260828_234156_890838.json,final_key,0.5,4,0.0051948051948051
0.0,0.5,0.0,0.0,45,results/bob_realchannel_run_tp0.0_fk0.5_rp0.0_vd0.0_seed45_20260828_234203_536011.json,385,35,1690,34,34,True,0,False,,4.6165735721588135,{},placeholder,True,,3,results/bob_realchannel_run_tp0.0_fk0.5_rp0.0_vd0.0_seed45_20260828_234203_536011.json,results/alice_realchannel_run_seed45_20260828_234203_620452.json,final_key,0.5,4,0.0051948051948051
0.0,0.5,0.0,0.0,46,results/bob_realchannel_run_tp0.0_fk0.5_rp0.0_vd0.0_seed46_20260828_234209_535342.json,385,35,1690,34,34,True,0,False,,4.685209512710571,{},placeholder,True,,4,results/bob_realchannel_run_tp0.0_fk0.5_rp0.0_vd0.0_seed46_20260828_234209_535342.json,results/alice_realchannel_run_seed46_20260828_234209_621843.json,final_key,0.5,4,0.0051948051948051
0.0,0.5,0.0,0.0,47,results/bob_realchannel_run_tp0.0_fk0.5_rp0.0_vd0.0_seed47_20260828_234215_598874.json,385,35,1690,34,34,True,0,False,,3.576219081878662,{},placeholder,True,,5,results/bob_realchannel_run_tp0.0_fk0.5_rp0.0_vd0.0_seed47_20260828_234215_598874.json,results/alice_realchannel_run_seed47_20260828_234215_697416.json,final_key,0.5,4,0.0051948051948051
0.0,0.5,0.0,0.0,48,results/bob_realchannel_run_tp0.0_fk0.5_rp0.0_vd0.0_seed48_20260828_234220_564034.json,385,35,1690,34,34,True,0,False,,5.224520206451416,{'final_key': 1},placeholder,False,,6,results/bob_realchannel_run_tp0.0_fk0.5_rp0.0_vd0.0_seed48_20260828_234220_564034.json,results/alice_realchannel_run_seed48_20260828_234220_653198.json,final_key,0.5,4,0.0051948051948051
0.0,0.5,0.0,0.0,49,results/bob_realchannel_run_tp0.0_fk0.5_rp0.0_vd0.0_seed49_20260828_234227_182809.json,385,33,1690,34,34,False,2,False,,4.5498878955841064,{},placeholder,False,,7,results/bob_realchannel_run_tp0.0_fk0.5_rp0.0_vd0.0_seed49_20260828_234227_182809.json,results/alice_realchannel_run_seed49_20260828_234227_291468.json,final_key,0.5,4,0.0051948051948051
0.0,0.5,0.0,0.0,50,results/bob_realchannel_run_tp0.0_fk0.5_rp0.0_vd0.0_seed50_20260828_234233_104122.json,385,35,1690,34,34,True,0,False,,5.12047815322876,{},placeholder,True,,8,results/bob_realchannel_run_tp0.0_fk0.5_rp0.0_vd0.0_seed50_20260828_234233_104122.json,results/alice_realchannel_run_seed50_20260828_234233_199107.json,final_key,0.5,4,0.0051948051948051
0.0,0.5,0.0,0.0,51,results/bob_realchannel_run_tp0.0_fk0.5_rp0.0_vd0.0_seed51_20260828_234239_606140.json,385,35,1690,34,34,True,0,False,,4.838945627212524,{},placeholder,True,,9,results/bob_realchannel_run_tp0.0_fk0.5_rp0.0_vd0.0_seed51_20260828_234239_606140.json,results/alice_realchannel_run_seed51_20260828_234239_699881.json,final_key,0.5,4,0.0051948051948051
0.0,0.5,0.0,0.0,52,results/bob_realchannel_run_tp0.0_fk0.5_rp0.0_vd0.0_seed52_20260828_234245_835132.json,385,35,1690,34,34,True,0,False,,5.017845153808594,{'final_key': 1},placeholder,False,,10,results/bob_realchannel_run_tp0.0_fk0.5_rp0.0_vd0.0_seed52_20260828_234245_835132.json,results/alice_realchannel_run_seed52_20260828_234245_943380.json,final_key,0.5,4,0.0051948051948051
0.0,0.5,0.0,0.0,53,results/bob_realchannel_run_tp0.0_fk0.5_rp0.0_vd0.0_seed53_20260828_234252_224767.json,385,35,1690,34,34,True,0,False,,5.044224739074707,{'final_key': 1},placeholder,False,,11,results/bob_realchannel_run_tp0.0_fk0.5_rp0.0_vd0.0_seed53_20260828_234252_224767.json,results/alice_realchannel_run_seed53_20260828_234252_326523.json,final_key,0.5,4,0.0051948051948051
0.0,0.5,0.0,0.0,54,results/bob_realchannel_run_tp0.0_fk0.5_rp0.0_vd0.0_seed54_20260828_234258_643999.json,385,35,1690,34,34,True,0,False,,4.940734386444092,{},placeholder,True,,12,results/bob_realchannel_run_tp0.0_fk0.5_rp0.0_vd0.0_seed54_20260828_234258_643999.json,results/alice_realchannel_run_seed54_20260828_234258_751660.json,final_key,0.5,4,0.0051948051948051
0.0,0.5,0.0,0.0,55,results/bob_realchannel_run_tp0.0_fk0.5_rp0.0_vd0.0_seed55_20260828_234304_945082.json,385,35,1690,34,34,True,0,False,,4.775623559951782,{},placeholder,True,,13,results/bob_realchannel_run_tp0.0_fk0.5_rp0.0_vd0.0_seed55_20260828_234304_945082.json,results/alice_realchannel_run_seed55_20260828_234305_059672.json,final_key,0.5,4,0.0051948051948051
0.0,0.5,0.0,0.0,56,results/bob_realchannel_run_tp0.0_fk0.5_rp0.0_vd0.0_seed56_20260828_234311_112724.json,385,35,1690,34,34,True,0,False,,5.076112270355225,{},placeholder,True,,14,results/bob_realchannel_run_tp0.0_fk0.5_rp0.0_vd0.0_seed56_20260828_234311_112724.json,results/alice_realchannel_run_seed56_20260828_234311_208557.json,final_key,0.5,4,0.0051948051948051
0.0,0.5,0.0,0.0,57,results/bob_realchannel_run_tp0.0_fk0.5_rp0.0_vd0.0_seed57_20260828_234317_592037.json,385,35,1690,34,34,True,0,False,,5.332370042800903,{},placeholder,True,,15,results/bob_realchannel_run_tp0.0_fk0.5_rp0.0_vd0.0_seed57_20260828_234317_592037.json,results/alice_realchannel_run_seed57_20260828_234317_663130.json,final_key,0.5,4,0.0051948051948051
0.0,0.5,0.0,0.0,58,results/bob_realchannel_run_tp0.0_fk0.5_rp0.0_vd0.0_seed58_20260828_234324_314083.json,385,35,1690,34,34,True,0,False,,4.906335115432739,{'final_key': 1},placeholder,False,,16,results/bob_realchannel_run_tp0.0_fk0.5_rp0.0_vd0.0_seed58_20260828_234324_314083.json,results/alice_realchannel_run_seed58_20260828_234324_402497.json,final_key,0.5,4,0.0051948051948051
0.0,0.5,0.0,0.0,59,results/bob_realchannel_run_tp0.0_fk0.5_rp0.0_vd0.0_seed59_20260828_234330_605678.json,385,35,1690,34,34,True,0,False,,4.9831318855285645,{'final_key': 1},placeholder,False,,17,results/bob_realchannel_run_tp0.0_fk0.5_rp0.0_vd0.0_seed59_20260828_234330_605678.json,results/alice_realchannel_run_seed59_20260828_234330_693892.json,final_key,0.5,4,0.0051948051948051
0.0,0.5,0.0,0.0,60,results/bob_realchannel_run_tp0.0_fk0.5_rp0.0_vd0.0_seed60_20260828_234337_112021.json,385,35,1690,34,34,True,0,False,,3.263418436050415,{},placeholder,True,,18,results/bob_realchannel_run_tp0.0_fk0.5_rp0.0_vd0.0_seed60_20260828_234337_112021.json,results/alice_realchannel_run_seed60_20260828_234337_074521.json,final_key,0.5,4,0.0051948051948051
0.0,0.5,0.0,0.0,61,results/bob_realchannel_run_tp0.0_fk0.5_rp0.0_vd0.0_seed61_20260828_234341_787030.json,385,35,1690,34,34,True,0,False,,3.57987642288208,{'final_key': 1},placeholder,False,,19,results/bob_realchannel_run_tp0.0_fk0.5_rp0.0_vd0.0_seed61_20260828_234341_787030.json,results/alice_realchannel_run_seed61_20260828_234341_878717.json,final_key,0.5,4,0.0051948051948051
0.0,0.3,0.0,0.0,42,results/bob_realchannel_run_tp0.0_fk0.3_rp0.0_vd0.0_seed42_20260828_234346_750223.json,385,35,1690,34,34,True,0,False,,3.6284520626068115,{},placeholder,True,,0,results/bob_realchannel_run_tp0.0_fk0.3_rp0.0_vd0.0_seed42_20260828_234346_750223.json,results/alice_realchannel_run_seed42_20260828_234346_845453.json,final_key,0.3,4,0.0051948051948051
0.0,0.3,0.0,0.0,43,results/bob_realchannel_run_tp0.0_fk0.3_rp0.0_vd0.0_seed43_20260828_234351_809906.json,385,35,1690,34,34,True,0,False,,4.634953498840332,{},placeholder,True,,1,results/bob_realchannel_run_tp0.0_fk0.3_rp0.0_vd0.0_seed43_20260828_234351_809906.json,results/alice_realchannel_run_seed43_20260828_234351_851944.json,final_key,0.3,4,0.0051948051948051
0.0,0.3,0.0,0.0,44,results/bob_realchannel_run_tp0.0_fk0.3_rp0.0_vd0.0_seed44_20260828_234357_830672.json,385,35,1690,34,34,True,0,False,,5.3736960887908936,{'final_key': 1},placeholder,False,,2,results/bob_realchannel_run_tp0.0_fk0.3_rp0.0_vd0.0_seed44_20260828_234357_830672.json,results/alice_realchannel_run_seed44_20260828_234357_936806.json,final_key,0.3,4,0.0051948051948051
0.0,0.3,0.0,0.0,45,results/bob_realchannel_run_tp0.0_fk0.3_rp0.0_vd0.0_seed45_20260828_234404_607868.json,385,35,1690,34,34,True,0,False,,4.612776279449463,{},placeholder,True,,3,results/bob_realchannel_run_tp0.0_fk0.3_rp0.0_vd0.0_seed45_20260828_234404_607868.json,results/alice_realchannel_run_seed45_20260828_234404_697384.json,final_key,0.3,4,0.0051948051948051
0.0,0.3,0.0,0.0,46,results/bob_realchannel_run_tp0.0_fk0.3_rp0.0_vd0.0_seed46_20260828_234410_610412.json,385,35,1690,34,34,True,0,False,,3.810079336166382,{},placeholder,True,,4,results/bob_realchannel_run_tp0.0_fk0.3_rp0.0_vd0.0_seed46_20260828_234410_610412.json,results/alice_realchannel_run_seed46_20260828_234410_715341.json,final_key,0.3,4,0.0051948051948051
0.0,0.3,0.0,0.0,47,results/bob_realchannel_run_tp0.0_fk0.3_rp0.0_vd0.0_seed47_20260828_234415_824013.json,385,35,1690,34,34,True,0,False,,4.448214769363403,{},placeholder,True,,5,results/bob_realchannel_run_tp0.0_fk0.3_rp0.0_vd0.0_seed47_20260828_234415_824013.json,results/alice_realchannel_run_seed47_20260828_234415_908955.json,final_key,0.3,4,0.0051948051948051
0.0,0.3,0.0,0.0,48,results/bob_realchannel_run_tp0.0_fk0.3_rp0.0_vd0.0_seed48_20260828_234421_658829.json,385,35,1690,34,34,True,0,False,,4.091523170471191,{'final_key': 1},placeholder,False,,6,results/bob_realchannel_run_tp0.0_fk0.3_rp0.0_vd0.0_seed48_20260828_234421_658829.json,results/alice_realchannel_run_seed48_20260828_234421_780513.json,final_key,0.3,4,0.0051948051948051
0.0,0.3,0.0,0.0,49,results/bob_realchannel_run_tp0.0_fk0.3_rp0.0_vd0.0_seed49_20260828_234427_141350.json,385,33,1690,34,34,False,2,False,,4.547125577926636,{},placeholder,False,,7,results/bob_realchannel_run_tp0.0_fk0.3_rp0.0_vd0.0_seed49_20260828_234427_141350.json,results/alice_realchannel_run_seed49_20260828_234427_229748.json,final_key,0.3,4,0.0051948051948051
0.0,0.3,0.0,0.0,50,results/bob_realchannel_run_tp0.0_fk0.3_rp0.0_vd0.0_seed50_20260828_234433_051848.json,385,35,1690,34,34,True,0,False,,4.677003383636475,{},placeholder,True,,8,results/bob_realchannel_run_tp0.0_fk0.3_rp0.0_vd0.0_seed50_20260828_234433_051848.json,results/alice_realchannel_run_seed50_20260828_234433_153936.json,final_key,0.3,4,0.0051948051948051
0.0,0.3,0.0,0.0,51,results/bob_realchannel_run_tp0.0_fk0.3_rp0.0_vd0.0_seed51_20260828_234439_123527.json,385,35,1690,34,34,True,0,False,,4.372897386550903,{},placeholder,True,,9,results/bob_realchannel_run_tp0.0_fk0.3_rp0.0_vd0.0_seed51_20260828_234439_123527.json,results/alice_realchannel_run_seed51_20260828_234439_206654.json,final_key,0.3,4,0.0051948051948051
0.0,0.3,0.0,0.0,52,results/bob_realchannel_run_tp0.0_fk0.3_rp0.0_vd0.0_seed52_20260828_234444_882110.json,385,35,1690,34,34,True,0,False,,2.138888359069824,{'final_key': 1},placeholder,False,,10,results/bob_realchannel_run_tp0.0_fk0.3_rp0.0_vd0.0_seed52_20260828_234444_882110.json,results/alice_realchannel_run_seed52_20260828_234445_025145.json,final_key,0.3,4,0.0051948051948051
0.0,0.3,0.0,0.0,53,results/bob_realchannel_run_tp0.0_fk0.3_rp0.0_vd0.0_seed53_20260828_234448_469914.json,385,35,1690,34,34,True,0,False,,5.074808597564697,{'final_key': 1},placeholder,False,,11,results/bob_realchannel_run_tp0.0_fk0.3_rp0.0_vd0.0_seed53_20260828_234448_469914.json,results/alice_realchannel_run_seed53_20260828_234448_599794.json,final_key,0.3,4,0.0051948051948051
0.0,0.3,0.0,0.0,54,results/bob_realchannel_run_tp0.0_fk0.3_rp0.0_vd0.0_seed54_20260828_234455_023927.json,385,35,1690,34,34,True,0,False,,2.9728572368621826,{},placeholder,True,,12,results/bob_realchannel_run_tp0.0_fk0.3_rp0.0_vd0.0_seed54_20260828_234455_023927.json,results/alice_realchannel_run_seed54_20260828_234455_177874.json,final_key,0.3,4,0.0051948051948051
0.0,0.3,0.0,0.0,55,results/bob_realchannel_run_tp0.0_fk0.3_rp0.0_vd0.0_seed55_20260828_234459_462672.json,385,35,1690,34,34,True,0,False,,3.8625357151031494,{},placeholder,True,,13,results/bob_realchannel_run_tp0.0_fk0.3_rp0.0_vd0.0_seed55_20260828_234459_462672.json,results/alice_realchannel_run_seed55_20260828_234459_560366.json,final_key,0.3,4,0.0051948051948051
0.0,0.3,0.0,0.0,56,results/bob_realchannel_run_tp0.0_fk0.3_rp0.0_vd0.0_seed56_20260828_234504_721503.json,385,35,1690,34,34,True,0,False,,5.091392755508423,{},placeholder,True,,14,results/bob_realchannel_run_tp0.0_fk0.3_rp0.0_vd0.0_seed56_20260828_234504_721503.json,results/alice_realchannel_run_seed56_20260828_234504_830500.json,final_key,0.3,4,0.0051948051948051
0.0,0.3,0.0,0.0,57,results/bob_realchannel_run_tp0.0_fk0.3_rp0.0_vd0.0_seed57_20260828_234511_281345.json,385,35,1690,34,34,True,0,False,,4.922986745834351,{},placeholder,True,,15,results/bob_realchannel_run_tp0.0_fk0.3_rp0.0_vd0.0_seed57_20260828_234511_281345.json,results/alice_realchannel_run_seed57_20260828_234511_398791.json,final_key,0.3,4,0.0051948051948051
0.0,0.3,0.0,0.0,58,results/bob_realchannel_run_tp0.0_fk0.3_rp0.0_vd0.0_seed58_20260828_234517_566276.json,385,35,1690,34,34,True,0,False,,4.934518575668335,{'final_key': 1},placeholder,False,,16,results/bob_realchannel_run_tp0.0_fk0.3_rp0.0_vd0.0_seed58_20260828_234517_566276.json,results/alice_realchannel_run_seed58_20260828_234517_679050.json,final_key,0.3,4,0.0051948051948051
0.0,0.3,0.0,0.0,59,results/bob_realchannel_run_tp0.0_fk0.3_rp0.0_vd0.0_seed59_20260828_234523_889941.json,385,35,1690,34,34,True,0,False,,4.986780405044556,{'final_key': 1},placeholder,False,,17,results/bob_realchannel_run_tp0.0_fk0.3_rp0.0_vd0.0_seed59_20260828_234523_889941.json,results/alice_realchannel_run_seed59_20260828_234523_988107.json,final_key,0.3,4,0.0051948051948051
0.0,0.3,0.0,0.0,60,results/bob_realchannel_run_tp0.0_fk0.3_rp0.0_vd0.0_seed60_20260828_234530_263859.json,385,35,1690,34,34,True,0,False,,4.74079966545105,{},placeholder,True,,18,results/bob_realchannel_run_tp0.0_fk0.3_rp0.0_vd0.0_seed60_20260828_234530_263859.json,results/alice_realchannel_run_seed60_20260828_234530_356329.json,final_key,0.3,4,0.0051948051948051
0.0,0.3,0.0,0.0,61,results/bob_realchannel_run_tp0.0_fk0.3_rp0.0_vd0.0_seed61_20260828_234536_392354.json,385,35,1690,34,34,True,0,False,,4.936246395111084,{'final_key': 1},placeholder,False,,19,results/bob_realchannel_run_tp0.0_fk0.3_rp0.0_vd0.0_seed61_20260828_234536_392354.json,results/alice_realchannel_run_seed61_20260828_234536_493149.json,final_key,0.3,4,0.0051948051948051
0.0,0.1,0.0,0.0,42,results/bob_realchannel_run_tp0.0_fk0.1_rp0.0_vd0.0_seed42_20260828_234542_719542.json,385,35,1690,34,34,True,0,False,,3.887147903442383,{},placeholder,True,,0,results/bob_realchannel_run_tp0.0_fk0.1_rp0.0_vd0.0_seed42_20260828_234542_719542.json,results/alice_realchannel_run_seed42_20260828_234542_809792.json,final_key,0.1,4,0.0051948051948051
0.0,0.1,0.0,0.0,43,results/bob_realchannel_run_tp0.0_fk0.1_rp0.0_vd0.0_seed43_20260828_234547_983313.json,385,35,1690,34,34,True,0,False,,4.2714550495147705,{},placeholder,True,,1,results/bob_realchannel_run_tp0.0_fk0.1_rp0.0_vd0.0_seed43_20260828_234547_983313.json,results/alice_realchannel_run_seed43_20260828_234548_112763.json,final_key,0.1,4,0.0051948051948051
0.0,0.1,0.0,0.0,44,results/bob_realchannel_run_tp0.0_fk0.1_rp0.0_vd0.0_seed44_20260828_234553_680231.json,385,35,1690,34,34,True,0,False,,5.3443379402160645,{'final_key': 1},placeholder,False,,2,results/bob_realchannel_run_tp0.0_fk0.1_rp0.0_vd0.0_seed44_20260828_234553_680231.json,results/alice_realchannel_run_seed44_20260828_234553_783038.json,final_key,0.1,4,0.0051948051948051
0.0,0.1,0.0,0.0,45,results/bob_realchannel_run_tp0.0_fk0.1_rp0.0_vd0.0_seed45_20260828_234600_401706.json,385,35,1690,34,34,True,0,False,,4.654814958572388,{},placeholder,True,,3,results/bob_realchannel_run_tp0.0_fk0.1_rp0.0_vd0.0_seed45_20260828_234600_401706.json,results/alice_realchannel_run_seed45_20260828_234600_526155.json,final_key,0.1,4,0.0051948051948051
0.0,0.1,0.0,0.0,46,results/bob_realchannel_run_tp0.0_fk0.1_rp0.0_vd0.0_seed46_20260828_234606_487370.json,385,35,1690,34,34,True,0,False,,3.363603353500366,{},placeholder,True,,4,results/bob_realchannel_run_tp0.0_fk0.1_rp0.0_vd0.0_seed46_20260828_234606_487370.json,results/alice_realchannel_run_seed46_20260828_234606_593519.json,final_key,0.1,4,0.0051948051948051
0.0,0.1,0.0,0.0,47,results/bob_realchannel_run_tp0.0_fk0.1_rp0.0_vd0.0_seed47_20260828_234611_221498.json,385,35,1690,34,34,True,0,False,,2.5070042610168457,{},placeholder,True,,5,results/bob_realchannel_run_tp0.0_fk0.1_rp0.0_vd0.0_seed47_20260828_234611_221498.json,results/alice_realchannel_run_seed47_20260828_234611_369254.json,final_key,0.1,4,0.0051948051948051
0.0,0.1,0.0,0.0,48,results/bob_realchannel_run_tp0.0_fk0.1_rp0.0_vd0.0_seed48_20260828_234615_214454.json,385,35,1690,34,34,True,0,False,,5.234805583953857,{},placeholder,True,,6,results/bob_realchannel_run_tp0.0_fk0.1_rp0.0_vd0.0_seed48_20260828_234615_214454.json,results/alice_realchannel_run_seed48_20260828_234615_299949.json,final_key,0.1,4,0.0051948051948051
0.0,0.1,0.0,0.0,49,results/bob_realchannel_run_tp0.0_fk0.1_rp0.0_vd0.0_seed49_20260828_234621_827116.json,385,33,1690,34,34,False,2,False,,4.553701877593994,{},placeholder,False,,7,results/bob_realchannel_run_tp0.0_fk0.1_rp0.0_vd0.0_seed49_20260828_234621_827116.json,results/alice_realchannel_run_seed49_20260828_234621_933527.json,final_key,0.1,4,0.0051948051948051
0.0,0.1,0.0,0.0,50,results/bob_realchannel_run_tp0.0_fk0.1_rp0.0_vd0.0_seed50_20260828_234627_773810.json,385,35,1690,34,34,True,0,False,,5.127039670944214,{},placeholder,True,,8,results/bob_realchannel_run_tp0.0_fk0.1_rp0.0_vd0.0_seed50_20260828_234627_773810.json,results/alice_realchannel_run_seed50_20260828_234627_873560.json,final_key,0.1,4,0.0051948051948051
0.0,0.1,0.0,0.0,51,results/bob_realchannel_run_tp0.0_fk0.1_rp0.0_vd0.0_seed51_20260828_234634_287274.json,385,35,1690,34,34,True,0,False,,4.873907566070557,{},placeholder,True,,9,results/bob_realchannel_run_tp0.0_fk0.1_rp0.0_vd0.0_seed51_20260828_234634_287274.json,results/alice_realchannel_run_seed51_20260828_234634_414128.json,final_key,0.1,4,0.0051948051948051
0.0,0.1,0.0,0.0,52,results/bob_realchannel_run_tp0.0_fk0.1_rp0.0_vd0.0_seed52_20260828_234640_619795.json,385,35,1690,34,34,True,0,False,,3.0328378677368164,{'final_key': 1},placeholder,False,,10,results/bob_realchannel_run_tp0.0_fk0.1_rp0.0_vd0.0_seed52_20260828_234640_619795.json,results/alice_realchannel_run_seed52_20260828_234640_762613.json,final_key,0.1,4,0.0051948051948051
0.0,0.1,0.0,0.0,53,results/bob_realchannel_run_tp0.0_fk0.1_rp0.0_vd0.0_seed53_20260828_234645_089630.json,385,35,1690,34,34,True,0,False,,5.0626866817474365,{},placeholder,True,,11,results/bob_realchannel_run_tp0.0_fk0.1_rp0.0_vd0.0_seed53_20260828_234645_089630.json,results/alice_realchannel_run_seed53_20260828_234645_215804.json,final_key,0.1,4,0.0051948051948051
0.0,0.1,0.0,0.0,54,results/bob_realchannel_run_tp0.0_fk0.1_rp0.0_vd0.0_seed54_20260828_234651_547718.json,385,35,1690,34,34,True,0,False,,4.929090738296509,{},placeholder,True,,12,results/bob_realchannel_run_tp0.0_fk0.1_rp0.0_vd0.0_seed54_20260828_234651_547718.json,results/alice_realchannel_run_seed54_20260828_234651_637826.json,final_key,0.1,4,0.0051948051948051
0.0,0.1,0.0,0.0,55,results/bob_realchannel_run_tp0.0_fk0.1_rp0.0_vd0.0_seed55_20260828_234657_927038.json,385,35,1690,34,34,True,0,False,,4.757535457611084,{},placeholder,True,,13,results/bob_realchannel_run_tp0.0_fk0.1_rp0.0_vd0.0_seed55_20260828_234657_927038.json,results/alice_realchannel_run_seed55_20260828_234658_025008.json,final_key,0.1,4,0.0051948051948051
0.0,0.1,0.0,0.0,56,results/bob_realchannel_run_tp0.0_fk0.1_rp0.0_vd0.0_seed56_20260828_234704_056189.json,385,35,1690,34,34,True,0,False,,3.9550914764404297,{},placeholder,True,,14,results/bob_realchannel_run_tp0.0_fk0.1_rp0.0_vd0.0_seed56_20260828_234704_056189.json,results/alice_realchannel_run_seed56_20260828_234704_184781.json,final_key,0.1,4,0.0051948051948051
0.0,0.1,0.0,0.0,57,results/bob_realchannel_run_tp0.0_fk0.1_rp0.0_vd0.0_seed57_20260828_234709_383860.json,385,35,1690,34,34,True,0,False,,5.368913412094116,{},placeholder,True,,15,results/bob_realchannel_run_tp0.0_fk0.1_rp0.0_vd0.0_seed57_20260828_234709_383860.json,results/alice_realchannel_run_seed57_20260828_234709_481967.json,final_key,0.1,4,0.0051948051948051
0.0,0.1,0.0,0.0,58,results/bob_realchannel_run_tp0.0_fk0.1_rp0.0_vd0.0_seed58_20260828_234716_142837.json,385,35,1690,34,34,True,0,False,,4.9306230545043945,{'final_key': 1},placeholder,False,,16,results/bob_realchannel_run_tp0.0_fk0.1_rp0.0_vd0.0_seed58_20260828_234716_142837.json,results/alice_realchannel_run_seed58_20260828_234716_239801.json,final_key,0.1,4,0.0051948051948051
0.0,0.1,0.0,0.0,59,results/bob_realchannel_run_tp0.0_fk0.1_rp0.0_vd0.0_seed59_20260828_234722_450492.json,385,35,1690,34,34,True,0,False,,4.994742155075073,{},placeholder,True,,17,results/bob_realchannel_run_tp0.0_fk0.1_rp0.0_vd0.0_seed59_20260828_234722_450492.json,results/alice_realchannel_run_seed59_20260828_234722_551015.json,final_key,0.1,4,0.0051948051948051
0.0,0.1,0.0,0.0,60,results/bob_realchannel_run_tp0.0_fk0.1_rp0.0_vd0.0_seed60_20260828_234728_820423.json,385,35,1690,34,34,True,0,False,,4.748199701309204,{},placeholder,True,,18,results/bob_realchannel_run_tp0.0_fk0.1_rp0.0_vd0.0_seed60_20260828_234728_820423.json,results/alice_realchannel_run_seed60_20260828_234728_917261.json,final_key,0.1,4,0.0051948051948051
0.0,0.1,0.0,0.0,61,results/bob_realchannel_run_tp0.0_fk0.1_rp0.0_vd0.0_seed61_20260828_234735_027138.json,385,35,1690,34,34,True,0,False,,4.421903371810913,{},placeholder,True,,19,results/bob_realchannel_run_tp0.0_fk0.1_rp0.0_vd0.0_seed61_20260828_234735_027138.json,results/alice_realchannel_run_seed61_20260828_234735_054065.json,final_key,0.1,4,0.0051948051948051
0.0,0.05,0.0,0.0,42,results/bob_realchannel_run_tp0.0_fk0.05_rp0.0_vd0.0_seed42_20260828_234740_898031.json,385,35,1690,34,34,True,0,False,,4.802416563034058,{},placeholder,True,,0,results/bob_realchannel_run_tp0.0_fk0.05_rp0.0_vd0.0_seed42_20260828_234740_898031.json,results/alice_realchannel_run_seed42_20260828_234740_999189.json,final_key,0.05,4,0.0051948051948051
0.0,0.05,0.0,0.0,43,results/bob_realchannel_run_tp0.0_fk0.05_rp0.0_vd0.0_seed43_20260828_234747_089115.json,385,35,1690,34,34,True,0,False,,4.724450349807739,{},placeholder,True,,1,results/bob_realchannel_run_tp0.0_fk0.05_rp0.0_vd0.0_seed43_20260828_234747_089115.json,results/alice_realchannel_run_seed43_20260828_234747_217027.json,final_key,0.05,4,0.0051948051948051
0.0,0.05,0.0,0.0,44,results/bob_realchannel_run_tp0.0_fk0.05_rp0.0_vd0.0_seed44_20260828_234753_340729.json,385,35,1690,34,34,True,0,False,,4.835980176925659,{'final_key': 1},placeholder,False,,2,results/bob_realchannel_run_tp0.0_fk0.05_rp0.0_vd0.0_seed44_20260828_234753_340729.json,results/alice_realchannel_run_seed44_20260828_234753_380192.json,final_key,0.05,4,0.0051948051948051
0.0,0.05,0.0,0.0,45,results/bob_realchannel_run_tp0.0_fk0.05_rp0.0_vd0.0_seed45_20260828_234759_569532.json,385,35,1690,34,34,True,0,False,,4.646978378295898,{},placeholder,True,,3,results/bob_realchannel_run_tp0.0_fk0.05_rp0.0_vd0.0_seed45_20260828_234759_569532.json,results/alice_realchannel_run_seed45_20260828_234759_685618.json,final_key,0.05,4,0.0051948051948051
0.0,0.05,0.0,0.0,46,results/bob_realchannel_run_tp0.0_fk0.05_rp0.0_vd0.0_seed46_20260828_234805_666823.json,385,35,1690,34,34,True,0,False,,4.710616827011108,{},placeholder,True,,4,results/bob_realchannel_run_tp0.0_fk0.05_rp0.0_vd0.0_seed46_20260828_234805_666823.json,results/alice_realchannel_run_seed46_20260828_234805_769091.json,final_key,0.05,4,0.0051948051948051
0.0,0.05,0.0,0.0,47,results/bob_realchannel_run_tp0.0_fk0.05_rp0.0_vd0.0_seed47_20260828_234811_833439.json,385,35,1690,34,34,True,0,False,,4.487092018127441,{},placeholder,True,,5,results/bob_realchannel_run_tp0.0_fk0.05_rp0.0_vd0.0_seed47_20260828_234811_833439.json,results/alice_realchannel_run_seed47_20260828_234811_941156.json,final_key,0.05,4,0.0051948051948051
0.0,0.05,0.0,0.0,48,results/bob_realchannel_run_tp0.0_fk0.05_rp0.0_vd0.0_seed48_20260828_234817_688615.json,385,35,1690,34,34,True,0,False,,4.116797924041748,{},placeholder,True,,6,results/bob_realchannel_run_tp0.0_fk0.05_rp0.0_vd0.0_seed48_20260828_234817_688615.json,results/alice_realchannel_run_seed48_20260828_234817_822856.json,final_key,0.05,4,0.0051948051948051
0.0,0.05,0.0,0.0,49,results/bob_realchannel_run_tp0.0_fk0.05_rp0.0_vd0.0_seed49_20260828_234823_235044.json,385,33,1690,34,34,False,2,False,,4.553529262542725,{},placeholder,False,,7,results/bob_realchannel_run_tp0.0_fk0.05_rp0.0_vd0.0_seed49_20260828_234823_235044.json,results/alice_realchannel_run_seed49_20260828_234823_345927.json,final_key,0.05,4,0.0051948051948051
0.0,0.05,0.0,0.0,50,results/bob_realchannel_run_tp0.0_fk0.05_rp0.0_vd0.0_seed50_20260828_234829_168998.json,385,35,1690,34,34,True,0,False,,4.694346189498901,{},placeholder,True,,8,results/bob_realchannel_run_tp0.0_fk0.05_rp0.0_vd0.0_seed50_20260828_234829_168998.json,results/alice_realchannel_run_seed50_20260828_234829_285048.json,final_key,0.05,4,0.0051948051948051
0.0,0.05,0.0,0.0,51,results/bob_realchannel_run_tp0.0_fk0.05_rp0.0_vd0.0_seed51_20260828_234835_275209.json,385,35,1690,34,34,True,0,False,,4.873651027679443,{},placeholder,True,,9,results/bob_realchannel_run_tp0.0_fk0.05_rp0.0_vd0.0_seed51_20260828_234835_275209.json,results/alice_realchannel_run_seed51_20260828_234835_400711.json,final_key,0.05,4,0.0051948051948051
0.0,0.05,0.0,0.0,52,results/bob_realchannel_run_tp0.0_fk0.05_rp0.0_vd0.0_seed52_20260828_234841_516192.json,385,35,1690,34,34,True,0,False,,5.020590305328369,{},placeholder,True,,10,results/bob_realchannel_run_tp0.0_fk0.05_rp0.0_vd0.0_seed52_20260828_234841_516192.json,results/alice_realchannel_run_seed52_20260828_234841_625501.json,final_key,0.05,4,0.0051948051948051
0.0,0.05,0.0,0.0,53,results/bob_realchannel_run_tp0.0_fk0.05_rp0.0_vd0.0_seed53_20260828_234847_906024.json,385,35,1690,34,34,True,0,False,,5.054522752761841,{},placeholder,True,,11,results/bob_realchannel_run_tp0.0_fk0.05_rp0.0_vd0.0_seed53_20260828_234847_906024.json,results/alice_realchannel_run_seed53_20260828_234848_013812.json,final_key,0.05,4,0.0051948051948051
0.0,0.05,0.0,0.0,54,results/bob_realchannel_run_tp0.0_fk0.05_rp0.0_vd0.0_seed54_20260828_234854_350972.json,385,35,1690,34,34,True,0,False,,4.945766925811768,{},placeholder,True,,12,results/bob_realchannel_run_tp0.0_fk0.05_rp0.0_vd0.0_seed54_20260828_234854_350972.json,results/alice_realchannel_run_seed54_20260828_234854_465334.json,final_key,0.05,4,0.0051948051948051
0.0,0.05,0.0,0.0,55,results/bob_realchannel_run_tp0.0_fk0.05_rp0.0_vd0.0_seed55_20260828_234900_744054.json,385,35,1690,34,34,True,0,False,,4.7486913204193115,{},placeholder,True,,13,results/bob_realchannel_run_tp0.0_fk0.05_rp0.0_vd0.0_seed55_20260828_234900_744054.json,results/alice_realchannel_run_seed55_20260828_234900_835732.json,final_key,0.05,4,0.0051948051948051
0.0,0.05,0.0,0.0,56,results/bob_realchannel_run_tp0.0_fk0.05_rp0.0_vd0.0_seed56_20260828_234906_877929.json,385,35,1690,34,34,True,0,False,,5.1066131591796875,{},placeholder,True,,14,results/bob_realchannel_run_tp0.0_fk0.05_rp0.0_vd0.0_seed56_20260828_234906_877929.json,results/alice_realchannel_run_seed56_20260828_234906_995706.json,final_key,0.05,4,0.0051948051948051
0.0,0.05,0.0,0.0,57,results/bob_realchannel_run_tp0.0_fk0.05_rp0.0_vd0.0_seed57_20260828_234913_372401.json,385,35,1690,34,34,True,0,False,,5.380053520202637,{},placeholder,True,,15,results/bob_realchannel_run_tp0.0_fk0.05_rp0.0_vd0.0_seed57_20260828_234913_372401.json,results/alice_realchannel_run_seed57_20260828_234913_492600.json,final_key,0.05,4,0.0051948051948051
0.0,0.05,0.0,0.0,58,results/bob_realchannel_run_tp0.0_fk0.05_rp0.0_vd0.0_seed58_20260828_234920_176659.json,385,35,1690,34,34,True,0,False,,4.9281134605407715,{},placeholder,True,,16,results/bob_realchannel_run_tp0.0_fk0.05_rp0.0_vd0.0_seed58_20260828_234920_176659.json,results/alice_realchannel_run_seed58_20260828_234920_281853.json,final_key,0.05,4,0.0051948051948051
0.0,0.05,0.0,0.0,59,results/bob_realchannel_run_tp0.0_fk0.05_rp0.0_vd0.0_seed59_20260828_234926_568101.json,385,35,1690,34,34,True,0,False,,4.54463005065918,{},placeholder,True,,17,results/bob_realchannel_run_tp0.0_fk0.05_rp0.0_vd0.0_seed59_20260828_234926_568101.json,results/alice_realchannel_run_seed59_20260828_234926_671892.json,final_key,0.05,4,0.0051948051948051
0.0,0.05,0.0,0.0,60,results/bob_realchannel_run_tp0.0_fk0.05_rp0.0_vd0.0_seed60_20260828_234932_500304.json,385,35,1690,34,34,True,0,False,,4.784240961074829,{},placeholder,True,,18,results/bob_realchannel_run_tp0.0_fk0.05_rp0.0_vd0.0_seed60_20260828_234932_500304.json,results/alice_realchannel_run_seed60_20260828_234932_633526.json,final_key,0.05,4,0.0051948051948051
0.0,0.05,0.0,0.0,61,results/bob_realchannel_run_tp0.0_fk0.05_rp0.0_vd0.0_seed61_20260828_234938_737648.json,385,35,1690,34,34,True,0,False,,4.938839435577393,{},placeholder,True,,19,results/bob_realchannel_run_tp0.0_fk0.05_rp0.0_vd0.0_seed61_20260828_234938_737648.json,results/alice_realchannel_run_seed61_20260828_234938_843118.json,final_key,0.05,4,0.0051948051948051
0.0,0.03,0.0,0.0,42,results/bob_realchannel_run_tp0.0_fk0.03_rp0.0_vd0.0_seed42_20260828_234945_129609.json,385,35,1690,34,34,True,0,False,,4.827033996582031,{},placeholder,True,,0,results/bob_realchannel_run_tp0.0_fk0.03_rp0.0_vd0.0_seed42_20260828_234945_129609.json,results/alice_realchannel_run_seed42_20260828_234945_259104.json,final_key,0.03,4,0.0051948051948051
0.0,0.03,0.0,0.0,43,results/bob_realchannel_run_tp0.0_fk0.03_rp0.0_vd0.0_seed43_20260828_234951_424078.json,385,35,1690,34,34,True,0,False,,4.713077068328857,{},placeholder,True,,1,results/bob_realchannel_run_tp0.0_fk0.03_rp0.0_vd0.0_seed43_20260828_234951_424078.json,results/alice_realchannel_run_seed43_20260828_234951_546028.json,final_key,0.03,4,0.0051948051948051
0.0,0.03,0.0,0.0,44,results/bob_realchannel_run_tp0.0_fk0.03_rp0.0_vd0.0_seed44_20260828_234957_572610.json,385,35,1690,34,34,True,0,False,,5.37216329574585,{},placeholder,True,,2,results/bob_realchannel_run_tp0.0_fk0.03_rp0.0_vd0.0_seed44_20260828_234957_572610.json,results/alice_realchannel_run_seed44_20260828_234957_692134.json,final_key,0.03,4,0.0051948051948051
0.0,0.03,0.0,0.0,45,results/bob_realchannel_run_tp0.0_fk0.03_rp0.0_vd0.0_seed45_20260828_235004_354435.json,385,35,1690,34,34,True,0,False,,2.6661336421966553,{},placeholder,True,,3,results/bob_realchannel_run_tp0.0_fk0.03_rp0.0_vd0.0_seed45_20260828_235004_354435.json,results/alice_realchannel_run_seed45_20260828_235004_509468.json,final_key,0.03,4,0.0051948051948051
0.0,0.03,0.0,0.0,46,results/bob_realchannel_run_tp0.0_fk0.03_rp0.0_vd0.0_seed46_20260828_235008_475087.json,385,35,1690,34,34,True,0,False,,2.7375569343566895,{},placeholder,True,,4,results/bob_realchannel_run_tp0.0_fk0.03_rp0.0_vd0.0_seed46_20260828_235008_475087.json,results/alice_realchannel_run_seed46_20260828_235008_615690.json,final_key,0.03,4,0.0051948051948051
0.0,0.03,0.0,0.0,47,results/bob_realchannel_run_tp0.0_fk0.03_rp0.0_vd0.0_seed47_20260828_235012_678464.json,385,35,1690,34,34,True,0,False,,1.1408851146697998,{},placeholder,True,,5,results/bob_realchannel_run_tp0.0_fk0.03_rp0.0_vd0.0_seed47_20260828_235012_678464.json,results/alice_realchannel_run_seed47_20260828_235012_816333.json,final_key,0.03,4,0.0051948051948051
0.0,0.03,0.0,0.0,48,results/bob_realchannel_run_tp0.0_fk0.03_rp0.0_vd0.0_seed48_20260828_235015_280940.json,385,35,1690,34,34,True,0,False,,2.371626377105713,{},placeholder,True,,6,results/bob_realchannel_run_tp0.0_fk0.03_rp0.0_vd0.0_seed48_20260828_235015_280940.json,results/alice_realchannel_run_seed48_20260828_235015_431178.json,final_key,0.03,4,0.0051948051948051
0.0,0.03,0.0,0.0,49,results/bob_realchannel_run_tp0.0_fk0.03_rp0.0_vd0.0_seed49_20260828_235019_122855.json,385,33,1690,34,34,False,2,False,,2.574556589126587,{},placeholder,False,,7,results/bob_realchannel_run_tp0.0_fk0.03_rp0.0_vd0.0_seed49_20260828_235019_122855.json,results/alice_realchannel_run_seed49_20260828_235019_264549.json,final_key,0.03,4,0.0051948051948051
0.0,0.03,0.0,0.0,50,results/bob_realchannel_run_tp0.0_fk0.03_rp0.0_vd0.0_seed50_20260828_235023_135938.json,385,35,1690,34,34,True,0,False,,2.277118444442749,{},placeholder,True,,8,results/bob_realchannel_run_tp0.0_fk0.03_rp0.0_vd0.0_seed50_20260828_235023_135938.json,results/alice_realchannel_run_seed50_20260828_235023_298399.json,final_key,0.03,4,0.0051948051948051
0.0,0.03,0.0,0.0,51,results/bob_realchannel_run_tp0.0_fk0.03_rp0.0_vd0.0_seed51_20260828_235026_866596.json,385,35,1690,34,34,True,0,False,,4.878378629684448,{},placeholder,True,,9,results/bob_realchannel_run_tp0.0_fk0.03_rp0.0_vd0.0_seed51_20260828_235026_866596.json,results/alice_realchannel_run_seed51_20260828_235026_992724.json,final_key,0.03,4,0.0051948051948051
0.0,0.03,0.0,0.0,52,results/bob_realchannel_run_tp0.0_fk0.03_rp0.0_vd0.0_seed52_20260828_235033_116081.json,385,35,1690,34,34,True,0,False,,3.0567526817321777,{},placeholder,True,,10,results/bob_realchannel_run_tp0.0_fk0.03_rp0.0_vd0.0_seed52_20260828_235033_116081.json,results/alice_realchannel_run_seed52_20260828_235033_278704.json,final_key,0.03,4,0.0051948051948051
0.0,0.03,0.0,0.0,53,results/bob_realchannel_run_tp0.0_fk0.03_rp0.0_vd0.0_seed53_20260828_235037_635151.json,385,35,1690,34,34,True,0,False,,5.058783531188965,{},placeholder,True,,11,results/bob_realchannel_run_tp0.0_fk0.03_rp0.0_vd0.0_seed53_20260828_235037_635151.json,results/alice_realchannel_run_seed53_20260828_235037_736306.json,final_key,0.03,4,0.0051948051948051
0.0,0.03,0.0,0.0,54,results/bob_realchannel_run_tp0.0_fk0.03_rp0.0_vd0.0_seed54_20260828_235044_196492.json,385,35,1690,34,34,True,0,False,,4.030595064163208,{},placeholder,True,,12,results/bob_realchannel_run_tp0.0_fk0.03_rp0.0_vd0.0_seed54_20260828_235044_196492.json,results/alice_realchannel_run_seed54_20260828_235044_290361.json,final_key,0.03,4,0.0051948051948051
0.0,0.03,0.0,0.0,55,results/bob_realchannel_run_tp0.0_fk0.03_rp0.0_vd0.0_seed55_20260828_235049_724280.json,385,35,1690,34,34,True,0,False,,4.789478063583374,{},placeholder,True,,13,results/bob_realchannel_run_tp0.0_fk0.03_rp0.0_vd0.0_seed55_20260828_235049_724280.json,results/alice_realchannel_run_seed55_20260828_235049_849881.json,final_key,0.03,4,0.0051948051948051
0.0,0.03,0.0,0.0,56,results/bob_realchannel_run_tp0.0_fk0.03_rp0.0_vd0.0_seed56_20260828_235056_040391.json,385,35,1690,34,34,True,0,False,,5.096375226974487,{},placeholder,True,,14,results/bob_realchannel_run_tp0.0_fk0.03_rp0.0_vd0.0_seed56_20260828_235056_040391.json,results/alice_realchannel_run_seed56_20260828_235056_147477.json,final_key,0.03,4,0.0051948051948051
0.0,0.03,0.0,0.0,57,results/bob_realchannel_run_tp0.0_fk0.03_rp0.0_vd0.0_seed57_20260828_235102_575040.json,385,35,1690,34,34,True,0,False,,3.4055349826812744,{},placeholder,True,,15,results/bob_realchannel_run_tp0.0_fk0.03_rp0.0_vd0.0_seed57_20260828_235102_575040.json,results/alice_realchannel_run_seed57_20260828_235102_733797.json,final_key,0.03,4,0.0051948051948051
0.0,0.03,0.0,0.0,58,results/bob_realchannel_run_tp0.0_fk0.03_rp0.0_vd0.0_seed58_20260828_235107_440934.json,385,35,1690,34,34,True,0,False,,4.952075242996216,{},placeholder,True,,16,results/bob_realchannel_run_tp0.0_fk0.03_rp0.0_vd0.0_seed58_20260828_235107_440934.json,results/alice_realchannel_run_seed58_20260828_235107_562824.json,final_key,0.03,4,0.0051948051948051
0.0,0.03,0.0,0.0,59,results/bob_realchannel_run_tp0.0_fk0.03_rp0.0_vd0.0_seed59_20260828_235113_858730.json,385,35,1690,34,34,True,0,False,,3.038447618484497,{},placeholder,True,,17,results/bob_realchannel_run_tp0.0_fk0.03_rp0.0_vd0.0_seed59_20260828_235113_858730.json,results/alice_realchannel_run_seed59_20260828_235114_014940.json,final_key,0.03,4,0.0051948051948051
0.0,0.03,0.0,0.0,60,results/bob_realchannel_run_tp0.0_fk0.03_rp0.0_vd0.0_seed60_20260828_235118_389725.json,385,35,1690,34,34,True,0,False,,4.771847486495972,{},placeholder,True,,18,results/bob_realchannel_run_tp0.0_fk0.03_rp0.0_vd0.0_seed60_20260828_235118_389725.json,results/alice_realchannel_run_seed60_20260828_235118_505047.json,final_key,0.03,4,0.0051948051948051
0.0,0.03,0.0,0.0,61,results/bob_realchannel_run_tp0.0_fk0.03_rp0.0_vd0.0_seed61_20260828_235124_616277.json,385,35,1690,34,34,True,0,False,,2.9968457221984863,{},placeholder,True,,19,results/bob_realchannel_run_tp0.0_fk0.03_rp0.0_vd0.0_seed61_20260828_235124_616277.json,results/alice_realchannel_run_seed61_20260828_235124_777560.json,final_key,0.03,4,0.0051948051948051
0.0,0.01,0.0,0.0,42,results/bob_realchannel_run_tp0.0_fk0.01_rp0.0_vd0.0_seed42_20260828_235129_070856.json,385,35,1690,34,34,True,0,False,,4.826859712600708,{},placeholder,True,,0,results/bob_realchannel_run_tp0.0_fk0.01_rp0.0_vd0.0_seed42_20260828_235129_070856.json,results/alice_realchannel_run_seed42_20260828_235129_196152.json,final_key,0.01,4,0.0051948051948051
0.0,0.01,0.0,0.0,43,results/bob_realchannel_run_tp0.0_fk0.01_rp0.0_vd0.0_seed43_20260828_235135_426559.json,385,35,1690,34,34,True,0,False,,4.714637279510498,{},placeholder,True,,1,results/bob_realchannel_run_tp0.0_fk0.01_rp0.0_vd0.0_seed43_20260828_235135_426559.json,results/alice_realchannel_run_seed43_20260828_235135_552671.json,final_key,0.01,4,0.0051948051948051
0.0,0.01,0.0,0.0,44,results/bob_realchannel_run_tp0.0_fk0.01_rp0.0_vd0.0_seed44_20260828_235141_658738.json,385,35,1690,34,34,True,0,False,,5.349998474121094,{},placeholder,True,,2,results/bob_realchannel_run_tp0.0_fk0.01_rp0.0_vd0.0_seed44_20260828_235141_658738.json,results/alice_realchannel_run_seed44_20260828_235141_761476.json,final_key,0.01,4,0.0051948051948051
0.0,0.01,0.0,0.0,45,results/bob_realchannel_run_tp0.0_fk0.01_rp0.0_vd0.0_seed45_20260828_235148_451861.json,385,35,1690,34,34,True,0,False,,3.487313747406006,{},placeholder,True,,3,results/bob_realchannel_run_tp0.0_fk0.01_rp0.0_vd0.0_seed45_20260828_235148_451861.json,results/alice_realchannel_run_seed45_20260828_235148_573834.json,final_key,0.01,4,0.0051948051948051
0.0,0.01,0.0,0.0,46,results/bob_realchannel_run_tp0.0_fk0.01_rp0.0_vd0.0_seed46_20260828_235153_383097.json,385,35,1690,34,34,True,0,False,,2.7342231273651123,{},placeholder,True,,4,results/bob_realchannel_run_tp0.0_fk0.01_rp0.0_vd0.0_seed46_20260828_235153_383097.json,results/alice_realchannel_run_seed46_20260828_235153_525417.json,final_key,0.01,4,0.0051948051948051
0.0,0.01,0.0,0.0,47,results/bob_realchannel_run_tp0.0_fk0.01_rp0.0_vd0.0_seed47_20260828_235157_510126.json,385,35,1690,34,34,True,0,False,,4.494892597198486,{},placeholder,True,,5,results/bob_realchannel_run_tp0.0_fk0.01_rp0.0_vd0.0_seed47_20260828_235157_510126.json,results/alice_realchannel_run_seed47_20260828_235157_627150.json,final_key,0.01,4,0.0051948051948051
0.0,0.01,0.0,0.0,48,results/bob_realchannel_run_tp0.0_fk0.01_rp0.0_vd0.0_seed48_20260828_235203_395610.json,385,35,1690,34,34,True,0,False,,3.288928747177124,{},placeholder,True,,6,results/bob_realchannel_run_tp0.0_fk0.01_rp0.0_vd0.0_seed48_20260828_235203_395610.json,results/alice_realchannel_run_seed48_20260828_235203_555514.json,final_key,0.01,4,0.0051948051948051
0.0,0.01,0.0,0.0,49,results/bob_realchannel_run_tp0.0_fk0.01_rp0.0_vd0.0_seed49_20260828_235208_167478.json,385,33,1690,34,34,False,2,False,,4.585369110107422,{},placeholder,False,,7,results/bob_realchannel_run_tp0.0_fk0.01_rp0.0_vd0.0_seed49_20260828_235208_167478.json,results/alice_realchannel_run_seed49_20260828_235208_301748.json,final_key,0.01,4,0.0051948051948051
0.0,0.01,0.0,0.0,50,results/bob_realchannel_run_tp0.0_fk0.01_rp0.0_vd0.0_seed50_20260828_235214_241251.json,385,35,1690,34,34,True,0,False,,3.1797468662261963,{},placeholder,True,,8,results/bob_realchannel_run_tp0.0_fk0.01_rp0.0_vd0.0_seed50_20260828_235214_241251.json,results/alice_realchannel_run_seed50_20260828_235214_406647.json,final_key,0.01,4,0.0051948051948051
0.0,0.01,0.0,0.0,51,results/bob_realchannel_run_tp0.0_fk0.01_rp0.0_vd0.0_seed51_20260828_235218_922516.json,385,35,1690,34,34,True,0,False,,2.890535831451416,{},placeholder,True,,9,results/bob_realchannel_run_tp0.0_fk0.01_rp0.0_vd0.0_seed51_20260828_235218_922516.json,results/alice_realchannel_run_seed51_20260828_235219_075975.json,final_key,0.01,4,0.0051948051948051
0.0,0.01,0.0,0.0,52,results/bob_realchannel_run_tp0.0_fk0.01_rp0.0_vd0.0_seed52_20260828_235223_290986.json,385,35,1690,34,34,True,0,False,,2.6120879650115967,{},placeholder,True,,10,results/bob_realchannel_run_tp0.0_fk0.01_rp0.0_vd0.0_seed52_20260828_235223_290986.json,results/alice_realchannel_run_seed52_20260828_235223_454574.json,final_key,0.01,4,0.0051948051948051
0.0,0.01,0.0,0.0,53,results/bob_realchannel_run_tp0.0_fk0.01_rp0.0_vd0.0_seed53_20260828_235227_394978.json,385,35,1690,34,34,True,0,False,,3.0897178649902344,{},placeholder,True,,11,results/bob_realchannel_run_tp0.0_fk0.01_rp0.0_vd0.0_seed53_20260828_235227_394978.json,results/alice_realchannel_run_seed53_20260828_235227_557741.json,final_key,0.01,4,0.0051948051948051
0.0,0.01,0.0,0.0,54,results/bob_realchannel_run_tp0.0_fk0.01_rp0.0_vd0.0_seed54_20260828_235231_961554.json,385,35,1690,34,34,True,0,False,,4.954962253570557,{},placeholder,True,,12,results/bob_realchannel_run_tp0.0_fk0.01_rp0.0_vd0.0_seed54_20260828_235231_961554.json,results/alice_realchannel_run_seed54_20260828_235232_075345.json,final_key,0.01,4,0.0051948051948051
0.0,0.01,0.0,0.0,55,results/bob_realchannel_run_tp0.0_fk0.01_rp0.0_vd0.0_seed55_20260828_235238_424662.json,385,35,1690,34,34,True,0,False,,2.8244879245758057,{},placeholder,True,,13,results/bob_realchannel_run_tp0.0_fk0.01_rp0.0_vd0.0_seed55_20260828_235238_424662.json,results/alice_realchannel_run_seed55_20260828_235238_602252.json,final_key,0.01,4,0.0051948051948051
0.0,0.01,0.0,0.0,56,results/bob_realchannel_run_tp0.0_fk0.01_rp0.0_vd0.0_seed56_20260828_235242_762950.json,385,35,1690,34,34,True,0,False,,5.082081079483032,{},placeholder,True,,14,results/bob_realchannel_run_tp0.0_fk0.01_rp0.0_vd0.0_seed56_20260828_235242_762950.json,results/alice_realchannel_run_seed56_20260828_235242_859565.json,final_key,0.01,4,0.0051948051948051
0.0,0.01,0.0,0.0,57,results/bob_realchannel_run_tp0.0_fk0.01_rp0.0_vd0.0_seed57_20260828_235249_249763.json,385,35,1690,34,34,True,0,False,,3.4277760982513428,{},placeholder,True,,15,results/bob_realchannel_run_tp0.0_fk0.01_rp0.0_vd0.0_seed57_20260828_235249_249763.json,results/alice_realchannel_run_seed57_20260828_235249_428971.json,final_key,0.01,4,0.0051948051948051
0.0,0.01,0.0,0.0,58,results/bob_realchannel_run_tp0.0_fk0.01_rp0.0_vd0.0_seed58_20260828_235254_155038.json,385,35,1690,34,34,True,0,False,,2.958270788192749,{},placeholder,True,,16,results/bob_realchannel_run_tp0.0_fk0.01_rp0.0_vd0.0_seed58_20260828_235254_155038.json,results/alice_realchannel_run_seed58_20260828_235254_300387.json,final_key,0.01,4,0.0051948051948051
0.0,0.01,0.0,0.0,59,results/bob_realchannel_run_tp0.0_fk0.01_rp0.0_vd0.0_seed59_20260828_235258_529173.json,385,35,1690,34,34,True,0,False,,3.0320301055908203,{},placeholder,True,,17,results/bob_realchannel_run_tp0.0_fk0.01_rp0.0_vd0.0_seed59_20260828_235258_529173.json,results/alice_realchannel_run_seed59_20260828_235258_677474.json,final_key,0.01,4,0.0051948051948051
0.0,0.01,0.0,0.0,60,results/bob_realchannel_run_tp0.0_fk0.01_rp0.0_vd0.0_seed60_20260828_235303_003927.json,385,35,1690,34,34,True,0,False,,2.7723374366760254,{},placeholder,True,,18,results/bob_realchannel_run_tp0.0_fk0.01_rp0.0_vd0.0_seed60_20260828_235303_003927.json,results/alice_realchannel_run_seed60_20260828_235303_143067.json,final_key,0.01,4,0.0051948051948051
0.0,0.01,0.0,0.0,61,results/bob_realchannel_run_tp0.0_fk0.01_rp0.0_vd0.0_seed61_20260828_235307_189823.json,385,35,1690,34,34,True,0,False,,2.5430049896240234,{},placeholder,True,,19,results/bob_realchannel_run_tp0.0_fk0.01_rp0.0_vd0.0_seed61_20260828_235307_189823.json,results/alice_realchannel_run_seed61_20260828_235307_355533.json,final_key,0.01,4,0.0051948051948051
0.0,0.003,0.0,0.0,42,results/bob_realchannel_run_tp0.0_fk0.003_rp0.0_vd0.0_seed42_20260828_235311_131824.json,385,35,1690,34,34,True,0,False,,2.8450965881347656,{},placeholder,True,,0,results/bob_realchannel_run_tp0.0_fk0.003_rp0.0_vd0.0_seed42_20260828_235311_131824.json,results/alice_realchannel_run_seed42_20260828_235311_290763.json,final_key,0.003,4,0.0051948051948051
0.0,0.003,0.0,0.0,43,results/bob_realchannel_run_tp0.0_fk0.003_rp0.0_vd0.0_seed43_20260828_235315_456838.json,385,35,1690,34,34,True,0,False,,2.7197556495666504,{},placeholder,True,,1,results/bob_realchannel_run_tp0.0_fk0.003_rp0.0_vd0.0_seed43_20260828_235315_456838.json,results/alice_realchannel_run_seed43_20260828_235315_606437.json,final_key,0.003,4,0.0051948051948051
0.0,0.003,0.0,0.0,44,results/bob_realchannel_run_tp0.0_fk0.003_rp0.0_vd0.0_seed44_20260828_235319_655380.json,385,35,1690,34,34,True,0,False,,4.938056945800781,{},placeholder,True,,2,results/bob_realchannel_run_tp0.0_fk0.003_rp0.0_vd0.0_seed44_20260828_235319_655380.json,results/alice_realchannel_run_seed44_20260828_235319_787176.json,final_key,0.003,4,0.0051948051948051
0.0,0.003,0.0,0.0,45,results/bob_realchannel_run_tp0.0_fk0.003_rp0.0_vd0.0_seed45_20260828_235325_999882.json,385,35,1690,34,34,True,0,False,,2.2205801010131836,{},placeholder,True,,3,results/bob_realchannel_run_tp0.0_fk0.003_rp0.0_vd0.0_seed45_20260828_235325_999882.json,results/alice_realchannel_run_seed45_20260828_235326_153840.json,final_key,0.003,4,0.0051948051948051
0.0,0.003,0.0,0.0,46,results/bob_realchannel_run_tp0.0_fk0.003_rp0.0_vd0.0_seed46_20260828_235329_624279.json,385,35,1690,34,34,True,0,False,,4.736549377441406,{},placeholder,True,,4,results/bob_realchannel_run_tp0.0_fk0.003_rp0.0_vd0.0_seed46_20260828_235329_624279.json,results/alice_realchannel_run_seed46_20260828_235329_753771.json,final_key,0.003,4,0.0051948051948051
0.0,0.003,0.0,0.0,47,results/bob_realchannel_run_tp0.0_fk0.003_rp0.0_vd0.0_seed47_20260828_235335_768354.json,385,35,1690,34,34,True,0,False,,4.500138759613037,{},placeholder,True,,5,results/bob_realchannel_run_tp0.0_fk0.003_rp0.0_vd0.0_seed47_20260828_235335_768354.json,results/alice_realchannel_run_seed47_20260828_235335_892567.json,final_key,0.003,4,0.0051948051948051
0.0,0.003,0.0,0.0,48,results/bob_realchannel_run_tp0.0_fk0.003_rp0.0_vd0.0_seed48_20260828_235341_669567.json,385,35,1690,34,34,True,0,False,,4.371170997619629,{},placeholder,True,,6,results/bob_realchannel_run_tp0.0_fk0.003_rp0.0_vd0.0_seed48_20260828_235341_669567.json,results/alice_realchannel_run_seed48_20260828_235341_789213.json,final_key,0.003,4,0.0051948051948051
0.0,0.003,0.0,0.0,49,results/bob_realchannel_run_tp0.0_fk0.003_rp0.0_vd0.0_seed49_20260828_235347_427164.json,385,33,1690,34,34,False,2,False,,2.593745708465576,{},placeholder,False,,7,results/bob_realchannel_run_tp0.0_fk0.003_rp0.0_vd0.0_seed49_20260828_235347_427164.json,results/alice_realchannel_run_seed49_20260828_235347_589866.json,final_key,0.003,4,0.0051948051948051
0.0,0.003,0.0,0.0,50,results/bob_realchannel_run_tp0.0_fk0.003_rp0.0_vd0.0_seed50_20260828_235351_502544.json,385,35,1690,34,34,True,0,False,,2.0070436000823975,{},placeholder,True,,8,results/bob_realchannel_run_tp0.0_fk0.003_rp0.0_vd0.0_seed50_20260828_235351_502544.json,results/alice_realchannel_run_seed50_20260828_235351_656718.json,final_key,0.003,4,0.0051948051948051
0.0,0.003,0.0,0.0,51,results/bob_realchannel_run_tp0.0_fk0.003_rp0.0_vd0.0_seed51_20260828_235354_992321.json,385,35,1690,34,34,True,0,False,,2.8844592571258545,{},placeholder,True,,9,results/bob_realchannel_run_tp0.0_fk0.003_rp0.0_vd0.0_seed51_20260828_235354_992321.json,results/alice_realchannel_run_seed51_20260828_235355_141282.json,final_key,0.003,4,0.0051948051948051
0.0,0.003,0.0,0.0,52,results/bob_realchannel_run_tp0.0_fk0.003_rp0.0_vd0.0_seed52_20260828_235359_326101.json,385,35,1690,34,34,True,0,False,,1.7213459014892578,{},placeholder,True,,10,results/bob_realchannel_run_tp0.0_fk0.003_rp0.0_vd0.0_seed52_20260828_235359_326101.json,results/alice_realchannel_run_seed52_20260828_235359_499872.json,final_key,0.003,4,0.0051948051948051
0.0,0.003,0.0,0.0,53,results/bob_realchannel_run_tp0.0_fk0.003_rp0.0_vd0.0_seed53_20260828_235402_708103.json,385,35,1690,34,34,True,0,False,,4.972641229629517,{},placeholder,True,,11,results/bob_realchannel_run_tp0.0_fk0.003_rp0.0_vd0.0_seed53_20260828_235402_708103.json,results/alice_realchannel_run_seed53_20260828_235402_731003.json,final_key,0.003,4,0.0051948051948051
0.0,0.003,0.0,0.0,54,results/bob_realchannel_run_tp0.0_fk0.003_rp0.0_vd0.0_seed54_20260828_235409_193287.json,385,35,1690,34,34,True,0,False,,4.927840232849121,{},placeholder,True,,12,results/bob_realchannel_run_tp0.0_fk0.003_rp0.0_vd0.0_seed54_20260828_235409_193287.json,results/alice_realchannel_run_seed54_20260828_235409_277556.json,final_key,0.003,4,0.0051948051948051
0.0,0.003,0.0,0.0,55,results/bob_realchannel_run_tp0.0_fk0.003_rp0.0_vd0.0_seed55_20260828_235415_611245.json,385,35,1690,34,34,True,0,False,,2.7936692237854004,{},placeholder,True,,13,results/bob_realchannel_run_tp0.0_fk0.003_rp0.0_vd0.0_seed55_20260828_235415_611245.json,results/alice_realchannel_run_seed55_20260828_235415_758466.json,final_key,0.003,4,0.0051948051948051
0.0,0.003,0.0,0.0,56,results/bob_realchannel_run_tp0.0_fk0.003_rp0.0_vd0.0_seed56_20260828_235419_866640.json,385,35,1690,34,34,True,0,False,,3.1305878162384033,{},placeholder,True,,14,results/bob_realchannel_run_tp0.0_fk0.003_rp0.0_vd0.0_seed56_20260828_235419_866640.json,results/alice_realchannel_run_seed56_20260828_235420_019764.json,final_key,0.003,4,0.0051948051948051
0.0,0.003,0.0,0.0,57,results/bob_realchannel_run_tp0.0_fk0.003_rp0.0_vd0.0_seed57_20260828_235424_480802.json,385,35,1690,34,34,True,0,False,,3.404022216796875,{},placeholder,True,,15,results/bob_realchannel_run_tp0.0_fk0.003_rp0.0_vd0.0_seed57_20260828_235424_480802.json,results/alice_realchannel_run_seed57_20260828_235424_634883.json,final_key,0.003,4,0.0051948051948051
0.0,0.003,0.0,0.0,58,results/bob_realchannel_run_tp0.0_fk0.003_rp0.0_vd0.0_seed58_20260828_235429_359264.json,385,35,1690,34,34,True,0,False,,2.961416006088257,{},placeholder,True,,16,results/bob_realchannel_run_tp0.0_fk0.003_rp0.0_vd0.0_seed58_20260828_235429_359264.json,results/alice_realchannel_run_seed58_20260828_235429_512379.json,final_key,0.003,4,0.0051948051948051
0.0,0.003,0.0,0.0,59,results/bob_realchannel_run_tp0.0_fk0.003_rp0.0_vd0.0_seed59_20260828_235433_803561.json,385,35,1690,34,34,True,0,False,,3.037883996963501,{},placeholder,True,,17,results/bob_realchannel_run_tp0.0_fk0.003_rp0.0_vd0.0_seed59_20260828_235433_803561.json,results/alice_realchannel_run_seed59_20260828_235433_960024.json,final_key,0.003,4,0.0051948051948051
0.0,0.003,0.0,0.0,60,results/bob_realchannel_run_tp0.0_fk0.003_rp0.0_vd0.0_seed60_20260828_235438_308589.json,385,35,1690,34,34,True,0,False,,2.784440040588379,{},placeholder,True,,18,results/bob_realchannel_run_tp0.0_fk0.003_rp0.0_vd0.0_seed60_20260828_235438_308589.json,results/alice_realchannel_run_seed60_20260828_235438_456279.json,final_key,0.003,4,0.0051948051948051
0.0,0.003,0.0,0.0,61,results/bob_realchannel_run_tp0.0_fk0.003_rp0.0_vd0.0_seed61_20260828_235442_588364.json,385,35,1690,34,34,True,0,False,,4.951977014541626,{},placeholder,True,,19,results/bob_realchannel_run_tp0.0_fk0.003_rp0.0_vd0.0_seed61_20260828_235442_588364.json,results/alice_realchannel_run_seed61_20260828_235442_706510.json,final_key,0.003,4,0.0051948051948051
0.0,0.001,0.0,0.0,42,results/bob_realchannel_run_tp0.0_fk0.001_rp0.0_vd0.0_seed42_20260828_235448_996883.json,385,35,1690,34,34,True,0,False,,4.827697038650513,{},placeholder,True,,0,results/bob_realchannel_run_tp0.0_fk0.001_rp0.0_vd0.0_seed42_20260828_235448_996883.json,results/alice_realchannel_run_seed42_20260828_235449_127171.json,final_key,0.001,4,0.0051948051948051
0.0,0.001,0.0,0.0,43,results/bob_realchannel_run_tp0.0_fk0.001_rp0.0_vd0.0_seed43_20260828_235455_329500.json,385,35,1690,34,34,True,0,False,,2.7312893867492676,{},placeholder,True,,1,results/bob_realchannel_run_tp0.0_fk0.001_rp0.0_vd0.0_seed43_20260828_235455_329500.json,results/alice_realchannel_run_seed43_20260828_235455_489255.json,final_key,0.001,4,0.0051948051948051
0.0,0.001,0.0,0.0,44,results/bob_realchannel_run_tp0.0_fk0.001_rp0.0_vd0.0_seed44_20260828_235459_529883.json,385,35,1690,34,34,True,0,False,,3.4067041873931885,{},placeholder,True,,2,results/bob_realchannel_run_tp0.0_fk0.001_rp0.0_vd0.0_seed44_20260828_235459_529883.json,results/alice_realchannel_run_seed44_20260828_235459_702484.json,final_key,0.001,4,0.0051948051948051
0.0,0.001,0.0,0.0,45,results/bob_realchannel_run_tp0.0_fk0.001_rp0.0_vd0.0_seed45_20260828_235504_537475.json,385,35,1690,34,34,True,0,False,,4.5834667682647705,{},placeholder,True,,3,results/bob_realchannel_run_tp0.0_fk0.001_rp0.0_vd0.0_seed45_20260828_235504_537475.json,results/alice_realchannel_run_seed45_20260828_235504_597560.json,final_key,0.001,4,0.0051948051948051
0.0,0.001,0.0,0.0,46,results/bob_realchannel_run_tp0.0_fk0.001_rp0.0_vd0.0_seed46_20260828_235510_569553.json,385,35,1690,34,34,True,0,False,,2.7793290615081787,{},placeholder,True,,4,results/bob_realchannel_run_tp0.0_fk0.001_rp0.0_vd0.0_seed46_20260828_235510_569553.json,results/alice_realchannel_run_seed46_20260828_235510_756335.json,final_key,0.001,4,0.0051948051948051
0.0,0.001,0.0,0.0,47,results/bob_realchannel_run_tp0.0_fk0.001_rp0.0_vd0.0_seed47_20260828_235514_844060.json,385,35,1690,34,34,True,0,False,,2.496878147125244,{},placeholder,True,,5,results/bob_realchannel_run_tp0.0_fk0.001_rp0.0_vd0.0_seed47_20260828_235514_844060.json,results/alice_realchannel_run_seed47_20260828_235514_989500.json,final_key,0.001,4,0.0051948051948051
0.0,0.001,0.0,0.0,48,results/bob_realchannel_run_tp0.0_fk0.001_rp0.0_vd0.0_seed48_20260828_235518_816194.json,385,35,1690,34,34,True,0,False,,3.2609634399414062,{},placeholder,True,,6,results/bob_realchannel_run_tp0.0_fk0.001_rp0.0_vd0.0_seed48_20260828_235518_816194.json,results/alice_realchannel_run_seed48_20260828_235518_953906.json,final_key,0.001,4,0.0051948051948051
0.0,0.001,0.0,0.0,49,results/bob_realchannel_run_tp0.0_fk0.001_rp0.0_vd0.0_seed49_20260828_235523_547602.json,385,33,1690,34,34,False,2,False,,2.565800666809082,{},placeholder,False,,7,results/bob_realchannel_run_tp0.0_fk0.001_rp0.0_vd0.0_seed49_20260828_235523_547602.json,results/alice_realchannel_run_seed49_20260828_235523_685660.json,final_key,0.001,4,0.0051948051948051
0.0,0.001,0.0,0.0,50,results/bob_realchannel_run_tp0.0_fk0.001_rp0.0_vd0.0_seed50_20260828_235527_550474.json,385,35,1690,34,34,True,0,False,,3.1753599643707275,{},placeholder,True,,8,results/bob_realchannel_run_tp0.0_fk0.001_rp0.0_vd0.0_seed50_20260828_235527_550474.json,results/alice_realchannel_run_seed50_20260828_235527_710739.json,final_key,0.001,4,0.0051948051948051
0.0,0.001,0.0,0.0,51,results/bob_realchannel_run_tp0.0_fk0.001_rp0.0_vd0.0_seed51_20260828_235532_179426.json,385,35,1690,34,34,True,0,False,,2.877225637435913,{},placeholder,True,,9,results/bob_realchannel_run_tp0.0_fk0.001_rp0.0_vd0.0_seed51_20260828_235532_179426.json,results/alice_realchannel_run_seed51_20260828_235532_324048.json,final_key,0.001,4,0.0051948051948051
0.0,0.001,0.0,0.0,52,results/bob_realchannel_run_tp0.0_fk0.001_rp0.0_vd0.0_seed52_20260828_235536_507816.json,385,35,1690,34,34,True,0,False,,3.045027017593384,{},placeholder,True,,10,results/bob_realchannel_run_tp0.0_fk0.001_rp0.0_vd0.0_seed52_20260828_235536_507816.json,results/alice_realchannel_run_seed52_20260828_235536_656183.json,final_key,0.001,4,0.0051948051948051
0.0,0.001,0.0,0.0,53,results/bob_realchannel_run_tp0.0_fk0.001_rp0.0_vd0.0_seed53_20260828_235541_150386.json,385,35,1690,34,34,True,0,False,,4.930942058563232,{},placeholder,True,,11,results/bob_realchannel_run_tp0.0_fk0.001_rp0.0_vd0.0_seed53_20260828_235541_150386.json,results/alice_realchannel_run_seed53_20260828_235541_137557.json,final_key,0.001,4,0.0051948051948051
0.0,0.001,0.0,0.0,54,results/bob_realchannel_run_tp0.0_fk0.001_rp0.0_vd0.0_seed54_20260828_235547_650664.json,385,35,1690,34,34,True,0,False,,4.873930215835571,{},placeholder,True,,12,results/bob_realchannel_run_tp0.0_fk0.001_rp0.0_vd0.0_seed54_20260828_235547_650664.json,results/alice_realchannel_run_seed54_20260828_235547_686499.json,final_key,0.001,4,0.0051948051948051
0.0,0.001,0.0,0.0,55,results/bob_realchannel_run_tp0.0_fk0.001_rp0.0_vd0.0_seed55_20260828_235553_932044.json,385,35,1690,34,34,True,0,False,,2.7926111221313477,{},placeholder,True,,13,results/bob_realchannel_run_tp0.0_fk0.001_rp0.0_vd0.0_seed55_20260828_235553_932044.json,results/alice_realchannel_run_seed55_20260828_235554_078651.json,final_key,0.001,4,0.0051948051948051
0.0,0.001,0.0,0.0,56,results/bob_realchannel_run_tp0.0_fk0.001_rp0.0_vd0.0_seed56_20260828_235558_132546.json,385,35,1690,34,34,True,0,False,,5.120250225067139,{},placeholder,True,,14,results/bob_realchannel_run_tp0.0_fk0.001_rp0.0_vd0.0_seed56_20260828_235558_132546.json,results/alice_realchannel_run_seed56_20260828_235558_267577.json,final_key,0.001,4,0.0051948051948051
0.0,0.001,0.0,0.0,57,results/bob_realchannel_run_tp0.0_fk0.001_rp0.0_vd0.0_seed57_20260828_235604_691613.json,385,35,1690,34,34,True,0,False,,3.3809242248535156,{},placeholder,True,,15,results/bob_realchannel_run_tp0.0_fk0.001_rp0.0_vd0.0_seed57_20260828_235604_691613.json,results/alice_realchannel_run_seed57_20260828_235604_833388.json,final_key,0.001,4,0.0051948051948051
0.0,0.001,0.0,0.0,58,results/bob_realchannel_run_tp0.0_fk0.001_rp0.0_vd0.0_seed58_20260828_235609_484627.json,385,35,1690,34,34,True,0,False,,2.972137212753296,{},placeholder,True,,16,results/bob_realchannel_run_tp0.0_fk0.001_rp0.0_vd0.0_seed58_20260828_235609_484627.json,results/alice_realchannel_run_seed58_20260828_235609_637388.json,final_key,0.001,4,0.0051948051948051
0.0,0.001,0.0,0.0,59,results/bob_realchannel_run_tp0.0_fk0.001_rp0.0_vd0.0_seed59_20260828_235613_905673.json,385,35,1690,34,34,True,0,False,,3.187276840209961,{},placeholder,True,,17,results/bob_realchannel_run_tp0.0_fk0.001_rp0.0_vd0.0_seed59_20260828_235613_905673.json,results/alice_realchannel_run_seed59_20260828_235614_210627.json,final_key,0.001,4,0.0051948051948051
0.0,0.001,0.0,0.0,60,results/bob_realchannel_run_tp0.0_fk0.001_rp0.0_vd0.0_seed60_20260828_235618_792660.json,385,35,1690,34,34,True,0,False,,4.7601845264434814,{},placeholder,True,,18,results/bob_realchannel_run_tp0.0_fk0.001_rp0.0_vd0.0_seed60_20260828_235618_792660.json,results/alice_realchannel_run_seed60_20260828_235618_903284.json,final_key,0.001,4,0.0051948051948051
0.0,0.001,0.0,0.0,61,results/bob_realchannel_run_tp0.0_fk0.001_rp0.0_vd0.0_seed61_20260828_235625_023250.json,385,35,1690,34,34,True,0,False,,3.105375051498413,{},placeholder,True,,19,results/bob_realchannel_run_tp0.0_fk0.001_rp0.0_vd0.0_seed61_20260828_235625_023250.json,results/alice_realchannel_run_seed61_20260828_235625_308541.json,final_key,0.001,4,0.0051948051948051
0.0,0.5,0.0,0.0,42,results/bob_realchannel_run_tp0.0_fk0.5_rp0.0_vd0.0_seed42_20260828_235629_751864.json,385,35,3131,34,34,True,0,False,,2.8576548099517822,{},asymptotic,True,,0,results/bob_realchannel_run_tp0.0_fk0.5_rp0.0_vd0.0_seed42_20260828_235629_751864.json,results/alice_realchannel_run_seed42_20260828_235629_902334.json,final_key,0.5,4,0.0051948051948051
0.0,0.5,0.0,0.0,43,results/bob_realchannel_run_tp0.0_fk0.5_rp0.0_vd0.0_seed43_20260828_235634_088671.json,385,35,3131,34,34,True,0,False,,2.747853994369507,{'final_key': 1},asymptotic,False,,1,results/bob_realchannel_run_tp0.0_fk0.5_rp0.0_vd0.0_seed43_20260828_235634_088671.json,results/alice_realchannel_run_seed43_20260828_235634_239866.json,final_key,0.5,4,0.0051948051948051
0.0,0.5,0.0,0.0,44,results/bob_realchannel_run_tp0.0_fk0.5_rp0.0_vd0.0_seed44_20260828_235638_330933.json,385,35,3131,34,34,True,0,False,,5.397914886474609,{'final_key': 1},asymptotic,False,,2,results/bob_realchannel_run_tp0.0_fk0.5_rp0.0_vd0.0_seed44_20260828_235638_330933.json,results/alice_realchannel_run_seed44_20260828_235638_461016.json,final_key,0.5,4,0.0051948051948051
0.0,0.5,0.0,0.0,45,results/bob_realchannel_run_tp0.0_fk0.5_rp0.0_vd0.0_seed45_20260828_235645_142168.json,385,35,3131,34,34,True,0,False,,2.70723819732666,{},asymptotic,True,,3,results/bob_realchannel_run_tp0.0_fk0.5_rp0.0_vd0.0_seed45_20260828_235645_142168.json,results/alice_realchannel_run_seed45_20260828_235645_308115.json,final_key,0.5,4,0.0051948051948051
0.0,0.5,0.0,0.0,46,results/bob_realchannel_run_tp0.0_fk0.5_rp0.0_vd0.0_seed46_20260828_235649_335344.json,385,35,3131,34,34,True,0,False,,2.8051156997680664,{},asymptotic,True,,4,results/bob_realchannel_run_tp0.0_fk0.5_rp0.0_vd0.0_seed46_20260828_235649_335344.json,results/alice_realchannel_run_seed46_20260828_235649_522855.json,final_key,0.5,4,0.0051948051948051
0.0,0.5,0.0,0.0,47,results/bob_realchannel_run_tp0.0_fk0.5_rp0.0_vd0.0_seed47_20260828_235653_606293.json,385,35,3131,34,34,True,0,False,,2.5343286991119385,{},asymptotic,True,,5,results/bob_realchannel_run_tp0.0_fk0.5_rp0.0_vd0.0_seed47_20260828_235653_606293.json,results/alice_realchannel_run_seed47_20260828_235653_758622.json,final_key,0.5,4,0.0051948051948051
0.0,0.5,0.0,0.0,48,results/bob_realchannel_run_tp0.0_fk0.5_rp0.0_vd0.0_seed48_20260828_235657_619268.json,385,35,3131,34,34,True,0,False,,3.309424638748169,{'final_key': 1},asymptotic,False,,6,results/bob_realchannel_run_tp0.0_fk0.5_rp0.0_vd0.0_seed48_20260828_235657_619268.json,results/alice_realchannel_run_seed48_20260828_235657_779118.json,final_key,0.5,4,0.0051948051948051
0.0,0.5,0.0,0.0,49,results/bob_realchannel_run_tp0.0_fk0.5_rp0.0_vd0.0_seed49_20260828_235702_403177.json,385,33,3131,34,34,False,2,False,,2.6138358116149902,{},asymptotic,False,,7,results/bob_realchannel_run_tp0.0_fk0.5_rp0.0_vd0.0_seed49_20260828_235702_403177.json,results/alice_realchannel_run_seed49_20260828_235702_559205.json,final_key,0.5,4,0.0051948051948051
0.0,0.5,0.0,0.0,50,results/bob_realchannel_run_tp0.0_fk0.5_rp0.0_vd0.0_seed50_20260828_235706_484767.json,385,35,3131,34,34,True,0,False,,3.1756484508514404,{},asymptotic,True,,8,results/bob_realchannel_run_tp0.0_fk0.5_rp0.0_vd0.0_seed50_20260828_235706_484767.json,results/alice_realchannel_run_seed50_20260828_235706_624666.json,final_key,0.5,4,0.0051948051948051
0.0,0.5,0.0,0.0,51,results/bob_realchannel_run_tp0.0_fk0.5_rp0.0_vd0.0_seed51_20260828_235711_132833.json,385,35,3131,34,34,True,0,False,,2.912672281265259,{},asymptotic,True,,9,results/bob_realchannel_run_tp0.0_fk0.5_rp0.0_vd0.0_seed51_20260828_235711_132833.json,results/alice_realchannel_run_seed51_20260828_235711_283584.json,final_key,0.5,4,0.0051948051948051
0.0,0.5,0.0,0.0,52,results/bob_realchannel_run_tp0.0_fk0.5_rp0.0_vd0.0_seed52_20260828_235715_522278.json,385,35,3131,34,34,True,0,False,,5.042849779129028,{'final_key': 1},asymptotic,False,,10,results/bob_realchannel_run_tp0.0_fk0.5_rp0.0_vd0.0_seed52_20260828_235715_522278.json,results/alice_realchannel_run_seed52_20260828_235715_622613.json,final_key,0.5,4,0.0051948051948051
0.0,0.5,0.0,0.0,53,results/bob_realchannel_run_tp0.0_fk0.5_rp0.0_vd0.0_seed53_20260828_235722_049605.json,385,35,3131,34,34,True,0,False,,3.1151845455169678,{'final_key': 1},asymptotic,False,,11,results/bob_realchannel_run_tp0.0_fk0.5_rp0.0_vd0.0_seed53_20260828_235722_049605.json,results/alice_realchannel_run_seed53_20260828_235722_210930.json,final_key,0.5,4,0.0051948051948051
0.0,0.5,0.0,0.0,54,results/bob_realchannel_run_tp0.0_fk0.5_rp0.0_vd0.0_seed54_20260828_235726_699074.json,385,35,3131,34,34,True,0,False,,4.9616899490356445,{},asymptotic,True,,12,results/bob_realchannel_run_tp0.0_fk0.5_rp0.0_vd0.0_seed54_20260828_235726_699074.json,results/alice_realchannel_run_seed54_20260828_235726_792703.json,final_key,0.5,4,0.0051948051948051
0.0,0.5,0.0,0.0,55,results/bob_realchannel_run_tp0.0_fk0.5_rp0.0_vd0.0_seed55_20260828_235733_154942.json,385,35,3131,34,34,True,0,False,,4.805898904800415,{},asymptotic,True,,13,results/bob_realchannel_run_tp0.0_fk0.5_rp0.0_vd0.0_seed55_20260828_235733_154942.json,results/alice_realchannel_run_seed55_20260828_235733_267338.json,final_key,0.5,4,0.0051948051948051
0.0,0.5,0.0,0.0,56,results/bob_realchannel_run_tp0.0_fk0.5_rp0.0_vd0.0_seed56_20260828_235739_440283.json,385,35,3131,34,34,True,0,False,,3.14890193939209,{},asymptotic,True,,14,results/bob_realchannel_run_tp0.0_fk0.5_rp0.0_vd0.0_seed56_20260828_235739_440283.json,results/alice_realchannel_run_seed56_20260828_235739_577513.json,final_key,0.5,4,0.0051948051948051
0.0,0.5,0.0,0.0,57,results/bob_realchannel_run_tp0.0_fk0.5_rp0.0_vd0.0_seed57_20260828_235744_126182.json,385,35,3131,34,34,True,0,False,,5.359198331832886,{},asymptotic,True,,15,results/bob_realchannel_run_tp0.0_fk0.5_rp0.0_vd0.0_seed57_20260828_235744_126182.json,results/alice_realchannel_run_seed57_20260828_235744_195483.json,final_key,0.5,4,0.0051948051948051
0.0,0.5,0.0,0.0,58,results/bob_realchannel_run_tp0.0_fk0.5_rp0.0_vd0.0_seed58_20260828_235751_020914.json,385,35,3131,34,34,True,0,False,,2.975309133529663,{'final_key': 1},asymptotic,False,,16,results/bob_realchannel_run_tp0.0_fk0.5_rp0.0_vd0.0_seed58_20260828_235751_020914.json,results/alice_realchannel_run_seed58_20260828_235751_161102.json,final_key,0.5,4,0.0051948051948051
0.0,0.5,0.0,0.0,59,results/bob_realchannel_run_tp0.0_fk0.5_rp0.0_vd0.0_seed59_20260828_235755_454760.json,385,35,3131,34,34,True,0,False,,3.0664491653442383,{'final_key': 1},asymptotic,False,,17,results/bob_realchannel_run_tp0.0_fk0.5_rp0.0_vd0.0_seed59_20260828_235755_454760.json,results/alice_realchannel_run_seed59_20260828_235755_609598.json,final_key,0.5,4,0.0051948051948051
0.0,0.5,0.0,0.0,60,results/bob_realchannel_run_tp0.0_fk0.5_rp0.0_vd0.0_seed60_20260828_235759_999856.json,385,35,3131,34,34,True,0,False,,4.3648834228515625,{},asymptotic,True,,18,results/bob_realchannel_run_tp0.0_fk0.5_rp0.0_vd0.0_seed60_20260828_235759_999856.json,results/alice_realchannel_run_seed60_20260828_235800_134335.json,final_key,0.5,4,0.0051948051948051
0.0,0.5,0.0,0.0,61,results/bob_realchannel_run_tp0.0_fk0.5_rp0.0_vd0.0_seed61_20260828_235805_815973.json,385,35,3131,34,34,True,0,False,,3.0127251148223877,{'final_key': 1},asymptotic,False,,19,results/bob_realchannel_run_tp0.0_fk0.5_rp0.0_vd0.0_seed61_20260828_235805_815973.json,results/alice_realchannel_run_seed61_20260828_235805_973057.json,final_key,0.5,4,0.0051948051948051
0.0,0.3,0.0,0.0,42,results/bob_realchannel_run_tp0.0_fk0.3_rp0.0_vd0.0_seed42_20260828_235810_304705.json,385,35,3131,34,34,True,0,False,,2.397791862487793,{},asymptotic,True,,0,results/bob_realchannel_run_tp0.0_fk0.3_rp0.0_vd0.0_seed42_20260828_235810_304705.json,results/alice_realchannel_run_seed42_20260828_235810_441037.json,final_key,0.3,4,0.0051948051948051
0.0,0.3,0.0,0.0,43,results/bob_realchannel_run_tp0.0_fk0.3_rp0.0_vd0.0_seed43_20260828_235814_161742.json,385,35,3131,34,34,True,0,False,,2.7596070766448975,{},asymptotic,True,,1,results/bob_realchannel_run_tp0.0_fk0.3_rp0.0_vd0.0_seed43_20260828_235814_161742.json,results/alice_realchannel_run_seed43_20260828_235814_319117.json,final_key,0.3,4,0.0051948051948051
0.0,0.3,0.0,0.0,44,results/bob_realchannel_run_tp0.0_fk0.3_rp0.0_vd0.0_seed44_20260828_235818_386079.json,385,35,3131,34,34,True,0,False,,3.4150302410125732,{'final_key': 1},asymptotic,False,,2,results/bob_realchannel_run_tp0.0_fk0.3_rp0.0_vd0.0_seed44_20260828_235818_386079.json,results/alice_realchannel_run_seed44_20260828_235818_541616.json,final_key,0.3,4,0.0051948051948051
0.0,0.3,0.0,0.0,45,results/bob_realchannel_run_tp0.0_fk0.3_rp0.0_vd0.0_seed45_20260828_235823_259701.json,385,35,3131,34,34,True,0,False,,4.68560266494751,{},asymptotic,True,,3,results/bob_realchannel_run_tp0.0_fk0.3_rp0.0_vd0.0_seed45_20260828_235823_259701.json,results/alice_realchannel_run_seed45_20260828_235823_381055.json,final_key,0.3,4,0.0051948051948051
0.0,0.3,0.0,0.0,46,results/bob_realchannel_run_tp0.0_fk0.3_rp0.0_vd0.0_seed46_20260828_235829_349976.json,385,35,3131,34,34,True,0,False,,4.758646249771118,{},asymptotic,True,,4,results/bob_realchannel_run_tp0.0_fk0.3_rp0.0_vd0.0_seed46_20260828_235829_349976.json,results/alice_realchannel_run_seed46_20260828_235829_474675.json,final_key,0.3,4,0.0051948051948051
0.0,0.3,0.0,0.0,47,results/bob_realchannel_run_tp0.0_fk0.3_rp0.0_vd0.0_seed47_20260828_235835_515136.json,385,35,3131,34,34,True,0,False,,3.615598440170288,{},asymptotic,True,,5,results/bob_realchannel_run_tp0.0_fk0.3_rp0.0_vd0.0_seed47_20260828_235835_515136.json,results/alice_realchannel_run_seed47_20260828_235835_632876.json,final_key,0.3,4,0.0051948051948051
0.0,0.3,0.0,0.0,48,results/bob_realchannel_run_tp0.0_fk0.3_rp0.0_vd0.0_seed48_20260828_235840_545522.json,385,35,3131,34,34,True,0,False,,3.9828755855560303,{'final_key': 1},asymptotic,False,,6,results/bob_realchannel_run_tp0.0_fk0.3_rp0.0_vd0.0_seed48_20260828_235840_545522.json,results/alice_realchannel_run_seed48_20260828_235840_671246.json,final_key,0.3,4,0.0051948051948051
0.0,0.3,0.0,0.0,49,results/bob_realchannel_run_tp0.0_fk0.3_rp0.0_vd0.0_seed49_20260828_235845_945678.json,385,33,3131,34,34,False,2,False,,3.680732250213623,{},asymptotic,False,,7,results/bob_realchannel_run_tp0.0_fk0.3_rp0.0_vd0.0_seed49_20260828_235845_945678.json,results/alice_realchannel_run_seed49_20260828_235846_055399.json,final_key,0.3,4,0.0051948051948051
0.0,0.3,0.0,0.0,50,results/bob_realchannel_run_tp0.0_fk0.3_rp0.0_vd0.0_seed50_20260828_235851_038957.json,385,35,3131,34,34,True,0,False,,4.726181507110596,{},asymptotic,True,,8,results/bob_realchannel_run_tp0.0_fk0.3_rp0.0_vd0.0_seed50_20260828_235851_038957.json,results/alice_realchannel_run_seed50_20260828_235851_160534.json,final_key,0.3,4,0.0051948051948051
0.0,0.3,0.0,0.0,51,results/bob_realchannel_run_tp0.0_fk0.3_rp0.0_vd0.0_seed51_20260828_235857_247485.json,385,35,3131,34,34,True,0,False,,4.8930909633636475,{},asymptotic,True,,9,results/bob_realchannel_run_tp0.0_fk0.3_rp0.0_vd0.0_seed51_20260828_235857_247485.json,results/alice_realchannel_run_seed51_20260828_235857_364515.json,final_key,0.3,4,0.0051948051948051
0.0,0.3,0.0,0.0,52,results/bob_realchannel_run_tp0.0_fk0.3_rp0.0_vd0.0_seed52_20260828_235903_550855.json,385,35,3131,34,34,True,0,False,,5.05802583694458,{'final_key': 1},asymptotic,False,,10,results/bob_realchannel_run_tp0.0_fk0.3_rp0.0_vd0.0_seed52_20260828_235903_550855.json,results/alice_realchannel_run_seed52_20260828_235903_665943.json,final_key,0.3,4,0.0051948051948051
0.0,0.3,0.0,0.0,53,results/bob_realchannel_run_tp0.0_fk0.3_rp0.0_vd0.0_seed53_20260828_235910_010487.json,385,35,3131,34,34,True,0,False,,3.1027233600616455,{'final_key': 1},asymptotic,False,,11,results/bob_realchannel_run_tp0.0_fk0.3_rp0.0_vd0.0_seed53_20260828_235910_010487.json,results/alice_realchannel_run_seed53_20260828_235910_150513.json,final_key,0.3,4,0.0051948051948051
0.0,0.3,0.0,0.0,54,results/bob_realchannel_run_tp0.0_fk0.3_rp0.0_vd0.0_seed54_20260828_235914_584304.json,385,35,3131,34,34,True,0,False,,3.044405221939087,{},asymptotic,True,,12,results/bob_realchannel_run_tp0.0_fk0.3_rp0.0_vd0.0_seed54_20260828_235914_584304.json,results/alice_realchannel_run_seed54_20260828_235914_781937.json,final_key,0.3,4,0.0051948051948051
0.0,0.3,0.0,0.0,55,results/bob_realchannel_run_tp0.0_fk0.3_rp0.0_vd0.0_seed55_20260828_235919_234591.json,385,35,3131,34,34,True,0,False,,4.674834966659546,{},asymptotic,True,,13,results/bob_realchannel_run_tp0.0_fk0.3_rp0.0_vd0.0_seed55_20260828_235919_234591.json,results/alice_realchannel_run_seed55_20260828_235919_220233.json,final_key,0.3,4,0.0051948051948051
0.0,0.3,0.0,0.0,56,results/bob_realchannel_run_tp0.0_fk0.3_rp0.0_vd0.0_seed56_20260828_235925_393792.json,385,35,3131,34,34,True,0,False,,4.6898157596588135,{},asymptotic,True,,14,results/bob_realchannel_run_tp0.0_fk0.3_rp0.0_vd0.0_seed56_20260828_235925_393792.json,results/alice_realchannel_run_seed56_20260828_235925_515403.json,final_key,0.3,4,0.0051948051948051
0.0,0.3,0.0,0.0,57,results/bob_realchannel_run_tp0.0_fk0.3_rp0.0_vd0.0_seed57_20260828_235931_485776.json,385,35,3131,34,34,True,0,False,,5.430914878845215,{},asymptotic,True,,15,results/bob_realchannel_run_tp0.0_fk0.3_rp0.0_vd0.0_seed57_20260828_235931_485776.json,results/alice_realchannel_run_seed57_20260828_235931_616888.json,final_key,0.3,4,0.0051948051948051
0.0,0.3,0.0,0.0,58,results/bob_realchannel_run_tp0.0_fk0.3_rp0.0_vd0.0_seed58_20260828_235938_316434.json,385,35,3131,34,34,True,0,False,,4.072325944900513,{'final_key': 1},asymptotic,False,,16,results/bob_realchannel_run_tp0.0_fk0.3_rp0.0_vd0.0_seed58_20260828_235938_316434.json,results/alice_realchannel_run_seed58_20260828_235938_435765.json,final_key,0.3,4,0.0051948051948051
0.0,0.3,0.0,0.0,59,results/bob_realchannel_run_tp0.0_fk0.3_rp0.0_vd0.0_seed59_20260828_235943_793264.json,385,35,3131,34,34,True,0,False,,2.163511037826538,{'final_key': 1},asymptotic,False,,17,results/bob_realchannel_run_tp0.0_fk0.3_rp0.0_vd0.0_seed59_20260828_235943_793264.json,results/alice_realchannel_run_seed59_20260828_235943_951371.json,final_key,0.3,4,0.0051948051948051
0.0,0.3,0.0,0.0,60,results/bob_realchannel_run_tp0.0_fk0.3_rp0.0_vd0.0_seed60_20260828_235947_426213.json,385,35,3131,34,34,True,0,False,,4.090642929077148,{},asymptotic,True,,18,results/bob_realchannel_run_tp0.0_fk0.3_rp0.0_vd0.0_seed60_20260828_235947_426213.json,results/alice_realchannel_run_seed60_20260828_235947_559678.json,final_key,0.3,4,0.0051948051948051
0.0,0.3,0.0,0.0,61,results/bob_realchannel_run_tp0.0_fk0.3_rp0.0_vd0.0_seed61_20260828_235952_926827.json,385,35,3131,34,34,True,0,False,,2.994210720062256,{'final_key': 1},asymptotic,False,,19,results/bob_realchannel_run_tp0.0_fk0.3_rp0.0_vd0.0_seed61_20260828_235952_926827.json,results/alice_realchannel_run_seed61_20260828_235953_071139.json,final_key,0.3,4,0.0051948051948051
0.0,0.1,0.0,0.0,42,results/bob_realchannel_run_tp0.0_fk0.1_rp0.0_vd0.0_seed42_20260828_235957_362827.json,385,35,3131,34,34,True,0,False,,4.857931613922119,{},asymptotic,True,,0,results/bob_realchannel_run_tp0.0_fk0.1_rp0.0_vd0.0_seed42_20260828_235957_362827.json,results/alice_realchannel_run_seed42_20260828_235957_494242.json,final_key,0.1,4,0.0051948051948051
0.0,0.1,0.0,0.0,43,results/bob_realchannel_run_tp0.0_fk0.1_rp0.0_vd0.0_seed43_20260829_000003_644428.json,385,35,3131,34,34,True,0,False,,2.7521660327911377,{},asymptotic,True,,1,results/bob_realchannel_run_tp0.0_fk0.1_rp0.0_vd0.0_seed43_20260829_000003_644428.json,results/alice_realchannel_run_seed43_20260829_000003_793611.json,final_key,0.1,4,0.0051948051948051
0.0,0.1,0.0,0.0,44,results/bob_realchannel_run_tp0.0_fk0.1_rp0.0_vd0.0_seed44_20260829_000007_899571.json,385,35,3131,34,34,True,0,False,,3.397554397583008,{'final_key': 1},asymptotic,False,,2,results/bob_realchannel_run_tp0.0_fk0.1_rp0.0_vd0.0_seed44_20260829_000007_899571.json,results/alice_realchannel_run_seed44_20260829_000008_042909.json,final_key,0.1,4,0.0051948051948051
0.0,0.1,0.0,0.0,45,results/bob_realchannel_run_tp0.0_fk0.1_rp0.0_vd0.0_seed45_20260829_000012_789534.json,385,35,3131,34,34,True,0,False,,3.3827288150787354,{},asymptotic,True,,3,results/bob_realchannel_run_tp0.0_fk0.1_rp0.0_vd0.0_seed45_20260829_000012_789534.json,results/alice_realchannel_run_seed45_20260829_000012_924564.json,final_key,0.1,4,0.0051948051948051
0.0,0.1,0.0,0.0,46,results/bob_realchannel_run_tp0.0_fk0.1_rp0.0_vd0.0_seed46_20260829_000017_640071.json,385,35,3131,34,34,True,0,False,,2.76918888092041,{},asymptotic,True,,4,results/bob_realchannel_run_tp0.0_fk0.1_rp0.0_vd0.0_seed46_20260829_000017_640071.json,results/alice_realchannel_run_seed46_20260829_000017_790742.json,final_key,0.1,4,0.0051948051948051
0.0,0.1,0.0,0.0,47,results/bob_realchannel_run_tp0.0_fk0.1_rp0.0_vd0.0_seed47_20260829_000021_888326.json,385,35,3131,34,34,True,0,False,,2.536620855331421,{},asymptotic,True,,5,results/bob_realchannel_run_tp0.0_fk0.1_rp0.0_vd0.0_seed47_20260829_000021_888326.json,results/alice_realchannel_run_seed47_20260829_000022_042509.json,final_key,0.1,4,0.0051948051948051
0.0,0.1,0.0,0.0,48,results/bob_realchannel_run_tp0.0_fk0.1_rp0.0_vd0.0_seed48_20260829_000025_871158.json,385,35,3131,34,34,True,0,False,,2.393385410308838,{},asymptotic,True,,6,results/bob_realchannel_run_tp0.0_fk0.1_rp0.0_vd0.0_seed48_20260829_000025_871158.json,results/alice_realchannel_run_seed48_20260829_000026_017754.json,final_key,0.1,4,0.0051948051948051
0.0,0.1,0.0,0.0,49,results/bob_realchannel_run_tp0.0_fk0.1_rp0.0_vd0.0_seed49_20260829_000029_746609.json,385,33,3131,34,34,False,2,False,,2.6018686294555664,{},asymptotic,False,,7,results/bob_realchannel_run_tp0.0_fk0.1_rp0.0_vd0.0_seed49_20260829_000029_746609.json,results/alice_realchannel_run_seed49_20260829_000029_897800.json,final_key,0.1,4,0.0051948051948051
0.0,0.1,0.0,0.0,50,results/bob_realchannel_run_tp0.0_fk0.1_rp0.0_vd0.0_seed50_20260829_000033_836667.json,385,35,3131,34,34,True,0,False,,3.1921732425689697,{},asymptotic,True,,8,results/bob_realchannel_run_tp0.0_fk0.1_rp0.0_vd0.0_seed50_20260829_000033_836667.json,results/alice_realchannel_run_seed50_20260829_000033_990421.json,final_key,0.1,4,0.0051948051948051
0.0,0.1,0.0,0.0,51,results/bob_realchannel_run_tp0.0_fk0.1_rp0.0_vd0.0_seed51_20260829_000038_518293.json,385,35,3131,34,34,True,0,False,,2.918602228164673,{},asymptotic,True,,9,results/bob_realchannel_run_tp0.0_fk0.1_rp0.0_vd0.0_seed51_20260829_000038_518293.json,results/alice_realchannel_run_seed51_20260829_000038_682363.json,final_key,0.1,4,0.0051948051948051
0.0,0.1,0.0,0.0,52,results/bob_realchannel_run_tp0.0_fk0.1_rp0.0_vd0.0_seed52_20260829_000042_912979.json,385,35,3131,34,34,True,0,False,,2.6383183002471924,{'final_key': 1},asymptotic,False,,10,results/bob_realchannel_run_tp0.0_fk0.1_rp0.0_vd0.0_seed52_20260829_000042_912979.json,results/alice_realchannel_run_seed52_20260829_000043_059345.json,final_key,0.1,4,0.0051948051948051
0.0,0.1,0.0,0.0,53,results/bob_realchannel_run_tp0.0_fk0.1_rp0.0_vd0.0_seed53_20260829_000047_037332.json,385,35,3131,34,34,True,0,False,,5.07626748085022,{},asymptotic,True,,11,results/bob_realchannel_run_tp0.0_fk0.1_rp0.0_vd0.0_seed53_20260829_000047_037332.json,results/alice_realchannel_run_seed53_20260829_000047_144364.json,final_key,0.1,4,0.0051948051948051
0.0,0.1,0.0,0.0,54,results/bob_realchannel_run_tp0.0_fk0.1_rp0.0_vd0.0_seed54_20260829_000053_624075.json,385,35,3131,34,34,True,0,False,,3.0205206871032715,{},asymptotic,True,,12,results/bob_realchannel_run_tp0.0_fk0.1_rp0.0_vd0.0_seed54_20260829_000053_624075.json,results/alice_realchannel_run_seed54_20260829_000053_794793.json,final_key,0.1,4,0.0051948051948051
0.0,0.1,0.0,0.0,55,results/bob_realchannel_run_tp0.0_fk0.1_rp0.0_vd0.0_seed55_20260829_000058_128649.json,385,35,3131,34,34,True,0,False,,3.923931360244751,{},asymptotic,True,,13,results/bob_realchannel_run_tp0.0_fk0.1_rp0.0_vd0.0_seed55_20260829_000058_128649.json,results/alice_realchannel_run_seed55_20260829_000058_260052.json,final_key,0.1,4,0.0051948051948051
0.0,0.1,0.0,0.0,56,results/bob_realchannel_run_tp0.0_fk0.1_rp0.0_vd0.0_seed56_20260829_000103_483581.json,385,35,3131,34,34,True,0,False,,5.125399112701416,{},asymptotic,True,,14,results/bob_realchannel_run_tp0.0_fk0.1_rp0.0_vd0.0_seed56_20260829_000103_483581.json,results/alice_realchannel_run_seed56_20260829_000103_599938.json,final_key,0.1,4,0.0051948051948051
0.0,0.1,0.0,0.0,57,results/bob_realchannel_run_tp0.0_fk0.1_rp0.0_vd0.0_seed57_20260829_000110_101993.json,385,35,3131,34,34,True,0,False,,5.4155378341674805,{},asymptotic,True,,15,results/bob_realchannel_run_tp0.0_fk0.1_rp0.0_vd0.0_seed57_20260829_000110_101993.json,results/alice_realchannel_run_seed57_20260829_000110_226919.json,final_key,0.1,4,0.0051948051948051
0.0,0.1,0.0,0.0,58,results/bob_realchannel_run_tp0.0_fk0.1_rp0.0_vd0.0_seed58_20260829_000116_933812.json,385,35,3131,34,34,True,0,False,,2.9869279861450195,{'final_key': 1},asymptotic,False,,16,results/bob_realchannel_run_tp0.0_fk0.1_rp0.0_vd0.0_seed58_20260829_000116_933812.json,results/alice_realchannel_run_seed58_20260829_000117_088971.json,final_key,0.1,4,0.0051948051948051
0.0,0.1,0.0,0.0,59,results/bob_realchannel_run_tp0.0_fk0.1_rp0.0_vd0.0_seed59_20260829_000121_389217.json,385,35,3131,34,34,True,0,False,,5.023829460144043,{},asymptotic,True,,17,results/bob_realchannel_run_tp0.0_fk0.1_rp0.0_vd0.0_seed59_20260829_000121_389217.json,results/alice_realchannel_run_seed59_20260829_000121_491971.json,final_key,0.1,4,0.0051948051948051
0.0,0.1,0.0,0.0,60,results/bob_realchannel_run_tp0.0_fk0.1_rp0.0_vd0.0_seed60_20260829_000127_848662.json,385,35,3131,34,34,True,0,False,,4.357432126998901,{},asymptotic,True,,18,results/bob_realchannel_run_tp0.0_fk0.1_rp0.0_vd0.0_seed60_20260829_000127_848662.json,results/alice_realchannel_run_seed60_20260829_000127_984349.json,final_key,0.1,4,0.0051948051948051
0.0,0.1,0.0,0.0,61,results/bob_realchannel_run_tp0.0_fk0.1_rp0.0_vd0.0_seed61_20260829_000133_689702.json,385,35,3131,34,34,True,0,False,,4.97465181350708,{},asymptotic,True,,19,results/bob_realchannel_run_tp0.0_fk0.1_rp0.0_vd0.0_seed61_20260829_000133_689702.json,results/alice_realchannel_run_seed61_20260829_000133_809491.json,final_key,0.1,4,0.0051948051948051
0.0,0.05,0.0,0.0,42,results/bob_realchannel_run_tp0.0_fk0.05_rp0.0_vd0.0_seed42_20260829_000140_061107.json,385,35,3131,34,34,True,0,False,,2.8599417209625244,{},asymptotic,True,,0,results/bob_realchannel_run_tp0.0_fk0.05_rp0.0_vd0.0_seed42_20260829_000140_061107.json,results/alice_realchannel_run_seed42_20260829_000140_218828.json,final_key,0.05,4,0.0051948051948051
0.0,0.05,0.0,0.0,43,results/bob_realchannel_run_tp0.0_fk0.05_rp0.0_vd0.0_seed43_20260829_000144_391180.json,385,35,3131,34,34,True,0,False,,2.7583398818969727,{},asymptotic,True,,1,results/bob_realchannel_run_tp0.0_fk0.05_rp0.0_vd0.0_seed43_20260829_000144_391180.json,results/alice_realchannel_run_seed43_20260829_000144_548899.json,final_key,0.05,4,0.0051948051948051
0.0,0.05,0.0,0.0,44,results/bob_realchannel_run_tp0.0_fk0.05_rp0.0_vd0.0_seed44_20260829_000148_627869.json,385,35,3131,34,34,True,0,False,,3.4855785369873047,{'final_key': 1},asymptotic,False,,2,results/bob_realchannel_run_tp0.0_fk0.05_rp0.0_vd0.0_seed44_20260829_000148_627869.json,results/alice_realchannel_run_seed44_20260829_000148_853540.json,final_key,0.05,4,0.0051948051948051
0.0,0.05,0.0,0.0,45,results/bob_realchannel_run_tp0.0_fk0.05_rp0.0_vd0.0_seed45_20260829_000153_702674.json,385,35,3131,34,34,True,0,False,,4.673733949661255,{},asymptotic,True,,3,results/bob_realchannel_run_tp0.0_fk0.05_rp0.0_vd0.0_seed45_20260829_000153_702674.json,results/alice_realchannel_run_seed45_20260829_000153_807715.json,final_key,0.05,4,0.0051948051948051
0.0,0.05,0.0,0.0,46,results/bob_realchannel_run_tp0.0_fk0.05_rp0.0_vd0.0_seed46_20260829_000159_869860.json,385,35,3131,34,34,True,0,False,,4.767696380615234,{},asymptotic,True,,4,results/bob_realchannel_run_tp0.0_fk0.05_rp0.0_vd0.0_seed46_20260829_000159_869860.json,results/alice_realchannel_run_seed46_20260829_000200_003542.json,final_key,0.05,4,0.0051948051948051
0.0,0.05,0.0,0.0,47,results/bob_realchannel_run_tp0.0_fk0.05_rp0.0_vd0.0_seed47_20260829_000206_050214.json,385,35,3131,34,34,True,0,False,,4.5304930210113525,{},asymptotic,True,,5,results/bob_realchannel_run_tp0.0_fk0.05_rp0.0_vd0.0_seed47_20260829_000206_050214.json,results/alice_realchannel_run_seed47_20260829_000206_180793.json,final_key,0.05,4,0.0051948051948051
0.0,0.05,0.0,0.0,48,results/bob_realchannel_run_tp0.0_fk0.05_rp0.0_vd0.0_seed48_20260829_000212_050891.json,385,35,3131,34,34,True,0,False,,3.297713041305542,{},asymptotic,True,,6,results/bob_realchannel_run_tp0.0_fk0.05_rp0.0_vd0.0_seed48_20260829_000212_050891.json,results/alice_realchannel_run_seed48_20260829_000212_200033.json,final_key,0.05,4,0.0051948051948051
0.0,0.05,0.0,0.0,49,results/bob_realchannel_run_tp0.0_fk0.05_rp0.0_vd0.0_seed49_20260829_000216_758226.json,385,33,3131,34,34,False,2,False,,2.6307101249694824,{},asymptotic,False,,7,results/bob_realchannel_run_tp0.0_fk0.05_rp0.0_vd0.0_seed49_20260829_000216_758226.json,results/alice_realchannel_run_seed49_20260829_000216_933803.json,final_key,0.05,4,0.0051948051948051
0.0,0.05,0.0,0.0,50,results/bob_realchannel_run_tp0.0_fk0.05_rp0.0_vd0.0_seed50_20260829_000220_858371.json,385,35,3131,34,34,True,0,False,,3.190408229827881,{},asymptotic,True,,8,results/bob_realchannel_run_tp0.0_fk0.05_rp0.0_vd0.0_seed50_20260829_000220_858371.json,results/alice_realchannel_run_seed50_20260829_000221_009028.json,final_key,0.05,4,0.0051948051948051
0.0,0.05,0.0,0.0,51,results/bob_realchannel_run_tp0.0_fk0.05_rp0.0_vd0.0_seed51_20260829_000225_448813.json,385,35,3131,34,34,True,0,False,,2.900050163269043,{},asymptotic,True,,9,results/bob_realchannel_run_tp0.0_fk0.05_rp0.0_vd0.0_seed51_20260829_000225_448813.json,results/alice_realchannel_run_seed51_20260829_000225_590776.json,final_key,0.05,4,0.0051948051948051
0.0,0.05,0.0,0.0,52,results/bob_realchannel_run_tp0.0_fk0.05_rp0.0_vd0.0_seed52_20260829_000229_759244.json,385,35,3131,34,34,True,0,False,,5.066153526306152,{},asymptotic,True,,10,results/bob_realchannel_run_tp0.0_fk0.05_rp0.0_vd0.0_seed52_20260829_000229_759244.json,results/alice_realchannel_run_seed52_20260829_000229_885721.json,final_key,0.05,4,0.0051948051948051
0.0,0.05,0.0,0.0,53,results/bob_realchannel_run_tp0.0_fk0.05_rp0.0_vd0.0_seed53_20260829_000236_220002.json,385,35,3131,34,34,True,0,False,,5.109179973602295,{},asymptotic,True,,11,results/bob_realchannel_run_tp0.0_fk0.05_rp0.0_vd0.0_seed53_20260829_000236_220002.json,results/alice_realchannel_run_seed53_20260829_000236_352718.json,final_key,0.05,4,0.0051948051948051
0.0,0.05,0.0,0.0,54,results/bob_realchannel_run_tp0.0_fk0.05_rp0.0_vd0.0_seed54_20260829_000242_905735.json,385,35,3131,34,34,True,0,False,,4.854846000671387,{},asymptotic,True,,12,results/bob_realchannel_run_tp0.0_fk0.05_rp0.0_vd0.0_seed54_20260829_000242_905735.json,results/alice_realchannel_run_seed54_20260829_000242_893612.json,final_key,0.05,4,0.0051948051948051
0.0,0.05,0.0,0.0,55,results/bob_realchannel_run_tp0.0_fk0.05_rp0.0_vd0.0_seed55_20260829_000249_313624.json,385,35,3131,34,34,True,0,False,,4.767337799072266,{},asymptotic,True,,13,results/bob_realchannel_run_tp0.0_fk0.05_rp0.0_vd0.0_seed55_20260829_000249_313624.json,results/alice_realchannel_run_seed55_20260829_000249_387930.json,final_key,0.05,4,0.0051948051948051
0.0,0.05,0.0,0.0,56,results/bob_realchannel_run_tp0.0_fk0.05_rp0.0_vd0.0_seed56_20260829_000255_488559.json,385,35,3131,34,34,True,0,False,,5.144897937774658,{},asymptotic,True,,14,results/bob_realchannel_run_tp0.0_fk0.05_rp0.0_vd0.0_seed56_20260829_000255_488559.json,results/alice_realchannel_run_seed56_20260829_000255_620997.json,final_key,0.05,4,0.0051948051948051
0.0,0.05,0.0,0.0,57,results/bob_realchannel_run_tp0.0_fk0.05_rp0.0_vd0.0_seed57_20260829_000302_050596.json,385,35,3131,34,34,True,0,False,,5.40680193901062,{},asymptotic,True,,15,results/bob_realchannel_run_tp0.0_fk0.05_rp0.0_vd0.0_seed57_20260829_000302_050596.json,results/alice_realchannel_run_seed57_20260829_000302_170194.json,final_key,0.05,4,0.0051948051948051
0.0,0.05,0.0,0.0,58,results/bob_realchannel_run_tp0.0_fk0.05_rp0.0_vd0.0_seed58_20260829_000308_942683.json,385,35,3131,34,34,True,0,False,,2.9899513721466064,{},asymptotic,True,,16,results/bob_realchannel_run_tp0.0_fk0.05_rp0.0_vd0.0_seed58_20260829_000308_942683.json,results/alice_realchannel_run_seed58_20260829_000309_084298.json,final_key,0.05,4,0.0051948051948051
0.0,0.05,0.0,0.0,59,results/bob_realchannel_run_tp0.0_fk0.05_rp0.0_vd0.0_seed59_20260829_000313_551283.json,385,35,3131,34,34,True,0,False,,4.925840854644775,{},asymptotic,True,,17,results/bob_realchannel_run_tp0.0_fk0.05_rp0.0_vd0.0_seed59_20260829_000313_551283.json,results/alice_realchannel_run_seed59_20260829_000313_548668.json,final_key,0.05,4,0.0051948051948051
0.0,0.05,0.0,0.0,60,results/bob_realchannel_run_tp0.0_fk0.05_rp0.0_vd0.0_seed60_20260829_000319_992816.json,385,35,3131,34,34,True,0,False,,4.788768529891968,{},asymptotic,True,,18,results/bob_realchannel_run_tp0.0_fk0.05_rp0.0_vd0.0_seed60_20260829_000319_992816.json,results/alice_realchannel_run_seed60_20260829_000320_100028.json,final_key,0.05,4,0.0051948051948051
0.0,0.05,0.0,0.0,61,results/bob_realchannel_run_tp0.0_fk0.05_rp0.0_vd0.0_seed61_20260829_000326_242691.json,385,35,3131,34,34,True,0,False,,4.998743295669556,{},asymptotic,True,,19,results/bob_realchannel_run_tp0.0_fk0.05_rp0.0_vd0.0_seed61_20260829_000326_242691.json,results/alice_realchannel_run_seed61_20260829_000326_367362.json,final_key,0.05,4,0.0051948051948051
0.0,0.03,0.0,0.0,42,results/bob_realchannel_run_tp0.0_fk0.03_rp0.0_vd0.0_seed42_20260829_000332_638645.json,385,35,3131,34,34,True,0,False,,2.878352165222168,{},asymptotic,True,,0,results/bob_realchannel_run_tp0.0_fk0.03_rp0.0_vd0.0_seed42_20260829_000332_638645.json,results/alice_realchannel_run_seed42_20260829_000332_797527.json,final_key,0.03,4,0.0051948051948051
0.0,0.03,0.0,0.0,43,results/bob_realchannel_run_tp0.0_fk0.03_rp0.0_vd0.0_seed43_20260829_000336_960581.json,385,35,3131,34,34,True,0,False,,4.733574628829956,{},asymptotic,True,,1,results/bob_realchannel_run_tp0.0_fk0.03_rp0.0_vd0.0_seed43_20260829_000336_960581.json,results/alice_realchannel_run_seed43_20260829_000337_070903.json,final_key,0.03,4,0.0051948051948051
0.0,0.03,0.0,0.0,44,results/bob_realchannel_run_tp0.0_fk0.03_rp0.0_vd0.0_seed44_20260829_000343_161691.json,385,35,3131,34,34,True,0,False,,3.411512613296509,{},asymptotic,True,,2,results/bob_realchannel_run_tp0.0_fk0.03_rp0.0_vd0.0_seed44_20260829_000343_161691.json,results/alice_realchannel_run_seed44_20260829_000343_310887.json,final_key,0.03,4,0.0051948051948051
0.0,0.03,0.0,0.0,45,results/bob_realchannel_run_tp0.0_fk0.03_rp0.0_vd0.0_seed45_20260829_000348_014576.json,385,35,3131,34,34,True,0,False,,2.6989691257476807,{},asymptotic,True,,3,results/bob_realchannel_run_tp0.0_fk0.03_rp0.0_vd0.0_seed45_20260829_000348_014576.json,results/alice_realchannel_run_seed45_20260829_000348_167422.json,final_key,0.03,4,0.0051948051948051
0.0,0.03,0.0,0.0,46,results/bob_realchannel_run_tp0.0_fk0.03_rp0.0_vd0.0_seed46_20260829_000352_176575.json,385,35,3131,34,34,True,0,False,,2.760798931121826,{},asymptotic,True,,4,results/bob_realchannel_run_tp0.0_fk0.03_rp0.0_vd0.0_seed46_20260829_000352_176575.json,results/alice_realchannel_run_seed46_20260829_000352_323591.json,final_key,0.03,4,0.0051948051948051
0.0,0.03,0.0,0.0,47,results/bob_realchannel_run_tp0.0_fk0.03_rp0.0_vd0.0_seed47_20260829_000356_440471.json,385,35,3131,34,34,True,0,False,,4.540714740753174,{},asymptotic,True,,5,results/bob_realchannel_run_tp0.0_fk0.03_rp0.0_vd0.0_seed47_20260829_000356_440471.json,results/alice_realchannel_run_seed47_20260829_000356_572186.json,final_key,0.03,4,0.0051948051948051
0.0,0.03,0.0,0.0,48,results/bob_realchannel_run_tp0.0_fk0.03_rp0.0_vd0.0_seed48_20260829_000402_380573.json,385,35,3131,34,34,True,0,False,,3.336742401123047,{},asymptotic,True,,6,results/bob_realchannel_run_tp0.0_fk0.03_rp0.0_vd0.0_seed48_20260829_000402_380573.json,results/alice_realchannel_run_seed48_20260829_000402_547221.json,final_key,0.03,4,0.0051948051948051
0.0,0.03,0.0,0.0,49,results/bob_realchannel_run_tp0.0_fk0.03_rp0.0_vd0.0_seed49_20260829_000407_128706.json,385,33,3131,34,34,False,2,False,,2.620468854904175,{},asymptotic,False,,7,results/bob_realchannel_run_tp0.0_fk0.03_rp0.0_vd0.0_seed49_20260829_000407_128706.json,results/alice_realchannel_run_seed49_20260829_000407_294121.json,final_key,0.03,4,0.0051948051948051
0.0,0.03,0.0,0.0,50,results/bob_realchannel_run_tp0.0_fk0.03_rp0.0_vd0.0_seed50_20260829_000411_345142.json,385,35,3131,34,34,True,0,False,,5.088316440582275,{},asymptotic,True,,8,results/bob_realchannel_run_tp0.0_fk0.03_rp0.0_vd0.0_seed50_20260829_000411_345142.json,results/alice_realchannel_run_seed50_20260829_000411_374712.json,final_key,0.03,4,0.0051948051948051
0.0,0.03,0.0,0.0,51,results/bob_realchannel_run_tp0.0_fk0.03_rp0.0_vd0.0_seed51_20260829_000417_889815.json,385,35,3131,34,34,True,0,False,,4.883171796798706,{},asymptotic,True,,9,results/bob_realchannel_run_tp0.0_fk0.03_rp0.0_vd0.0_seed51_20260829_000417_889815.json,results/alice_realchannel_run_seed51_20260829_000417_991939.json,final_key,0.03,4,0.0051948051948051
0.0,0.03,0.0,0.0,52,results/bob_realchannel_run_tp0.0_fk0.03_rp0.0_vd0.0_seed52_20260829_000424_249851.json,385,35,3131,34,34,True,0,False,,3.0831265449523926,{},asymptotic,True,,10,results/bob_realchannel_run_tp0.0_fk0.03_rp0.0_vd0.0_seed52_20260829_000424_249851.json,results/alice_realchannel_run_seed52_20260829_000424_406524.json,final_key,0.03,4,0.0051948051948051
0.0,0.03,0.0,0.0,53,results/bob_realchannel_run_tp0.0_fk0.03_rp0.0_vd0.0_seed53_20260829_000428_815323.json,385,35,3131,34,34,True,0,False,,5.0979979038238525,{},asymptotic,True,,11,results/bob_realchannel_run_tp0.0_fk0.03_rp0.0_vd0.0_seed53_20260829_000428_815323.json,results/alice_realchannel_run_seed53_20260829_000428_941779.json,final_key,0.03,4,0.0051948051948051
0.0,0.03,0.0,0.0,54,results/bob_realchannel_run_tp0.0_fk0.03_rp0.0_vd0.0_seed54_20260829_000435_323898.json,385,35,3131,34,34,True,0,False,,5.000579833984375,{},asymptotic,True,,12,results/bob_realchannel_run_tp0.0_fk0.03_rp0.0_vd0.0_seed54_20260829_000435_323898.json,results/alice_realchannel_run_seed54_20260829_000435_456915.json,final_key,0.03,4,0.0051948051948051
0.0,0.03,0.0,0.0,55,results/bob_realchannel_run_tp0.0_fk0.03_rp0.0_vd0.0_seed55_20260829_000441_741601.json,385,35,3131,34,34,True,0,False,,2.8111414909362793,{},asymptotic,True,,13,results/bob_realchannel_run_tp0.0_fk0.03_rp0.0_vd0.0_seed55_20260829_000441_741601.json,results/alice_realchannel_run_seed55_20260829_000441_882257.json,final_key,0.03,4,0.0051948051948051
0.0,0.03,0.0,0.0,56,results/bob_realchannel_run_tp0.0_fk0.03_rp0.0_vd0.0_seed56_20260829_000445_971401.json,385,35,3131,34,34,True,0,False,,3.165576219558716,{},asymptotic,True,,14,results/bob_realchannel_run_tp0.0_fk0.03_rp0.0_vd0.0_seed56_20260829_000445_971401.json,results/alice_realchannel_run_seed56_20260829_000446_108415.json,final_key,0.03,4,0.0051948051948051
0.0,0.03,0.0,0.0,57,results/bob_realchannel_run_tp0.0_fk0.03_rp0.0_vd0.0_seed57_20260829_000450_531800.json,385,35,3131,34,34,True,0,False,,3.4449236392974854,{},asymptotic,True,,15,results/bob_realchannel_run_tp0.0_fk0.03_rp0.0_vd0.0_seed57_20260829_000450_531800.json,results/alice_realchannel_run_seed57_20260829_000450_709483.json,final_key,0.03,4,0.0051948051948051
0.0,0.03,0.0,0.0,58,results/bob_realchannel_run_tp0.0_fk0.03_rp0.0_vd0.0_seed58_20260829_000455_385805.json,385,35,3131,34,34,True,0,False,,5.022485017776489,{},asymptotic,True,,16,results/bob_realchannel_run_tp0.0_fk0.03_rp0.0_vd0.0_seed58_20260829_000455_385805.json,results/alice_realchannel_run_seed58_20260829_000455_507180.json,final_key,0.03,4,0.0051948051948051
0.0,0.03,0.0,0.0,59,results/bob_realchannel_run_tp0.0_fk0.03_rp0.0_vd0.0_seed59_20260829_000501_805227.json,385,35,3131,34,34,True,0,False,,5.0318922996521,{},asymptotic,True,,17,results/bob_realchannel_run_tp0.0_fk0.03_rp0.0_vd0.0_seed59_20260829_000501_805227.json,results/alice_realchannel_run_seed59_20260829_000501_924955.json,final_key,0.03,4,0.0051948051948051
0.0,0.03,0.0,0.0,60,results/bob_realchannel_run_tp0.0_fk0.03_rp0.0_vd0.0_seed60_20260829_000508_235903.json,385,35,3131,34,34,True,0,False,,4.801024675369263,{},asymptotic,True,,18,results/bob_realchannel_run_tp0.0_fk0.03_rp0.0_vd0.0_seed60_20260829_000508_235903.json,results/alice_realchannel_run_seed60_20260829_000508_363105.json,final_key,0.03,4,0.0051948051948051
0.0,0.03,0.0,0.0,61,results/bob_realchannel_run_tp0.0_fk0.03_rp0.0_vd0.0_seed61_20260829_000514_449814.json,385,35,3131,34,34,True,0,False,,3.002936840057373,{},asymptotic,True,,19,results/bob_realchannel_run_tp0.0_fk0.03_rp0.0_vd0.0_seed61_20260829_000514_449814.json,results/alice_realchannel_run_seed61_20260829_000514_603971.json,final_key,0.03,4,0.0051948051948051
0.0,0.01,0.0,0.0,42,results/bob_realchannel_run_tp0.0_fk0.01_rp0.0_vd0.0_seed42_20260829_000518_927372.json,385,35,3131,34,34,True,0,False,,4.850098609924316,{},asymptotic,True,,0,results/bob_realchannel_run_tp0.0_fk0.01_rp0.0_vd0.0_seed42_20260829_000518_927372.json,results/alice_realchannel_run_seed42_20260829_000519_056380.json,final_key,0.01,4,0.0051948051948051
0.0,0.01,0.0,0.0,43,results/bob_realchannel_run_tp0.0_fk0.01_rp0.0_vd0.0_seed43_20260829_000525_269499.json,385,35,3131,34,34,True,0,False,,3.38338303565979,{},asymptotic,True,,1,results/bob_realchannel_run_tp0.0_fk0.01_rp0.0_vd0.0_seed43_20260829_000525_269499.json,results/alice_realchannel_run_seed43_20260829_000525_384852.json,final_key,0.01,4,0.0051948051948051
0.0,0.01,0.0,0.0,44,results/bob_realchannel_run_tp0.0_fk0.01_rp0.0_vd0.0_seed44_20260829_000530_138864.json,385,35,3131,34,34,True,0,False,,5.3859851360321045,{},asymptotic,True,,2,results/bob_realchannel_run_tp0.0_fk0.01_rp0.0_vd0.0_seed44_20260829_000530_138864.json,results/alice_realchannel_run_seed44_20260829_000530_248961.json,final_key,0.01,4,0.0051948051948051
0.0,0.01,0.0,0.0,45,results/bob_realchannel_run_tp0.0_fk0.01_rp0.0_vd0.0_seed45_20260829_000536_950509.json,385,35,3131,34,34,True,0,False,,2.806162118911743,{},asymptotic,True,,3,results/bob_realchannel_run_tp0.0_fk0.01_rp0.0_vd0.0_seed45_20260829_000536_950509.json,results/alice_realchannel_run_seed45_20260829_000537_212773.json,final_key,0.01,4,0.0051948051948051
0.0,0.01,0.0,0.0,46,results/bob_realchannel_run_tp0.0_fk0.01_rp0.0_vd0.0_seed46_20260829_000541_427618.json,385,35,3131,34,34,True,0,False,,4.7691731452941895,{},asymptotic,True,,4,results/bob_realchannel_run_tp0.0_fk0.01_rp0.0_vd0.0_seed46_20260829_000541_427618.json,results/alice_realchannel_run_seed46_20260829_000541_561792.json,final_key,0.01,4,0.0051948051948051
0.0,0.01,0.0,0.0,47,results/bob_realchannel_run_tp0.0_fk0.01_rp0.0_vd0.0_seed47_20260829_000547_604571.json,385,35,3131,34,34,True,0,False,,2.5679335594177246,{},asymptotic,True,,5,results/bob_realchannel_run_tp0.0_fk0.01_rp0.0_vd0.0_seed47_20260829_000547_604571.json,results/alice_realchannel_run_seed47_20260829_000547_788669.json,final_key,0.01,4,0.0051948051948051
0.0,0.01,0.0,0.0,48,results/bob_realchannel_run_tp0.0_fk0.01_rp0.0_vd0.0_seed48_20260829_000551_634827.json,385,35,3131,34,34,True,0,False,,5.306175231933594,{},asymptotic,True,,6,results/bob_realchannel_run_tp0.0_fk0.01_rp0.0_vd0.0_seed48_20260829_000551_634827.json,results/alice_realchannel_run_seed48_20260829_000551_765679.json,final_key,0.01,4,0.0051948051948051
0.0,0.01,0.0,0.0,49,results/bob_realchannel_run_tp0.0_fk0.01_rp0.0_vd0.0_seed49_20260829_000558_344229.json,385,33,3131,34,34,False,2,False,,2.6134114265441895,{},asymptotic,False,,7,results/bob_realchannel_run_tp0.0_fk0.01_rp0.0_vd0.0_seed49_20260829_000558_344229.json,results/alice_realchannel_run_seed49_20260829_000558_497463.json,final_key,0.01,4,0.0051948051948051
0.0,0.01,0.0,0.0,50,results/bob_realchannel_run_tp0.0_fk0.01_rp0.0_vd0.0_seed50_20260829_000602_455899.json,385,35,3131,34,34,True,0,False,,5.1970391273498535,{},asymptotic,True,,8,results/bob_realchannel_run_tp0.0_fk0.01_rp0.0_vd0.0_seed50_20260829_000602_455899.json,results/alice_realchannel_run_seed50_20260829_000602_589496.json,final_key,0.01,4,0.0051948051948051
0.0,0.01,0.0,0.0,51,results/bob_realchannel_run_tp0.0_fk0.01_rp0.0_vd0.0_seed51_20260829_000609_066474.json,385,35,3131,34,34,True,0,False,,4.910502672195435,{},asymptotic,True,,9,results/bob_realchannel_run_tp0.0_fk0.01_rp0.0_vd0.0_seed51_20260829_000609_066474.json,results/alice_realchannel_run_seed51_20260829_000609_199639.json,final_key,0.01,4,0.0051948051948051
0.0,0.01,0.0,0.0,52,results/bob_realchannel_run_tp0.0_fk0.01_rp0.0_vd0.0_seed52_20260829_000615_400065.json,385,35,3131,34,34,True,0,False,,3.204580307006836,{},asymptotic,True,,10,results/bob_realchannel_run_tp0.0_fk0.01_rp0.0_vd0.0_seed52_20260829_000615_400065.json,results/alice_realchannel_run_seed52_20260829_000615_684092.json,final_key,0.01,4,0.0051948051948051
0.0,0.01,0.0,0.0,53,results/bob_realchannel_run_tp0.0_fk0.01_rp0.0_vd0.0_seed53_20260829_000620_275754.json,385,35,3131,34,34,True,0,False,,3.0888686180114746,{},asymptotic,True,,11,results/bob_realchannel_run_tp0.0_fk0.01_rp0.0_vd0.0_seed53_20260829_000620_275754.json,results/alice_realchannel_run_seed53_20260829_000620_415786.json,final_key,0.01,4,0.0051948051948051
0.0,0.01,0.0,0.0,54,results/bob_realchannel_run_tp0.0_fk0.01_rp0.0_vd0.0_seed54_20260829_000624_772884.json,385,35,3131,34,34,True,0,False,,3.1440694332122803,{},asymptotic,True,,12,results/bob_realchannel_run_tp0.0_fk0.01_rp0.0_vd0.0_seed54_20260829_000624_772884.json,results/alice_realchannel_run_seed54_20260829_000625_070833.json,final_key,0.01,4,0.0051948051948051
0.0,0.01,0.0,0.0,55,results/bob_realchannel_run_tp0.0_fk0.01_rp0.0_vd0.0_seed55_20260829_000629_594775.json,385,35,3131,34,34,True,0,False,,4.813716411590576,{},asymptotic,True,,13,results/bob_realchannel_run_tp0.0_fk0.01_rp0.0_vd0.0_seed55_20260829_000629_594775.json,results/alice_realchannel_run_seed55_20260829_000629_722465.json,final_key,0.01,4,0.0051948051948051
0.0,0.01,0.0,0.0,56,results/bob_realchannel_run_tp0.0_fk0.01_rp0.0_vd0.0_seed56_20260829_000635_809300.json,385,35,3131,34,34,True,0,False,,3.1358866691589355,{},asymptotic,True,,14,results/bob_realchannel_run_tp0.0_fk0.01_rp0.0_vd0.0_seed56_20260829_000635_809300.json,results/alice_realchannel_run_seed56_20260829_000635_945656.json,final_key,0.01,4,0.0051948051948051
0.0,0.01,0.0,0.0,57,results/bob_realchannel_run_tp0.0_fk0.01_rp0.0_vd0.0_seed57_20260829_000640_425951.json,385,35,3131,34,34,True,0,False,,3.790586471557617,{},asymptotic,True,,15,results/bob_realchannel_run_tp0.0_fk0.01_rp0.0_vd0.0_seed57_20260829_000640_425951.json,results/alice_realchannel_run_seed57_20260829_000640_521099.json,final_key,0.01,4,0.0051948051948051
0.0,0.01,0.0,0.0,58,results/bob_realchannel_run_tp0.0_fk0.01_rp0.0_vd0.0_seed58_20260829_000645_790737.json,385,35,3131,34,34,True,0,False,,4.850236177444458,{},asymptotic,True,,16,results/bob_realchannel_run_tp0.0_fk0.01_rp0.0_vd0.0_seed58_20260829_000645_790737.json,results/alice_realchannel_run_seed58_20260829_000645_785488.json,final_key,0.01,4,0.0051948051948051
0.0,0.01,0.0,0.0,59,results/bob_realchannel_run_tp0.0_fk0.01_rp0.0_vd0.0_seed59_20260829_000652_237536.json,385,35,3131,34,34,True,0,False,,4.478911399841309,{},asymptotic,True,,17,results/bob_realchannel_run_tp0.0_fk0.01_rp0.0_vd0.0_seed59_20260829_000652_237536.json,results/alice_realchannel_run_seed59_20260829_000652_240673.json,final_key,0.01,4,0.0051948051948051
0.0,0.01,0.0,0.0,60,results/bob_realchannel_run_tp0.0_fk0.01_rp0.0_vd0.0_seed60_20260829_000658_160775.json,385,35,3131,34,34,True,0,False,,2.79606294631958,{},asymptotic,True,,18,results/bob_realchannel_run_tp0.0_fk0.01_rp0.0_vd0.0_seed60_20260829_000658_160775.json,results/alice_realchannel_run_seed60_20260829_000658_298507.json,final_key,0.01,4,0.0051948051948051
0.0,0.01,0.0,0.0,61,results/bob_realchannel_run_tp0.0_fk0.01_rp0.0_vd0.0_seed61_20260829_000702_387154.json,385,35,3131,34,34,True,0,False,,4.965305328369141,{},asymptotic,True,,19,results/bob_realchannel_run_tp0.0_fk0.01_rp0.0_vd0.0_seed61_20260829_000702_387154.json,results/alice_realchannel_run_seed61_20260829_000702_495584.json,final_key,0.01,4,0.0051948051948051
0.0,0.003,0.0,0.0,42,results/bob_realchannel_run_tp0.0_fk0.003_rp0.0_vd0.0_seed42_20260829_000708_773370.json,385,35,3131,34,34,True,0,False,,4.827005863189697,{},asymptotic,True,,0,results/bob_realchannel_run_tp0.0_fk0.003_rp0.0_vd0.0_seed42_20260829_000708_773370.json,results/alice_realchannel_run_seed42_20260829_000708_880890.json,final_key,0.003,4,0.0051948051948051
0.0,0.003,0.0,0.0,43,results/bob_realchannel_run_tp0.0_fk0.003_rp0.0_vd0.0_seed43_20260829_000715_003367.json,385,35,3131,34,34,True,0,False,,4.745338678359985,{},asymptotic,True,,1,results/bob_realchannel_run_tp0.0_fk0.003_rp0.0_vd0.0_seed43_20260829_000715_003367.json,results/alice_realchannel_run_seed43_20260829_000715_138557.json,final_key,0.003,4,0.0051948051948051
0.0,0.003,0.0,0.0,44,results/bob_realchannel_run_tp0.0_fk0.003_rp0.0_vd0.0_seed44_20260829_000721_220728.json,385,35,3131,34,34,True,0,False,,5.375572681427002,{},asymptotic,True,,2,results/bob_realchannel_run_tp0.0_fk0.003_rp0.0_vd0.0_seed44_20260829_000721_220728.json,results/alice_realchannel_run_seed44_20260829_000721_335230.json,final_key,0.003,4,0.0051948051948051
0.0,0.003,0.0,0.0,45,results/bob_realchannel_run_tp0.0_fk0.003_rp0.0_vd0.0_seed45_20260829_000727_988948.json,385,35,3131,34,34,True,0,False,,2.712196111679077,{},asymptotic,True,,3,results/bob_realchannel_run_tp0.0_fk0.003_rp0.0_vd0.0_seed45_20260829_000727_988948.json,results/alice_realchannel_run_seed45_20260829_000728_160998.json,final_key,0.003,4,0.0051948051948051
0.0,0.003,0.0,0.0,46,results/bob_realchannel_run_tp0.0_fk0.003_rp0.0_vd0.0_seed46_20260829_000732_177672.json,385,35,3131,34,34,True,0,False,,4.7631754875183105,{},asymptotic,True,,4,results/bob_realchannel_run_tp0.0_fk0.003_rp0.0_vd0.0_seed46_20260829_000732_177672.json,results/alice_realchannel_run_seed46_20260829_000732_311363.json,final_key,0.003,4,0.0051948051948051
0.0,0.003,0.0,0.0,47,results/bob_realchannel_run_tp0.0_fk0.003_rp0.0_vd0.0_seed47_20260829_000738_412826.json,385,35,3131,34,34,True,0,False,,2.5278854370117188,{},asymptotic,True,,5,results/bob_realchannel_run_tp0.0_fk0.003_rp0.0_vd0.0_seed47_20260829_000738_412826.json,results/alice_realchannel_run_seed47_20260829_000738_554984.json,final_key,0.003,4,0.0051948051948051
0.0,0.003,0.0,0.0,48,results/bob_realchannel_run_tp0.0_fk0.003_rp0.0_vd0.0_seed48_20260829_000742_415684.json,385,35,3131,34,34,True,0,False,,5.305303335189819,{},asymptotic,True,,6,results/bob_realchannel_run_tp0.0_fk0.003_rp0.0_vd0.0_seed48_20260829_000742_415684.json,results/alice_realchannel_run_seed48_20260829_000742_551150.json,final_key,0.003,4,0.0051948051948051
0.0,0.003,0.0,0.0,49,results/bob_realchannel_run_tp0.0_fk0.003_rp0.0_vd0.0_seed49_20260829_000749_172256.json,385,33,3131,34,34,False,2,False,,4.596366882324219,{},asymptotic,False,,7,results/bob_realchannel_run_tp0.0_fk0.003_rp0.0_vd0.0_seed49_20260829_000749_172256.json,results/alice_realchannel_run_seed49_20260829_000749_301728.json,final_key,0.003,4,0.0051948051948051
0.0,0.003,0.0,0.0,50,results/bob_realchannel_run_tp0.0_fk0.003_rp0.0_vd0.0_seed50_20260829_000755_235007.json,385,35,3131,34,34,True,0,False,,5.173836708068848,{},asymptotic,True,,8,results/bob_realchannel_run_tp0.0_fk0.003_rp0.0_vd0.0_seed50_20260829_000755_235007.json,results/alice_realchannel_run_seed50_20260829_000755_362201.json,final_key,0.003,4,0.0051948051948051
0.0,0.003,0.0,0.0,51,results/bob_realchannel_run_tp0.0_fk0.003_rp0.0_vd0.0_seed51_20260829_000801_872377.json,385,35,3131,34,34,True,0,False,,2.896331787109375,{},asymptotic,True,,9,results/bob_realchannel_run_tp0.0_fk0.003_rp0.0_vd0.0_seed51_20260829_000801_872377.json,results/alice_realchannel_run_seed51_20260829_000802_012051.json,final_key,0.003,4,0.0051948051948051
0.0,0.003,0.0,0.0,52,results/bob_realchannel_run_tp0.0_fk0.003_rp0.0_vd0.0_seed52_20260829_000806_181114.json,385,35,3131,34,34,True,0,False,,3.0555710792541504,{},asymptotic,True,,10,results/bob_realchannel_run_tp0.0_fk0.003_rp0.0_vd0.0_seed52_20260829_000806_181114.json,results/alice_realchannel_run_seed52_20260829_000806_322258.json,final_key,0.003,4,0.0051948051948051
0.0,0.003,0.0,0.0,53,results/bob_realchannel_run_tp0.0_fk0.003_rp0.0_vd0.0_seed53_20260829_000810_720768.json,385,35,3131,34,34,True,0,False,,3.095883369445801,{},asymptotic,True,,11,results/bob_realchannel_run_tp0.0_fk0.003_rp0.0_vd0.0_seed53_20260829_000810_720768.json,results/alice_realchannel_run_seed53_20260829_000810_867514.json,final_key,0.003,4,0.0051948051948051
0.0,0.003,0.0,0.0,54,results/bob_realchannel_run_tp0.0_fk0.003_rp0.0_vd0.0_seed54_20260829_000815_320750.json,385,35,3131,34,34,True,0,False,,2.9914064407348633,{},asymptotic,True,,12,results/bob_realchannel_run_tp0.0_fk0.003_rp0.0_vd0.0_seed54_20260829_000815_320750.json,results/alice_realchannel_run_seed54_20260829_000815_468262.json,final_key,0.003,4,0.0051948051948051
0.0,0.003,0.0,0.0,55,results/bob_realchannel_run_tp0.0_fk0.003_rp0.0_vd0.0_seed55_20260829_000819_772084.json,385,35,3131,34,34,True,0,False,,2.8300182819366455,{},asymptotic,True,,13,results/bob_realchannel_run_tp0.0_fk0.003_rp0.0_vd0.0_seed55_20260829_000819_772084.json,results/alice_realchannel_run_seed55_20260829_000819_924317.json,final_key,0.003,4,0.0051948051948051
0.0,0.003,0.0,0.0,56,results/bob_realchannel_run_tp0.0_fk0.003_rp0.0_vd0.0_seed56_20260829_000824_084098.json,385,35,3131,34,34,True,0,False,,3.164390802383423,{},asymptotic,True,,14,results/bob_realchannel_run_tp0.0_fk0.003_rp0.0_vd0.0_seed56_20260829_000824_084098.json,results/alice_realchannel_run_seed56_20260829_000824_245624.json,final_key,0.003,4,0.0051948051948051
0.0,0.003,0.0,0.0,57,results/bob_realchannel_run_tp0.0_fk0.003_rp0.0_vd0.0_seed57_20260829_000828_719886.json,385,35,3131,34,34,True,0,False,,3.429511308670044,{},asymptotic,True,,15,results/bob_realchannel_run_tp0.0_fk0.003_rp0.0_vd0.0_seed57_20260829_000828_719886.json,results/alice_realchannel_run_seed57_20260829_000828_873284.json,final_key,0.003,4,0.0051948051948051
0.0,0.003,0.0,0.0,58,results/bob_realchannel_run_tp0.0_fk0.003_rp0.0_vd0.0_seed58_20260829_000833_680968.json,385,35,3131,34,34,True,0,False,,4.940547227859497,{},asymptotic,True,,16,results/bob_realchannel_run_tp0.0_fk0.003_rp0.0_vd0.0_seed58_20260829_000833_680968.json,results/alice_realchannel_run_seed58_20260829_000833_758858.json,final_key,0.003,4,0.0051948051948051
0.0,0.003,0.0,0.0,59,results/bob_realchannel_run_tp0.0_fk0.003_rp0.0_vd0.0_seed59_20260829_000840_058428.json,385,35,3131,34,34,True,0,False,,5.031597137451172,{},asymptotic,True,,17,results/bob_realchannel_run_tp0.0_fk0.003_rp0.0_vd0.0_seed59_20260829_000840_058428.json,results/alice_realchannel_run_seed59_20260829_000840_165136.json,final_key,0.003,4,0.0051948051948051
0.0,0.003,0.0,0.0,60,results/bob_realchannel_run_tp0.0_fk0.003_rp0.0_vd0.0_seed60_20260829_000846_498991.json,385,35,3131,34,34,True,0,False,,4.8062989711761475,{},asymptotic,True,,18,results/bob_realchannel_run_tp0.0_fk0.003_rp0.0_vd0.0_seed60_20260829_000846_498991.json,results/alice_realchannel_run_seed60_20260829_000846_623866.json,final_key,0.003,4,0.0051948051948051
0.0,0.003,0.0,0.0,61,results/bob_realchannel_run_tp0.0_fk0.003_rp0.0_vd0.0_seed61_20260829_000852_710964.json,385,35,3131,34,34,True,0,False,,4.993744134902954,{},asymptotic,True,,19,results/bob_realchannel_run_tp0.0_fk0.003_rp0.0_vd0.0_seed61_20260829_000852_710964.json,results/alice_realchannel_run_seed61_20260829_000852_843139.json,final_key,0.003,4,0.0051948051948051
0.0,0.001,0.0,0.0,42,results/bob_realchannel_run_tp0.0_fk0.001_rp0.0_vd0.0_seed42_20260829_000859_117894.json,385,35,3131,34,34,True,0,False,,4.847158908843994,{},asymptotic,True,,0,results/bob_realchannel_run_tp0.0_fk0.001_rp0.0_vd0.0_seed42_20260829_000859_117894.json,results/alice_realchannel_run_seed42_20260829_000859_238035.json,final_key,0.001,4,0.0051948051948051
0.0,0.001,0.0,0.0,43,results/bob_realchannel_run_tp0.0_fk0.001_rp0.0_vd0.0_seed43_20260829_000905_343656.json,385,35,3131,34,34,True,0,False,,2.769674777984619,{},asymptotic,True,,1,results/bob_realchannel_run_tp0.0_fk0.001_rp0.0_vd0.0_seed43_20260829_000905_343656.json,results/alice_realchannel_run_seed43_20260829_000905_509050.json,final_key,0.001,4,0.0051948051948051
0.0,0.001,0.0,0.0,44,results/bob_realchannel_run_tp0.0_fk0.001_rp0.0_vd0.0_seed44_20260829_000909_545590.json,385,35,3131,34,34,True,0,False,,5.398934841156006,{},asymptotic,True,,2,results/bob_realchannel_run_tp0.0_fk0.001_rp0.0_vd0.0_seed44_20260829_000909_545590.json,results/alice_realchannel_run_seed44_20260829_000909_672348.json,final_key,0.001,4,0.0051948051948051
0.0,0.001,0.0,0.0,45,results/bob_realchannel_run_tp0.0_fk0.001_rp0.0_vd0.0_seed45_20260829_000916_351108.json,385,35,3131,34,34,True,0,False,,2.6900126934051514,{},asymptotic,True,,3,results/bob_realchannel_run_tp0.0_fk0.001_rp0.0_vd0.0_seed45_20260829_000916_351108.json,results/alice_realchannel_run_seed45_20260829_000916_501829.json,final_key,0.001,4,0.0051948051948051
0.0,0.001,0.0,0.0,46,results/bob_realchannel_run_tp0.0_fk0.001_rp0.0_vd0.0_seed46_20260829_000920_464091.json,385,35,3131,34,34,True,0,False,,4.769477844238281,{},asymptotic,True,,4,results/bob_realchannel_run_tp0.0_fk0.001_rp0.0_vd0.0_seed46_20260829_000920_464091.json,results/alice_realchannel_run_seed46_20260829_000920_595370.json,final_key,0.001,4,0.0051948051948051
0.0,0.001,0.0,0.0,47,results/bob_realchannel_run_tp0.0_fk0.001_rp0.0_vd0.0_seed47_20260829_000926_699521.json,385,35,3131,34,34,True,0,False,,2.529240846633911,{},asymptotic,True,,5,results/bob_realchannel_run_tp0.0_fk0.001_rp0.0_vd0.0_seed47_20260829_000926_699521.json,results/alice_realchannel_run_seed47_20260829_000926_847494.json,final_key,0.001,4,0.0051948051948051
0.0,0.001,0.0,0.0,48,results/bob_realchannel_run_tp0.0_fk0.001_rp0.0_vd0.0_seed48_20260829_000930_718016.json,385,35,3131,34,34,True,0,False,,3.3026297092437744,{},asymptotic,True,,6,results/bob_realchannel_run_tp0.0_fk0.001_rp0.0_vd0.0_seed48_20260829_000930_718016.json,results/alice_realchannel_run_seed48_20260829_000930_869856.json,final_key,0.001,4,0.0051948051948051
0.0,0.001,0.0,0.0,49,results/bob_realchannel_run_tp0.0_fk0.001_rp0.0_vd0.0_seed49_20260829_000935_496853.json,385,33,3131,34,34,False,2,False,,2.6157901287078857,{},asymptotic,False,,7,results/bob_realchannel_run_tp0.0_fk0.001_rp0.0_vd0.0_seed49_20260829_000935_496853.json,results/alice_realchannel_run_seed49_20260829_000935_657984.json,final_key,0.001,4,0.0051948051948051
0.0,0.001,0.0,0.0,50,results/bob_realchannel_run_tp0.0_fk0.001_rp0.0_vd0.0_seed50_20260829_000939_598333.json,385,35,3131,34,34,True,0,False,,3.18678879737854,{},asymptotic,True,,8,results/bob_realchannel_run_tp0.0_fk0.001_rp0.0_vd0.0_seed50_20260829_000939_598333.json,results/alice_realchannel_run_seed50_20260829_000939_745038.json,final_key,0.001,4,0.0051948051948051
0.0,0.001,0.0,0.0,51,results/bob_realchannel_run_tp0.0_fk0.001_rp0.0_vd0.0_seed51_20260829_000944_270881.json,385,35,3131,34,34,True,0,False,,1.9942965507507324,{},asymptotic,True,,9,results/bob_realchannel_run_tp0.0_fk0.001_rp0.0_vd0.0_seed51_20260829_000944_270881.json,results/alice_realchannel_run_seed51_20260829_000944_411858.json,final_key,0.001,4,0.0051948051948051
0.0,0.001,0.0,0.0,52,results/bob_realchannel_run_tp0.0_fk0.001_rp0.0_vd0.0_seed52_20260829_000947_729222.json,385,35,3131,34,34,True,0,False,,5.043656826019287,{},asymptotic,True,,10,results/bob_realchannel_run_tp0.0_fk0.001_rp0.0_vd0.0_seed52_20260829_000947_729222.json,results/alice_realchannel_run_seed52_20260829_000947_841812.json,final_key,0.001,4,0.0051948051948051
0.0,0.001,0.0,0.0,53,results/bob_realchannel_run_tp0.0_fk0.001_rp0.0_vd0.0_seed53_20260829_000954_192211.json,385,35,3131,34,34,True,0,False,,5.100358486175537,{},asymptotic,True,,11,results/bob_realchannel_run_tp0.0_fk0.001_rp0.0_vd0.0_seed53_20260829_000954_192211.json,results/alice_realchannel_run_seed53_20260829_000954_315158.json,final_key,0.001,4,0.0051948051948051
0.0,0.001,0.0,0.0,54,results/bob_realchannel_run_tp0.0_fk0.001_rp0.0_vd0.0_seed54_20260829_001000_678218.json,385,35,3131,34,34,True,0,False,,4.998767137527466,{},asymptotic,True,,12,results/bob_realchannel_run_tp0.0_fk0.001_rp0.0_vd0.0_seed54_20260829_001000_678218.json,results/alice_realchannel_run_seed54_20260829_001000_812908.json,final_key,0.001,4,0.0051948051948051
0.0,0.001,0.0,0.0,55,results/bob_realchannel_run_tp0.0_fk0.001_rp0.0_vd0.0_seed55_20260829_001007_087673.json,385,35,3131,34,34,True,0,False,,2.837048053741455,{},asymptotic,True,,13,results/bob_realchannel_run_tp0.0_fk0.001_rp0.0_vd0.0_seed55_20260829_001007_087673.json,results/alice_realchannel_run_seed55_20260829_001007_247284.json,final_key,0.001,4,0.0051948051948051
0.0,0.001,0.0,0.0,56,results/bob_realchannel_run_tp0.0_fk0.001_rp0.0_vd0.0_seed56_20260829_001011_375260.json,385,35,3131,34,34,True,0,False,,5.150561809539795,{},asymptotic,True,,14,results/bob_realchannel_run_tp0.0_fk0.001_rp0.0_vd0.0_seed56_20260829_001011_375260.json,results/alice_realchannel_run_seed56_20260829_001011_510125.json,final_key,0.001,4,0.0051948051948051
0.0,0.001,0.0,0.0,57,results/bob_realchannel_run_tp0.0_fk0.001_rp0.0_vd0.0_seed57_20260829_001017_916094.json,385,35,3131,34,34,True,0,False,,5.432815074920654,{},asymptotic,True,,15,results/bob_realchannel_run_tp0.0_fk0.001_rp0.0_vd0.0_seed57_20260829_001017_916094.json,results/alice_realchannel_run_seed57_20260829_001018_048214.json,final_key,0.001,4,0.0051948051948051
0.0,0.001,0.0,0.0,58,results/bob_realchannel_run_tp0.0_fk0.001_rp0.0_vd0.0_seed58_20260829_001024_757791.json,385,35,3131,34,34,True,0,False,,4.982959747314453,{},asymptotic,True,,16,results/bob_realchannel_run_tp0.0_fk0.001_rp0.0_vd0.0_seed58_20260829_001024_757791.json,results/alice_realchannel_run_seed58_20260829_001024_888200.json,final_key,0.001,4,0.0051948051948051
0.0,0.001,0.0,0.0,59,results/bob_realchannel_run_tp0.0_fk0.001_rp0.0_vd0.0_seed59_20260829_001031_163000.json,385,35,3131,34,34,True,0,False,,5.025686025619507,{},asymptotic,True,,17,results/bob_realchannel_run_tp0.0_fk0.001_rp0.0_vd0.0_seed59_20260829_001031_163000.json,results/alice_realchannel_run_seed59_20260829_001031_268039.json,final_key,0.001,4,0.0051948051948051
0.0,0.001,0.0,0.0,60,results/bob_realchannel_run_tp0.0_fk0.001_rp0.0_vd0.0_seed60_20260829_001037_586341.json,385,35,3131,34,34,True,0,False,,4.810573101043701,{},asymptotic,True,,18,results/bob_realchannel_run_tp0.0_fk0.001_rp0.0_vd0.0_seed60_20260829_001037_586341.json,results/alice_realchannel_run_seed60_20260829_001037_716922.json,final_key,0.001,4,0.0051948051948051
0.0,0.001,0.0,0.0,61,results/bob_realchannel_run_tp0.0_fk0.001_rp0.0_vd0.0_seed61_20260829_001043_790480.json,385,35,3131,34,34,True,0,False,,5.006197214126587,{},asymptotic,True,,19,results/bob_realchannel_run_tp0.0_fk0.001_rp0.0_vd0.0_seed61_20260829_001043_790480.json,results/alice_realchannel_run_seed61_20260829_001043_925062.json,final_key,0.001,4,0.0051948051948051
