toeplitz_prob,final_key_prob,reconciliation_prob,verify_digest_prob,seed,output_path,k_pe,total_corrections,secure_key_length,t_verify,digest_length,verification_passed,remaining_errors_after_reconciliation,non_convergent,error,elapsed_seconds,faults_fired,length_mode,keys_match,alice_measurement_error,run,bob_output_path,alice_output_path,code_version,collection_timestamp,fault_type,prob,key_index,qber
0.5,0.0,0.0,0.0,42,results/bob_realchannel_run_tp0.5_fk0.0_rp0.0_vd0.0_seed42_20260831_194029_299729.json,390,33,2810,34,34,True,0,False,,4.169816732406616,{'toeplitz_matrix': 1},asymptotic,True,,0,results/bob_realchannel_run_tp0.5_fk0.0_rp0.0_vd0.0_seed42_20260831_194029_299729.json,results/alice_realchannel_run_seed42_20260831_194029_249806.json,unknown,2026-08-31T19:40:33.892058,toeplitz,0.5,0,0.0128205128205128
0.5,0.0,0.0,0.0,43,results/bob_realchannel_run_tp0.5_fk0.0_rp0.0_vd0.0_seed43_20260831_194034_892694.json,390,33,2810,34,34,True,0,False,,4.2210657596588135,{},asymptotic,True,,1,results/bob_realchannel_run_tp0.5_fk0.0_rp0.0_vd0.0_seed43_20260831_194034_892694.json,results/alice_realchannel_run_seed43_20260831_194034_887266.json,unknown,2026-08-31T19:40:39.563765,toeplitz,0.5,0,0.0128205128205128
0.5,0.0,0.0,0.0,44,results/bob_realchannel_run_tp0.5_fk0.0_rp0.0_vd0.0_seed44_20260831_194040_568700.json,390,33,2810,34,34,True,0,False,,2.4527571201324463,{},asymptotic,True,,2,results/bob_realchannel_run_tp0.5_fk0.0_rp0.0_vd0.0_seed44_20260831_194040_568700.json,results/alice_realchannel_run_seed44_20260831_194040_571758.json,unknown,2026-08-31T19:40:43.431671,toeplitz,0.5,0,0.0128205128205128
0.5,0.0,0.0,0.0,45,results/bob_realchannel_run_tp0.5_fk0.0_rp0.0_vd0.0_seed45_20260831_194044_437516.json,390,33,2810,34,34,True,0,False,,4.2839367389678955,{},asymptotic,True,,3,results/bob_realchannel_run_tp0.5_fk0.0_rp0.0_vd0.0_seed45_20260831_194044_437516.json,results/alice_realchannel_run_seed45_20260831_194044_428214.json,unknown,2026-08-31T19:40:49.171721,toeplitz,0.5,0,0.0128205128205128
0.5,0.0,0.0,0.0,46,results/bob_realchannel_run_tp0.5_fk0.0_rp0.0_vd0.0_seed46_20260831_194050_174704.json,390,33,2810,34,34,True,0,False,,2.2075510025024414,{'toeplitz_matrix': 1},asymptotic,False,,4,results/bob_realchannel_run_tp0.5_fk0.0_rp0.0_vd0.0_seed46_20260831_194050_174704.json,results/alice_realchannel_run_seed46_20260831_194050_172686.json,unknown,2026-08-31T19:40:52.808118,toeplitz,0.5,0,0.0128205128205128
0.5,0.0,0.0,0.0,47,results/bob_realchannel_run_tp0.5_fk0.0_rp0.0_vd0.0_seed47_20260831_194053_801757.json,390,33,2810,34,34,True,0,False,,2.4684038162231445,{'toeplitz_matrix': 1},asymptotic,False,,5,results/bob_realchannel_run_tp0.5_fk0.0_rp0.0_vd0.0_seed47_20260831_194053_801757.json,results/alice_realchannel_run_seed47_20260831_194053_821466.json,unknown,2026-08-31T19:40:56.702896,toeplitz,0.5,0,0.0128205128205128
0.5,0.0,0.0,0.0,48,results/bob_realchannel_run_tp0.5_fk0.0_rp0.0_vd0.0_seed48_20260831_194057_719567.json,390,33,2810,34,34,True,0,False,,4.366448879241943,{},asymptotic,True,,6,results/bob_realchannel_run_tp0.5_fk0.0_rp0.0_vd0.0_seed48_20260831_194057_719567.json,results/alice_realchannel_run_seed48_20260831_194057_685820.json,unknown,2026-08-31T19:41:02.477393,toeplitz,0.5,0,0.0128205128205128
0.5,0.0,0.0,0.0,49,results/bob_realchannel_run_tp0.5_fk0.0_rp0.0_vd0.0_seed49_20260831_194103_480539.json,390,33,2810,34,34,True,0,False,,4.353216886520386,{},asymptotic,True,,7,results/bob_realchannel_run_tp0.5_fk0.0_rp0.0_vd0.0_seed49_20260831_194103_480539.json,results/alice_realchannel_run_seed49_20260831_194103_459895.json,unknown,2026-08-31T19:41:08.224143,toeplitz,0.5,0,0.0128205128205128
0.5,0.0,0.0,0.0,50,results/bob_realchannel_run_tp0.5_fk0.0_rp0.0_vd0.0_seed50_20260831_194109_232868.json,390,33,2810,34,34,True,0,False,,3.452483892440796,{'toeplitz_matrix': 1},asymptotic,True,,8,results/bob_realchannel_run_tp0.5_fk0.0_rp0.0_vd0.0_seed50_20260831_194109_232868.json,results/alice_realchannel_run_seed50_20260831_194109_205734.json,unknown,2026-08-31T19:41:13.076516,toeplitz,0.5,0,0.0128205128205128
0.5,0.0,0.0,0.0,51,results/bob_realchannel_run_tp0.5_fk0.0_rp0.0_vd0.0_seed51_20260831_194114_079388.json,390,33,2810,34,34,True,0,False,,4.358343839645386,{},asymptotic,True,,9,results/bob_realchannel_run_tp0.5_fk0.0_rp0.0_vd0.0_seed51_20260831_194114_079388.json,results/alice_realchannel_run_seed51_20260831_194114_064718.json,unknown,2026-08-31T19:41:18.828306,toeplitz,0.5,0,0.0128205128205128
0.3,0.0,0.0,0.0,42,results/bob_realchannel_run_tp0.3_fk0.0_rp0.0_vd0.0_seed42_20260831_194119_832244.json,390,33,2810,34,34,True,0,False,,1.9811663627624512,{},asymptotic,True,,0,results/bob_realchannel_run_tp0.3_fk0.0_rp0.0_vd0.0_seed42_20260831_194119_832244.json,results/alice_realchannel_run_seed42_20260831_194119_838556.json,unknown,2026-08-31T19:41:22.281452,toeplitz,0.3,0,0.0128205128205128
0.3,0.0,0.0,0.0,43,results/bob_realchannel_run_tp0.3_fk0.0_rp0.0_vd0.0_seed43_20260831_194123_286860.json,390,33,2810,34,34,True,0,False,,4.198647737503052,{},asymptotic,True,,1,results/bob_realchannel_run_tp0.3_fk0.0_rp0.0_vd0.0_seed43_20260831_194123_286860.json,results/alice_realchannel_run_seed43_20260831_194123_265161.json,unknown,2026-08-31T19:41:27.881108,toeplitz,0.3,0,0.0128205128205128
0.3,0.0,0.0,0.0,44,results/bob_realchannel_run_tp0.3_fk0.0_rp0.0_vd0.0_seed44_20260831_194128_893311.json,390,33,2810,34,34,True,0,False,,1.7282803058624268,{},asymptotic,True,,2,results/bob_realchannel_run_tp0.3_fk0.0_rp0.0_vd0.0_seed44_20260831_194128_893311.json,results/alice_realchannel_run_seed44_20260831_194128_893360.json,unknown,2026-08-31T19:41:31.071347,toeplitz,0.3,0,0.0128205128205128
0.3,0.0,0.0,0.0,45,results/bob_realchannel_run_tp0.3_fk0.0_rp0.0_vd0.0_seed45_20260831_194132_078250.json,390,33,2810,34,34,True,0,False,,3.5634610652923584,{},asymptotic,True,,3,results/bob_realchannel_run_tp0.3_fk0.0_rp0.0_vd0.0_seed45_20260831_194132_078250.json,results/alice_realchannel_run_seed45_20260831_194132_059280.json,unknown,2026-08-31T19:41:36.034584,toeplitz,0.3,0,0.0128205128205128
0.3,0.0,0.0,0.0,46,results/bob_realchannel_run_tp0.3_fk0.0_rp0.0_vd0.0_seed46_20260831_194137_035552.json,390,33,2810,34,34,True,0,False,,3.4860987663269043,{'toeplitz_matrix': 1},asymptotic,False,,4,results/bob_realchannel_run_tp0.3_fk0.0_rp0.0_vd0.0_seed46_20260831_194137_035552.json,results/alice_realchannel_run_seed46_20260831_194137_015558.json,unknown,2026-08-31T19:41:40.914435,toeplitz,0.3,0,0.0128205128205128
0.3,0.0,0.0,0.0,47,results/bob_realchannel_run_tp0.3_fk0.0_rp0.0_vd0.0_seed47_20260831_194141_931923.json,390,33,2810,34,34,True,0,False,,4.457513093948364,{'toeplitz_matrix': 1},asymptotic,False,,5,results/bob_realchannel_run_tp0.3_fk0.0_rp0.0_vd0.0_seed47_20260831_194141_931923.json,results/alice_realchannel_run_seed47_20260831_194141_924527.json,unknown,2026-08-31T19:41:46.787846,toeplitz,0.3,0,0.0128205128205128
0.3,0.0,0.0,0.0,48,results/bob_realchannel_run_tp0.3_fk0.0_rp0.0_vd0.0_seed48_20260831_194147_790201.json,390,33,2810,34,34,True,0,False,,4.383454322814941,{},asymptotic,True,,6,results/bob_realchannel_run_tp0.3_fk0.0_rp0.0_vd0.0_seed48_20260831_194147_790201.json,results/alice_realchannel_run_seed48_20260831_194147_775538.json,unknown,2026-08-31T19:41:52.563794,toeplitz,0.3,0,0.0128205128205128
0.3,0.0,0.0,0.0,49,results/bob_realchannel_run_tp0.3_fk0.0_rp0.0_vd0.0_seed49_20260831_194153_576237.json,390,33,2810,34,34,True,0,False,,4.341421365737915,{},asymptotic,True,,7,results/bob_realchannel_run_tp0.3_fk0.0_rp0.0_vd0.0_seed49_20260831_194153_576237.json,results/alice_realchannel_run_seed49_20260831_194153_543465.json,unknown,2026-08-31T19:41:58.291531,toeplitz,0.3,0,0.0128205128205128
0.3,0.0,0.0,0.0,50,results/bob_realchannel_run_tp0.3_fk0.0_rp0.0_vd0.0_seed50_20260831_194159_306462.json,390,33,2810,34,34,True,0,False,,3.9191172122955322,{},asymptotic,True,,8,results/bob_realchannel_run_tp0.3_fk0.0_rp0.0_vd0.0_seed50_20260831_194159_306462.json,results/alice_realchannel_run_seed50_20260831_194159_292173.json,unknown,2026-08-31T19:42:03.622540,toeplitz,0.3,0,0.0128205128205128
0.3,0.0,0.0,0.0,51,results/bob_realchannel_run_tp0.3_fk0.0_rp0.0_vd0.0_seed51_20260831_194204_661659.json,390,33,2810,34,34,True,0,False,,3.864370346069336,{},asymptotic,True,,9,results/bob_realchannel_run_tp0.3_fk0.0_rp0.0_vd0.0_seed51_20260831_194204_661659.json,results/alice_realchannel_run_seed51_20260831_194204_608825.json,unknown,2026-08-31T19:42:08.904073,toeplitz,0.3,0,0.0128205128205128
0.1,0.0,0.0,0.0,42,results/bob_realchannel_run_tp0.1_fk0.0_rp0.0_vd0.0_seed42_20260831_194209_893622.json,390,33,2810,34,34,True,0,False,,4.216099977493286,{},asymptotic,True,,0,results/bob_realchannel_run_tp0.1_fk0.0_rp0.0_vd0.0_seed42_20260831_194209_893622.json,results/alice_realchannel_run_seed42_20260831_194209_885753.json,unknown,2026-08-31T19:42:14.500955,toeplitz,0.1,0,0.0128205128205128
0.1,0.0,0.0,0.0,43,results/bob_realchannel_run_tp0.1_fk0.0_rp0.0_vd0.0_seed43_20260831_194215_514327.json,390,33,2810,34,34,True,0,False,,3.751326084136963,{},asymptotic,True,,1,results/bob_realchannel_run_tp0.1_fk0.0_rp0.0_vd0.0_seed43_20260831_194215_514327.json,results/alice_realchannel_run_seed43_20260831_194215_491306.json,unknown,2026-08-31T19:42:19.637854,toeplitz,0.1,0,0.0128205128205128
0.1,0.0,0.0,0.0,44,results/bob_realchannel_run_tp0.1_fk0.0_rp0.0_vd0.0_seed44_20260831_194220_652846.json,390,33,2810,34,34,True,0,False,,4.428927183151245,{},asymptotic,True,,2,results/bob_realchannel_run_tp0.1_fk0.0_rp0.0_vd0.0_seed44_20260831_194220_652846.json,results/alice_realchannel_run_seed44_20260831_194220_624734.json,unknown,2026-08-31T19:42:25.468273,toeplitz,0.1,0,0.0128205128205128
0.1,0.0,0.0,0.0,45,results/bob_realchannel_run_tp0.1_fk0.0_rp0.0_vd0.0_seed45_20260831_194226_480182.json,390,33,2810,34,34,True,0,False,,0.9015088081359863,{},asymptotic,True,,3,results/bob_realchannel_run_tp0.1_fk0.0_rp0.0_vd0.0_seed45_20260831_194226_480182.json,results/alice_realchannel_run_seed45_20260831_194226_486100.json,unknown,2026-08-31T19:42:27.770810,toeplitz,0.1,0,0.0128205128205128
0.1,0.0,0.0,0.0,46,results/bob_realchannel_run_tp0.1_fk0.0_rp0.0_vd0.0_seed46_20260831_194228_790434.json,390,33,2810,34,34,True,0,False,,4.18745756149292,{},asymptotic,True,,4,results/bob_realchannel_run_tp0.1_fk0.0_rp0.0_vd0.0_seed46_20260831_194228_790434.json,results/alice_realchannel_run_seed46_20260831_194228_754887.json,unknown,2026-08-31T19:42:33.367132,toeplitz,0.1,0,0.0128205128205128
0.1,0.0,0.0,0.0,47,results/bob_realchannel_run_tp0.1_fk0.0_rp0.0_vd0.0_seed47_20260831_194234_362833.json,390,33,2810,34,34,True,0,False,,4.454131126403809,{},asymptotic,True,,5,results/bob_realchannel_run_tp0.1_fk0.0_rp0.0_vd0.0_seed47_20260831_194234_362833.json,results/alice_realchannel_run_seed47_20260831_194234_357687.json,unknown,2026-08-31T19:42:39.217438,toeplitz,0.1,0,0.0128205128205128
0.1,0.0,0.0,0.0,48,results/bob_realchannel_run_tp0.1_fk0.0_rp0.0_vd0.0_seed48_20260831_194240_214479.json,390,33,2810,34,34,True,0,False,,2.3792383670806885,{},asymptotic,True,,6,results/bob_realchannel_run_tp0.1_fk0.0_rp0.0_vd0.0_seed48_20260831_194240_214479.json,results/alice_realchannel_run_seed48_20260831_194240_210733.json,unknown,2026-08-31T19:42:42.984021,toeplitz,0.1,0,0.0128205128205128
0.1,0.0,0.0,0.0,49,results/bob_realchannel_run_tp0.1_fk0.0_rp0.0_vd0.0_seed49_20260831_194243_980215.json,390,33,2810,34,34,True,0,False,,4.365885257720947,{},asymptotic,True,,7,results/bob_realchannel_run_tp0.1_fk0.0_rp0.0_vd0.0_seed49_20260831_194243_980215.json,results/alice_realchannel_run_seed49_20260831_194243_974191.json,unknown,2026-08-31T19:42:48.735324,toeplitz,0.1,0,0.0128205128205128
0.1,0.0,0.0,0.0,50,results/bob_realchannel_run_tp0.1_fk0.0_rp0.0_vd0.0_seed50_20260831_194249_732608.json,390,33,2810,34,34,True,0,False,,4.377515077590942,{},asymptotic,True,,8,results/bob_realchannel_run_tp0.1_fk0.0_rp0.0_vd0.0_seed50_20260831_194249_732608.json,results/alice_realchannel_run_seed50_20260831_194249_722603.json,unknown,2026-08-31T19:42:54.552741,toeplitz,0.1,0,0.0128205128205128
0.1,0.0,0.0,0.0,51,results/bob_realchannel_run_tp0.1_fk0.0_rp0.0_vd0.0_seed51_20260831_194255_536532.json,390,33,2810,34,34,True,0,False,,2.3613991737365723,{},asymptotic,True,,9,results/bob_realchannel_run_tp0.1_fk0.0_rp0.0_vd0.0_seed51_20260831_194255_536532.json,results/alice_realchannel_run_seed51_20260831_194255_540828.json,unknown,2026-08-31T19:42:58.293752,toeplitz,0.1,0,0.0128205128205128
0.05,0.0,0.0,0.0,42,results/bob_realchannel_run_tp0.05_fk0.0_rp0.0_vd0.0_seed42_20260831_194259_292182.json,390,33,2810,34,34,True,0,False,,4.213248252868652,{},asymptotic,True,,0,results/bob_realchannel_run_tp0.05_fk0.0_rp0.0_vd0.0_seed42_20260831_194259_292182.json,results/alice_realchannel_run_seed42_20260831_194259_278148.json,unknown,2026-08-31T19:43:03.894399,toeplitz,0.05,0,0.0128205128205128
0.05,0.0,0.0,0.0,43,results/bob_realchannel_run_tp0.05_fk0.0_rp0.0_vd0.0_seed43_20260831_194304_888881.json,390,33,2810,34,34,True,0,False,,4.212487697601318,{},asymptotic,True,,1,results/bob_realchannel_run_tp0.05_fk0.0_rp0.0_vd0.0_seed43_20260831_194304_888881.json,results/alice_realchannel_run_seed43_20260831_194304_880815.json,unknown,2026-08-31T19:43:09.489427,toeplitz,0.05,0,0.0128205128205128
0.05,0.0,0.0,0.0,44,results/bob_realchannel_run_tp0.05_fk0.0_rp0.0_vd0.0_seed44_20260831_194310_492484.json,390,33,2810,34,34,True,0,False,,4.441673994064331,{},asymptotic,True,,2,results/bob_realchannel_run_tp0.05_fk0.0_rp0.0_vd0.0_seed44_20260831_194310_492484.json,results/alice_realchannel_run_seed44_20260831_194310_469234.json,unknown,2026-08-31T19:43:15.322473,toeplitz,0.05,0,0.0128205128205128
0.05,0.0,0.0,0.0,45,results/bob_realchannel_run_tp0.05_fk0.0_rp0.0_vd0.0_seed45_20260831_194316_319000.json,390,33,2810,34,34,True,0,False,,2.7021236419677734,{},asymptotic,True,,3,results/bob_realchannel_run_tp0.05_fk0.0_rp0.0_vd0.0_seed45_20260831_194316_319000.json,results/alice_realchannel_run_seed45_20260831_194316_310956.json,unknown,2026-08-31T19:43:19.663868,toeplitz,0.05,0,0.0128205128205128
0.05,0.0,0.0,0.0,46,results/bob_realchannel_run_tp0.05_fk0.0_rp0.0_vd0.0_seed46_20260831_194320_665994.json,390,33,2810,34,34,True,0,False,,4.204056739807129,{},asymptotic,True,,4,results/bob_realchannel_run_tp0.05_fk0.0_rp0.0_vd0.0_seed46_20260831_194320_665994.json,results/alice_realchannel_run_seed46_20260831_194320_651965.json,unknown,2026-08-31T19:43:25.264412,toeplitz,0.05,0,0.0128205128205128
0.05,0.0,0.0,0.0,47,results/bob_realchannel_run_tp0.05_fk0.0_rp0.0_vd0.0_seed47_20260831_194326_294192.json,390,33,2810,34,34,True,0,False,,4.415336847305298,{},asymptotic,True,,5,results/bob_realchannel_run_tp0.05_fk0.0_rp0.0_vd0.0_seed47_20260831_194326_294192.json,results/alice_realchannel_run_seed47_20260831_194326_250020.json,unknown,2026-08-31T19:43:31.097709,toeplitz,0.05,0,0.0128205128205128
0.05,0.0,0.0,0.0,48,results/bob_realchannel_run_tp0.05_fk0.0_rp0.0_vd0.0_seed48_20260831_194332_088963.json,390,33,2810,34,34,True,0,False,,2.3924479484558105,{},asymptotic,True,,6,results/bob_realchannel_run_tp0.05_fk0.0_rp0.0_vd0.0_seed48_20260831_194332_088963.json,results/alice_realchannel_run_seed48_20260831_194332_103101.json,unknown,2026-08-31T19:43:34.870800,toeplitz,0.05,0,0.0128205128205128
0.05,0.0,0.0,0.0,49,results/bob_realchannel_run_tp0.05_fk0.0_rp0.0_vd0.0_seed49_20260831_194335_886806.json,390,33,2810,34,34,True,0,False,,4.339393854141235,{},asymptotic,True,,7,results/bob_realchannel_run_tp0.05_fk0.0_rp0.0_vd0.0_seed49_20260831_194335_886806.json,results/alice_realchannel_run_seed49_20260831_194335_853355.json,unknown,2026-08-31T19:43:40.613350,toeplitz,0.05,0,0.0128205128205128
0.05,0.0,0.0,0.0,50,results/bob_realchannel_run_tp0.05_fk0.0_rp0.0_vd0.0_seed50_20260831_194341_608160.json,390,33,2810,34,34,True,0,False,,2.3733291625976562,{},asymptotic,True,,8,results/bob_realchannel_run_tp0.05_fk0.0_rp0.0_vd0.0_seed50_20260831_194341_608160.json,results/alice_realchannel_run_seed50_20260831_194341_613106.json,unknown,2026-08-31T19:43:44.371210,toeplitz,0.05,0,0.0128205128205128
0.05,0.0,0.0,0.0,51,results/bob_realchannel_run_tp0.05_fk0.0_rp0.0_vd0.0_seed51_20260831_194345_378948.json,390,33,2810,34,34,True,0,False,,3.8987090587615967,{},asymptotic,True,,9,results/bob_realchannel_run_tp0.05_fk0.0_rp0.0_vd0.0_seed51_20260831_194345_378948.json,results/alice_realchannel_run_seed51_20260831_194345_355294.json,unknown,2026-08-31T19:43:49.665465,toeplitz,0.05,0,0.0128205128205128
0.03,0.0,0.0,0.0,42,results/bob_realchannel_run_tp0.03_fk0.0_rp0.0_vd0.0_seed42_20260831_194350_667421.json,390,33,2810,34,34,True,0,False,,4.214221715927124,{},asymptotic,True,,0,results/bob_realchannel_run_tp0.03_fk0.0_rp0.0_vd0.0_seed42_20260831_194350_667421.json,results/alice_realchannel_run_seed42_20260831_194350_651599.json,unknown,2026-08-31T19:43:55.260052,toeplitz,0.03,0,0.0128205128205128
0.03,0.0,0.0,0.0,43,results/bob_realchannel_run_tp0.03_fk0.0_rp0.0_vd0.0_seed43_20260831_194356_265707.json,390,33,2810,34,34,True,0,False,,4.203706741333008,{},asymptotic,True,,1,results/bob_realchannel_run_tp0.03_fk0.0_rp0.0_vd0.0_seed43_20260831_194356_265707.json,results/alice_realchannel_run_seed43_20260831_194356_248209.json,unknown,2026-08-31T19:44:00.849635,toeplitz,0.03,0,0.0128205128205128
0.03,0.0,0.0,0.0,44,results/bob_realchannel_run_tp0.03_fk0.0_rp0.0_vd0.0_seed44_20260831_194401_848154.json,390,33,2810,34,34,True,0,False,,4.4614362716674805,{},asymptotic,True,,2,results/bob_realchannel_run_tp0.03_fk0.0_rp0.0_vd0.0_seed44_20260831_194401_848154.json,results/alice_realchannel_run_seed44_20260831_194401_842114.json,unknown,2026-08-31T19:44:06.697538,toeplitz,0.03,0,0.0128205128205128
0.03,0.0,0.0,0.0,45,results/bob_realchannel_run_tp0.03_fk0.0_rp0.0_vd0.0_seed45_20260831_194407_703660.json,390,33,2810,34,34,True,0,False,,4.28580641746521,{},asymptotic,True,,3,results/bob_realchannel_run_tp0.03_fk0.0_rp0.0_vd0.0_seed45_20260831_194407_703660.json,results/alice_realchannel_run_seed45_20260831_194407_688826.json,unknown,2026-08-31T19:44:12.377342,toeplitz,0.03,0,0.0128205128205128
0.03,0.0,0.0,0.0,46,results/bob_realchannel_run_tp0.03_fk0.0_rp0.0_vd0.0_seed46_20260831_194413_375921.json,390,33,2810,34,34,True,0,False,,4.210592746734619,{},asymptotic,True,,4,results/bob_realchannel_run_tp0.03_fk0.0_rp0.0_vd0.0_seed46_20260831_194413_375921.json,results/alice_realchannel_run_seed46_20260831_194413_358876.json,unknown,2026-08-31T19:44:17.979191,toeplitz,0.03,0,0.0128205128205128
0.03,0.0,0.0,0.0,47,results/bob_realchannel_run_tp0.03_fk0.0_rp0.0_vd0.0_seed47_20260831_194418_979895.json,390,33,2810,34,34,True,0,False,,4.44982385635376,{},asymptotic,True,,5,results/bob_realchannel_run_tp0.03_fk0.0_rp0.0_vd0.0_seed47_20260831_194418_979895.json,results/alice_realchannel_run_seed47_20260831_194418_967414.json,unknown,2026-08-31T19:44:23.819934,toeplitz,0.03,0,0.0128205128205128
0.03,0.0,0.0,0.0,48,results/bob_realchannel_run_tp0.03_fk0.0_rp0.0_vd0.0_seed48_20260831_194424_814283.json,390,33,2810,34,34,True,0,False,,3.4794936180114746,{},asymptotic,True,,6,results/bob_realchannel_run_tp0.03_fk0.0_rp0.0_vd0.0_seed48_20260831_194424_814283.json,results/alice_realchannel_run_seed48_20260831_194424_802353.json,unknown,2026-08-31T19:44:28.682812,toeplitz,0.03,0,0.0128205128205128
0.03,0.0,0.0,0.0,49,results/bob_realchannel_run_tp0.03_fk0.0_rp0.0_vd0.0_seed49_20260831_194429_705223.json,390,33,2810,34,34,True,0,False,,4.344461441040039,{},asymptotic,True,,7,results/bob_realchannel_run_tp0.03_fk0.0_rp0.0_vd0.0_seed49_20260831_194429_705223.json,results/alice_realchannel_run_seed49_20260831_194429_673412.json,unknown,2026-08-31T19:44:34.438360,toeplitz,0.03,0,0.0128205128205128
0.03,0.0,0.0,0.0,50,results/bob_realchannel_run_tp0.03_fk0.0_rp0.0_vd0.0_seed50_20260831_194435_438845.json,390,33,2810,34,34,True,0,False,,4.3752312660217285,{},asymptotic,True,,8,results/bob_realchannel_run_tp0.03_fk0.0_rp0.0_vd0.0_seed50_20260831_194435_438845.json,results/alice_realchannel_run_seed50_20260831_194435_430056.json,unknown,2026-08-31T19:44:40.265025,toeplitz,0.03,0,0.0128205128205128
0.03,0.0,0.0,0.0,51,results/bob_realchannel_run_tp0.03_fk0.0_rp0.0_vd0.0_seed51_20260831_194441_258162.json,390,33,2810,34,34,True,0,False,,2.3677144050598145,{},asymptotic,True,,9,results/bob_realchannel_run_tp0.03_fk0.0_rp0.0_vd0.0_seed51_20260831_194441_258162.json,results/alice_realchannel_run_seed51_20260831_194441_267708.json,unknown,2026-08-31T19:44:44.022690,toeplitz,0.03,0,0.0128205128205128
0.01,0.0,0.0,0.0,42,results/bob_realchannel_run_tp0.01_fk0.0_rp0.0_vd0.0_seed42_20260831_194445_013621.json,390,33,2810,34,34,True,0,False,,2.2119476795196533,{},asymptotic,True,,0,results/bob_realchannel_run_tp0.01_fk0.0_rp0.0_vd0.0_seed42_20260831_194445_013621.json,results/alice_realchannel_run_seed42_20260831_194445_015390.json,unknown,2026-08-31T19:44:47.616711,toeplitz,0.01,0,0.0128205128205128
0.01,0.0,0.0,0.0,43,results/bob_realchannel_run_tp0.01_fk0.0_rp0.0_vd0.0_seed43_20260831_194448_616015.json,390,33,2810,34,34,True,0,False,,4.209669589996338,{},asymptotic,True,,1,results/bob_realchannel_run_tp0.01_fk0.0_rp0.0_vd0.0_seed43_20260831_194448_616015.json,results/alice_realchannel_run_seed43_20260831_194448_597061.json,unknown,2026-08-31T19:44:53.220623,toeplitz,0.01,0,0.0128205128205128
0.01,0.0,0.0,0.0,44,results/bob_realchannel_run_tp0.01_fk0.0_rp0.0_vd0.0_seed44_20260831_194454_224230.json,390,33,2810,34,34,True,0,False,,4.001397609710693,{},asymptotic,True,,2,results/bob_realchannel_run_tp0.01_fk0.0_rp0.0_vd0.0_seed44_20260831_194454_224230.json,results/alice_realchannel_run_seed44_20260831_194454_217758.json,unknown,2026-08-31T19:44:58.615205,toeplitz,0.01,0,0.0128205128205128
0.01,0.0,0.0,0.0,45,results/bob_realchannel_run_tp0.01_fk0.0_rp0.0_vd0.0_seed45_20260831_194459_617658.json,390,33,2810,34,34,True,0,False,,2.292353868484497,{},asymptotic,True,,3,results/bob_realchannel_run_tp0.01_fk0.0_rp0.0_vd0.0_seed45_20260831_194459_617658.json,results/alice_realchannel_run_seed45_20260831_194459_626333.json,unknown,2026-08-31T19:45:02.325376,toeplitz,0.01,0,0.0128205128205128
0.01,0.0,0.0,0.0,46,results/bob_realchannel_run_tp0.01_fk0.0_rp0.0_vd0.0_seed46_20260831_194503_319899.json,390,33,2810,34,34,True,0,False,,2.2180252075195312,{},asymptotic,True,,4,results/bob_realchannel_run_tp0.01_fk0.0_rp0.0_vd0.0_seed46_20260831_194503_319899.json,results/alice_realchannel_run_seed46_20260831_194503_324554.json,unknown,2026-08-31T19:45:05.927246,toeplitz,0.01,0,0.0128205128205128
0.01,0.0,0.0,0.0,47,results/bob_realchannel_run_tp0.01_fk0.0_rp0.0_vd0.0_seed47_20260831_194506_930677.json,390,33,2810,34,34,True,0,False,,4.446966648101807,{},asymptotic,True,,5,results/bob_realchannel_run_tp0.01_fk0.0_rp0.0_vd0.0_seed47_20260831_194506_930677.json,results/alice_realchannel_run_seed47_20260831_194506_915787.json,unknown,2026-08-31T19:45:11.767376,toeplitz,0.01,0,0.0128205128205128
0.01,0.0,0.0,0.0,48,results/bob_realchannel_run_tp0.01_fk0.0_rp0.0_vd0.0_seed48_20260831_194512_767766.json,390,33,2810,34,34,True,0,False,,4.385669946670532,{},asymptotic,True,,6,results/bob_realchannel_run_tp0.01_fk0.0_rp0.0_vd0.0_seed48_20260831_194512_767766.json,results/alice_realchannel_run_seed48_20260831_194512_755597.json,unknown,2026-08-31T19:45:17.541651,toeplitz,0.01,0,0.0128205128205128
0.01,0.0,0.0,0.0,49,results/bob_realchannel_run_tp0.01_fk0.0_rp0.0_vd0.0_seed49_20260831_194518_527058.json,390,33,2810,34,34,True,0,False,,1.9102778434753418,{},asymptotic,True,,7,results/bob_realchannel_run_tp0.01_fk0.0_rp0.0_vd0.0_seed49_20260831_194518_527058.json,results/alice_realchannel_run_seed49_20260831_194518_531423.json,unknown,2026-08-31T19:45:20.823167,toeplitz,0.01,0,0.0128205128205128
0.01,0.0,0.0,0.0,50,results/bob_realchannel_run_tp0.01_fk0.0_rp0.0_vd0.0_seed50_20260831_194521_820154.json,390,33,2810,34,34,True,0,False,,4.373666286468506,{},asymptotic,True,,8,results/bob_realchannel_run_tp0.01_fk0.0_rp0.0_vd0.0_seed50_20260831_194521_820154.json,results/alice_realchannel_run_seed50_20260831_194521_809301.json,unknown,2026-08-31T19:45:26.582267,toeplitz,0.01,0,0.0128205128205128
0.01,0.0,0.0,0.0,51,results/bob_realchannel_run_tp0.01_fk0.0_rp0.0_vd0.0_seed51_20260831_194527_592952.json,390,33,2810,34,34,True,0,False,,4.348423480987549,{},asymptotic,True,,9,results/bob_realchannel_run_tp0.01_fk0.0_rp0.0_vd0.0_seed51_20260831_194527_592952.json,results/alice_realchannel_run_seed51_20260831_194527_569500.json,unknown,2026-08-31T19:45:32.331153,toeplitz,0.01,0,0.0128205128205128
0.003,0.0,0.0,0.0,42,results/bob_realchannel_run_tp0.003_fk0.0_rp0.0_vd0.0_seed42_20260831_194533_336712.json,390,33,2810,34,34,True,0,False,,3.7488701343536377,{},asymptotic,True,,0,results/bob_realchannel_run_tp0.003_fk0.0_rp0.0_vd0.0_seed42_20260831_194533_336712.json,results/alice_realchannel_run_seed42_20260831_194533_310431.json,unknown,2026-08-31T19:45:37.473476,toeplitz,0.003,0,0.0128205128205128
0.003,0.0,0.0,0.0,43,results/bob_realchannel_run_tp0.003_fk0.0_rp0.0_vd0.0_seed43_20260831_194538_468163.json,390,33,2810,34,34,True,0,False,,2.2093377113342285,{},asymptotic,True,,1,results/bob_realchannel_run_tp0.003_fk0.0_rp0.0_vd0.0_seed43_20260831_194538_468163.json,results/alice_realchannel_run_seed43_20260831_194538_467338.json,unknown,2026-08-31T19:45:41.065001,toeplitz,0.003,0,0.0128205128205128
0.003,0.0,0.0,0.0,44,results/bob_realchannel_run_tp0.003_fk0.0_rp0.0_vd0.0_seed44_20260831_194542_053845.json,390,33,2810,34,34,True,0,False,,2.4476661682128906,{},asymptotic,True,,2,results/bob_realchannel_run_tp0.003_fk0.0_rp0.0_vd0.0_seed44_20260831_194542_053845.json,results/alice_realchannel_run_seed44_20260831_194542_051569.json,unknown,2026-08-31T19:45:44.895124,toeplitz,0.003,0,0.0128205128205128
0.003,0.0,0.0,0.0,45,results/bob_realchannel_run_tp0.003_fk0.0_rp0.0_vd0.0_seed45_20260831_194545_891710.json,390,33,2810,34,34,True,0,False,,4.294068813323975,{},asymptotic,True,,3,results/bob_realchannel_run_tp0.003_fk0.0_rp0.0_vd0.0_seed45_20260831_194545_891710.json,results/alice_realchannel_run_seed45_20260831_194545_884046.json,unknown,2026-08-31T19:45:50.574442,toeplitz,0.003,0,0.0128205128205128
0.003,0.0,0.0,0.0,46,results/bob_realchannel_run_tp0.003_fk0.0_rp0.0_vd0.0_seed46_20260831_194551_567303.json,390,33,2810,34,34,True,0,False,,4.218593597412109,{},asymptotic,True,,4,results/bob_realchannel_run_tp0.003_fk0.0_rp0.0_vd0.0_seed46_20260831_194551_567303.json,results/alice_realchannel_run_seed46_20260831_194551_562715.json,unknown,2026-08-31T19:45:56.183931,toeplitz,0.003,0,0.0128205128205128
0.003,0.0,0.0,0.0,47,results/bob_realchannel_run_tp0.003_fk0.0_rp0.0_vd0.0_seed47_20260831_194557_165126.json,390,33,2810,34,34,True,0,False,,2.4483535289764404,{},asymptotic,True,,5,results/bob_realchannel_run_tp0.003_fk0.0_rp0.0_vd0.0_seed47_20260831_194557_165126.json,results/alice_realchannel_run_seed47_20260831_194557_170485.json,unknown,2026-08-31T19:46:00.001443,toeplitz,0.003,0,0.0128205128205128
0.003,0.0,0.0,0.0,48,results/bob_realchannel_run_tp0.003_fk0.0_rp0.0_vd0.0_seed48_20260831_194601_033853.json,390,33,2810,34,34,True,0,False,,4.355890989303589,{},asymptotic,True,,6,results/bob_realchannel_run_tp0.003_fk0.0_rp0.0_vd0.0_seed48_20260831_194601_033853.json,results/alice_realchannel_run_seed48_20260831_194600_988832.json,unknown,2026-08-31T19:46:05.779885,toeplitz,0.003,0,0.0128205128205128
0.003,0.0,0.0,0.0,49,results/bob_realchannel_run_tp0.003_fk0.0_rp0.0_vd0.0_seed49_20260831_194606_771498.json,390,33,2810,34,34,True,0,False,,4.157953262329102,{},asymptotic,True,,7,results/bob_realchannel_run_tp0.003_fk0.0_rp0.0_vd0.0_seed49_20260831_194606_771498.json,results/alice_realchannel_run_seed49_20260831_194606_760453.json,unknown,2026-08-31T19:46:11.321340,toeplitz,0.003,0,0.0128205128205128
0.003,0.0,0.0,0.0,50,results/bob_realchannel_run_tp0.003_fk0.0_rp0.0_vd0.0_seed50_20260831_194612_359634.json,390,33,2810,34,34,True,0,False,,3.877974033355713,{},asymptotic,True,,8,results/bob_realchannel_run_tp0.003_fk0.0_rp0.0_vd0.0_seed50_20260831_194612_359634.json,results/alice_realchannel_run_seed50_20260831_194612_307051.json,unknown,2026-08-31T19:46:16.618489,toeplitz,0.003,0,0.0128205128205128
0.003,0.0,0.0,0.0,51,results/bob_realchannel_run_tp0.003_fk0.0_rp0.0_vd0.0_seed51_20260831_194617_602835.json,390,33,2810,34,34,True,0,False,,2.354710817337036,{},asymptotic,True,,9,results/bob_realchannel_run_tp0.003_fk0.0_rp0.0_vd0.0_seed51_20260831_194617_602835.json,results/alice_realchannel_run_seed51_20260831_194617_601278.json,unknown,2026-08-31T19:46:20.345245,toeplitz,0.003,0,0.0128205128205128
0.001,0.0,0.0,0.0,42,results/bob_realchannel_run_tp0.001_fk0.0_rp0.0_vd0.0_seed42_20260831_194621_327309.json,390,33,2810,34,34,True,0,False,,2.2148380279541016,{},asymptotic,True,,0,results/bob_realchannel_run_tp0.001_fk0.0_rp0.0_vd0.0_seed42_20260831_194621_327309.json,results/alice_realchannel_run_seed42_20260831_194621_333226.json,unknown,2026-08-31T19:46:23.929566,toeplitz,0.001,0,0.0128205128205128
0.001,0.0,0.0,0.0,43,results/bob_realchannel_run_tp0.001_fk0.0_rp0.0_vd0.0_seed43_20260831_194624_911979.json,390,33,2810,34,34,True,0,False,,1.761894941329956,{},asymptotic,True,,1,results/bob_realchannel_run_tp0.001_fk0.0_rp0.0_vd0.0_seed43_20260831_194624_911979.json,results/alice_realchannel_run_seed43_20260831_194624_916140.json,unknown,2026-08-31T19:46:27.062114,toeplitz,0.001,0,0.0128205128205128
0.001,0.0,0.0,0.0,44,results/bob_realchannel_run_tp0.001_fk0.0_rp0.0_vd0.0_seed44_20260831_194628_050720.json,390,33,2810,34,34,True,0,False,,2.011462450027466,{},asymptotic,True,,2,results/bob_realchannel_run_tp0.001_fk0.0_rp0.0_vd0.0_seed44_20260831_194628_050720.json,results/alice_realchannel_run_seed44_20260831_194628_068720.json,unknown,2026-08-31T19:46:30.450897,toeplitz,0.001,0,0.0128205128205128
0.001,0.0,0.0,0.0,45,results/bob_realchannel_run_tp0.001_fk0.0_rp0.0_vd0.0_seed45_20260831_194631_442475.json,390,33,2810,34,34,True,0,False,,4.291175842285156,{},asymptotic,True,,3,results/bob_realchannel_run_tp0.001_fk0.0_rp0.0_vd0.0_seed45_20260831_194631_442475.json,results/alice_realchannel_run_seed45_20260831_194631_433325.json,unknown,2026-08-31T19:46:36.121631,toeplitz,0.001,0,0.0128205128205128
0.001,0.0,0.0,0.0,46,results/bob_realchannel_run_tp0.001_fk0.0_rp0.0_vd0.0_seed46_20260831_194637_123950.json,390,33,2810,34,34,True,0,False,,4.209585666656494,{},asymptotic,True,,4,results/bob_realchannel_run_tp0.001_fk0.0_rp0.0_vd0.0_seed46_20260831_194637_123950.json,results/alice_realchannel_run_seed46_20260831_194637_106068.json,unknown,2026-08-31T19:46:41.722033,toeplitz,0.001,0,0.0128205128205128
0.001,0.0,0.0,0.0,47,results/bob_realchannel_run_tp0.001_fk0.0_rp0.0_vd0.0_seed47_20260831_194642_717503.json,390,33,2810,34,34,True,0,False,,4.45257306098938,{},asymptotic,True,,5,results/bob_realchannel_run_tp0.001_fk0.0_rp0.0_vd0.0_seed47_20260831_194642_717503.json,results/alice_realchannel_run_seed47_20260831_194642_712565.json,unknown,2026-08-31T19:46:47.560129,toeplitz,0.001,0,0.0128205128205128
0.001,0.0,0.0,0.0,48,results/bob_realchannel_run_tp0.001_fk0.0_rp0.0_vd0.0_seed48_20260831_194648_557871.json,390,33,2810,34,34,True,0,False,,4.387752056121826,{},asymptotic,True,,6,results/bob_realchannel_run_tp0.001_fk0.0_rp0.0_vd0.0_seed48_20260831_194648_557871.json,results/alice_realchannel_run_seed48_20260831_194648_548948.json,unknown,2026-08-31T19:46:53.333434,toeplitz,0.001,0,0.0128205128205128
0.001,0.0,0.0,0.0,49,results/bob_realchannel_run_tp0.001_fk0.0_rp0.0_vd0.0_seed49_20260831_194654_318683.json,390,33,2810,34,34,True,0,False,,2.3787009716033936,{},asymptotic,True,,7,results/bob_realchannel_run_tp0.001_fk0.0_rp0.0_vd0.0_seed49_20260831_194654_318683.json,results/alice_realchannel_run_seed49_20260831_194654_327654.json,unknown,2026-08-31T19:46:57.085092,toeplitz,0.001,0,0.0128205128205128
0.001,0.0,0.0,0.0,50,results/bob_realchannel_run_tp0.001_fk0.0_rp0.0_vd0.0_seed50_20260831_194658_078443.json,390,33,2810,34,34,True,0,False,,3.922792673110962,{},asymptotic,True,,8,results/bob_realchannel_run_tp0.001_fk0.0_rp0.0_vd0.0_seed50_20260831_194658_078443.json,results/alice_realchannel_run_seed50_20260831_194658_070408.json,unknown,2026-08-31T19:47:02.389187,toeplitz,0.001,0,0.0128205128205128
0.001,0.0,0.0,0.0,51,results/bob_realchannel_run_tp0.001_fk0.0_rp0.0_vd0.0_seed51_20260831_194703_387426.json,390,33,2810,34,34,True,0,False,,4.366156339645386,{},asymptotic,True,,9,results/bob_realchannel_run_tp0.001_fk0.0_rp0.0_vd0.0_seed51_20260831_194703_387426.json,results/alice_realchannel_run_seed51_20260831_194703_381313.json,unknown,2026-08-31T19:47:08.145782,toeplitz,0.001,0,0.0128205128205128
0.5,0.0,0.0,0.0,42,results/bob_realchannel_run_tp0.5_fk0.0_rp0.0_vd0.0_seed42_20260831_200804_184076.json,379,35,2608,34,34,True,0,False,,2.7194573879241943,{'toeplitz_matrix': 1},asymptotic,False,,0,results/bob_realchannel_run_tp0.5_fk0.0_rp0.0_vd0.0_seed42_20260831_200804_184076.json,results/alice_realchannel_run_seed42_20260831_200803_989945.json,unknown,2026-08-31T20:08:07.328884,toeplitz,0.5,1,0.0158311345646438
0.5,0.0,0.0,0.0,43,results/bob_realchannel_run_tp0.5_fk0.0_rp0.0_vd0.0_seed43_20260831_200808_390815.json,379,35,2608,34,34,True,0,False,,2.6926729679107666,{},asymptotic,True,,1,results/bob_realchannel_run_tp0.5_fk0.0_rp0.0_vd0.0_seed43_20260831_200808_390815.json,results/alice_realchannel_run_seed43_20260831_200808_328629.json,unknown,2026-08-31T20:08:11.508196,toeplitz,0.5,1,0.0158311345646438
0.5,0.0,0.0,0.0,44,results/bob_realchannel_run_tp0.5_fk0.0_rp0.0_vd0.0_seed44_20260831_200812_526344.json,379,35,2608,34,34,True,0,False,,2.813077688217163,{},asymptotic,True,,2,results/bob_realchannel_run_tp0.5_fk0.0_rp0.0_vd0.0_seed44_20260831_200812_526344.json,results/alice_realchannel_run_seed44_20260831_200812_512091.json,unknown,2026-08-31T20:08:15.789053,toeplitz,0.5,1,0.0158311345646438
0.5,0.0,0.0,0.0,45,results/bob_realchannel_run_tp0.5_fk0.0_rp0.0_vd0.0_seed45_20260831_200816_805744.json,379,35,2608,34,34,True,0,False,,3.20566463470459,{},asymptotic,True,,3,results/bob_realchannel_run_tp0.5_fk0.0_rp0.0_vd0.0_seed45_20260831_200816_805744.json,results/alice_realchannel_run_seed45_20260831_200816_793826.json,unknown,2026-08-31T20:08:20.461929,toeplitz,0.5,1,0.0158311345646438
0.5,0.0,0.0,0.0,46,results/bob_realchannel_run_tp0.5_fk0.0_rp0.0_vd0.0_seed46_20260831_200821_487568.json,379,35,2608,34,34,True,0,False,,2.803920269012451,{},asymptotic,True,,4,results/bob_realchannel_run_tp0.5_fk0.0_rp0.0_vd0.0_seed46_20260831_200821_487568.json,results/alice_realchannel_run_seed46_20260831_200821_467166.json,unknown,2026-08-31T20:08:24.717079,toeplitz,0.5,1,0.0158311345646438
0.5,0.0,0.0,0.0,47,results/bob_realchannel_run_tp0.5_fk0.0_rp0.0_vd0.0_seed47_20260831_200825_733479.json,379,35,2608,34,34,True,0,False,,1.2147207260131836,{},asymptotic,True,,5,results/bob_realchannel_run_tp0.5_fk0.0_rp0.0_vd0.0_seed47_20260831_200825_733479.json,results/alice_realchannel_run_seed47_20260831_200825_759955.json,unknown,2026-08-31T20:08:27.355800,toeplitz,0.5,1,0.0158311345646438
0.5,0.0,0.0,0.0,48,results/bob_realchannel_run_tp0.5_fk0.0_rp0.0_vd0.0_seed48_20260831_200828_367639.json,379,35,2608,34,34,True,0,False,,1.2003097534179688,{'toeplitz_matrix': 1},asymptotic,False,,6,results/bob_realchannel_run_tp0.5_fk0.0_rp0.0_vd0.0_seed48_20260831_200828_367639.json,results/alice_realchannel_run_seed48_20260831_200828_362000.json,unknown,2026-08-31T20:08:29.990206,toeplitz,0.5,1,0.0158311345646438
0.5,0.0,0.0,0.0,49,results/bob_realchannel_run_tp0.5_fk0.0_rp0.0_vd0.0_seed49_20260831_200831_020908.json,379,35,2608,34,34,True,0,False,,3.110858678817749,{'toeplitz_matrix': 1},asymptotic,False,,7,results/bob_realchannel_run_tp0.5_fk0.0_rp0.0_vd0.0_seed49_20260831_200831_020908.json,results/alice_realchannel_run_seed49_20260831_200830_983790.json,unknown,2026-08-31T20:08:34.553653,toeplitz,0.5,1,0.0158311345646438
0.5,0.0,0.0,0.0,50,results/bob_realchannel_run_tp0.5_fk0.0_rp0.0_vd0.0_seed50_20260831_200835_614952.json,379,35,2608,34,34,True,0,False,,2.6886415481567383,{},asymptotic,True,,8,results/bob_realchannel_run_tp0.5_fk0.0_rp0.0_vd0.0_seed50_20260831_200835_614952.json,results/alice_realchannel_run_seed50_20260831_200835_545346.json,unknown,2026-08-31T20:08:38.722979,toeplitz,0.5,1,0.0158311345646438
0.5,0.0,0.0,0.0,51,results/bob_realchannel_run_tp0.5_fk0.0_rp0.0_vd0.0_seed51_20260831_200839_755678.json,379,35,2608,34,34,True,0,False,,2.8763227462768555,{'toeplitz_matrix': 1},asymptotic,True,,9,results/bob_realchannel_run_tp0.5_fk0.0_rp0.0_vd0.0_seed51_20260831_200839_755678.json,results/alice_realchannel_run_seed51_20260831_200839_721648.json,unknown,2026-08-31T20:08:43.052332,toeplitz,0.5,1,0.0158311345646438
0.3,0.0,0.0,0.0,42,results/bob_realchannel_run_tp0.3_fk0.0_rp0.0_vd0.0_seed42_20260831_200844_096227.json,379,35,2608,34,34,True,0,False,,3.259434223175049,{'toeplitz_matrix': 1},asymptotic,False,,0,results/bob_realchannel_run_tp0.3_fk0.0_rp0.0_vd0.0_seed42_20260831_200844_096227.json,results/alice_realchannel_run_seed42_20260831_200844_047536.json,unknown,2026-08-31T20:08:47.775184,toeplitz,0.3,1,0.0158311345646438
0.3,0.0,0.0,0.0,43,results/bob_realchannel_run_tp0.3_fk0.0_rp0.0_vd0.0_seed43_20260831_200848_791277.json,379,35,2608,34,34,True,0,False,,3.33256196975708,{},asymptotic,True,,1,results/bob_realchannel_run_tp0.3_fk0.0_rp0.0_vd0.0_seed43_20260831_200848_791277.json,results/alice_realchannel_run_seed43_20260831_200848_770364.json,unknown,2026-08-31T20:08:52.545475,toeplitz,0.3,1,0.0158311345646438
0.3,0.0,0.0,0.0,44,results/bob_realchannel_run_tp0.3_fk0.0_rp0.0_vd0.0_seed44_20260831_200853_576292.json,379,35,2608,34,34,True,0,False,,3.175532102584839,{},asymptotic,True,,2,results/bob_realchannel_run_tp0.3_fk0.0_rp0.0_vd0.0_seed44_20260831_200853_576292.json,results/alice_realchannel_run_seed44_20260831_200853_532185.json,unknown,2026-08-31T20:08:57.173066,toeplitz,0.3,1,0.0158311345646438
0.3,0.0,0.0,0.0,45,results/bob_realchannel_run_tp0.3_fk0.0_rp0.0_vd0.0_seed45_20260831_200858_191493.json,379,35,2608,34,34,True,0,False,,2.812638759613037,{},asymptotic,True,,3,results/bob_realchannel_run_tp0.3_fk0.0_rp0.0_vd0.0_seed45_20260831_200858_191493.json,results/alice_realchannel_run_seed45_20260831_200858_172255.json,unknown,2026-08-31T20:09:01.424802,toeplitz,0.3,1,0.0158311345646438
0.3,0.0,0.0,0.0,46,results/bob_realchannel_run_tp0.3_fk0.0_rp0.0_vd0.0_seed46_20260831_200902_512134.json,379,35,2608,34,34,True,0,False,,2.7393505573272705,{},asymptotic,True,,4,results/bob_realchannel_run_tp0.3_fk0.0_rp0.0_vd0.0_seed46_20260831_200902_512134.json,results/alice_realchannel_run_seed46_20260831_200902_422336.json,unknown,2026-08-31T20:09:05.774933,toeplitz,0.3,1,0.0158311345646438
0.3,0.0,0.0,0.0,47,results/bob_realchannel_run_tp0.3_fk0.0_rp0.0_vd0.0_seed47_20260831_200906_849748.json,379,35,2608,34,34,True,0,False,,2.7378320693969727,{},asymptotic,True,,5,results/bob_realchannel_run_tp0.3_fk0.0_rp0.0_vd0.0_seed47_20260831_200906_849748.json,results/alice_realchannel_run_seed47_20260831_200906_772805.json,unknown,2026-08-31T20:09:10.009289,toeplitz,0.3,1,0.0158311345646438
0.3,0.0,0.0,0.0,48,results/bob_realchannel_run_tp0.3_fk0.0_rp0.0_vd0.0_seed48_20260831_200911_099120.json,379,35,2608,34,34,True,0,False,,2.736288547515869,{'toeplitz_matrix': 1},asymptotic,False,,6,results/bob_realchannel_run_tp0.3_fk0.0_rp0.0_vd0.0_seed48_20260831_200911_099120.json,results/alice_realchannel_run_seed48_20260831_200911_010450.json,unknown,2026-08-31T20:09:14.269514,toeplitz,0.3,1,0.0158311345646438
0.3,0.0,0.0,0.0,49,results/bob_realchannel_run_tp0.3_fk0.0_rp0.0_vd0.0_seed49_20260831_200915_299812.json,379,35,2608,34,34,True,0,False,,2.7120089530944824,{'toeplitz_matrix': 1},asymptotic,False,,7,results/bob_realchannel_run_tp0.3_fk0.0_rp0.0_vd0.0_seed49_20260831_200915_299812.json,results/alice_realchannel_run_seed49_20260831_200915_257119.json,unknown,2026-08-31T20:09:18.431855,toeplitz,0.3,1,0.0158311345646438
0.3,0.0,0.0,0.0,50,results/bob_realchannel_run_tp0.3_fk0.0_rp0.0_vd0.0_seed50_20260831_200919_438780.json,379,35,2608,34,34,True,0,False,,2.6933279037475586,{},asymptotic,True,,8,results/bob_realchannel_run_tp0.3_fk0.0_rp0.0_vd0.0_seed50_20260831_200919_438780.json,results/alice_realchannel_run_seed50_20260831_200919_427774.json,unknown,2026-08-31T20:09:22.554833,toeplitz,0.3,1,0.0158311345646438
0.3,0.0,0.0,0.0,51,results/bob_realchannel_run_tp0.3_fk0.0_rp0.0_vd0.0_seed51_20260831_200923_565214.json,379,35,2608,34,34,True,0,False,,2.9023869037628174,{'toeplitz_matrix': 1},asymptotic,True,,9,results/bob_realchannel_run_tp0.3_fk0.0_rp0.0_vd0.0_seed51_20260831_200923_565214.json,results/alice_realchannel_run_seed51_20260831_200923_550100.json,unknown,2026-08-31T20:09:26.892442,toeplitz,0.3,1,0.0158311345646438
0.1,0.0,0.0,0.0,42,results/bob_realchannel_run_tp0.1_fk0.0_rp0.0_vd0.0_seed42_20260831_200927_892570.json,379,35,2608,34,34,True,0,False,,1.2832696437835693,{},asymptotic,True,,0,results/bob_realchannel_run_tp0.1_fk0.0_rp0.0_vd0.0_seed42_20260831_200927_892570.json,results/alice_realchannel_run_seed42_20260831_200927_888917.json,unknown,2026-08-31T20:09:29.599703,toeplitz,0.1,1,0.0158311345646438
0.1,0.0,0.0,0.0,43,results/bob_realchannel_run_tp0.1_fk0.0_rp0.0_vd0.0_seed43_20260831_200930_627246.json,379,35,2608,34,34,True,0,False,,2.7167134284973145,{},asymptotic,True,,1,results/bob_realchannel_run_tp0.1_fk0.0_rp0.0_vd0.0_seed43_20260831_200930_627246.json,results/alice_realchannel_run_seed43_20260831_200930_589695.json,unknown,2026-08-31T20:09:33.765030,toeplitz,0.1,1,0.0158311345646438
0.1,0.0,0.0,0.0,44,results/bob_realchannel_run_tp0.1_fk0.0_rp0.0_vd0.0_seed44_20260831_200934_772553.json,379,35,2608,34,34,True,0,False,,2.819880962371826,{},asymptotic,True,,2,results/bob_realchannel_run_tp0.1_fk0.0_rp0.0_vd0.0_seed44_20260831_200934_772553.json,results/alice_realchannel_run_seed44_20260831_200934_761650.json,unknown,2026-08-31T20:09:38.017276,toeplitz,0.1,1,0.0158311345646438
0.1,0.0,0.0,0.0,45,results/bob_realchannel_run_tp0.1_fk0.0_rp0.0_vd0.0_seed45_20260831_200939_041604.json,379,35,2608,34,34,True,0,False,,2.7981865406036377,{},asymptotic,True,,3,results/bob_realchannel_run_tp0.1_fk0.0_rp0.0_vd0.0_seed45_20260831_200939_041604.json,results/alice_realchannel_run_seed45_20260831_200939_014993.json,unknown,2026-08-31T20:09:42.261649,toeplitz,0.1,1,0.0158311345646438
0.1,0.0,0.0,0.0,46,results/bob_realchannel_run_tp0.1_fk0.0_rp0.0_vd0.0_seed46_20260831_200943_304353.json,379,35,2608,34,34,True,0,False,,2.783771276473999,{},asymptotic,True,,4,results/bob_realchannel_run_tp0.1_fk0.0_rp0.0_vd0.0_seed46_20260831_200943_304353.json,results/alice_realchannel_run_seed46_20260831_200943_255665.json,unknown,2026-08-31T20:09:46.513658,toeplitz,0.1,1,0.0158311345646438
0.1,0.0,0.0,0.0,47,results/bob_realchannel_run_tp0.1_fk0.0_rp0.0_vd0.0_seed47_20260831_200947_538115.json,379,35,2608,34,34,True,0,False,,2.7859859466552734,{},asymptotic,True,,5,results/bob_realchannel_run_tp0.1_fk0.0_rp0.0_vd0.0_seed47_20260831_200947_538115.json,results/alice_realchannel_run_seed47_20260831_200947_506803.json,unknown,2026-08-31T20:09:50.744238,toeplitz,0.1,1,0.0158311345646438
0.1,0.0,0.0,0.0,48,results/bob_realchannel_run_tp0.1_fk0.0_rp0.0_vd0.0_seed48_20260831_200951_862459.json,379,35,2608,34,34,True,0,False,,2.7056000232696533,{'toeplitz_matrix': 1},asymptotic,False,,6,results/bob_realchannel_run_tp0.1_fk0.0_rp0.0_vd0.0_seed48_20260831_200951_862459.json,results/alice_realchannel_run_seed48_20260831_200951_737240.json,unknown,2026-08-31T20:09:54.989679,toeplitz,0.1,1,0.0158311345646438
0.1,0.0,0.0,0.0,49,results/bob_realchannel_run_tp0.1_fk0.0_rp0.0_vd0.0_seed49_20260831_200956_045646.json,379,35,2608,34,34,True,0,False,,0.8667089939117432,{'toeplitz_matrix': 1},asymptotic,False,,7,results/bob_realchannel_run_tp0.1_fk0.0_rp0.0_vd0.0_seed49_20260831_200956_045646.json,results/alice_realchannel_run_seed49_20260831_200956_163281.json,unknown,2026-08-31T20:09:57.587893,toeplitz,0.1,1,0.0158311345646438
0.1,0.0,0.0,0.0,50,results/bob_realchannel_run_tp0.1_fk0.0_rp0.0_vd0.0_seed50_20260831_200958_603683.json,379,35,2608,34,34,True,0,False,,3.124366521835327,{},asymptotic,True,,8,results/bob_realchannel_run_tp0.1_fk0.0_rp0.0_vd0.0_seed50_20260831_200958_603683.json,results/alice_realchannel_run_seed50_20260831_200958_586542.json,unknown,2026-08-31T20:10:02.156876,toeplitz,0.1,1,0.0158311345646438
0.1,0.0,0.0,0.0,51,results/bob_realchannel_run_tp0.1_fk0.0_rp0.0_vd0.0_seed51_20260831_201003_212302.json,379,35,2608,34,34,True,0,False,,2.751180648803711,{'toeplitz_matrix': 1},asymptotic,True,,9,results/bob_realchannel_run_tp0.1_fk0.0_rp0.0_vd0.0_seed51_20260831_201003_212302.json,results/alice_realchannel_run_seed51_20260831_201003_150114.json,unknown,2026-08-31T20:10:06.385556,toeplitz,0.1,1,0.0158311345646438
0.05,0.0,0.0,0.0,42,results/bob_realchannel_run_tp0.05_fk0.0_rp0.0_vd0.0_seed42_20260831_201007_403113.json,379,35,2608,34,34,True,0,False,,2.8972861766815186,{},asymptotic,True,,0,results/bob_realchannel_run_tp0.05_fk0.0_rp0.0_vd0.0_seed42_20260831_201007_403113.json,results/alice_realchannel_run_seed42_20260831_201007_384239.json,unknown,2026-08-31T20:10:10.724043,toeplitz,0.05,1,0.0158311345646438
0.05,0.0,0.0,0.0,43,results/bob_realchannel_run_tp0.05_fk0.0_rp0.0_vd0.0_seed43_20260831_201011_762044.json,379,35,2608,34,34,True,0,False,,0.7416799068450928,{},asymptotic,True,,1,results/bob_realchannel_run_tp0.05_fk0.0_rp0.0_vd0.0_seed43_20260831_201011_762044.json,results/alice_realchannel_run_seed43_20260831_201011_763283.json,unknown,2026-08-31T20:10:12.940357,toeplitz,0.05,1,0.0158311345646438
0.05,0.0,0.0,0.0,44,results/bob_realchannel_run_tp0.05_fk0.0_rp0.0_vd0.0_seed44_20260831_201013_956389.json,379,35,2608,34,34,True,0,False,,2.815317392349243,{},asymptotic,True,,2,results/bob_realchannel_run_tp0.05_fk0.0_rp0.0_vd0.0_seed44_20260831_201013_956389.json,results/alice_realchannel_run_seed44_20260831_201013_946528.json,unknown,2026-08-31T20:10:17.193474,toeplitz,0.05,1,0.0158311345646438
0.05,0.0,0.0,0.0,45,results/bob_realchannel_run_tp0.05_fk0.0_rp0.0_vd0.0_seed45_20260831_201018_225431.json,379,35,2608,34,34,True,0,False,,2.782074451446533,{},asymptotic,True,,3,results/bob_realchannel_run_tp0.05_fk0.0_rp0.0_vd0.0_seed45_20260831_201018_225431.json,results/alice_realchannel_run_seed45_20260831_201018_182191.json,unknown,2026-08-31T20:10:21.429353,toeplitz,0.05,1,0.0158311345646438
0.05,0.0,0.0,0.0,46,results/bob_realchannel_run_tp0.05_fk0.0_rp0.0_vd0.0_seed46_20260831_201022_461121.json,379,35,2608,34,34,True,0,False,,2.7991323471069336,{},asymptotic,True,,4,results/bob_realchannel_run_tp0.05_fk0.0_rp0.0_vd0.0_seed46_20260831_201022_461121.json,results/alice_realchannel_run_seed46_20260831_201022_423539.json,unknown,2026-08-31T20:10:25.668995,toeplitz,0.05,1,0.0158311345646438
0.05,0.0,0.0,0.0,47,results/bob_realchannel_run_tp0.05_fk0.0_rp0.0_vd0.0_seed47_20260831_201026_689533.json,379,35,2608,34,34,True,0,False,,2.7861316204071045,{},asymptotic,True,,5,results/bob_realchannel_run_tp0.05_fk0.0_rp0.0_vd0.0_seed47_20260831_201026_689533.json,results/alice_realchannel_run_seed47_20260831_201026_657597.json,unknown,2026-08-31T20:10:29.895788,toeplitz,0.05,1,0.0158311345646438
0.05,0.0,0.0,0.0,48,results/bob_realchannel_run_tp0.05_fk0.0_rp0.0_vd0.0_seed48_20260831_201030_951051.json,379,35,2608,34,34,True,0,False,,3.1494498252868652,{'toeplitz_matrix': 1},asymptotic,False,,6,results/bob_realchannel_run_tp0.05_fk0.0_rp0.0_vd0.0_seed48_20260831_201030_951051.json,results/alice_realchannel_run_seed48_20260831_201030_882683.json,unknown,2026-08-31T20:10:34.776064,toeplitz,0.05,1,0.0158311345646438
0.05,0.0,0.0,0.0,49,results/bob_realchannel_run_tp0.05_fk0.0_rp0.0_vd0.0_seed49_20260831_201035_804362.json,379,35,2608,34,34,True,0,False,,3.1073341369628906,{'toeplitz_matrix': 1},asymptotic,False,,7,results/bob_realchannel_run_tp0.05_fk0.0_rp0.0_vd0.0_seed49_20260831_201035_804362.json,results/alice_realchannel_run_seed49_20260831_201035_770063.json,unknown,2026-08-31T20:10:39.337763,toeplitz,0.05,1,0.0158311345646438
0.05,0.0,0.0,0.0,50,results/bob_realchannel_run_tp0.05_fk0.0_rp0.0_vd0.0_seed50_20260831_201040_367951.json,379,35,2608,34,34,True,0,False,,0.7480654716491699,{},asymptotic,True,,8,results/bob_realchannel_run_tp0.05_fk0.0_rp0.0_vd0.0_seed50_20260831_201040_367951.json,results/alice_realchannel_run_seed50_20260831_201040_378529.json,unknown,2026-08-31T20:10:41.613218,toeplitz,0.05,1,0.0158311345646438
0.05,0.0,0.0,0.0,51,results/bob_realchannel_run_tp0.05_fk0.0_rp0.0_vd0.0_seed51_20260831_201042_646278.json,379,35,2608,34,34,True,0,False,,2.857452630996704,{'toeplitz_matrix': 1},asymptotic,True,,9,results/bob_realchannel_run_tp0.05_fk0.0_rp0.0_vd0.0_seed51_20260831_201042_646278.json,results/alice_realchannel_run_seed51_20260831_201042_601478.json,unknown,2026-08-31T20:10:45.924402,toeplitz,0.05,1,0.0158311345646438
0.03,0.0,0.0,0.0,42,results/bob_realchannel_run_tp0.03_fk0.0_rp0.0_vd0.0_seed42_20260831_201047_077571.json,379,35,2608,34,34,True,0,False,,2.786266326904297,{},asymptotic,True,,0,results/bob_realchannel_run_tp0.03_fk0.0_rp0.0_vd0.0_seed42_20260831_201047_077571.json,results/alice_realchannel_run_seed42_20260831_201046_944553.json,unknown,2026-08-31T20:10:50.361340,toeplitz,0.03,1,0.0158311345646438
0.03,0.0,0.0,0.0,43,results/bob_realchannel_run_tp0.03_fk0.0_rp0.0_vd0.0_seed43_20260831_201051_433366.json,379,35,2608,34,34,True,0,False,,2.566812753677368,{},asymptotic,True,,1,results/bob_realchannel_run_tp0.03_fk0.0_rp0.0_vd0.0_seed43_20260831_201051_433366.json,results/alice_realchannel_run_seed43_20260831_201051_352097.json,unknown,2026-08-31T20:10:54.425070,toeplitz,0.03,1,0.0158311345646438
0.03,0.0,0.0,0.0,44,results/bob_realchannel_run_tp0.03_fk0.0_rp0.0_vd0.0_seed44_20260831_201055_594211.json,379,35,2608,34,34,True,0,False,,3.298152208328247,{},asymptotic,True,,2,results/bob_realchannel_run_tp0.03_fk0.0_rp0.0_vd0.0_seed44_20260831_201055_594211.json,results/alice_realchannel_run_seed44_20260831_201055_460245.json,unknown,2026-08-31T20:10:59.375963,toeplitz,0.03,1,0.0158311345646438
0.03,0.0,0.0,0.0,45,results/bob_realchannel_run_tp0.03_fk0.0_rp0.0_vd0.0_seed45_20260831_201100_420711.json,379,35,2608,34,34,True,0,False,,2.77929949760437,{},asymptotic,True,,3,results/bob_realchannel_run_tp0.03_fk0.0_rp0.0_vd0.0_seed45_20260831_201100_420711.json,results/alice_realchannel_run_seed45_20260831_201100_364535.json,unknown,2026-08-31T20:11:03.608502,toeplitz,0.03,1,0.0158311345646438
0.03,0.0,0.0,0.0,46,results/bob_realchannel_run_tp0.03_fk0.0_rp0.0_vd0.0_seed46_20260831_201104_678801.json,379,35,2608,34,34,True,0,False,,3.161548614501953,{},asymptotic,True,,4,results/bob_realchannel_run_tp0.03_fk0.0_rp0.0_vd0.0_seed46_20260831_201104_678801.json,results/alice_realchannel_run_seed46_20260831_201104_642435.json,unknown,2026-08-31T20:11:08.329189,toeplitz,0.03,1,0.0158311345646438
0.03,0.0,0.0,0.0,47,results/bob_realchannel_run_tp0.03_fk0.0_rp0.0_vd0.0_seed47_20260831_201109_354220.json,379,35,2608,34,34,True,0,False,,2.794133186340332,{},asymptotic,True,,5,results/bob_realchannel_run_tp0.03_fk0.0_rp0.0_vd0.0_seed47_20260831_201109_354220.json,results/alice_realchannel_run_seed47_20260831_201109_327209.json,unknown,2026-08-31T20:11:12.570579,toeplitz,0.03,1,0.0158311345646438
0.03,0.0,0.0,0.0,48,results/bob_realchannel_run_tp0.03_fk0.0_rp0.0_vd0.0_seed48_20260831_201113_636835.json,379,35,2608,34,34,True,0,False,,2.776205539703369,{},asymptotic,True,,6,results/bob_realchannel_run_tp0.03_fk0.0_rp0.0_vd0.0_seed48_20260831_201113_636835.json,results/alice_realchannel_run_seed48_20260831_201113_628155.json,unknown,2026-08-31T20:11:17.129040,toeplitz,0.03,1,0.0158311345646438
0.03,0.0,0.0,0.0,49,results/bob_realchannel_run_tp0.03_fk0.0_rp0.0_vd0.0_seed49_20260831_201118_159831.json,379,35,2608,34,34,True,0,False,,2.7362613677978516,{},asymptotic,True,,7,results/bob_realchannel_run_tp0.03_fk0.0_rp0.0_vd0.0_seed49_20260831_201118_159831.json,results/alice_realchannel_run_seed49_20260831_201118_122305.json,unknown,2026-08-31T20:11:21.322789,toeplitz,0.03,1,0.0158311345646438
0.03,0.0,0.0,0.0,50,results/bob_realchannel_run_tp0.03_fk0.0_rp0.0_vd0.0_seed50_20260831_201122_342415.json,379,35,2608,34,34,True,0,False,,1.1253924369812012,{},asymptotic,True,,8,results/bob_realchannel_run_tp0.03_fk0.0_rp0.0_vd0.0_seed50_20260831_201122_342415.json,results/alice_realchannel_run_seed50_20260831_201122_341260.json,unknown,2026-08-31T20:11:23.970258,toeplitz,0.03,1,0.0158311345646438
0.03,0.0,0.0,0.0,51,results/bob_realchannel_run_tp0.03_fk0.0_rp0.0_vd0.0_seed51_20260831_201124_991135.json,379,35,2608,34,34,True,0,False,,2.8725101947784424,{},asymptotic,True,,9,results/bob_realchannel_run_tp0.03_fk0.0_rp0.0_vd0.0_seed51_20260831_201124_991135.json,results/alice_realchannel_run_seed51_20260831_201124_961303.json,unknown,2026-08-31T20:11:28.270305,toeplitz,0.03,1,0.0158311345646438
0.01,0.0,0.0,0.0,42,results/bob_realchannel_run_tp0.01_fk0.0_rp0.0_vd0.0_seed42_20260831_201129_290708.json,379,35,2608,34,34,True,0,False,,2.8850536346435547,{},asymptotic,True,,0,results/bob_realchannel_run_tp0.01_fk0.0_rp0.0_vd0.0_seed42_20260831_201129_290708.json,results/alice_realchannel_run_seed42_20260831_201129_261159.json,unknown,2026-08-31T20:11:32.598553,toeplitz,0.01,1,0.0158311345646438
0.01,0.0,0.0,0.0,43,results/bob_realchannel_run_tp0.01_fk0.0_rp0.0_vd0.0_seed43_20260831_201133_614672.json,379,35,2608,34,34,True,0,False,,0.42925500869750977,{},asymptotic,True,,1,results/bob_realchannel_run_tp0.01_fk0.0_rp0.0_vd0.0_seed43_20260831_201133_614672.json,results/alice_realchannel_run_seed43_20260831_201133_623736.json,unknown,2026-08-31T20:11:34.525166,toeplitz,0.01,1,0.0158311345646438
0.01,0.0,0.0,0.0,44,results/bob_realchannel_run_tp0.01_fk0.0_rp0.0_vd0.0_seed44_20260831_201135_564437.json,379,35,2608,34,34,True,0,False,,2.783596992492676,{},asymptotic,True,,2,results/bob_realchannel_run_tp0.01_fk0.0_rp0.0_vd0.0_seed44_20260831_201135_564437.json,results/alice_realchannel_run_seed44_20260831_201135_521009.json,unknown,2026-08-31T20:11:38.822687,toeplitz,0.01,1,0.0158311345646438
0.01,0.0,0.0,0.0,45,results/bob_realchannel_run_tp0.01_fk0.0_rp0.0_vd0.0_seed45_20260831_201139_843121.json,379,35,2608,34,34,True,0,False,,0.8125834465026855,{},asymptotic,True,,3,results/bob_realchannel_run_tp0.01_fk0.0_rp0.0_vd0.0_seed45_20260831_201139_843121.json,results/alice_realchannel_run_seed45_20260831_201139_844486.json,unknown,2026-08-31T20:11:41.143249,toeplitz,0.01,1,0.0158311345646438
0.01,0.0,0.0,0.0,46,results/bob_realchannel_run_tp0.01_fk0.0_rp0.0_vd0.0_seed46_20260831_201142_235679.json,379,35,2608,34,34,True,0,False,,2.740636110305786,{},asymptotic,True,,4,results/bob_realchannel_run_tp0.01_fk0.0_rp0.0_vd0.0_seed46_20260831_201142_235679.json,results/alice_realchannel_run_seed46_20260831_201142_140560.json,unknown,2026-08-31T20:11:45.381864,toeplitz,0.01,1,0.0158311345646438
0.01,0.0,0.0,0.0,47,results/bob_realchannel_run_tp0.01_fk0.0_rp0.0_vd0.0_seed47_20260831_201146_402144.json,379,35,2608,34,34,True,0,False,,2.785351276397705,{},asymptotic,True,,5,results/bob_realchannel_run_tp0.01_fk0.0_rp0.0_vd0.0_seed47_20260831_201146_402144.json,results/alice_realchannel_run_seed47_20260831_201146_371876.json,unknown,2026-08-31T20:11:49.609259,toeplitz,0.01,1,0.0158311345646438
0.01,0.0,0.0,0.0,48,results/bob_realchannel_run_tp0.01_fk0.0_rp0.0_vd0.0_seed48_20260831_201150_628179.json,379,35,2608,34,34,True,0,False,,0.8126163482666016,{},asymptotic,True,,6,results/bob_realchannel_run_tp0.01_fk0.0_rp0.0_vd0.0_seed48_20260831_201150_628179.json,results/alice_realchannel_run_seed48_20260831_201150_624352.json,unknown,2026-08-31T20:11:51.907381,toeplitz,0.01,1,0.0158311345646438
0.01,0.0,0.0,0.0,49,results/bob_realchannel_run_tp0.01_fk0.0_rp0.0_vd0.0_seed49_20260831_201152_925452.json,379,35,2608,34,34,True,0,False,,2.730301856994629,{},asymptotic,True,,7,results/bob_realchannel_run_tp0.01_fk0.0_rp0.0_vd0.0_seed49_20260831_201152_925452.json,results/alice_realchannel_run_seed49_20260831_201152_900409.json,unknown,2026-08-31T20:11:56.060125,toeplitz,0.01,1,0.0158311345646438
0.01,0.0,0.0,0.0,50,results/bob_realchannel_run_tp0.01_fk0.0_rp0.0_vd0.0_seed50_20260831_201157_072337.json,379,35,2608,34,34,True,0,False,,2.7356173992156982,{},asymptotic,True,,8,results/bob_realchannel_run_tp0.01_fk0.0_rp0.0_vd0.0_seed50_20260831_201157_072337.json,results/alice_realchannel_run_seed50_20260831_201157_046661.json,unknown,2026-08-31T20:12:00.227890,toeplitz,0.01,1,0.0158311345646438
0.01,0.0,0.0,0.0,51,results/bob_realchannel_run_tp0.01_fk0.0_rp0.0_vd0.0_seed51_20260831_201201_251824.json,379,35,2608,34,34,True,0,False,,2.8806681632995605,{},asymptotic,True,,9,results/bob_realchannel_run_tp0.01_fk0.0_rp0.0_vd0.0_seed51_20260831_201201_251824.json,results/alice_realchannel_run_seed51_20260831_201201_223830.json,unknown,2026-08-31T20:12:04.553737,toeplitz,0.01,1,0.0158311345646438
0.003,0.0,0.0,0.0,42,results/bob_realchannel_run_tp0.003_fk0.0_rp0.0_vd0.0_seed42_20260831_201205_572403.json,379,35,2608,34,34,True,0,False,,0.9079906940460205,{},asymptotic,True,,0,results/bob_realchannel_run_tp0.003_fk0.0_rp0.0_vd0.0_seed42_20260831_201205_572403.json,results/alice_realchannel_run_seed42_20260831_201205_577048.json,unknown,2026-08-31T20:12:06.970005,toeplitz,0.003,1,0.0158311345646438
0.003,0.0,0.0,0.0,43,results/bob_realchannel_run_tp0.003_fk0.0_rp0.0_vd0.0_seed43_20260831_201207_987433.json,379,35,2608,34,34,True,0,False,,2.728377342224121,{},asymptotic,True,,1,results/bob_realchannel_run_tp0.003_fk0.0_rp0.0_vd0.0_seed43_20260831_201207_987433.json,results/alice_realchannel_run_seed43_20260831_201207_956506.json,unknown,2026-08-31T20:12:11.121862,toeplitz,0.003,1,0.0158311345646438
0.003,0.0,0.0,0.0,44,results/bob_realchannel_run_tp0.003_fk0.0_rp0.0_vd0.0_seed44_20260831_201212_131979.json,379,35,2608,34,34,True,0,False,,3.2079501152038574,{},asymptotic,True,,2,results/bob_realchannel_run_tp0.003_fk0.0_rp0.0_vd0.0_seed44_20260831_201212_131979.json,results/alice_realchannel_run_seed44_20260831_201212_120526.json,unknown,2026-08-31T20:12:15.751442,toeplitz,0.003,1,0.0158311345646438
0.003,0.0,0.0,0.0,45,results/bob_realchannel_run_tp0.003_fk0.0_rp0.0_vd0.0_seed45_20260831_201216_792021.json,379,35,2608,34,34,True,0,False,,2.8079183101654053,{},asymptotic,True,,3,results/bob_realchannel_run_tp0.003_fk0.0_rp0.0_vd0.0_seed45_20260831_201216_792021.json,results/alice_realchannel_run_seed45_20260831_201216_771739.json,unknown,2026-08-31T20:12:20.083283,toeplitz,0.003,1,0.0158311345646438
0.003,0.0,0.0,0.0,46,results/bob_realchannel_run_tp0.003_fk0.0_rp0.0_vd0.0_seed46_20260831_201221_108772.json,379,35,2608,34,34,True,0,False,,0.8428986072540283,{},asymptotic,True,,4,results/bob_realchannel_run_tp0.003_fk0.0_rp0.0_vd0.0_seed46_20260831_201221_108772.json,results/alice_realchannel_run_seed46_20260831_201221_106395.json,unknown,2026-08-31T20:12:22.354912,toeplitz,0.003,1,0.0158311345646438
0.003,0.0,0.0,0.0,47,results/bob_realchannel_run_tp0.003_fk0.0_rp0.0_vd0.0_seed47_20260831_201223_359919.json,379,35,2608,34,34,True,0,False,,3.191901206970215,{},asymptotic,True,,5,results/bob_realchannel_run_tp0.003_fk0.0_rp0.0_vd0.0_seed47_20260831_201223_359919.json,results/alice_realchannel_run_seed47_20260831_201223_346612.json,unknown,2026-08-31T20:12:26.971540,toeplitz,0.003,1,0.0158311345646438
0.003,0.0,0.0,0.0,48,results/bob_realchannel_run_tp0.003_fk0.0_rp0.0_vd0.0_seed48_20260831_201227_985583.json,379,35,2608,34,34,True,0,False,,2.798400640487671,{},asymptotic,True,,6,results/bob_realchannel_run_tp0.003_fk0.0_rp0.0_vd0.0_seed48_20260831_201227_985583.json,results/alice_realchannel_run_seed48_20260831_201227_958891.json,unknown,2026-08-31T20:12:31.433954,toeplitz,0.003,1,0.0158311345646438
0.003,0.0,0.0,0.0,49,results/bob_realchannel_run_tp0.003_fk0.0_rp0.0_vd0.0_seed49_20260831_201232_446495.json,379,35,2608,34,34,True,0,False,,3.1255218982696533,{},asymptotic,True,,7,results/bob_realchannel_run_tp0.003_fk0.0_rp0.0_vd0.0_seed49_20260831_201232_446495.json,results/alice_realchannel_run_seed49_20260831_201232_425450.json,unknown,2026-08-31T20:12:35.992424,toeplitz,0.003,1,0.0158311345646438
0.003,0.0,0.0,0.0,50,results/bob_realchannel_run_tp0.003_fk0.0_rp0.0_vd0.0_seed50_20260831_201237_022191.json,379,35,2608,34,34,True,0,False,,2.7135655879974365,{},asymptotic,True,,8,results/bob_realchannel_run_tp0.003_fk0.0_rp0.0_vd0.0_seed50_20260831_201237_022191.json,results/alice_realchannel_run_seed50_20260831_201236_982221.json,unknown,2026-08-31T20:12:40.159480,toeplitz,0.003,1,0.0158311345646438
0.003,0.0,0.0,0.0,51,results/bob_realchannel_run_tp0.003_fk0.0_rp0.0_vd0.0_seed51_20260831_201241_178912.json,379,35,2608,34,34,True,0,False,,2.877061367034912,{},asymptotic,True,,9,results/bob_realchannel_run_tp0.003_fk0.0_rp0.0_vd0.0_seed51_20260831_201241_178912.json,results/alice_realchannel_run_seed51_20260831_201241_151227.json,unknown,2026-08-31T20:12:44.476534,toeplitz,0.003,1,0.0158311345646438
0.001,0.0,0.0,0.0,42,results/bob_realchannel_run_tp0.001_fk0.0_rp0.0_vd0.0_seed42_20260831_201245_496796.json,379,35,2608,34,34,True,0,False,,1.0475249290466309,{},asymptotic,True,,0,results/bob_realchannel_run_tp0.001_fk0.0_rp0.0_vd0.0_seed42_20260831_201245_496796.json,results/alice_realchannel_run_seed42_20260831_201245_641571.json,unknown,2026-08-31T20:12:47.225547,toeplitz,0.001,1,0.0158311345646438
0.001,0.0,0.0,0.0,43,results/bob_realchannel_run_tp0.001_fk0.0_rp0.0_vd0.0_seed43_20260831_201248_244009.json,379,35,2608,34,34,True,0,False,,3.123809576034546,{},asymptotic,True,,1,results/bob_realchannel_run_tp0.001_fk0.0_rp0.0_vd0.0_seed43_20260831_201248_244009.json,results/alice_realchannel_run_seed43_20260831_201248_225505.json,unknown,2026-08-31T20:12:51.792515,toeplitz,0.001,1,0.0158311345646438
0.001,0.0,0.0,0.0,44,results/bob_realchannel_run_tp0.001_fk0.0_rp0.0_vd0.0_seed44_20260831_201252_815261.json,379,35,2608,34,34,True,0,False,,2.7964608669281006,{},asymptotic,True,,2,results/bob_realchannel_run_tp0.001_fk0.0_rp0.0_vd0.0_seed44_20260831_201252_815261.json,results/alice_realchannel_run_seed44_20260831_201252_783499.json,unknown,2026-08-31T20:12:56.038517,toeplitz,0.001,1,0.0158311345646438
0.001,0.0,0.0,0.0,45,results/bob_realchannel_run_tp0.001_fk0.0_rp0.0_vd0.0_seed45_20260831_201257_076436.json,379,35,2608,34,34,True,0,False,,2.7872490882873535,{},asymptotic,True,,3,results/bob_realchannel_run_tp0.001_fk0.0_rp0.0_vd0.0_seed45_20260831_201257_076436.json,results/alice_realchannel_run_seed45_20260831_201257_033593.json,unknown,2026-08-31T20:13:00.288320,toeplitz,0.001,1,0.0158311345646438
0.001,0.0,0.0,0.0,46,results/bob_realchannel_run_tp0.001_fk0.0_rp0.0_vd0.0_seed46_20260831_201301_309098.json,379,35,2608,34,34,True,0,False,,2.802442789077759,{},asymptotic,True,,4,results/bob_realchannel_run_tp0.001_fk0.0_rp0.0_vd0.0_seed46_20260831_201301_309098.json,results/alice_realchannel_run_seed46_20260831_201301_280144.json,unknown,2026-08-31T20:13:04.532741,toeplitz,0.001,1,0.0158311345646438
0.001,0.0,0.0,0.0,47,results/bob_realchannel_run_tp0.001_fk0.0_rp0.0_vd0.0_seed47_20260831_201305_545458.json,379,35,2608,34,34,True,0,False,,2.7940495014190674,{},asymptotic,True,,5,results/bob_realchannel_run_tp0.001_fk0.0_rp0.0_vd0.0_seed47_20260831_201305_545458.json,results/alice_realchannel_run_seed47_20260831_201305_525304.json,unknown,2026-08-31T20:13:08.761702,toeplitz,0.001,1,0.0158311345646438
0.001,0.0,0.0,0.0,48,results/bob_realchannel_run_tp0.001_fk0.0_rp0.0_vd0.0_seed48_20260831_201309_786565.json,379,35,2608,34,34,True,0,False,,3.1812961101531982,{},asymptotic,True,,6,results/bob_realchannel_run_tp0.001_fk0.0_rp0.0_vd0.0_seed48_20260831_201309_786565.json,results/alice_realchannel_run_seed48_20260831_201309_751649.json,unknown,2026-08-31T20:13:13.381053,toeplitz,0.001,1,0.0158311345646438
0.001,0.0,0.0,0.0,49,results/bob_realchannel_run_tp0.001_fk0.0_rp0.0_vd0.0_seed49_20260831_201314_415229.json,379,35,2608,34,34,True,0,False,,3.0963382720947266,{},asymptotic,True,,7,results/bob_realchannel_run_tp0.001_fk0.0_rp0.0_vd0.0_seed49_20260831_201314_415229.json,results/alice_realchannel_run_seed49_20260831_201314_367117.json,unknown,2026-08-31T20:13:17.935020,toeplitz,0.001,1,0.0158311345646438
0.001,0.0,0.0,0.0,50,results/bob_realchannel_run_tp0.001_fk0.0_rp0.0_vd0.0_seed50_20260831_201318_961182.json,379,35,2608,34,34,True,0,False,,2.738481044769287,{},asymptotic,True,,8,results/bob_realchannel_run_tp0.001_fk0.0_rp0.0_vd0.0_seed50_20260831_201318_961182.json,results/alice_realchannel_run_seed50_20260831_201318_945940.json,unknown,2026-08-31T20:13:22.124541,toeplitz,0.001,1,0.0158311345646438
0.001,0.0,0.0,0.0,51,results/bob_realchannel_run_tp0.001_fk0.0_rp0.0_vd0.0_seed51_20260831_201323_146161.json,379,35,2608,34,34,True,0,False,,0.84206223487854,{},asymptotic,True,,9,results/bob_realchannel_run_tp0.001_fk0.0_rp0.0_vd0.0_seed51_20260831_201323_146161.json,results/alice_realchannel_run_seed51_20260831_201323_140462.json,unknown,2026-08-31T20:13:24.415071,toeplitz,0.001,1,0.0158311345646438
0.5,0.0,0.0,0.0,42,results/bob_realchannel_run_tp0.5_fk0.0_rp0.0_vd0.0_seed42_20260831_203002_538549.json,374,37,3180,34,34,True,0,False,,4.190289258956909,{},asymptotic,True,,0,results/bob_realchannel_run_tp0.5_fk0.0_rp0.0_vd0.0_seed42_20260831_203002_538549.json,results/alice_realchannel_run_seed42_20260831_203002_436130.json,unknown,2026-08-31T20:30:07.224701,toeplitz,0.5,2,0.0026737967914438
0.5,0.0,0.0,0.0,43,results/bob_realchannel_run_tp0.5_fk0.0_rp0.0_vd0.0_seed43_20260831_203008_270598.json,374,37,3180,34,34,True,0,False,,3.8583016395568848,{'toeplitz_matrix': 1},asymptotic,True,,1,results/bob_realchannel_run_tp0.5_fk0.0_rp0.0_vd0.0_seed43_20260831_203008_270598.json,results/alice_realchannel_run_seed43_20260831_203008_213074.json,unknown,2026-08-31T20:30:12.578176,toeplitz,0.5,2,0.0026737967914438
0.5,0.0,0.0,0.0,44,results/bob_realchannel_run_tp0.5_fk0.0_rp0.0_vd0.0_seed44_20260831_203013_604241.json,374,37,3180,34,34,True,0,False,,4.57257604598999,{'toeplitz_matrix': 1},asymptotic,False,,2,results/bob_realchannel_run_tp0.5_fk0.0_rp0.0_vd0.0_seed44_20260831_203013_604241.json,results/alice_realchannel_run_seed44_20260831_203013_578251.json,unknown,2026-08-31T20:30:18.597967,toeplitz,0.5,2,0.0026737967914438
0.5,0.0,0.0,0.0,45,results/bob_realchannel_run_tp0.5_fk0.0_rp0.0_vd0.0_seed45_20260831_203019_611930.json,374,37,3180,34,34,True,0,False,,5.057585716247559,{'toeplitz_matrix': 1},asymptotic,False,,3,results/bob_realchannel_run_tp0.5_fk0.0_rp0.0_vd0.0_seed45_20260831_203019_611930.json,results/alice_realchannel_run_seed45_20260831_203019_600037.json,unknown,2026-08-31T20:30:25.167984,toeplitz,0.5,2,0.0026737967914438
0.5,0.0,0.0,0.0,46,results/bob_realchannel_run_tp0.5_fk0.0_rp0.0_vd0.0_seed46_20260831_203026_238882.json,374,37,3180,34,34,True,0,False,,5.12651515007019,{'toeplitz_matrix': 1},asymptotic,True,,4,results/bob_realchannel_run_tp0.5_fk0.0_rp0.0_vd0.0_seed46_20260831_203026_238882.json,results/alice_realchannel_run_seed46_20260831_203026_174324.json,unknown,2026-08-31T20:30:31.788664,toeplitz,0.5,2,0.0026737967914438
0.5,0.0,0.0,0.0,47,results/bob_realchannel_run_tp0.5_fk0.0_rp0.0_vd0.0_seed47_20260831_203032_845124.json,374,37,3180,34,34,True,0,False,,3.259976387023926,{},asymptotic,True,,5,results/bob_realchannel_run_tp0.5_fk0.0_rp0.0_vd0.0_seed47_20260831_203032_845124.json,results/alice_realchannel_run_seed47_20260831_203032_863083.json,unknown,2026-08-31T20:30:36.581178,toeplitz,0.5,2,0.0026737967914438
0.5,0.0,0.0,0.0,48,results/bob_realchannel_run_tp0.5_fk0.0_rp0.0_vd0.0_seed48_20260831_203037_603935.json,374,37,3180,34,34,True,0,False,,4.569750547409058,{},asymptotic,True,,6,results/bob_realchannel_run_tp0.5_fk0.0_rp0.0_vd0.0_seed48_20260831_203037_603935.json,results/alice_realchannel_run_seed48_20260831_203037_585685.json,unknown,2026-08-31T20:30:42.595213,toeplitz,0.5,2,0.0026737967914438
0.5,0.0,0.0,0.0,49,results/bob_realchannel_run_tp0.5_fk0.0_rp0.0_vd0.0_seed49_20260831_203043_625217.json,374,35,3180,34,34,False,2,False,,3.51998233795166,{'toeplitz_matrix': 1},asymptotic,False,,7,results/bob_realchannel_run_tp0.5_fk0.0_rp0.0_vd0.0_seed49_20260831_203043_625217.json,results/alice_realchannel_run_seed49_20260831_203043_620358.json,unknown,2026-08-31T20:30:47.607868,toeplitz,0.5,2,0.0026737967914438
0.5,0.0,0.0,0.0,50,results/bob_realchannel_run_tp0.5_fk0.0_rp0.0_vd0.0_seed50_20260831_203048_623892.json,374,37,3180,34,34,True,0,False,,5.248839378356934,{'toeplitz_matrix': 1},asymptotic,False,,8,results/bob_realchannel_run_tp0.5_fk0.0_rp0.0_vd0.0_seed50_20260831_203048_623892.json,results/alice_realchannel_run_seed50_20260831_203048_616354.json,unknown,2026-08-31T20:30:54.298076,toeplitz,0.5,2,0.0026737967914438
0.5,0.0,0.0,0.0,51,results/bob_realchannel_run_tp0.5_fk0.0_rp0.0_vd0.0_seed51_20260831_203055_312105.json,374,37,3180,34,34,True,0,False,,5.600653648376465,{},asymptotic,True,,9,results/bob_realchannel_run_tp0.5_fk0.0_rp0.0_vd0.0_seed51_20260831_203055_312105.json,results/alice_realchannel_run_seed51_20260831_203055_295469.json,unknown,2026-08-31T20:31:01.331272,toeplitz,0.5,2,0.0026737967914438
0.3,0.0,0.0,0.0,42,results/bob_realchannel_run_tp0.3_fk0.0_rp0.0_vd0.0_seed42_20260831_203102_345313.json,374,37,3180,34,34,True,0,False,,4.26345682144165,{},asymptotic,True,,0,results/bob_realchannel_run_tp0.3_fk0.0_rp0.0_vd0.0_seed42_20260831_203102_345313.json,results/alice_realchannel_run_seed42_20260831_203102_321477.json,unknown,2026-08-31T20:31:07.102931,toeplitz,0.3,2,0.0026737967914438
0.3,0.0,0.0,0.0,43,results/bob_realchannel_run_tp0.3_fk0.0_rp0.0_vd0.0_seed43_20260831_203108_174637.json,374,37,3180,34,34,True,0,False,,5.166261434555054,{'toeplitz_matrix': 1},asymptotic,True,,1,results/bob_realchannel_run_tp0.3_fk0.0_rp0.0_vd0.0_seed43_20260831_203108_174637.json,results/alice_realchannel_run_seed43_20260831_203108_098179.json,unknown,2026-08-31T20:31:13.872193,toeplitz,0.3,2,0.0026737967914438
0.3,0.0,0.0,0.0,44,results/bob_realchannel_run_tp0.3_fk0.0_rp0.0_vd0.0_seed44_20260831_203114_932642.json,374,37,3180,34,34,True,0,False,,4.3076982498168945,{'toeplitz_matrix': 1},asymptotic,False,,2,results/bob_realchannel_run_tp0.3_fk0.0_rp0.0_vd0.0_seed44_20260831_203114_932642.json,results/alice_realchannel_run_seed44_20260831_203114_841085.json,unknown,2026-08-31T20:31:19.660738,toeplitz,0.3,2,0.0026737967914438
0.3,0.0,0.0,0.0,45,results/bob_realchannel_run_tp0.3_fk0.0_rp0.0_vd0.0_seed45_20260831_203120_683688.json,374,37,3180,34,34,True,0,False,,5.502073287963867,{},asymptotic,True,,3,results/bob_realchannel_run_tp0.3_fk0.0_rp0.0_vd0.0_seed45_20260831_203120_683688.json,results/alice_realchannel_run_seed45_20260831_203120_657689.json,unknown,2026-08-31T20:31:26.550893,toeplitz,0.3,2,0.0026737967914438
0.3,0.0,0.0,0.0,46,results/bob_realchannel_run_tp0.3_fk0.0_rp0.0_vd0.0_seed46_20260831_203127_577620.json,374,37,3180,34,34,True,0,False,,5.135272264480591,{},asymptotic,True,,4,results/bob_realchannel_run_tp0.3_fk0.0_rp0.0_vd0.0_seed46_20260831_203127_577620.json,results/alice_realchannel_run_seed46_20260831_203127_524922.json,unknown,2026-08-31T20:31:33.104720,toeplitz,0.3,2,0.0026737967914438
0.3,0.0,0.0,0.0,47,results/bob_realchannel_run_tp0.3_fk0.0_rp0.0_vd0.0_seed47_20260831_203134_136591.json,374,37,3180,34,34,True,0,False,,5.680800676345825,{},asymptotic,True,,5,results/bob_realchannel_run_tp0.3_fk0.0_rp0.0_vd0.0_seed47_20260831_203134_136591.json,results/alice_realchannel_run_seed47_20260831_203134_094911.json,unknown,2026-08-31T20:31:40.197672,toeplitz,0.3,2,0.0026737967914438
0.3,0.0,0.0,0.0,48,results/bob_realchannel_run_tp0.3_fk0.0_rp0.0_vd0.0_seed48_20260831_203141_195411.json,374,37,3180,34,34,True,0,False,,5.466041088104248,{},asymptotic,True,,6,results/bob_realchannel_run_tp0.3_fk0.0_rp0.0_vd0.0_seed48_20260831_203141_195411.json,results/alice_realchannel_run_seed48_20260831_203141_168226.json,unknown,2026-08-31T20:31:47.037235,toeplitz,0.3,2,0.0026737967914438
0.3,0.0,0.0,0.0,49,results/bob_realchannel_run_tp0.3_fk0.0_rp0.0_vd0.0_seed49_20260831_203148_052214.json,374,35,3180,34,34,False,2,False,,5.5098066329956055,{'toeplitz_matrix': 1},asymptotic,False,,7,results/bob_realchannel_run_tp0.3_fk0.0_rp0.0_vd0.0_seed49_20260831_203148_052214.json,results/alice_realchannel_run_seed49_20260831_203148_009062.json,unknown,2026-08-31T20:31:53.936632,toeplitz,0.3,2,0.0026737967914438
0.3,0.0,0.0,0.0,50,results/bob_realchannel_run_tp0.3_fk0.0_rp0.0_vd0.0_seed50_20260831_203154_943113.json,374,37,3180,34,34,True,0,False,,5.230085372924805,{},asymptotic,True,,8,results/bob_realchannel_run_tp0.3_fk0.0_rp0.0_vd0.0_seed50_20260831_203154_943113.json,results/alice_realchannel_run_seed50_20260831_203154_916589.json,unknown,2026-08-31T20:32:00.552676,toeplitz,0.3,2,0.0026737967914438
0.3,0.0,0.0,0.0,51,results/bob_realchannel_run_tp0.3_fk0.0_rp0.0_vd0.0_seed51_20260831_203201_560978.json,374,37,3180,34,34,True,0,False,,2.89201021194458,{},asymptotic,True,,9,results/bob_realchannel_run_tp0.3_fk0.0_rp0.0_vd0.0_seed51_20260831_203201_560978.json,results/alice_realchannel_run_seed51_20260831_203201_558719.json,unknown,2026-08-31T20:32:04.818426,toeplitz,0.3,2,0.0026737967914438
0.1,0.0,0.0,0.0,42,results/bob_realchannel_run_tp0.1_fk0.0_rp0.0_vd0.0_seed42_20260831_203205_831597.json,374,37,3180,34,34,True,0,False,,4.088935136795044,{},asymptotic,True,,0,results/bob_realchannel_run_tp0.1_fk0.0_rp0.0_vd0.0_seed42_20260831_203205_831597.json,results/alice_realchannel_run_seed42_20260831_203205_794299.json,unknown,2026-08-31T20:32:10.282948,toeplitz,0.1,2,0.0026737967914438
0.1,0.0,0.0,0.0,43,results/bob_realchannel_run_tp0.1_fk0.0_rp0.0_vd0.0_seed43_20260831_203211_303629.json,374,37,3180,34,34,True,0,False,,4.765098333358765,{'toeplitz_matrix': 1},asymptotic,True,,1,results/bob_realchannel_run_tp0.1_fk0.0_rp0.0_vd0.0_seed43_20260831_203211_303629.json,results/alice_realchannel_run_seed43_20260831_203211_276079.json,unknown,2026-08-31T20:32:16.445711,toeplitz,0.1,2,0.0026737967914438
0.1,0.0,0.0,0.0,44,results/bob_realchannel_run_tp0.1_fk0.0_rp0.0_vd0.0_seed44_20260831_203217_456946.json,374,37,3180,34,34,True,0,False,,4.583784818649292,{},asymptotic,True,,2,results/bob_realchannel_run_tp0.1_fk0.0_rp0.0_vd0.0_seed44_20260831_203217_456946.json,results/alice_realchannel_run_seed44_20260831_203217_433446.json,unknown,2026-08-31T20:32:22.415163,toeplitz,0.1,2,0.0026737967914438
0.1,0.0,0.0,0.0,45,results/bob_realchannel_run_tp0.1_fk0.0_rp0.0_vd0.0_seed45_20260831_203223_433451.json,374,37,3180,34,34,True,0,False,,5.031312942504883,{},asymptotic,True,,3,results/bob_realchannel_run_tp0.1_fk0.0_rp0.0_vd0.0_seed45_20260831_203223_433451.json,results/alice_realchannel_run_seed45_20260831_203223_391232.json,unknown,2026-08-31T20:32:28.827102,toeplitz,0.1,2,0.0026737967914438
0.1,0.0,0.0,0.0,46,results/bob_realchannel_run_tp0.1_fk0.0_rp0.0_vd0.0_seed46_20260831_203229_846091.json,374,37,3180,34,34,True,0,False,,3.974533796310425,{},asymptotic,True,,4,results/bob_realchannel_run_tp0.1_fk0.0_rp0.0_vd0.0_seed46_20260831_203229_846091.json,results/alice_realchannel_run_seed46_20260831_203229_801211.json,unknown,2026-08-31T20:32:34.184186,toeplitz,0.1,2,0.0026737967914438
0.1,0.0,0.0,0.0,47,results/bob_realchannel_run_tp0.1_fk0.0_rp0.0_vd0.0_seed47_20260831_203235_199104.json,374,37,3180,34,34,True,0,False,,5.6777167320251465,{},asymptotic,True,,5,results/bob_realchannel_run_tp0.1_fk0.0_rp0.0_vd0.0_seed47_20260831_203235_199104.json,results/alice_realchannel_run_seed47_20260831_203235_158256.json,unknown,2026-08-31T20:32:41.253384,toeplitz,0.1,2,0.0026737967914438
0.1,0.0,0.0,0.0,48,results/bob_realchannel_run_tp0.1_fk0.0_rp0.0_vd0.0_seed48_20260831_203242_279908.json,374,37,3180,34,34,True,0,False,,5.432963609695435,{},asymptotic,True,,6,results/bob_realchannel_run_tp0.1_fk0.0_rp0.0_vd0.0_seed48_20260831_203242_279908.json,results/alice_realchannel_run_seed48_20260831_203242_238400.json,unknown,2026-08-31T20:32:48.088170,toeplitz,0.1,2,0.0026737967914438
0.1,0.0,0.0,0.0,49,results/bob_realchannel_run_tp0.1_fk0.0_rp0.0_vd0.0_seed49_20260831_203249_103345.json,374,35,3180,34,34,False,2,False,,3.9541897773742676,{'toeplitz_matrix': 1},asymptotic,False,,7,results/bob_realchannel_run_tp0.1_fk0.0_rp0.0_vd0.0_seed49_20260831_203249_103345.json,results/alice_realchannel_run_seed49_20260831_203249_059177.json,unknown,2026-08-31T20:32:53.434427,toeplitz,0.1,2,0.0026737967914438
0.1,0.0,0.0,0.0,50,results/bob_realchannel_run_tp0.1_fk0.0_rp0.0_vd0.0_seed50_20260831_203254_453649.json,374,37,3180,34,34,True,0,False,,5.199512720108032,{},asymptotic,True,,8,results/bob_realchannel_run_tp0.1_fk0.0_rp0.0_vd0.0_seed50_20260831_203254_453649.json,results/alice_realchannel_run_seed50_20260831_203254_406180.json,unknown,2026-08-31T20:33:00.028948,toeplitz,0.1,2,0.0026737967914438
0.1,0.0,0.0,0.0,51,results/bob_realchannel_run_tp0.1_fk0.0_rp0.0_vd0.0_seed51_20260831_203301_049287.json,374,37,3180,34,34,True,0,False,,5.587299346923828,{},asymptotic,True,,9,results/bob_realchannel_run_tp0.1_fk0.0_rp0.0_vd0.0_seed51_20260831_203301_049287.json,results/alice_realchannel_run_seed51_20260831_203301_007769.json,unknown,2026-08-31T20:33:07.011802,toeplitz,0.1,2,0.0026737967914438
0.05,0.0,0.0,0.0,42,results/bob_realchannel_run_tp0.05_fk0.0_rp0.0_vd0.0_seed42_20260831_203308_044438.json,374,37,3180,34,34,True,0,False,,5.400146722793579,{},asymptotic,True,,0,results/bob_realchannel_run_tp0.05_fk0.0_rp0.0_vd0.0_seed42_20260831_203308_044438.json,results/alice_realchannel_run_seed42_20260831_203307_986903.json,unknown,2026-08-31T20:33:13.820455,toeplitz,0.05,2,0.0026737967914438
0.05,0.0,0.0,0.0,43,results/bob_realchannel_run_tp0.05_fk0.0_rp0.0_vd0.0_seed43_20260831_203314_838150.json,374,37,3180,34,34,True,0,False,,5.198777437210083,{'toeplitz_matrix': 1},asymptotic,True,,1,results/bob_realchannel_run_tp0.05_fk0.0_rp0.0_vd0.0_seed43_20260831_203314_838150.json,results/alice_realchannel_run_seed43_20260831_203314_797615.json,unknown,2026-08-31T20:33:20.410409,toeplitz,0.05,2,0.0026737967914438
0.05,0.0,0.0,0.0,44,results/bob_realchannel_run_tp0.05_fk0.0_rp0.0_vd0.0_seed44_20260831_203321_423502.json,374,37,3180,34,34,True,0,False,,4.569748878479004,{},asymptotic,True,,2,results/bob_realchannel_run_tp0.05_fk0.0_rp0.0_vd0.0_seed44_20260831_203321_423502.json,results/alice_realchannel_run_seed44_20260831_203321_390551.json,unknown,2026-08-31T20:33:26.361205,toeplitz,0.05,2,0.0026737967914438
0.05,0.0,0.0,0.0,45,results/bob_realchannel_run_tp0.05_fk0.0_rp0.0_vd0.0_seed45_20260831_203327_380690.json,374,37,3180,34,34,True,0,False,,5.020298957824707,{},asymptotic,True,,3,results/bob_realchannel_run_tp0.05_fk0.0_rp0.0_vd0.0_seed45_20260831_203327_380690.json,results/alice_realchannel_run_seed45_20260831_203327_337358.json,unknown,2026-08-31T20:33:32.774684,toeplitz,0.05,2,0.0026737967914438
0.05,0.0,0.0,0.0,46,results/bob_realchannel_run_tp0.05_fk0.0_rp0.0_vd0.0_seed46_20260831_203333_792152.json,374,37,3180,34,34,True,0,False,,4.688719749450684,{},asymptotic,True,,4,results/bob_realchannel_run_tp0.05_fk0.0_rp0.0_vd0.0_seed46_20260831_203333_792152.json,results/alice_realchannel_run_seed46_20260831_203333_750457.json,unknown,2026-08-31T20:33:38.856194,toeplitz,0.05,2,0.0026737967914438
0.05,0.0,0.0,0.0,47,results/bob_realchannel_run_tp0.05_fk0.0_rp0.0_vd0.0_seed47_20260831_203339_869323.json,374,37,3180,34,34,True,0,False,,5.691663026809692,{},asymptotic,True,,5,results/bob_realchannel_run_tp0.05_fk0.0_rp0.0_vd0.0_seed47_20260831_203339_869323.json,results/alice_realchannel_run_seed47_20260831_203339_836024.json,unknown,2026-08-31T20:33:45.937312,toeplitz,0.05,2,0.0026737967914438
0.05,0.0,0.0,0.0,48,results/bob_realchannel_run_tp0.05_fk0.0_rp0.0_vd0.0_seed48_20260831_203346_947285.json,374,37,3180,34,34,True,0,False,,5.457590818405151,{},asymptotic,True,,6,results/bob_realchannel_run_tp0.05_fk0.0_rp0.0_vd0.0_seed48_20260831_203346_947285.json,results/alice_realchannel_run_seed48_20260831_203346_914032.json,unknown,2026-08-31T20:33:52.780398,toeplitz,0.05,2,0.0026737967914438
0.05,0.0,0.0,0.0,49,results/bob_realchannel_run_tp0.05_fk0.0_rp0.0_vd0.0_seed49_20260831_203353_797393.json,374,35,3180,34,34,False,2,False,,5.519331693649292,{'toeplitz_matrix': 1},asymptotic,False,,7,results/bob_realchannel_run_tp0.05_fk0.0_rp0.0_vd0.0_seed49_20260831_203353_797393.json,results/alice_realchannel_run_seed49_20260831_203353_762239.json,unknown,2026-08-31T20:33:59.691470,toeplitz,0.05,2,0.0026737967914438
0.05,0.0,0.0,0.0,50,results/bob_realchannel_run_tp0.05_fk0.0_rp0.0_vd0.0_seed50_20260831_203400_716038.json,374,37,3180,34,34,True,0,False,,4.757150411605835,{},asymptotic,True,,8,results/bob_realchannel_run_tp0.05_fk0.0_rp0.0_vd0.0_seed50_20260831_203400_716038.json,results/alice_realchannel_run_seed50_20260831_203400_661192.json,unknown,2026-08-31T20:34:05.847895,toeplitz,0.05,2,0.0026737967914438
0.05,0.0,0.0,0.0,51,results/bob_realchannel_run_tp0.05_fk0.0_rp0.0_vd0.0_seed51_20260831_203407_039998.json,374,37,3180,34,34,True,0,False,,5.416935920715332,{},asymptotic,True,,9,results/bob_realchannel_run_tp0.05_fk0.0_rp0.0_vd0.0_seed51_20260831_203407_039998.json,results/alice_realchannel_run_seed51_20260831_203406_829938.json,unknown,2026-08-31T20:34:12.940423,toeplitz,0.05,2,0.0026737967914438
0.03,0.0,0.0,0.0,42,results/bob_realchannel_run_tp0.03_fk0.0_rp0.0_vd0.0_seed42_20260831_203414_006564.json,374,37,3180,34,34,True,0,False,,4.069622993469238,{},asymptotic,True,,0,results/bob_realchannel_run_tp0.03_fk0.0_rp0.0_vd0.0_seed42_20260831_203414_006564.json,results/alice_realchannel_run_seed42_20260831_203413_908996.json,unknown,2026-08-31T20:34:18.451161,toeplitz,0.03,2,0.0026737967914438
0.03,0.0,0.0,0.0,43,results/bob_realchannel_run_tp0.03_fk0.0_rp0.0_vd0.0_seed43_20260831_203419_474527.json,374,37,3180,34,34,True,0,False,,4.030296802520752,{},asymptotic,True,,1,results/bob_realchannel_run_tp0.03_fk0.0_rp0.0_vd0.0_seed43_20260831_203419_474527.json,results/alice_realchannel_run_seed43_20260831_203419_430792.json,unknown,2026-08-31T20:34:23.880140,toeplitz,0.03,2,0.0026737967914438
0.03,0.0,0.0,0.0,44,results/bob_realchannel_run_tp0.03_fk0.0_rp0.0_vd0.0_seed44_20260831_203425_118276.json,374,37,3180,34,34,True,0,False,,4.80278468132019,{},asymptotic,True,,2,results/bob_realchannel_run_tp0.03_fk0.0_rp0.0_vd0.0_seed44_20260831_203425_118276.json,results/alice_realchannel_run_seed44_20260831_203424_853124.json,unknown,2026-08-31T20:34:30.315565,toeplitz,0.03,2,0.0026737967914438
0.03,0.0,0.0,0.0,45,results/bob_realchannel_run_tp0.03_fk0.0_rp0.0_vd0.0_seed45_20260831_203431_332366.json,374,37,3180,34,34,True,0,False,,5.504613161087036,{},asymptotic,True,,3,results/bob_realchannel_run_tp0.03_fk0.0_rp0.0_vd0.0_seed45_20260831_203431_332366.json,results/alice_realchannel_run_seed45_20260831_203431_301790.json,unknown,2026-08-31T20:34:37.212339,toeplitz,0.03,2,0.0026737967914438
0.03,0.0,0.0,0.0,46,results/bob_realchannel_run_tp0.03_fk0.0_rp0.0_vd0.0_seed46_20260831_203438_202263.json,374,37,3180,34,34,True,0,False,,2.308072328567505,{},asymptotic,True,,4,results/bob_realchannel_run_tp0.03_fk0.0_rp0.0_vd0.0_seed46_20260831_203438_202263.json,results/alice_realchannel_run_seed46_20260831_203438_236083.json,unknown,2026-08-31T20:34:40.998978,toeplitz,0.03,2,0.0026737967914438
0.03,0.0,0.0,0.0,47,results/bob_realchannel_run_tp0.03_fk0.0_rp0.0_vd0.0_seed47_20260831_203442_148205.json,374,37,3180,34,34,True,0,False,,5.5646443367004395,{},asymptotic,True,,5,results/bob_realchannel_run_tp0.03_fk0.0_rp0.0_vd0.0_seed47_20260831_203442_148205.json,results/alice_realchannel_run_seed47_20260831_203441_989166.json,unknown,2026-08-31T20:34:48.091859,toeplitz,0.03,2,0.0026737967914438
0.03,0.0,0.0,0.0,48,results/bob_realchannel_run_tp0.03_fk0.0_rp0.0_vd0.0_seed48_20260831_203449_110323.json,374,37,3180,34,34,True,0,False,,4.5463738441467285,{},asymptotic,True,,6,results/bob_realchannel_run_tp0.03_fk0.0_rp0.0_vd0.0_seed48_20260831_203449_110323.json,results/alice_realchannel_run_seed48_20260831_203449_070739.json,unknown,2026-08-31T20:34:54.037054,toeplitz,0.03,2,0.0026737967914438
0.03,0.0,0.0,0.0,49,results/bob_realchannel_run_tp0.03_fk0.0_rp0.0_vd0.0_seed49_20260831_203455_043828.json,374,35,3180,34,34,False,2,False,,4.849465608596802,{},asymptotic,False,,7,results/bob_realchannel_run_tp0.03_fk0.0_rp0.0_vd0.0_seed49_20260831_203455_043828.json,results/alice_realchannel_run_seed49_20260831_203455_018585.json,unknown,2026-08-31T20:35:00.271684,toeplitz,0.03,2,0.0026737967914438
0.03,0.0,0.0,0.0,50,results/bob_realchannel_run_tp0.03_fk0.0_rp0.0_vd0.0_seed50_20260831_203501_290915.json,374,37,3180,34,34,True,0,False,,5.245948076248169,{},asymptotic,True,,8,results/bob_realchannel_run_tp0.03_fk0.0_rp0.0_vd0.0_seed50_20260831_203501_290915.json,results/alice_realchannel_run_seed50_20260831_203501_282001.json,unknown,2026-08-31T20:35:06.911469,toeplitz,0.03,2,0.0026737967914438
0.03,0.0,0.0,0.0,51,results/bob_realchannel_run_tp0.03_fk0.0_rp0.0_vd0.0_seed51_20260831_203507_924476.json,374,37,3180,34,34,True,0,False,,5.576278448104858,{},asymptotic,True,,9,results/bob_realchannel_run_tp0.03_fk0.0_rp0.0_vd0.0_seed51_20260831_203507_924476.json,results/alice_realchannel_run_seed51_20260831_203507_880349.json,unknown,2026-08-31T20:35:13.874347,toeplitz,0.03,2,0.0026737967914438
0.01,0.0,0.0,0.0,42,results/bob_realchannel_run_tp0.01_fk0.0_rp0.0_vd0.0_seed42_20260831_203514_893787.json,374,37,3180,34,34,True,0,False,,5.419451475143433,{},asymptotic,True,,0,results/bob_realchannel_run_tp0.01_fk0.0_rp0.0_vd0.0_seed42_20260831_203514_893787.json,results/alice_realchannel_run_seed42_20260831_203514_853416.json,unknown,2026-08-31T20:35:20.731918,toeplitz,0.01,2,0.0026737967914438
0.01,0.0,0.0,0.0,43,results/bob_realchannel_run_tp0.01_fk0.0_rp0.0_vd0.0_seed43_20260831_203521_750448.json,374,37,3180,34,34,True,0,False,,5.214470624923706,{},asymptotic,True,,1,results/bob_realchannel_run_tp0.01_fk0.0_rp0.0_vd0.0_seed43_20260831_203521_750448.json,results/alice_realchannel_run_seed43_20260831_203521_720425.json,unknown,2026-08-31T20:35:27.339562,toeplitz,0.01,2,0.0026737967914438
0.01,0.0,0.0,0.0,44,results/bob_realchannel_run_tp0.01_fk0.0_rp0.0_vd0.0_seed44_20260831_203528_349918.json,374,37,3180,34,34,True,0,False,,5.0230066776275635,{},asymptotic,True,,2,results/bob_realchannel_run_tp0.01_fk0.0_rp0.0_vd0.0_seed44_20260831_203528_349918.json,results/alice_realchannel_run_seed44_20260831_203528_310651.json,unknown,2026-08-31T20:35:33.747097,toeplitz,0.01,2,0.0026737967914438
0.01,0.0,0.0,0.0,45,results/bob_realchannel_run_tp0.01_fk0.0_rp0.0_vd0.0_seed45_20260831_203534_760068.json,374,37,3180,34,34,True,0,False,,5.488579750061035,{},asymptotic,True,,3,results/bob_realchannel_run_tp0.01_fk0.0_rp0.0_vd0.0_seed45_20260831_203534_760068.json,results/alice_realchannel_run_seed45_20260831_203534_726093.json,unknown,2026-08-31T20:35:40.625537,toeplitz,0.01,2,0.0026737967914438
0.01,0.0,0.0,0.0,46,results/bob_realchannel_run_tp0.01_fk0.0_rp0.0_vd0.0_seed46_20260831_203541_627181.json,374,37,3180,34,34,True,0,False,,5.161740779876709,{},asymptotic,True,,4,results/bob_realchannel_run_tp0.01_fk0.0_rp0.0_vd0.0_seed46_20260831_203541_627181.json,results/alice_realchannel_run_seed46_20260831_203541_605596.json,unknown,2026-08-31T20:35:47.167590,toeplitz,0.01,2,0.0026737967914438
0.01,0.0,0.0,0.0,47,results/bob_realchannel_run_tp0.01_fk0.0_rp0.0_vd0.0_seed47_20260831_203548_180285.json,374,37,3180,34,34,True,0,False,,5.697420597076416,{},asymptotic,True,,5,results/bob_realchannel_run_tp0.01_fk0.0_rp0.0_vd0.0_seed47_20260831_203548_180285.json,results/alice_realchannel_run_seed47_20260831_203548_163264.json,unknown,2026-08-31T20:35:54.285751,toeplitz,0.01,2,0.0026737967914438
0.01,0.0,0.0,0.0,48,results/bob_realchannel_run_tp0.01_fk0.0_rp0.0_vd0.0_seed48_20260831_203555_291668.json,374,37,3180,34,34,True,0,False,,5.453609466552734,{},asymptotic,True,,6,results/bob_realchannel_run_tp0.01_fk0.0_rp0.0_vd0.0_seed48_20260831_203555_291668.json,results/alice_realchannel_run_seed48_20260831_203555_253728.json,unknown,2026-08-31T20:36:01.120780,toeplitz,0.01,2,0.0026737967914438
0.01,0.0,0.0,0.0,49,results/bob_realchannel_run_tp0.01_fk0.0_rp0.0_vd0.0_seed49_20260831_203602_128336.json,374,35,3180,34,34,False,2,False,,2.6932573318481445,{},asymptotic,False,,7,results/bob_realchannel_run_tp0.01_fk0.0_rp0.0_vd0.0_seed49_20260831_203602_128336.json,results/alice_realchannel_run_seed49_20260831_203602_195321.json,unknown,2026-08-31T20:36:05.259700,toeplitz,0.01,2,0.0026737967914438
0.01,0.0,0.0,0.0,50,results/bob_realchannel_run_tp0.01_fk0.0_rp0.0_vd0.0_seed50_20260831_203606_267924.json,374,37,3180,34,34,True,0,False,,5.232520341873169,{},asymptotic,True,,8,results/bob_realchannel_run_tp0.01_fk0.0_rp0.0_vd0.0_seed50_20260831_203606_267924.json,results/alice_realchannel_run_seed50_20260831_203606_242108.json,unknown,2026-08-31T20:36:11.875355,toeplitz,0.01,2,0.0026737967914438
0.01,0.0,0.0,0.0,51,results/bob_realchannel_run_tp0.01_fk0.0_rp0.0_vd0.0_seed51_20260831_203612_891417.json,374,37,3180,34,34,True,0,False,,5.57707142829895,{},asymptotic,True,,9,results/bob_realchannel_run_tp0.01_fk0.0_rp0.0_vd0.0_seed51_20260831_203612_891417.json,results/alice_realchannel_run_seed51_20260831_203612_858405.json,unknown,2026-08-31T20:36:18.832477,toeplitz,0.01,2,0.0026737967914438
0.003,0.0,0.0,0.0,42,results/bob_realchannel_run_tp0.003_fk0.0_rp0.0_vd0.0_seed42_20260831_203619_838438.json,374,37,3180,34,34,True,0,False,,4.970525503158569,{},asymptotic,True,,0,results/bob_realchannel_run_tp0.003_fk0.0_rp0.0_vd0.0_seed42_20260831_203619_838438.json,results/alice_realchannel_run_seed42_20260831_203619_805684.json,unknown,2026-08-31T20:36:25.190626,toeplitz,0.003,2,0.0026737967914438
0.003,0.0,0.0,0.0,43,results/bob_realchannel_run_tp0.003_fk0.0_rp0.0_vd0.0_seed43_20260831_203626_196839.json,374,37,3180,34,34,True,0,False,,5.223954677581787,{},asymptotic,True,,1,results/bob_realchannel_run_tp0.003_fk0.0_rp0.0_vd0.0_seed43_20260831_203626_196839.json,results/alice_realchannel_run_seed43_20260831_203626_177589.json,unknown,2026-08-31T20:36:31.843822,toeplitz,0.003,2,0.0026737967914438
0.003,0.0,0.0,0.0,44,results/bob_realchannel_run_tp0.003_fk0.0_rp0.0_vd0.0_seed44_20260831_203632_844359.json,374,37,3180,34,34,True,0,False,,4.5843212604522705,{},asymptotic,True,,2,results/bob_realchannel_run_tp0.003_fk0.0_rp0.0_vd0.0_seed44_20260831_203632_844359.json,results/alice_realchannel_run_seed44_20260831_203632_822192.json,unknown,2026-08-31T20:36:37.805139,toeplitz,0.003,2,0.0026737967914438
0.003,0.0,0.0,0.0,45,results/bob_realchannel_run_tp0.003_fk0.0_rp0.0_vd0.0_seed45_20260831_203638_837497.json,374,37,3180,34,34,True,0,False,,5.4596991539001465,{},asymptotic,True,,3,results/bob_realchannel_run_tp0.003_fk0.0_rp0.0_vd0.0_seed45_20260831_203638_837497.json,results/alice_realchannel_run_seed45_20260831_203638_779993.json,unknown,2026-08-31T20:36:44.671718,toeplitz,0.003,2,0.0026737967914438
0.003,0.0,0.0,0.0,46,results/bob_realchannel_run_tp0.003_fk0.0_rp0.0_vd0.0_seed46_20260831_203645_709651.json,374,37,3180,34,34,True,0,False,,5.131146430969238,{},asymptotic,True,,4,results/bob_realchannel_run_tp0.003_fk0.0_rp0.0_vd0.0_seed46_20260831_203645_709651.json,results/alice_realchannel_run_seed46_20260831_203645_649896.json,unknown,2026-08-31T20:36:51.221961,toeplitz,0.003,2,0.0026737967914438
0.003,0.0,0.0,0.0,47,results/bob_realchannel_run_tp0.003_fk0.0_rp0.0_vd0.0_seed47_20260831_203652_244667.json,374,37,3180,34,34,True,0,False,,5.652498245239258,{},asymptotic,True,,5,results/bob_realchannel_run_tp0.003_fk0.0_rp0.0_vd0.0_seed47_20260831_203652_244667.json,results/alice_realchannel_run_seed47_20260831_203652_198322.json,unknown,2026-08-31T20:36:58.276463,toeplitz,0.003,2,0.0026737967914438
0.003,0.0,0.0,0.0,48,results/bob_realchannel_run_tp0.003_fk0.0_rp0.0_vd0.0_seed48_20260831_203659_318927.json,374,37,3180,34,34,True,0,False,,4.9743006229400635,{},asymptotic,True,,6,results/bob_realchannel_run_tp0.003_fk0.0_rp0.0_vd0.0_seed48_20260831_203659_318927.json,results/alice_realchannel_run_seed48_20260831_203659_258544.json,unknown,2026-08-31T20:37:04.671117,toeplitz,0.003,2,0.0026737967914438
0.003,0.0,0.0,0.0,49,results/bob_realchannel_run_tp0.003_fk0.0_rp0.0_vd0.0_seed49_20260831_203705_707838.json,374,35,3180,34,34,False,2,False,,5.469070196151733,{},asymptotic,False,,7,results/bob_realchannel_run_tp0.003_fk0.0_rp0.0_vd0.0_seed49_20260831_203705_707838.json,results/alice_realchannel_run_seed49_20260831_203705_642353.json,unknown,2026-08-31T20:37:11.551999,toeplitz,0.003,2,0.0026737967914438
0.003,0.0,0.0,0.0,50,results/bob_realchannel_run_tp0.003_fk0.0_rp0.0_vd0.0_seed50_20260831_203712_575942.json,374,37,3180,34,34,True,0,False,,5.2008819580078125,{},asymptotic,True,,8,results/bob_realchannel_run_tp0.003_fk0.0_rp0.0_vd0.0_seed50_20260831_203712_575942.json,results/alice_realchannel_run_seed50_20260831_203712_527635.json,unknown,2026-08-31T20:37:18.152447,toeplitz,0.003,2,0.0026737967914438
0.003,0.0,0.0,0.0,51,results/bob_realchannel_run_tp0.003_fk0.0_rp0.0_vd0.0_seed51_20260831_203719_213956.json,374,37,3180,34,34,True,0,False,,5.526870012283325,{},asymptotic,True,,9,results/bob_realchannel_run_tp0.003_fk0.0_rp0.0_vd0.0_seed51_20260831_203719_213956.json,results/alice_realchannel_run_seed51_20260831_203719_128982.json,unknown,2026-08-31T20:37:25.123381,toeplitz,0.003,2,0.0026737967914438
0.001,0.0,0.0,0.0,42,results/bob_realchannel_run_tp0.001_fk0.0_rp0.0_vd0.0_seed42_20260831_203726_145610.json,374,37,3180,34,34,True,0,False,,5.4194207191467285,{},asymptotic,True,,0,results/bob_realchannel_run_tp0.001_fk0.0_rp0.0_vd0.0_seed42_20260831_203726_145610.json,results/alice_realchannel_run_seed42_20260831_203726_105721.json,unknown,2026-08-31T20:37:31.940433,toeplitz,0.001,2,0.0026737967914438
0.001,0.0,0.0,0.0,43,results/bob_realchannel_run_tp0.001_fk0.0_rp0.0_vd0.0_seed43_20260831_203732_959426.json,374,37,3180,34,34,True,0,False,,4.293898820877075,{},asymptotic,True,,1,results/bob_realchannel_run_tp0.001_fk0.0_rp0.0_vd0.0_seed43_20260831_203732_959426.json,results/alice_realchannel_run_seed43_20260831_203732_922514.json,unknown,2026-08-31T20:37:37.629849,toeplitz,0.001,2,0.0026737967914438
0.001,0.0,0.0,0.0,44,results/bob_realchannel_run_tp0.001_fk0.0_rp0.0_vd0.0_seed44_20260831_203738_644756.json,374,37,3180,34,34,True,0,False,,5.040177345275879,{},asymptotic,True,,2,results/bob_realchannel_run_tp0.001_fk0.0_rp0.0_vd0.0_seed44_20260831_203738_644756.json,results/alice_realchannel_run_seed44_20260831_203738_621642.json,unknown,2026-08-31T20:37:44.059984,toeplitz,0.001,2,0.0026737967914438
0.001,0.0,0.0,0.0,45,results/bob_realchannel_run_tp0.001_fk0.0_rp0.0_vd0.0_seed45_20260831_203745_062933.json,374,37,3180,34,34,True,0,False,,5.497649908065796,{},asymptotic,True,,3,results/bob_realchannel_run_tp0.001_fk0.0_rp0.0_vd0.0_seed45_20260831_203745_062933.json,results/alice_realchannel_run_seed45_20260831_203745_037552.json,unknown,2026-08-31T20:37:50.936477,toeplitz,0.001,2,0.0026737967914438
0.001,0.0,0.0,0.0,46,results/bob_realchannel_run_tp0.001_fk0.0_rp0.0_vd0.0_seed46_20260831_203751_953000.json,374,37,3180,34,34,True,0,False,,5.144285440444946,{},asymptotic,True,,4,results/bob_realchannel_run_tp0.001_fk0.0_rp0.0_vd0.0_seed46_20260831_203751_953000.json,results/alice_realchannel_run_seed46_20260831_203751_913459.json,unknown,2026-08-31T20:37:57.472636,toeplitz,0.001,2,0.0026737967914438
0.001,0.0,0.0,0.0,47,results/bob_realchannel_run_tp0.001_fk0.0_rp0.0_vd0.0_seed47_20260831_203758_483662.json,374,37,3180,34,34,True,0,False,,4.773263216018677,{},asymptotic,True,,5,results/bob_realchannel_run_tp0.001_fk0.0_rp0.0_vd0.0_seed47_20260831_203758_483662.json,results/alice_realchannel_run_seed47_20260831_203758_448459.json,unknown,2026-08-31T20:38:03.698981,toeplitz,0.001,2,0.0026737967914438
0.001,0.0,0.0,0.0,48,results/bob_realchannel_run_tp0.001_fk0.0_rp0.0_vd0.0_seed48_20260831_203804_738157.json,374,37,3180,34,34,True,0,False,,5.422946453094482,{},asymptotic,True,,6,results/bob_realchannel_run_tp0.001_fk0.0_rp0.0_vd0.0_seed48_20260831_203804_738157.json,results/alice_realchannel_run_seed48_20260831_203804_672345.json,unknown,2026-08-31T20:38:10.536946,toeplitz,0.001,2,0.0026737967914438
0.001,0.0,0.0,0.0,49,results/bob_realchannel_run_tp0.001_fk0.0_rp0.0_vd0.0_seed49_20260831_203811_566721.json,374,35,3180,34,34,False,2,False,,5.466355085372925,{},asymptotic,False,,7,results/bob_realchannel_run_tp0.001_fk0.0_rp0.0_vd0.0_seed49_20260831_203811_566721.json,results/alice_realchannel_run_seed49_20260831_203811_496319.json,unknown,2026-08-31T20:38:17.408859,toeplitz,0.001,2,0.0026737967914438
0.001,0.0,0.0,0.0,50,results/bob_realchannel_run_tp0.001_fk0.0_rp0.0_vd0.0_seed50_20260831_203818_426282.json,374,37,3180,34,34,True,0,False,,5.2188637256622314,{},asymptotic,True,,8,results/bob_realchannel_run_tp0.001_fk0.0_rp0.0_vd0.0_seed50_20260831_203818_426282.json,results/alice_realchannel_run_seed50_20260831_203818_389683.json,unknown,2026-08-31T20:38:24.021516,toeplitz,0.001,2,0.0026737967914438
0.001,0.0,0.0,0.0,51,results/bob_realchannel_run_tp0.001_fk0.0_rp0.0_vd0.0_seed51_20260831_203825_085794.json,374,37,3180,34,34,True,0,False,,5.527197599411011,{},asymptotic,True,,9,results/bob_realchannel_run_tp0.001_fk0.0_rp0.0_vd0.0_seed51_20260831_203825_085794.json,results/alice_realchannel_run_seed51_20260831_203825_001101.json,unknown,2026-08-31T20:38:30.987180,toeplitz,0.001,2,0.0026737967914438
0.5,0.0,0.0,0.0,42,results/bob_realchannel_run_tp0.5_fk0.0_rp0.0_vd0.0_seed42_20260831_210206_343887.json,382,36,3251,34,34,True,0,False,,5.448021411895752,{},asymptotic,True,,0,results/bob_realchannel_run_tp0.5_fk0.0_rp0.0_vd0.0_seed42_20260831_210206_343887.json,results/alice_realchannel_run_seed42_20260831_210206_294257.json,unknown,2026-08-31T21:02:12.242885,toeplitz,0.5,3,0.0026178010471204
0.5,0.0,0.0,0.0,43,results/bob_realchannel_run_tp0.5_fk0.0_rp0.0_vd0.0_seed43_20260831_210213_238251.json,382,36,3251,34,34,True,0,False,,4.11773681640625,{'toeplitz_matrix': 1},asymptotic,False,,1,results/bob_realchannel_run_tp0.5_fk0.0_rp0.0_vd0.0_seed43_20260831_210213_238251.json,results/alice_realchannel_run_seed43_20260831_210213_249282.json,unknown,2026-08-31T21:02:17.819392,toeplitz,0.5,3,0.0026178010471204
0.5,0.0,0.0,0.0,44,results/bob_realchannel_run_tp0.5_fk0.0_rp0.0_vd0.0_seed44_20260831_210218_812397.json,382,36,3251,34,34,True,0,False,,6.368051528930664,{'toeplitz_matrix': 1},asymptotic,False,,2,results/bob_realchannel_run_tp0.5_fk0.0_rp0.0_vd0.0_seed44_20260831_210218_812397.json,results/alice_realchannel_run_seed44_20260831_210218_800270.json,unknown,2026-08-31T21:02:25.599752,toeplitz,0.5,3,0.0026178010471204
0.5,0.0,0.0,0.0,45,results/bob_realchannel_run_tp0.5_fk0.0_rp0.0_vd0.0_seed45_20260831_210226_611814.json,382,36,3251,34,34,True,0,False,,3.428544044494629,{},asymptotic,True,,3,results/bob_realchannel_run_tp0.5_fk0.0_rp0.0_vd0.0_seed45_20260831_210226_611814.json,results/alice_realchannel_run_seed45_20260831_210226_606985.json,unknown,2026-08-31T21:02:30.449857,toeplitz,0.5,3,0.0026178010471204
0.5,0.0,0.0,0.0,46,results/bob_realchannel_run_tp0.5_fk0.0_rp0.0_vd0.0_seed46_20260831_210231_441669.json,382,36,3251,34,34,True,0,False,,3.3904149532318115,{},asymptotic,True,,4,results/bob_realchannel_run_tp0.5_fk0.0_rp0.0_vd0.0_seed46_20260831_210231_441669.json,results/alice_realchannel_run_seed46_20260831_210231_438818.json,unknown,2026-08-31T21:02:35.246765,toeplitz,0.5,3,0.0026178010471204
0.5,0.0,0.0,0.0,47,results/bob_realchannel_run_tp0.5_fk0.0_rp0.0_vd0.0_seed47_20260831_210236_262017.json,382,36,3251,34,34,True,0,False,,5.218637228012085,{},asymptotic,True,,5,results/bob_realchannel_run_tp0.5_fk0.0_rp0.0_vd0.0_seed47_20260831_210236_262017.json,results/alice_realchannel_run_seed47_20260831_210236_251319.json,unknown,2026-08-31T21:02:41.890908,toeplitz,0.5,3,0.0026178010471204
0.5,0.0,0.0,0.0,48,results/bob_realchannel_run_tp0.5_fk0.0_rp0.0_vd0.0_seed48_20260831_210242_905243.json,382,36,3251,34,34,True,0,False,,5.903045415878296,{'toeplitz_matrix': 1},asymptotic,True,,6,results/bob_realchannel_run_tp0.5_fk0.0_rp0.0_vd0.0_seed48_20260831_210242_905243.json,results/alice_realchannel_run_seed48_20260831_210242_875714.json,unknown,2026-08-31T21:02:49.207763,toeplitz,0.5,3,0.0026178010471204
0.5,0.0,0.0,0.0,49,results/bob_realchannel_run_tp0.5_fk0.0_rp0.0_vd0.0_seed49_20260831_210250_199916.json,382,36,3251,34,34,True,0,False,,3.504648208618164,{},asymptotic,True,,7,results/bob_realchannel_run_tp0.5_fk0.0_rp0.0_vd0.0_seed49_20260831_210250_199916.json,results/alice_realchannel_run_seed49_20260831_210250_216985.json,unknown,2026-08-31T21:02:54.110681,toeplitz,0.5,3,0.0026178010471204
0.5,0.0,0.0,0.0,50,results/bob_realchannel_run_tp0.5_fk0.0_rp0.0_vd0.0_seed50_20260831_210255_121490.json,382,36,3251,34,34,True,0,False,,5.114701986312866,{},asymptotic,True,,8,results/bob_realchannel_run_tp0.5_fk0.0_rp0.0_vd0.0_seed50_20260831_210255_121490.json,results/alice_realchannel_run_seed50_20260831_210255_106448.json,unknown,2026-08-31T21:03:00.597731,toeplitz,0.5,3,0.0026178010471204
0.5,0.0,0.0,0.0,51,results/bob_realchannel_run_tp0.5_fk0.0_rp0.0_vd0.0_seed51_20260831_210301_589314.json,382,36,3251,34,34,True,0,False,,3.307090997695923,{},asymptotic,True,,9,results/bob_realchannel_run_tp0.5_fk0.0_rp0.0_vd0.0_seed51_20260831_210301_589314.json,results/alice_realchannel_run_seed51_20260831_210301_599863.json,unknown,2026-08-31T21:03:05.307990,toeplitz,0.5,3,0.0026178010471204
0.3,0.0,0.0,0.0,42,results/bob_realchannel_run_tp0.3_fk0.0_rp0.0_vd0.0_seed42_20260831_210306_319878.json,382,36,3251,34,34,True,0,False,,4.555925369262695,{},asymptotic,True,,0,results/bob_realchannel_run_tp0.3_fk0.0_rp0.0_vd0.0_seed42_20260831_210306_319878.json,results/alice_realchannel_run_seed42_20260831_210306_283681.json,unknown,2026-08-31T21:03:11.219392,toeplitz,0.3,3,0.0026178010471204
0.3,0.0,0.0,0.0,43,results/bob_realchannel_run_tp0.3_fk0.0_rp0.0_vd0.0_seed43_20260831_210312_241276.json,382,36,3251,34,34,True,0,False,,5.655125141143799,{},asymptotic,True,,1,results/bob_realchannel_run_tp0.3_fk0.0_rp0.0_vd0.0_seed43_20260831_210312_241276.json,results/alice_realchannel_run_seed43_20260831_210312_219895.json,unknown,2026-08-31T21:03:18.304586,toeplitz,0.3,3,0.0026178010471204
0.3,0.0,0.0,0.0,44,results/bob_realchannel_run_tp0.3_fk0.0_rp0.0_vd0.0_seed44_20260831_210319_313234.json,382,36,3251,34,34,True,0,False,,6.343041896820068,{'toeplitz_matrix': 1},asymptotic,False,,2,results/bob_realchannel_run_tp0.3_fk0.0_rp0.0_vd0.0_seed44_20260831_210319_313234.json,results/alice_realchannel_run_seed44_20260831_210319_281350.json,unknown,2026-08-31T21:03:26.116883,toeplitz,0.3,3,0.0026178010471204
0.3,0.0,0.0,0.0,45,results/bob_realchannel_run_tp0.3_fk0.0_rp0.0_vd0.0_seed45_20260831_210327_144544.json,382,36,3251,34,34,True,0,False,,2.727318525314331,{},asymptotic,True,,3,results/bob_realchannel_run_tp0.3_fk0.0_rp0.0_vd0.0_seed45_20260831_210327_144544.json,results/alice_realchannel_run_seed45_20260831_210327_157826.json,unknown,2026-08-31T21:03:30.326675,toeplitz,0.3,3,0.0026178010471204
0.3,0.0,0.0,0.0,46,results/bob_realchannel_run_tp0.3_fk0.0_rp0.0_vd0.0_seed46_20260831_210331_331344.json,382,36,3251,34,34,True,0,False,,5.384336471557617,{},asymptotic,True,,4,results/bob_realchannel_run_tp0.3_fk0.0_rp0.0_vd0.0_seed46_20260831_210331_331344.json,results/alice_realchannel_run_seed46_20260831_210331_312836.json,unknown,2026-08-31T21:03:37.103046,toeplitz,0.3,3,0.0026178010471204
0.3,0.0,0.0,0.0,47,results/bob_realchannel_run_tp0.3_fk0.0_rp0.0_vd0.0_seed47_20260831_210338_118643.json,382,36,3251,34,34,True,0,False,,3.205508232116699,{},asymptotic,True,,5,results/bob_realchannel_run_tp0.3_fk0.0_rp0.0_vd0.0_seed47_20260831_210338_118643.json,results/alice_realchannel_run_seed47_20260831_210338_112934.json,unknown,2026-08-31T21:03:41.782714,toeplitz,0.3,3,0.0026178010471204
0.3,0.0,0.0,0.0,48,results/bob_realchannel_run_tp0.3_fk0.0_rp0.0_vd0.0_seed48_20260831_210342_790488.json,382,36,3251,34,34,True,0,False,,5.910987138748169,{'toeplitz_matrix': 1},asymptotic,True,,6,results/bob_realchannel_run_tp0.3_fk0.0_rp0.0_vd0.0_seed48_20260831_210342_790488.json,results/alice_realchannel_run_seed48_20260831_210342_770207.json,unknown,2026-08-31T21:03:49.194135,toeplitz,0.3,3,0.0026178010471204
0.3,0.0,0.0,0.0,49,results/bob_realchannel_run_tp0.3_fk0.0_rp0.0_vd0.0_seed49_20260831_210350_206953.json,382,36,3251,34,34,True,0,False,,2.789119005203247,{},asymptotic,True,,7,results/bob_realchannel_run_tp0.3_fk0.0_rp0.0_vd0.0_seed49_20260831_210350_206953.json,results/alice_realchannel_run_seed49_20260831_210350_228545.json,unknown,2026-08-31T21:03:53.446896,toeplitz,0.3,3,0.0026178010471204
0.3,0.0,0.0,0.0,50,results/bob_realchannel_run_tp0.3_fk0.0_rp0.0_vd0.0_seed50_20260831_210354_455068.json,382,36,3251,34,34,True,0,False,,2.409066677093506,{},asymptotic,True,,8,results/bob_realchannel_run_tp0.3_fk0.0_rp0.0_vd0.0_seed50_20260831_210354_455068.json,results/alice_realchannel_run_seed50_20260831_210354_462983.json,unknown,2026-08-31T21:03:57.317145,toeplitz,0.3,3,0.0026178010471204
0.3,0.0,0.0,0.0,51,results/bob_realchannel_run_tp0.3_fk0.0_rp0.0_vd0.0_seed51_20260831_210358_329186.json,382,36,3251,34,34,True,0,False,,3.302971601486206,{},asymptotic,True,,9,results/bob_realchannel_run_tp0.3_fk0.0_rp0.0_vd0.0_seed51_20260831_210358_329186.json,results/alice_realchannel_run_seed51_20260831_210358_337977.json,unknown,2026-08-31T21:04:02.107536,toeplitz,0.3,3,0.0026178010471204
0.1,0.0,0.0,0.0,42,results/bob_realchannel_run_tp0.1_fk0.0_rp0.0_vd0.0_seed42_20260831_210403_107489.json,382,36,3251,34,34,True,0,False,,3.484865665435791,{},asymptotic,True,,0,results/bob_realchannel_run_tp0.1_fk0.0_rp0.0_vd0.0_seed42_20260831_210403_107489.json,results/alice_realchannel_run_seed42_20260831_210403_117403.json,unknown,2026-08-31T21:04:07.063958,toeplitz,0.1,3,0.0026178010471204
0.1,0.0,0.0,0.0,43,results/bob_realchannel_run_tp0.1_fk0.0_rp0.0_vd0.0_seed43_20260831_210408_065168.json,382,36,3251,34,34,True,0,False,,4.1470112800598145,{},asymptotic,True,,1,results/bob_realchannel_run_tp0.1_fk0.0_rp0.0_vd0.0_seed43_20260831_210408_065168.json,results/alice_realchannel_run_seed43_20260831_210408_087508.json,unknown,2026-08-31T21:04:12.677354,toeplitz,0.1,3,0.0026178010471204
0.1,0.0,0.0,0.0,44,results/bob_realchannel_run_tp0.1_fk0.0_rp0.0_vd0.0_seed44_20260831_210413_678087.json,382,36,3251,34,34,True,0,False,,6.358775854110718,{'toeplitz_matrix': 1},asymptotic,False,,2,results/bob_realchannel_run_tp0.1_fk0.0_rp0.0_vd0.0_seed44_20260831_210413_678087.json,results/alice_realchannel_run_seed44_20260831_210413_666211.json,unknown,2026-08-31T21:04:20.423094,toeplitz,0.1,3,0.0026178010471204
0.1,0.0,0.0,0.0,45,results/bob_realchannel_run_tp0.1_fk0.0_rp0.0_vd0.0_seed45_20260831_210421_442870.json,382,36,3251,34,34,True,0,False,,2.968963861465454,{},asymptotic,True,,3,results/bob_realchannel_run_tp0.1_fk0.0_rp0.0_vd0.0_seed45_20260831_210421_442870.json,results/alice_realchannel_run_seed45_20260831_210421_441814.json,unknown,2026-08-31T21:04:24.840913,toeplitz,0.1,3,0.0026178010471204
0.1,0.0,0.0,0.0,46,results/bob_realchannel_run_tp0.1_fk0.0_rp0.0_vd0.0_seed46_20260831_210425_854767.json,382,36,3251,34,34,True,0,False,,2.2332301139831543,{},asymptotic,True,,4,results/bob_realchannel_run_tp0.1_fk0.0_rp0.0_vd0.0_seed46_20260831_210425_854767.json,results/alice_realchannel_run_seed46_20260831_210425_869649.json,unknown,2026-08-31T21:04:28.518271,toeplitz,0.1,3,0.0026178010471204
0.1,0.0,0.0,0.0,47,results/bob_realchannel_run_tp0.1_fk0.0_rp0.0_vd0.0_seed47_20260831_210429_517217.json,382,36,3251,34,34,True,0,False,,3.2349274158477783,{},asymptotic,True,,5,results/bob_realchannel_run_tp0.1_fk0.0_rp0.0_vd0.0_seed47_20260831_210429_517217.json,results/alice_realchannel_run_seed47_20260831_210429_546885.json,unknown,2026-08-31T21:04:33.219288,toeplitz,0.1,3,0.0026178010471204
0.1,0.0,0.0,0.0,48,results/bob_realchannel_run_tp0.1_fk0.0_rp0.0_vd0.0_seed48_20260831_210434_230749.json,382,36,3251,34,34,True,0,False,,5.9291253089904785,{},asymptotic,True,,6,results/bob_realchannel_run_tp0.1_fk0.0_rp0.0_vd0.0_seed48_20260831_210434_230749.json,results/alice_realchannel_run_seed48_20260831_210434_217634.json,unknown,2026-08-31T21:04:40.594066,toeplitz,0.1,3,0.0026178010471204
0.1,0.0,0.0,0.0,49,results/bob_realchannel_run_tp0.1_fk0.0_rp0.0_vd0.0_seed49_20260831_210441_626760.json,382,36,3251,34,34,True,0,False,,4.998337507247925,{},asymptotic,True,,7,results/bob_realchannel_run_tp0.1_fk0.0_rp0.0_vd0.0_seed49_20260831_210441_626760.json,results/alice_realchannel_run_seed49_20260831_210441_581089.json,unknown,2026-08-31T21:04:47.065709,toeplitz,0.1,3,0.0026178010471204
0.1,0.0,0.0,0.0,50,results/bob_realchannel_run_tp0.1_fk0.0_rp0.0_vd0.0_seed50_20260831_210448_083916.json,382,36,3251,34,34,True,0,False,,5.11647891998291,{},asymptotic,True,,8,results/bob_realchannel_run_tp0.1_fk0.0_rp0.0_vd0.0_seed50_20260831_210448_083916.json,results/alice_realchannel_run_seed50_20260831_210448_066728.json,unknown,2026-08-31T21:04:53.619946,toeplitz,0.1,3,0.0026178010471204
0.1,0.0,0.0,0.0,51,results/bob_realchannel_run_tp0.1_fk0.0_rp0.0_vd0.0_seed51_20260831_210454_624834.json,382,36,3251,34,34,True,0,False,,3.3118793964385986,{},asymptotic,True,,9,results/bob_realchannel_run_tp0.1_fk0.0_rp0.0_vd0.0_seed51_20260831_210454_624834.json,results/alice_realchannel_run_seed51_20260831_210454_633069.json,unknown,2026-08-31T21:04:58.369743,toeplitz,0.1,3,0.0026178010471204
0.05,0.0,0.0,0.0,42,results/bob_realchannel_run_tp0.05_fk0.0_rp0.0_vd0.0_seed42_20260831_210459_389832.json,382,36,3251,34,34,True,0,False,,5.486758470535278,{},asymptotic,True,,0,results/bob_realchannel_run_tp0.05_fk0.0_rp0.0_vd0.0_seed42_20260831_210459_389832.json,results/alice_realchannel_run_seed42_20260831_210459_377287.json,unknown,2026-08-31T21:05:05.287301,toeplitz,0.05,3,0.0026178010471204
0.05,0.0,0.0,0.0,43,results/bob_realchannel_run_tp0.05_fk0.0_rp0.0_vd0.0_seed43_20260831_210506_296500.json,382,36,3251,34,34,True,0,False,,3.6633613109588623,{},asymptotic,True,,1,results/bob_realchannel_run_tp0.05_fk0.0_rp0.0_vd0.0_seed43_20260831_210506_296500.json,results/alice_realchannel_run_seed43_20260831_210506_296885.json,unknown,2026-08-31T21:05:10.382997,toeplitz,0.05,3,0.0026178010471204
0.05,0.0,0.0,0.0,44,results/bob_realchannel_run_tp0.05_fk0.0_rp0.0_vd0.0_seed44_20260831_210511_386052.json,382,36,3251,34,34,True,0,False,,3.461890697479248,{'toeplitz_matrix': 1},asymptotic,False,,2,results/bob_realchannel_run_tp0.05_fk0.0_rp0.0_vd0.0_seed44_20260831_210511_386052.json,results/alice_realchannel_run_seed44_20260831_210511_388045.json,unknown,2026-08-31T21:05:15.247713,toeplitz,0.05,3,0.0026178010471204
0.05,0.0,0.0,0.0,45,results/bob_realchannel_run_tp0.05_fk0.0_rp0.0_vd0.0_seed45_20260831_210516_251913.json,382,36,3251,34,34,True,0,False,,1.776921272277832,{},asymptotic,True,,3,results/bob_realchannel_run_tp0.05_fk0.0_rp0.0_vd0.0_seed45_20260831_210516_251913.json,results/alice_realchannel_run_seed45_20260831_210516_264020.json,unknown,2026-08-31T21:05:18.466193,toeplitz,0.05,3,0.0026178010471204
0.05,0.0,0.0,0.0,46,results/bob_realchannel_run_tp0.05_fk0.0_rp0.0_vd0.0_seed46_20260831_210519_474425.json,382,36,3251,34,34,True,0,False,,2.9614906311035156,{},asymptotic,True,,4,results/bob_realchannel_run_tp0.05_fk0.0_rp0.0_vd0.0_seed46_20260831_210519_474425.json,results/alice_realchannel_run_seed46_20260831_210519_498692.json,unknown,2026-08-31T21:05:22.876510,toeplitz,0.05,3,0.0026178010471204
0.05,0.0,0.0,0.0,47,results/bob_realchannel_run_tp0.05_fk0.0_rp0.0_vd0.0_seed47_20260831_210523_880786.json,382,36,3251,34,34,True,0,False,,3.2553036212921143,{},asymptotic,True,,5,results/bob_realchannel_run_tp0.05_fk0.0_rp0.0_vd0.0_seed47_20260831_210523_880786.json,results/alice_realchannel_run_seed47_20260831_210523_916554.json,unknown,2026-08-31T21:05:27.628298,toeplitz,0.05,3,0.0026178010471204
0.05,0.0,0.0,0.0,48,results/bob_realchannel_run_tp0.05_fk0.0_rp0.0_vd0.0_seed48_20260831_210528_622576.json,382,36,3251,34,34,True,0,False,,3.929520606994629,{},asymptotic,True,,6,results/bob_realchannel_run_tp0.05_fk0.0_rp0.0_vd0.0_seed48_20260831_210528_622576.json,results/alice_realchannel_run_seed48_20260831_210528_632998.json,unknown,2026-08-31T21:05:33.012343,toeplitz,0.05,3,0.0026178010471204
0.05,0.0,0.0,0.0,49,results/bob_realchannel_run_tp0.05_fk0.0_rp0.0_vd0.0_seed49_20260831_210534_108123.json,382,36,3251,34,34,True,0,False,,5.436182737350464,{},asymptotic,True,,7,results/bob_realchannel_run_tp0.05_fk0.0_rp0.0_vd0.0_seed49_20260831_210534_108123.json,results/alice_realchannel_run_seed49_20260831_210534_045954.json,unknown,2026-08-31T21:05:40.035440,toeplitz,0.05,3,0.0026178010471204
0.05,0.0,0.0,0.0,50,results/bob_realchannel_run_tp0.05_fk0.0_rp0.0_vd0.0_seed50_20260831_210541_031455.json,382,36,3251,34,34,True,0,False,,3.5889170169830322,{},asymptotic,True,,8,results/bob_realchannel_run_tp0.05_fk0.0_rp0.0_vd0.0_seed50_20260831_210541_031455.json,results/alice_realchannel_run_seed50_20260831_210541_057962.json,unknown,2026-08-31T21:05:45.067484,toeplitz,0.05,3,0.0026178010471204
0.05,0.0,0.0,0.0,51,results/bob_realchannel_run_tp0.05_fk0.0_rp0.0_vd0.0_seed51_20260831_210546_074052.json,382,36,3251,34,34,True,0,False,,3.309791088104248,{},asymptotic,True,,9,results/bob_realchannel_run_tp0.05_fk0.0_rp0.0_vd0.0_seed51_20260831_210546_074052.json,results/alice_realchannel_run_seed51_20260831_210546_107537.json,unknown,2026-08-31T21:05:49.852691,toeplitz,0.05,3,0.0026178010471204
0.03,0.0,0.0,0.0,42,results/bob_realchannel_run_tp0.03_fk0.0_rp0.0_vd0.0_seed42_20260831_210550_861621.json,382,36,3251,34,34,True,0,False,,2.342843532562256,{},asymptotic,True,,0,results/bob_realchannel_run_tp0.03_fk0.0_rp0.0_vd0.0_seed42_20260831_210550_861621.json,results/alice_realchannel_run_seed42_20260831_210550_863138.json,unknown,2026-08-31T21:05:53.642735,toeplitz,0.03,3,0.0026178010471204
0.03,0.0,0.0,0.0,43,results/bob_realchannel_run_tp0.03_fk0.0_rp0.0_vd0.0_seed43_20260831_210554_644001.json,382,36,3251,34,34,True,0,False,,4.12041711807251,{},asymptotic,True,,1,results/bob_realchannel_run_tp0.03_fk0.0_rp0.0_vd0.0_seed43_20260831_210554_644001.json,results/alice_realchannel_run_seed43_20260831_210554_670203.json,unknown,2026-08-31T21:05:59.217179,toeplitz,0.03,3,0.0026178010471204
0.03,0.0,0.0,0.0,44,results/bob_realchannel_run_tp0.03_fk0.0_rp0.0_vd0.0_seed44_20260831_210600_253610.json,382,36,3251,34,34,True,0,False,,3.898371934890747,{},asymptotic,True,,2,results/bob_realchannel_run_tp0.03_fk0.0_rp0.0_vd0.0_seed44_20260831_210600_253610.json,results/alice_realchannel_run_seed44_20260831_210600_250532.json,unknown,2026-08-31T21:06:04.618922,toeplitz,0.03,3,0.0026178010471204
0.03,0.0,0.0,0.0,45,results/bob_realchannel_run_tp0.03_fk0.0_rp0.0_vd0.0_seed45_20260831_210605_628718.json,382,36,3251,34,34,True,0,False,,4.967777252197266,{},asymptotic,True,,3,results/bob_realchannel_run_tp0.03_fk0.0_rp0.0_vd0.0_seed45_20260831_210605_628718.json,results/alice_realchannel_run_seed45_20260831_210605_603922.json,unknown,2026-08-31T21:06:10.992012,toeplitz,0.03,3,0.0026178010471204
0.03,0.0,0.0,0.0,46,results/bob_realchannel_run_tp0.03_fk0.0_rp0.0_vd0.0_seed46_20260831_210612_011035.json,382,36,3251,34,34,True,0,False,,4.469587564468384,{},asymptotic,True,,4,results/bob_realchannel_run_tp0.03_fk0.0_rp0.0_vd0.0_seed46_20260831_210612_011035.json,results/alice_realchannel_run_seed46_20260831_210611_976167.json,unknown,2026-08-31T21:06:16.861833,toeplitz,0.03,3,0.0026178010471204
0.03,0.0,0.0,0.0,47,results/bob_realchannel_run_tp0.03_fk0.0_rp0.0_vd0.0_seed47_20260831_210617_855779.json,382,36,3251,34,34,True,0,False,,5.220275402069092,{},asymptotic,True,,5,results/bob_realchannel_run_tp0.03_fk0.0_rp0.0_vd0.0_seed47_20260831_210617_855779.json,results/alice_realchannel_run_seed47_20260831_210617_844365.json,unknown,2026-08-31T21:06:23.463880,toeplitz,0.03,3,0.0026178010471204
0.03,0.0,0.0,0.0,48,results/bob_realchannel_run_tp0.03_fk0.0_rp0.0_vd0.0_seed48_20260831_210624_475188.json,382,36,3251,34,34,True,0,False,,2.7404541969299316,{},asymptotic,True,,6,results/bob_realchannel_run_tp0.03_fk0.0_rp0.0_vd0.0_seed48_20260831_210624_475188.json,results/alice_realchannel_run_seed48_20260831_210624_483309.json,unknown,2026-08-31T21:06:27.640276,toeplitz,0.03,3,0.0026178010471204
0.03,0.0,0.0,0.0,49,results/bob_realchannel_run_tp0.03_fk0.0_rp0.0_vd0.0_seed49_20260831_210628_642415.json,382,36,3251,34,34,True,0,False,,3.485659122467041,{},asymptotic,True,,7,results/bob_realchannel_run_tp0.03_fk0.0_rp0.0_vd0.0_seed49_20260831_210628_642415.json,results/alice_realchannel_run_seed49_20260831_210628_649986.json,unknown,2026-08-31T21:06:32.582288,toeplitz,0.03,3,0.0026178010471204
0.03,0.0,0.0,0.0,50,results/bob_realchannel_run_tp0.03_fk0.0_rp0.0_vd0.0_seed50_20260831_210633_590115.json,382,36,3251,34,34,True,0,False,,3.577731132507324,{},asymptotic,True,,8,results/bob_realchannel_run_tp0.03_fk0.0_rp0.0_vd0.0_seed50_20260831_210633_590115.json,results/alice_realchannel_run_seed50_20260831_210633_607289.json,unknown,2026-08-31T21:06:37.644876,toeplitz,0.03,3,0.0026178010471204
0.03,0.0,0.0,0.0,51,results/bob_realchannel_run_tp0.03_fk0.0_rp0.0_vd0.0_seed51_20260831_210638_654972.json,382,36,3251,34,34,True,0,False,,3.3053219318389893,{},asymptotic,True,,9,results/bob_realchannel_run_tp0.03_fk0.0_rp0.0_vd0.0_seed51_20260831_210638_654972.json,results/alice_realchannel_run_seed51_20260831_210638_665236.json,unknown,2026-08-31T21:06:42.412718,toeplitz,0.03,3,0.0026178010471204
0.01,0.0,0.0,0.0,42,results/bob_realchannel_run_tp0.01_fk0.0_rp0.0_vd0.0_seed42_20260831_210643_418917.json,382,36,3251,34,34,True,0,False,,3.4649364948272705,{},asymptotic,True,,0,results/bob_realchannel_run_tp0.01_fk0.0_rp0.0_vd0.0_seed42_20260831_210643_418917.json,results/alice_realchannel_run_seed42_20260831_210643_419183.json,unknown,2026-08-31T21:06:47.351972,toeplitz,0.01,3,0.0026178010471204
0.01,0.0,0.0,0.0,43,results/bob_realchannel_run_tp0.01_fk0.0_rp0.0_vd0.0_seed43_20260831_210648_361336.json,382,36,3251,34,34,True,0,False,,4.118880748748779,{},asymptotic,True,,1,results/bob_realchannel_run_tp0.01_fk0.0_rp0.0_vd0.0_seed43_20260831_210648_361336.json,results/alice_realchannel_run_seed43_20260831_210648_378784.json,unknown,2026-08-31T21:06:52.910068,toeplitz,0.01,3,0.0026178010471204
0.01,0.0,0.0,0.0,44,results/bob_realchannel_run_tp0.01_fk0.0_rp0.0_vd0.0_seed44_20260831_210653_904454.json,382,36,3251,34,34,True,0,False,,3.22031831741333,{},asymptotic,True,,2,results/bob_realchannel_run_tp0.01_fk0.0_rp0.0_vd0.0_seed44_20260831_210653_904454.json,results/alice_realchannel_run_seed44_20260831_210653_906389.json,unknown,2026-08-31T21:06:57.536440,toeplitz,0.01,3,0.0026178010471204
0.01,0.0,0.0,0.0,45,results/bob_realchannel_run_tp0.01_fk0.0_rp0.0_vd0.0_seed45_20260831_210658_584035.json,382,36,3251,34,34,True,0,False,,5.396260976791382,{},asymptotic,True,,3,results/bob_realchannel_run_tp0.01_fk0.0_rp0.0_vd0.0_seed45_20260831_210658_584035.json,results/alice_realchannel_run_seed45_20260831_210658_532728.json,unknown,2026-08-31T21:07:04.455737,toeplitz,0.01,3,0.0026178010471204
0.01,0.0,0.0,0.0,46,results/bob_realchannel_run_tp0.01_fk0.0_rp0.0_vd0.0_seed46_20260831_210705_468397.json,382,36,3251,34,34,True,0,False,,4.031717538833618,{},asymptotic,True,,4,results/bob_realchannel_run_tp0.01_fk0.0_rp0.0_vd0.0_seed46_20260831_210705_468397.json,results/alice_realchannel_run_seed46_20260831_210705_451083.json,unknown,2026-08-31T21:07:09.889949,toeplitz,0.01,3,0.0026178010471204
0.01,0.0,0.0,0.0,47,results/bob_realchannel_run_tp0.01_fk0.0_rp0.0_vd0.0_seed47_20260831_210710_895233.json,382,36,3251,34,34,True,0,False,,4.756713390350342,{},asymptotic,True,,5,results/bob_realchannel_run_tp0.01_fk0.0_rp0.0_vd0.0_seed47_20260831_210710_895233.json,results/alice_realchannel_run_seed47_20260831_210710_874293.json,unknown,2026-08-31T21:07:16.045704,toeplitz,0.01,3,0.0026178010471204
0.01,0.0,0.0,0.0,48,results/bob_realchannel_run_tp0.01_fk0.0_rp0.0_vd0.0_seed48_20260831_210717_049974.json,382,36,3251,34,34,True,0,False,,3.938171148300171,{},asymptotic,True,,6,results/bob_realchannel_run_tp0.01_fk0.0_rp0.0_vd0.0_seed48_20260831_210717_049974.json,results/alice_realchannel_run_seed48_20260831_210717_055907.json,unknown,2026-08-31T21:07:21.406329,toeplitz,0.01,3,0.0026178010471204
0.01,0.0,0.0,0.0,49,results/bob_realchannel_run_tp0.01_fk0.0_rp0.0_vd0.0_seed49_20260831_210722_551392.json,382,36,3251,34,34,True,0,False,,5.336511850357056,{},asymptotic,True,,7,results/bob_realchannel_run_tp0.01_fk0.0_rp0.0_vd0.0_seed49_20260831_210722_551392.json,results/alice_realchannel_run_seed49_20260831_210722_393277.json,unknown,2026-08-31T21:07:28.337730,toeplitz,0.01,3,0.0026178010471204
0.01,0.0,0.0,0.0,50,results/bob_realchannel_run_tp0.01_fk0.0_rp0.0_vd0.0_seed50_20260831_210729_376195.json,382,36,3251,34,34,True,0,False,,5.539892673492432,{},asymptotic,True,,8,results/bob_realchannel_run_tp0.01_fk0.0_rp0.0_vd0.0_seed50_20260831_210729_376195.json,results/alice_realchannel_run_seed50_20260831_210729_333322.json,unknown,2026-08-31T21:07:35.344888,toeplitz,0.01,3,0.0026178010471204
0.01,0.0,0.0,0.0,51,results/bob_realchannel_run_tp0.01_fk0.0_rp0.0_vd0.0_seed51_20260831_210736_374238.json,382,36,3251,34,34,True,0,False,,5.257799386978149,{},asymptotic,True,,9,results/bob_realchannel_run_tp0.01_fk0.0_rp0.0_vd0.0_seed51_20260831_210736_374238.json,results/alice_realchannel_run_seed51_20260831_210736_330060.json,unknown,2026-08-31T21:07:42.017292,toeplitz,0.01,3,0.0026178010471204
0.003,0.0,0.0,0.0,42,results/bob_realchannel_run_tp0.003_fk0.0_rp0.0_vd0.0_seed42_20260831_210743_022810.json,382,36,3251,34,34,True,0,False,,2.7851953506469727,{},asymptotic,True,,0,results/bob_realchannel_run_tp0.003_fk0.0_rp0.0_vd0.0_seed42_20260831_210743_022810.json,results/alice_realchannel_run_seed42_20260831_210743_020896.json,unknown,2026-08-31T21:07:46.255704,toeplitz,0.003,3,0.0026178010471204
0.003,0.0,0.0,0.0,43,results/bob_realchannel_run_tp0.003_fk0.0_rp0.0_vd0.0_seed43_20260831_210747_369832.json,382,36,3251,34,34,True,0,False,,5.994133472442627,{},asymptotic,True,,1,results/bob_realchannel_run_tp0.003_fk0.0_rp0.0_vd0.0_seed43_20260831_210747_369832.json,results/alice_realchannel_run_seed43_20260831_210747_256897.json,unknown,2026-08-31T21:07:53.792340,toeplitz,0.003,3,0.0026178010471204
0.003,0.0,0.0,0.0,44,results/bob_realchannel_run_tp0.003_fk0.0_rp0.0_vd0.0_seed44_20260831_210754_822648.json,382,36,3251,34,34,True,0,False,,3.6616876125335693,{},asymptotic,True,,2,results/bob_realchannel_run_tp0.003_fk0.0_rp0.0_vd0.0_seed44_20260831_210754_822648.json,results/alice_realchannel_run_seed44_20260831_210754_848372.json,unknown,2026-08-31T21:07:58.928193,toeplitz,0.003,3,0.0026178010471204
0.003,0.0,0.0,0.0,45,results/bob_realchannel_run_tp0.003_fk0.0_rp0.0_vd0.0_seed45_20260831_210759_967800.json,382,36,3251,34,34,True,0,False,,5.424487352371216,{},asymptotic,True,,3,results/bob_realchannel_run_tp0.003_fk0.0_rp0.0_vd0.0_seed45_20260831_210759_967800.json,results/alice_realchannel_run_seed45_20260831_210759_957220.json,unknown,2026-08-31T21:08:05.863762,toeplitz,0.003,3,0.0026178010471204
0.003,0.0,0.0,0.0,46,results/bob_realchannel_run_tp0.003_fk0.0_rp0.0_vd0.0_seed46_20260831_210806_880418.json,382,36,3251,34,34,True,0,False,,3.4238734245300293,{},asymptotic,True,,4,results/bob_realchannel_run_tp0.003_fk0.0_rp0.0_vd0.0_seed46_20260831_210806_880418.json,results/alice_realchannel_run_seed46_20260831_210806_908252.json,unknown,2026-08-31T21:08:10.840096,toeplitz,0.003,3,0.0026178010471204
0.003,0.0,0.0,0.0,47,results/bob_realchannel_run_tp0.003_fk0.0_rp0.0_vd0.0_seed47_20260831_210811_894949.json,382,36,3251,34,34,True,0,False,,3.333097219467163,{},asymptotic,True,,5,results/bob_realchannel_run_tp0.003_fk0.0_rp0.0_vd0.0_seed47_20260831_210811_894949.json,results/alice_realchannel_run_seed47_20260831_210812_018171.json,unknown,2026-08-31T21:08:15.673173,toeplitz,0.003,3,0.0026178010471204
0.003,0.0,0.0,0.0,48,results/bob_realchannel_run_tp0.003_fk0.0_rp0.0_vd0.0_seed48_20260831_210816_689390.json,382,36,3251,34,34,True,0,False,,5.931024551391602,{},asymptotic,True,,6,results/bob_realchannel_run_tp0.003_fk0.0_rp0.0_vd0.0_seed48_20260831_210816_689390.json,results/alice_realchannel_run_seed48_20260831_210816_675398.json,unknown,2026-08-31T21:08:23.051857,toeplitz,0.003,3,0.0026178010471204
0.003,0.0,0.0,0.0,49,results/bob_realchannel_run_tp0.003_fk0.0_rp0.0_vd0.0_seed49_20260831_210824_108249.json,382,36,3251,34,34,True,0,False,,5.45576286315918,{},asymptotic,True,,7,results/bob_realchannel_run_tp0.003_fk0.0_rp0.0_vd0.0_seed49_20260831_210824_108249.json,results/alice_realchannel_run_seed49_20260831_210824_055768.json,unknown,2026-08-31T21:08:29.995360,toeplitz,0.003,3,0.0026178010471204
0.003,0.0,0.0,0.0,50,results/bob_realchannel_run_tp0.003_fk0.0_rp0.0_vd0.0_seed50_20260831_210831_010865.json,382,36,3251,34,34,True,0,False,,3.5774965286254883,{},asymptotic,True,,8,results/bob_realchannel_run_tp0.003_fk0.0_rp0.0_vd0.0_seed50_20260831_210831_010865.json,results/alice_realchannel_run_seed50_20260831_210831_008943.json,unknown,2026-08-31T21:08:35.018290,toeplitz,0.003,3,0.0026178010471204
0.003,0.0,0.0,0.0,51,results/bob_realchannel_run_tp0.003_fk0.0_rp0.0_vd0.0_seed51_20260831_210836_061332.json,382,36,3251,34,34,True,0,False,,4.558717727661133,{},asymptotic,True,,9,results/bob_realchannel_run_tp0.003_fk0.0_rp0.0_vd0.0_seed51_20260831_210836_061332.json,results/alice_realchannel_run_seed51_20260831_210836_034706.json,unknown,2026-08-31T21:08:41.052519,toeplitz,0.003,3,0.0026178010471204
0.001,0.0,0.0,0.0,42,results/bob_realchannel_run_tp0.001_fk0.0_rp0.0_vd0.0_seed42_20260831_210842_088641.json,382,36,3251,34,34,True,0,False,,2.3117194175720215,{},asymptotic,True,,0,results/bob_realchannel_run_tp0.001_fk0.0_rp0.0_vd0.0_seed42_20260831_210842_088641.json,results/alice_realchannel_run_seed42_20260831_210842_087854.json,unknown,2026-08-31T21:08:44.914860,toeplitz,0.001,3,0.0026178010471204
0.001,0.0,0.0,0.0,43,results/bob_realchannel_run_tp0.001_fk0.0_rp0.0_vd0.0_seed43_20260831_210845_926050.json,382,36,3251,34,34,True,0,False,,3.638167381286621,{},asymptotic,True,,1,results/bob_realchannel_run_tp0.001_fk0.0_rp0.0_vd0.0_seed43_20260831_210845_926050.json,results/alice_realchannel_run_seed43_20260831_210845_923427.json,unknown,2026-08-31T21:08:50.007278,toeplitz,0.001,3,0.0026178010471204
0.001,0.0,0.0,0.0,44,results/bob_realchannel_run_tp0.001_fk0.0_rp0.0_vd0.0_seed44_20260831_210851_029825.json,382,36,3251,34,34,True,0,False,,3.45415997505188,{},asymptotic,True,,2,results/bob_realchannel_run_tp0.001_fk0.0_rp0.0_vd0.0_seed44_20260831_210851_029825.json,results/alice_realchannel_run_seed44_20260831_210851_027387.json,unknown,2026-08-31T21:08:54.955876,toeplitz,0.001,3,0.0026178010471204
0.001,0.0,0.0,0.0,45,results/bob_realchannel_run_tp0.001_fk0.0_rp0.0_vd0.0_seed45_20260831_210856_092563.json,382,36,3251,34,34,True,0,False,,4.899484634399414,{},asymptotic,True,,3,results/bob_realchannel_run_tp0.001_fk0.0_rp0.0_vd0.0_seed45_20260831_210856_092563.json,results/alice_realchannel_run_seed45_20260831_210855_987725.json,unknown,2026-08-31T21:09:01.400709,toeplitz,0.001,3,0.0026178010471204
0.001,0.0,0.0,0.0,46,results/bob_realchannel_run_tp0.001_fk0.0_rp0.0_vd0.0_seed46_20260831_210902_425194.json,382,36,3251,34,34,True,0,False,,5.398796319961548,{},asymptotic,True,,4,results/bob_realchannel_run_tp0.001_fk0.0_rp0.0_vd0.0_seed46_20260831_210902_425194.json,results/alice_realchannel_run_seed46_20260831_210902_411915.json,unknown,2026-08-31T21:09:08.231708,toeplitz,0.001,3,0.0026178010471204
0.001,0.0,0.0,0.0,47,results/bob_realchannel_run_tp0.001_fk0.0_rp0.0_vd0.0_seed47_20260831_210909_262106.json,382,36,3251,34,34,True,0,False,,3.790494441986084,{},asymptotic,True,,5,results/bob_realchannel_run_tp0.001_fk0.0_rp0.0_vd0.0_seed47_20260831_210909_262106.json,results/alice_realchannel_run_seed47_20260831_210909_229286.json,unknown,2026-08-31T21:09:13.484891,toeplitz,0.001,3,0.0026178010471204
0.001,0.0,0.0,0.0,48,results/bob_realchannel_run_tp0.001_fk0.0_rp0.0_vd0.0_seed48_20260831_210914_500023.json,382,36,3251,34,34,True,0,False,,2.5087602138519287,{},asymptotic,True,,6,results/bob_realchannel_run_tp0.001_fk0.0_rp0.0_vd0.0_seed48_20260831_210914_500023.json,results/alice_realchannel_run_seed48_20260831_210914_504791.json,unknown,2026-08-31T21:09:17.420694,toeplitz,0.001,3,0.0026178010471204
0.001,0.0,0.0,0.0,49,results/bob_realchannel_run_tp0.001_fk0.0_rp0.0_vd0.0_seed49_20260831_210918_465452.json,382,36,3251,34,34,True,0,False,,4.746367931365967,{},asymptotic,True,,7,results/bob_realchannel_run_tp0.001_fk0.0_rp0.0_vd0.0_seed49_20260831_210918_465452.json,results/alice_realchannel_run_seed49_20260831_210918_429666.json,unknown,2026-08-31T21:09:23.618452,toeplitz,0.001,3,0.0026178010471204
0.001,0.0,0.0,0.0,50,results/bob_realchannel_run_tp0.001_fk0.0_rp0.0_vd0.0_seed50_20260831_210924_649289.json,382,36,3251,34,34,True,0,False,,4.662907600402832,{},asymptotic,True,,8,results/bob_realchannel_run_tp0.001_fk0.0_rp0.0_vd0.0_seed50_20260831_210924_649289.json,results/alice_realchannel_run_seed50_20260831_210924_629317.json,unknown,2026-08-31T21:09:29.718176,toeplitz,0.001,3,0.0026178010471204
0.001,0.0,0.0,0.0,51,results/bob_realchannel_run_tp0.001_fk0.0_rp0.0_vd0.0_seed51_20260831_210930_760281.json,382,36,3251,34,34,True,0,False,,5.260066509246826,{},asymptotic,True,,9,results/bob_realchannel_run_tp0.001_fk0.0_rp0.0_vd0.0_seed51_20260831_210930_760281.json,results/alice_realchannel_run_seed51_20260831_210930_721007.json,unknown,2026-08-31T21:09:36.452811,toeplitz,0.001,3,0.0026178010471204
0.5,0.0,0.0,0.0,42,results/bob_realchannel_run_tp0.5_fk0.0_rp0.0_vd0.0_seed42_20260831_213355_948394.json,385,35,3131,34,34,True,0,False,,3.704542398452759,{'toeplitz_matrix': 1},asymptotic,False,,0,results/bob_realchannel_run_tp0.5_fk0.0_rp0.0_vd0.0_seed42_20260831_213355_948394.json,results/alice_realchannel_run_seed42_20260831_213355_822917.json,unknown,2026-08-31T21:33:59.997501,toeplitz,0.5,4,0.0051948051948051
0.5,0.0,0.0,0.0,43,results/bob_realchannel_run_tp0.5_fk0.0_rp0.0_vd0.0_seed43_20260831_213401_006735.json,385,35,3131,34,34,True,0,False,,4.602194786071777,{},asymptotic,True,,1,results/bob_realchannel_run_tp0.5_fk0.0_rp0.0_vd0.0_seed43_20260831_213401_006735.json,results/alice_realchannel_run_seed43_20260831_213400_967106.json,unknown,2026-08-31T21:34:05.964638,toeplitz,0.5,4,0.0051948051948051
0.5,0.0,0.0,0.0,44,results/bob_realchannel_run_tp0.5_fk0.0_rp0.0_vd0.0_seed44_20260831_213406_964134.json,385,35,3131,34,34,True,0,False,,4.724539756774902,{},asymptotic,True,,2,results/bob_realchannel_run_tp0.5_fk0.0_rp0.0_vd0.0_seed44_20260831_213406_964134.json,results/alice_realchannel_run_seed44_20260831_213406_939991.json,unknown,2026-08-31T21:34:12.047182,toeplitz,0.5,4,0.0051948051948051
0.5,0.0,0.0,0.0,45,results/bob_realchannel_run_tp0.5_fk0.0_rp0.0_vd0.0_seed45_20260831_213413_056165.json,385,35,3131,34,34,True,0,False,,4.096232891082764,{},asymptotic,True,,3,results/bob_realchannel_run_tp0.5_fk0.0_rp0.0_vd0.0_seed45_20260831_213413_056165.json,results/alice_realchannel_run_seed45_20260831_213413_018840.json,unknown,2026-08-31T21:34:17.516641,toeplitz,0.5,4,0.0051948051948051
0.5,0.0,0.0,0.0,46,results/bob_realchannel_run_tp0.5_fk0.0_rp0.0_vd0.0_seed46_20260831_213418_529432.json,385,35,3131,34,34,True,0,False,,4.619493246078491,{},asymptotic,True,,4,results/bob_realchannel_run_tp0.5_fk0.0_rp0.0_vd0.0_seed46_20260831_213418_529432.json,results/alice_realchannel_run_seed46_20260831_213418_491737.json,unknown,2026-08-31T21:34:23.520915,toeplitz,0.5,4,0.0051948051948051
0.5,0.0,0.0,0.0,47,results/bob_realchannel_run_tp0.5_fk0.0_rp0.0_vd0.0_seed47_20260831_213424_677384.json,385,35,3131,34,34,True,0,False,,4.319837808609009,{},asymptotic,True,,5,results/bob_realchannel_run_tp0.5_fk0.0_rp0.0_vd0.0_seed47_20260831_213424_677384.json,results/alice_realchannel_run_seed47_20260831_213424_521499.json,unknown,2026-08-31T21:34:29.359740,toeplitz,0.5,4,0.0051948051948051
0.5,0.0,0.0,0.0,48,results/bob_realchannel_run_tp0.5_fk0.0_rp0.0_vd0.0_seed48_20260831_213430_360573.json,385,35,3131,34,34,True,0,False,,5.112716197967529,{'toeplitz_matrix': 1},asymptotic,True,,6,results/bob_realchannel_run_tp0.5_fk0.0_rp0.0_vd0.0_seed48_20260831_213430_360573.json,results/alice_realchannel_run_seed48_20260831_213430_347019.json,unknown,2026-08-31T21:34:35.916468,toeplitz,0.5,4,0.0051948051948051
0.5,0.0,0.0,0.0,49,results/bob_realchannel_run_tp0.5_fk0.0_rp0.0_vd0.0_seed49_20260831_213436_927262.json,385,33,3131,34,34,False,2,False,,4.501640558242798,{},asymptotic,False,,7,results/bob_realchannel_run_tp0.5_fk0.0_rp0.0_vd0.0_seed49_20260831_213436_927262.json,results/alice_realchannel_run_seed49_20260831_213436_895020.json,unknown,2026-08-31T21:34:41.784423,toeplitz,0.5,4,0.0051948051948051
0.5,0.0,0.0,0.0,50,results/bob_realchannel_run_tp0.5_fk0.0_rp0.0_vd0.0_seed50_20260831_213442_773825.json,385,35,3131,34,34,True,0,False,,5.011096239089966,{},asymptotic,True,,8,results/bob_realchannel_run_tp0.5_fk0.0_rp0.0_vd0.0_seed50_20260831_213442_773825.json,results/alice_realchannel_run_seed50_20260831_213442_761647.json,unknown,2026-08-31T21:34:48.185588,toeplitz,0.5,4,0.0051948051948051
0.5,0.0,0.0,0.0,51,results/bob_realchannel_run_tp0.5_fk0.0_rp0.0_vd0.0_seed51_20260831_213449_189294.json,385,35,3131,34,34,True,0,False,,4.7679970264434814,{'toeplitz_matrix': 1},asymptotic,False,,9,results/bob_realchannel_run_tp0.5_fk0.0_rp0.0_vd0.0_seed51_20260831_213449_189294.json,results/alice_realchannel_run_seed51_20260831_213449_163064.json,unknown,2026-08-31T21:34:54.315060,toeplitz,0.5,4,0.0051948051948051
0.3,0.0,0.0,0.0,42,results/bob_realchannel_run_tp0.3_fk0.0_rp0.0_vd0.0_seed42_20260831_213455_304289.json,385,35,3131,34,34,True,0,False,,1.8208158016204834,{'toeplitz_matrix': 1},asymptotic,False,,0,results/bob_realchannel_run_tp0.3_fk0.0_rp0.0_vd0.0_seed42_20260831_213455_304289.json,results/alice_realchannel_run_seed42_20260831_213455_308512.json,unknown,2026-08-31T21:34:57.520034,toeplitz,0.3,4,0.0051948051948051
0.3,0.0,0.0,0.0,43,results/bob_realchannel_run_tp0.3_fk0.0_rp0.0_vd0.0_seed43_20260831_213458_524655.json,385,35,3131,34,34,True,0,False,,2.624638557434082,{},asymptotic,True,,1,results/bob_realchannel_run_tp0.3_fk0.0_rp0.0_vd0.0_seed43_20260831_213458_524655.json,results/alice_realchannel_run_seed43_20260831_213458_521260.json,unknown,2026-08-31T21:35:01.531888,toeplitz,0.3,4,0.0051948051948051
0.3,0.0,0.0,0.0,44,results/bob_realchannel_run_tp0.3_fk0.0_rp0.0_vd0.0_seed44_20260831_213502_517229.json,385,35,3131,34,34,True,0,False,,4.759933233261108,{},asymptotic,True,,2,results/bob_realchannel_run_tp0.3_fk0.0_rp0.0_vd0.0_seed44_20260831_213502_517229.json,results/alice_realchannel_run_seed44_20260831_213502_509655.json,unknown,2026-08-31T21:35:07.634316,toeplitz,0.3,4,0.0051948051948051
0.3,0.0,0.0,0.0,45,results/bob_realchannel_run_tp0.3_fk0.0_rp0.0_vd0.0_seed45_20260831_213508_631890.json,385,35,3131,34,34,True,0,False,,2.581237554550171,{},asymptotic,True,,3,results/bob_realchannel_run_tp0.3_fk0.0_rp0.0_vd0.0_seed45_20260831_213508_631890.json,results/alice_realchannel_run_seed45_20260831_213508_629615.json,unknown,2026-08-31T21:35:11.608834,toeplitz,0.3,4,0.0051948051948051
0.3,0.0,0.0,0.0,46,results/bob_realchannel_run_tp0.3_fk0.0_rp0.0_vd0.0_seed46_20260831_213512_603294.json,385,35,3131,34,34,True,0,False,,2.253615617752075,{},asymptotic,True,,4,results/bob_realchannel_run_tp0.3_fk0.0_rp0.0_vd0.0_seed46_20260831_213512_603294.json,results/alice_realchannel_run_seed46_20260831_213512_660849.json,unknown,2026-08-31T21:35:15.262148,toeplitz,0.3,4,0.0051948051948051
0.3,0.0,0.0,0.0,47,results/bob_realchannel_run_tp0.3_fk0.0_rp0.0_vd0.0_seed47_20260831_213516_263375.json,385,35,3131,34,34,True,0,False,,4.44588041305542,{},asymptotic,True,,5,results/bob_realchannel_run_tp0.3_fk0.0_rp0.0_vd0.0_seed47_20260831_213516_263375.json,results/alice_realchannel_run_seed47_20260831_213516_253965.json,unknown,2026-08-31T21:35:21.109376,toeplitz,0.3,4,0.0051948051948051
0.3,0.0,0.0,0.0,48,results/bob_realchannel_run_tp0.3_fk0.0_rp0.0_vd0.0_seed48_20260831_213522_112642.json,385,35,3131,34,34,True,0,False,,5.1129539012908936,{'toeplitz_matrix': 1},asymptotic,True,,6,results/bob_realchannel_run_tp0.3_fk0.0_rp0.0_vd0.0_seed48_20260831_213522_112642.json,results/alice_realchannel_run_seed48_20260831_213522_097386.json,unknown,2026-08-31T21:35:27.664201,toeplitz,0.3,4,0.0051948051948051
0.3,0.0,0.0,0.0,49,results/bob_realchannel_run_tp0.3_fk0.0_rp0.0_vd0.0_seed49_20260831_213528_660793.json,385,33,3131,34,34,False,2,False,,3.8478851318359375,{},asymptotic,False,,7,results/bob_realchannel_run_tp0.3_fk0.0_rp0.0_vd0.0_seed49_20260831_213528_660793.json,results/alice_realchannel_run_seed49_20260831_213528_646665.json,unknown,2026-08-31T21:35:32.869216,toeplitz,0.3,4,0.0051948051948051
0.3,0.0,0.0,0.0,50,results/bob_realchannel_run_tp0.3_fk0.0_rp0.0_vd0.0_seed50_20260831_213533_876709.json,385,35,3131,34,34,True,0,False,,5.016574144363403,{},asymptotic,True,,8,results/bob_realchannel_run_tp0.3_fk0.0_rp0.0_vd0.0_seed50_20260831_213533_876709.json,results/alice_realchannel_run_seed50_20260831_213533_869862.json,unknown,2026-08-31T21:35:39.345914,toeplitz,0.3,4,0.0051948051948051
0.3,0.0,0.0,0.0,51,results/bob_realchannel_run_tp0.3_fk0.0_rp0.0_vd0.0_seed51_20260831_213540_355736.json,385,35,3131,34,34,True,0,False,,4.745581865310669,{'toeplitz_matrix': 1},asymptotic,False,,9,results/bob_realchannel_run_tp0.3_fk0.0_rp0.0_vd0.0_seed51_20260831_213540_355736.json,results/alice_realchannel_run_seed51_20260831_213540_321020.json,unknown,2026-08-31T21:35:45.448330,toeplitz,0.3,4,0.0051948051948051
0.1,0.0,0.0,0.0,42,results/bob_realchannel_run_tp0.1_fk0.0_rp0.0_vd0.0_seed42_20260831_213546_484304.json,385,35,3131,34,34,True,0,False,,4.681647777557373,{},asymptotic,True,,0,results/bob_realchannel_run_tp0.1_fk0.0_rp0.0_vd0.0_seed42_20260831_213546_484304.json,results/alice_realchannel_run_seed42_20260831_213546_427266.json,unknown,2026-08-31T21:35:51.561369,toeplitz,0.1,4,0.0051948051948051
0.1,0.0,0.0,0.0,43,results/bob_realchannel_run_tp0.1_fk0.0_rp0.0_vd0.0_seed43_20260831_213552_567924.json,385,35,3131,34,34,True,0,False,,4.629681348800659,{},asymptotic,True,,1,results/bob_realchannel_run_tp0.1_fk0.0_rp0.0_vd0.0_seed43_20260831_213552_567924.json,results/alice_realchannel_run_seed43_20260831_213552_550953.json,unknown,2026-08-31T21:35:57.563254,toeplitz,0.1,4,0.0051948051948051
0.1,0.0,0.0,0.0,44,results/bob_realchannel_run_tp0.1_fk0.0_rp0.0_vd0.0_seed44_20260831_213558_583243.json,385,35,3131,34,34,True,0,False,,4.749837398529053,{},asymptotic,True,,2,results/bob_realchannel_run_tp0.1_fk0.0_rp0.0_vd0.0_seed44_20260831_213558_583243.json,results/alice_realchannel_run_seed44_20260831_213558_574743.json,unknown,2026-08-31T21:36:03.758778,toeplitz,0.1,4,0.0051948051948051
0.1,0.0,0.0,0.0,45,results/bob_realchannel_run_tp0.1_fk0.0_rp0.0_vd0.0_seed45_20260831_213604_766679.json,385,35,3131,34,34,True,0,False,,4.1142213344573975,{},asymptotic,True,,3,results/bob_realchannel_run_tp0.1_fk0.0_rp0.0_vd0.0_seed45_20260831_213604_766679.json,results/alice_realchannel_run_seed45_20260831_213604_730843.json,unknown,2026-08-31T21:36:09.239206,toeplitz,0.1,4,0.0051948051948051
0.1,0.0,0.0,0.0,46,results/bob_realchannel_run_tp0.1_fk0.0_rp0.0_vd0.0_seed46_20260831_213610_251212.json,385,35,3131,34,34,True,0,False,,2.4655840396881104,{},asymptotic,True,,4,results/bob_realchannel_run_tp0.1_fk0.0_rp0.0_vd0.0_seed46_20260831_213610_251212.json,results/alice_realchannel_run_seed46_20260831_213610_248765.json,unknown,2026-08-31T21:36:13.188337,toeplitz,0.1,4,0.0051948051948051
0.1,0.0,0.0,0.0,47,results/bob_realchannel_run_tp0.1_fk0.0_rp0.0_vd0.0_seed47_20260831_213614_185777.json,385,35,3131,34,34,True,0,False,,2.451367139816284,{},asymptotic,True,,5,results/bob_realchannel_run_tp0.1_fk0.0_rp0.0_vd0.0_seed47_20260831_213614_185777.json,results/alice_realchannel_run_seed47_20260831_213614_196106.json,unknown,2026-08-31T21:36:17.102263,toeplitz,0.1,4,0.0051948051948051
0.1,0.0,0.0,0.0,48,results/bob_realchannel_run_tp0.1_fk0.0_rp0.0_vd0.0_seed48_20260831_213618_102110.json,385,35,3131,34,34,True,0,False,,4.895366907119751,{'toeplitz_matrix': 1},asymptotic,True,,6,results/bob_realchannel_run_tp0.1_fk0.0_rp0.0_vd0.0_seed48_20260831_213618_102110.json,results/alice_realchannel_run_seed48_20260831_213618_079067.json,unknown,2026-08-31T21:36:23.403464,toeplitz,0.1,4,0.0051948051948051
0.1,0.0,0.0,0.0,49,results/bob_realchannel_run_tp0.1_fk0.0_rp0.0_vd0.0_seed49_20260831_213624_455275.json,385,33,3131,34,34,False,2,False,,4.4780309200286865,{},asymptotic,False,,7,results/bob_realchannel_run_tp0.1_fk0.0_rp0.0_vd0.0_seed49_20260831_213624_455275.json,results/alice_realchannel_run_seed49_20260831_213624_415277.json,unknown,2026-08-31T21:36:29.302896,toeplitz,0.1,4,0.0051948051948051
0.1,0.0,0.0,0.0,50,results/bob_realchannel_run_tp0.1_fk0.0_rp0.0_vd0.0_seed50_20260831_213630_317956.json,385,35,3131,34,34,True,0,False,,4.978959083557129,{},asymptotic,True,,8,results/bob_realchannel_run_tp0.1_fk0.0_rp0.0_vd0.0_seed50_20260831_213630_317956.json,results/alice_realchannel_run_seed50_20260831_213630_277491.json,unknown,2026-08-31T21:36:35.656886,toeplitz,0.1,4,0.0051948051948051
0.1,0.0,0.0,0.0,51,results/bob_realchannel_run_tp0.1_fk0.0_rp0.0_vd0.0_seed51_20260831_213636_656790.json,385,35,3131,34,34,True,0,False,,4.060328006744385,{'toeplitz_matrix': 1},asymptotic,False,,9,results/bob_realchannel_run_tp0.1_fk0.0_rp0.0_vd0.0_seed51_20260831_213636_656790.json,results/alice_realchannel_run_seed51_20260831_213636_638275.json,unknown,2026-08-31T21:36:41.078838,toeplitz,0.1,4,0.0051948051948051
0.05,0.0,0.0,0.0,42,results/bob_realchannel_run_tp0.05_fk0.0_rp0.0_vd0.0_seed42_20260831_213642_085016.json,385,35,3131,34,34,True,0,False,,4.700015544891357,{},asymptotic,True,,0,results/bob_realchannel_run_tp0.05_fk0.0_rp0.0_vd0.0_seed42_20260831_213642_085016.json,results/alice_realchannel_run_seed42_20260831_213642_051842.json,unknown,2026-08-31T21:36:47.149315,toeplitz,0.05,4,0.0051948051948051
0.05,0.0,0.0,0.0,43,results/bob_realchannel_run_tp0.05_fk0.0_rp0.0_vd0.0_seed43_20260831_213648_206055.json,385,35,3131,34,34,True,0,False,,2.8104677200317383,{},asymptotic,True,,1,results/bob_realchannel_run_tp0.05_fk0.0_rp0.0_vd0.0_seed43_20260831_213648_206055.json,results/alice_realchannel_run_seed43_20260831_213648_125881.json,unknown,2026-08-31T21:36:51.376826,toeplitz,0.05,4,0.0051948051948051
0.05,0.0,0.0,0.0,44,results/bob_realchannel_run_tp0.05_fk0.0_rp0.0_vd0.0_seed44_20260831_213652_427444.json,385,35,3131,34,34,True,0,False,,4.733252286911011,{},asymptotic,True,,2,results/bob_realchannel_run_tp0.05_fk0.0_rp0.0_vd0.0_seed44_20260831_213652_427444.json,results/alice_realchannel_run_seed44_20260831_213652_399416.json,unknown,2026-08-31T21:36:57.614006,toeplitz,0.05,4,0.0051948051948051
0.05,0.0,0.0,0.0,45,results/bob_realchannel_run_tp0.05_fk0.0_rp0.0_vd0.0_seed45_20260831_213658_667515.json,385,35,3131,34,34,True,0,False,,3.3493192195892334,{},asymptotic,True,,3,results/bob_realchannel_run_tp0.05_fk0.0_rp0.0_vd0.0_seed45_20260831_213658_667515.json,results/alice_realchannel_run_seed45_20260831_213658_594132.json,unknown,2026-08-31T21:37:02.386909,toeplitz,0.05,4,0.0051948051948051
0.05,0.0,0.0,0.0,46,results/bob_realchannel_run_tp0.05_fk0.0_rp0.0_vd0.0_seed46_20260831_213703_386868.json,385,35,3131,34,34,True,0,False,,1.498063564300537,{},asymptotic,True,,4,results/bob_realchannel_run_tp0.05_fk0.0_rp0.0_vd0.0_seed46_20260831_213703_386868.json,results/alice_realchannel_run_seed46_20260831_213703_409871.json,unknown,2026-08-31T21:37:05.354336,toeplitz,0.05,4,0.0051948051948051
0.05,0.0,0.0,0.0,47,results/bob_realchannel_run_tp0.05_fk0.0_rp0.0_vd0.0_seed47_20260831_213706_359567.json,385,35,3131,34,34,True,0,False,,3.261317014694214,{},asymptotic,True,,5,results/bob_realchannel_run_tp0.05_fk0.0_rp0.0_vd0.0_seed47_20260831_213706_359567.json,results/alice_realchannel_run_seed47_20260831_213706_333299.json,unknown,2026-08-31T21:37:09.982152,toeplitz,0.05,4,0.0051948051948051
0.05,0.0,0.0,0.0,48,results/bob_realchannel_run_tp0.05_fk0.0_rp0.0_vd0.0_seed48_20260831_213710_986032.json,385,35,3131,34,34,True,0,False,,2.682603359222412,{'toeplitz_matrix': 1},asymptotic,True,,6,results/bob_realchannel_run_tp0.05_fk0.0_rp0.0_vd0.0_seed48_20260831_213710_986032.json,results/alice_realchannel_run_seed48_20260831_213711_018080.json,unknown,2026-08-31T21:37:14.148902,toeplitz,0.05,4,0.0051948051948051
0.05,0.0,0.0,0.0,49,results/bob_realchannel_run_tp0.05_fk0.0_rp0.0_vd0.0_seed49_20260831_213715_220349.json,385,33,3131,34,34,False,2,False,,4.416868448257446,{},asymptotic,False,,7,results/bob_realchannel_run_tp0.05_fk0.0_rp0.0_vd0.0_seed49_20260831_213715_220349.json,results/alice_realchannel_run_seed49_20260831_213715_125075.json,unknown,2026-08-31T21:37:19.999136,toeplitz,0.05,4,0.0051948051948051
0.05,0.0,0.0,0.0,50,results/bob_realchannel_run_tp0.05_fk0.0_rp0.0_vd0.0_seed50_20260831_213721_018344.json,385,35,3131,34,34,True,0,False,,4.999311208724976,{},asymptotic,True,,8,results/bob_realchannel_run_tp0.05_fk0.0_rp0.0_vd0.0_seed50_20260831_213721_018344.json,results/alice_realchannel_run_seed50_20260831_213721_002167.json,unknown,2026-08-31T21:37:26.415469,toeplitz,0.05,4,0.0051948051948051
0.05,0.0,0.0,0.0,51,results/bob_realchannel_run_tp0.05_fk0.0_rp0.0_vd0.0_seed51_20260831_213727_409350.json,385,35,3131,34,34,True,0,False,,1.8554978370666504,{'toeplitz_matrix': 1},asymptotic,False,,9,results/bob_realchannel_run_tp0.05_fk0.0_rp0.0_vd0.0_seed51_20260831_213727_409350.json,results/alice_realchannel_run_seed51_20260831_213727_405578.json,unknown,2026-08-31T21:37:29.630483,toeplitz,0.05,4,0.0051948051948051
0.03,0.0,0.0,0.0,42,results/bob_realchannel_run_tp0.03_fk0.0_rp0.0_vd0.0_seed42_20260831_213730_644963.json,385,35,3131,34,34,True,0,False,,3.1522014141082764,{},asymptotic,True,,0,results/bob_realchannel_run_tp0.03_fk0.0_rp0.0_vd0.0_seed42_20260831_213730_644963.json,results/alice_realchannel_run_seed42_20260831_213730_623462.json,unknown,2026-08-31T21:37:34.158779,toeplitz,0.03,4,0.0051948051948051
0.03,0.0,0.0,0.0,43,results/bob_realchannel_run_tp0.03_fk0.0_rp0.0_vd0.0_seed43_20260831_213735_160942.json,385,35,3131,34,34,True,0,False,,4.6324217319488525,{},asymptotic,True,,1,results/bob_realchannel_run_tp0.03_fk0.0_rp0.0_vd0.0_seed43_20260831_213735_160942.json,results/alice_realchannel_run_seed43_20260831_213735_142164.json,unknown,2026-08-31T21:37:40.172525,toeplitz,0.03,4,0.0051948051948051
0.03,0.0,0.0,0.0,44,results/bob_realchannel_run_tp0.03_fk0.0_rp0.0_vd0.0_seed44_20260831_213741_227032.json,385,35,3131,34,34,True,0,False,,5.125741243362427,{},asymptotic,True,,2,results/bob_realchannel_run_tp0.03_fk0.0_rp0.0_vd0.0_seed44_20260831_213741_227032.json,results/alice_realchannel_run_seed44_20260831_213741_146701.json,unknown,2026-08-31T21:37:46.709876,toeplitz,0.03,4,0.0051948051948051
0.03,0.0,0.0,0.0,45,results/bob_realchannel_run_tp0.03_fk0.0_rp0.0_vd0.0_seed45_20260831_213747_705500.json,385,35,3131,34,34,True,0,False,,4.575413942337036,{},asymptotic,True,,3,results/bob_realchannel_run_tp0.03_fk0.0_rp0.0_vd0.0_seed45_20260831_213747_705500.json,results/alice_realchannel_run_seed45_20260831_213747_685963.json,unknown,2026-08-31T21:37:52.650746,toeplitz,0.03,4,0.0051948051948051
0.03,0.0,0.0,0.0,46,results/bob_realchannel_run_tp0.03_fk0.0_rp0.0_vd0.0_seed46_20260831_213753_655883.json,385,35,3131,34,34,True,0,False,,3.0225465297698975,{},asymptotic,True,,4,results/bob_realchannel_run_tp0.03_fk0.0_rp0.0_vd0.0_seed46_20260831_213753_655883.json,results/alice_realchannel_run_seed46_20260831_213753_628059.json,unknown,2026-08-31T21:37:57.044538,toeplitz,0.03,4,0.0051948051948051
0.03,0.0,0.0,0.0,47,results/bob_realchannel_run_tp0.03_fk0.0_rp0.0_vd0.0_seed47_20260831_213758_186700.json,385,35,3131,34,34,True,0,False,,3.11795711517334,{},asymptotic,True,,5,results/bob_realchannel_run_tp0.03_fk0.0_rp0.0_vd0.0_seed47_20260831_213758_186700.json,results/alice_realchannel_run_seed47_20260831_213758_020456.json,unknown,2026-08-31T21:38:01.676411,toeplitz,0.03,4,0.0051948051948051
0.03,0.0,0.0,0.0,48,results/bob_realchannel_run_tp0.03_fk0.0_rp0.0_vd0.0_seed48_20260831_213802_688331.json,385,35,3131,34,34,True,0,False,,5.084702730178833,{},asymptotic,True,,6,results/bob_realchannel_run_tp0.03_fk0.0_rp0.0_vd0.0_seed48_20260831_213802_688331.json,results/alice_realchannel_run_seed48_20260831_213802_656699.json,unknown,2026-08-31T21:38:08.130792,toeplitz,0.03,4,0.0051948051948051
0.03,0.0,0.0,0.0,49,results/bob_realchannel_run_tp0.03_fk0.0_rp0.0_vd0.0_seed49_20260831_213809_142705.json,385,33,3131,34,34,False,2,False,,3.838000774383545,{},asymptotic,False,,7,results/bob_realchannel_run_tp0.03_fk0.0_rp0.0_vd0.0_seed49_20260831_213809_142705.json,results/alice_realchannel_run_seed49_20260831_213809_105624.json,unknown,2026-08-31T21:38:13.326335,toeplitz,0.03,4,0.0051948051948051
0.03,0.0,0.0,0.0,50,results/bob_realchannel_run_tp0.03_fk0.0_rp0.0_vd0.0_seed50_20260831_213814_334898.json,385,35,3131,34,34,True,0,False,,4.09058690071106,{},asymptotic,True,,8,results/bob_realchannel_run_tp0.03_fk0.0_rp0.0_vd0.0_seed50_20260831_213814_334898.json,results/alice_realchannel_run_seed50_20260831_213814_305356.json,unknown,2026-08-31T21:38:18.785851,toeplitz,0.03,4,0.0051948051948051
0.03,0.0,0.0,0.0,51,results/bob_realchannel_run_tp0.03_fk0.0_rp0.0_vd0.0_seed51_20260831_213819_785649.json,385,35,3131,34,34,True,0,False,,4.763355493545532,{},asymptotic,True,,9,results/bob_realchannel_run_tp0.03_fk0.0_rp0.0_vd0.0_seed51_20260831_213819_785649.json,results/alice_realchannel_run_seed51_20260831_213819_763258.json,unknown,2026-08-31T21:38:24.916307,toeplitz,0.03,4,0.0051948051948051
0.01,0.0,0.0,0.0,42,results/bob_realchannel_run_tp0.01_fk0.0_rp0.0_vd0.0_seed42_20260831_213825_925227.json,385,35,3131,34,34,True,0,False,,2.715535879135132,{},asymptotic,True,,0,results/bob_realchannel_run_tp0.01_fk0.0_rp0.0_vd0.0_seed42_20260831_213825_925227.json,results/alice_realchannel_run_seed42_20260831_213825_921931.json,unknown,2026-08-31T21:38:29.053201,toeplitz,0.01,4,0.0051948051948051
0.01,0.0,0.0,0.0,43,results/bob_realchannel_run_tp0.01_fk0.0_rp0.0_vd0.0_seed43_20260831_213830_065041.json,385,35,3131,34,34,True,0,False,,4.6002516746521,{},asymptotic,True,,1,results/bob_realchannel_run_tp0.01_fk0.0_rp0.0_vd0.0_seed43_20260831_213830_065041.json,results/alice_realchannel_run_seed43_20260831_213830_018820.json,unknown,2026-08-31T21:38:35.029054,toeplitz,0.01,4,0.0051948051948051
0.01,0.0,0.0,0.0,44,results/bob_realchannel_run_tp0.01_fk0.0_rp0.0_vd0.0_seed44_20260831_213836_031663.json,385,35,3131,34,34,True,0,False,,5.18922758102417,{},asymptotic,True,,2,results/bob_realchannel_run_tp0.01_fk0.0_rp0.0_vd0.0_seed44_20260831_213836_031663.json,results/alice_realchannel_run_seed44_20260831_213836_006892.json,unknown,2026-08-31T21:38:41.582925,toeplitz,0.01,4,0.0051948051948051
0.01,0.0,0.0,0.0,45,results/bob_realchannel_run_tp0.01_fk0.0_rp0.0_vd0.0_seed45_20260831_213842_590247.json,385,35,3131,34,34,True,0,False,,3.2344486713409424,{},asymptotic,True,,3,results/bob_realchannel_run_tp0.01_fk0.0_rp0.0_vd0.0_seed45_20260831_213842_590247.json,results/alice_realchannel_run_seed45_20260831_213842_558114.json,unknown,2026-08-31T21:38:46.190300,toeplitz,0.01,4,0.0051948051948051
0.01,0.0,0.0,0.0,46,results/bob_realchannel_run_tp0.01_fk0.0_rp0.0_vd0.0_seed46_20260831_213847_212903.json,385,35,3131,34,34,True,0,False,,4.607976913452148,{},asymptotic,True,,4,results/bob_realchannel_run_tp0.01_fk0.0_rp0.0_vd0.0_seed46_20260831_213847_212903.json,results/alice_realchannel_run_seed46_20260831_213847_166735.json,unknown,2026-08-31T21:38:52.226668,toeplitz,0.01,4,0.0051948051948051
0.01,0.0,0.0,0.0,47,results/bob_realchannel_run_tp0.01_fk0.0_rp0.0_vd0.0_seed47_20260831_213853_235250.json,385,35,3131,34,34,True,0,False,,2.450042247772217,{},asymptotic,True,,5,results/bob_realchannel_run_tp0.01_fk0.0_rp0.0_vd0.0_seed47_20260831_213853_235250.json,results/alice_realchannel_run_seed47_20260831_213853_246975.json,unknown,2026-08-31T21:38:56.103658,toeplitz,0.01,4,0.0051948051948051
0.01,0.0,0.0,0.0,48,results/bob_realchannel_run_tp0.01_fk0.0_rp0.0_vd0.0_seed48_20260831_213857_114388.json,385,35,3131,34,34,True,0,False,,3.967158555984497,{},asymptotic,True,,6,results/bob_realchannel_run_tp0.01_fk0.0_rp0.0_vd0.0_seed48_20260831_213857_114388.json,results/alice_realchannel_run_seed48_20260831_213857_095539.json,unknown,2026-08-31T21:39:01.471429,toeplitz,0.01,4,0.0051948051948051
0.01,0.0,0.0,0.0,49,results/bob_realchannel_run_tp0.01_fk0.0_rp0.0_vd0.0_seed49_20260831_213902_487629.json,385,33,3131,34,34,False,2,False,,4.5051422119140625,{},asymptotic,False,,7,results/bob_realchannel_run_tp0.01_fk0.0_rp0.0_vd0.0_seed49_20260831_213902_487629.json,results/alice_realchannel_run_seed49_20260831_213902_475099.json,unknown,2026-08-31T21:39:07.409069,toeplitz,0.01,4,0.0051948051948051
0.01,0.0,0.0,0.0,50,results/bob_realchannel_run_tp0.01_fk0.0_rp0.0_vd0.0_seed50_20260831_213908_404272.json,385,35,3131,34,34,True,0,False,,5.005108118057251,{},asymptotic,True,,8,results/bob_realchannel_run_tp0.01_fk0.0_rp0.0_vd0.0_seed50_20260831_213908_404272.json,results/alice_realchannel_run_seed50_20260831_213908_393302.json,unknown,2026-08-31T21:39:13.848548,toeplitz,0.01,4,0.0051948051948051
0.01,0.0,0.0,0.0,51,results/bob_realchannel_run_tp0.01_fk0.0_rp0.0_vd0.0_seed51_20260831_213914_894012.json,385,35,3131,34,34,True,0,False,,3.422368049621582,{},asymptotic,True,,9,results/bob_realchannel_run_tp0.01_fk0.0_rp0.0_vd0.0_seed51_20260831_213914_894012.json,results/alice_realchannel_run_seed51_20260831_213914_869462.json,unknown,2026-08-31T21:39:18.757363,toeplitz,0.01,4,0.0051948051948051
0.003,0.0,0.0,0.0,42,results/bob_realchannel_run_tp0.003_fk0.0_rp0.0_vd0.0_seed42_20260831_213919_794646.json,385,35,3131,34,34,True,0,False,,4.6860504150390625,{},asymptotic,True,,0,results/bob_realchannel_run_tp0.003_fk0.0_rp0.0_vd0.0_seed42_20260831_213919_794646.json,results/alice_realchannel_run_seed42_20260831_213919_753192.json,unknown,2026-08-31T21:39:24.908243,toeplitz,0.003,4,0.0051948051948051
0.003,0.0,0.0,0.0,43,results/bob_realchannel_run_tp0.003_fk0.0_rp0.0_vd0.0_seed43_20260831_213926_002644.json,385,35,3131,34,34,True,0,False,,4.55000638961792,{},asymptotic,True,,1,results/bob_realchannel_run_tp0.003_fk0.0_rp0.0_vd0.0_seed43_20260831_213926_002644.json,results/alice_realchannel_run_seed43_20260831_213925_910655.json,unknown,2026-08-31T21:39:31.028919,toeplitz,0.003,4,0.0051948051948051
0.003,0.0,0.0,0.0,44,results/bob_realchannel_run_tp0.003_fk0.0_rp0.0_vd0.0_seed44_20260831_213932_184619.json,385,35,3131,34,34,True,0,False,,5.032254457473755,{},asymptotic,True,,2,results/bob_realchannel_run_tp0.003_fk0.0_rp0.0_vd0.0_seed44_20260831_213932_184619.json,results/alice_realchannel_run_seed44_20260831_213932_017317.json,unknown,2026-08-31T21:39:37.655422,toeplitz,0.003,4,0.0051948051948051
0.003,0.0,0.0,0.0,45,results/bob_realchannel_run_tp0.003_fk0.0_rp0.0_vd0.0_seed45_20260831_213938_707867.json,385,35,3131,34,34,True,0,False,,4.541423320770264,{},asymptotic,True,,3,results/bob_realchannel_run_tp0.003_fk0.0_rp0.0_vd0.0_seed45_20260831_213938_707867.json,results/alice_realchannel_run_seed45_20260831_213938_660955.json,unknown,2026-08-31T21:39:43.679383,toeplitz,0.003,4,0.0051948051948051
0.003,0.0,0.0,0.0,46,results/bob_realchannel_run_tp0.003_fk0.0_rp0.0_vd0.0_seed46_20260831_213944_891741.json,385,35,3131,34,34,True,0,False,,4.4775550365448,{},asymptotic,True,,4,results/bob_realchannel_run_tp0.003_fk0.0_rp0.0_vd0.0_seed46_20260831_213944_891741.json,results/alice_realchannel_run_seed46_20260831_213944_713281.json,unknown,2026-08-31T21:39:49.821558,toeplitz,0.003,4,0.0051948051948051
0.003,0.0,0.0,0.0,47,results/bob_realchannel_run_tp0.003_fk0.0_rp0.0_vd0.0_seed47_20260831_213950_846395.json,385,35,3131,34,34,True,0,False,,1.2705903053283691,{},asymptotic,True,,5,results/bob_realchannel_run_tp0.003_fk0.0_rp0.0_vd0.0_seed47_20260831_213950_846395.json,results/alice_realchannel_run_seed47_20260831_213950_848332.json,unknown,2026-08-31T21:39:52.572471,toeplitz,0.003,4,0.0051948051948051
0.003,0.0,0.0,0.0,48,results/bob_realchannel_run_tp0.003_fk0.0_rp0.0_vd0.0_seed48_20260831_213953_585717.json,385,35,3131,34,34,True,0,False,,5.095072984695435,{},asymptotic,True,,6,results/bob_realchannel_run_tp0.003_fk0.0_rp0.0_vd0.0_seed48_20260831_213953_585717.json,results/alice_realchannel_run_seed48_20260831_213953_559054.json,unknown,2026-08-31T21:39:59.070550,toeplitz,0.003,4,0.0051948051948051
0.003,0.0,0.0,0.0,49,results/bob_realchannel_run_tp0.003_fk0.0_rp0.0_vd0.0_seed49_20260831_214000_077412.json,385,33,3131,34,34,False,2,False,,2.49975848197937,{},asymptotic,False,,7,results/bob_realchannel_run_tp0.003_fk0.0_rp0.0_vd0.0_seed49_20260831_214000_077412.json,results/alice_realchannel_run_seed49_20260831_214000_075873.json,unknown,2026-08-31T21:40:03.017508,toeplitz,0.003,4,0.0051948051948051
0.003,0.0,0.0,0.0,50,results/bob_realchannel_run_tp0.003_fk0.0_rp0.0_vd0.0_seed50_20260831_214004_015276.json,385,35,3131,34,34,True,0,False,,5.005724191665649,{},asymptotic,True,,8,results/bob_realchannel_run_tp0.003_fk0.0_rp0.0_vd0.0_seed50_20260831_214004_015276.json,results/alice_realchannel_run_seed50_20260831_214004_003078.json,unknown,2026-08-31T21:40:09.422753,toeplitz,0.003,4,0.0051948051948051
0.003,0.0,0.0,0.0,51,results/bob_realchannel_run_tp0.003_fk0.0_rp0.0_vd0.0_seed51_20260831_214010_407984.json,385,35,3131,34,34,True,0,False,,2.324382781982422,{},asymptotic,True,,9,results/bob_realchannel_run_tp0.003_fk0.0_rp0.0_vd0.0_seed51_20260831_214010_407984.json,results/alice_realchannel_run_seed51_20260831_214010_423599.json,unknown,2026-08-31T21:40:13.154355,toeplitz,0.003,4,0.0051948051948051
0.001,0.0,0.0,0.0,42,results/bob_realchannel_run_tp0.001_fk0.0_rp0.0_vd0.0_seed42_20260831_214014_156532.json,385,35,3131,34,34,True,0,False,,4.264911651611328,{},asymptotic,True,,0,results/bob_realchannel_run_tp0.001_fk0.0_rp0.0_vd0.0_seed42_20260831_214014_156532.json,results/alice_realchannel_run_seed42_20260831_214014_140280.json,unknown,2026-08-31T21:40:18.822174,toeplitz,0.001,4,0.0051948051948051
0.001,0.0,0.0,0.0,43,results/bob_realchannel_run_tp0.001_fk0.0_rp0.0_vd0.0_seed43_20260831_214019_820728.json,385,35,3131,34,34,True,0,False,,4.640085935592651,{},asymptotic,True,,1,results/bob_realchannel_run_tp0.001_fk0.0_rp0.0_vd0.0_seed43_20260831_214019_820728.json,results/alice_realchannel_run_seed43_20260831_214019_814309.json,unknown,2026-08-31T21:40:24.892681,toeplitz,0.001,4,0.0051948051948051
0.001,0.0,0.0,0.0,44,results/bob_realchannel_run_tp0.001_fk0.0_rp0.0_vd0.0_seed44_20260831_214025_887166.json,385,35,3131,34,34,True,0,False,,3.22172474861145,{},asymptotic,True,,2,results/bob_realchannel_run_tp0.001_fk0.0_rp0.0_vd0.0_seed44_20260831_214025_887166.json,results/alice_realchannel_run_seed44_20260831_214025_917549.json,unknown,2026-08-31T21:40:29.519337,toeplitz,0.001,4,0.0051948051948051
0.001,0.0,0.0,0.0,45,results/bob_realchannel_run_tp0.001_fk0.0_rp0.0_vd0.0_seed45_20260831_214030_520388.json,385,35,3131,34,34,True,0,False,,1.4041998386383057,{},asymptotic,True,,3,results/bob_realchannel_run_tp0.001_fk0.0_rp0.0_vd0.0_seed45_20260831_214030_520388.json,results/alice_realchannel_run_seed45_20260831_214030_516213.json,unknown,2026-08-31T21:40:32.347293,toeplitz,0.001,4,0.0051948051948051
0.001,0.0,0.0,0.0,46,results/bob_realchannel_run_tp0.001_fk0.0_rp0.0_vd0.0_seed46_20260831_214033_348465.json,385,35,3131,34,34,True,0,False,,2.192336082458496,{},asymptotic,True,,4,results/bob_realchannel_run_tp0.001_fk0.0_rp0.0_vd0.0_seed46_20260831_214033_348465.json,results/alice_realchannel_run_seed46_20260831_214033_349448.json,unknown,2026-08-31T21:40:35.926194,toeplitz,0.001,4,0.0051948051948051
0.001,0.0,0.0,0.0,47,results/bob_realchannel_run_tp0.001_fk0.0_rp0.0_vd0.0_seed47_20260831_214036_935047.json,385,35,3131,34,34,True,0,False,,3.3375048637390137,{},asymptotic,True,,5,results/bob_realchannel_run_tp0.001_fk0.0_rp0.0_vd0.0_seed47_20260831_214036_935047.json,results/alice_realchannel_run_seed47_20260831_214036_929496.json,unknown,2026-08-31T21:40:40.685856,toeplitz,0.001,4,0.0051948051948051
0.001,0.0,0.0,0.0,48,results/bob_realchannel_run_tp0.001_fk0.0_rp0.0_vd0.0_seed48_20260831_214041_693468.json,385,35,3131,34,34,True,0,False,,4.668411731719971,{},asymptotic,True,,6,results/bob_realchannel_run_tp0.001_fk0.0_rp0.0_vd0.0_seed48_20260831_214041_693468.json,results/alice_realchannel_run_seed48_20260831_214041_684712.json,unknown,2026-08-31T21:40:46.788723,toeplitz,0.001,4,0.0051948051948051
0.001,0.0,0.0,0.0,49,results/bob_realchannel_run_tp0.001_fk0.0_rp0.0_vd0.0_seed49_20260831_214047_831014.json,385,33,3131,34,34,False,2,False,,4.510277986526489,{},asymptotic,False,,7,results/bob_realchannel_run_tp0.001_fk0.0_rp0.0_vd0.0_seed49_20260831_214047_831014.json,results/alice_realchannel_run_seed49_20260831_214047_817847.json,unknown,2026-08-31T21:40:52.758317,toeplitz,0.001,4,0.0051948051948051
0.001,0.0,0.0,0.0,50,results/bob_realchannel_run_tp0.001_fk0.0_rp0.0_vd0.0_seed50_20260831_214053_750081.json,385,35,3131,34,34,True,0,False,,2.286869525909424,{},asymptotic,True,,8,results/bob_realchannel_run_tp0.001_fk0.0_rp0.0_vd0.0_seed50_20260831_214053_750081.json,results/alice_realchannel_run_seed50_20260831_214053_746979.json,unknown,2026-08-31T21:40:56.454808,toeplitz,0.001,4,0.0051948051948051
0.001,0.0,0.0,0.0,51,results/bob_realchannel_run_tp0.001_fk0.0_rp0.0_vd0.0_seed51_20260831_214057_455243.json,385,35,3131,34,34,True,0,False,,2.7814412117004395,{},asymptotic,True,,9,results/bob_realchannel_run_tp0.001_fk0.0_rp0.0_vd0.0_seed51_20260831_214057_455243.json,results/alice_realchannel_run_seed51_20260831_214057_472464.json,unknown,2026-08-31T21:41:00.654444,toeplitz,0.001,4,0.0051948051948051
0.001,0.0,0.0,0.0,52,results/bob_realchannel_run_tp0.001_fk0.0_rp0.0_vd0.0_seed52_20260917_055818_909141.json,390,33,2810,34,34,True,0,False,,3.478985071182251,{},asymptotic,True,,10,results/bob_realchannel_run_tp0.001_fk0.0_rp0.0_vd0.0_seed52_20260917_055818_909141.json,results/alice_realchannel_run_seed52_20260917_055818_871591.json,exception: name 'PROJECT_DIR' is not defined,2026-09-17T05:58:22.889190,toeplitz,0.001,0,0.0128205128205128
0.001,0.0,0.0,0.0,53,results/bob_realchannel_run_tp0.001_fk0.0_rp0.0_vd0.0_seed53_20260917_055824_900782.json,390,33,2810,34,34,True,0,False,,3.835435152053833,{},asymptotic,True,,11,results/bob_realchannel_run_tp0.001_fk0.0_rp0.0_vd0.0_seed53_20260917_055824_900782.json,results/alice_realchannel_run_seed53_20260917_055824_874735.json,exception: name 'PROJECT_DIR' is not defined,2026-09-17T05:58:29.240143,toeplitz,0.001,0,0.0128205128205128
0.001,0.0,0.0,0.0,54,results/bob_realchannel_run_tp0.001_fk0.0_rp0.0_vd0.0_seed54_20260917_055831_279277.json,390,33,2810,34,34,True,0,False,,3.028961181640625,{},asymptotic,True,,12,results/bob_realchannel_run_tp0.001_fk0.0_rp0.0_vd0.0_seed54_20260917_055831_279277.json,results/alice_realchannel_run_seed54_20260917_055831_241056.json,exception: name 'PROJECT_DIR' is not defined,2026-09-17T05:58:34.735756,toeplitz,0.001,0,0.0128205128205128
0.001,0.0,0.0,0.0,55,results/bob_realchannel_run_tp0.001_fk0.0_rp0.0_vd0.0_seed55_20260917_055836_761275.json,390,33,2810,34,34,True,0,False,,3.3872766494750977,{},asymptotic,True,,13,results/bob_realchannel_run_tp0.001_fk0.0_rp0.0_vd0.0_seed55_20260917_055836_761275.json,results/alice_realchannel_run_seed55_20260917_055836_737646.json,exception: name 'PROJECT_DIR' is not defined,2026-09-17T05:58:40.656031,toeplitz,0.001,0,0.0128205128205128
0.001,0.0,0.0,0.0,56,results/bob_realchannel_run_tp0.001_fk0.0_rp0.0_vd0.0_seed56_20260917_055842_702576.json,390,33,2810,34,34,True,0,False,,2.425745725631714,{},asymptotic,True,,14,results/bob_realchannel_run_tp0.001_fk0.0_rp0.0_vd0.0_seed56_20260917_055842_702576.json,results/alice_realchannel_run_seed56_20260917_055842_749984.json,exception: name 'PROJECT_DIR' is not defined,2026-09-17T05:58:45.755759,toeplitz,0.001,0,0.0128205128205128
0.001,0.0,0.0,0.0,57,results/bob_realchannel_run_tp0.001_fk0.0_rp0.0_vd0.0_seed57_20260917_055847_784166.json,390,33,2810,34,34,True,0,False,,4.115703344345093,{},asymptotic,True,,15,results/bob_realchannel_run_tp0.001_fk0.0_rp0.0_vd0.0_seed57_20260917_055847_784166.json,results/alice_realchannel_run_seed57_20260917_055847_772935.json,exception: name 'PROJECT_DIR' is not defined,2026-09-17T05:58:52.334321,toeplitz,0.001,0,0.0128205128205128
0.001,0.0,0.0,0.0,58,results/bob_realchannel_run_tp0.001_fk0.0_rp0.0_vd0.0_seed58_20260917_055854_342979.json,390,33,2810,34,34,True,0,False,,1.7652835845947266,{},asymptotic,True,,16,results/bob_realchannel_run_tp0.001_fk0.0_rp0.0_vd0.0_seed58_20260917_055854_342979.json,results/alice_realchannel_run_seed58_20260917_055854_340649.json,exception: name 'PROJECT_DIR' is not defined,2026-09-17T05:58:56.616218,toeplitz,0.001,0,0.0128205128205128
0.001,0.0,0.0,0.0,59,results/bob_realchannel_run_tp0.001_fk0.0_rp0.0_vd0.0_seed59_20260917_055858_621088.json,390,33,2810,34,34,True,0,False,,2.303628444671631,{},asymptotic,True,,17,results/bob_realchannel_run_tp0.001_fk0.0_rp0.0_vd0.0_seed59_20260917_055858_621088.json,results/alice_realchannel_run_seed59_20260917_055858_625077.json,exception: name 'PROJECT_DIR' is not defined,2026-09-17T05:59:01.358092,toeplitz,0.001,0,0.0128205128205128
0.001,0.0,0.0,0.0,60,results/bob_realchannel_run_tp0.001_fk0.0_rp0.0_vd0.0_seed60_20260917_055903_367178.json,390,33,2810,34,34,True,0,False,,2.35378098487854,{},asymptotic,True,,18,results/bob_realchannel_run_tp0.001_fk0.0_rp0.0_vd0.0_seed60_20260917_055903_367178.json,results/alice_realchannel_run_seed60_20260917_055903_499528.json,exception: name 'PROJECT_DIR' is not defined,2026-09-17T05:59:06.430790,toeplitz,0.001,0,0.0128205128205128
0.001,0.0,0.0,0.0,61,results/bob_realchannel_run_tp0.001_fk0.0_rp0.0_vd0.0_seed61_20260917_055908_462617.json,390,33,2810,34,34,True,0,False,,4.272944688796997,{},asymptotic,True,,19,results/bob_realchannel_run_tp0.001_fk0.0_rp0.0_vd0.0_seed61_20260917_055908_462617.json,results/alice_realchannel_run_seed61_20260917_055908_434933.json,exception: name 'PROJECT_DIR' is not defined,2026-09-17T05:59:13.245070,toeplitz,0.001,0,0.0128205128205128
0.001,0.0,0.0,0.0,62,results/bob_realchannel_run_tp0.001_fk0.0_rp0.0_vd0.0_seed62_20260917_055915_272847.json,390,33,2810,34,34,True,0,False,,4.2907702922821045,{},asymptotic,True,,20,results/bob_realchannel_run_tp0.001_fk0.0_rp0.0_vd0.0_seed62_20260917_055915_272847.json,results/alice_realchannel_run_seed62_20260917_055915_251250.json,exception: name 'PROJECT_DIR' is not defined,2026-09-17T05:59:19.993071,toeplitz,0.001,0,0.0128205128205128
0.001,0.0,0.0,0.0,63,results/bob_realchannel_run_tp0.001_fk0.0_rp0.0_vd0.0_seed63_20260917_055922_001469.json,390,33,2810,34,34,True,0,False,,2.3501925468444824,{},asymptotic,True,,21,results/bob_realchannel_run_tp0.001_fk0.0_rp0.0_vd0.0_seed63_20260917_055922_001469.json,results/alice_realchannel_run_seed63_20260917_055922_129765.json,exception: name 'PROJECT_DIR' is not defined,2026-09-17T05:59:24.955468,toeplitz,0.001,0,0.0128205128205128
0.001,0.0,0.0,0.0,64,results/bob_realchannel_run_tp0.001_fk0.0_rp0.0_vd0.0_seed64_20260917_055926_967355.json,390,33,2810,34,34,True,0,False,,3.006603240966797,{},asymptotic,True,,22,results/bob_realchannel_run_tp0.001_fk0.0_rp0.0_vd0.0_seed64_20260917_055926_967355.json,results/alice_realchannel_run_seed64_20260917_055926_960438.json,exception: name 'PROJECT_DIR' is not defined,2026-09-17T05:59:30.400048,toeplitz,0.001,0,0.0128205128205128
0.001,0.0,0.0,0.0,65,results/bob_realchannel_run_tp0.001_fk0.0_rp0.0_vd0.0_seed65_20260917_055932_416725.json,390,33,2810,34,34,True,0,False,,2.3557982444763184,{},asymptotic,True,,23,results/bob_realchannel_run_tp0.001_fk0.0_rp0.0_vd0.0_seed65_20260917_055932_416725.json,results/alice_realchannel_run_seed65_20260917_055932_474356.json,exception: name 'PROJECT_DIR' is not defined,2026-09-17T05:59:35.426084,toeplitz,0.001,0,0.0128205128205128
0.001,0.0,0.0,0.0,66,results/bob_realchannel_run_tp0.001_fk0.0_rp0.0_vd0.0_seed66_20260917_055937_447766.json,390,33,2810,34,34,True,0,False,,4.388197898864746,{},asymptotic,True,,24,results/bob_realchannel_run_tp0.001_fk0.0_rp0.0_vd0.0_seed66_20260917_055937_447766.json,results/alice_realchannel_run_seed66_20260917_055937_432048.json,exception: name 'PROJECT_DIR' is not defined,2026-09-17T05:59:42.258059,toeplitz,0.001,0,0.0128205128205128
0.001,0.0,0.0,0.0,67,results/bob_realchannel_run_tp0.001_fk0.0_rp0.0_vd0.0_seed67_20260917_055944_266085.json,390,33,2810,34,34,True,0,False,,2.3781020641326904,{},asymptotic,True,,25,results/bob_realchannel_run_tp0.001_fk0.0_rp0.0_vd0.0_seed67_20260917_055944_266085.json,results/alice_realchannel_run_seed67_20260917_055944_347201.json,exception: name 'PROJECT_DIR' is not defined,2026-09-17T05:59:47.263580,toeplitz,0.001,0,0.0128205128205128
0.001,0.0,0.0,0.0,68,results/bob_realchannel_run_tp0.001_fk0.0_rp0.0_vd0.0_seed68_20260917_055949_266992.json,390,33,2810,34,34,True,0,False,,2.4137585163116455,{},asymptotic,True,,26,results/bob_realchannel_run_tp0.001_fk0.0_rp0.0_vd0.0_seed68_20260917_055949_266992.json,results/alice_realchannel_run_seed68_20260917_055949_375296.json,exception: name 'PROJECT_DIR' is not defined,2026-09-17T05:59:52.391909,toeplitz,0.001,0,0.0128205128205128
0.001,0.0,0.0,0.0,69,results/bob_realchannel_run_tp0.001_fk0.0_rp0.0_vd0.0_seed69_20260917_055954_403765.json,390,33,2810,34,34,True,0,False,,4.267658233642578,{},asymptotic,True,,27,results/bob_realchannel_run_tp0.001_fk0.0_rp0.0_vd0.0_seed69_20260917_055954_403765.json,results/alice_realchannel_run_seed69_20260917_055954_357583.json,exception: name 'PROJECT_DIR' is not defined,2026-09-17T05:59:59.102433,toeplitz,0.001,0,0.0128205128205128
0.001,0.0,0.0,0.0,70,results/bob_realchannel_run_tp0.001_fk0.0_rp0.0_vd0.0_seed70_20260917_060001_125886.json,390,33,2810,34,34,True,0,False,,1.02557373046875,{},asymptotic,True,,28,results/bob_realchannel_run_tp0.001_fk0.0_rp0.0_vd0.0_seed70_20260917_060001_125886.json,results/alice_realchannel_run_seed70_20260917_060001_219464.json,exception: name 'PROJECT_DIR' is not defined,2026-09-17T06:00:02.795773,toeplitz,0.001,0,0.0128205128205128
0.001,0.0,0.0,0.0,71,results/bob_realchannel_run_tp0.001_fk0.0_rp0.0_vd0.0_seed71_20260917_060004_904877.json,390,33,2810,34,34,True,0,False,,3.819387674331665,{},asymptotic,True,,29,results/bob_realchannel_run_tp0.001_fk0.0_rp0.0_vd0.0_seed71_20260917_060004_904877.json,results/alice_realchannel_run_seed71_20260917_060004_771601.json,exception: name 'PROJECT_DIR' is not defined,2026-09-17T06:00:09.157698,toeplitz,0.001,0,0.0128205128205128
0.003,0.0,0.0,0.0,52,results/bob_realchannel_run_tp0.003_fk0.0_rp0.0_vd0.0_seed52_20260917_060011_165309.json,390,33,2810,34,34,True,0,False,,2.0750315189361572,{},asymptotic,True,,10,results/bob_realchannel_run_tp0.003_fk0.0_rp0.0_vd0.0_seed52_20260917_060011_165309.json,results/alice_realchannel_run_seed52_20260917_060011_289963.json,exception: name 'PROJECT_DIR' is not defined,2026-09-17T06:00:13.961900,toeplitz,0.003,0,0.0128205128205128
0.003,0.0,0.0,0.0,53,results/bob_realchannel_run_tp0.003_fk0.0_rp0.0_vd0.0_seed53_20260917_060015_971879.json,390,33,2810,34,34,True,0,False,,4.260053396224976,{},asymptotic,True,,11,results/bob_realchannel_run_tp0.003_fk0.0_rp0.0_vd0.0_seed53_20260917_060015_971879.json,results/alice_realchannel_run_seed53_20260917_060015_917319.json,exception: name 'PROJECT_DIR' is not defined,2026-09-17T06:00:20.657055,toeplitz,0.003,0,0.0128205128205128
0.003,0.0,0.0,0.0,54,results/bob_realchannel_run_tp0.003_fk0.0_rp0.0_vd0.0_seed54_20260917_060022_663030.json,390,33,2810,34,34,True,0,False,,4.228651285171509,{},asymptotic,True,,12,results/bob_realchannel_run_tp0.003_fk0.0_rp0.0_vd0.0_seed54_20260917_060022_663030.json,results/alice_realchannel_run_seed54_20260917_060022_654383.json,exception: name 'PROJECT_DIR' is not defined,2026-09-17T06:00:27.397885,toeplitz,0.003,0,0.0128205128205128
0.003,0.0,0.0,0.0,55,results/bob_realchannel_run_tp0.003_fk0.0_rp0.0_vd0.0_seed55_20260917_060029_427788.json,390,33,2810,34,34,True,0,False,,2.9443981647491455,{},asymptotic,True,,13,results/bob_realchannel_run_tp0.003_fk0.0_rp0.0_vd0.0_seed55_20260917_060029_427788.json,results/alice_realchannel_run_seed55_20260917_060029_401713.json,exception: name 'PROJECT_DIR' is not defined,2026-09-17T06:00:32.799326,toeplitz,0.003,0,0.0128205128205128
0.003,0.0,0.0,0.0,56,results/bob_realchannel_run_tp0.003_fk0.0_rp0.0_vd0.0_seed56_20260917_060034_825304.json,390,33,2810,34,34,True,0,False,,1.2129302024841309,{},asymptotic,True,,14,results/bob_realchannel_run_tp0.003_fk0.0_rp0.0_vd0.0_seed56_20260917_060034_825304.json,results/alice_realchannel_run_seed56_20260917_060034_964716.json,exception: name 'PROJECT_DIR' is not defined,2026-09-17T06:00:36.770203,toeplitz,0.003,0,0.0128205128205128
0.003,0.0,0.0,0.0,57,results/bob_realchannel_run_tp0.003_fk0.0_rp0.0_vd0.0_seed57_20260917_060038_772972.json,390,33,2810,34,34,True,0,False,,1.1338040828704834,{},asymptotic,True,,15,results/bob_realchannel_run_tp0.003_fk0.0_rp0.0_vd0.0_seed57_20260917_060038_772972.json,results/alice_realchannel_run_seed57_20260917_060038_924828.json,exception: name 'PROJECT_DIR' is not defined,2026-09-17T06:00:40.641159,toeplitz,0.003,0,0.0128205128205128
0.003,0.0,0.0,0.0,58,results/bob_realchannel_run_tp0.003_fk0.0_rp0.0_vd0.0_seed58_20260917_060042_669996.json,390,33,2810,34,34,True,0,False,,4.225306272506714,{},asymptotic,True,,16,results/bob_realchannel_run_tp0.003_fk0.0_rp0.0_vd0.0_seed58_20260917_060042_669996.json,results/alice_realchannel_run_seed58_20260917_060042_661182.json,exception: name 'PROJECT_DIR' is not defined,2026-09-17T06:00:47.329159,toeplitz,0.003,0,0.0128205128205128
0.003,0.0,0.0,0.0,59,results/bob_realchannel_run_tp0.003_fk0.0_rp0.0_vd0.0_seed59_20260917_060049_359877.json,390,33,2810,34,34,True,0,False,,2.4043240547180176,{},asymptotic,True,,17,results/bob_realchannel_run_tp0.003_fk0.0_rp0.0_vd0.0_seed59_20260917_060049_359877.json,results/alice_realchannel_run_seed59_20260917_060049_453057.json,exception: name 'PROJECT_DIR' is not defined,2026-09-17T06:00:52.482159,toeplitz,0.003,0,0.0128205128205128
0.003,0.0,0.0,0.0,60,results/bob_realchannel_run_tp0.003_fk0.0_rp0.0_vd0.0_seed60_20260917_060054_504510.json,390,33,2810,34,34,True,0,False,,2.343500852584839,{},asymptotic,True,,18,results/bob_realchannel_run_tp0.003_fk0.0_rp0.0_vd0.0_seed60_20260917_060054_504510.json,results/alice_realchannel_run_seed60_20260917_060054_624575.json,exception: name 'PROJECT_DIR' is not defined,2026-09-17T06:00:57.317442,toeplitz,0.003,0,0.0128205128205128
0.003,0.0,0.0,0.0,61,results/bob_realchannel_run_tp0.003_fk0.0_rp0.0_vd0.0_seed61_20260917_060059_333525.json,390,33,2810,34,34,True,0,False,,1.9252398014068604,{},asymptotic,True,,19,results/bob_realchannel_run_tp0.003_fk0.0_rp0.0_vd0.0_seed61_20260917_060059_333525.json,results/alice_realchannel_run_seed61_20260917_060059_421643.json,exception: name 'PROJECT_DIR' is not defined,2026-09-17T06:01:01.983704,toeplitz,0.003,0,0.0128205128205128
0.003,0.0,0.0,0.0,62,results/bob_realchannel_run_tp0.003_fk0.0_rp0.0_vd0.0_seed62_20260917_060103_988851.json,390,33,2810,34,34,True,0,False,,4.279139518737793,{},asymptotic,True,,20,results/bob_realchannel_run_tp0.003_fk0.0_rp0.0_vd0.0_seed62_20260917_060103_988851.json,results/alice_realchannel_run_seed62_20260917_060103_946625.json,exception: name 'PROJECT_DIR' is not defined,2026-09-17T06:01:08.696200,toeplitz,0.003,0,0.0128205128205128
0.003,0.0,0.0,0.0,63,results/bob_realchannel_run_tp0.003_fk0.0_rp0.0_vd0.0_seed63_20260917_060110_694294.json,390,33,2810,34,34,True,0,False,,4.2017035484313965,{},asymptotic,True,,21,results/bob_realchannel_run_tp0.003_fk0.0_rp0.0_vd0.0_seed63_20260917_060110_694294.json,results/alice_realchannel_run_seed63_20260917_060110_657653.json,exception: name 'PROJECT_DIR' is not defined,2026-09-17T06:01:15.325118,toeplitz,0.003,0,0.0128205128205128
0.003,0.0,0.0,0.0,64,results/bob_realchannel_run_tp0.003_fk0.0_rp0.0_vd0.0_seed64_20260917_060117_340587.json,390,33,2810,34,34,True,0,False,,2.4281225204467773,{},asymptotic,True,,22,results/bob_realchannel_run_tp0.003_fk0.0_rp0.0_vd0.0_seed64_20260917_060117_340587.json,results/alice_realchannel_run_seed64_20260917_060117_468273.json,exception: name 'PROJECT_DIR' is not defined,2026-09-17T06:01:20.472251,toeplitz,0.003,0,0.0128205128205128
0.003,0.0,0.0,0.0,65,results/bob_realchannel_run_tp0.003_fk0.0_rp0.0_vd0.0_seed65_20260917_060122_470814.json,390,33,2810,34,34,True,0,False,,3.833284854888916,{},asymptotic,True,,23,results/bob_realchannel_run_tp0.003_fk0.0_rp0.0_vd0.0_seed65_20260917_060122_470814.json,results/alice_realchannel_run_seed65_20260917_060122_437852.json,exception: name 'PROJECT_DIR' is not defined,2026-09-17T06:01:26.733216,toeplitz,0.003,0,0.0128205128205128
0.003,0.0,0.0,0.0,66,results/bob_realchannel_run_tp0.003_fk0.0_rp0.0_vd0.0_seed66_20260917_060128_747835.json,390,33,2810,34,34,True,0,False,,1.2190415859222412,{},asymptotic,True,,24,results/bob_realchannel_run_tp0.003_fk0.0_rp0.0_vd0.0_seed66_20260917_060128_747835.json,results/alice_realchannel_run_seed66_20260917_060128_878265.json,exception: name 'PROJECT_DIR' is not defined,2026-09-17T06:01:30.687878,toeplitz,0.003,0,0.0128205128205128
0.003,0.0,0.0,0.0,67,results/bob_realchannel_run_tp0.003_fk0.0_rp0.0_vd0.0_seed67_20260917_060132_687381.json,390,33,2810,34,34,True,0,False,,3.8371951580047607,{},asymptotic,True,,25,results/bob_realchannel_run_tp0.003_fk0.0_rp0.0_vd0.0_seed67_20260917_060132_687381.json,results/alice_realchannel_run_seed67_20260917_060132_661708.json,exception: name 'PROJECT_DIR' is not defined,2026-09-17T06:01:36.979113,toeplitz,0.003,0,0.0128205128205128
0.003,0.0,0.0,0.0,68,results/bob_realchannel_run_tp0.003_fk0.0_rp0.0_vd0.0_seed68_20260917_060138_999862.json,390,33,2810,34,34,True,0,False,,3.811476707458496,{},asymptotic,True,,26,results/bob_realchannel_run_tp0.003_fk0.0_rp0.0_vd0.0_seed68_20260917_060138_999862.json,results/alice_realchannel_run_seed68_20260917_060138_945214.json,exception: name 'PROJECT_DIR' is not defined,2026-09-17T06:01:43.260295,toeplitz,0.003,0,0.0128205128205128
0.003,0.0,0.0,0.0,69,results/bob_realchannel_run_tp0.003_fk0.0_rp0.0_vd0.0_seed69_20260917_060145_258877.json,390,33,2810,34,34,True,0,False,,2.466268539428711,{},asymptotic,True,,27,results/bob_realchannel_run_tp0.003_fk0.0_rp0.0_vd0.0_seed69_20260917_060145_258877.json,results/alice_realchannel_run_seed69_20260917_060145_422050.json,exception: name 'PROJECT_DIR' is not defined,2026-09-17T06:01:48.473585,toeplitz,0.003,0,0.0128205128205128
0.003,0.0,0.0,0.0,70,results/bob_realchannel_run_tp0.003_fk0.0_rp0.0_vd0.0_seed70_20260917_060150_470583.json,390,33,2810,34,34,True,0,False,,3.857720375061035,{},asymptotic,True,,28,results/bob_realchannel_run_tp0.003_fk0.0_rp0.0_vd0.0_seed70_20260917_060150_470583.json,results/alice_realchannel_run_seed70_20260917_060150_439194.json,exception: name 'PROJECT_DIR' is not defined,2026-09-17T06:01:54.782673,toeplitz,0.003,0,0.0128205128205128
0.003,0.0,0.0,0.0,71,results/bob_realchannel_run_tp0.003_fk0.0_rp0.0_vd0.0_seed71_20260917_060156_777096.json,390,33,2810,34,34,True,0,False,,2.560020685195923,{},asymptotic,True,,29,results/bob_realchannel_run_tp0.003_fk0.0_rp0.0_vd0.0_seed71_20260917_060156_777096.json,results/alice_realchannel_run_seed71_20260917_060156_946368.json,exception: name 'PROJECT_DIR' is not defined,2026-09-17T06:02:00.116501,toeplitz,0.003,0,0.0128205128205128
0.01,0.0,0.0,0.0,52,results/bob_realchannel_run_tp0.01_fk0.0_rp0.0_vd0.0_seed52_20260917_060202_116568.json,390,33,2810,34,34,True,0,False,,3.6627440452575684,{},asymptotic,True,,10,results/bob_realchannel_run_tp0.01_fk0.0_rp0.0_vd0.0_seed52_20260917_060202_116568.json,results/alice_realchannel_run_seed52_20260917_060202_080232.json,exception: name 'PROJECT_DIR' is not defined,2026-09-17T06:02:06.226800,toeplitz,0.01,0,0.0128205128205128
0.01,0.0,0.0,0.0,53,results/bob_realchannel_run_tp0.01_fk0.0_rp0.0_vd0.0_seed53_20260917_060208_246858.json,390,33,2810,34,34,True,0,False,,1.793961763381958,{},asymptotic,True,,11,results/bob_realchannel_run_tp0.01_fk0.0_rp0.0_vd0.0_seed53_20260917_060208_246858.json,results/alice_realchannel_run_seed53_20260917_060208_414460.json,exception: name 'PROJECT_DIR' is not defined,2026-09-17T06:02:10.824446,toeplitz,0.01,0,0.0128205128205128
0.01,0.0,0.0,0.0,54,results/bob_realchannel_run_tp0.01_fk0.0_rp0.0_vd0.0_seed54_20260917_060212_818268.json,390,33,2810,34,34,True,0,False,,2.864912509918213,{},asymptotic,True,,12,results/bob_realchannel_run_tp0.01_fk0.0_rp0.0_vd0.0_seed54_20260917_060212_818268.json,results/alice_realchannel_run_seed54_20260917_060212_793811.json,exception: name 'PROJECT_DIR' is not defined,2026-09-17T06:02:16.131960,toeplitz,0.01,0,0.0128205128205128
0.01,0.0,0.0,0.0,55,results/bob_realchannel_run_tp0.01_fk0.0_rp0.0_vd0.0_seed55_20260917_060218_152821.json,390,33,2810,34,34,True,0,False,,1.062739610671997,{},asymptotic,True,,13,results/bob_realchannel_run_tp0.01_fk0.0_rp0.0_vd0.0_seed55_20260917_060218_152821.json,results/alice_realchannel_run_seed55_20260917_060218_296187.json,exception: name 'PROJECT_DIR' is not defined,2026-09-17T06:02:19.974159,toeplitz,0.01,0,0.0128205128205128
0.01,0.0,0.0,0.0,56,results/bob_realchannel_run_tp0.01_fk0.0_rp0.0_vd0.0_seed56_20260917_060221_992723.json,390,33,2810,34,34,True,0,False,,3.626863718032837,{},asymptotic,True,,14,results/bob_realchannel_run_tp0.01_fk0.0_rp0.0_vd0.0_seed56_20260917_060221_992723.json,results/alice_realchannel_run_seed56_20260917_060221_945949.json,exception: name 'PROJECT_DIR' is not defined,2026-09-17T06:02:26.067775,toeplitz,0.01,0,0.0128205128205128
0.01,0.0,0.0,0.0,57,results/bob_realchannel_run_tp0.01_fk0.0_rp0.0_vd0.0_seed57_20260917_060228_089332.json,390,33,2810,34,34,True,0,False,,3.6389214992523193,{},asymptotic,True,,15,results/bob_realchannel_run_tp0.01_fk0.0_rp0.0_vd0.0_seed57_20260917_060228_089332.json,results/alice_realchannel_run_seed57_20260917_060228_040695.json,exception: name 'PROJECT_DIR' is not defined,2026-09-17T06:02:32.179875,toeplitz,0.01,0,0.0128205128205128
0.01,0.0,0.0,0.0,58,results/bob_realchannel_run_tp0.01_fk0.0_rp0.0_vd0.0_seed58_20260917_060234_195403.json,390,33,2810,34,34,True,0,False,,2.3531272411346436,{},asymptotic,True,,16,results/bob_realchannel_run_tp0.01_fk0.0_rp0.0_vd0.0_seed58_20260917_060234_195403.json,results/alice_realchannel_run_seed58_20260917_060234_327367.json,exception: name 'PROJECT_DIR' is not defined,2026-09-17T06:02:37.295796,toeplitz,0.01,0,0.0128205128205128
0.01,0.0,0.0,0.0,59,results/bob_realchannel_run_tp0.01_fk0.0_rp0.0_vd0.0_seed59_20260917_060239_327342.json,390,33,2810,34,34,True,0,False,,4.260748386383057,{},asymptotic,True,,17,results/bob_realchannel_run_tp0.01_fk0.0_rp0.0_vd0.0_seed59_20260917_060239_327342.json,results/alice_realchannel_run_seed59_20260917_060239_276732.json,exception: name 'PROJECT_DIR' is not defined,2026-09-17T06:02:44.048907,toeplitz,0.01,0,0.0128205128205128
0.01,0.0,0.0,0.0,60,results/bob_realchannel_run_tp0.01_fk0.0_rp0.0_vd0.0_seed60_20260917_060246_072206.json,390,33,2810,34,34,True,0,False,,1.6959421634674072,{},asymptotic,True,,18,results/bob_realchannel_run_tp0.01_fk0.0_rp0.0_vd0.0_seed60_20260917_060246_072206.json,results/alice_realchannel_run_seed60_20260917_060246_187234.json,exception: name 'PROJECT_DIR' is not defined,2026-09-17T06:02:48.494104,toeplitz,0.01,0,0.0128205128205128
0.01,0.0,0.0,0.0,61,results/bob_realchannel_run_tp0.01_fk0.0_rp0.0_vd0.0_seed61_20260917_060250_494715.json,390,33,2810,34,34,True,0,False,,2.979139804840088,{},asymptotic,True,,19,results/bob_realchannel_run_tp0.01_fk0.0_rp0.0_vd0.0_seed61_20260917_060250_494715.json,results/alice_realchannel_run_seed61_20260917_060250_474995.json,exception: name 'PROJECT_DIR' is not defined,2026-09-17T06:02:53.933446,toeplitz,0.01,0,0.0128205128205128
0.01,0.0,0.0,0.0,62,results/bob_realchannel_run_tp0.01_fk0.0_rp0.0_vd0.0_seed62_20260917_060255_956088.json,390,33,2810,34,34,True,0,False,,1.2444896697998047,{},asymptotic,True,,20,results/bob_realchannel_run_tp0.01_fk0.0_rp0.0_vd0.0_seed62_20260917_060255_956088.json,results/alice_realchannel_run_seed62_20260917_060256_072122.json,exception: name 'PROJECT_DIR' is not defined,2026-09-17T06:02:57.868715,toeplitz,0.01,0,0.0128205128205128
0.01,0.0,0.0,0.0,63,results/bob_realchannel_run_tp0.01_fk0.0_rp0.0_vd0.0_seed63_20260917_060259_982414.json,390,33,2810,34,34,True,0,False,,3.1902387142181396,{},asymptotic,True,,21,results/bob_realchannel_run_tp0.01_fk0.0_rp0.0_vd0.0_seed63_20260917_060259_982414.json,results/alice_realchannel_run_seed63_20260917_060259_837338.json,exception: name 'PROJECT_DIR' is not defined,2026-09-17T06:03:03.648572,toeplitz,0.01,0,0.0128205128205128
0.01,0.0,0.0,0.0,64,results/bob_realchannel_run_tp0.01_fk0.0_rp0.0_vd0.0_seed64_20260917_060305_670212.json,390,33,2810,34,34,True,0,False,,1.697782039642334,{},asymptotic,True,,22,results/bob_realchannel_run_tp0.01_fk0.0_rp0.0_vd0.0_seed64_20260917_060305_670212.json,results/alice_realchannel_run_seed64_20260917_060305_788670.json,exception: name 'PROJECT_DIR' is not defined,2026-09-17T06:03:08.046303,toeplitz,0.01,0,0.0128205128205128
0.01,0.0,0.0,0.0,65,results/bob_realchannel_run_tp0.01_fk0.0_rp0.0_vd0.0_seed65_20260917_060310_065703.json,390,33,2810,34,34,True,0,False,,4.2656073570251465,{},asymptotic,True,,23,results/bob_realchannel_run_tp0.01_fk0.0_rp0.0_vd0.0_seed65_20260917_060310_065703.json,results/alice_realchannel_run_seed65_20260917_060310_017274.json,exception: name 'PROJECT_DIR' is not defined,2026-09-17T06:03:14.787276,toeplitz,0.01,0,0.0128205128205128
0.01,0.0,0.0,0.0,66,results/bob_realchannel_run_tp0.01_fk0.0_rp0.0_vd0.0_seed66_20260917_060316_799321.json,390,33,2810,34,34,True,0,False,,3.0161213874816895,{},asymptotic,True,,24,results/bob_realchannel_run_tp0.01_fk0.0_rp0.0_vd0.0_seed66_20260917_060316_799321.json,results/alice_realchannel_run_seed66_20260917_060316_758876.json,exception: name 'PROJECT_DIR' is not defined,2026-09-17T06:03:20.273025,toeplitz,0.01,0,0.0128205128205128
0.01,0.0,0.0,0.0,67,results/bob_realchannel_run_tp0.01_fk0.0_rp0.0_vd0.0_seed67_20260917_060322_286548.json,390,33,2810,34,34,True,0,False,,1.9425733089447021,{},asymptotic,True,,25,results/bob_realchannel_run_tp0.01_fk0.0_rp0.0_vd0.0_seed67_20260917_060322_286548.json,results/alice_realchannel_run_seed67_20260917_060322_384424.json,exception: name 'PROJECT_DIR' is not defined,2026-09-17T06:03:24.917109,toeplitz,0.01,0,0.0128205128205128
0.01,0.0,0.0,0.0,68,results/bob_realchannel_run_tp0.01_fk0.0_rp0.0_vd0.0_seed68_20260917_060326_930625.json,390,33,2810,34,34,True,0,False,,4.277313470840454,{},asymptotic,True,,26,results/bob_realchannel_run_tp0.01_fk0.0_rp0.0_vd0.0_seed68_20260917_060326_930625.json,results/alice_realchannel_run_seed68_20260917_060326_888706.json,exception: name 'PROJECT_DIR' is not defined,2026-09-17T06:03:31.662800,toeplitz,0.01,0,0.0128205128205128
0.01,0.0,0.0,0.0,69,results/bob_realchannel_run_tp0.01_fk0.0_rp0.0_vd0.0_seed69_20260917_060333_676698.json,390,33,2810,34,34,True,0,False,,1.9680061340332031,{},asymptotic,True,,27,results/bob_realchannel_run_tp0.01_fk0.0_rp0.0_vd0.0_seed69_20260917_060333_676698.json,results/alice_realchannel_run_seed69_20260917_060333_798533.json,exception: name 'PROJECT_DIR' is not defined,2026-09-17T06:03:36.406163,toeplitz,0.01,0,0.0128205128205128
0.01,0.0,0.0,0.0,70,results/bob_realchannel_run_tp0.01_fk0.0_rp0.0_vd0.0_seed70_20260917_060338_414371.json,390,33,2810,34,34,True,0,False,,3.865614175796509,{},asymptotic,True,,28,results/bob_realchannel_run_tp0.01_fk0.0_rp0.0_vd0.0_seed70_20260917_060338_414371.json,results/alice_realchannel_run_seed70_20260917_060338_395079.json,exception: name 'PROJECT_DIR' is not defined,2026-09-17T06:03:42.736591,toeplitz,0.01,0,0.0128205128205128
0.01,0.0,0.0,0.0,71,results/bob_realchannel_run_tp0.01_fk0.0_rp0.0_vd0.0_seed71_20260917_060344_754495.json,390,33,2810,34,34,True,0,False,,3.4492757320404053,{},asymptotic,True,,29,results/bob_realchannel_run_tp0.01_fk0.0_rp0.0_vd0.0_seed71_20260917_060344_754495.json,results/alice_realchannel_run_seed71_20260917_060344_706490.json,exception: name 'PROJECT_DIR' is not defined,2026-09-17T06:03:48.660204,toeplitz,0.01,0,0.0128205128205128
0.03,0.0,0.0,0.0,52,results/bob_realchannel_run_tp0.03_fk0.0_rp0.0_vd0.0_seed52_20260917_060350_663679.json,390,33,2810,34,34,True,0,False,,1.413475751876831,{},asymptotic,True,,10,results/bob_realchannel_run_tp0.03_fk0.0_rp0.0_vd0.0_seed52_20260917_060350_663679.json,results/alice_realchannel_run_seed52_20260917_060350_796643.json,exception: name 'PROJECT_DIR' is not defined,2026-09-17T06:03:52.747110,toeplitz,0.03,0,0.0128205128205128
0.03,0.0,0.0,0.0,53,results/bob_realchannel_run_tp0.03_fk0.0_rp0.0_vd0.0_seed53_20260917_060354_776318.json,390,33,2810,34,34,True,0,False,,2.953545331954956,{},asymptotic,True,,11,results/bob_realchannel_run_tp0.03_fk0.0_rp0.0_vd0.0_seed53_20260917_060354_776318.json,results/alice_realchannel_run_seed53_20260917_060354_717382.json,exception: name 'PROJECT_DIR' is not defined,2026-09-17T06:03:58.185642,toeplitz,0.03,0,0.0128205128205128
0.03,0.0,0.0,0.0,54,results/bob_realchannel_run_tp0.03_fk0.0_rp0.0_vd0.0_seed54_20260917_060400_197296.json,390,33,2810,34,34,True,0,False,,2.3436431884765625,{},asymptotic,True,,12,results/bob_realchannel_run_tp0.03_fk0.0_rp0.0_vd0.0_seed54_20260917_060400_197296.json,results/alice_realchannel_run_seed54_20260917_060400_316951.json,exception: name 'PROJECT_DIR' is not defined,2026-09-17T06:04:03.283235,toeplitz,0.03,0,0.0128205128205128
0.03,0.0,0.0,0.0,55,results/bob_realchannel_run_tp0.03_fk0.0_rp0.0_vd0.0_seed55_20260917_060405_348329.json,390,33,2810,34,34,True,0,False,,4.010730028152466,{},asymptotic,True,,13,results/bob_realchannel_run_tp0.03_fk0.0_rp0.0_vd0.0_seed55_20260917_060405_348329.json,results/alice_realchannel_run_seed55_20260917_060405_254391.json,exception: name 'PROJECT_DIR' is not defined,2026-09-17T06:04:09.820214,toeplitz,0.03,0,0.0128205128205128
0.03,0.0,0.0,0.0,56,results/bob_realchannel_run_tp0.03_fk0.0_rp0.0_vd0.0_seed56_20260917_060411_837032.json,390,33,2810,34,34,True,0,False,,3.4439148902893066,{},asymptotic,True,,14,results/bob_realchannel_run_tp0.03_fk0.0_rp0.0_vd0.0_seed56_20260917_060411_837032.json,results/alice_realchannel_run_seed56_20260917_060411_794119.json,exception: name 'PROJECT_DIR' is not defined,2026-09-17T06:04:15.737263,toeplitz,0.03,0,0.0128205128205128
0.03,0.0,0.0,0.0,57,results/bob_realchannel_run_tp0.03_fk0.0_rp0.0_vd0.0_seed57_20260917_060417_737875.json,390,33,2810,34,34,True,0,False,,4.57006049156189,{},asymptotic,True,,15,results/bob_realchannel_run_tp0.03_fk0.0_rp0.0_vd0.0_seed57_20260917_060417_737875.json,results/alice_realchannel_run_seed57_20260917_060417_705522.json,exception: name 'PROJECT_DIR' is not defined,2026-09-17T06:04:22.769887,toeplitz,0.03,0,0.0128205128205128
0.03,0.0,0.0,0.0,58,results/bob_realchannel_run_tp0.03_fk0.0_rp0.0_vd0.0_seed58_20260917_060424_834578.json,390,33,2810,34,34,True,0,False,,4.1451098918914795,{},asymptotic,True,,16,results/bob_realchannel_run_tp0.03_fk0.0_rp0.0_vd0.0_seed58_20260917_060424_834578.json,results/alice_realchannel_run_seed58_20260917_060424_744815.json,exception: name 'PROJECT_DIR' is not defined,2026-09-17T06:04:29.433858,toeplitz,0.03,0,0.0128205128205128
0.03,0.0,0.0,0.0,59,results/bob_realchannel_run_tp0.03_fk0.0_rp0.0_vd0.0_seed59_20260917_060431_489886.json,390,33,2810,34,34,True,0,False,,4.233992576599121,{},asymptotic,True,,17,results/bob_realchannel_run_tp0.03_fk0.0_rp0.0_vd0.0_seed59_20260917_060431_489886.json,results/alice_realchannel_run_seed59_20260917_060431_409244.json,exception: name 'PROJECT_DIR' is not defined,2026-09-17T06:04:36.182354,toeplitz,0.03,0,0.0128205128205128
0.03,0.0,0.0,0.0,60,results/bob_realchannel_run_tp0.03_fk0.0_rp0.0_vd0.0_seed60_20260917_060438_176488.json,390,33,2810,34,34,True,0,False,,4.227289438247681,{},asymptotic,True,,18,results/bob_realchannel_run_tp0.03_fk0.0_rp0.0_vd0.0_seed60_20260917_060438_176488.json,results/alice_realchannel_run_seed60_20260917_060438_168722.json,exception: name 'PROJECT_DIR' is not defined,2026-09-17T06:04:42.943077,toeplitz,0.03,0,0.0128205128205128
0.03,0.0,0.0,0.0,61,results/bob_realchannel_run_tp0.03_fk0.0_rp0.0_vd0.0_seed61_20260917_060444_963972.json,390,33,2810,34,34,True,0,False,,4.2481396198272705,{},asymptotic,True,,19,results/bob_realchannel_run_tp0.03_fk0.0_rp0.0_vd0.0_seed61_20260917_060444_963972.json,results/alice_realchannel_run_seed61_20260917_060444_908583.json,exception: name 'PROJECT_DIR' is not defined,2026-09-17T06:04:49.671397,toeplitz,0.03,0,0.0128205128205128
0.03,0.0,0.0,0.0,62,results/bob_realchannel_run_tp0.03_fk0.0_rp0.0_vd0.0_seed62_20260917_060451_694996.json,390,33,2810,34,34,True,0,False,,3.151869297027588,{},asymptotic,True,,20,results/bob_realchannel_run_tp0.03_fk0.0_rp0.0_vd0.0_seed62_20260917_060451_694996.json,results/alice_realchannel_run_seed62_20260917_060451_648201.json,exception: name 'PROJECT_DIR' is not defined,2026-09-17T06:04:55.307472,toeplitz,0.03,0,0.0128205128205128
0.03,0.0,0.0,0.0,63,results/bob_realchannel_run_tp0.03_fk0.0_rp0.0_vd0.0_seed63_20260917_060457_328523.json,390,33,2810,34,34,True,0,False,,4.22332501411438,{'toeplitz_matrix': 1},asymptotic,True,,21,results/bob_realchannel_run_tp0.03_fk0.0_rp0.0_vd0.0_seed63_20260917_060457_328523.json,results/alice_realchannel_run_seed63_20260917_060457_312842.json,exception: name 'PROJECT_DIR' is not defined,2026-09-17T06:05:02.071188,toeplitz,0.03,0,0.0128205128205128
0.03,0.0,0.0,0.0,64,results/bob_realchannel_run_tp0.03_fk0.0_rp0.0_vd0.0_seed64_20260917_060504_085325.json,390,33,2810,34,34,True,0,False,,3.8189916610717773,{},asymptotic,True,,22,results/bob_realchannel_run_tp0.03_fk0.0_rp0.0_vd0.0_seed64_20260917_060504_085325.json,results/alice_realchannel_run_seed64_20260917_060504_041336.json,exception: name 'PROJECT_DIR' is not defined,2026-09-17T06:05:08.383300,toeplitz,0.03,0,0.0128205128205128
0.03,0.0,0.0,0.0,65,results/bob_realchannel_run_tp0.03_fk0.0_rp0.0_vd0.0_seed65_20260917_060510_402515.json,390,33,2810,34,34,True,0,False,,4.289050817489624,{},asymptotic,True,,23,results/bob_realchannel_run_tp0.03_fk0.0_rp0.0_vd0.0_seed65_20260917_060510_402515.json,results/alice_realchannel_run_seed65_20260917_060510_379439.json,exception: name 'PROJECT_DIR' is not defined,2026-09-17T06:05:15.245170,toeplitz,0.03,0,0.0128205128205128
0.03,0.0,0.0,0.0,66,results/bob_realchannel_run_tp0.03_fk0.0_rp0.0_vd0.0_seed66_20260917_060517_270345.json,390,33,2810,34,34,True,0,False,,4.164246559143066,{},asymptotic,True,,24,results/bob_realchannel_run_tp0.03_fk0.0_rp0.0_vd0.0_seed66_20260917_060517_270345.json,results/alice_realchannel_run_seed66_20260917_060517_238082.json,exception: name 'PROJECT_DIR' is not defined,2026-09-17T06:05:21.909355,toeplitz,0.03,0,0.0128205128205128
0.03,0.0,0.0,0.0,67,results/bob_realchannel_run_tp0.03_fk0.0_rp0.0_vd0.0_seed67_20260917_060523_941395.json,390,33,2810,34,34,True,0,False,,2.2944321632385254,{},asymptotic,True,,25,results/bob_realchannel_run_tp0.03_fk0.0_rp0.0_vd0.0_seed67_20260917_060523_941395.json,results/alice_realchannel_run_seed67_20260917_060523_938641.json,exception: name 'PROJECT_DIR' is not defined,2026-09-17T06:05:26.756598,toeplitz,0.03,0,0.0128205128205128
0.03,0.0,0.0,0.0,68,results/bob_realchannel_run_tp0.03_fk0.0_rp0.0_vd0.0_seed68_20260917_060528_760996.json,390,33,2810,34,34,True,0,False,,4.298343896865845,{},asymptotic,True,,26,results/bob_realchannel_run_tp0.03_fk0.0_rp0.0_vd0.0_seed68_20260917_060528_760996.json,results/alice_realchannel_run_seed68_20260917_060528_745695.json,exception: name 'PROJECT_DIR' is not defined,2026-09-17T06:05:33.533770,toeplitz,0.03,0,0.0128205128205128
0.03,0.0,0.0,0.0,69,results/bob_realchannel_run_tp0.03_fk0.0_rp0.0_vd0.0_seed69_20260917_060535_554617.json,390,33,2810,34,34,True,0,False,,1.39668607711792,{},asymptotic,True,,27,results/bob_realchannel_run_tp0.03_fk0.0_rp0.0_vd0.0_seed69_20260917_060535_554617.json,results/alice_realchannel_run_seed69_20260917_060535_557374.json,exception: name 'PROJECT_DIR' is not defined,2026-09-17T06:05:37.502308,toeplitz,0.03,0,0.0128205128205128
0.03,0.0,0.0,0.0,70,results/bob_realchannel_run_tp0.03_fk0.0_rp0.0_vd0.0_seed70_20260917_060539_527052.json,390,33,2810,34,34,True,0,False,,3.8406481742858887,{},asymptotic,True,,28,results/bob_realchannel_run_tp0.03_fk0.0_rp0.0_vd0.0_seed70_20260917_060539_527052.json,results/alice_realchannel_run_seed70_20260917_060539_481533.json,exception: name 'PROJECT_DIR' is not defined,2026-09-17T06:05:43.842160,toeplitz,0.03,0,0.0128205128205128
0.03,0.0,0.0,0.0,71,results/bob_realchannel_run_tp0.03_fk0.0_rp0.0_vd0.0_seed71_20260917_060545_868689.json,390,33,2810,34,34,True,0,False,,2.3867475986480713,{},asymptotic,True,,29,results/bob_realchannel_run_tp0.03_fk0.0_rp0.0_vd0.0_seed71_20260917_060545_868689.json,results/alice_realchannel_run_seed71_20260917_060545_866372.json,exception: name 'PROJECT_DIR' is not defined,2026-09-17T06:05:48.809035,toeplitz,0.03,0,0.0128205128205128
0.05,0.0,0.0,0.0,52,results/bob_realchannel_run_tp0.05_fk0.0_rp0.0_vd0.0_seed52_20260917_060550_823336.json,390,33,2810,34,34,True,0,False,,4.384932279586792,{},asymptotic,True,,10,results/bob_realchannel_run_tp0.05_fk0.0_rp0.0_vd0.0_seed52_20260917_060550_823336.json,results/alice_realchannel_run_seed52_20260917_060550_789073.json,exception: name 'PROJECT_DIR' is not defined,2026-09-17T06:05:55.684022,toeplitz,0.05,0,0.0128205128205128
0.05,0.0,0.0,0.0,53,results/bob_realchannel_run_tp0.05_fk0.0_rp0.0_vd0.0_seed53_20260917_060557_699979.json,390,33,2810,34,34,True,0,False,,1.7765710353851318,{},asymptotic,True,,11,results/bob_realchannel_run_tp0.05_fk0.0_rp0.0_vd0.0_seed53_20260917_060557_699979.json,results/alice_realchannel_run_seed53_20260917_060557_848536.json,exception: name 'PROJECT_DIR' is not defined,2026-09-17T06:06:00.244553,toeplitz,0.05,0,0.0128205128205128
0.05,0.0,0.0,0.0,54,results/bob_realchannel_run_tp0.05_fk0.0_rp0.0_vd0.0_seed54_20260917_060602_267317.json,390,33,2810,34,34,True,0,False,,3.292764902114868,{},asymptotic,True,,12,results/bob_realchannel_run_tp0.05_fk0.0_rp0.0_vd0.0_seed54_20260917_060602_267317.json,results/alice_realchannel_run_seed54_20260917_060602_225978.json,exception: name 'PROJECT_DIR' is not defined,2026-09-17T06:06:06.038021,toeplitz,0.05,0,0.0128205128205128
0.05,0.0,0.0,0.0,55,results/bob_realchannel_run_tp0.05_fk0.0_rp0.0_vd0.0_seed55_20260917_060608_061918.json,390,33,2810,34,34,True,0,False,,0.6706416606903076,{},asymptotic,True,,13,results/bob_realchannel_run_tp0.05_fk0.0_rp0.0_vd0.0_seed55_20260917_060608_061918.json,results/alice_realchannel_run_seed55_20260917_060608_065210.json,exception: name 'PROJECT_DIR' is not defined,2026-09-17T06:06:09.289352,toeplitz,0.05,0,0.0128205128205128
0.05,0.0,0.0,0.0,56,results/bob_realchannel_run_tp0.05_fk0.0_rp0.0_vd0.0_seed56_20260917_060611_317328.json,390,33,2810,34,34,True,0,False,,3.8946304321289062,{},asymptotic,True,,14,results/bob_realchannel_run_tp0.05_fk0.0_rp0.0_vd0.0_seed56_20260917_060611_317328.json,results/alice_realchannel_run_seed56_20260917_060611_271595.json,exception: name 'PROJECT_DIR' is not defined,2026-09-17T06:06:15.690875,toeplitz,0.05,0,0.0128205128205128
0.05,0.0,0.0,0.0,57,results/bob_realchannel_run_tp0.05_fk0.0_rp0.0_vd0.0_seed57_20260917_060617_704574.json,390,33,2810,34,34,True,0,False,,3.657994031906128,{},asymptotic,True,,15,results/bob_realchannel_run_tp0.05_fk0.0_rp0.0_vd0.0_seed57_20260917_060617_704574.json,results/alice_realchannel_run_seed57_20260917_060617_677269.json,exception: name 'PROJECT_DIR' is not defined,2026-09-17T06:06:21.842290,toeplitz,0.05,0,0.0128205128205128
0.05,0.0,0.0,0.0,58,results/bob_realchannel_run_tp0.05_fk0.0_rp0.0_vd0.0_seed58_20260917_060623_856183.json,390,33,2810,34,34,True,0,False,,1.3323500156402588,{},asymptotic,True,,16,results/bob_realchannel_run_tp0.05_fk0.0_rp0.0_vd0.0_seed58_20260917_060623_856183.json,results/alice_realchannel_run_seed58_20260917_060623_872068.json,exception: name 'PROJECT_DIR' is not defined,2026-09-17T06:06:25.744211,toeplitz,0.05,0,0.0128205128205128
0.05,0.0,0.0,0.0,59,results/bob_realchannel_run_tp0.05_fk0.0_rp0.0_vd0.0_seed59_20260917_060627_768231.json,390,33,2810,34,34,True,0,False,,4.2758872509002686,{},asymptotic,True,,17,results/bob_realchannel_run_tp0.05_fk0.0_rp0.0_vd0.0_seed59_20260917_060627_768231.json,results/alice_realchannel_run_seed59_20260917_060627_727842.json,exception: name 'PROJECT_DIR' is not defined,2026-09-17T06:06:32.524804,toeplitz,0.05,0,0.0128205128205128
0.05,0.0,0.0,0.0,60,results/bob_realchannel_run_tp0.05_fk0.0_rp0.0_vd0.0_seed60_20260917_060634_515463.json,390,33,2810,34,34,True,0,False,,2.256364583969116,{},asymptotic,True,,18,results/bob_realchannel_run_tp0.05_fk0.0_rp0.0_vd0.0_seed60_20260917_060634_515463.json,results/alice_realchannel_run_seed60_20260917_060634_550665.json,exception: name 'PROJECT_DIR' is not defined,2026-09-17T06:06:37.343077,toeplitz,0.05,0,0.0128205128205128
0.05,0.0,0.0,0.0,61,results/bob_realchannel_run_tp0.05_fk0.0_rp0.0_vd0.0_seed61_20260917_060639_348623.json,390,33,2810,34,34,True,0,False,,4.279231786727905,{},asymptotic,True,,19,results/bob_realchannel_run_tp0.05_fk0.0_rp0.0_vd0.0_seed61_20260917_060639_348623.json,results/alice_realchannel_run_seed61_20260917_060639_326932.json,exception: name 'PROJECT_DIR' is not defined,2026-09-17T06:06:44.103919,toeplitz,0.05,0,0.0128205128205128
0.05,0.0,0.0,0.0,62,results/bob_realchannel_run_tp0.05_fk0.0_rp0.0_vd0.0_seed62_20260917_060646_137967.json,390,33,2810,34,34,True,0,False,,2.959834575653076,{},asymptotic,True,,20,results/bob_realchannel_run_tp0.05_fk0.0_rp0.0_vd0.0_seed62_20260917_060646_137967.json,results/alice_realchannel_run_seed62_20260917_060646_087090.json,exception: name 'PROJECT_DIR' is not defined,2026-09-17T06:06:49.571955,toeplitz,0.05,0,0.0128205128205128
0.05,0.0,0.0,0.0,63,results/bob_realchannel_run_tp0.05_fk0.0_rp0.0_vd0.0_seed63_20260917_060651_586486.json,390,33,2810,34,34,True,0,False,,4.213191986083984,{'toeplitz_matrix': 1},asymptotic,True,,21,results/bob_realchannel_run_tp0.05_fk0.0_rp0.0_vd0.0_seed63_20260917_060651_586486.json,results/alice_realchannel_run_seed63_20260917_060651_564919.json,exception: name 'PROJECT_DIR' is not defined,2026-09-17T06:06:56.272071,toeplitz,0.05,0,0.0128205128205128
0.05,0.0,0.0,0.0,64,results/bob_realchannel_run_tp0.05_fk0.0_rp0.0_vd0.0_seed64_20260917_060658_275558.json,390,33,2810,34,34,True,0,False,,3.161776304244995,{},asymptotic,True,,22,results/bob_realchannel_run_tp0.05_fk0.0_rp0.0_vd0.0_seed64_20260917_060658_275558.json,results/alice_realchannel_run_seed64_20260917_060658_260066.json,exception: name 'PROJECT_DIR' is not defined,2026-09-17T06:07:01.942818,toeplitz,0.05,0,0.0128205128205128
0.05,0.0,0.0,0.0,65,results/bob_realchannel_run_tp0.05_fk0.0_rp0.0_vd0.0_seed65_20260917_060703_954258.json,390,33,2810,34,34,True,0,False,,1.861403226852417,{},asymptotic,True,,23,results/bob_realchannel_run_tp0.05_fk0.0_rp0.0_vd0.0_seed65_20260917_060703_954258.json,results/alice_realchannel_run_seed65_20260917_060703_970869.json,exception: name 'PROJECT_DIR' is not defined,2026-09-17T06:07:06.368327,toeplitz,0.05,0,0.0128205128205128
0.05,0.0,0.0,0.0,66,results/bob_realchannel_run_tp0.05_fk0.0_rp0.0_vd0.0_seed66_20260917_060708_370205.json,390,33,2810,34,34,True,0,False,,4.200725078582764,{},asymptotic,True,,24,results/bob_realchannel_run_tp0.05_fk0.0_rp0.0_vd0.0_seed66_20260917_060708_370205.json,results/alice_realchannel_run_seed66_20260917_060708_356492.json,exception: name 'PROJECT_DIR' is not defined,2026-09-17T06:07:13.044400,toeplitz,0.05,0,0.0128205128205128
0.05,0.0,0.0,0.0,67,results/bob_realchannel_run_tp0.05_fk0.0_rp0.0_vd0.0_seed67_20260917_060715_047055.json,390,33,2810,34,34,True,0,False,,1.864537239074707,{},asymptotic,True,,25,results/bob_realchannel_run_tp0.05_fk0.0_rp0.0_vd0.0_seed67_20260917_060715_047055.json,results/alice_realchannel_run_seed67_20260917_060715_066656.json,exception: name 'PROJECT_DIR' is not defined,2026-09-17T06:07:17.494620,toeplitz,0.05,0,0.0128205128205128
0.05,0.0,0.0,0.0,68,results/bob_realchannel_run_tp0.05_fk0.0_rp0.0_vd0.0_seed68_20260917_060719_506696.json,390,33,2810,34,34,True,0,False,,2.979651927947998,{},asymptotic,True,,26,results/bob_realchannel_run_tp0.05_fk0.0_rp0.0_vd0.0_seed68_20260917_060719_506696.json,results/alice_realchannel_run_seed68_20260917_060719_472424.json,exception: name 'PROJECT_DIR' is not defined,2026-09-17T06:07:22.961745,toeplitz,0.05,0,0.0128205128205128
0.05,0.0,0.0,0.0,69,results/bob_realchannel_run_tp0.05_fk0.0_rp0.0_vd0.0_seed69_20260917_060724_965197.json,390,33,2810,34,34,True,0,False,,1.4142117500305176,{},asymptotic,True,,27,results/bob_realchannel_run_tp0.05_fk0.0_rp0.0_vd0.0_seed69_20260917_060724_965197.json,results/alice_realchannel_run_seed69_20260917_060724_986585.json,exception: name 'PROJECT_DIR' is not defined,2026-09-17T06:07:26.912824,toeplitz,0.05,0,0.0128205128205128
0.05,0.0,0.0,0.0,70,results/bob_realchannel_run_tp0.05_fk0.0_rp0.0_vd0.0_seed70_20260917_060728_922442.json,390,33,2810,34,34,True,0,False,,1.9739718437194824,{},asymptotic,True,,28,results/bob_realchannel_run_tp0.05_fk0.0_rp0.0_vd0.0_seed70_20260917_060728_922442.json,results/alice_realchannel_run_seed70_20260917_060729_023898.json,exception: name 'PROJECT_DIR' is not defined,2026-09-17T06:07:31.596156,toeplitz,0.05,0,0.0128205128205128
0.05,0.0,0.0,0.0,71,results/bob_realchannel_run_tp0.05_fk0.0_rp0.0_vd0.0_seed71_20260917_060733_606836.json,390,33,2810,34,34,True,0,False,,3.9288382530212402,{},asymptotic,True,,29,results/bob_realchannel_run_tp0.05_fk0.0_rp0.0_vd0.0_seed71_20260917_060733_606836.json,results/alice_realchannel_run_seed71_20260917_060733_580021.json,exception: name 'PROJECT_DIR' is not defined,2026-09-17T06:07:38.009673,toeplitz,0.05,0,0.0128205128205128
0.1,0.0,0.0,0.0,52,results/bob_realchannel_run_tp0.1_fk0.0_rp0.0_vd0.0_seed52_20260917_060740_023900.json,390,33,2810,34,34,True,0,False,,3.082019090652466,{},asymptotic,True,,10,results/bob_realchannel_run_tp0.1_fk0.0_rp0.0_vd0.0_seed52_20260917_060740_023900.json,results/alice_realchannel_run_seed52_20260917_060739_989127.json,exception: name 'PROJECT_DIR' is not defined,2026-09-17T06:07:43.583368,toeplitz,0.1,0,0.0128205128205128
0.1,0.0,0.0,0.0,53,results/bob_realchannel_run_tp0.1_fk0.0_rp0.0_vd0.0_seed53_20260917_060745_612078.json,390,33,2810,34,34,True,0,False,,2.418006658554077,{},asymptotic,True,,11,results/bob_realchannel_run_tp0.1_fk0.0_rp0.0_vd0.0_seed53_20260917_060745_612078.json,results/alice_realchannel_run_seed53_20260917_060745_606741.json,exception: name 'PROJECT_DIR' is not defined,2026-09-17T06:07:48.561001,toeplitz,0.1,0,0.0128205128205128
0.1,0.0,0.0,0.0,54,results/bob_realchannel_run_tp0.1_fk0.0_rp0.0_vd0.0_seed54_20260917_060750_562023.json,390,33,2810,34,34,True,0,False,,3.310307502746582,{},asymptotic,True,,12,results/bob_realchannel_run_tp0.1_fk0.0_rp0.0_vd0.0_seed54_20260917_060750_562023.json,results/alice_realchannel_run_seed54_20260917_060750_537848.json,exception: name 'PROJECT_DIR' is not defined,2026-09-17T06:07:54.343150,toeplitz,0.1,0,0.0128205128205128
0.1,0.0,0.0,0.0,55,results/bob_realchannel_run_tp0.1_fk0.0_rp0.0_vd0.0_seed55_20260917_060756_342703.json,390,33,2810,34,34,True,0,False,,2.3129594326019287,{},asymptotic,True,,13,results/bob_realchannel_run_tp0.1_fk0.0_rp0.0_vd0.0_seed55_20260917_060756_342703.json,results/alice_realchannel_run_seed55_20260917_060756_358220.json,exception: name 'PROJECT_DIR' is not defined,2026-09-17T06:07:59.200716,toeplitz,0.1,0,0.0128205128205128
0.1,0.0,0.0,0.0,56,results/bob_realchannel_run_tp0.1_fk0.0_rp0.0_vd0.0_seed56_20260917_060801_198936.json,390,33,2810,34,34,True,0,False,,3.0023138523101807,{'toeplitz_matrix': 1},asymptotic,True,,14,results/bob_realchannel_run_tp0.1_fk0.0_rp0.0_vd0.0_seed56_20260917_060801_198936.json,results/alice_realchannel_run_seed56_20260917_060801_180439.json,exception: name 'PROJECT_DIR' is not defined,2026-09-17T06:08:04.671945,toeplitz,0.1,0,0.0128205128205128
0.1,0.0,0.0,0.0,57,results/bob_realchannel_run_tp0.1_fk0.0_rp0.0_vd0.0_seed57_20260917_060806_678092.json,390,33,2810,34,34,True,0,False,,1.6823265552520752,{},asymptotic,True,,15,results/bob_realchannel_run_tp0.1_fk0.0_rp0.0_vd0.0_seed57_20260917_060806_678092.json,results/alice_realchannel_run_seed57_20260917_060806_692885.json,exception: name 'PROJECT_DIR' is not defined,2026-09-17T06:08:08.913364,toeplitz,0.1,0,0.0128205128205128
0.1,0.0,0.0,0.0,58,results/bob_realchannel_run_tp0.1_fk0.0_rp0.0_vd0.0_seed58_20260917_060810_918977.json,390,33,2810,34,34,True,0,False,,4.212662220001221,{},asymptotic,True,,16,results/bob_realchannel_run_tp0.1_fk0.0_rp0.0_vd0.0_seed58_20260917_060810_918977.json,results/alice_realchannel_run_seed58_20260917_060810_895960.json,exception: name 'PROJECT_DIR' is not defined,2026-09-17T06:08:15.610657,toeplitz,0.1,0,0.0128205128205128
0.1,0.0,0.0,0.0,59,results/bob_realchannel_run_tp0.1_fk0.0_rp0.0_vd0.0_seed59_20260917_060817_621839.json,390,33,2810,34,34,True,0,False,,2.305697202682495,{'toeplitz_matrix': 1},asymptotic,True,,17,results/bob_realchannel_run_tp0.1_fk0.0_rp0.0_vd0.0_seed59_20260917_060817_621839.json,results/alice_realchannel_run_seed59_20260917_060817_630502.json,exception: name 'PROJECT_DIR' is not defined,2026-09-17T06:08:20.463435,toeplitz,0.1,0,0.0128205128205128
0.1,0.0,0.0,0.0,60,results/bob_realchannel_run_tp0.1_fk0.0_rp0.0_vd0.0_seed60_20260917_060822_459985.json,390,33,2810,34,34,True,0,False,,2.3760507106781006,{},asymptotic,True,,18,results/bob_realchannel_run_tp0.1_fk0.0_rp0.0_vd0.0_seed60_20260917_060822_459985.json,results/alice_realchannel_run_seed60_20260917_060822_617248.json,exception: name 'PROJECT_DIR' is not defined,2026-09-17T06:08:25.585862,toeplitz,0.1,0,0.0128205128205128
0.1,0.0,0.0,0.0,61,results/bob_realchannel_run_tp0.1_fk0.0_rp0.0_vd0.0_seed61_20260917_060827_591713.json,390,33,2810,34,34,True,0,False,,4.2808966636657715,{},asymptotic,True,,19,results/bob_realchannel_run_tp0.1_fk0.0_rp0.0_vd0.0_seed61_20260917_060827_591713.json,results/alice_realchannel_run_seed61_20260917_060827_572018.json,exception: name 'PROJECT_DIR' is not defined,2026-09-17T06:08:32.627998,toeplitz,0.1,0,0.0128205128205128
0.1,0.0,0.0,0.0,62,results/bob_realchannel_run_tp0.1_fk0.0_rp0.0_vd0.0_seed62_20260917_060834_726104.json,390,33,2810,34,34,True,0,False,,2.4388625621795654,{},asymptotic,True,,20,results/bob_realchannel_run_tp0.1_fk0.0_rp0.0_vd0.0_seed62_20260917_060834_726104.json,results/alice_realchannel_run_seed62_20260917_060834_861707.json,exception: name 'PROJECT_DIR' is not defined,2026-09-17T06:08:37.888725,toeplitz,0.1,0,0.0128205128205128
0.1,0.0,0.0,0.0,63,results/bob_realchannel_run_tp0.1_fk0.0_rp0.0_vd0.0_seed63_20260917_060839_916296.json,390,33,2810,34,34,True,0,False,,4.19164514541626,{'toeplitz_matrix': 1},asymptotic,True,,21,results/bob_realchannel_run_tp0.1_fk0.0_rp0.0_vd0.0_seed63_20260917_060839_916296.json,results/alice_realchannel_run_seed63_20260917_060839_871354.json,exception: name 'PROJECT_DIR' is not defined,2026-09-17T06:08:44.579729,toeplitz,0.1,0,0.0128205128205128
0.1,0.0,0.0,0.0,64,results/bob_realchannel_run_tp0.1_fk0.0_rp0.0_vd0.0_seed64_20260917_060846_592348.json,390,33,2810,34,34,True,0,False,,2.536390542984009,{},asymptotic,True,,22,results/bob_realchannel_run_tp0.1_fk0.0_rp0.0_vd0.0_seed64_20260917_060846_592348.json,results/alice_realchannel_run_seed64_20260917_060846_830425.json,exception: name 'PROJECT_DIR' is not defined,2026-09-17T06:08:49.826215,toeplitz,0.1,0,0.0128205128205128
0.1,0.0,0.0,0.0,65,results/bob_realchannel_run_tp0.1_fk0.0_rp0.0_vd0.0_seed65_20260917_060851_855214.json,390,33,2810,34,34,True,0,False,,4.264551401138306,{},asymptotic,True,,23,results/bob_realchannel_run_tp0.1_fk0.0_rp0.0_vd0.0_seed65_20260917_060851_855214.json,results/alice_realchannel_run_seed65_20260917_060851_808469.json,exception: name 'PROJECT_DIR' is not defined,2026-09-17T06:08:56.598682,toeplitz,0.1,0,0.0128205128205128
0.1,0.0,0.0,0.0,66,results/bob_realchannel_run_tp0.1_fk0.0_rp0.0_vd0.0_seed66_20260917_060858_610086.json,390,33,2810,34,34,True,0,False,,1.9456450939178467,{},asymptotic,True,,24,results/bob_realchannel_run_tp0.1_fk0.0_rp0.0_vd0.0_seed66_20260917_060858_610086.json,results/alice_realchannel_run_seed66_20260917_060858_617865.json,exception: name 'PROJECT_DIR' is not defined,2026-09-17T06:09:01.117207,toeplitz,0.1,0,0.0128205128205128
0.1,0.0,0.0,0.0,67,results/bob_realchannel_run_tp0.1_fk0.0_rp0.0_vd0.0_seed67_20260917_060903_137561.json,390,33,2810,34,34,True,0,False,,1.2011475563049316,{},asymptotic,True,,25,results/bob_realchannel_run_tp0.1_fk0.0_rp0.0_vd0.0_seed67_20260917_060903_137561.json,results/alice_realchannel_run_seed67_20260917_060903_339657.json,exception: name 'PROJECT_DIR' is not defined,2026-09-17T06:09:05.018732,toeplitz,0.1,0,0.0128205128205128
0.1,0.0,0.0,0.0,68,results/bob_realchannel_run_tp0.1_fk0.0_rp0.0_vd0.0_seed68_20260917_060907_109495.json,390,33,2810,34,34,True,0,False,,3.311708450317383,{},asymptotic,True,,26,results/bob_realchannel_run_tp0.1_fk0.0_rp0.0_vd0.0_seed68_20260917_060907_109495.json,results/alice_realchannel_run_seed68_20260917_060907_008628.json,exception: name 'PROJECT_DIR' is not defined,2026-09-17T06:09:10.900718,toeplitz,0.1,0,0.0128205128205128
0.1,0.0,0.0,0.0,69,results/bob_realchannel_run_tp0.1_fk0.0_rp0.0_vd0.0_seed69_20260917_060912_921470.json,390,33,2810,34,34,True,0,False,,2.5068840980529785,{},asymptotic,True,,27,results/bob_realchannel_run_tp0.1_fk0.0_rp0.0_vd0.0_seed69_20260917_060912_921470.json,results/alice_realchannel_run_seed69_20260917_060913_129739.json,exception: name 'PROJECT_DIR' is not defined,2026-09-17T06:09:16.078407,toeplitz,0.1,0,0.0128205128205128
0.1,0.0,0.0,0.0,70,results/bob_realchannel_run_tp0.1_fk0.0_rp0.0_vd0.0_seed70_20260917_060918_086077.json,390,33,2810,34,34,True,0,False,,1.2942593097686768,{},asymptotic,True,,28,results/bob_realchannel_run_tp0.1_fk0.0_rp0.0_vd0.0_seed70_20260917_060918_086077.json,results/alice_realchannel_run_seed70_20260917_060918_225841.json,exception: name 'PROJECT_DIR' is not defined,2026-09-17T06:09:20.059914,toeplitz,0.1,0,0.0128205128205128
0.1,0.0,0.0,0.0,71,results/bob_realchannel_run_tp0.1_fk0.0_rp0.0_vd0.0_seed71_20260917_060922_064054.json,390,33,2810,34,34,True,0,False,,2.5400500297546387,{},asymptotic,True,,29,results/bob_realchannel_run_tp0.1_fk0.0_rp0.0_vd0.0_seed71_20260917_060922_064054.json,results/alice_realchannel_run_seed71_20260917_060922_216432.json,exception: name 'PROJECT_DIR' is not defined,2026-09-17T06:09:25.317170,toeplitz,0.1,0,0.0128205128205128
0.3,0.0,0.0,0.0,52,results/bob_realchannel_run_tp0.3_fk0.0_rp0.0_vd0.0_seed52_20260917_060927_330657.json,390,33,2810,34,34,True,0,False,,4.389207363128662,{},asymptotic,True,,10,results/bob_realchannel_run_tp0.3_fk0.0_rp0.0_vd0.0_seed52_20260917_060927_330657.json,results/alice_realchannel_run_seed52_20260917_060927_302931.json,exception: name 'PROJECT_DIR' is not defined,2026-09-17T06:09:32.197827,toeplitz,0.3,0,0.0128205128205128
0.3,0.0,0.0,0.0,53,results/bob_realchannel_run_tp0.3_fk0.0_rp0.0_vd0.0_seed53_20260917_060934_299816.json,390,33,2810,34,34,True,0,False,,4.196246862411499,{},asymptotic,True,,11,results/bob_realchannel_run_tp0.3_fk0.0_rp0.0_vd0.0_seed53_20260917_060934_299816.json,results/alice_realchannel_run_seed53_20260917_060934_180328.json,exception: name 'PROJECT_DIR' is not defined,2026-09-17T06:09:38.967108,toeplitz,0.3,0,0.0128205128205128
0.3,0.0,0.0,0.0,54,results/bob_realchannel_run_tp0.3_fk0.0_rp0.0_vd0.0_seed54_20260917_060940_972823.json,390,33,2810,34,34,True,0,False,,2.4271974563598633,{},asymptotic,True,,12,results/bob_realchannel_run_tp0.3_fk0.0_rp0.0_vd0.0_seed54_20260917_060940_972823.json,results/alice_realchannel_run_seed54_20260917_060941_179815.json,exception: name 'PROJECT_DIR' is not defined,2026-09-17T06:09:44.133182,toeplitz,0.3,0,0.0128205128205128
0.3,0.0,0.0,0.0,55,results/bob_realchannel_run_tp0.3_fk0.0_rp0.0_vd0.0_seed55_20260917_060946_137942.json,390,33,2810,34,34,True,0,False,,2.658322811126709,{'toeplitz_matrix': 1},asymptotic,False,,13,results/bob_realchannel_run_tp0.3_fk0.0_rp0.0_vd0.0_seed55_20260917_060946_137942.json,results/alice_realchannel_run_seed55_20260917_060946_115988.json,exception: name 'PROJECT_DIR' is not defined,2026-09-17T06:09:49.309010,toeplitz,0.3,0,0.0128205128205128
0.3,0.0,0.0,0.0,56,results/bob_realchannel_run_tp0.3_fk0.0_rp0.0_vd0.0_seed56_20260917_060951_319781.json,390,33,2810,34,34,True,0,False,,2.520150661468506,{'toeplitz_matrix': 1},asymptotic,True,,14,results/bob_realchannel_run_tp0.3_fk0.0_rp0.0_vd0.0_seed56_20260917_060951_319781.json,results/alice_realchannel_run_seed56_20260917_060951_465238.json,exception: name 'PROJECT_DIR' is not defined,2026-09-17T06:09:54.593335,toeplitz,0.3,0,0.0128205128205128
0.3,0.0,0.0,0.0,57,results/bob_realchannel_run_tp0.3_fk0.0_rp0.0_vd0.0_seed57_20260917_060956_598103.json,390,33,2810,34,34,True,0,False,,4.114139080047607,{},asymptotic,True,,15,results/bob_realchannel_run_tp0.3_fk0.0_rp0.0_vd0.0_seed57_20260917_060956_598103.json,results/alice_realchannel_run_seed57_20260917_060956_576337.json,exception: name 'PROJECT_DIR' is not defined,2026-09-17T06:10:01.194003,toeplitz,0.3,0,0.0128205128205128
0.3,0.0,0.0,0.0,58,results/bob_realchannel_run_tp0.3_fk0.0_rp0.0_vd0.0_seed58_20260917_061003_201502.json,390,33,2810,34,34,True,0,False,,2.3309695720672607,{},asymptotic,True,,16,results/bob_realchannel_run_tp0.3_fk0.0_rp0.0_vd0.0_seed58_20260917_061003_201502.json,results/alice_realchannel_run_seed58_20260917_061003_310645.json,exception: name 'PROJECT_DIR' is not defined,2026-09-17T06:10:06.208627,toeplitz,0.3,0,0.0128205128205128
0.3,0.0,0.0,0.0,59,results/bob_realchannel_run_tp0.3_fk0.0_rp0.0_vd0.0_seed59_20260917_061008_216582.json,390,33,2810,34,34,True,0,False,,4.287042856216431,{'toeplitz_matrix': 1},asymptotic,True,,17,results/bob_realchannel_run_tp0.3_fk0.0_rp0.0_vd0.0_seed59_20260917_061008_216582.json,results/alice_realchannel_run_seed59_20260917_061008_190360.json,exception: name 'PROJECT_DIR' is not defined,2026-09-17T06:10:13.054037,toeplitz,0.3,0,0.0128205128205128
0.3,0.0,0.0,0.0,60,results/bob_realchannel_run_tp0.3_fk0.0_rp0.0_vd0.0_seed60_20260917_061015_058259.json,390,33,2810,34,34,True,0,False,,1.0408310890197754,{},asymptotic,True,,18,results/bob_realchannel_run_tp0.3_fk0.0_rp0.0_vd0.0_seed60_20260917_061015_058259.json,results/alice_realchannel_run_seed60_20260917_061015_177534.json,exception: name 'PROJECT_DIR' is not defined,2026-09-17T06:10:16.774131,toeplitz,0.3,0,0.0128205128205128
0.3,0.0,0.0,0.0,61,results/bob_realchannel_run_tp0.3_fk0.0_rp0.0_vd0.0_seed61_20260917_061018_795952.json,390,33,2810,34,34,True,0,False,,4.259891510009766,{},asymptotic,True,,19,results/bob_realchannel_run_tp0.3_fk0.0_rp0.0_vd0.0_seed61_20260917_061018_795952.json,results/alice_realchannel_run_seed61_20260917_061018_756873.json,exception: name 'PROJECT_DIR' is not defined,2026-09-17T06:10:23.534853,toeplitz,0.3,0,0.0128205128205128
0.3,0.0,0.0,0.0,62,results/bob_realchannel_run_tp0.3_fk0.0_rp0.0_vd0.0_seed62_20260917_061025_559114.json,390,33,2810,34,34,True,0,False,,1.5018336772918701,{},asymptotic,True,,20,results/bob_realchannel_run_tp0.3_fk0.0_rp0.0_vd0.0_seed62_20260917_061025_559114.json,results/alice_realchannel_run_seed62_20260917_061025_663434.json,exception: name 'PROJECT_DIR' is not defined,2026-09-17T06:10:27.735206,toeplitz,0.3,0,0.0128205128205128
0.3,0.0,0.0,0.0,63,results/bob_realchannel_run_tp0.3_fk0.0_rp0.0_vd0.0_seed63_20260917_061029_750520.json,390,33,2810,34,34,True,0,False,,4.209327220916748,{'toeplitz_matrix': 1},asymptotic,True,,21,results/bob_realchannel_run_tp0.3_fk0.0_rp0.0_vd0.0_seed63_20260917_061029_750520.json,results/alice_realchannel_run_seed63_20260917_061029_725540.json,exception: name 'PROJECT_DIR' is not defined,2026-09-17T06:10:34.437445,toeplitz,0.3,0,0.0128205128205128
0.3,0.0,0.0,0.0,64,results/bob_realchannel_run_tp0.3_fk0.0_rp0.0_vd0.0_seed64_20260917_061036_452754.json,390,33,2810,34,34,True,0,False,,1.6841650009155273,{},asymptotic,True,,22,results/bob_realchannel_run_tp0.3_fk0.0_rp0.0_vd0.0_seed64_20260917_061036_452754.json,results/alice_realchannel_run_seed64_20260917_061036_546425.json,exception: name 'PROJECT_DIR' is not defined,2026-09-17T06:10:38.853244,toeplitz,0.3,0,0.0128205128205128
0.3,0.0,0.0,0.0,65,results/bob_realchannel_run_tp0.3_fk0.0_rp0.0_vd0.0_seed65_20260917_061040_889382.json,390,33,2810,34,34,True,0,False,,3.8101890087127686,{},asymptotic,True,,23,results/bob_realchannel_run_tp0.3_fk0.0_rp0.0_vd0.0_seed65_20260917_061040_889382.json,results/alice_realchannel_run_seed65_20260917_061040_834306.json,exception: name 'PROJECT_DIR' is not defined,2026-09-17T06:10:45.180019,toeplitz,0.3,0,0.0128205128205128
0.3,0.0,0.0,0.0,66,results/bob_realchannel_run_tp0.3_fk0.0_rp0.0_vd0.0_seed66_20260917_061047_199686.json,390,33,2810,34,34,True,0,False,,1.8166954517364502,{},asymptotic,True,,24,results/bob_realchannel_run_tp0.3_fk0.0_rp0.0_vd0.0_seed66_20260917_061047_199686.json,results/alice_realchannel_run_seed66_20260917_061047_300179.json,exception: name 'PROJECT_DIR' is not defined,2026-09-17T06:10:49.737724,toeplitz,0.3,0,0.0128205128205128
0.3,0.0,0.0,0.0,67,results/bob_realchannel_run_tp0.3_fk0.0_rp0.0_vd0.0_seed67_20260917_061051_753379.json,390,33,2810,34,34,True,0,False,,4.278244256973267,{},asymptotic,True,,25,results/bob_realchannel_run_tp0.3_fk0.0_rp0.0_vd0.0_seed67_20260917_061051_753379.json,results/alice_realchannel_run_seed67_20260917_061051_716157.json,exception: name 'PROJECT_DIR' is not defined,2026-09-17T06:10:56.501077,toeplitz,0.3,0,0.0128205128205128
0.3,0.0,0.0,0.0,68,results/bob_realchannel_run_tp0.3_fk0.0_rp0.0_vd0.0_seed68_20260917_061058_683676.json,390,33,2810,34,34,True,0,False,,4.304307460784912,{'toeplitz_matrix': 1},asymptotic,True,,26,results/bob_realchannel_run_tp0.3_fk0.0_rp0.0_vd0.0_seed68_20260917_061058_683676.json,results/alice_realchannel_run_seed68_20260917_061058_672804.json,exception: name 'PROJECT_DIR' is not defined,2026-09-17T06:11:03.787183,toeplitz,0.3,0,0.0128205128205128
0.3,0.0,0.0,0.0,69,results/bob_realchannel_run_tp0.3_fk0.0_rp0.0_vd0.0_seed69_20260917_061105_815781.json,390,33,2810,34,34,True,0,False,,4.275966644287109,{},asymptotic,True,,27,results/bob_realchannel_run_tp0.3_fk0.0_rp0.0_vd0.0_seed69_20260917_061105_815781.json,results/alice_realchannel_run_seed69_20260917_061105_772671.json,exception: name 'PROJECT_DIR' is not defined,2026-09-17T06:11:10.569540,toeplitz,0.3,0,0.0128205128205128
0.3,0.0,0.0,0.0,70,results/bob_realchannel_run_tp0.3_fk0.0_rp0.0_vd0.0_seed70_20260917_061112_598615.json,390,33,2810,34,34,True,0,False,,2.4376585483551025,{},asymptotic,True,,28,results/bob_realchannel_run_tp0.3_fk0.0_rp0.0_vd0.0_seed70_20260917_061112_598615.json,results/alice_realchannel_run_seed70_20260917_061112_709370.json,exception: name 'PROJECT_DIR' is not defined,2026-09-17T06:11:15.795383,toeplitz,0.3,0,0.0128205128205128
0.3,0.0,0.0,0.0,71,results/bob_realchannel_run_tp0.3_fk0.0_rp0.0_vd0.0_seed71_20260917_061117_803893.json,390,33,2810,34,34,True,0,False,,2.0923585891723633,{},asymptotic,True,,29,results/bob_realchannel_run_tp0.3_fk0.0_rp0.0_vd0.0_seed71_20260917_061117_803893.json,results/alice_realchannel_run_seed71_20260917_061117_957794.json,exception: name 'PROJECT_DIR' is not defined,2026-09-17T06:11:20.654814,toeplitz,0.3,0,0.0128205128205128
0.5,0.0,0.0,0.0,52,results/bob_realchannel_run_tp0.5_fk0.0_rp0.0_vd0.0_seed52_20260917_061122_660142.json,390,33,2810,34,34,True,0,False,,3.1098453998565674,{},asymptotic,True,,10,results/bob_realchannel_run_tp0.5_fk0.0_rp0.0_vd0.0_seed52_20260917_061122_660142.json,results/alice_realchannel_run_seed52_20260917_061122_651138.json,exception: name 'PROJECT_DIR' is not defined,2026-09-17T06:11:26.249638,toeplitz,0.5,0,0.0128205128205128
0.5,0.0,0.0,0.0,53,results/bob_realchannel_run_tp0.5_fk0.0_rp0.0_vd0.0_seed53_20260917_061128_300612.json,390,33,2810,34,34,True,0,False,,3.3483402729034424,{},asymptotic,True,,11,results/bob_realchannel_run_tp0.5_fk0.0_rp0.0_vd0.0_seed53_20260917_061128_300612.json,results/alice_realchannel_run_seed53_20260917_061128_235768.json,exception: name 'PROJECT_DIR' is not defined,2026-09-17T06:11:32.131420,toeplitz,0.5,0,0.0128205128205128
0.5,0.0,0.0,0.0,54,results/bob_realchannel_run_tp0.5_fk0.0_rp0.0_vd0.0_seed54_20260917_061134_147432.json,390,33,2810,34,34,True,0,False,,2.3647561073303223,{'toeplitz_matrix': 1},asymptotic,True,,12,results/bob_realchannel_run_tp0.5_fk0.0_rp0.0_vd0.0_seed54_20260917_061134_147432.json,results/alice_realchannel_run_seed54_20260917_061134_292146.json,exception: name 'PROJECT_DIR' is not defined,2026-09-17T06:11:37.243547,toeplitz,0.5,0,0.0128205128205128
0.5,0.0,0.0,0.0,55,results/bob_realchannel_run_tp0.5_fk0.0_rp0.0_vd0.0_seed55_20260917_061139_273816.json,390,33,2810,34,34,True,0,False,,2.414471387863159,{'toeplitz_matrix': 1},asymptotic,False,,13,results/bob_realchannel_run_tp0.5_fk0.0_rp0.0_vd0.0_seed55_20260917_061139_273816.json,results/alice_realchannel_run_seed55_20260917_061139_391928.json,exception: name 'PROJECT_DIR' is not defined,2026-09-17T06:11:42.439277,toeplitz,0.5,0,0.0128205128205128
0.5,0.0,0.0,0.0,56,results/bob_realchannel_run_tp0.5_fk0.0_rp0.0_vd0.0_seed56_20260917_061144_462718.json,390,33,2810,34,34,True,0,False,,4.357161283493042,{'toeplitz_matrix': 1},asymptotic,True,,14,results/bob_realchannel_run_tp0.5_fk0.0_rp0.0_vd0.0_seed56_20260917_061144_462718.json,results/alice_realchannel_run_seed56_20260917_061144_428562.json,exception: name 'PROJECT_DIR' is not defined,2026-09-17T06:11:49.298460,toeplitz,0.5,0,0.0128205128205128
0.5,0.0,0.0,0.0,57,results/bob_realchannel_run_tp0.5_fk0.0_rp0.0_vd0.0_seed57_20260917_061151_369157.json,390,33,2810,34,34,True,0,False,,1.7079858779907227,{},asymptotic,True,,15,results/bob_realchannel_run_tp0.5_fk0.0_rp0.0_vd0.0_seed57_20260917_061151_369157.json,results/alice_realchannel_run_seed57_20260917_061151_406746.json,exception: name 'PROJECT_DIR' is not defined,2026-09-17T06:11:53.847830,toeplitz,0.5,0,0.0128205128205128
0.5,0.0,0.0,0.0,58,results/bob_realchannel_run_tp0.5_fk0.0_rp0.0_vd0.0_seed58_20260917_061155_980409.json,390,33,2810,34,34,True,0,False,,3.1914167404174805,{},asymptotic,True,,16,results/bob_realchannel_run_tp0.5_fk0.0_rp0.0_vd0.0_seed58_20260917_061155_980409.json,results/alice_realchannel_run_seed58_20260917_061155_838823.json,exception: name 'PROJECT_DIR' is not defined,2026-09-17T06:11:59.698787,toeplitz,0.5,0,0.0128205128205128
0.5,0.0,0.0,0.0,59,results/bob_realchannel_run_tp0.5_fk0.0_rp0.0_vd0.0_seed59_20260917_061201_731266.json,390,33,2810,34,34,True,0,False,,3.8536388874053955,{'toeplitz_matrix': 1},asymptotic,True,,17,results/bob_realchannel_run_tp0.5_fk0.0_rp0.0_vd0.0_seed59_20260917_061201_731266.json,results/alice_realchannel_run_seed59_20260917_061201_723573.json,exception: name 'PROJECT_DIR' is not defined,2026-09-17T06:12:06.058706,toeplitz,0.5,0,0.0128205128205128
0.5,0.0,0.0,0.0,60,results/bob_realchannel_run_tp0.5_fk0.0_rp0.0_vd0.0_seed60_20260917_061208_070667.json,390,33,2810,34,34,True,0,False,,1.3705880641937256,{},asymptotic,True,,18,results/bob_realchannel_run_tp0.5_fk0.0_rp0.0_vd0.0_seed60_20260917_061208_070667.json,results/alice_realchannel_run_seed60_20260917_061208_124232.json,exception: name 'PROJECT_DIR' is not defined,2026-09-17T06:12:10.001151,toeplitz,0.5,0,0.0128205128205128
0.5,0.0,0.0,0.0,61,results/bob_realchannel_run_tp0.5_fk0.0_rp0.0_vd0.0_seed61_20260917_061212_022403.json,390,33,2810,34,34,True,0,False,,3.801705837249756,{},asymptotic,True,,19,results/bob_realchannel_run_tp0.5_fk0.0_rp0.0_vd0.0_seed61_20260917_061212_022403.json,results/alice_realchannel_run_seed61_20260917_061211_971537.json,exception: name 'PROJECT_DIR' is not defined,2026-09-17T06:12:16.291830,toeplitz,0.5,0,0.0128205128205128
0.5,0.0,0.0,0.0,62,results/bob_realchannel_run_tp0.5_fk0.0_rp0.0_vd0.0_seed62_20260917_061218_355247.json,390,33,2810,34,34,True,0,False,,2.3814573287963867,{'toeplitz_matrix': 1},asymptotic,True,,20,results/bob_realchannel_run_tp0.5_fk0.0_rp0.0_vd0.0_seed62_20260917_061218_355247.json,results/alice_realchannel_run_seed62_20260917_061218_434514.json,exception: name 'PROJECT_DIR' is not defined,2026-09-17T06:12:21.428165,toeplitz,0.5,0,0.0128205128205128
0.5,0.0,0.0,0.0,63,results/bob_realchannel_run_tp0.5_fk0.0_rp0.0_vd0.0_seed63_20260917_061223_477347.json,390,33,2810,34,34,True,0,False,,3.7707602977752686,{'toeplitz_matrix': 1},asymptotic,True,,21,results/bob_realchannel_run_tp0.5_fk0.0_rp0.0_vd0.0_seed63_20260917_061223_477347.json,results/alice_realchannel_run_seed63_20260917_061223_461419.json,exception: name 'PROJECT_DIR' is not defined,2026-09-17T06:12:27.802298,toeplitz,0.5,0,0.0128205128205128
0.5,0.0,0.0,0.0,64,results/bob_realchannel_run_tp0.5_fk0.0_rp0.0_vd0.0_seed64_20260917_061229_840336.json,390,33,2810,34,34,True,0,False,,4.259291410446167,{},asymptotic,True,,22,results/bob_realchannel_run_tp0.5_fk0.0_rp0.0_vd0.0_seed64_20260917_061229_840336.json,results/alice_realchannel_run_seed64_20260917_061229_786313.json,exception: name 'PROJECT_DIR' is not defined,2026-09-17T06:12:34.572996,toeplitz,0.5,0,0.0128205128205128
0.5,0.0,0.0,0.0,65,results/bob_realchannel_run_tp0.5_fk0.0_rp0.0_vd0.0_seed65_20260917_061236_584097.json,390,33,2810,34,34,True,0,False,,1.4822161197662354,{},asymptotic,True,,23,results/bob_realchannel_run_tp0.5_fk0.0_rp0.0_vd0.0_seed65_20260917_061236_584097.json,results/alice_realchannel_run_seed65_20260917_061236_669502.json,exception: name 'PROJECT_DIR' is not defined,2026-09-17T06:12:38.720846,toeplitz,0.5,0,0.0128205128205128
0.5,0.0,0.0,0.0,66,results/bob_realchannel_run_tp0.5_fk0.0_rp0.0_vd0.0_seed66_20260917_061240_739787.json,390,33,2810,34,34,True,0,False,,1.9489068984985352,{},asymptotic,True,,24,results/bob_realchannel_run_tp0.5_fk0.0_rp0.0_vd0.0_seed66_20260917_061240_739787.json,results/alice_realchannel_run_seed66_20260917_061240_752242.json,exception: name 'PROJECT_DIR' is not defined,2026-09-17T06:12:43.241925,toeplitz,0.5,0,0.0128205128205128
0.5,0.0,0.0,0.0,67,results/bob_realchannel_run_tp0.5_fk0.0_rp0.0_vd0.0_seed67_20260917_061245_252364.json,390,33,2810,34,34,True,0,False,,3.831887722015381,{},asymptotic,True,,25,results/bob_realchannel_run_tp0.5_fk0.0_rp0.0_vd0.0_seed67_20260917_061245_252364.json,results/alice_realchannel_run_seed67_20260917_061245_219394.json,exception: name 'PROJECT_DIR' is not defined,2026-09-17T06:12:49.558816,toeplitz,0.5,0,0.0128205128205128
0.5,0.0,0.0,0.0,68,results/bob_realchannel_run_tp0.5_fk0.0_rp0.0_vd0.0_seed68_20260917_061251_567209.json,390,33,2810,34,34,True,0,False,,1.8693366050720215,{'toeplitz_matrix': 1},asymptotic,True,,26,results/bob_realchannel_run_tp0.5_fk0.0_rp0.0_vd0.0_seed68_20260917_061251_567209.json,results/alice_realchannel_run_seed68_20260917_061251_590274.json,exception: name 'PROJECT_DIR' is not defined,2026-09-17T06:12:53.971928,toeplitz,0.5,0,0.0128205128205128
0.5,0.0,0.0,0.0,69,results/bob_realchannel_run_tp0.5_fk0.0_rp0.0_vd0.0_seed69_20260917_061255_981434.json,390,33,2810,34,34,True,0,False,,2.9847257137298584,{},asymptotic,True,,27,results/bob_realchannel_run_tp0.5_fk0.0_rp0.0_vd0.0_seed69_20260917_061255_981434.json,results/alice_realchannel_run_seed69_20260917_061255_956101.json,exception: name 'PROJECT_DIR' is not defined,2026-09-17T06:12:59.438545,toeplitz,0.5,0,0.0128205128205128
0.5,0.0,0.0,0.0,70,results/bob_realchannel_run_tp0.5_fk0.0_rp0.0_vd0.0_seed70_20260917_061301_460460.json,390,33,2810,34,34,True,0,False,,2.3273844718933105,{},asymptotic,True,,28,results/bob_realchannel_run_tp0.5_fk0.0_rp0.0_vd0.0_seed70_20260917_061301_460460.json,results/alice_realchannel_run_seed70_20260917_061301_462331.json,exception: name 'PROJECT_DIR' is not defined,2026-09-17T06:13:04.338178,toeplitz,0.5,0,0.0128205128205128
0.5,0.0,0.0,0.0,71,results/bob_realchannel_run_tp0.5_fk0.0_rp0.0_vd0.0_seed71_20260917_061306_346279.json,390,33,2810,34,34,True,0,False,,3.0797460079193115,{'toeplitz_matrix': 1},asymptotic,False,,29,results/bob_realchannel_run_tp0.5_fk0.0_rp0.0_vd0.0_seed71_20260917_061306_346279.json,results/alice_realchannel_run_seed71_20260917_061306_319418.json,exception: name 'PROJECT_DIR' is not defined,2026-09-17T06:13:09.984635,toeplitz,0.5,0,0.0128205128205128
0.001,0.0,0.0,0.0,52,results/bob_realchannel_run_tp0.001_fk0.0_rp0.0_vd0.0_seed52_20260917_062758_219426.json,379,35,2608,34,34,True,0,False,,3.158193349838257,{},asymptotic,True,,10,results/bob_realchannel_run_tp0.001_fk0.0_rp0.0_vd0.0_seed52_20260917_062758_219426.json,results/alice_realchannel_run_seed52_20260917_062758_146950.json,exception: name 'PROJECT_DIR' is not defined,2026-09-17T06:28:01.822558,toeplitz,0.001,1,0.0158311345646438
0.001,0.0,0.0,0.0,53,results/bob_realchannel_run_tp0.001_fk0.0_rp0.0_vd0.0_seed53_20260917_062803_843990.json,379,35,2608,34,34,True,0,False,,3.2460827827453613,{},asymptotic,True,,11,results/bob_realchannel_run_tp0.001_fk0.0_rp0.0_vd0.0_seed53_20260917_062803_843990.json,results/alice_realchannel_run_seed53_20260917_062803_780559.json,exception: name 'PROJECT_DIR' is not defined,2026-09-17T06:28:07.537800,toeplitz,0.001,1,0.0158311345646438
0.001,0.0,0.0,0.0,54,results/bob_realchannel_run_tp0.001_fk0.0_rp0.0_vd0.0_seed54_20260917_062809_608768.json,379,35,2608,34,34,True,0,False,,1.2454843521118164,{},asymptotic,True,,12,results/bob_realchannel_run_tp0.001_fk0.0_rp0.0_vd0.0_seed54_20260917_062809_608768.json,results/alice_realchannel_run_seed54_20260917_062809_652234.json,exception: name 'PROJECT_DIR' is not defined,2026-09-17T06:28:11.565820,toeplitz,0.001,1,0.0158311345646438
0.001,0.0,0.0,0.0,55,results/bob_realchannel_run_tp0.001_fk0.0_rp0.0_vd0.0_seed55_20260917_062813_584883.json,379,35,2608,34,34,True,0,False,,2.776472568511963,{},asymptotic,True,,13,results/bob_realchannel_run_tp0.001_fk0.0_rp0.0_vd0.0_seed55_20260917_062813_584883.json,results/alice_realchannel_run_seed55_20260917_062813_536694.json,exception: name 'PROJECT_DIR' is not defined,2026-09-17T06:28:16.812579,toeplitz,0.001,1,0.0158311345646438
0.001,0.0,0.0,0.0,56,results/bob_realchannel_run_tp0.001_fk0.0_rp0.0_vd0.0_seed56_20260917_062818_832920.json,379,35,2608,34,34,True,0,False,,0.8569045066833496,{},asymptotic,True,,14,results/bob_realchannel_run_tp0.001_fk0.0_rp0.0_vd0.0_seed56_20260917_062818_832920.json,results/alice_realchannel_run_seed56_20260917_062818_934545.json,exception: name 'PROJECT_DIR' is not defined,2026-09-17T06:28:20.341625,toeplitz,0.001,1,0.0158311345646438
0.001,0.0,0.0,0.0,57,results/bob_realchannel_run_tp0.001_fk0.0_rp0.0_vd0.0_seed57_20260917_062822_350147.json,379,35,2608,34,34,True,0,False,,2.9755401611328125,{},asymptotic,True,,15,results/bob_realchannel_run_tp0.001_fk0.0_rp0.0_vd0.0_seed57_20260917_062822_350147.json,results/alice_realchannel_run_seed57_20260917_062822_309436.json,exception: name 'PROJECT_DIR' is not defined,2026-09-17T06:28:25.771691,toeplitz,0.001,1,0.0158311345646438
0.001,0.0,0.0,0.0,58,results/bob_realchannel_run_tp0.001_fk0.0_rp0.0_vd0.0_seed58_20260917_062827_777173.json,379,35,2608,34,34,True,0,False,,0.9767208099365234,{},asymptotic,True,,16,results/bob_realchannel_run_tp0.001_fk0.0_rp0.0_vd0.0_seed58_20260917_062827_777173.json,results/alice_realchannel_run_seed58_20260917_062827_939822.json,exception: name 'PROJECT_DIR' is not defined,2026-09-17T06:28:29.415208,toeplitz,0.001,1,0.0158311345646438
0.001,0.0,0.0,0.0,59,results/bob_realchannel_run_tp0.001_fk0.0_rp0.0_vd0.0_seed59_20260917_062831_420300.json,379,35,2608,34,34,True,0,False,,0.9151461124420166,{},asymptotic,True,,17,results/bob_realchannel_run_tp0.001_fk0.0_rp0.0_vd0.0_seed59_20260917_062831_420300.json,results/alice_realchannel_run_seed59_20260917_062831_576564.json,exception: name 'PROJECT_DIR' is not defined,2026-09-17T06:28:33.076554,toeplitz,0.001,1,0.0158311345646438
0.001,0.0,0.0,0.0,60,results/bob_realchannel_run_tp0.001_fk0.0_rp0.0_vd0.0_seed60_20260917_062835_087079.json,379,35,2608,34,34,True,0,False,,0.9223663806915283,{},asymptotic,True,,18,results/bob_realchannel_run_tp0.001_fk0.0_rp0.0_vd0.0_seed60_20260917_062835_087079.json,results/alice_realchannel_run_seed60_20260917_062835_171913.json,exception: name 'PROJECT_DIR' is not defined,2026-09-17T06:28:36.671919,toeplitz,0.001,1,0.0158311345646438
0.001,0.0,0.0,0.0,61,results/bob_realchannel_run_tp0.001_fk0.0_rp0.0_vd0.0_seed61_20260917_062838_687223.json,379,35,2608,34,34,True,0,False,,1.1547727584838867,{},asymptotic,True,,19,results/bob_realchannel_run_tp0.001_fk0.0_rp0.0_vd0.0_seed61_20260917_062838_687223.json,results/alice_realchannel_run_seed61_20260917_062838_838603.json,exception: name 'PROJECT_DIR' is not defined,2026-09-17T06:28:40.588651,toeplitz,0.001,1,0.0158311345646438
0.001,0.0,0.0,0.0,62,results/bob_realchannel_run_tp0.001_fk0.0_rp0.0_vd0.0_seed62_20260917_062842_637558.json,379,35,2608,34,34,True,0,False,,1.100520133972168,{},asymptotic,True,,20,results/bob_realchannel_run_tp0.001_fk0.0_rp0.0_vd0.0_seed62_20260917_062842_637558.json,results/alice_realchannel_run_seed62_20260917_062842_745928.json,exception: name 'PROJECT_DIR' is not defined,2026-09-17T06:28:44.488351,toeplitz,0.001,1,0.0158311345646438
0.001,0.0,0.0,0.0,63,results/bob_realchannel_run_tp0.001_fk0.0_rp0.0_vd0.0_seed63_20260917_062846_489050.json,379,35,2608,34,34,True,0,False,,0.9967563152313232,{},asymptotic,True,,21,results/bob_realchannel_run_tp0.001_fk0.0_rp0.0_vd0.0_seed63_20260917_062846_489050.json,results/alice_realchannel_run_seed63_20260917_062846_652440.json,exception: name 'PROJECT_DIR' is not defined,2026-09-17T06:28:48.226088,toeplitz,0.001,1,0.0158311345646438
0.001,0.0,0.0,0.0,64,results/bob_realchannel_run_tp0.001_fk0.0_rp0.0_vd0.0_seed64_20260917_062850_291552.json,379,35,2608,34,34,True,0,False,,1.3062005043029785,{},asymptotic,True,,22,results/bob_realchannel_run_tp0.001_fk0.0_rp0.0_vd0.0_seed64_20260917_062850_291552.json,results/alice_realchannel_run_seed64_20260917_062850_380426.json,exception: name 'PROJECT_DIR' is not defined,2026-09-17T06:28:52.050423,toeplitz,0.001,1,0.0158311345646438
0.001,0.0,0.0,0.0,65,results/bob_realchannel_run_tp0.001_fk0.0_rp0.0_vd0.0_seed65_20260917_062854_054078.json,379,35,2608,34,34,True,0,False,,1.0881469249725342,{},asymptotic,True,,23,results/bob_realchannel_run_tp0.001_fk0.0_rp0.0_vd0.0_seed65_20260917_062854_054078.json,results/alice_realchannel_run_seed65_20260917_062854_202417.json,exception: name 'PROJECT_DIR' is not defined,2026-09-17T06:28:55.864148,toeplitz,0.001,1,0.0158311345646438
0.001,0.0,0.0,0.0,66,results/bob_realchannel_run_tp0.001_fk0.0_rp0.0_vd0.0_seed66_20260917_062857_868552.json,379,35,2608,34,34,True,0,False,,1.2012128829956055,{},asymptotic,True,,24,results/bob_realchannel_run_tp0.001_fk0.0_rp0.0_vd0.0_seed66_20260917_062857_868552.json,results/alice_realchannel_run_seed66_20260917_062857_881789.json,exception: name 'PROJECT_DIR' is not defined,2026-09-17T06:28:59.602808,toeplitz,0.001,1,0.0158311345646438
0.001,0.0,0.0,0.0,67,results/bob_realchannel_run_tp0.001_fk0.0_rp0.0_vd0.0_seed67_20260917_062901_675017.json,379,35,2608,34,34,True,0,False,,0.8548650741577148,{},asymptotic,True,,25,results/bob_realchannel_run_tp0.001_fk0.0_rp0.0_vd0.0_seed67_20260917_062901_675017.json,results/alice_realchannel_run_seed67_20260917_062901_773654.json,exception: name 'PROJECT_DIR' is not defined,2026-09-17T06:29:03.271743,toeplitz,0.001,1,0.0158311345646438
0.001,0.0,0.0,0.0,68,results/bob_realchannel_run_tp0.001_fk0.0_rp0.0_vd0.0_seed68_20260917_062905_385918.json,379,35,2608,34,34,True,0,False,,2.7475368976593018,{},asymptotic,True,,26,results/bob_realchannel_run_tp0.001_fk0.0_rp0.0_vd0.0_seed68_20260917_062905_385918.json,results/alice_realchannel_run_seed68_20260917_062905_285334.json,exception: name 'PROJECT_DIR' is not defined,2026-09-17T06:29:08.666205,toeplitz,0.001,1,0.0158311345646438
0.001,0.0,0.0,0.0,69,results/bob_realchannel_run_tp0.001_fk0.0_rp0.0_vd0.0_seed69_20260917_062910_677778.json,379,35,2608,34,34,True,0,False,,0.9801661968231201,{},asymptotic,True,,27,results/bob_realchannel_run_tp0.001_fk0.0_rp0.0_vd0.0_seed69_20260917_062910_677778.json,results/alice_realchannel_run_seed69_20260917_062910_823317.json,exception: name 'PROJECT_DIR' is not defined,2026-09-17T06:29:12.396745,toeplitz,0.001,1,0.0158311345646438
0.001,0.0,0.0,0.0,70,results/bob_realchannel_run_tp0.001_fk0.0_rp0.0_vd0.0_seed70_20260917_062914_431826.json,379,35,2608,34,34,True,0,False,,2.7981109619140625,{},asymptotic,True,,28,results/bob_realchannel_run_tp0.001_fk0.0_rp0.0_vd0.0_seed70_20260917_062914_431826.json,results/alice_realchannel_run_seed70_20260917_062914_373623.json,exception: name 'PROJECT_DIR' is not defined,2026-09-17T06:29:17.682487,toeplitz,0.001,1,0.0158311345646438
0.001,0.0,0.0,0.0,71,results/bob_realchannel_run_tp0.001_fk0.0_rp0.0_vd0.0_seed71_20260917_062919_700067.json,379,35,2608,34,34,True,0,False,,1.3263039588928223,{},asymptotic,True,,29,results/bob_realchannel_run_tp0.001_fk0.0_rp0.0_vd0.0_seed71_20260917_062919_700067.json,results/alice_realchannel_run_seed71_20260917_062919_822433.json,exception: name 'PROJECT_DIR' is not defined,2026-09-17T06:29:21.724446,toeplitz,0.001,1,0.0158311345646438
0.003,0.0,0.0,0.0,52,results/bob_realchannel_run_tp0.003_fk0.0_rp0.0_vd0.0_seed52_20260917_062923_929426.json,379,35,2608,34,34,True,0,False,,2.6160824298858643,{},asymptotic,True,,10,results/bob_realchannel_run_tp0.003_fk0.0_rp0.0_vd0.0_seed52_20260917_062923_929426.json,results/alice_realchannel_run_seed52_20260917_062923_698259.json,exception: name 'PROJECT_DIR' is not defined,2026-09-17T06:29:26.999042,toeplitz,0.003,1,0.0158311345646438
0.003,0.0,0.0,0.0,53,results/bob_realchannel_run_tp0.003_fk0.0_rp0.0_vd0.0_seed53_20260917_062929_001233.json,379,35,2608,34,34,True,0,False,,1.0249829292297363,{},asymptotic,True,,11,results/bob_realchannel_run_tp0.003_fk0.0_rp0.0_vd0.0_seed53_20260917_062929_001233.json,results/alice_realchannel_run_seed53_20260917_062929_114530.json,exception: name 'PROJECT_DIR' is not defined,2026-09-17T06:29:30.714436,toeplitz,0.003,1,0.0158311345646438
0.003,0.0,0.0,0.0,54,results/bob_realchannel_run_tp0.003_fk0.0_rp0.0_vd0.0_seed54_20260917_062932_757222.json,379,35,2608,34,34,True,0,False,,3.1402060985565186,{},asymptotic,True,,12,results/bob_realchannel_run_tp0.003_fk0.0_rp0.0_vd0.0_seed54_20260917_062932_757222.json,results/alice_realchannel_run_seed54_20260917_062932_681138.json,exception: name 'PROJECT_DIR' is not defined,2026-09-17T06:29:36.347195,toeplitz,0.003,1,0.0158311345646438
0.003,0.0,0.0,0.0,55,results/bob_realchannel_run_tp0.003_fk0.0_rp0.0_vd0.0_seed55_20260917_062938_406906.json,379,35,2608,34,34,True,0,False,,0.863081693649292,{},asymptotic,True,,13,results/bob_realchannel_run_tp0.003_fk0.0_rp0.0_vd0.0_seed55_20260917_062938_406906.json,results/alice_realchannel_run_seed55_20260917_062938_459118.json,exception: name 'PROJECT_DIR' is not defined,2026-09-17T06:29:39.997740,toeplitz,0.003,1,0.0158311345646438
0.003,0.0,0.0,0.0,56,results/bob_realchannel_run_tp0.003_fk0.0_rp0.0_vd0.0_seed56_20260917_062942_040222.json,379,35,2608,34,34,True,0,False,,2.6937692165374756,{},asymptotic,True,,14,results/bob_realchannel_run_tp0.003_fk0.0_rp0.0_vd0.0_seed56_20260917_062942_040222.json,results/alice_realchannel_run_seed56_20260917_062941_962213.json,exception: name 'PROJECT_DIR' is not defined,2026-09-17T06:29:45.180227,toeplitz,0.003,1,0.0158311345646438
0.003,0.0,0.0,0.0,57,results/bob_realchannel_run_tp0.003_fk0.0_rp0.0_vd0.0_seed57_20260917_062947_201060.json,379,35,2608,34,34,True,0,False,,1.3127450942993164,{},asymptotic,True,,15,results/bob_realchannel_run_tp0.003_fk0.0_rp0.0_vd0.0_seed57_20260917_062947_201060.json,results/alice_realchannel_run_seed57_20260917_062947_298391.json,exception: name 'PROJECT_DIR' is not defined,2026-09-17T06:29:49.250149,toeplitz,0.003,1,0.0158311345646438
0.003,0.0,0.0,0.0,58,results/bob_realchannel_run_tp0.003_fk0.0_rp0.0_vd0.0_seed58_20260917_062951_252557.json,379,35,2608,34,34,True,0,False,,2.784810781478882,{},asymptotic,True,,16,results/bob_realchannel_run_tp0.003_fk0.0_rp0.0_vd0.0_seed58_20260917_062951_252557.json,results/alice_realchannel_run_seed58_20260917_062951_215178.json,exception: name 'PROJECT_DIR' is not defined,2026-09-17T06:29:54.484462,toeplitz,0.003,1,0.0158311345646438
0.003,0.0,0.0,0.0,59,results/bob_realchannel_run_tp0.003_fk0.0_rp0.0_vd0.0_seed59_20260917_062956_490243.json,379,35,2608,34,34,True,0,False,,1.0555963516235352,{},asymptotic,True,,17,results/bob_realchannel_run_tp0.003_fk0.0_rp0.0_vd0.0_seed59_20260917_062956_490243.json,results/alice_realchannel_run_seed59_20260917_062956_601539.json,exception: name 'PROJECT_DIR' is not defined,2026-09-17T06:29:58.262043,toeplitz,0.003,1,0.0158311345646438
0.003,0.0,0.0,0.0,60,results/bob_realchannel_run_tp0.003_fk0.0_rp0.0_vd0.0_seed60_20260917_063000_316665.json,379,35,2608,34,34,True,0,False,,2.772681951522827,{},asymptotic,True,,18,results/bob_realchannel_run_tp0.003_fk0.0_rp0.0_vd0.0_seed60_20260917_063000_316665.json,results/alice_realchannel_run_seed60_20260917_063000_226755.json,exception: name 'PROJECT_DIR' is not defined,2026-09-17T06:30:03.536012,toeplitz,0.003,1,0.0158311345646438
0.003,0.0,0.0,0.0,61,results/bob_realchannel_run_tp0.003_fk0.0_rp0.0_vd0.0_seed61_20260917_063005_539921.json,379,35,2608,34,34,True,0,False,,1.4786877632141113,{},asymptotic,True,,19,results/bob_realchannel_run_tp0.003_fk0.0_rp0.0_vd0.0_seed61_20260917_063005_539921.json,results/alice_realchannel_run_seed61_20260917_063005_625607.json,exception: name 'PROJECT_DIR' is not defined,2026-09-17T06:30:07.645648,toeplitz,0.003,1,0.0158311345646438
0.003,0.0,0.0,0.0,62,results/bob_realchannel_run_tp0.003_fk0.0_rp0.0_vd0.0_seed62_20260917_063009_697260.json,379,35,2608,34,34,True,0,False,,2.9082043170928955,{},asymptotic,True,,20,results/bob_realchannel_run_tp0.003_fk0.0_rp0.0_vd0.0_seed62_20260917_063009_697260.json,results/alice_realchannel_run_seed62_20260917_063009_604941.json,exception: name 'PROJECT_DIR' is not defined,2026-09-17T06:30:13.052597,toeplitz,0.003,1,0.0158311345646438
0.003,0.0,0.0,0.0,63,results/bob_realchannel_run_tp0.003_fk0.0_rp0.0_vd0.0_seed63_20260917_063015_095721.json,379,35,2608,34,34,True,0,False,,0.8701119422912598,{},asymptotic,True,,21,results/bob_realchannel_run_tp0.003_fk0.0_rp0.0_vd0.0_seed63_20260917_063015_095721.json,results/alice_realchannel_run_seed63_20260917_063015_131600.json,exception: name 'PROJECT_DIR' is not defined,2026-09-17T06:30:16.614427,toeplitz,0.003,1,0.0158311345646438
0.003,0.0,0.0,0.0,64,results/bob_realchannel_run_tp0.003_fk0.0_rp0.0_vd0.0_seed64_20260917_063018_632218.json,379,35,2608,34,34,True,0,False,,0.901965856552124,{},asymptotic,True,,22,results/bob_realchannel_run_tp0.003_fk0.0_rp0.0_vd0.0_seed64_20260917_063018_632218.json,results/alice_realchannel_run_seed64_20260917_063018_698943.json,exception: name 'PROJECT_DIR' is not defined,2026-09-17T06:30:20.216410,toeplitz,0.003,1,0.0158311345646438
0.003,0.0,0.0,0.0,65,results/bob_realchannel_run_tp0.003_fk0.0_rp0.0_vd0.0_seed65_20260917_063022_237601.json,379,35,2608,34,34,True,0,False,,1.008207082748413,{},asymptotic,True,,23,results/bob_realchannel_run_tp0.003_fk0.0_rp0.0_vd0.0_seed65_20260917_063022_237601.json,results/alice_realchannel_run_seed65_20260917_063022_310925.json,exception: name 'PROJECT_DIR' is not defined,2026-09-17T06:30:23.913902,toeplitz,0.003,1,0.0158311345646438
0.003,0.0,0.0,0.0,66,results/bob_realchannel_run_tp0.003_fk0.0_rp0.0_vd0.0_seed66_20260917_063026_036400.json,379,35,2608,34,34,True,0,False,,2.7136952877044678,{},asymptotic,True,,24,results/bob_realchannel_run_tp0.003_fk0.0_rp0.0_vd0.0_seed66_20260917_063026_036400.json,results/alice_realchannel_run_seed66_20260917_063025_924947.json,exception: name 'PROJECT_DIR' is not defined,2026-09-17T06:30:29.281026,toeplitz,0.003,1,0.0158311345646438
0.003,0.0,0.0,0.0,67,results/bob_realchannel_run_tp0.003_fk0.0_rp0.0_vd0.0_seed67_20260917_063031_332342.json,379,35,2608,34,34,True,0,False,,1.1694488525390625,{},asymptotic,True,,25,results/bob_realchannel_run_tp0.003_fk0.0_rp0.0_vd0.0_seed67_20260917_063031_332342.json,results/alice_realchannel_run_seed67_20260917_063031_366144.json,exception: name 'PROJECT_DIR' is not defined,2026-09-17T06:30:33.147342,toeplitz,0.003,1,0.0158311345646438
0.003,0.0,0.0,0.0,68,results/bob_realchannel_run_tp0.003_fk0.0_rp0.0_vd0.0_seed68_20260917_063035_236716.json,379,35,2608,34,34,True,0,False,,2.776637315750122,{},asymptotic,True,,26,results/bob_realchannel_run_tp0.003_fk0.0_rp0.0_vd0.0_seed68_20260917_063035_236716.json,results/alice_realchannel_run_seed68_20260917_063035_167392.json,exception: name 'PROJECT_DIR' is not defined,2026-09-17T06:30:38.546070,toeplitz,0.003,1,0.0158311345646438
0.003,0.0,0.0,0.0,69,results/bob_realchannel_run_tp0.003_fk0.0_rp0.0_vd0.0_seed69_20260917_063040_580586.json,379,35,2608,34,34,True,0,False,,3.168699026107788,{},asymptotic,True,,27,results/bob_realchannel_run_tp0.003_fk0.0_rp0.0_vd0.0_seed69_20260917_063040_580586.json,results/alice_realchannel_run_seed69_20260917_063040_517025.json,exception: name 'PROJECT_DIR' is not defined,2026-09-17T06:30:44.201100,toeplitz,0.003,1,0.0158311345646438
0.003,0.0,0.0,0.0,70,results/bob_realchannel_run_tp0.003_fk0.0_rp0.0_vd0.0_seed70_20260917_063046_219876.json,379,35,2608,34,34,True,0,False,,0.9099781513214111,{},asymptotic,True,,28,results/bob_realchannel_run_tp0.003_fk0.0_rp0.0_vd0.0_seed70_20260917_063046_219876.json,results/alice_realchannel_run_seed70_20260917_063046_292607.json,exception: name 'PROJECT_DIR' is not defined,2026-09-17T06:30:47.852907,toeplitz,0.003,1,0.0158311345646438
0.003,0.0,0.0,0.0,71,results/bob_realchannel_run_tp0.003_fk0.0_rp0.0_vd0.0_seed71_20260917_063049_856848.json,379,35,2608,34,34,True,0,False,,2.804631471633911,{},asymptotic,True,,29,results/bob_realchannel_run_tp0.003_fk0.0_rp0.0_vd0.0_seed71_20260917_063049_856848.json,results/alice_realchannel_run_seed71_20260917_063049_824834.json,exception: name 'PROJECT_DIR' is not defined,2026-09-17T06:30:53.114487,toeplitz,0.003,1,0.0158311345646438
0.01,0.0,0.0,0.0,52,results/bob_realchannel_run_tp0.01_fk0.0_rp0.0_vd0.0_seed52_20260917_063055_117024.json,379,35,2608,34,34,True,0,False,,0.9847562313079834,{},asymptotic,True,,10,results/bob_realchannel_run_tp0.01_fk0.0_rp0.0_vd0.0_seed52_20260917_063055_117024.json,results/alice_realchannel_run_seed52_20260917_063055_269735.json,exception: name 'PROJECT_DIR' is not defined,2026-09-17T06:30:56.762043,toeplitz,0.01,1,0.0158311345646438
0.01,0.0,0.0,0.0,53,results/bob_realchannel_run_tp0.01_fk0.0_rp0.0_vd0.0_seed53_20260917_063058_766280.json,379,35,2608,34,34,True,0,False,,2.89146089553833,{},asymptotic,True,,11,results/bob_realchannel_run_tp0.01_fk0.0_rp0.0_vd0.0_seed53_20260917_063058_766280.json,results/alice_realchannel_run_seed53_20260917_063058_730252.json,exception: name 'PROJECT_DIR' is not defined,2026-09-17T06:31:02.102327,toeplitz,0.01,1,0.0158311345646438
0.01,0.0,0.0,0.0,54,results/bob_realchannel_run_tp0.01_fk0.0_rp0.0_vd0.0_seed54_20260917_063104_110205.json,379,35,2608,34,34,True,0,False,,2.79109525680542,{},asymptotic,True,,12,results/bob_realchannel_run_tp0.01_fk0.0_rp0.0_vd0.0_seed54_20260917_063104_110205.json,results/alice_realchannel_run_seed54_20260917_063104_066284.json,exception: name 'PROJECT_DIR' is not defined,2026-09-17T06:31:07.347834,toeplitz,0.01,1,0.0158311345646438
0.01,0.0,0.0,0.0,55,results/bob_realchannel_run_tp0.01_fk0.0_rp0.0_vd0.0_seed55_20260917_063109_357537.json,379,35,2608,34,34,True,0,False,,1.260361909866333,{},asymptotic,True,,13,results/bob_realchannel_run_tp0.01_fk0.0_rp0.0_vd0.0_seed55_20260917_063109_357537.json,results/alice_realchannel_run_seed55_20260917_063109_430748.json,exception: name 'PROJECT_DIR' is not defined,2026-09-17T06:31:11.258461,toeplitz,0.01,1,0.0158311345646438
0.01,0.0,0.0,0.0,56,results/bob_realchannel_run_tp0.01_fk0.0_rp0.0_vd0.0_seed56_20260917_063113_282668.json,379,35,2608,34,34,True,0,False,,2.7148005962371826,{},asymptotic,True,,14,results/bob_realchannel_run_tp0.01_fk0.0_rp0.0_vd0.0_seed56_20260917_063113_282668.json,results/alice_realchannel_run_seed56_20260917_063113_227331.json,exception: name 'PROJECT_DIR' is not defined,2026-09-17T06:31:16.452202,toeplitz,0.01,1,0.0158311345646438
0.01,0.0,0.0,0.0,57,results/bob_realchannel_run_tp0.01_fk0.0_rp0.0_vd0.0_seed57_20260917_063118_456888.json,379,35,2608,34,34,True,0,False,,0.9288535118103027,{},asymptotic,True,,15,results/bob_realchannel_run_tp0.01_fk0.0_rp0.0_vd0.0_seed57_20260917_063118_456888.json,results/alice_realchannel_run_seed57_20260917_063118_551536.json,exception: name 'PROJECT_DIR' is not defined,2026-09-17T06:31:20.083138,toeplitz,0.01,1,0.0158311345646438
0.01,0.0,0.0,0.0,58,results/bob_realchannel_run_tp0.01_fk0.0_rp0.0_vd0.0_seed58_20260917_063122_119607.json,379,35,2608,34,34,True,0,False,,2.757997512817383,{},asymptotic,True,,16,results/bob_realchannel_run_tp0.01_fk0.0_rp0.0_vd0.0_seed58_20260917_063122_119607.json,results/alice_realchannel_run_seed58_20260917_063122_055883.json,exception: name 'PROJECT_DIR' is not defined,2026-09-17T06:31:25.333980,toeplitz,0.01,1,0.0158311345646438
0.01,0.0,0.0,0.0,59,results/bob_realchannel_run_tp0.01_fk0.0_rp0.0_vd0.0_seed59_20260917_063127_344696.json,379,35,2608,34,34,True,0,False,,0.92531418800354,{},asymptotic,True,,17,results/bob_realchannel_run_tp0.01_fk0.0_rp0.0_vd0.0_seed59_20260917_063127_344696.json,results/alice_realchannel_run_seed59_20260917_063127_459053.json,exception: name 'PROJECT_DIR' is not defined,2026-09-17T06:31:28.927653,toeplitz,0.01,1,0.0158311345646438
0.01,0.0,0.0,0.0,60,results/bob_realchannel_run_tp0.01_fk0.0_rp0.0_vd0.0_seed60_20260917_063130_948076.json,379,35,2608,34,34,True,0,False,,2.797419548034668,{},asymptotic,True,,18,results/bob_realchannel_run_tp0.01_fk0.0_rp0.0_vd0.0_seed60_20260917_063130_948076.json,results/alice_realchannel_run_seed60_20260917_063130_898731.json,exception: name 'PROJECT_DIR' is not defined,2026-09-17T06:31:34.196227,toeplitz,0.01,1,0.0158311345646438
0.01,0.0,0.0,0.0,61,results/bob_realchannel_run_tp0.01_fk0.0_rp0.0_vd0.0_seed61_20260917_063136_214496.json,379,35,2608,34,34,True,0,False,,1.4873485565185547,{},asymptotic,True,,19,results/bob_realchannel_run_tp0.01_fk0.0_rp0.0_vd0.0_seed61_20260917_063136_214496.json,results/alice_realchannel_run_seed61_20260917_063136_315091.json,exception: name 'PROJECT_DIR' is not defined,2026-09-17T06:31:38.396334,toeplitz,0.01,1,0.0158311345646438
0.01,0.0,0.0,0.0,62,results/bob_realchannel_run_tp0.01_fk0.0_rp0.0_vd0.0_seed62_20260917_063140_404699.json,379,35,2608,34,34,True,0,False,,2.960597515106201,{},asymptotic,True,,20,results/bob_realchannel_run_tp0.01_fk0.0_rp0.0_vd0.0_seed62_20260917_063140_404699.json,results/alice_realchannel_run_seed62_20260917_063140_363222.json,exception: name 'PROJECT_DIR' is not defined,2026-09-17T06:31:43.813126,toeplitz,0.01,1,0.0158311345646438
0.01,0.0,0.0,0.0,63,results/bob_realchannel_run_tp0.01_fk0.0_rp0.0_vd0.0_seed63_20260917_063145_824137.json,379,35,2608,34,34,True,0,False,,0.91355299949646,{},asymptotic,True,,21,results/bob_realchannel_run_tp0.01_fk0.0_rp0.0_vd0.0_seed63_20260917_063145_824137.json,results/alice_realchannel_run_seed63_20260917_063145_900084.json,exception: name 'PROJECT_DIR' is not defined,2026-09-17T06:31:47.428881,toeplitz,0.01,1,0.0158311345646438
0.01,0.0,0.0,0.0,64,results/bob_realchannel_run_tp0.01_fk0.0_rp0.0_vd0.0_seed64_20260917_063149_455388.json,379,35,2608,34,34,True,0,False,,2.7900021076202393,{},asymptotic,True,,22,results/bob_realchannel_run_tp0.01_fk0.0_rp0.0_vd0.0_seed64_20260917_063149_455388.json,results/alice_realchannel_run_seed64_20260917_063149_396890.json,exception: name 'PROJECT_DIR' is not defined,2026-09-17T06:31:52.713740,toeplitz,0.01,1,0.0158311345646438
0.01,0.0,0.0,0.0,65,results/bob_realchannel_run_tp0.01_fk0.0_rp0.0_vd0.0_seed65_20260917_063154_734879.json,379,35,2608,34,34,True,0,False,,1.0512123107910156,{},asymptotic,True,,23,results/bob_realchannel_run_tp0.01_fk0.0_rp0.0_vd0.0_seed65_20260917_063154_734879.json,results/alice_realchannel_run_seed65_20260917_063154_842246.json,exception: name 'PROJECT_DIR' is not defined,2026-09-17T06:31:56.439165,toeplitz,0.01,1,0.0158311345646438
0.01,0.0,0.0,0.0,66,results/bob_realchannel_run_tp0.01_fk0.0_rp0.0_vd0.0_seed66_20260917_063158_445943.json,379,35,2608,34,34,True,0,False,,2.783435821533203,{},asymptotic,True,,24,results/bob_realchannel_run_tp0.01_fk0.0_rp0.0_vd0.0_seed66_20260917_063158_445943.json,results/alice_realchannel_run_seed66_20260917_063158_407111.json,exception: name 'PROJECT_DIR' is not defined,2026-09-17T06:32:01.678209,toeplitz,0.01,1,0.0158311345646438
0.01,0.0,0.0,0.0,67,results/bob_realchannel_run_tp0.01_fk0.0_rp0.0_vd0.0_seed67_20260917_063203_687793.json,379,35,2608,34,34,True,0,False,,0.886070966720581,{},asymptotic,True,,25,results/bob_realchannel_run_tp0.01_fk0.0_rp0.0_vd0.0_seed67_20260917_063203_687793.json,results/alice_realchannel_run_seed67_20260917_063203_816580.json,exception: name 'PROJECT_DIR' is not defined,2026-09-17T06:32:05.257083,toeplitz,0.01,1,0.0158311345646438
0.01,0.0,0.0,0.0,68,results/bob_realchannel_run_tp0.01_fk0.0_rp0.0_vd0.0_seed68_20260917_063207_264587.json,379,35,2608,34,34,True,0,False,,2.816875696182251,{},asymptotic,True,,26,results/bob_realchannel_run_tp0.01_fk0.0_rp0.0_vd0.0_seed68_20260917_063207_264587.json,results/alice_realchannel_run_seed68_20260917_063207_230833.json,exception: name 'PROJECT_DIR' is not defined,2026-09-17T06:32:10.536853,toeplitz,0.01,1,0.0158311345646438
0.01,0.0,0.0,0.0,69,results/bob_realchannel_run_tp0.01_fk0.0_rp0.0_vd0.0_seed69_20260917_063212_537892.json,379,35,2608,34,34,True,0,False,,0.945122241973877,{},asymptotic,True,,27,results/bob_realchannel_run_tp0.01_fk0.0_rp0.0_vd0.0_seed69_20260917_063212_537892.json,results/alice_realchannel_run_seed69_20260917_063212_699281.json,exception: name 'PROJECT_DIR' is not defined,2026-09-17T06:32:14.208377,toeplitz,0.01,1,0.0158311345646438
0.01,0.0,0.0,0.0,70,results/bob_realchannel_run_tp0.01_fk0.0_rp0.0_vd0.0_seed70_20260917_063216_212324.json,379,35,2608,34,34,True,0,False,,0.9261584281921387,{},asymptotic,True,,28,results/bob_realchannel_run_tp0.01_fk0.0_rp0.0_vd0.0_seed70_20260917_063216_212324.json,results/alice_realchannel_run_seed70_20260917_063216_300293.json,exception: name 'PROJECT_DIR' is not defined,2026-09-17T06:32:17.789290,toeplitz,0.01,1,0.0158311345646438
0.01,0.0,0.0,0.0,71,results/bob_realchannel_run_tp0.01_fk0.0_rp0.0_vd0.0_seed71_20260917_063219_787660.json,379,35,2608,34,34,True,0,False,,0.9864213466644287,{},asymptotic,True,,29,results/bob_realchannel_run_tp0.01_fk0.0_rp0.0_vd0.0_seed71_20260917_063219_787660.json,results/alice_realchannel_run_seed71_20260917_063219_954059.json,exception: name 'PROJECT_DIR' is not defined,2026-09-17T06:32:21.522586,toeplitz,0.01,1,0.0158311345646438
0.03,0.0,0.0,0.0,52,results/bob_realchannel_run_tp0.03_fk0.0_rp0.0_vd0.0_seed52_20260917_063223_539441.json,379,35,2608,34,34,True,0,False,,1.286367416381836,{},asymptotic,True,,10,results/bob_realchannel_run_tp0.03_fk0.0_rp0.0_vd0.0_seed52_20260917_063223_539441.json,results/alice_realchannel_run_seed52_20260917_063223_607514.json,exception: name 'PROJECT_DIR' is not defined,2026-09-17T06:32:25.469668,toeplitz,0.03,1,0.0158311345646438
0.03,0.0,0.0,0.0,53,results/bob_realchannel_run_tp0.03_fk0.0_rp0.0_vd0.0_seed53_20260917_063227_482690.json,379,35,2608,34,34,True,0,False,,1.0388360023498535,{},asymptotic,True,,11,results/bob_realchannel_run_tp0.03_fk0.0_rp0.0_vd0.0_seed53_20260917_063227_482690.json,results/alice_realchannel_run_seed53_20260917_063227_608897.json,exception: name 'PROJECT_DIR' is not defined,2026-09-17T06:32:29.238230,toeplitz,0.03,1,0.0158311345646438
0.03,0.0,0.0,0.0,54,results/bob_realchannel_run_tp0.03_fk0.0_rp0.0_vd0.0_seed54_20260917_063231_246921.json,379,35,2608,34,34,True,0,False,,1.2673954963684082,{},asymptotic,True,,12,results/bob_realchannel_run_tp0.03_fk0.0_rp0.0_vd0.0_seed54_20260917_063231_246921.json,results/alice_realchannel_run_seed54_20260917_063231_309581.json,exception: name 'PROJECT_DIR' is not defined,2026-09-17T06:32:33.118034,toeplitz,0.03,1,0.0158311345646438
0.03,0.0,0.0,0.0,55,results/bob_realchannel_run_tp0.03_fk0.0_rp0.0_vd0.0_seed55_20260917_063235_119429.json,379,35,2608,34,34,True,0,False,,0.9306304454803467,{},asymptotic,True,,13,results/bob_realchannel_run_tp0.03_fk0.0_rp0.0_vd0.0_seed55_20260917_063235_119429.json,results/alice_realchannel_run_seed55_20260917_063235_241006.json,exception: name 'PROJECT_DIR' is not defined,2026-09-17T06:32:36.774590,toeplitz,0.03,1,0.0158311345646438
0.03,0.0,0.0,0.0,56,results/bob_realchannel_run_tp0.03_fk0.0_rp0.0_vd0.0_seed56_20260917_063238_784625.json,379,35,2608,34,34,True,0,False,,0.8409976959228516,{},asymptotic,True,,14,results/bob_realchannel_run_tp0.03_fk0.0_rp0.0_vd0.0_seed56_20260917_063238_784625.json,results/alice_realchannel_run_seed56_20260917_063238_864061.json,exception: name 'PROJECT_DIR' is not defined,2026-09-17T06:32:40.306798,toeplitz,0.03,1,0.0158311345646438
0.03,0.0,0.0,0.0,57,results/bob_realchannel_run_tp0.03_fk0.0_rp0.0_vd0.0_seed57_20260917_063242_310703.json,379,35,2608,34,34,True,0,False,,0.9110047817230225,{},asymptotic,True,,15,results/bob_realchannel_run_tp0.03_fk0.0_rp0.0_vd0.0_seed57_20260917_063242_310703.json,results/alice_realchannel_run_seed57_20260917_063242_389860.json,exception: name 'PROJECT_DIR' is not defined,2026-09-17T06:32:43.816937,toeplitz,0.03,1,0.0158311345646438
0.03,0.0,0.0,0.0,58,results/bob_realchannel_run_tp0.03_fk0.0_rp0.0_vd0.0_seed58_20260917_063245_829778.json,379,35,2608,34,34,True,0,False,,0.9363107681274414,{},asymptotic,True,,16,results/bob_realchannel_run_tp0.03_fk0.0_rp0.0_vd0.0_seed58_20260917_063245_829778.json,results/alice_realchannel_run_seed58_20260917_063245_955145.json,exception: name 'PROJECT_DIR' is not defined,2026-09-17T06:32:47.515648,toeplitz,0.03,1,0.0158311345646438
0.03,0.0,0.0,0.0,59,results/bob_realchannel_run_tp0.03_fk0.0_rp0.0_vd0.0_seed59_20260917_063249_527333.json,379,35,2608,34,34,True,0,False,,1.3627407550811768,{},asymptotic,True,,17,results/bob_realchannel_run_tp0.03_fk0.0_rp0.0_vd0.0_seed59_20260917_063249_527333.json,results/alice_realchannel_run_seed59_20260917_063249_701729.json,exception: name 'PROJECT_DIR' is not defined,2026-09-17T06:32:51.490674,toeplitz,0.03,1,0.0158311345646438
0.03,0.0,0.0,0.0,60,results/bob_realchannel_run_tp0.03_fk0.0_rp0.0_vd0.0_seed60_20260917_063253_489287.json,379,35,2608,34,34,True,0,False,,0.9295721054077148,{},asymptotic,True,,18,results/bob_realchannel_run_tp0.03_fk0.0_rp0.0_vd0.0_seed60_20260917_063253_489287.json,results/alice_realchannel_run_seed60_20260917_063253_637545.json,exception: name 'PROJECT_DIR' is not defined,2026-09-17T06:32:55.142931,toeplitz,0.03,1,0.0158311345646438
0.03,0.0,0.0,0.0,61,results/bob_realchannel_run_tp0.03_fk0.0_rp0.0_vd0.0_seed61_20260917_063257_153240.json,379,35,2608,34,34,True,0,False,,1.5127596855163574,{},asymptotic,True,,19,results/bob_realchannel_run_tp0.03_fk0.0_rp0.0_vd0.0_seed61_20260917_063257_153240.json,results/alice_realchannel_run_seed61_20260917_063257_284889.json,exception: name 'PROJECT_DIR' is not defined,2026-09-17T06:32:59.406054,toeplitz,0.03,1,0.0158311345646438
0.03,0.0,0.0,0.0,62,results/bob_realchannel_run_tp0.03_fk0.0_rp0.0_vd0.0_seed62_20260917_063301_420535.json,379,35,2608,34,34,True,0,False,,1.4697637557983398,{},asymptotic,True,,20,results/bob_realchannel_run_tp0.03_fk0.0_rp0.0_vd0.0_seed62_20260917_063301_420535.json,results/alice_realchannel_run_seed62_20260917_063301_520848.json,exception: name 'PROJECT_DIR' is not defined,2026-09-17T06:33:03.556635,toeplitz,0.03,1,0.0158311345646438
0.03,0.0,0.0,0.0,63,results/bob_realchannel_run_tp0.03_fk0.0_rp0.0_vd0.0_seed63_20260917_063305_580024.json,379,35,2608,34,34,True,0,False,,0.9659852981567383,{},asymptotic,True,,21,results/bob_realchannel_run_tp0.03_fk0.0_rp0.0_vd0.0_seed63_20260917_063305_580024.json,results/alice_realchannel_run_seed63_20260917_063305_708347.json,exception: name 'PROJECT_DIR' is not defined,2026-09-17T06:33:07.327271,toeplitz,0.03,1,0.0158311345646438
0.03,0.0,0.0,0.0,64,results/bob_realchannel_run_tp0.03_fk0.0_rp0.0_vd0.0_seed64_20260917_063309_425610.json,379,35,2608,34,34,True,0,False,,2.836299419403076,{},asymptotic,True,,22,results/bob_realchannel_run_tp0.03_fk0.0_rp0.0_vd0.0_seed64_20260917_063309_425610.json,results/alice_realchannel_run_seed64_20260917_063309_413173.json,exception: name 'PROJECT_DIR' is not defined,2026-09-17T06:33:12.916832,toeplitz,0.03,1,0.0158311345646438
0.03,0.0,0.0,0.0,65,results/bob_realchannel_run_tp0.03_fk0.0_rp0.0_vd0.0_seed65_20260917_063314_932533.json,379,35,2608,34,34,True,0,False,,1.053441047668457,{},asymptotic,True,,23,results/bob_realchannel_run_tp0.03_fk0.0_rp0.0_vd0.0_seed65_20260917_063314_932533.json,results/alice_realchannel_run_seed65_20260917_063315_044331.json,exception: name 'PROJECT_DIR' is not defined,2026-09-17T06:33:16.759793,toeplitz,0.03,1,0.0158311345646438
0.03,0.0,0.0,0.0,66,results/bob_realchannel_run_tp0.03_fk0.0_rp0.0_vd0.0_seed66_20260917_063318_785213.json,379,35,2608,34,34,True,0,False,,0.8826460838317871,{},asymptotic,True,,24,results/bob_realchannel_run_tp0.03_fk0.0_rp0.0_vd0.0_seed66_20260917_063318_785213.json,results/alice_realchannel_run_seed66_20260917_063318_855193.json,exception: name 'PROJECT_DIR' is not defined,2026-09-17T06:33:20.422463,toeplitz,0.03,1,0.0158311345646438
0.03,0.0,0.0,0.0,67,results/bob_realchannel_run_tp0.03_fk0.0_rp0.0_vd0.0_seed67_20260917_063322_461622.json,379,35,2608,34,34,True,0,False,,1.2720751762390137,{},asymptotic,True,,25,results/bob_realchannel_run_tp0.03_fk0.0_rp0.0_vd0.0_seed67_20260917_063322_461622.json,results/alice_realchannel_run_seed67_20260917_063322_595426.json,exception: name 'PROJECT_DIR' is not defined,2026-09-17T06:33:24.480113,toeplitz,0.03,1,0.0158311345646438
0.03,0.0,0.0,0.0,68,results/bob_realchannel_run_tp0.03_fk0.0_rp0.0_vd0.0_seed68_20260917_063326_498518.json,379,35,2608,34,34,True,0,False,,0.9440398216247559,{},asymptotic,True,,26,results/bob_realchannel_run_tp0.03_fk0.0_rp0.0_vd0.0_seed68_20260917_063326_498518.json,results/alice_realchannel_run_seed68_20260917_063326_604194.json,exception: name 'PROJECT_DIR' is not defined,2026-09-17T06:33:28.124116,toeplitz,0.03,1,0.0158311345646438
0.03,0.0,0.0,0.0,69,results/bob_realchannel_run_tp0.03_fk0.0_rp0.0_vd0.0_seed69_20260917_063330_165522.json,379,35,2608,34,34,True,0,False,,0.8173558712005615,{},asymptotic,True,,27,results/bob_realchannel_run_tp0.03_fk0.0_rp0.0_vd0.0_seed69_20260917_063330_165522.json,results/alice_realchannel_run_seed69_20260917_063330_278900.json,exception: name 'PROJECT_DIR' is not defined,2026-09-17T06:33:31.734465,toeplitz,0.03,1,0.0158311345646438
0.03,0.0,0.0,0.0,70,results/bob_realchannel_run_tp0.03_fk0.0_rp0.0_vd0.0_seed70_20260917_063333_779333.json,379,35,2608,34,34,True,0,False,,0.9266619682312012,{},asymptotic,True,,28,results/bob_realchannel_run_tp0.03_fk0.0_rp0.0_vd0.0_seed70_20260917_063333_779333.json,results/alice_realchannel_run_seed70_20260917_063333_867737.json,exception: name 'PROJECT_DIR' is not defined,2026-09-17T06:33:35.425106,toeplitz,0.03,1,0.0158311345646438
0.03,0.0,0.0,0.0,71,results/bob_realchannel_run_tp0.03_fk0.0_rp0.0_vd0.0_seed71_20260917_063337_439013.json,379,35,2608,34,34,True,0,False,,1.346855878829956,{},asymptotic,True,,29,results/bob_realchannel_run_tp0.03_fk0.0_rp0.0_vd0.0_seed71_20260917_063337_439013.json,results/alice_realchannel_run_seed71_20260917_063337_580574.json,exception: name 'PROJECT_DIR' is not defined,2026-09-17T06:33:39.534177,toeplitz,0.03,1,0.0158311345646438
0.05,0.0,0.0,0.0,52,results/bob_realchannel_run_tp0.05_fk0.0_rp0.0_vd0.0_seed52_20260917_063341_552629.json,379,35,2608,34,34,True,0,False,,0.9338288307189941,{},asymptotic,True,,10,results/bob_realchannel_run_tp0.05_fk0.0_rp0.0_vd0.0_seed52_20260917_063341_552629.json,results/alice_realchannel_run_seed52_20260917_063341_649094.json,exception: name 'PROJECT_DIR' is not defined,2026-09-17T06:33:43.243676,toeplitz,0.05,1,0.0158311345646438
0.05,0.0,0.0,0.0,53,results/bob_realchannel_run_tp0.05_fk0.0_rp0.0_vd0.0_seed53_20260917_063345_248464.json,379,35,2608,34,34,True,0,False,,3.2898495197296143,{},asymptotic,True,,11,results/bob_realchannel_run_tp0.05_fk0.0_rp0.0_vd0.0_seed53_20260917_063345_248464.json,results/alice_realchannel_run_seed53_20260917_063345_226986.json,exception: name 'PROJECT_DIR' is not defined,2026-09-17T06:33:48.990218,toeplitz,0.05,1,0.0158311345646438
0.05,0.0,0.0,0.0,54,results/bob_realchannel_run_tp0.05_fk0.0_rp0.0_vd0.0_seed54_20260917_063351_008886.json,379,35,2608,34,34,True,0,False,,0.8213074207305908,{},asymptotic,True,,12,results/bob_realchannel_run_tp0.05_fk0.0_rp0.0_vd0.0_seed54_20260917_063351_008886.json,results/alice_realchannel_run_seed54_20260917_063351_008228.json,exception: name 'PROJECT_DIR' is not defined,2026-09-17T06:33:52.439658,toeplitz,0.05,1,0.0158311345646438
0.05,0.0,0.0,0.0,55,results/bob_realchannel_run_tp0.05_fk0.0_rp0.0_vd0.0_seed55_20260917_063354_469703.json,379,35,2608,34,34,True,0,False,,2.9119980335235596,{},asymptotic,True,,13,results/bob_realchannel_run_tp0.05_fk0.0_rp0.0_vd0.0_seed55_20260917_063354_469703.json,results/alice_realchannel_run_seed55_20260917_063354_416826.json,exception: name 'PROJECT_DIR' is not defined,2026-09-17T06:33:57.829768,toeplitz,0.05,1,0.0158311345646438
0.05,0.0,0.0,0.0,56,results/bob_realchannel_run_tp0.05_fk0.0_rp0.0_vd0.0_seed56_20260917_063359_844618.json,379,35,2608,34,34,True,0,False,,0.7530100345611572,{},asymptotic,True,,14,results/bob_realchannel_run_tp0.05_fk0.0_rp0.0_vd0.0_seed56_20260917_063359_844618.json,results/alice_realchannel_run_seed56_20260917_063359_841867.json,exception: name 'PROJECT_DIR' is not defined,2026-09-17T06:34:01.131697,toeplitz,0.05,1,0.0158311345646438
0.05,0.0,0.0,0.0,57,results/bob_realchannel_run_tp0.05_fk0.0_rp0.0_vd0.0_seed57_20260917_063403_138761.json,379,35,2608,34,34,True,0,False,,2.810859203338623,{},asymptotic,True,,15,results/bob_realchannel_run_tp0.05_fk0.0_rp0.0_vd0.0_seed57_20260917_063403_138761.json,results/alice_realchannel_run_seed57_20260917_063403_103407.json,exception: name 'PROJECT_DIR' is not defined,2026-09-17T06:34:06.396110,toeplitz,0.05,1,0.0158311345646438
0.05,0.0,0.0,0.0,58,results/bob_realchannel_run_tp0.05_fk0.0_rp0.0_vd0.0_seed58_20260917_063408_417574.json,379,35,2608,34,34,True,0,False,,2.8161094188690186,{},asymptotic,True,,16,results/bob_realchannel_run_tp0.05_fk0.0_rp0.0_vd0.0_seed58_20260917_063408_417574.json,results/alice_realchannel_run_seed58_20260917_063408_411168.json,exception: name 'PROJECT_DIR' is not defined,2026-09-17T06:34:11.765626,toeplitz,0.05,1,0.0158311345646438
0.05,0.0,0.0,0.0,59,results/bob_realchannel_run_tp0.05_fk0.0_rp0.0_vd0.0_seed59_20260917_063413_775721.json,379,35,2608,34,34,True,0,False,,1.338611364364624,{},asymptotic,True,,17,results/bob_realchannel_run_tp0.05_fk0.0_rp0.0_vd0.0_seed59_20260917_063413_775721.json,results/alice_realchannel_run_seed59_20260917_063413_923305.json,exception: name 'PROJECT_DIR' is not defined,2026-09-17T06:34:15.800056,toeplitz,0.05,1,0.0158311345646438
0.05,0.0,0.0,0.0,60,results/bob_realchannel_run_tp0.05_fk0.0_rp0.0_vd0.0_seed60_20260917_063417_830275.json,379,35,2608,34,34,True,0,False,,3.1716017723083496,{},asymptotic,True,,18,results/bob_realchannel_run_tp0.05_fk0.0_rp0.0_vd0.0_seed60_20260917_063417_830275.json,results/alice_realchannel_run_seed60_20260917_063417_771413.json,exception: name 'PROJECT_DIR' is not defined,2026-09-17T06:34:21.452463,toeplitz,0.05,1,0.0158311345646438
0.05,0.0,0.0,0.0,61,results/bob_realchannel_run_tp0.05_fk0.0_rp0.0_vd0.0_seed61_20260917_063423_481118.json,379,35,2608,34,34,True,0,False,,3.0127768516540527,{},asymptotic,True,,19,results/bob_realchannel_run_tp0.05_fk0.0_rp0.0_vd0.0_seed61_20260917_063423_481118.json,results/alice_realchannel_run_seed61_20260917_063423_469791.json,exception: name 'PROJECT_DIR' is not defined,2026-09-17T06:34:27.029221,toeplitz,0.05,1,0.0158311345646438
0.05,0.0,0.0,0.0,62,results/bob_realchannel_run_tp0.05_fk0.0_rp0.0_vd0.0_seed62_20260917_063429_039963.json,379,35,2608,34,34,True,0,False,,3.349804162979126,{},asymptotic,True,,20,results/bob_realchannel_run_tp0.05_fk0.0_rp0.0_vd0.0_seed62_20260917_063429_039963.json,results/alice_realchannel_run_seed62_20260917_063428_998212.json,exception: name 'PROJECT_DIR' is not defined,2026-09-17T06:34:32.839976,toeplitz,0.05,1,0.0158311345646438
0.05,0.0,0.0,0.0,63,results/bob_realchannel_run_tp0.05_fk0.0_rp0.0_vd0.0_seed63_20260917_063434_847641.json,379,35,2608,34,34,True,0,False,,0.8338229656219482,{},asymptotic,True,,21,results/bob_realchannel_run_tp0.05_fk0.0_rp0.0_vd0.0_seed63_20260917_063434_847641.json,results/alice_realchannel_run_seed63_20260917_063434_846125.json,exception: name 'PROJECT_DIR' is not defined,2026-09-17T06:34:36.217565,toeplitz,0.05,1,0.0158311345646438
0.05,0.0,0.0,0.0,64,results/bob_realchannel_run_tp0.05_fk0.0_rp0.0_vd0.0_seed64_20260917_063438_261631.json,379,35,2608,34,34,True,0,False,,2.7759580612182617,{},asymptotic,True,,22,results/bob_realchannel_run_tp0.05_fk0.0_rp0.0_vd0.0_seed64_20260917_063438_261631.json,results/alice_realchannel_run_seed64_20260917_063438_184165.json,exception: name 'PROJECT_DIR' is not defined,2026-09-17T06:34:41.489496,toeplitz,0.05,1,0.0158311345646438
0.05,0.0,0.0,0.0,65,results/bob_realchannel_run_tp0.05_fk0.0_rp0.0_vd0.0_seed65_20260917_063443_481132.json,379,35,2608,34,34,True,0,False,,0.9804806709289551,{},asymptotic,True,,23,results/bob_realchannel_run_tp0.05_fk0.0_rp0.0_vd0.0_seed65_20260917_063443_481132.json,results/alice_realchannel_run_seed65_20260917_063443_521040.json,exception: name 'PROJECT_DIR' is not defined,2026-09-17T06:34:44.962876,toeplitz,0.05,1,0.0158311345646438
0.05,0.0,0.0,0.0,66,results/bob_realchannel_run_tp0.05_fk0.0_rp0.0_vd0.0_seed66_20260917_063446_991266.json,379,35,2608,34,34,True,0,False,,0.9027876853942871,{},asymptotic,True,,24,results/bob_realchannel_run_tp0.05_fk0.0_rp0.0_vd0.0_seed66_20260917_063446_991266.json,results/alice_realchannel_run_seed66_20260917_063447_088378.json,exception: name 'PROJECT_DIR' is not defined,2026-09-17T06:34:48.563509,toeplitz,0.05,1,0.0158311345646438
0.05,0.0,0.0,0.0,67,results/bob_realchannel_run_tp0.05_fk0.0_rp0.0_vd0.0_seed67_20260917_063450_575597.json,379,35,2608,34,34,True,0,False,,0.8742740154266357,{},asymptotic,True,,25,results/bob_realchannel_run_tp0.05_fk0.0_rp0.0_vd0.0_seed67_20260917_063450_575597.json,results/alice_realchannel_run_seed67_20260917_063450_692083.json,exception: name 'PROJECT_DIR' is not defined,2026-09-17T06:34:52.114944,toeplitz,0.05,1,0.0158311345646438
0.05,0.0,0.0,0.0,68,results/bob_realchannel_run_tp0.05_fk0.0_rp0.0_vd0.0_seed68_20260917_063454_120803.json,379,35,2608,34,34,True,0,False,,2.8131017684936523,{},asymptotic,True,,26,results/bob_realchannel_run_tp0.05_fk0.0_rp0.0_vd0.0_seed68_20260917_063454_120803.json,results/alice_realchannel_run_seed68_20260917_063454_084967.json,exception: name 'PROJECT_DIR' is not defined,2026-09-17T06:34:57.382509,toeplitz,0.05,1,0.0158311345646438
0.05,0.0,0.0,0.0,69,results/bob_realchannel_run_tp0.05_fk0.0_rp0.0_vd0.0_seed69_20260917_063459_387592.json,379,35,2608,34,34,True,0,False,,0.9630661010742188,{},asymptotic,True,,27,results/bob_realchannel_run_tp0.05_fk0.0_rp0.0_vd0.0_seed69_20260917_063459_387592.json,results/alice_realchannel_run_seed69_20260917_063459_517030.json,exception: name 'PROJECT_DIR' is not defined,2026-09-17T06:35:01.042443,toeplitz,0.05,1,0.0158311345646438
0.05,0.0,0.0,0.0,70,results/bob_realchannel_run_tp0.05_fk0.0_rp0.0_vd0.0_seed70_20260917_063503_038437.json,379,35,2608,34,34,True,0,False,,0.9154260158538818,{},asymptotic,True,,28,results/bob_realchannel_run_tp0.05_fk0.0_rp0.0_vd0.0_seed70_20260917_063503_038437.json,results/alice_realchannel_run_seed70_20260917_063503_116648.json,exception: name 'PROJECT_DIR' is not defined,2026-09-17T06:35:04.625417,toeplitz,0.05,1,0.0158311345646438
0.05,0.0,0.0,0.0,71,results/bob_realchannel_run_tp0.05_fk0.0_rp0.0_vd0.0_seed71_20260917_063506_658262.json,379,35,2608,34,34,True,0,False,,3.151644468307495,{},asymptotic,True,,29,results/bob_realchannel_run_tp0.05_fk0.0_rp0.0_vd0.0_seed71_20260917_063506_658262.json,results/alice_realchannel_run_seed71_20260917_063506_589779.json,exception: name 'PROJECT_DIR' is not defined,2026-09-17T06:35:10.262702,toeplitz,0.05,1,0.0158311345646438
0.1,0.0,0.0,0.0,52,results/bob_realchannel_run_tp0.1_fk0.0_rp0.0_vd0.0_seed52_20260917_063512_266561.json,379,35,2608,34,34,True,0,False,,0.9434566497802734,{},asymptotic,True,,10,results/bob_realchannel_run_tp0.1_fk0.0_rp0.0_vd0.0_seed52_20260917_063512_266561.json,results/alice_realchannel_run_seed52_20260917_063512_372164.json,exception: name 'PROJECT_DIR' is not defined,2026-09-17T06:35:13.870005,toeplitz,0.1,1,0.0158311345646438
0.1,0.0,0.0,0.0,53,results/bob_realchannel_run_tp0.1_fk0.0_rp0.0_vd0.0_seed53_20260917_063515_873207.json,379,35,2608,34,34,True,0,False,,1.376793384552002,{'toeplitz_matrix': 1},asymptotic,True,,11,results/bob_realchannel_run_tp0.1_fk0.0_rp0.0_vd0.0_seed53_20260917_063515_873207.json,results/alice_realchannel_run_seed53_20260917_063515_957126.json,exception: name 'PROJECT_DIR' is not defined,2026-09-17T06:35:17.936878,toeplitz,0.1,1,0.0158311345646438
0.1,0.0,0.0,0.0,54,results/bob_realchannel_run_tp0.1_fk0.0_rp0.0_vd0.0_seed54_20260917_063519_938222.json,379,35,2608,34,34,True,0,False,,2.8072047233581543,{},asymptotic,True,,12,results/bob_realchannel_run_tp0.1_fk0.0_rp0.0_vd0.0_seed54_20260917_063519_938222.json,results/alice_realchannel_run_seed54_20260917_063519_911843.json,exception: name 'PROJECT_DIR' is not defined,2026-09-17T06:35:23.198022,toeplitz,0.1,1,0.0158311345646438
0.1,0.0,0.0,0.0,55,results/bob_realchannel_run_tp0.1_fk0.0_rp0.0_vd0.0_seed55_20260917_063525_202888.json,379,35,2608,34,34,True,0,False,,0.9069311618804932,{},asymptotic,True,,13,results/bob_realchannel_run_tp0.1_fk0.0_rp0.0_vd0.0_seed55_20260917_063525_202888.json,results/alice_realchannel_run_seed55_20260917_063525_299728.json,exception: name 'PROJECT_DIR' is not defined,2026-09-17T06:35:26.800883,toeplitz,0.1,1,0.0158311345646438
0.1,0.0,0.0,0.0,56,results/bob_realchannel_run_tp0.1_fk0.0_rp0.0_vd0.0_seed56_20260917_063528_867253.json,379,35,2608,34,34,True,0,False,,1.1789615154266357,{},asymptotic,True,,14,results/bob_realchannel_run_tp0.1_fk0.0_rp0.0_vd0.0_seed56_20260917_063528_867253.json,results/alice_realchannel_run_seed56_20260917_063528_908777.json,exception: name 'PROJECT_DIR' is not defined,2026-09-17T06:35:30.717760,toeplitz,0.1,1,0.0158311345646438
0.1,0.0,0.0,0.0,57,results/bob_realchannel_run_tp0.1_fk0.0_rp0.0_vd0.0_seed57_20260917_063532_716873.json,379,35,2608,34,34,True,0,False,,1.3092443943023682,{},asymptotic,True,,15,results/bob_realchannel_run_tp0.1_fk0.0_rp0.0_vd0.0_seed57_20260917_063532_716873.json,results/alice_realchannel_run_seed57_20260917_063532_810335.json,exception: name 'PROJECT_DIR' is not defined,2026-09-17T06:35:34.719463,toeplitz,0.1,1,0.0158311345646438
0.1,0.0,0.0,0.0,58,results/bob_realchannel_run_tp0.1_fk0.0_rp0.0_vd0.0_seed58_20260917_063536_729745.json,379,35,2608,34,34,True,0,False,,0.9004566669464111,{},asymptotic,True,,16,results/bob_realchannel_run_tp0.1_fk0.0_rp0.0_vd0.0_seed58_20260917_063536_729745.json,results/alice_realchannel_run_seed58_20260917_063536_820078.json,exception: name 'PROJECT_DIR' is not defined,2026-09-17T06:35:38.268858,toeplitz,0.1,1,0.0158311345646438
0.1,0.0,0.0,0.0,59,results/bob_realchannel_run_tp0.1_fk0.0_rp0.0_vd0.0_seed59_20260917_063540_273033.json,379,35,2608,34,34,True,0,False,,0.8809454441070557,{},asymptotic,True,,17,results/bob_realchannel_run_tp0.1_fk0.0_rp0.0_vd0.0_seed59_20260917_063540_273033.json,results/alice_realchannel_run_seed59_20260917_063540_345935.json,exception: name 'PROJECT_DIR' is not defined,2026-09-17T06:35:41.795638,toeplitz,0.1,1,0.0158311345646438
0.1,0.0,0.0,0.0,60,results/bob_realchannel_run_tp0.1_fk0.0_rp0.0_vd0.0_seed60_20260917_063543_787228.json,379,35,2608,34,34,True,0,False,,2.8266003131866455,{},asymptotic,True,,18,results/bob_realchannel_run_tp0.1_fk0.0_rp0.0_vd0.0_seed60_20260917_063543_787228.json,results/alice_realchannel_run_seed60_20260917_063543_763582.json,exception: name 'PROJECT_DIR' is not defined,2026-09-17T06:35:47.068580,toeplitz,0.1,1,0.0158311345646438
0.1,0.0,0.0,0.0,61,results/bob_realchannel_run_tp0.1_fk0.0_rp0.0_vd0.0_seed61_20260917_063549_064153.json,379,35,2608,34,34,True,0,False,,1.486274003982544,{},asymptotic,True,,19,results/bob_realchannel_run_tp0.1_fk0.0_rp0.0_vd0.0_seed61_20260917_063549_064153.json,results/alice_realchannel_run_seed61_20260917_063549_165439.json,exception: name 'PROJECT_DIR' is not defined,2026-09-17T06:35:51.266844,toeplitz,0.1,1,0.0158311345646438
0.1,0.0,0.0,0.0,62,results/bob_realchannel_run_tp0.1_fk0.0_rp0.0_vd0.0_seed62_20260917_063553_279297.json,379,35,2608,34,34,True,0,False,,2.966698169708252,{},asymptotic,True,,20,results/bob_realchannel_run_tp0.1_fk0.0_rp0.0_vd0.0_seed62_20260917_063553_279297.json,results/alice_realchannel_run_seed62_20260917_063553_239555.json,exception: name 'PROJECT_DIR' is not defined,2026-09-17T06:35:56.697347,toeplitz,0.1,1,0.0158311345646438
0.1,0.0,0.0,0.0,63,results/bob_realchannel_run_tp0.1_fk0.0_rp0.0_vd0.0_seed63_20260917_063558_696983.json,379,35,2608,34,34,True,0,False,,1.304931402206421,{},asymptotic,True,,21,results/bob_realchannel_run_tp0.1_fk0.0_rp0.0_vd0.0_seed63_20260917_063558_696983.json,results/alice_realchannel_run_seed63_20260917_063558_785797.json,exception: name 'PROJECT_DIR' is not defined,2026-09-17T06:36:00.666035,toeplitz,0.1,1,0.0158311345646438
0.1,0.0,0.0,0.0,64,results/bob_realchannel_run_tp0.1_fk0.0_rp0.0_vd0.0_seed64_20260917_063602_671406.json,379,35,2608,34,34,True,0,False,,2.8100905418395996,{},asymptotic,True,,22,results/bob_realchannel_run_tp0.1_fk0.0_rp0.0_vd0.0_seed64_20260917_063602_671406.json,results/alice_realchannel_run_seed64_20260917_063602_635714.json,exception: name 'PROJECT_DIR' is not defined,2026-09-17T06:36:05.929113,toeplitz,0.1,1,0.0158311345646438
0.1,0.0,0.0,0.0,65,results/bob_realchannel_run_tp0.1_fk0.0_rp0.0_vd0.0_seed65_20260917_063607_935858.json,379,35,2608,34,34,True,0,False,,1.0141384601593018,{'toeplitz_matrix': 1},asymptotic,False,,23,results/bob_realchannel_run_tp0.1_fk0.0_rp0.0_vd0.0_seed65_20260917_063607_935858.json,results/alice_realchannel_run_seed65_20260917_063608_013533.json,exception: name 'PROJECT_DIR' is not defined,2026-09-17T06:36:09.566268,toeplitz,0.1,1,0.0158311345646438
0.1,0.0,0.0,0.0,66,results/bob_realchannel_run_tp0.1_fk0.0_rp0.0_vd0.0_seed66_20260917_063611_570712.json,379,35,2608,34,34,True,0,False,,2.7874162197113037,{},asymptotic,True,,24,results/bob_realchannel_run_tp0.1_fk0.0_rp0.0_vd0.0_seed66_20260917_063611_570712.json,results/alice_realchannel_run_seed66_20260917_063611_536167.json,exception: name 'PROJECT_DIR' is not defined,2026-09-17T06:36:14.801862,toeplitz,0.1,1,0.0158311345646438
0.1,0.0,0.0,0.0,67,results/bob_realchannel_run_tp0.1_fk0.0_rp0.0_vd0.0_seed67_20260917_063616_826252.json,379,35,2608,34,34,True,0,False,,0.7996823787689209,{},asymptotic,True,,25,results/bob_realchannel_run_tp0.1_fk0.0_rp0.0_vd0.0_seed67_20260917_063616_826252.json,results/alice_realchannel_run_seed67_20260917_063616_869185.json,exception: name 'PROJECT_DIR' is not defined,2026-09-17T06:36:18.287463,toeplitz,0.1,1,0.0158311345646438
0.1,0.0,0.0,0.0,68,results/bob_realchannel_run_tp0.1_fk0.0_rp0.0_vd0.0_seed68_20260917_063620_292287.json,379,35,2608,34,34,True,0,False,,2.816878080368042,{},asymptotic,True,,26,results/bob_realchannel_run_tp0.1_fk0.0_rp0.0_vd0.0_seed68_20260917_063620_292287.json,results/alice_realchannel_run_seed68_20260917_063620_261889.json,exception: name 'PROJECT_DIR' is not defined,2026-09-17T06:36:23.554376,toeplitz,0.1,1,0.0158311345646438
0.1,0.0,0.0,0.0,69,results/bob_realchannel_run_tp0.1_fk0.0_rp0.0_vd0.0_seed69_20260917_063625_550687.json,379,35,2608,34,34,True,0,False,,0.9871315956115723,{},asymptotic,True,,27,results/bob_realchannel_run_tp0.1_fk0.0_rp0.0_vd0.0_seed69_20260917_063625_550687.json,results/alice_realchannel_run_seed69_20260917_063625_706972.json,exception: name 'PROJECT_DIR' is not defined,2026-09-17T06:36:27.267651,toeplitz,0.1,1,0.0158311345646438
0.1,0.0,0.0,0.0,70,results/bob_realchannel_run_tp0.1_fk0.0_rp0.0_vd0.0_seed70_20260917_063629_275888.json,379,35,2608,34,34,True,0,False,,0.9816372394561768,{},asymptotic,True,,28,results/bob_realchannel_run_tp0.1_fk0.0_rp0.0_vd0.0_seed70_20260917_063629_275888.json,results/alice_realchannel_run_seed70_20260917_063629_426775.json,exception: name 'PROJECT_DIR' is not defined,2026-09-17T06:36:31.007035,toeplitz,0.1,1,0.0158311345646438
0.1,0.0,0.0,0.0,71,results/bob_realchannel_run_tp0.1_fk0.0_rp0.0_vd0.0_seed71_20260917_063633_022190.json,379,35,2608,34,34,True,0,False,,1.3357782363891602,{},asymptotic,True,,29,results/bob_realchannel_run_tp0.1_fk0.0_rp0.0_vd0.0_seed71_20260917_063633_022190.json,results/alice_realchannel_run_seed71_20260917_063633_151244.json,exception: name 'PROJECT_DIR' is not defined,2026-09-17T06:36:35.115668,toeplitz,0.1,1,0.0158311345646438
0.3,0.0,0.0,0.0,52,results/bob_realchannel_run_tp0.3_fk0.0_rp0.0_vd0.0_seed52_20260917_063637_137391.json,379,35,2608,34,34,True,0,False,,0.9566977024078369,{'toeplitz_matrix': 1},asymptotic,True,,10,results/bob_realchannel_run_tp0.3_fk0.0_rp0.0_vd0.0_seed52_20260917_063637_137391.json,results/alice_realchannel_run_seed52_20260917_063637_260629.json,exception: name 'PROJECT_DIR' is not defined,2026-09-17T06:36:38.864472,toeplitz,0.3,1,0.0158311345646438
0.3,0.0,0.0,0.0,53,results/bob_realchannel_run_tp0.3_fk0.0_rp0.0_vd0.0_seed53_20260917_063640_886548.json,379,35,2608,34,34,True,0,False,,0.9842314720153809,{'toeplitz_matrix': 1},asymptotic,True,,11,results/bob_realchannel_run_tp0.3_fk0.0_rp0.0_vd0.0_seed53_20260917_063640_886548.json,results/alice_realchannel_run_seed53_20260917_063641_010674.json,exception: name 'PROJECT_DIR' is not defined,2026-09-17T06:36:42.630687,toeplitz,0.3,1,0.0158311345646438
0.3,0.0,0.0,0.0,54,results/bob_realchannel_run_tp0.3_fk0.0_rp0.0_vd0.0_seed54_20260917_063644_682503.json,379,35,2608,34,34,True,0,False,,1.2994270324707031,{},asymptotic,True,,12,results/bob_realchannel_run_tp0.3_fk0.0_rp0.0_vd0.0_seed54_20260917_063644_682503.json,results/alice_realchannel_run_seed54_20260917_063644_776646.json,exception: name 'PROJECT_DIR' is not defined,2026-09-17T06:36:46.739389,toeplitz,0.3,1,0.0158311345646438
0.3,0.0,0.0,0.0,55,results/bob_realchannel_run_tp0.3_fk0.0_rp0.0_vd0.0_seed55_20260917_063648_745659.json,379,35,2608,34,34,True,0,False,,0.9518272876739502,{},asymptotic,True,,13,results/bob_realchannel_run_tp0.3_fk0.0_rp0.0_vd0.0_seed55_20260917_063648_745659.json,results/alice_realchannel_run_seed55_20260917_063648_891492.json,exception: name 'PROJECT_DIR' is not defined,2026-09-17T06:36:50.455694,toeplitz,0.3,1,0.0158311345646438
0.3,0.0,0.0,0.0,56,results/bob_realchannel_run_tp0.3_fk0.0_rp0.0_vd0.0_seed56_20260917_063652_503184.json,379,35,2608,34,34,True,0,False,,2.6983330249786377,{},asymptotic,True,,14,results/bob_realchannel_run_tp0.3_fk0.0_rp0.0_vd0.0_seed56_20260917_063652_503184.json,results/alice_realchannel_run_seed56_20260917_063652_425360.json,exception: name 'PROJECT_DIR' is not defined,2026-09-17T06:36:55.673653,toeplitz,0.3,1,0.0158311345646438
0.3,0.0,0.0,0.0,57,results/bob_realchannel_run_tp0.3_fk0.0_rp0.0_vd0.0_seed57_20260917_063657_689239.json,379,35,2608,34,34,True,0,False,,0.9720275402069092,{},asymptotic,True,,15,results/bob_realchannel_run_tp0.3_fk0.0_rp0.0_vd0.0_seed57_20260917_063657_689239.json,results/alice_realchannel_run_seed57_20260917_063657_690211.json,exception: name 'PROJECT_DIR' is not defined,2026-09-17T06:36:59.208996,toeplitz,0.3,1,0.0158311345646438
0.3,0.0,0.0,0.0,58,results/bob_realchannel_run_tp0.3_fk0.0_rp0.0_vd0.0_seed58_20260917_063701_226844.json,379,35,2608,34,34,True,0,False,,3.1588754653930664,{},asymptotic,True,,16,results/bob_realchannel_run_tp0.3_fk0.0_rp0.0_vd0.0_seed58_20260917_063701_226844.json,results/alice_realchannel_run_seed58_20260917_063701_177357.json,exception: name 'PROJECT_DIR' is not defined,2026-09-17T06:37:04.855632,toeplitz,0.3,1,0.0158311345646438
0.3,0.0,0.0,0.0,59,results/bob_realchannel_run_tp0.3_fk0.0_rp0.0_vd0.0_seed59_20260917_063706_922268.json,379,35,2608,34,34,True,0,False,,3.1478922367095947,{},asymptotic,True,,17,results/bob_realchannel_run_tp0.3_fk0.0_rp0.0_vd0.0_seed59_20260917_063706_922268.json,results/alice_realchannel_run_seed59_20260917_063706_864577.json,exception: name 'PROJECT_DIR' is not defined,2026-09-17T06:37:10.618887,toeplitz,0.3,1,0.0158311345646438
0.3,0.0,0.0,0.0,60,results/bob_realchannel_run_tp0.3_fk0.0_rp0.0_vd0.0_seed60_20260917_063712_639444.json,379,35,2608,34,34,True,0,False,,0.8983457088470459,{'toeplitz_matrix': 1},asymptotic,False,,18,results/bob_realchannel_run_tp0.3_fk0.0_rp0.0_vd0.0_seed60_20260917_063712_639444.json,results/alice_realchannel_run_seed60_20260917_063712_705766.json,exception: name 'PROJECT_DIR' is not defined,2026-09-17T06:37:14.232338,toeplitz,0.3,1,0.0158311345646438
0.3,0.0,0.0,0.0,61,results/bob_realchannel_run_tp0.3_fk0.0_rp0.0_vd0.0_seed61_20260917_063716_369705.json,379,35,2608,34,34,True,0,False,,1.0121479034423828,{},asymptotic,True,,19,results/bob_realchannel_run_tp0.3_fk0.0_rp0.0_vd0.0_seed61_20260917_063716_369705.json,results/alice_realchannel_run_seed61_20260917_063716_377597.json,exception: name 'PROJECT_DIR' is not defined,2026-09-17T06:37:18.143184,toeplitz,0.3,1,0.0158311345646438
0.3,0.0,0.0,0.0,62,results/bob_realchannel_run_tp0.3_fk0.0_rp0.0_vd0.0_seed62_20260917_063720_173437.json,379,35,2608,34,34,True,0,False,,2.940295457839966,{},asymptotic,True,,20,results/bob_realchannel_run_tp0.3_fk0.0_rp0.0_vd0.0_seed62_20260917_063720_173437.json,results/alice_realchannel_run_seed62_20260917_063720_110926.json,exception: name 'PROJECT_DIR' is not defined,2026-09-17T06:37:23.585326,toeplitz,0.3,1,0.0158311345646438
0.3,0.0,0.0,0.0,63,results/bob_realchannel_run_tp0.3_fk0.0_rp0.0_vd0.0_seed63_20260917_063725_596583.json,379,35,2608,34,34,True,0,False,,0.837343692779541,{},asymptotic,True,,21,results/bob_realchannel_run_tp0.3_fk0.0_rp0.0_vd0.0_seed63_20260917_063725_596583.json,results/alice_realchannel_run_seed63_20260917_063725_600187.json,exception: name 'PROJECT_DIR' is not defined,2026-09-17T06:37:26.984400,toeplitz,0.3,1,0.0158311345646438
0.3,0.0,0.0,0.0,64,results/bob_realchannel_run_tp0.3_fk0.0_rp0.0_vd0.0_seed64_20260917_063729_034017.json,379,35,2608,34,34,True,0,False,,3.151237726211548,{},asymptotic,True,,22,results/bob_realchannel_run_tp0.3_fk0.0_rp0.0_vd0.0_seed64_20260917_063729_034017.json,results/alice_realchannel_run_seed64_20260917_063728_953101.json,exception: name 'PROJECT_DIR' is not defined,2026-09-17T06:37:32.656747,toeplitz,0.3,1,0.0158311345646438
0.3,0.0,0.0,0.0,65,results/bob_realchannel_run_tp0.3_fk0.0_rp0.0_vd0.0_seed65_20260917_063734_671520.json,379,35,2608,34,34,True,0,False,,1.317992925643921,{'toeplitz_matrix': 1},asymptotic,False,,23,results/bob_realchannel_run_tp0.3_fk0.0_rp0.0_vd0.0_seed65_20260917_063734_671520.json,results/alice_realchannel_run_seed65_20260917_063734_668449.json,exception: name 'PROJECT_DIR' is not defined,2026-09-17T06:37:36.523555,toeplitz,0.3,1,0.0158311345646438
0.3,0.0,0.0,0.0,66,results/bob_realchannel_run_tp0.3_fk0.0_rp0.0_vd0.0_seed66_20260917_063738_542819.json,379,35,2608,34,34,True,0,False,,2.778571844100952,{},asymptotic,True,,24,results/bob_realchannel_run_tp0.3_fk0.0_rp0.0_vd0.0_seed66_20260917_063738_542819.json,results/alice_realchannel_run_seed66_20260917_063738_493188.json,exception: name 'PROJECT_DIR' is not defined,2026-09-17T06:37:41.776212,toeplitz,0.3,1,0.0158311345646438
0.3,0.0,0.0,0.0,67,results/bob_realchannel_run_tp0.3_fk0.0_rp0.0_vd0.0_seed67_20260917_063743_781151.json,379,35,2608,34,34,True,0,False,,0.7601957321166992,{'toeplitz_matrix': 1},asymptotic,True,,25,results/bob_realchannel_run_tp0.3_fk0.0_rp0.0_vd0.0_seed67_20260917_063743_781151.json,results/alice_realchannel_run_seed67_20260917_063743_784352.json,exception: name 'PROJECT_DIR' is not defined,2026-09-17T06:37:45.071633,toeplitz,0.3,1,0.0158311345646438
0.3,0.0,0.0,0.0,68,results/bob_realchannel_run_tp0.3_fk0.0_rp0.0_vd0.0_seed68_20260917_063747_094853.json,379,35,2608,34,34,True,0,False,,0.9711794853210449,{},asymptotic,True,,26,results/bob_realchannel_run_tp0.3_fk0.0_rp0.0_vd0.0_seed68_20260917_063747_094853.json,results/alice_realchannel_run_seed68_20260917_063747_228936.json,exception: name 'PROJECT_DIR' is not defined,2026-09-17T06:37:48.801419,toeplitz,0.3,1,0.0158311345646438
0.3,0.0,0.0,0.0,69,results/bob_realchannel_run_tp0.3_fk0.0_rp0.0_vd0.0_seed69_20260917_063750_798938.json,379,35,2608,34,34,True,0,False,,2.8230676651000977,{'toeplitz_matrix': 1},asymptotic,False,,27,results/bob_realchannel_run_tp0.3_fk0.0_rp0.0_vd0.0_seed69_20260917_063750_798938.json,results/alice_realchannel_run_seed69_20260917_063750_770090.json,exception: name 'PROJECT_DIR' is not defined,2026-09-17T06:37:54.075104,toeplitz,0.3,1,0.0158311345646438
0.3,0.0,0.0,0.0,70,results/bob_realchannel_run_tp0.3_fk0.0_rp0.0_vd0.0_seed70_20260917_063756_094843.json,379,35,2608,34,34,True,0,False,,0.9071567058563232,{},asymptotic,True,,28,results/bob_realchannel_run_tp0.3_fk0.0_rp0.0_vd0.0_seed70_20260917_063756_094843.json,results/alice_realchannel_run_seed70_20260917_063756_168701.json,exception: name 'PROJECT_DIR' is not defined,2026-09-17T06:37:57.650737,toeplitz,0.3,1,0.0158311345646438
0.3,0.0,0.0,0.0,71,results/bob_realchannel_run_tp0.3_fk0.0_rp0.0_vd0.0_seed71_20260917_063759_668716.json,379,35,2608,34,34,True,0,False,,2.7846710681915283,{},asymptotic,True,,29,results/bob_realchannel_run_tp0.3_fk0.0_rp0.0_vd0.0_seed71_20260917_063759_668716.json,results/alice_realchannel_run_seed71_20260917_063759_618989.json,exception: name 'PROJECT_DIR' is not defined,2026-09-17T06:38:02.901152,toeplitz,0.3,1,0.0158311345646438
0.5,0.0,0.0,0.0,52,results/bob_realchannel_run_tp0.5_fk0.0_rp0.0_vd0.0_seed52_20260917_063804_899725.json,379,35,2608,34,34,True,0,False,,0.9458200931549072,{'toeplitz_matrix': 1},asymptotic,True,,10,results/bob_realchannel_run_tp0.5_fk0.0_rp0.0_vd0.0_seed52_20260917_063804_899725.json,results/alice_realchannel_run_seed52_20260917_063805_007450.json,exception: name 'PROJECT_DIR' is not defined,2026-09-17T06:38:06.473415,toeplitz,0.5,1,0.0158311345646438
0.5,0.0,0.0,0.0,53,results/bob_realchannel_run_tp0.5_fk0.0_rp0.0_vd0.0_seed53_20260917_063808_492522.json,379,35,2608,34,34,True,0,False,,0.9811744689941406,{'toeplitz_matrix': 1},asymptotic,True,,11,results/bob_realchannel_run_tp0.5_fk0.0_rp0.0_vd0.0_seed53_20260917_063808_492522.json,results/alice_realchannel_run_seed53_20260917_063808_562392.json,exception: name 'PROJECT_DIR' is not defined,2026-09-17T06:38:10.078440,toeplitz,0.5,1,0.0158311345646438
0.5,0.0,0.0,0.0,54,results/bob_realchannel_run_tp0.5_fk0.0_rp0.0_vd0.0_seed54_20260917_063812_084789.json,379,35,2608,34,34,True,0,False,,3.184602737426758,{},asymptotic,True,,12,results/bob_realchannel_run_tp0.5_fk0.0_rp0.0_vd0.0_seed54_20260917_063812_084789.json,results/alice_realchannel_run_seed54_20260917_063812_048741.json,exception: name 'PROJECT_DIR' is not defined,2026-09-17T06:38:15.717227,toeplitz,0.5,1,0.0158311345646438
0.5,0.0,0.0,0.0,55,results/bob_realchannel_run_tp0.5_fk0.0_rp0.0_vd0.0_seed55_20260917_063817_742645.json,379,35,2608,34,34,True,0,False,,0.9076592922210693,{},asymptotic,True,,13,results/bob_realchannel_run_tp0.5_fk0.0_rp0.0_vd0.0_seed55_20260917_063817_742645.json,results/alice_realchannel_run_seed55_20260917_063817_839879.json,exception: name 'PROJECT_DIR' is not defined,2026-09-17T06:38:19.293235,toeplitz,0.5,1,0.0158311345646438
0.5,0.0,0.0,0.0,56,results/bob_realchannel_run_tp0.5_fk0.0_rp0.0_vd0.0_seed56_20260917_063821_288323.json,379,35,2608,34,34,True,0,False,,2.7493836879730225,{},asymptotic,True,,14,results/bob_realchannel_run_tp0.5_fk0.0_rp0.0_vd0.0_seed56_20260917_063821_288323.json,results/alice_realchannel_run_seed56_20260917_063821_266911.json,exception: name 'PROJECT_DIR' is not defined,2026-09-17T06:38:24.489909,toeplitz,0.5,1,0.0158311345646438
0.5,0.0,0.0,0.0,57,results/bob_realchannel_run_tp0.5_fk0.0_rp0.0_vd0.0_seed57_20260917_063826_515806.json,379,35,2608,34,34,True,0,False,,0.9226493835449219,{'toeplitz_matrix': 1},asymptotic,False,,15,results/bob_realchannel_run_tp0.5_fk0.0_rp0.0_vd0.0_seed57_20260917_063826_515806.json,results/alice_realchannel_run_seed57_20260917_063826_602377.json,exception: name 'PROJECT_DIR' is not defined,2026-09-17T06:38:28.039349,toeplitz,0.5,1,0.0158311345646438
0.5,0.0,0.0,0.0,58,results/bob_realchannel_run_tp0.5_fk0.0_rp0.0_vd0.0_seed58_20260917_063830_066591.json,379,35,2608,34,34,True,0,False,,0.9155890941619873,{'toeplitz_matrix': 1},asymptotic,False,,16,results/bob_realchannel_run_tp0.5_fk0.0_rp0.0_vd0.0_seed58_20260917_063830_066591.json,results/alice_realchannel_run_seed58_20260917_063830_171636.json,exception: name 'PROJECT_DIR' is not defined,2026-09-17T06:38:31.618105,toeplitz,0.5,1,0.0158311345646438
0.5,0.0,0.0,0.0,59,results/bob_realchannel_run_tp0.5_fk0.0_rp0.0_vd0.0_seed59_20260917_063833_618887.json,379,35,2608,34,34,True,0,False,,0.92734694480896,{},asymptotic,True,,17,results/bob_realchannel_run_tp0.5_fk0.0_rp0.0_vd0.0_seed59_20260917_063833_618887.json,results/alice_realchannel_run_seed59_20260917_063833_737478.json,exception: name 'PROJECT_DIR' is not defined,2026-09-17T06:38:35.196222,toeplitz,0.5,1,0.0158311345646438
0.5,0.0,0.0,0.0,60,results/bob_realchannel_run_tp0.5_fk0.0_rp0.0_vd0.0_seed60_20260917_063837_212426.json,379,35,2608,34,34,True,0,False,,0.96909499168396,{'toeplitz_matrix': 1},asymptotic,False,,18,results/bob_realchannel_run_tp0.5_fk0.0_rp0.0_vd0.0_seed60_20260917_063837_212426.json,results/alice_realchannel_run_seed60_20260917_063837_345414.json,exception: name 'PROJECT_DIR' is not defined,2026-09-17T06:38:38.916200,toeplitz,0.5,1,0.0158311345646438
0.5,0.0,0.0,0.0,61,results/bob_realchannel_run_tp0.5_fk0.0_rp0.0_vd0.0_seed61_20260917_063840_924292.json,379,35,2608,34,34,True,0,False,,1.1338396072387695,{},asymptotic,True,,19,results/bob_realchannel_run_tp0.5_fk0.0_rp0.0_vd0.0_seed61_20260917_063840_924292.json,results/alice_realchannel_run_seed61_20260917_063841_055098.json,exception: name 'PROJECT_DIR' is not defined,2026-09-17T06:38:42.686300,toeplitz,0.5,1,0.0158311345646438
0.5,0.0,0.0,0.0,62,results/bob_realchannel_run_tp0.5_fk0.0_rp0.0_vd0.0_seed62_20260917_063844_693002.json,379,35,2608,34,34,True,0,False,,2.9729607105255127,{},asymptotic,True,,20,results/bob_realchannel_run_tp0.5_fk0.0_rp0.0_vd0.0_seed62_20260917_063844_693002.json,results/alice_realchannel_run_seed62_20260917_063844_657314.json,exception: name 'PROJECT_DIR' is not defined,2026-09-17T06:38:48.233584,toeplitz,0.5,1,0.0158311345646438
0.5,0.0,0.0,0.0,63,results/bob_realchannel_run_tp0.5_fk0.0_rp0.0_vd0.0_seed63_20260917_063850_255570.json,379,35,2608,34,34,True,0,False,,0.9703285694122314,{},asymptotic,True,,21,results/bob_realchannel_run_tp0.5_fk0.0_rp0.0_vd0.0_seed63_20260917_063850_255570.json,results/alice_realchannel_run_seed63_20260917_063850_369557.json,exception: name 'PROJECT_DIR' is not defined,2026-09-17T06:38:51.971824,toeplitz,0.5,1,0.0158311345646438
0.5,0.0,0.0,0.0,64,results/bob_realchannel_run_tp0.5_fk0.0_rp0.0_vd0.0_seed64_20260917_063853_967963.json,379,35,2608,34,34,True,0,False,,0.9942576885223389,{'toeplitz_matrix': 1},asymptotic,False,,22,results/bob_realchannel_run_tp0.5_fk0.0_rp0.0_vd0.0_seed64_20260917_063853_967963.json,results/alice_realchannel_run_seed64_20260917_063854_127008.json,exception: name 'PROJECT_DIR' is not defined,2026-09-17T06:38:55.721276,toeplitz,0.5,1,0.0158311345646438
0.5,0.0,0.0,0.0,65,results/bob_realchannel_run_tp0.5_fk0.0_rp0.0_vd0.0_seed65_20260917_063857_722655.json,379,35,2608,34,34,True,0,False,,1.415351152420044,{'toeplitz_matrix': 1},asymptotic,False,,23,results/bob_realchannel_run_tp0.5_fk0.0_rp0.0_vd0.0_seed65_20260917_063857_722655.json,results/alice_realchannel_run_seed65_20260917_063857_815544.json,exception: name 'PROJECT_DIR' is not defined,2026-09-17T06:38:59.821256,toeplitz,0.5,1,0.0158311345646438
0.5,0.0,0.0,0.0,66,results/bob_realchannel_run_tp0.5_fk0.0_rp0.0_vd0.0_seed66_20260917_063901_847765.json,379,35,2608,34,34,True,0,False,,1.1979093551635742,{},asymptotic,True,,24,results/bob_realchannel_run_tp0.5_fk0.0_rp0.0_vd0.0_seed66_20260917_063901_847765.json,results/alice_realchannel_run_seed66_20260917_063901_857777.json,exception: name 'PROJECT_DIR' is not defined,2026-09-17T06:39:03.497428,toeplitz,0.5,1,0.0158311345646438
0.5,0.0,0.0,0.0,67,results/bob_realchannel_run_tp0.5_fk0.0_rp0.0_vd0.0_seed67_20260917_063905_490665.json,379,35,2608,34,34,True,0,False,,0.923363447189331,{'toeplitz_matrix': 1},asymptotic,True,,25,results/bob_realchannel_run_tp0.5_fk0.0_rp0.0_vd0.0_seed67_20260917_063905_490665.json,results/alice_realchannel_run_seed67_20260917_063905_655042.json,exception: name 'PROJECT_DIR' is not defined,2026-09-17T06:39:07.164821,toeplitz,0.5,1,0.0158311345646438
0.5,0.0,0.0,0.0,68,results/bob_realchannel_run_tp0.5_fk0.0_rp0.0_vd0.0_seed68_20260917_063909_191410.json,379,35,2608,34,34,True,0,False,,2.7903449535369873,{'toeplitz_matrix': 1},asymptotic,True,,26,results/bob_realchannel_run_tp0.5_fk0.0_rp0.0_vd0.0_seed68_20260917_063909_191410.json,results/alice_realchannel_run_seed68_20260917_063909_129893.json,exception: name 'PROJECT_DIR' is not defined,2026-09-17T06:39:12.433760,toeplitz,0.5,1,0.0158311345646438
0.5,0.0,0.0,0.0,69,results/bob_realchannel_run_tp0.5_fk0.0_rp0.0_vd0.0_seed69_20260917_063914_429599.json,379,35,2608,34,34,True,0,False,,2.815950870513916,{'toeplitz_matrix': 1},asymptotic,False,,27,results/bob_realchannel_run_tp0.5_fk0.0_rp0.0_vd0.0_seed69_20260917_063914_429599.json,results/alice_realchannel_run_seed69_20260917_063914_400104.json,exception: name 'PROJECT_DIR' is not defined,2026-09-17T06:39:17.696146,toeplitz,0.5,1,0.0158311345646438
0.5,0.0,0.0,0.0,70,results/bob_realchannel_run_tp0.5_fk0.0_rp0.0_vd0.0_seed70_20260917_063919_709025.json,379,35,2608,34,34,True,0,False,,3.192563056945801,{},asymptotic,True,,28,results/bob_realchannel_run_tp0.5_fk0.0_rp0.0_vd0.0_seed70_20260917_063919_709025.json,results/alice_realchannel_run_seed70_20260917_063919_657743.json,exception: name 'PROJECT_DIR' is not defined,2026-09-17T06:39:23.350401,toeplitz,0.5,1,0.0158311345646438
0.5,0.0,0.0,0.0,71,results/bob_realchannel_run_tp0.5_fk0.0_rp0.0_vd0.0_seed71_20260917_063925_356534.json,379,35,2608,34,34,True,0,False,,1.3814020156860352,{},asymptotic,True,,29,results/bob_realchannel_run_tp0.5_fk0.0_rp0.0_vd0.0_seed71_20260917_063925_356534.json,results/alice_realchannel_run_seed71_20260917_063925_533675.json,exception: name 'PROJECT_DIR' is not defined,2026-09-17T06:39:27.482344,toeplitz,0.5,1,0.0158311345646438
0.001,0.0,0.0,0.0,52,results/bob_realchannel_run_tp0.001_fk0.0_rp0.0_vd0.0_seed52_20260917_065212_724475.json,374,37,3180,34,34,True,0,False,,5.438297986984253,{},asymptotic,True,,10,results/bob_realchannel_run_tp0.001_fk0.0_rp0.0_vd0.0_seed52_20260917_065212_724475.json,results/alice_realchannel_run_seed52_20260917_065212_619079.json,exception: name 'PROJECT_DIR' is not defined,2026-09-17T06:52:18.637137,toeplitz,0.001,2,0.0026737967914438
0.001,0.0,0.0,0.0,53,results/bob_realchannel_run_tp0.001_fk0.0_rp0.0_vd0.0_seed53_20260917_065220_657647.json,374,25,3180,34,34,False,12,False,,2.241281270980835,{},asymptotic,False,,11,results/bob_realchannel_run_tp0.001_fk0.0_rp0.0_vd0.0_seed53_20260917_065220_657647.json,results/alice_realchannel_run_seed53_20260917_065220_654836.json,exception: name 'PROJECT_DIR' is not defined,2026-09-17T06:52:23.372960,toeplitz,0.001,2,0.0026737967914438
0.001,0.0,0.0,0.0,54,results/bob_realchannel_run_tp0.001_fk0.0_rp0.0_vd0.0_seed54_20260917_065225_389469.json,374,37,3180,34,34,True,0,False,,5.160351514816284,{},asymptotic,True,,12,results/bob_realchannel_run_tp0.001_fk0.0_rp0.0_vd0.0_seed54_20260917_065225_389469.json,results/alice_realchannel_run_seed54_20260917_065225_378085.json,exception: name 'PROJECT_DIR' is not defined,2026-09-17T06:52:31.014173,toeplitz,0.001,2,0.0026737967914438
0.001,0.0,0.0,0.0,55,results/bob_realchannel_run_tp0.001_fk0.0_rp0.0_vd0.0_seed55_20260917_065233_048337.json,374,37,3180,34,34,True,0,False,,5.346698999404907,{},asymptotic,True,,13,results/bob_realchannel_run_tp0.001_fk0.0_rp0.0_vd0.0_seed55_20260917_065233_048337.json,results/alice_realchannel_run_seed55_20260917_065233_016814.json,exception: name 'PROJECT_DIR' is not defined,2026-09-17T06:52:38.861453,toeplitz,0.001,2,0.0026737967914438
0.001,0.0,0.0,0.0,56,results/bob_realchannel_run_tp0.001_fk0.0_rp0.0_vd0.0_seed56_20260917_065240_874442.json,374,37,3180,34,34,True,0,False,,6.412210464477539,{},asymptotic,True,,14,results/bob_realchannel_run_tp0.001_fk0.0_rp0.0_vd0.0_seed56_20260917_065240_874442.json,results/alice_realchannel_run_seed56_20260917_065240_863745.json,exception: name 'PROJECT_DIR' is not defined,2026-09-17T06:52:47.752057,toeplitz,0.001,2,0.0026737967914438
0.001,0.0,0.0,0.0,57,results/bob_realchannel_run_tp0.001_fk0.0_rp0.0_vd0.0_seed57_20260917_065249_798033.json,374,37,3180,34,34,True,0,False,,4.429352760314941,{},asymptotic,True,,15,results/bob_realchannel_run_tp0.001_fk0.0_rp0.0_vd0.0_seed57_20260917_065249_798033.json,results/alice_realchannel_run_seed57_20260917_065249_755526.json,exception: name 'PROJECT_DIR' is not defined,2026-09-17T06:52:54.694070,toeplitz,0.001,2,0.0026737967914438
0.001,0.0,0.0,0.0,58,results/bob_realchannel_run_tp0.001_fk0.0_rp0.0_vd0.0_seed58_20260917_065256_714813.json,374,37,3180,34,34,True,0,False,,5.527945518493652,{},asymptotic,True,,16,results/bob_realchannel_run_tp0.001_fk0.0_rp0.0_vd0.0_seed58_20260917_065256_714813.json,results/alice_realchannel_run_seed58_20260917_065256_703495.json,exception: name 'PROJECT_DIR' is not defined,2026-09-17T06:53:02.708164,toeplitz,0.001,2,0.0026737967914438
0.001,0.0,0.0,0.0,59,results/bob_realchannel_run_tp0.001_fk0.0_rp0.0_vd0.0_seed59_20260917_065304_784163.json,374,37,3180,34,34,True,0,False,,5.158741235733032,{},asymptotic,True,,17,results/bob_realchannel_run_tp0.001_fk0.0_rp0.0_vd0.0_seed59_20260917_065304_784163.json,results/alice_realchannel_run_seed59_20260917_065304_669425.json,exception: name 'PROJECT_DIR' is not defined,2026-09-17T06:53:10.409900,toeplitz,0.001,2,0.0026737967914438
0.001,0.0,0.0,0.0,60,results/bob_realchannel_run_tp0.001_fk0.0_rp0.0_vd0.0_seed60_20260917_065312_449678.json,374,37,3180,34,34,True,0,False,,5.7562408447265625,{},asymptotic,True,,18,results/bob_realchannel_run_tp0.001_fk0.0_rp0.0_vd0.0_seed60_20260917_065312_449678.json,results/alice_realchannel_run_seed60_20260917_065312_420964.json,exception: name 'PROJECT_DIR' is not defined,2026-09-17T06:53:18.675685,toeplitz,0.001,2,0.0026737967914438
0.001,0.0,0.0,0.0,61,results/bob_realchannel_run_tp0.001_fk0.0_rp0.0_vd0.0_seed61_20260917_065320_701049.json,374,37,3180,34,34,True,0,False,,5.605910062789917,{},asymptotic,True,,19,results/bob_realchannel_run_tp0.001_fk0.0_rp0.0_vd0.0_seed61_20260917_065320_701049.json,results/alice_realchannel_run_seed61_20260917_065320_638948.json,exception: name 'PROJECT_DIR' is not defined,2026-09-17T06:53:27.017346,toeplitz,0.001,2,0.0026737967914438
0.001,0.0,0.0,0.0,62,results/bob_realchannel_run_tp0.001_fk0.0_rp0.0_vd0.0_seed62_20260917_065329_054584.json,374,37,3180,34,34,True,0,False,,3.5460469722747803,{},asymptotic,True,,20,results/bob_realchannel_run_tp0.001_fk0.0_rp0.0_vd0.0_seed62_20260917_065329_054584.json,results/alice_realchannel_run_seed62_20260917_065329_143510.json,exception: name 'PROJECT_DIR' is not defined,2026-09-17T06:53:33.339498,toeplitz,0.001,2,0.0026737967914438
0.001,0.0,0.0,0.0,63,results/bob_realchannel_run_tp0.001_fk0.0_rp0.0_vd0.0_seed63_20260917_065335_352966.json,374,33,3180,34,34,False,4,False,,5.5462024211883545,{},asymptotic,False,,21,results/bob_realchannel_run_tp0.001_fk0.0_rp0.0_vd0.0_seed63_20260917_065335_352966.json,results/alice_realchannel_run_seed63_20260917_065335_309061.json,exception: name 'PROJECT_DIR' is not defined,2026-09-17T06:53:41.364797,toeplitz,0.001,2,0.0026737967914438
0.001,0.0,0.0,0.0,64,results/bob_realchannel_run_tp0.001_fk0.0_rp0.0_vd0.0_seed64_20260917_065343_375103.json,374,21,3180,34,34,False,16,False,,2.932337522506714,{},asymptotic,False,,22,results/bob_realchannel_run_tp0.001_fk0.0_rp0.0_vd0.0_seed64_20260917_065343_375103.json,results/alice_realchannel_run_seed64_20260917_065343_500875.json,exception: name 'PROJECT_DIR' is not defined,2026-09-17T06:53:47.075803,toeplitz,0.001,2,0.0026737967914438
0.001,0.0,0.0,0.0,65,results/bob_realchannel_run_tp0.001_fk0.0_rp0.0_vd0.0_seed65_20260917_065349_096697.json,374,37,3180,34,34,True,0,False,,4.94281792640686,{},asymptotic,True,,23,results/bob_realchannel_run_tp0.001_fk0.0_rp0.0_vd0.0_seed65_20260917_065349_096697.json,results/alice_realchannel_run_seed65_20260917_065349_086528.json,exception: name 'PROJECT_DIR' is not defined,2026-09-17T06:53:54.505769,toeplitz,0.001,2,0.0026737967914438
0.001,0.0,0.0,0.0,66,results/bob_realchannel_run_tp0.001_fk0.0_rp0.0_vd0.0_seed66_20260917_065356_689349.json,374,37,3180,34,34,True,0,False,,5.437535047531128,{},asymptotic,True,,24,results/bob_realchannel_run_tp0.001_fk0.0_rp0.0_vd0.0_seed66_20260917_065356_689349.json,results/alice_realchannel_run_seed66_20260917_065356_469959.json,exception: name 'PROJECT_DIR' is not defined,2026-09-17T06:54:02.655914,toeplitz,0.001,2,0.0026737967914438
0.001,0.0,0.0,0.0,67,results/bob_realchannel_run_tp0.001_fk0.0_rp0.0_vd0.0_seed67_20260917_065404_720588.json,374,37,3180,34,34,True,0,False,,5.867024183273315,{},asymptotic,True,,25,results/bob_realchannel_run_tp0.001_fk0.0_rp0.0_vd0.0_seed67_20260917_065404_720588.json,results/alice_realchannel_run_seed67_20260917_065404_668646.json,exception: name 'PROJECT_DIR' is not defined,2026-09-17T06:54:11.113738,toeplitz,0.001,2,0.0026737967914438
0.001,0.0,0.0,0.0,68,results/bob_realchannel_run_tp0.001_fk0.0_rp0.0_vd0.0_seed68_20260917_065413_161606.json,374,37,3180,34,34,True,0,False,,5.629432678222656,{},asymptotic,True,,26,results/bob_realchannel_run_tp0.001_fk0.0_rp0.0_vd0.0_seed68_20260917_065413_161606.json,results/alice_realchannel_run_seed68_20260917_065413_119315.json,exception: name 'PROJECT_DIR' is not defined,2026-09-17T06:54:19.259017,toeplitz,0.001,2,0.0026737967914438
0.001,0.0,0.0,0.0,69,results/bob_realchannel_run_tp0.001_fk0.0_rp0.0_vd0.0_seed69_20260917_065421_307905.json,374,37,3180,34,34,True,0,False,,5.6631269454956055,{},asymptotic,True,,27,results/bob_realchannel_run_tp0.001_fk0.0_rp0.0_vd0.0_seed69_20260917_065421_307905.json,results/alice_realchannel_run_seed69_20260917_065421_264317.json,exception: name 'PROJECT_DIR' is not defined,2026-09-17T06:54:27.438343,toeplitz,0.001,2,0.0026737967914438
0.001,0.0,0.0,0.0,70,results/bob_realchannel_run_tp0.001_fk0.0_rp0.0_vd0.0_seed70_20260917_065429_481770.json,374,37,3180,34,34,True,0,False,,5.2972283363342285,{},asymptotic,True,,28,results/bob_realchannel_run_tp0.001_fk0.0_rp0.0_vd0.0_seed70_20260917_065429_481770.json,results/alice_realchannel_run_seed70_20260917_065429_447913.json,exception: name 'PROJECT_DIR' is not defined,2026-09-17T06:54:35.247194,toeplitz,0.001,2,0.0026737967914438
0.001,0.0,0.0,0.0,71,results/bob_realchannel_run_tp0.001_fk0.0_rp0.0_vd0.0_seed71_20260917_065437_275324.json,374,21,3180,34,34,False,16,False,,4.983827829360962,{},asymptotic,False,,29,results/bob_realchannel_run_tp0.001_fk0.0_rp0.0_vd0.0_seed71_20260917_065437_275324.json,results/alice_realchannel_run_seed71_20260917_065437_256021.json,exception: name 'PROJECT_DIR' is not defined,2026-09-17T06:54:42.726441,toeplitz,0.001,2,0.0026737967914438
0.003,0.0,0.0,0.0,52,results/bob_realchannel_run_tp0.003_fk0.0_rp0.0_vd0.0_seed52_20260917_065444_755105.json,374,37,3180,34,34,True,0,False,,5.524525165557861,{},asymptotic,True,,10,results/bob_realchannel_run_tp0.003_fk0.0_rp0.0_vd0.0_seed52_20260917_065444_755105.json,results/alice_realchannel_run_seed52_20260917_065444_735469.json,exception: name 'PROJECT_DIR' is not defined,2026-09-17T06:54:50.751756,toeplitz,0.003,2,0.0026737967914438
0.003,0.0,0.0,0.0,53,results/bob_realchannel_run_tp0.003_fk0.0_rp0.0_vd0.0_seed53_20260917_065452_778178.json,374,25,3180,34,34,False,12,False,,4.964526414871216,{},asymptotic,False,,11,results/bob_realchannel_run_tp0.003_fk0.0_rp0.0_vd0.0_seed53_20260917_065452_778178.json,results/alice_realchannel_run_seed53_20260917_065452_762954.json,exception: name 'PROJECT_DIR' is not defined,2026-09-17T06:54:58.211680,toeplitz,0.003,2,0.0026737967914438
0.003,0.0,0.0,0.0,54,results/bob_realchannel_run_tp0.003_fk0.0_rp0.0_vd0.0_seed54_20260917_065500_241582.json,374,37,3180,34,34,True,0,False,,5.8181610107421875,{},asymptotic,True,,12,results/bob_realchannel_run_tp0.003_fk0.0_rp0.0_vd0.0_seed54_20260917_065500_241582.json,results/alice_realchannel_run_seed54_20260917_065500_215734.json,exception: name 'PROJECT_DIR' is not defined,2026-09-17T06:55:06.652991,toeplitz,0.003,2,0.0026737967914438
0.003,0.0,0.0,0.0,55,results/bob_realchannel_run_tp0.003_fk0.0_rp0.0_vd0.0_seed55_20260917_065508_737805.json,374,37,3180,34,34,True,0,False,,5.325245141983032,{},asymptotic,True,,13,results/bob_realchannel_run_tp0.003_fk0.0_rp0.0_vd0.0_seed55_20260917_065508_737805.json,results/alice_realchannel_run_seed55_20260917_065508_660763.json,exception: name 'PROJECT_DIR' is not defined,2026-09-17T06:55:14.528551,toeplitz,0.003,2,0.0026737967914438
0.003,0.0,0.0,0.0,56,results/bob_realchannel_run_tp0.003_fk0.0_rp0.0_vd0.0_seed56_20260917_065516_554186.json,374,37,3180,34,34,True,0,False,,6.424579620361328,{},asymptotic,True,,14,results/bob_realchannel_run_tp0.003_fk0.0_rp0.0_vd0.0_seed56_20260917_065516_554186.json,results/alice_realchannel_run_seed56_20260917_065516_537602.json,exception: name 'PROJECT_DIR' is not defined,2026-09-17T06:55:23.448801,toeplitz,0.003,2,0.0026737967914438
0.003,0.0,0.0,0.0,57,results/bob_realchannel_run_tp0.003_fk0.0_rp0.0_vd0.0_seed57_20260917_065525_487118.json,374,37,3180,34,34,True,0,False,,5.563714265823364,{},asymptotic,True,,15,results/bob_realchannel_run_tp0.003_fk0.0_rp0.0_vd0.0_seed57_20260917_065525_487118.json,results/alice_realchannel_run_seed57_20260917_065525_414625.json,exception: name 'PROJECT_DIR' is not defined,2026-09-17T06:55:31.517490,toeplitz,0.003,2,0.0026737967914438
0.003,0.0,0.0,0.0,58,results/bob_realchannel_run_tp0.003_fk0.0_rp0.0_vd0.0_seed58_20260917_065533_546295.json,374,37,3180,34,34,True,0,False,,5.48070502281189,{},asymptotic,True,,16,results/bob_realchannel_run_tp0.003_fk0.0_rp0.0_vd0.0_seed58_20260917_065533_546295.json,results/alice_realchannel_run_seed58_20260917_065533_489025.json,exception: name 'PROJECT_DIR' is not defined,2026-09-17T06:55:39.494708,toeplitz,0.003,2,0.0026737967914438
0.003,0.0,0.0,0.0,59,results/bob_realchannel_run_tp0.003_fk0.0_rp0.0_vd0.0_seed59_20260917_065541_524279.json,374,37,3180,34,34,True,0,False,,5.211180925369263,{},asymptotic,True,,17,results/bob_realchannel_run_tp0.003_fk0.0_rp0.0_vd0.0_seed59_20260917_065541_524279.json,results/alice_realchannel_run_seed59_20260917_065541_461364.json,exception: name 'PROJECT_DIR' is not defined,2026-09-17T06:55:47.201414,toeplitz,0.003,2,0.0026737967914438
0.003,0.0,0.0,0.0,60,results/bob_realchannel_run_tp0.003_fk0.0_rp0.0_vd0.0_seed60_20260917_065549_240272.json,374,37,3180,34,34,True,0,False,,5.7145161628723145,{},asymptotic,True,,18,results/bob_realchannel_run_tp0.003_fk0.0_rp0.0_vd0.0_seed60_20260917_065549_240272.json,results/alice_realchannel_run_seed60_20260917_065549_168495.json,exception: name 'PROJECT_DIR' is not defined,2026-09-17T06:55:55.419022,toeplitz,0.003,2,0.0026737967914438
0.003,0.0,0.0,0.0,61,results/bob_realchannel_run_tp0.003_fk0.0_rp0.0_vd0.0_seed61_20260917_065557_436886.json,374,37,3180,34,34,True,0,False,,3.790701389312744,{},asymptotic,True,,19,results/bob_realchannel_run_tp0.003_fk0.0_rp0.0_vd0.0_seed61_20260917_065557_436886.json,results/alice_realchannel_run_seed61_20260917_065557_578769.json,exception: name 'PROJECT_DIR' is not defined,2026-09-17T06:56:01.984459,toeplitz,0.003,2,0.0026737967914438
0.003,0.0,0.0,0.0,62,results/bob_realchannel_run_tp0.003_fk0.0_rp0.0_vd0.0_seed62_20260917_065603_998091.json,374,37,3180,34,34,True,0,False,,5.425562620162964,{},asymptotic,True,,20,results/bob_realchannel_run_tp0.003_fk0.0_rp0.0_vd0.0_seed62_20260917_065603_998091.json,results/alice_realchannel_run_seed62_20260917_065603_952136.json,exception: name 'PROJECT_DIR' is not defined,2026-09-17T06:56:09.887069,toeplitz,0.003,2,0.0026737967914438
0.003,0.0,0.0,0.0,63,results/bob_realchannel_run_tp0.003_fk0.0_rp0.0_vd0.0_seed63_20260917_065611_891150.json,374,33,3180,34,34,False,4,False,,4.155706405639648,{},asymptotic,False,,21,results/bob_realchannel_run_tp0.003_fk0.0_rp0.0_vd0.0_seed63_20260917_065611_891150.json,results/alice_realchannel_run_seed63_20260917_065611_856564.json,exception: name 'PROJECT_DIR' is not defined,2026-09-17T06:56:16.500118,toeplitz,0.003,2,0.0026737967914438
0.003,0.0,0.0,0.0,64,results/bob_realchannel_run_tp0.003_fk0.0_rp0.0_vd0.0_seed64_20260917_065618_510147.json,374,21,3180,34,34,False,16,False,,2.9532761573791504,{},asymptotic,False,,22,results/bob_realchannel_run_tp0.003_fk0.0_rp0.0_vd0.0_seed64_20260917_065618_510147.json,results/alice_realchannel_run_seed64_20260917_065618_644591.json,exception: name 'PROJECT_DIR' is not defined,2026-09-17T06:56:22.212970,toeplitz,0.003,2,0.0026737967914438
0.003,0.0,0.0,0.0,65,results/bob_realchannel_run_tp0.003_fk0.0_rp0.0_vd0.0_seed65_20260917_065624_249156.json,374,37,3180,34,34,True,0,False,,3.7108025550842285,{},asymptotic,True,,23,results/bob_realchannel_run_tp0.003_fk0.0_rp0.0_vd0.0_seed65_20260917_065624_249156.json,results/alice_realchannel_run_seed65_20260917_065624_176974.json,exception: name 'PROJECT_DIR' is not defined,2026-09-17T06:56:28.419699,toeplitz,0.003,2,0.0026737967914438
0.003,0.0,0.0,0.0,66,results/bob_realchannel_run_tp0.003_fk0.0_rp0.0_vd0.0_seed66_20260917_065630_429682.json,374,37,3180,34,34,True,0,False,,3.757969379425049,{},asymptotic,True,,24,results/bob_realchannel_run_tp0.003_fk0.0_rp0.0_vd0.0_seed66_20260917_065630_429682.json,results/alice_realchannel_run_seed66_20260917_065630_557695.json,exception: name 'PROJECT_DIR' is not defined,2026-09-17T06:56:34.884253,toeplitz,0.003,2,0.0026737967914438
0.003,0.0,0.0,0.0,67,results/bob_realchannel_run_tp0.003_fk0.0_rp0.0_vd0.0_seed67_20260917_065636_887655.json,374,37,3180,34,34,True,0,False,,5.895429372787476,{},asymptotic,True,,25,results/bob_realchannel_run_tp0.003_fk0.0_rp0.0_vd0.0_seed67_20260917_065636_887655.json,results/alice_realchannel_run_seed67_20260917_065636_848321.json,exception: name 'PROJECT_DIR' is not defined,2026-09-17T06:56:43.238541,toeplitz,0.003,2,0.0026737967914438
0.003,0.0,0.0,0.0,68,results/bob_realchannel_run_tp0.003_fk0.0_rp0.0_vd0.0_seed68_20260917_065645_249488.json,374,37,3180,34,34,True,0,False,,3.79435396194458,{},asymptotic,True,,26,results/bob_realchannel_run_tp0.003_fk0.0_rp0.0_vd0.0_seed68_20260917_065645_249488.json,results/alice_realchannel_run_seed68_20260917_065645_387030.json,exception: name 'PROJECT_DIR' is not defined,2026-09-17T06:56:49.792300,toeplitz,0.003,2,0.0026737967914438
0.003,0.0,0.0,0.0,69,results/bob_realchannel_run_tp0.003_fk0.0_rp0.0_vd0.0_seed69_20260917_065651_806880.json,374,37,3180,34,34,True,0,False,,5.660328149795532,{},asymptotic,True,,27,results/bob_realchannel_run_tp0.003_fk0.0_rp0.0_vd0.0_seed69_20260917_065651_806880.json,results/alice_realchannel_run_seed69_20260917_065651_762972.json,exception: name 'PROJECT_DIR' is not defined,2026-09-17T06:56:57.921572,toeplitz,0.003,2,0.0026737967914438
0.003,0.0,0.0,0.0,70,results/bob_realchannel_run_tp0.003_fk0.0_rp0.0_vd0.0_seed70_20260917_065659_936229.json,374,37,3180,34,34,True,0,False,,3.4073166847229004,{},asymptotic,True,,28,results/bob_realchannel_run_tp0.003_fk0.0_rp0.0_vd0.0_seed70_20260917_065659_936229.json,results/alice_realchannel_run_seed70_20260917_065700_015524.json,exception: name 'PROJECT_DIR' is not defined,2026-09-17T06:57:04.111864,toeplitz,0.003,2,0.0026737967914438
0.003,0.0,0.0,0.0,71,results/bob_realchannel_run_tp0.003_fk0.0_rp0.0_vd0.0_seed71_20260917_065706_116910.json,374,21,3180,34,34,False,16,False,,4.966828107833862,{},asymptotic,False,,29,results/bob_realchannel_run_tp0.003_fk0.0_rp0.0_vd0.0_seed71_20260917_065706_116910.json,results/alice_realchannel_run_seed71_20260917_065706_081489.json,exception: name 'PROJECT_DIR' is not defined,2026-09-17T06:57:11.585989,toeplitz,0.003,2,0.0026737967914438
0.01,0.0,0.0,0.0,52,results/bob_realchannel_run_tp0.01_fk0.0_rp0.0_vd0.0_seed52_20260917_065713_639153.json,374,37,3180,34,34,True,0,False,,3.576964855194092,{},asymptotic,True,,10,results/bob_realchannel_run_tp0.01_fk0.0_rp0.0_vd0.0_seed52_20260917_065713_639153.json,results/alice_realchannel_run_seed52_20260917_065713_682492.json,exception: name 'PROJECT_DIR' is not defined,2026-09-17T06:57:17.932269,toeplitz,0.01,2,0.0026737967914438
0.01,0.0,0.0,0.0,53,results/bob_realchannel_run_tp0.01_fk0.0_rp0.0_vd0.0_seed53_20260917_065720_098352.json,374,25,3180,34,34,False,12,False,,4.797318458557129,{},asymptotic,False,,11,results/bob_realchannel_run_tp0.01_fk0.0_rp0.0_vd0.0_seed53_20260917_065720_098352.json,results/alice_realchannel_run_seed53_20260917_065719_910918.json,exception: name 'PROJECT_DIR' is not defined,2026-09-17T06:57:25.410302,toeplitz,0.01,2,0.0026737967914438
0.01,0.0,0.0,0.0,54,results/bob_realchannel_run_tp0.01_fk0.0_rp0.0_vd0.0_seed54_20260917_065727_435152.json,374,37,3180,34,34,True,0,False,,3.949141025543213,{},asymptotic,True,,12,results/bob_realchannel_run_tp0.01_fk0.0_rp0.0_vd0.0_seed54_20260917_065727_435152.json,results/alice_realchannel_run_seed54_20260917_065727_567492.json,exception: name 'PROJECT_DIR' is not defined,2026-09-17T06:57:32.132621,toeplitz,0.01,2,0.0026737967914438
0.01,0.0,0.0,0.0,55,results/bob_realchannel_run_tp0.01_fk0.0_rp0.0_vd0.0_seed55_20260917_065734_156203.json,374,37,3180,34,34,True,0,False,,5.327094316482544,{},asymptotic,True,,13,results/bob_realchannel_run_tp0.01_fk0.0_rp0.0_vd0.0_seed55_20260917_065734_156203.json,results/alice_realchannel_run_seed55_20260917_065734_102399.json,exception: name 'PROJECT_DIR' is not defined,2026-09-17T06:57:39.937001,toeplitz,0.01,2,0.0026737967914438
0.01,0.0,0.0,0.0,56,results/bob_realchannel_run_tp0.01_fk0.0_rp0.0_vd0.0_seed56_20260917_065742_098639.json,374,37,3180,34,34,True,0,False,,6.425178289413452,{},asymptotic,True,,14,results/bob_realchannel_run_tp0.01_fk0.0_rp0.0_vd0.0_seed56_20260917_065742_098639.json,results/alice_realchannel_run_seed56_20260917_065742_083169.json,exception: name 'PROJECT_DIR' is not defined,2026-09-17T06:57:49.157776,toeplitz,0.01,2,0.0026737967914438
0.01,0.0,0.0,0.0,57,results/bob_realchannel_run_tp0.01_fk0.0_rp0.0_vd0.0_seed57_20260917_065751_169068.json,374,37,3180,34,34,True,0,False,,3.5856690406799316,{},asymptotic,True,,15,results/bob_realchannel_run_tp0.01_fk0.0_rp0.0_vd0.0_seed57_20260917_065751_169068.json,results/alice_realchannel_run_seed57_20260917_065751_330326.json,exception: name 'PROJECT_DIR' is not defined,2026-09-17T06:57:55.466884,toeplitz,0.01,2,0.0026737967914438
0.01,0.0,0.0,0.0,58,results/bob_realchannel_run_tp0.01_fk0.0_rp0.0_vd0.0_seed58_20260917_065757_471774.json,374,37,3180,34,34,True,0,False,,3.6796090602874756,{},asymptotic,True,,16,results/bob_realchannel_run_tp0.01_fk0.0_rp0.0_vd0.0_seed58_20260917_065757_471774.json,results/alice_realchannel_run_seed58_20260917_065757_619781.json,exception: name 'PROJECT_DIR' is not defined,2026-09-17T06:58:01.878907,toeplitz,0.01,2,0.0026737967914438
0.01,0.0,0.0,0.0,59,results/bob_realchannel_run_tp0.01_fk0.0_rp0.0_vd0.0_seed59_20260917_065803_879214.json,374,37,3180,34,34,True,0,False,,5.252287149429321,{},asymptotic,True,,17,results/bob_realchannel_run_tp0.01_fk0.0_rp0.0_vd0.0_seed59_20260917_065803_879214.json,results/alice_realchannel_run_seed59_20260917_065803_851365.json,exception: name 'PROJECT_DIR' is not defined,2026-09-17T06:58:09.586581,toeplitz,0.01,2,0.0026737967914438
0.01,0.0,0.0,0.0,60,results/bob_realchannel_run_tp0.01_fk0.0_rp0.0_vd0.0_seed60_20260917_065811_587538.json,374,37,3180,34,34,True,0,False,,3.864323377609253,{},asymptotic,True,,18,results/bob_realchannel_run_tp0.01_fk0.0_rp0.0_vd0.0_seed60_20260917_065811_587538.json,results/alice_realchannel_run_seed60_20260917_065811_678747.json,exception: name 'PROJECT_DIR' is not defined,2026-09-17T06:58:16.109971,toeplitz,0.01,2,0.0026737967914438
0.01,0.0,0.0,0.0,61,results/bob_realchannel_run_tp0.01_fk0.0_rp0.0_vd0.0_seed61_20260917_065818_121507.json,374,37,3180,34,34,True,0,False,,5.626564025878906,{},asymptotic,True,,19,results/bob_realchannel_run_tp0.01_fk0.0_rp0.0_vd0.0_seed61_20260917_065818_121507.json,results/alice_realchannel_run_seed61_20260917_065818_078331.json,exception: name 'PROJECT_DIR' is not defined,2026-09-17T06:58:24.198585,toeplitz,0.01,2,0.0026737967914438
0.01,0.0,0.0,0.0,62,results/bob_realchannel_run_tp0.01_fk0.0_rp0.0_vd0.0_seed62_20260917_065826_205202.json,374,37,3180,34,34,True,0,False,,3.6181721687316895,{},asymptotic,True,,20,results/bob_realchannel_run_tp0.01_fk0.0_rp0.0_vd0.0_seed62_20260917_065826_205202.json,results/alice_realchannel_run_seed62_20260917_065826_362917.json,exception: name 'PROJECT_DIR' is not defined,2026-09-17T06:58:30.572219,toeplitz,0.01,2,0.0026737967914438
0.01,0.0,0.0,0.0,63,results/bob_realchannel_run_tp0.01_fk0.0_rp0.0_vd0.0_seed63_20260917_065832_588029.json,374,33,3180,34,34,False,4,False,,5.547496795654297,{},asymptotic,False,,21,results/bob_realchannel_run_tp0.01_fk0.0_rp0.0_vd0.0_seed63_20260917_065832_588029.json,results/alice_realchannel_run_seed63_20260917_065832_539619.json,exception: name 'PROJECT_DIR' is not defined,2026-09-17T06:58:38.587842,toeplitz,0.01,2,0.0026737967914438
0.01,0.0,0.0,0.0,64,results/bob_realchannel_run_tp0.01_fk0.0_rp0.0_vd0.0_seed64_20260917_065840_587426.json,374,21,3180,34,34,False,16,False,,1.5235090255737305,{},asymptotic,False,,22,results/bob_realchannel_run_tp0.01_fk0.0_rp0.0_vd0.0_seed64_20260917_065840_587426.json,results/alice_realchannel_run_seed64_20260917_065840_689584.json,exception: name 'PROJECT_DIR' is not defined,2026-09-17T06:58:42.763864,toeplitz,0.01,2,0.0026737967914438
0.01,0.0,0.0,0.0,65,results/bob_realchannel_run_tp0.01_fk0.0_rp0.0_vd0.0_seed65_20260917_065844_818275.json,374,37,3180,34,34,True,0,False,,4.8727943897247314,{},asymptotic,True,,23,results/bob_realchannel_run_tp0.01_fk0.0_rp0.0_vd0.0_seed65_20260917_065844_818275.json,results/alice_realchannel_run_seed65_20260917_065844_742383.json,exception: name 'PROJECT_DIR' is not defined,2026-09-17T06:58:50.143892,toeplitz,0.01,2,0.0026737967914438
0.01,0.0,0.0,0.0,66,results/bob_realchannel_run_tp0.01_fk0.0_rp0.0_vd0.0_seed66_20260917_065852_163171.json,374,37,3180,34,34,True,0,False,,2.548947811126709,{},asymptotic,True,,24,results/bob_realchannel_run_tp0.01_fk0.0_rp0.0_vd0.0_seed66_20260917_065852_163171.json,results/alice_realchannel_run_seed66_20260917_065852_249578.json,exception: name 'PROJECT_DIR' is not defined,2026-09-17T06:58:55.334873,toeplitz,0.01,2,0.0026737967914438
0.01,0.0,0.0,0.0,67,results/bob_realchannel_run_tp0.01_fk0.0_rp0.0_vd0.0_seed67_20260917_065857_333096.json,374,37,3180,34,34,True,0,False,,5.893983840942383,{},asymptotic,True,,25,results/bob_realchannel_run_tp0.01_fk0.0_rp0.0_vd0.0_seed67_20260917_065857_333096.json,results/alice_realchannel_run_seed67_20260917_065857_306535.json,exception: name 'PROJECT_DIR' is not defined,2026-09-17T06:59:03.678462,toeplitz,0.01,2,0.0026737967914438
0.01,0.0,0.0,0.0,68,results/bob_realchannel_run_tp0.01_fk0.0_rp0.0_vd0.0_seed68_20260917_065905_707667.json,374,37,3180,34,34,True,0,False,,3.1279499530792236,{},asymptotic,True,,26,results/bob_realchannel_run_tp0.01_fk0.0_rp0.0_vd0.0_seed68_20260917_065905_707667.json,results/alice_realchannel_run_seed68_20260917_065905_854773.json,exception: name 'PROJECT_DIR' is not defined,2026-09-17T06:59:09.579862,toeplitz,0.01,2,0.0026737967914438
0.01,0.0,0.0,0.0,69,results/bob_realchannel_run_tp0.01_fk0.0_rp0.0_vd0.0_seed69_20260917_065911_595193.json,374,37,3180,34,34,True,0,False,,5.66396689414978,{},asymptotic,True,,27,results/bob_realchannel_run_tp0.01_fk0.0_rp0.0_vd0.0_seed69_20260917_065911_595193.json,results/alice_realchannel_run_seed69_20260917_065911_555865.json,exception: name 'PROJECT_DIR' is not defined,2026-09-17T06:59:17.720325,toeplitz,0.01,2,0.0026737967914438
0.01,0.0,0.0,0.0,70,results/bob_realchannel_run_tp0.01_fk0.0_rp0.0_vd0.0_seed70_20260917_065919_721749.json,374,37,3180,34,34,True,0,False,,3.4534430503845215,{},asymptotic,True,,28,results/bob_realchannel_run_tp0.01_fk0.0_rp0.0_vd0.0_seed70_20260917_065919_721749.json,results/alice_realchannel_run_seed70_20260917_065919_856415.json,exception: name 'PROJECT_DIR' is not defined,2026-09-17T06:59:23.900624,toeplitz,0.01,2,0.0026737967914438
0.01,0.0,0.0,0.0,71,results/bob_realchannel_run_tp0.01_fk0.0_rp0.0_vd0.0_seed71_20260917_065925_901705.json,374,21,3180,34,34,False,16,False,,4.969346761703491,{},asymptotic,False,,29,results/bob_realchannel_run_tp0.01_fk0.0_rp0.0_vd0.0_seed71_20260917_065925_901705.json,results/alice_realchannel_run_seed71_20260917_065925_866304.json,exception: name 'PROJECT_DIR' is not defined,2026-09-17T06:59:31.326919,toeplitz,0.01,2,0.0026737967914438
0.03,0.0,0.0,0.0,52,results/bob_realchannel_run_tp0.03_fk0.0_rp0.0_vd0.0_seed52_20260917_065933_334847.json,374,37,3180,34,34,True,0,False,,3.692260980606079,{},asymptotic,True,,10,results/bob_realchannel_run_tp0.03_fk0.0_rp0.0_vd0.0_seed52_20260917_065933_334847.json,results/alice_realchannel_run_seed52_20260917_065933_501139.json,exception: name 'PROJECT_DIR' is not defined,2026-09-17T06:59:37.755336,toeplitz,0.03,2,0.0026737967914438
0.03,0.0,0.0,0.0,53,results/bob_realchannel_run_tp0.03_fk0.0_rp0.0_vd0.0_seed53_20260917_065939_772940.json,374,25,3180,34,34,False,12,False,,4.9302520751953125,{},asymptotic,False,,11,results/bob_realchannel_run_tp0.03_fk0.0_rp0.0_vd0.0_seed53_20260917_065939_772940.json,results/alice_realchannel_run_seed53_20260917_065939_728356.json,exception: name 'PROJECT_DIR' is not defined,2026-09-17T06:59:45.156894,toeplitz,0.03,2,0.0026737967914438
0.03,0.0,0.0,0.0,54,results/bob_realchannel_run_tp0.03_fk0.0_rp0.0_vd0.0_seed54_20260917_065947_233940.json,374,37,3180,34,34,True,0,False,,3.8189330101013184,{},asymptotic,True,,12,results/bob_realchannel_run_tp0.03_fk0.0_rp0.0_vd0.0_seed54_20260917_065947_233940.json,results/alice_realchannel_run_seed54_20260917_065947_236520.json,exception: name 'PROJECT_DIR' is not defined,2026-09-17T06:59:51.736073,toeplitz,0.03,2,0.0026737967914438
0.03,0.0,0.0,0.0,55,results/bob_realchannel_run_tp0.03_fk0.0_rp0.0_vd0.0_seed55_20260917_065953_835406.json,374,37,3180,34,34,True,0,False,,5.256240129470825,{},asymptotic,True,,13,results/bob_realchannel_run_tp0.03_fk0.0_rp0.0_vd0.0_seed55_20260917_065953_835406.json,results/alice_realchannel_run_seed55_20260917_065953_714252.json,exception: name 'PROJECT_DIR' is not defined,2026-09-17T06:59:59.547489,toeplitz,0.03,2,0.0026737967914438
0.03,0.0,0.0,0.0,56,results/bob_realchannel_run_tp0.03_fk0.0_rp0.0_vd0.0_seed56_20260917_070001_548213.json,374,37,3180,34,34,True,0,False,,3.18058705329895,{},asymptotic,True,,14,results/bob_realchannel_run_tp0.03_fk0.0_rp0.0_vd0.0_seed56_20260917_070001_548213.json,results/alice_realchannel_run_seed56_20260917_070001_664722.json,exception: name 'PROJECT_DIR' is not defined,2026-09-17T07:00:05.460646,toeplitz,0.03,2,0.0026737967914438
0.03,0.0,0.0,0.0,57,results/bob_realchannel_run_tp0.03_fk0.0_rp0.0_vd0.0_seed57_20260917_070007_470740.json,374,37,3180,34,34,True,0,False,,5.6202943325042725,{},asymptotic,True,,15,results/bob_realchannel_run_tp0.03_fk0.0_rp0.0_vd0.0_seed57_20260917_070007_470740.json,results/alice_realchannel_run_seed57_20260917_070007_437876.json,exception: name 'PROJECT_DIR' is not defined,2026-09-17T07:00:13.544114,toeplitz,0.03,2,0.0026737967914438
0.03,0.0,0.0,0.0,58,results/bob_realchannel_run_tp0.03_fk0.0_rp0.0_vd0.0_seed58_20260917_070015_545042.json,374,37,3180,34,34,True,0,False,,3.6060070991516113,{},asymptotic,True,,16,results/bob_realchannel_run_tp0.03_fk0.0_rp0.0_vd0.0_seed58_20260917_070015_545042.json,results/alice_realchannel_run_seed58_20260917_070015_626532.json,exception: name 'PROJECT_DIR' is not defined,2026-09-17T07:00:19.848818,toeplitz,0.03,2,0.0026737967914438
0.03,0.0,0.0,0.0,59,results/bob_realchannel_run_tp0.03_fk0.0_rp0.0_vd0.0_seed59_20260917_070021_876768.json,374,37,3180,34,34,True,0,False,,4.800357341766357,{},asymptotic,True,,17,results/bob_realchannel_run_tp0.03_fk0.0_rp0.0_vd0.0_seed59_20260917_070021_876768.json,results/alice_realchannel_run_seed59_20260917_070021_819972.json,exception: name 'PROJECT_DIR' is not defined,2026-09-17T07:00:27.134815,toeplitz,0.03,2,0.0026737967914438
0.03,0.0,0.0,0.0,60,results/bob_realchannel_run_tp0.03_fk0.0_rp0.0_vd0.0_seed60_20260917_070029_149040.json,374,37,3180,34,34,True,0,False,,3.8988118171691895,{},asymptotic,True,,18,results/bob_realchannel_run_tp0.03_fk0.0_rp0.0_vd0.0_seed60_20260917_070029_149040.json,results/alice_realchannel_run_seed60_20260917_070029_268519.json,exception: name 'PROJECT_DIR' is not defined,2026-09-17T07:00:33.802321,toeplitz,0.03,2,0.0026737967914438
0.03,0.0,0.0,0.0,61,results/bob_realchannel_run_tp0.03_fk0.0_rp0.0_vd0.0_seed61_20260917_070035_812724.json,374,37,3180,34,34,True,0,False,,5.626136302947998,{},asymptotic,True,,19,results/bob_realchannel_run_tp0.03_fk0.0_rp0.0_vd0.0_seed61_20260917_070035_812724.json,results/alice_realchannel_run_seed61_20260917_070035_776742.json,exception: name 'PROJECT_DIR' is not defined,2026-09-17T07:00:41.896261,toeplitz,0.03,2,0.0026737967914438
0.03,0.0,0.0,0.0,62,results/bob_realchannel_run_tp0.03_fk0.0_rp0.0_vd0.0_seed62_20260917_070043_923746.json,374,37,3180,34,34,True,0,False,,2.3886356353759766,{},asymptotic,True,,20,results/bob_realchannel_run_tp0.03_fk0.0_rp0.0_vd0.0_seed62_20260917_070043_923746.json,results/alice_realchannel_run_seed62_20260917_070043_991765.json,exception: name 'PROJECT_DIR' is not defined,2026-09-17T07:00:47.038179,toeplitz,0.03,2,0.0026737967914438
0.03,0.0,0.0,0.0,63,results/bob_realchannel_run_tp0.03_fk0.0_rp0.0_vd0.0_seed63_20260917_070049_038802.json,374,33,3180,34,34,False,4,False,,4.665651798248291,{'toeplitz_matrix': 1},asymptotic,False,,21,results/bob_realchannel_run_tp0.03_fk0.0_rp0.0_vd0.0_seed63_20260917_070049_038802.json,results/alice_realchannel_run_seed63_20260917_070049_020860.json,exception: name 'PROJECT_DIR' is not defined,2026-09-17T07:00:54.162551,toeplitz,0.03,2,0.0026737967914438
0.03,0.0,0.0,0.0,64,results/bob_realchannel_run_tp0.03_fk0.0_rp0.0_vd0.0_seed64_20260917_070056_175667.json,374,21,3180,34,34,False,16,False,,2.9318699836730957,{},asymptotic,False,,22,results/bob_realchannel_run_tp0.03_fk0.0_rp0.0_vd0.0_seed64_20260917_070056_175667.json,results/alice_realchannel_run_seed64_20260917_070056_296608.json,exception: name 'PROJECT_DIR' is not defined,2026-09-17T07:00:59.860254,toeplitz,0.03,2,0.0026737967914438
0.03,0.0,0.0,0.0,65,results/bob_realchannel_run_tp0.03_fk0.0_rp0.0_vd0.0_seed65_20260917_070101_876904.json,374,37,3180,34,34,True,0,False,,3.03454327583313,{},asymptotic,True,,23,results/bob_realchannel_run_tp0.03_fk0.0_rp0.0_vd0.0_seed65_20260917_070101_876904.json,results/alice_realchannel_run_seed65_20260917_070101_971593.json,exception: name 'PROJECT_DIR' is not defined,2026-09-17T07:01:05.558693,toeplitz,0.03,2,0.0026737967914438
0.03,0.0,0.0,0.0,66,results/bob_realchannel_run_tp0.03_fk0.0_rp0.0_vd0.0_seed66_20260917_070107_561512.json,374,37,3180,34,34,True,0,False,,5.621494293212891,{},asymptotic,True,,24,results/bob_realchannel_run_tp0.03_fk0.0_rp0.0_vd0.0_seed66_20260917_070107_561512.json,results/alice_realchannel_run_seed66_20260917_070107_526788.json,exception: name 'PROJECT_DIR' is not defined,2026-09-17T07:01:13.641066,toeplitz,0.03,2,0.0026737967914438
0.03,0.0,0.0,0.0,67,results/bob_realchannel_run_tp0.03_fk0.0_rp0.0_vd0.0_seed67_20260917_070115_648555.json,374,37,3180,34,34,True,0,False,,3.132112979888916,{},asymptotic,True,,25,results/bob_realchannel_run_tp0.03_fk0.0_rp0.0_vd0.0_seed67_20260917_070115_648555.json,results/alice_realchannel_run_seed67_20260917_070115_786934.json,exception: name 'PROJECT_DIR' is not defined,2026-09-17T07:01:19.541458,toeplitz,0.03,2,0.0026737967914438
0.03,0.0,0.0,0.0,68,results/bob_realchannel_run_tp0.03_fk0.0_rp0.0_vd0.0_seed68_20260917_070121_554403.json,374,37,3180,34,34,True,0,False,,5.176363706588745,{},asymptotic,True,,26,results/bob_realchannel_run_tp0.03_fk0.0_rp0.0_vd0.0_seed68_20260917_070121_554403.json,results/alice_realchannel_run_seed68_20260917_070121_513075.json,exception: name 'PROJECT_DIR' is not defined,2026-09-17T07:01:27.187685,toeplitz,0.03,2,0.0026737967914438
0.03,0.0,0.0,0.0,69,results/bob_realchannel_run_tp0.03_fk0.0_rp0.0_vd0.0_seed69_20260917_070129_190912.json,374,37,3180,34,34,True,0,False,,3.8285014629364014,{},asymptotic,True,,27,results/bob_realchannel_run_tp0.03_fk0.0_rp0.0_vd0.0_seed69_20260917_070129_190912.json,results/alice_realchannel_run_seed69_20260917_070129_338245.json,exception: name 'PROJECT_DIR' is not defined,2026-09-17T07:01:33.770952,toeplitz,0.03,2,0.0026737967914438
0.03,0.0,0.0,0.0,70,results/bob_realchannel_run_tp0.03_fk0.0_rp0.0_vd0.0_seed70_20260917_070135_775370.json,374,37,3180,34,34,True,0,False,,5.311487197875977,{},asymptotic,True,,28,results/bob_realchannel_run_tp0.03_fk0.0_rp0.0_vd0.0_seed70_20260917_070135_775370.json,results/alice_realchannel_run_seed70_20260917_070135_750443.json,exception: name 'PROJECT_DIR' is not defined,2026-09-17T07:01:41.542715,toeplitz,0.03,2,0.0026737967914438
0.03,0.0,0.0,0.0,71,results/bob_realchannel_run_tp0.03_fk0.0_rp0.0_vd0.0_seed71_20260917_070143_542878.json,374,21,3180,34,34,False,16,False,,3.148635149002075,{},asymptotic,False,,29,results/bob_realchannel_run_tp0.03_fk0.0_rp0.0_vd0.0_seed71_20260917_070143_542878.json,results/alice_realchannel_run_seed71_20260917_070143_698934.json,exception: name 'PROJECT_DIR' is not defined,2026-09-17T07:01:47.433697,toeplitz,0.03,2,0.0026737967914438
0.05,0.0,0.0,0.0,52,results/bob_realchannel_run_tp0.05_fk0.0_rp0.0_vd0.0_seed52_20260917_070149_433697.json,374,37,3180,34,34,True,0,False,,5.52971339225769,{},asymptotic,True,,10,results/bob_realchannel_run_tp0.05_fk0.0_rp0.0_vd0.0_seed52_20260917_070149_433697.json,results/alice_realchannel_run_seed52_20260917_070149_412107.json,exception: name 'PROJECT_DIR' is not defined,2026-09-17T07:01:55.417793,toeplitz,0.05,2,0.0026737967914438
0.05,0.0,0.0,0.0,53,results/bob_realchannel_run_tp0.05_fk0.0_rp0.0_vd0.0_seed53_20260917_070157_494817.json,374,25,3180,34,34,False,12,False,,2.976883888244629,{},asymptotic,False,,11,results/bob_realchannel_run_tp0.05_fk0.0_rp0.0_vd0.0_seed53_20260917_070157_494817.json,results/alice_realchannel_run_seed53_20260917_070157_505246.json,exception: name 'PROJECT_DIR' is not defined,2026-09-17T07:02:01.099214,toeplitz,0.05,2,0.0026737967914438
0.05,0.0,0.0,0.0,54,results/bob_realchannel_run_tp0.05_fk0.0_rp0.0_vd0.0_seed54_20260917_070203_195514.json,374,37,3180,34,34,True,0,False,,5.7079455852508545,{},asymptotic,True,,12,results/bob_realchannel_run_tp0.05_fk0.0_rp0.0_vd0.0_seed54_20260917_070203_195514.json,results/alice_realchannel_run_seed54_20260917_070203_074849.json,exception: name 'PROJECT_DIR' is not defined,2026-09-17T07:02:09.370277,toeplitz,0.05,2,0.0026737967914438
0.05,0.0,0.0,0.0,55,results/bob_realchannel_run_tp0.05_fk0.0_rp0.0_vd0.0_seed55_20260917_070211_538185.json,374,37,3180,34,34,True,0,False,,4.865374803543091,{},asymptotic,True,,13,results/bob_realchannel_run_tp0.05_fk0.0_rp0.0_vd0.0_seed55_20260917_070211_538185.json,results/alice_realchannel_run_seed55_20260917_070211_465025.json,exception: name 'PROJECT_DIR' is not defined,2026-09-17T07:02:17.052226,toeplitz,0.05,2,0.0026737967914438
0.05,0.0,0.0,0.0,56,results/bob_realchannel_run_tp0.05_fk0.0_rp0.0_vd0.0_seed56_20260917_070219_071963.json,374,37,3180,34,34,True,0,False,,6.411064624786377,{},asymptotic,True,,14,results/bob_realchannel_run_tp0.05_fk0.0_rp0.0_vd0.0_seed56_20260917_070219_071963.json,results/alice_realchannel_run_seed56_20260917_070219_032805.json,exception: name 'PROJECT_DIR' is not defined,2026-09-17T07:02:25.995690,toeplitz,0.05,2,0.0026737967914438
0.05,0.0,0.0,0.0,57,results/bob_realchannel_run_tp0.05_fk0.0_rp0.0_vd0.0_seed57_20260917_070228_011090.json,374,37,3180,34,34,True,0,False,,3.7531988620758057,{},asymptotic,True,,15,results/bob_realchannel_run_tp0.05_fk0.0_rp0.0_vd0.0_seed57_20260917_070228_011090.json,results/alice_realchannel_run_seed57_20260917_070228_129138.json,exception: name 'PROJECT_DIR' is not defined,2026-09-17T07:02:32.443060,toeplitz,0.05,2,0.0026737967914438
0.05,0.0,0.0,0.0,58,results/bob_realchannel_run_tp0.05_fk0.0_rp0.0_vd0.0_seed58_20260917_070234_457730.json,374,37,3180,34,34,True,0,False,,5.521356821060181,{},asymptotic,True,,16,results/bob_realchannel_run_tp0.05_fk0.0_rp0.0_vd0.0_seed58_20260917_070234_457730.json,results/alice_realchannel_run_seed58_20260917_070234_422907.json,exception: name 'PROJECT_DIR' is not defined,2026-09-17T07:02:40.437898,toeplitz,0.05,2,0.0026737967914438
0.05,0.0,0.0,0.0,59,results/bob_realchannel_run_tp0.05_fk0.0_rp0.0_vd0.0_seed59_20260917_070242_438394.json,374,37,3180,34,34,True,0,False,,2.641587734222412,{},asymptotic,True,,17,results/bob_realchannel_run_tp0.05_fk0.0_rp0.0_vd0.0_seed59_20260917_070242_438394.json,results/alice_realchannel_run_seed59_20260917_070242_542365.json,exception: name 'PROJECT_DIR' is not defined,2026-09-17T07:02:45.732204,toeplitz,0.05,2,0.0026737967914438
0.05,0.0,0.0,0.0,60,results/bob_realchannel_run_tp0.05_fk0.0_rp0.0_vd0.0_seed60_20260917_070247_738144.json,374,37,3180,34,34,True,0,False,,5.777212142944336,{},asymptotic,True,,18,results/bob_realchannel_run_tp0.05_fk0.0_rp0.0_vd0.0_seed60_20260917_070247_738144.json,results/alice_realchannel_run_seed60_20260917_070247_725667.json,exception: name 'PROJECT_DIR' is not defined,2026-09-17T07:02:53.975580,toeplitz,0.05,2,0.0026737967914438
0.05,0.0,0.0,0.0,61,results/bob_realchannel_run_tp0.05_fk0.0_rp0.0_vd0.0_seed61_20260917_070255_976946.json,374,37,3180,34,34,True,0,False,,3.8382766246795654,{},asymptotic,True,,19,results/bob_realchannel_run_tp0.05_fk0.0_rp0.0_vd0.0_seed61_20260917_070255_976946.json,results/alice_realchannel_run_seed61_20260917_070256_120343.json,exception: name 'PROJECT_DIR' is not defined,2026-09-17T07:03:00.573028,toeplitz,0.05,2,0.0026737967914438
0.05,0.0,0.0,0.0,62,results/bob_realchannel_run_tp0.05_fk0.0_rp0.0_vd0.0_seed62_20260917_070302_586261.json,374,37,3180,34,34,True,0,False,,3.197857618331909,{},asymptotic,True,,20,results/bob_realchannel_run_tp0.05_fk0.0_rp0.0_vd0.0_seed62_20260917_070302_586261.json,results/alice_realchannel_run_seed62_20260917_070302_775929.json,exception: name 'PROJECT_DIR' is not defined,2026-09-17T07:03:06.529440,toeplitz,0.05,2,0.0026737967914438
0.05,0.0,0.0,0.0,63,results/bob_realchannel_run_tp0.05_fk0.0_rp0.0_vd0.0_seed63_20260917_070308_540410.json,374,33,3180,34,34,False,4,False,,3.0154480934143066,{'toeplitz_matrix': 1},asymptotic,False,,21,results/bob_realchannel_run_tp0.05_fk0.0_rp0.0_vd0.0_seed63_20260917_070308_540410.json,results/alice_realchannel_run_seed63_20260917_070308_698137.json,exception: name 'PROJECT_DIR' is not defined,2026-09-17T07:03:12.298839,toeplitz,0.05,2,0.0026737967914438
0.05,0.0,0.0,0.0,64,results/bob_realchannel_run_tp0.05_fk0.0_rp0.0_vd0.0_seed64_20260917_070314_319342.json,374,21,3180,34,34,False,16,False,,2.9892077445983887,{},asymptotic,False,,22,results/bob_realchannel_run_tp0.05_fk0.0_rp0.0_vd0.0_seed64_20260917_070314_319342.json,results/alice_realchannel_run_seed64_20260917_070314_496124.json,exception: name 'PROJECT_DIR' is not defined,2026-09-17T07:03:18.075186,toeplitz,0.05,2,0.0026737967914438
0.05,0.0,0.0,0.0,65,results/bob_realchannel_run_tp0.05_fk0.0_rp0.0_vd0.0_seed65_20260917_070320_080891.json,374,37,3180,34,34,True,0,False,,3.0917282104492188,{},asymptotic,True,,23,results/bob_realchannel_run_tp0.05_fk0.0_rp0.0_vd0.0_seed65_20260917_070320_080891.json,results/alice_realchannel_run_seed65_20260917_070320_238133.json,exception: name 'PROJECT_DIR' is not defined,2026-09-17T07:03:23.971304,toeplitz,0.05,2,0.0026737967914438
0.05,0.0,0.0,0.0,66,results/bob_realchannel_run_tp0.05_fk0.0_rp0.0_vd0.0_seed66_20260917_070325_983229.json,374,37,3180,34,34,True,0,False,,3.784762144088745,{},asymptotic,True,,24,results/bob_realchannel_run_tp0.05_fk0.0_rp0.0_vd0.0_seed66_20260917_070325_983229.json,results/alice_realchannel_run_seed66_20260917_070326_131778.json,exception: name 'PROJECT_DIR' is not defined,2026-09-17T07:03:30.321898,toeplitz,0.05,2,0.0026737967914438
0.05,0.0,0.0,0.0,67,results/bob_realchannel_run_tp0.05_fk0.0_rp0.0_vd0.0_seed67_20260917_070332_332838.json,374,37,3180,34,34,True,0,False,,4.707101583480835,{},asymptotic,True,,25,results/bob_realchannel_run_tp0.05_fk0.0_rp0.0_vd0.0_seed67_20260917_070332_332838.json,results/alice_realchannel_run_seed67_20260917_070332_296907.json,exception: name 'PROJECT_DIR' is not defined,2026-09-17T07:03:37.490666,toeplitz,0.05,2,0.0026737967914438
0.05,0.0,0.0,0.0,68,results/bob_realchannel_run_tp0.05_fk0.0_rp0.0_vd0.0_seed68_20260917_070339_498067.json,374,37,3180,34,34,True,0,False,,3.7455084323883057,{},asymptotic,True,,26,results/bob_realchannel_run_tp0.05_fk0.0_rp0.0_vd0.0_seed68_20260917_070339_498067.json,results/alice_realchannel_run_seed68_20260917_070339_588553.json,exception: name 'PROJECT_DIR' is not defined,2026-09-17T07:03:43.886383,toeplitz,0.05,2,0.0026737967914438
0.05,0.0,0.0,0.0,69,results/bob_realchannel_run_tp0.05_fk0.0_rp0.0_vd0.0_seed69_20260917_070345_898964.json,374,37,3180,34,34,True,0,False,,5.672817230224609,{},asymptotic,True,,27,results/bob_realchannel_run_tp0.05_fk0.0_rp0.0_vd0.0_seed69_20260917_070345_898964.json,results/alice_realchannel_run_seed69_20260917_070345_863659.json,exception: name 'PROJECT_DIR' is not defined,2026-09-17T07:03:52.022572,toeplitz,0.05,2,0.0026737967914438
0.05,0.0,0.0,0.0,70,results/bob_realchannel_run_tp0.05_fk0.0_rp0.0_vd0.0_seed70_20260917_070354_050972.json,374,37,3180,34,34,True,0,False,,3.3803489208221436,{},asymptotic,True,,28,results/bob_realchannel_run_tp0.05_fk0.0_rp0.0_vd0.0_seed70_20260917_070354_050972.json,results/alice_realchannel_run_seed70_20260917_070354_106912.json,exception: name 'PROJECT_DIR' is not defined,2026-09-17T07:03:57.881752,toeplitz,0.05,2,0.0026737967914438
0.05,0.0,0.0,0.0,71,results/bob_realchannel_run_tp0.05_fk0.0_rp0.0_vd0.0_seed71_20260917_070359_893707.json,374,21,3180,34,34,False,16,False,,4.949533462524414,{},asymptotic,False,,29,results/bob_realchannel_run_tp0.05_fk0.0_rp0.0_vd0.0_seed71_20260917_070359_893707.json,results/alice_realchannel_run_seed71_20260917_070359_843220.json,exception: name 'PROJECT_DIR' is not defined,2026-09-17T07:04:05.294415,toeplitz,0.05,2,0.0026737967914438
0.1,0.0,0.0,0.0,52,results/bob_realchannel_run_tp0.1_fk0.0_rp0.0_vd0.0_seed52_20260917_070407_328433.json,374,37,3180,34,34,True,0,False,,5.5229291915893555,{},asymptotic,True,,10,results/bob_realchannel_run_tp0.1_fk0.0_rp0.0_vd0.0_seed52_20260917_070407_328433.json,results/alice_realchannel_run_seed52_20260917_070407_303619.json,exception: name 'PROJECT_DIR' is not defined,2026-09-17T07:04:13.384493,toeplitz,0.1,2,0.0026737967914438
0.1,0.0,0.0,0.0,53,results/bob_realchannel_run_tp0.1_fk0.0_rp0.0_vd0.0_seed53_20260917_070415_403990.json,374,25,3180,34,34,False,12,False,,4.931396961212158,{},asymptotic,False,,11,results/bob_realchannel_run_tp0.1_fk0.0_rp0.0_vd0.0_seed53_20260917_070415_403990.json,results/alice_realchannel_run_seed53_20260917_070415_351136.json,exception: name 'PROJECT_DIR' is not defined,2026-09-17T07:04:20.784620,toeplitz,0.1,2,0.0026737967914438
0.1,0.0,0.0,0.0,54,results/bob_realchannel_run_tp0.1_fk0.0_rp0.0_vd0.0_seed54_20260917_070422_800963.json,374,37,3180,34,34,True,0,False,,5.830263614654541,{},asymptotic,True,,12,results/bob_realchannel_run_tp0.1_fk0.0_rp0.0_vd0.0_seed54_20260917_070422_800963.json,results/alice_realchannel_run_seed54_20260917_070422_794602.json,exception: name 'PROJECT_DIR' is not defined,2026-09-17T07:04:29.129147,toeplitz,0.1,2,0.0026737967914438
0.1,0.0,0.0,0.0,55,results/bob_realchannel_run_tp0.1_fk0.0_rp0.0_vd0.0_seed55_20260917_070431_140576.json,374,37,3180,34,34,True,0,False,,3.0757455825805664,{},asymptotic,True,,13,results/bob_realchannel_run_tp0.1_fk0.0_rp0.0_vd0.0_seed55_20260917_070431_140576.json,results/alice_realchannel_run_seed55_20260917_070431_298418.json,exception: name 'PROJECT_DIR' is not defined,2026-09-17T07:04:34.876381,toeplitz,0.1,2,0.0026737967914438
0.1,0.0,0.0,0.0,56,results/bob_realchannel_run_tp0.1_fk0.0_rp0.0_vd0.0_seed56_20260917_070436_908716.json,374,37,3180,34,34,True,0,False,,5.514514446258545,{},asymptotic,True,,14,results/bob_realchannel_run_tp0.1_fk0.0_rp0.0_vd0.0_seed56_20260917_070436_908716.json,results/alice_realchannel_run_seed56_20260917_070436_895885.json,exception: name 'PROJECT_DIR' is not defined,2026-09-17T07:04:42.938304,toeplitz,0.1,2,0.0026737967914438
0.1,0.0,0.0,0.0,57,results/bob_realchannel_run_tp0.1_fk0.0_rp0.0_vd0.0_seed57_20260917_070444_953395.json,374,37,3180,34,34,True,0,False,,2.5142898559570312,{},asymptotic,True,,15,results/bob_realchannel_run_tp0.1_fk0.0_rp0.0_vd0.0_seed57_20260917_070444_953395.json,results/alice_realchannel_run_seed57_20260917_070445_017040.json,exception: name 'PROJECT_DIR' is not defined,2026-09-17T07:04:48.101076,toeplitz,0.1,2,0.0026737967914438
0.1,0.0,0.0,0.0,58,results/bob_realchannel_run_tp0.1_fk0.0_rp0.0_vd0.0_seed58_20260917_070450_099358.json,374,37,3180,34,34,True,0,False,,3.564213275909424,{},asymptotic,True,,16,results/bob_realchannel_run_tp0.1_fk0.0_rp0.0_vd0.0_seed58_20260917_070450_099358.json,results/alice_realchannel_run_seed58_20260917_070450_130959.json,exception: name 'PROJECT_DIR' is not defined,2026-09-17T07:04:54.328435,toeplitz,0.1,2,0.0026737967914438
0.1,0.0,0.0,0.0,59,results/bob_realchannel_run_tp0.1_fk0.0_rp0.0_vd0.0_seed59_20260917_070456_360492.json,374,37,3180,34,34,True,0,False,,3.111466407775879,{},asymptotic,True,,17,results/bob_realchannel_run_tp0.1_fk0.0_rp0.0_vd0.0_seed59_20260917_070456_360492.json,results/alice_realchannel_run_seed59_20260917_070456_445282.json,exception: name 'PROJECT_DIR' is not defined,2026-09-17T07:05:00.127974,toeplitz,0.1,2,0.0026737967914438
0.1,0.0,0.0,0.0,60,results/bob_realchannel_run_tp0.1_fk0.0_rp0.0_vd0.0_seed60_20260917_070502_152138.json,374,37,3180,34,34,True,0,False,,3.840007781982422,{},asymptotic,True,,18,results/bob_realchannel_run_tp0.1_fk0.0_rp0.0_vd0.0_seed60_20260917_070502_152138.json,results/alice_realchannel_run_seed60_20260917_070502_217034.json,exception: name 'PROJECT_DIR' is not defined,2026-09-17T07:05:06.629664,toeplitz,0.1,2,0.0026737967914438
0.1,0.0,0.0,0.0,61,results/bob_realchannel_run_tp0.1_fk0.0_rp0.0_vd0.0_seed61_20260917_070508_641104.json,374,37,3180,34,34,True,0,False,,3.734583616256714,{},asymptotic,True,,19,results/bob_realchannel_run_tp0.1_fk0.0_rp0.0_vd0.0_seed61_20260917_070508_641104.json,results/alice_realchannel_run_seed61_20260917_070508_719569.json,exception: name 'PROJECT_DIR' is not defined,2026-09-17T07:05:13.003246,toeplitz,0.1,2,0.0026737967914438
0.1,0.0,0.0,0.0,62,results/bob_realchannel_run_tp0.1_fk0.0_rp0.0_vd0.0_seed62_20260917_070515_019759.json,374,37,3180,34,34,True,0,False,,3.5928781032562256,{},asymptotic,True,,20,results/bob_realchannel_run_tp0.1_fk0.0_rp0.0_vd0.0_seed62_20260917_070515_019759.json,results/alice_realchannel_run_seed62_20260917_070515_156257.json,exception: name 'PROJECT_DIR' is not defined,2026-09-17T07:05:19.382299,toeplitz,0.1,2,0.0026737967914438
0.1,0.0,0.0,0.0,63,results/bob_realchannel_run_tp0.1_fk0.0_rp0.0_vd0.0_seed63_20260917_070521_399436.json,374,33,3180,34,34,False,4,False,,2.768366575241089,{'toeplitz_matrix': 1},asymptotic,False,,21,results/bob_realchannel_run_tp0.1_fk0.0_rp0.0_vd0.0_seed63_20260917_070521_399436.json,results/alice_realchannel_run_seed63_20260917_070521_492050.json,exception: name 'PROJECT_DIR' is not defined,2026-09-17T07:05:24.795302,toeplitz,0.1,2,0.0026737967914438
0.1,0.0,0.0,0.0,64,results/bob_realchannel_run_tp0.1_fk0.0_rp0.0_vd0.0_seed64_20260917_070526_829821.json,374,21,3180,34,34,False,16,False,,2.9342753887176514,{},asymptotic,False,,22,results/bob_realchannel_run_tp0.1_fk0.0_rp0.0_vd0.0_seed64_20260917_070526_829821.json,results/alice_realchannel_run_seed64_20260917_070526_946225.json,exception: name 'PROJECT_DIR' is not defined,2026-09-17T07:05:30.507742,toeplitz,0.1,2,0.0026737967914438
0.1,0.0,0.0,0.0,65,results/bob_realchannel_run_tp0.1_fk0.0_rp0.0_vd0.0_seed65_20260917_070532_527081.json,374,37,3180,34,34,True,0,False,,3.0722930431365967,{},asymptotic,True,,23,results/bob_realchannel_run_tp0.1_fk0.0_rp0.0_vd0.0_seed65_20260917_070532_527081.json,results/alice_realchannel_run_seed65_20260917_070532_653277.json,exception: name 'PROJECT_DIR' is not defined,2026-09-17T07:05:36.301339,toeplitz,0.1,2,0.0026737967914438
0.1,0.0,0.0,0.0,66,results/bob_realchannel_run_tp0.1_fk0.0_rp0.0_vd0.0_seed66_20260917_070538_298274.json,374,37,3180,34,34,True,0,False,,2.5460116863250732,{},asymptotic,True,,24,results/bob_realchannel_run_tp0.1_fk0.0_rp0.0_vd0.0_seed66_20260917_070538_298274.json,results/alice_realchannel_run_seed66_20260917_070538_379564.json,exception: name 'PROJECT_DIR' is not defined,2026-09-17T07:05:41.424237,toeplitz,0.1,2,0.0026737967914438
0.1,0.0,0.0,0.0,67,results/bob_realchannel_run_tp0.1_fk0.0_rp0.0_vd0.0_seed67_20260917_070543_492092.json,374,37,3180,34,34,True,0,False,,3.959218740463257,{},asymptotic,True,,25,results/bob_realchannel_run_tp0.1_fk0.0_rp0.0_vd0.0_seed67_20260917_070543_492092.json,results/alice_realchannel_run_seed67_20260917_070543_559490.json,exception: name 'PROJECT_DIR' is not defined,2026-09-17T07:05:48.172178,toeplitz,0.1,2,0.0026737967914438
0.1,0.0,0.0,0.0,68,results/bob_realchannel_run_tp0.1_fk0.0_rp0.0_vd0.0_seed68_20260917_070550_179239.json,374,37,3180,34,34,True,0,False,,3.6800320148468018,{},asymptotic,True,,26,results/bob_realchannel_run_tp0.1_fk0.0_rp0.0_vd0.0_seed68_20260917_070550_179239.json,results/alice_realchannel_run_seed68_20260917_070550_202968.json,exception: name 'PROJECT_DIR' is not defined,2026-09-17T07:05:54.397908,toeplitz,0.1,2,0.0026737967914438
0.1,0.0,0.0,0.0,69,results/bob_realchannel_run_tp0.1_fk0.0_rp0.0_vd0.0_seed69_20260917_070556_441257.json,374,37,3180,34,34,True,0,False,,3.769970417022705,{},asymptotic,True,,27,results/bob_realchannel_run_tp0.1_fk0.0_rp0.0_vd0.0_seed69_20260917_070556_441257.json,results/alice_realchannel_run_seed69_20260917_070556_516895.json,exception: name 'PROJECT_DIR' is not defined,2026-09-17T07:06:00.983783,toeplitz,0.1,2,0.0026737967914438
0.1,0.0,0.0,0.0,70,results/bob_realchannel_run_tp0.1_fk0.0_rp0.0_vd0.0_seed70_20260917_070603_108129.json,374,37,3180,34,34,True,0,False,,3.399336814880371,{},asymptotic,True,,28,results/bob_realchannel_run_tp0.1_fk0.0_rp0.0_vd0.0_seed70_20260917_070603_108129.json,results/alice_realchannel_run_seed70_20260917_070603_181300.json,exception: name 'PROJECT_DIR' is not defined,2026-09-17T07:06:07.258143,toeplitz,0.1,2,0.0026737967914438
0.1,0.0,0.0,0.0,71,results/bob_realchannel_run_tp0.1_fk0.0_rp0.0_vd0.0_seed71_20260917_070609_283427.json,374,21,3180,34,34,False,16,False,,3.0959606170654297,{},asymptotic,False,,29,results/bob_realchannel_run_tp0.1_fk0.0_rp0.0_vd0.0_seed71_20260917_070609_283427.json,results/alice_realchannel_run_seed71_20260917_070609_387448.json,exception: name 'PROJECT_DIR' is not defined,2026-09-17T07:06:13.110911,toeplitz,0.1,2,0.0026737967914438
0.3,0.0,0.0,0.0,52,results/bob_realchannel_run_tp0.3_fk0.0_rp0.0_vd0.0_seed52_20260917_070615_123474.json,374,37,3180,34,34,True,0,False,,3.2722911834716797,{},asymptotic,True,,10,results/bob_realchannel_run_tp0.3_fk0.0_rp0.0_vd0.0_seed52_20260917_070615_123474.json,results/alice_realchannel_run_seed52_20260917_070615_302687.json,exception: name 'PROJECT_DIR' is not defined,2026-09-17T07:06:19.134787,toeplitz,0.3,2,0.0026737967914438
0.3,0.0,0.0,0.0,53,results/bob_realchannel_run_tp0.3_fk0.0_rp0.0_vd0.0_seed53_20260917_070621_163347.json,374,25,3180,34,34,False,12,False,,3.040341854095459,{},asymptotic,False,,11,results/bob_realchannel_run_tp0.3_fk0.0_rp0.0_vd0.0_seed53_20260917_070621_163347.json,results/alice_realchannel_run_seed53_20260917_070621_236834.json,exception: name 'PROJECT_DIR' is not defined,2026-09-17T07:06:24.853808,toeplitz,0.3,2,0.0026737967914438
0.3,0.0,0.0,0.0,54,results/bob_realchannel_run_tp0.3_fk0.0_rp0.0_vd0.0_seed54_20260917_070626_871328.json,374,37,3180,34,34,True,0,False,,3.972433567047119,{},asymptotic,True,,12,results/bob_realchannel_run_tp0.3_fk0.0_rp0.0_vd0.0_seed54_20260917_070626_871328.json,results/alice_realchannel_run_seed54_20260917_070627_030975.json,exception: name 'PROJECT_DIR' is not defined,2026-09-17T07:06:31.588491,toeplitz,0.3,2,0.0026737967914438
0.3,0.0,0.0,0.0,55,results/bob_realchannel_run_tp0.3_fk0.0_rp0.0_vd0.0_seed55_20260917_070633_611858.json,374,37,3180,34,34,True,0,False,,3.4675772190093994,{'toeplitz_matrix': 1},asymptotic,True,,13,results/bob_realchannel_run_tp0.3_fk0.0_rp0.0_vd0.0_seed55_20260917_070633_611858.json,results/alice_realchannel_run_seed55_20260917_070633_704705.json,exception: name 'PROJECT_DIR' is not defined,2026-09-17T07:06:37.812384,toeplitz,0.3,2,0.0026737967914438
0.3,0.0,0.0,0.0,56,results/bob_realchannel_run_tp0.3_fk0.0_rp0.0_vd0.0_seed56_20260917_070639_819218.json,374,37,3180,34,34,True,0,False,,4.143112659454346,{},asymptotic,True,,14,results/bob_realchannel_run_tp0.3_fk0.0_rp0.0_vd0.0_seed56_20260917_070639_819218.json,results/alice_realchannel_run_seed56_20260917_070639_964338.json,exception: name 'PROJECT_DIR' is not defined,2026-09-17T07:06:44.706750,toeplitz,0.3,2,0.0026737967914438
0.3,0.0,0.0,0.0,57,results/bob_realchannel_run_tp0.3_fk0.0_rp0.0_vd0.0_seed57_20260917_070646_721135.json,374,37,3180,34,34,True,0,False,,3.754201650619507,{},asymptotic,True,,15,results/bob_realchannel_run_tp0.3_fk0.0_rp0.0_vd0.0_seed57_20260917_070646_721135.json,results/alice_realchannel_run_seed57_20260917_070646_841831.json,exception: name 'PROJECT_DIR' is not defined,2026-09-17T07:06:51.207231,toeplitz,0.3,2,0.0026737967914438
0.3,0.0,0.0,0.0,58,results/bob_realchannel_run_tp0.3_fk0.0_rp0.0_vd0.0_seed58_20260917_070653_235056.json,374,37,3180,34,34,True,0,False,,3.648444175720215,{},asymptotic,True,,16,results/bob_realchannel_run_tp0.3_fk0.0_rp0.0_vd0.0_seed58_20260917_070653_235056.json,results/alice_realchannel_run_seed58_20260917_070653_349820.json,exception: name 'PROJECT_DIR' is not defined,2026-09-17T07:06:57.611163,toeplitz,0.3,2,0.0026737967914438
0.3,0.0,0.0,0.0,59,results/bob_realchannel_run_tp0.3_fk0.0_rp0.0_vd0.0_seed59_20260917_070659_617814.json,374,37,3180,34,34,True,0,False,,2.1659839153289795,{},asymptotic,True,,17,results/bob_realchannel_run_tp0.3_fk0.0_rp0.0_vd0.0_seed59_20260917_070659_617814.json,results/alice_realchannel_run_seed59_20260917_070659_685098.json,exception: name 'PROJECT_DIR' is not defined,2026-09-17T07:07:02.433997,toeplitz,0.3,2,0.0026737967914438
0.3,0.0,0.0,0.0,60,results/bob_realchannel_run_tp0.3_fk0.0_rp0.0_vd0.0_seed60_20260917_070704_456608.json,374,37,3180,34,34,True,0,False,,3.894460916519165,{'toeplitz_matrix': 1},asymptotic,False,,18,results/bob_realchannel_run_tp0.3_fk0.0_rp0.0_vd0.0_seed60_20260917_070704_456608.json,results/alice_realchannel_run_seed60_20260917_070704_581198.json,exception: name 'PROJECT_DIR' is not defined,2026-09-17T07:07:09.078341,toeplitz,0.3,2,0.0026737967914438
0.3,0.0,0.0,0.0,61,results/bob_realchannel_run_tp0.3_fk0.0_rp0.0_vd0.0_seed61_20260917_070711_117378.json,374,37,3180,34,34,True,0,False,,3.77405047416687,{},asymptotic,True,,19,results/bob_realchannel_run_tp0.3_fk0.0_rp0.0_vd0.0_seed61_20260917_070711_117378.json,results/alice_realchannel_run_seed61_20260917_070711_226816.json,exception: name 'PROJECT_DIR' is not defined,2026-09-17T07:07:15.638143,toeplitz,0.3,2,0.0026737967914438
0.3,0.0,0.0,0.0,62,results/bob_realchannel_run_tp0.3_fk0.0_rp0.0_vd0.0_seed62_20260917_070717_667306.json,374,37,3180,34,34,True,0,False,,3.5519325733184814,{},asymptotic,True,,20,results/bob_realchannel_run_tp0.3_fk0.0_rp0.0_vd0.0_seed62_20260917_070717_667306.json,results/alice_realchannel_run_seed62_20260917_070717_758595.json,exception: name 'PROJECT_DIR' is not defined,2026-09-17T07:07:21.946741,toeplitz,0.3,2,0.0026737967914438
0.3,0.0,0.0,0.0,63,results/bob_realchannel_run_tp0.3_fk0.0_rp0.0_vd0.0_seed63_20260917_070723_955929.json,374,33,3180,34,34,False,4,False,,3.70721697807312,{'toeplitz_matrix': 1},asymptotic,False,,21,results/bob_realchannel_run_tp0.3_fk0.0_rp0.0_vd0.0_seed63_20260917_070723_955929.json,results/alice_realchannel_run_seed63_20260917_070724_089056.json,exception: name 'PROJECT_DIR' is not defined,2026-09-17T07:07:28.391829,toeplitz,0.3,2,0.0026737967914438
0.3,0.0,0.0,0.0,64,results/bob_realchannel_run_tp0.3_fk0.0_rp0.0_vd0.0_seed64_20260917_070730_408935.json,374,21,3180,34,34,False,16,False,,2.934614419937134,{},asymptotic,False,,22,results/bob_realchannel_run_tp0.3_fk0.0_rp0.0_vd0.0_seed64_20260917_070730_408935.json,results/alice_realchannel_run_seed64_20260917_070730_530269.json,exception: name 'PROJECT_DIR' is not defined,2026-09-17T07:07:34.077089,toeplitz,0.3,2,0.0026737967914438
0.3,0.0,0.0,0.0,65,results/bob_realchannel_run_tp0.3_fk0.0_rp0.0_vd0.0_seed65_20260917_070736_091387.json,374,37,3180,34,34,True,0,False,,1.8884303569793701,{},asymptotic,True,,23,results/bob_realchannel_run_tp0.3_fk0.0_rp0.0_vd0.0_seed65_20260917_070736_091387.json,results/alice_realchannel_run_seed65_20260917_070736_208911.json,exception: name 'PROJECT_DIR' is not defined,2026-09-17T07:07:38.706777,toeplitz,0.3,2,0.0026737967914438
0.3,0.0,0.0,0.0,66,results/bob_realchannel_run_tp0.3_fk0.0_rp0.0_vd0.0_seed66_20260917_070740_738956.json,374,37,3180,34,34,True,0,False,,2.817779541015625,{},asymptotic,True,,24,results/bob_realchannel_run_tp0.3_fk0.0_rp0.0_vd0.0_seed66_20260917_070740_738956.json,results/alice_realchannel_run_seed66_20260917_070740_820179.json,exception: name 'PROJECT_DIR' is not defined,2026-09-17T07:07:44.158914,toeplitz,0.3,2,0.0026737967914438
0.3,0.0,0.0,0.0,67,results/bob_realchannel_run_tp0.3_fk0.0_rp0.0_vd0.0_seed67_20260917_070746_188611.json,374,37,3180,34,34,True,0,False,,4.006897211074829,{'toeplitz_matrix': 1},asymptotic,False,,25,results/bob_realchannel_run_tp0.3_fk0.0_rp0.0_vd0.0_seed67_20260917_070746_188611.json,results/alice_realchannel_run_seed67_20260917_070746_306514.json,exception: name 'PROJECT_DIR' is not defined,2026-09-17T07:07:50.926063,toeplitz,0.3,2,0.0026737967914438
0.3,0.0,0.0,0.0,68,results/bob_realchannel_run_tp0.3_fk0.0_rp0.0_vd0.0_seed68_20260917_070752_935551.json,374,37,3180,34,34,True,0,False,,3.784066915512085,{},asymptotic,True,,26,results/bob_realchannel_run_tp0.3_fk0.0_rp0.0_vd0.0_seed68_20260917_070752_935551.json,results/alice_realchannel_run_seed68_20260917_070753_065284.json,exception: name 'PROJECT_DIR' is not defined,2026-09-17T07:07:57.257737,toeplitz,0.3,2,0.0026737967914438
0.3,0.0,0.0,0.0,69,results/bob_realchannel_run_tp0.3_fk0.0_rp0.0_vd0.0_seed69_20260917_070759_264149.json,374,37,3180,34,34,True,0,False,,3.791485548019409,{'toeplitz_matrix': 1},asymptotic,False,,27,results/bob_realchannel_run_tp0.3_fk0.0_rp0.0_vd0.0_seed69_20260917_070759_264149.json,results/alice_realchannel_run_seed69_20260917_070759_361666.json,exception: name 'PROJECT_DIR' is not defined,2026-09-17T07:08:03.706340,toeplitz,0.3,2,0.0026737967914438
0.3,0.0,0.0,0.0,70,results/bob_realchannel_run_tp0.3_fk0.0_rp0.0_vd0.0_seed70_20260917_070805_721117.json,374,37,3180,34,34,True,0,False,,3.318073034286499,{},asymptotic,True,,28,results/bob_realchannel_run_tp0.3_fk0.0_rp0.0_vd0.0_seed70_20260917_070805_721117.json,results/alice_realchannel_run_seed70_20260917_070805_717322.json,exception: name 'PROJECT_DIR' is not defined,2026-09-17T07:08:09.612060,toeplitz,0.3,2,0.0026737967914438
0.3,0.0,0.0,0.0,71,results/bob_realchannel_run_tp0.3_fk0.0_rp0.0_vd0.0_seed71_20260917_070811_620837.json,374,21,3180,34,34,False,16,False,,3.082331418991089,{},asymptotic,False,,29,results/bob_realchannel_run_tp0.3_fk0.0_rp0.0_vd0.0_seed71_20260917_070811_620837.json,results/alice_realchannel_run_seed71_20260917_070811_712304.json,exception: name 'PROJECT_DIR' is not defined,2026-09-17T07:08:15.388282,toeplitz,0.3,2,0.0026737967914438
0.5,0.0,0.0,0.0,52,results/bob_realchannel_run_tp0.5_fk0.0_rp0.0_vd0.0_seed52_20260917_070817_415258.json,374,37,3180,34,34,True,0,False,,4.633223533630371,{},asymptotic,True,,10,results/bob_realchannel_run_tp0.5_fk0.0_rp0.0_vd0.0_seed52_20260917_070817_415258.json,results/alice_realchannel_run_seed52_20260917_070817_403853.json,exception: name 'PROJECT_DIR' is not defined,2026-09-17T07:08:22.613572,toeplitz,0.5,2,0.0026737967914438
0.5,0.0,0.0,0.0,53,results/bob_realchannel_run_tp0.5_fk0.0_rp0.0_vd0.0_seed53_20260917_070824_641927.json,374,25,3180,34,34,False,12,False,,1.8657019138336182,{},asymptotic,False,,11,results/bob_realchannel_run_tp0.5_fk0.0_rp0.0_vd0.0_seed53_20260917_070824_641927.json,results/alice_realchannel_run_seed53_20260917_070824_707900.json,exception: name 'PROJECT_DIR' is not defined,2026-09-17T07:08:27.183000,toeplitz,0.5,2,0.0026737967914438
0.5,0.0,0.0,0.0,54,results/bob_realchannel_run_tp0.5_fk0.0_rp0.0_vd0.0_seed54_20260917_070829_241353.json,374,37,3180,34,34,True,0,False,,4.487898826599121,{'toeplitz_matrix': 1},asymptotic,True,,12,results/bob_realchannel_run_tp0.5_fk0.0_rp0.0_vd0.0_seed54_20260917_070829_241353.json,results/alice_realchannel_run_seed54_20260917_070829_194428.json,exception: name 'PROJECT_DIR' is not defined,2026-09-17T07:08:34.182705,toeplitz,0.5,2,0.0026737967914438
0.5,0.0,0.0,0.0,55,results/bob_realchannel_run_tp0.5_fk0.0_rp0.0_vd0.0_seed55_20260917_070836_179384.json,374,37,3180,34,34,True,0,False,,3.4635820388793945,{'toeplitz_matrix': 1},asymptotic,True,,13,results/bob_realchannel_run_tp0.5_fk0.0_rp0.0_vd0.0_seed55_20260917_070836_179384.json,results/alice_realchannel_run_seed55_20260917_070836_271565.json,exception: name 'PROJECT_DIR' is not defined,2026-09-17T07:08:40.284070,toeplitz,0.5,2,0.0026737967914438
0.5,0.0,0.0,0.0,56,results/bob_realchannel_run_tp0.5_fk0.0_rp0.0_vd0.0_seed56_20260917_070842_292633.json,374,37,3180,34,34,True,0,False,,3.5233747959136963,{},asymptotic,True,,14,results/bob_realchannel_run_tp0.5_fk0.0_rp0.0_vd0.0_seed56_20260917_070842_292633.json,results/alice_realchannel_run_seed56_20260917_070842_297721.json,exception: name 'PROJECT_DIR' is not defined,2026-09-17T07:08:46.271378,toeplitz,0.5,2,0.0026737967914438
0.5,0.0,0.0,0.0,57,results/bob_realchannel_run_tp0.5_fk0.0_rp0.0_vd0.0_seed57_20260917_070848_279707.json,374,37,3180,34,34,True,0,False,,3.2322275638580322,{'toeplitz_matrix': 1},asymptotic,True,,15,results/bob_realchannel_run_tp0.5_fk0.0_rp0.0_vd0.0_seed57_20260917_070848_279707.json,results/alice_realchannel_run_seed57_20260917_070848_330274.json,exception: name 'PROJECT_DIR' is not defined,2026-09-17T07:08:51.963431,toeplitz,0.5,2,0.0026737967914438
0.5,0.0,0.0,0.0,58,results/bob_realchannel_run_tp0.5_fk0.0_rp0.0_vd0.0_seed58_20260917_070853_966230.json,374,37,3180,34,34,True,0,False,,3.0769569873809814,{'toeplitz_matrix': 1},asymptotic,False,,16,results/bob_realchannel_run_tp0.5_fk0.0_rp0.0_vd0.0_seed58_20260917_070853_966230.json,results/alice_realchannel_run_seed58_20260917_070853_971520.json,exception: name 'PROJECT_DIR' is not defined,2026-09-17T07:08:57.490182,toeplitz,0.5,2,0.0026737967914438
0.5,0.0,0.0,0.0,59,results/bob_realchannel_run_tp0.5_fk0.0_rp0.0_vd0.0_seed59_20260917_070859_515038.json,374,37,3180,34,34,True,0,False,,5.272090196609497,{},asymptotic,True,,17,results/bob_realchannel_run_tp0.5_fk0.0_rp0.0_vd0.0_seed59_20260917_070859_515038.json,results/alice_realchannel_run_seed59_20260917_070859_506197.json,exception: name 'PROJECT_DIR' is not defined,2026-09-17T07:09:05.231850,toeplitz,0.5,2,0.0026737967914438
0.5,0.0,0.0,0.0,60,results/bob_realchannel_run_tp0.5_fk0.0_rp0.0_vd0.0_seed60_20260917_070907_252479.json,374,37,3180,34,34,True,0,False,,5.327215909957886,{'toeplitz_matrix': 1},asymptotic,False,,18,results/bob_realchannel_run_tp0.5_fk0.0_rp0.0_vd0.0_seed60_20260917_070907_252479.json,results/alice_realchannel_run_seed60_20260917_070907_239957.json,exception: name 'PROJECT_DIR' is not defined,2026-09-17T07:09:13.025984,toeplitz,0.5,2,0.0026737967914438
0.5,0.0,0.0,0.0,61,results/bob_realchannel_run_tp0.5_fk0.0_rp0.0_vd0.0_seed61_20260917_070915_032208.json,374,37,3180,34,34,True,0,False,,3.219698905944824,{'toeplitz_matrix': 1},asymptotic,True,,19,results/bob_realchannel_run_tp0.5_fk0.0_rp0.0_vd0.0_seed61_20260917_070915_032208.json,results/alice_realchannel_run_seed61_20260917_070915_039886.json,exception: name 'PROJECT_DIR' is not defined,2026-09-17T07:09:18.697197,toeplitz,0.5,2,0.0026737967914438
0.5,0.0,0.0,0.0,62,results/bob_realchannel_run_tp0.5_fk0.0_rp0.0_vd0.0_seed62_20260917_070920_718514.json,374,37,3180,34,34,True,0,False,,5.460536479949951,{},asymptotic,True,,20,results/bob_realchannel_run_tp0.5_fk0.0_rp0.0_vd0.0_seed62_20260917_070920_718514.json,results/alice_realchannel_run_seed62_20260917_070920_702354.json,exception: name 'PROJECT_DIR' is not defined,2026-09-17T07:09:26.627097,toeplitz,0.5,2,0.0026737967914438
0.5,0.0,0.0,0.0,63,results/bob_realchannel_run_tp0.5_fk0.0_rp0.0_vd0.0_seed63_20260917_070928_649726.json,374,33,3180,34,34,False,4,False,,5.581575155258179,{'toeplitz_matrix': 1},asymptotic,False,,21,results/bob_realchannel_run_tp0.5_fk0.0_rp0.0_vd0.0_seed63_20260917_070928_649726.json,results/alice_realchannel_run_seed63_20260917_070928_632963.json,exception: name 'PROJECT_DIR' is not defined,2026-09-17T07:09:34.674404,toeplitz,0.5,2,0.0026737967914438
0.5,0.0,0.0,0.0,64,results/bob_realchannel_run_tp0.5_fk0.0_rp0.0_vd0.0_seed64_20260917_070936_675793.json,374,21,3180,34,34,False,16,False,,2.8156683444976807,{},asymptotic,False,,22,results/bob_realchannel_run_tp0.5_fk0.0_rp0.0_vd0.0_seed64_20260917_070936_675793.json,results/alice_realchannel_run_seed64_20260917_070936_678138.json,exception: name 'PROJECT_DIR' is not defined,2026-09-17T07:09:39.939236,toeplitz,0.5,2,0.0026737967914438
0.5,0.0,0.0,0.0,65,results/bob_realchannel_run_tp0.5_fk0.0_rp0.0_vd0.0_seed65_20260917_070941_956728.json,374,37,3180,34,34,True,0,False,,4.950660467147827,{'toeplitz_matrix': 1},asymptotic,True,,23,results/bob_realchannel_run_tp0.5_fk0.0_rp0.0_vd0.0_seed65_20260917_070941_956728.json,results/alice_realchannel_run_seed65_20260917_070941_945782.json,exception: name 'PROJECT_DIR' is not defined,2026-09-17T07:09:47.353064,toeplitz,0.5,2,0.0026737967914438
0.5,0.0,0.0,0.0,66,results/bob_realchannel_run_tp0.5_fk0.0_rp0.0_vd0.0_seed66_20260917_070949_388179.json,374,37,3180,34,34,True,0,False,,4.719135999679565,{'toeplitz_matrix': 1},asymptotic,True,,24,results/bob_realchannel_run_tp0.5_fk0.0_rp0.0_vd0.0_seed66_20260917_070949_388179.json,results/alice_realchannel_run_seed66_20260917_070949_359634.json,exception: name 'PROJECT_DIR' is not defined,2026-09-17T07:09:54.629445,toeplitz,0.5,2,0.0026737967914438
0.5,0.0,0.0,0.0,67,results/bob_realchannel_run_tp0.5_fk0.0_rp0.0_vd0.0_seed67_20260917_070956_684595.json,374,37,3180,34,34,True,0,False,,5.862356901168823,{'toeplitz_matrix': 1},asymptotic,False,,25,results/bob_realchannel_run_tp0.5_fk0.0_rp0.0_vd0.0_seed67_20260917_070956_684595.json,results/alice_realchannel_run_seed67_20260917_070956_634854.json,exception: name 'PROJECT_DIR' is not defined,2026-09-17T07:10:02.989197,toeplitz,0.5,2,0.0026737967914438
0.5,0.0,0.0,0.0,68,results/bob_realchannel_run_tp0.5_fk0.0_rp0.0_vd0.0_seed68_20260917_071005_029679.json,374,37,3180,34,34,True,0,False,,5.637166500091553,{},asymptotic,True,,26,results/bob_realchannel_run_tp0.5_fk0.0_rp0.0_vd0.0_seed68_20260917_071005_029679.json,results/alice_realchannel_run_seed68_20260917_071005_000284.json,exception: name 'PROJECT_DIR' is not defined,2026-09-17T07:10:11.115268,toeplitz,0.5,2,0.0026737967914438
0.5,0.0,0.0,0.0,69,results/bob_realchannel_run_tp0.5_fk0.0_rp0.0_vd0.0_seed69_20260917_071013_126309.json,374,37,3180,34,34,True,0,False,,2.389836311340332,{'toeplitz_matrix': 1},asymptotic,False,,27,results/bob_realchannel_run_tp0.5_fk0.0_rp0.0_vd0.0_seed69_20260917_071013_126309.json,results/alice_realchannel_run_seed69_20260917_071013_127657.json,exception: name 'PROJECT_DIR' is not defined,2026-09-17T07:10:15.964302,toeplitz,0.5,2,0.0026737967914438
0.5,0.0,0.0,0.0,70,results/bob_realchannel_run_tp0.5_fk0.0_rp0.0_vd0.0_seed70_20260917_071017_977655.json,374,37,3180,34,34,True,0,False,,3.322246551513672,{'toeplitz_matrix': 1},asymptotic,True,,28,results/bob_realchannel_run_tp0.5_fk0.0_rp0.0_vd0.0_seed70_20260917_071017_977655.json,results/alice_realchannel_run_seed70_20260917_071017_973228.json,exception: name 'PROJECT_DIR' is not defined,2026-09-17T07:10:21.865295,toeplitz,0.5,2,0.0026737967914438
0.5,0.0,0.0,0.0,71,results/bob_realchannel_run_tp0.5_fk0.0_rp0.0_vd0.0_seed71_20260917_071023_913961.json,374,21,3180,34,34,False,16,False,,4.965308904647827,{},asymptotic,False,,29,results/bob_realchannel_run_tp0.5_fk0.0_rp0.0_vd0.0_seed71_20260917_071023_913961.json,results/alice_realchannel_run_seed71_20260917_071023_870865.json,exception: name 'PROJECT_DIR' is not defined,2026-09-17T07:10:29.323049,toeplitz,0.5,2,0.0026737967914438
0.001,0.0,0.0,0.0,52,results/bob_realchannel_run_tp0.001_fk0.0_rp0.0_vd0.0_seed52_20260917_072922_212090.json,382,36,3251,34,34,True,0,False,,5.349125623703003,{},asymptotic,True,,10,results/bob_realchannel_run_tp0.001_fk0.0_rp0.0_vd0.0_seed52_20260917_072922_212090.json,results/alice_realchannel_run_seed52_20260917_072922_183434.json,exception: name 'PROJECT_DIR' is not defined,2026-09-17T07:29:28.066204,toeplitz,0.001,3,0.0026178010471204
0.001,0.0,0.0,0.0,53,results/bob_realchannel_run_tp0.001_fk0.0_rp0.0_vd0.0_seed53_20260917_072930_110974.json,382,36,3251,34,34,True,0,False,,2.6624560356140137,{},asymptotic,True,,11,results/bob_realchannel_run_tp0.001_fk0.0_rp0.0_vd0.0_seed53_20260917_072930_110974.json,results/alice_realchannel_run_seed53_20260917_072930_109425.json,exception: name 'PROJECT_DIR' is not defined,2026-09-17T07:29:33.282950,toeplitz,0.001,3,0.0026178010471204
0.001,0.0,0.0,0.0,54,results/bob_realchannel_run_tp0.001_fk0.0_rp0.0_vd0.0_seed54_20260917_072935_289260.json,382,36,3251,34,34,True,0,False,,2.288721799850464,{},asymptotic,True,,12,results/bob_realchannel_run_tp0.001_fk0.0_rp0.0_vd0.0_seed54_20260917_072935_289260.json,results/alice_realchannel_run_seed54_20260917_072935_332223.json,exception: name 'PROJECT_DIR' is not defined,2026-09-17T07:29:38.200395,toeplitz,0.001,3,0.0026178010471204
0.001,0.0,0.0,0.0,55,results/bob_realchannel_run_tp0.001_fk0.0_rp0.0_vd0.0_seed55_20260917_072940_201116.json,382,36,3251,34,34,True,0,False,,5.180159091949463,{},asymptotic,True,,13,results/bob_realchannel_run_tp0.001_fk0.0_rp0.0_vd0.0_seed55_20260917_072940_201116.json,results/alice_realchannel_run_seed55_20260917_072940_168120.json,exception: name 'PROJECT_DIR' is not defined,2026-09-17T07:29:45.808214,toeplitz,0.001,3,0.0026178010471204
0.001,0.0,0.0,0.0,56,results/bob_realchannel_run_tp0.001_fk0.0_rp0.0_vd0.0_seed56_20260917_072947_808567.json,382,36,3251,34,34,True,0,False,,5.608679533004761,{},asymptotic,True,,14,results/bob_realchannel_run_tp0.001_fk0.0_rp0.0_vd0.0_seed56_20260917_072947_808567.json,results/alice_realchannel_run_seed56_20260917_072947_770132.json,exception: name 'PROJECT_DIR' is not defined,2026-09-17T07:29:53.839443,toeplitz,0.001,3,0.0026178010471204
0.001,0.0,0.0,0.0,57,results/bob_realchannel_run_tp0.001_fk0.0_rp0.0_vd0.0_seed57_20260917_072955_844401.json,382,36,3251,34,34,True,0,False,,5.508939743041992,{},asymptotic,True,,15,results/bob_realchannel_run_tp0.001_fk0.0_rp0.0_vd0.0_seed57_20260917_072955_844401.json,results/alice_realchannel_run_seed57_20260917_072955_807276.json,exception: name 'PROJECT_DIR' is not defined,2026-09-17T07:30:01.802777,toeplitz,0.001,3,0.0026178010471204
0.001,0.0,0.0,0.0,58,results/bob_realchannel_run_tp0.001_fk0.0_rp0.0_vd0.0_seed58_20260917_073003_808663.json,382,36,3251,34,34,True,0,False,,5.1445534229278564,{},asymptotic,True,,16,results/bob_realchannel_run_tp0.001_fk0.0_rp0.0_vd0.0_seed58_20260917_073003_808663.json,results/alice_realchannel_run_seed58_20260917_073003_766840.json,exception: name 'PROJECT_DIR' is not defined,2026-09-17T07:30:09.378755,toeplitz,0.001,3,0.0026178010471204
0.001,0.0,0.0,0.0,59,results/bob_realchannel_run_tp0.001_fk0.0_rp0.0_vd0.0_seed59_20260917_073011_392101.json,382,36,3251,34,34,True,0,False,,5.545044422149658,{},asymptotic,True,,17,results/bob_realchannel_run_tp0.001_fk0.0_rp0.0_vd0.0_seed59_20260917_073011_392101.json,results/alice_realchannel_run_seed59_20260917_073011_344283.json,exception: name 'PROJECT_DIR' is not defined,2026-09-17T07:30:17.364055,toeplitz,0.001,3,0.0026178010471204
0.001,0.0,0.0,0.0,60,results/bob_realchannel_run_tp0.001_fk0.0_rp0.0_vd0.0_seed60_20260917_073019_365189.json,382,16,3251,34,34,False,20,False,,2.667991876602173,{},asymptotic,False,,18,results/bob_realchannel_run_tp0.001_fk0.0_rp0.0_vd0.0_seed60_20260917_073019_365189.json,results/alice_realchannel_run_seed60_20260917_073019_368260.json,exception: name 'PROJECT_DIR' is not defined,2026-09-17T07:30:22.538727,toeplitz,0.001,3,0.0026178010471204
0.001,0.0,0.0,0.0,61,results/bob_realchannel_run_tp0.001_fk0.0_rp0.0_vd0.0_seed61_20260917_073024_554308.json,382,36,3251,34,34,True,0,False,,4.267631530761719,{},asymptotic,True,,19,results/bob_realchannel_run_tp0.001_fk0.0_rp0.0_vd0.0_seed61_20260917_073024_554308.json,results/alice_realchannel_run_seed61_20260917_073024_719673.json,exception: name 'PROJECT_DIR' is not defined,2026-09-17T07:30:29.545358,toeplitz,0.001,3,0.0026178010471204
0.001,0.0,0.0,0.0,62,results/bob_realchannel_run_tp0.001_fk0.0_rp0.0_vd0.0_seed62_20260917_073031_553824.json,382,36,3251,34,34,True,0,False,,3.7398126125335693,{},asymptotic,True,,20,results/bob_realchannel_run_tp0.001_fk0.0_rp0.0_vd0.0_seed62_20260917_073031_553824.json,results/alice_realchannel_run_seed62_20260917_073031_555916.json,exception: name 'PROJECT_DIR' is not defined,2026-09-17T07:30:35.777601,toeplitz,0.001,3,0.0026178010471204
0.001,0.0,0.0,0.0,63,results/bob_realchannel_run_tp0.001_fk0.0_rp0.0_vd0.0_seed63_20260917_073037_791742.json,382,36,3251,34,34,True,0,False,,3.8381526470184326,{},asymptotic,True,,21,results/bob_realchannel_run_tp0.001_fk0.0_rp0.0_vd0.0_seed63_20260917_073037_791742.json,results/alice_realchannel_run_seed63_20260917_073037_921058.json,exception: name 'PROJECT_DIR' is not defined,2026-09-17T07:30:42.357069,toeplitz,0.001,3,0.0026178010471204
0.001,0.0,0.0,0.0,64,results/bob_realchannel_run_tp0.001_fk0.0_rp0.0_vd0.0_seed64_20260917_073044_369474.json,382,36,3251,34,34,True,0,False,,2.803741931915283,{},asymptotic,True,,22,results/bob_realchannel_run_tp0.001_fk0.0_rp0.0_vd0.0_seed64_20260917_073044_369474.json,results/alice_realchannel_run_seed64_20260917_073044_371947.json,exception: name 'PROJECT_DIR' is not defined,2026-09-17T07:30:47.631351,toeplitz,0.001,3,0.0026178010471204
0.001,0.0,0.0,0.0,65,results/bob_realchannel_run_tp0.001_fk0.0_rp0.0_vd0.0_seed65_20260917_073049_628072.json,382,34,3251,34,34,False,2,False,,3.4733238220214844,{},asymptotic,False,,23,results/bob_realchannel_run_tp0.001_fk0.0_rp0.0_vd0.0_seed65_20260917_073049_628072.json,results/alice_realchannel_run_seed65_20260917_073049_803241.json,exception: name 'PROJECT_DIR' is not defined,2026-09-17T07:30:53.535818,toeplitz,0.001,3,0.0026178010471204
0.001,0.0,0.0,0.0,66,results/bob_realchannel_run_tp0.001_fk0.0_rp0.0_vd0.0_seed66_20260917_073055_551964.json,382,26,3251,34,34,False,10,False,,3.4461722373962402,{},asymptotic,False,,24,results/bob_realchannel_run_tp0.001_fk0.0_rp0.0_vd0.0_seed66_20260917_073055_551964.json,results/alice_realchannel_run_seed66_20260917_073055_602186.json,exception: name 'PROJECT_DIR' is not defined,2026-09-17T07:30:59.601056,toeplitz,0.001,3,0.0026178010471204
0.001,0.0,0.0,0.0,67,results/bob_realchannel_run_tp0.001_fk0.0_rp0.0_vd0.0_seed67_20260917_073101_611113.json,382,36,3251,34,34,True,0,False,,5.506568193435669,{},asymptotic,True,,25,results/bob_realchannel_run_tp0.001_fk0.0_rp0.0_vd0.0_seed67_20260917_073101_611113.json,results/alice_realchannel_run_seed67_20260917_073101_580931.json,exception: name 'PROJECT_DIR' is not defined,2026-09-17T07:31:07.603573,toeplitz,0.001,3,0.0026178010471204
0.001,0.0,0.0,0.0,68,results/bob_realchannel_run_tp0.001_fk0.0_rp0.0_vd0.0_seed68_20260917_073109_647017.json,382,36,3251,34,34,True,0,False,,6.278197288513184,{},asymptotic,True,,26,results/bob_realchannel_run_tp0.001_fk0.0_rp0.0_vd0.0_seed68_20260917_073109_647017.json,results/alice_realchannel_run_seed68_20260917_073109_579495.json,exception: name 'PROJECT_DIR' is not defined,2026-09-17T07:31:16.351442,toeplitz,0.001,3,0.0026178010471204
0.001,0.0,0.0,0.0,69,results/bob_realchannel_run_tp0.001_fk0.0_rp0.0_vd0.0_seed69_20260917_073118_397621.json,382,36,3251,34,34,True,0,False,,5.783721685409546,{},asymptotic,True,,27,results/bob_realchannel_run_tp0.001_fk0.0_rp0.0_vd0.0_seed69_20260917_073118_397621.json,results/alice_realchannel_run_seed69_20260917_073118_319451.json,exception: name 'PROJECT_DIR' is not defined,2026-09-17T07:31:24.710101,toeplitz,0.001,3,0.0026178010471204
0.001,0.0,0.0,0.0,70,results/bob_realchannel_run_tp0.001_fk0.0_rp0.0_vd0.0_seed70_20260917_073126_742954.json,382,36,3251,34,34,True,0,False,,5.342358350753784,{},asymptotic,True,,28,results/bob_realchannel_run_tp0.001_fk0.0_rp0.0_vd0.0_seed70_20260917_073126_742954.json,results/alice_realchannel_run_seed70_20260917_073126_679479.json,exception: name 'PROJECT_DIR' is not defined,2026-09-17T07:31:32.513082,toeplitz,0.001,3,0.0026178010471204
0.001,0.0,0.0,0.0,71,results/bob_realchannel_run_tp0.001_fk0.0_rp0.0_vd0.0_seed71_20260917_073134_644457.json,382,36,3251,34,34,True,0,False,,5.224552869796753,{},asymptotic,True,,29,results/bob_realchannel_run_tp0.001_fk0.0_rp0.0_vd0.0_seed71_20260917_073134_644457.json,results/alice_realchannel_run_seed71_20260917_073134_484884.json,exception: name 'PROJECT_DIR' is not defined,2026-09-17T07:31:40.324494,toeplitz,0.001,3,0.0026178010471204
0.003,0.0,0.0,0.0,52,results/bob_realchannel_run_tp0.003_fk0.0_rp0.0_vd0.0_seed52_20260917_073142_381977.json,382,36,3251,34,34,True,0,False,,5.286981821060181,{},asymptotic,True,,10,results/bob_realchannel_run_tp0.003_fk0.0_rp0.0_vd0.0_seed52_20260917_073142_381977.json,results/alice_realchannel_run_seed52_20260917_073142_291207.json,exception: name 'PROJECT_DIR' is not defined,2026-09-17T07:31:48.095916,toeplitz,0.003,3,0.0026178010471204
0.003,0.0,0.0,0.0,53,results/bob_realchannel_run_tp0.003_fk0.0_rp0.0_vd0.0_seed53_20260917_073150_167949.json,382,36,3251,34,34,True,0,False,,5.0251524448394775,{},asymptotic,True,,11,results/bob_realchannel_run_tp0.003_fk0.0_rp0.0_vd0.0_seed53_20260917_073150_167949.json,results/alice_realchannel_run_seed53_20260917_073150_066080.json,exception: name 'PROJECT_DIR' is not defined,2026-09-17T07:31:55.621289,toeplitz,0.003,3,0.0026178010471204
0.003,0.0,0.0,0.0,54,results/bob_realchannel_run_tp0.003_fk0.0_rp0.0_vd0.0_seed54_20260917_073157_639889.json,382,36,3251,34,34,True,0,False,,3.405439615249634,{},asymptotic,True,,12,results/bob_realchannel_run_tp0.003_fk0.0_rp0.0_vd0.0_seed54_20260917_073157_639889.json,results/alice_realchannel_run_seed54_20260917_073157_637651.json,exception: name 'PROJECT_DIR' is not defined,2026-09-17T07:32:01.556898,toeplitz,0.003,3,0.0026178010471204
0.003,0.0,0.0,0.0,55,results/bob_realchannel_run_tp0.003_fk0.0_rp0.0_vd0.0_seed55_20260917_073203_561066.json,382,36,3251,34,34,True,0,False,,3.784579277038574,{},asymptotic,True,,13,results/bob_realchannel_run_tp0.003_fk0.0_rp0.0_vd0.0_seed55_20260917_073203_561066.json,results/alice_realchannel_run_seed55_20260917_073203_692921.json,exception: name 'PROJECT_DIR' is not defined,2026-09-17T07:32:08.010353,toeplitz,0.003,3,0.0026178010471204
0.003,0.0,0.0,0.0,56,results/bob_realchannel_run_tp0.003_fk0.0_rp0.0_vd0.0_seed56_20260917_073210_024994.json,382,36,3251,34,34,True,0,False,,2.732715606689453,{},asymptotic,True,,14,results/bob_realchannel_run_tp0.003_fk0.0_rp0.0_vd0.0_seed56_20260917_073210_024994.json,results/alice_realchannel_run_seed56_20260917_073210_027803.json,exception: name 'PROJECT_DIR' is not defined,2026-09-17T07:32:13.268244,toeplitz,0.003,3,0.0026178010471204
0.003,0.0,0.0,0.0,57,results/bob_realchannel_run_tp0.003_fk0.0_rp0.0_vd0.0_seed57_20260917_073215_277393.json,382,36,3251,34,34,True,0,False,,2.472334623336792,{},asymptotic,True,,15,results/bob_realchannel_run_tp0.003_fk0.0_rp0.0_vd0.0_seed57_20260917_073215_277393.json,results/alice_realchannel_run_seed57_20260917_073215_417233.json,exception: name 'PROJECT_DIR' is not defined,2026-09-17T07:32:18.431226,toeplitz,0.003,3,0.0026178010471204
0.003,0.0,0.0,0.0,58,results/bob_realchannel_run_tp0.003_fk0.0_rp0.0_vd0.0_seed58_20260917_073220_443895.json,382,36,3251,34,34,True,0,False,,3.1653106212615967,{},asymptotic,True,,16,results/bob_realchannel_run_tp0.003_fk0.0_rp0.0_vd0.0_seed58_20260917_073220_443895.json,results/alice_realchannel_run_seed58_20260917_073220_445185.json,exception: name 'PROJECT_DIR' is not defined,2026-09-17T07:32:24.121838,toeplitz,0.003,3,0.0026178010471204
0.003,0.0,0.0,0.0,59,results/bob_realchannel_run_tp0.003_fk0.0_rp0.0_vd0.0_seed59_20260917_073226_177651.json,382,36,3251,34,34,True,0,False,,2.287668466567993,{},asymptotic,True,,17,results/bob_realchannel_run_tp0.003_fk0.0_rp0.0_vd0.0_seed59_20260917_073226_177651.json,results/alice_realchannel_run_seed59_20260917_073226_222340.json,exception: name 'PROJECT_DIR' is not defined,2026-09-17T07:32:29.170949,toeplitz,0.003,3,0.0026178010471204
0.003,0.0,0.0,0.0,60,results/bob_realchannel_run_tp0.003_fk0.0_rp0.0_vd0.0_seed60_20260917_073231_185459.json,382,16,3251,34,34,False,20,False,,2.211758852005005,{},asymptotic,False,,18,results/bob_realchannel_run_tp0.003_fk0.0_rp0.0_vd0.0_seed60_20260917_073231_185459.json,results/alice_realchannel_run_seed60_20260917_073231_189138.json,exception: name 'PROJECT_DIR' is not defined,2026-09-17T07:32:33.908740,toeplitz,0.003,3,0.0026178010471204
0.003,0.0,0.0,0.0,61,results/bob_realchannel_run_tp0.003_fk0.0_rp0.0_vd0.0_seed61_20260917_073235_908313.json,382,36,3251,34,34,True,0,False,,4.233776569366455,{},asymptotic,True,,19,results/bob_realchannel_run_tp0.003_fk0.0_rp0.0_vd0.0_seed61_20260917_073235_908313.json,results/alice_realchannel_run_seed61_20260917_073236_047783.json,exception: name 'PROJECT_DIR' is not defined,2026-09-17T07:32:40.774133,toeplitz,0.003,3,0.0026178010471204
0.003,0.0,0.0,0.0,62,results/bob_realchannel_run_tp0.003_fk0.0_rp0.0_vd0.0_seed62_20260917_073242_782069.json,382,36,3251,34,34,True,0,False,,5.706854343414307,{},asymptotic,True,,20,results/bob_realchannel_run_tp0.003_fk0.0_rp0.0_vd0.0_seed62_20260917_073242_782069.json,results/alice_realchannel_run_seed62_20260917_073242_743022.json,exception: name 'PROJECT_DIR' is not defined,2026-09-17T07:32:48.923230,toeplitz,0.003,3,0.0026178010471204
0.003,0.0,0.0,0.0,63,results/bob_realchannel_run_tp0.003_fk0.0_rp0.0_vd0.0_seed63_20260917_073250_931321.json,382,36,3251,34,34,True,0,False,,4.517796516418457,{},asymptotic,True,,21,results/bob_realchannel_run_tp0.003_fk0.0_rp0.0_vd0.0_seed63_20260917_073250_931321.json,results/alice_realchannel_run_seed63_20260917_073250_890388.json,exception: name 'PROJECT_DIR' is not defined,2026-09-17T07:32:55.883327,toeplitz,0.003,3,0.0026178010471204
0.003,0.0,0.0,0.0,64,results/bob_realchannel_run_tp0.003_fk0.0_rp0.0_vd0.0_seed64_20260917_073257_887508.json,382,36,3251,34,34,True,0,False,,4.538256406784058,{},asymptotic,True,,22,results/bob_realchannel_run_tp0.003_fk0.0_rp0.0_vd0.0_seed64_20260917_073257_887508.json,results/alice_realchannel_run_seed64_20260917_073257_845388.json,exception: name 'PROJECT_DIR' is not defined,2026-09-17T07:33:02.882737,toeplitz,0.003,3,0.0026178010471204
0.003,0.0,0.0,0.0,65,results/bob_realchannel_run_tp0.003_fk0.0_rp0.0_vd0.0_seed65_20260917_073304_922504.json,382,34,3251,34,34,False,2,False,,5.234749794006348,{},asymptotic,False,,23,results/bob_realchannel_run_tp0.003_fk0.0_rp0.0_vd0.0_seed65_20260917_073304_922504.json,results/alice_realchannel_run_seed65_20260917_073304_847323.json,exception: name 'PROJECT_DIR' is not defined,2026-09-17T07:33:10.589878,toeplitz,0.003,3,0.0026178010471204
0.003,0.0,0.0,0.0,66,results/bob_realchannel_run_tp0.003_fk0.0_rp0.0_vd0.0_seed66_20260917_073312_595830.json,382,26,3251,34,34,False,10,False,,5.377209901809692,{},asymptotic,False,,24,results/bob_realchannel_run_tp0.003_fk0.0_rp0.0_vd0.0_seed66_20260917_073312_595830.json,results/alice_realchannel_run_seed66_20260917_073312_559620.json,exception: name 'PROJECT_DIR' is not defined,2026-09-17T07:33:18.425254,toeplitz,0.003,3,0.0026178010471204
0.003,0.0,0.0,0.0,67,results/bob_realchannel_run_tp0.003_fk0.0_rp0.0_vd0.0_seed67_20260917_073320_431749.json,382,36,3251,34,34,True,0,False,,4.185385465621948,{},asymptotic,True,,25,results/bob_realchannel_run_tp0.003_fk0.0_rp0.0_vd0.0_seed67_20260917_073320_431749.json,results/alice_realchannel_run_seed67_20260917_073320_398991.json,exception: name 'PROJECT_DIR' is not defined,2026-09-17T07:33:25.053695,toeplitz,0.003,3,0.0026178010471204
0.003,0.0,0.0,0.0,68,results/bob_realchannel_run_tp0.003_fk0.0_rp0.0_vd0.0_seed68_20260917_073327_084241.json,382,36,3251,34,34,True,0,False,,3.7534098625183105,{},asymptotic,True,,26,results/bob_realchannel_run_tp0.003_fk0.0_rp0.0_vd0.0_seed68_20260917_073327_084241.json,results/alice_realchannel_run_seed68_20260917_073327_210862.json,exception: name 'PROJECT_DIR' is not defined,2026-09-17T07:33:31.546878,toeplitz,0.003,3,0.0026178010471204
0.003,0.0,0.0,0.0,69,results/bob_realchannel_run_tp0.003_fk0.0_rp0.0_vd0.0_seed69_20260917_073333_621840.json,382,36,3251,34,34,True,0,False,,3.9682445526123047,{},asymptotic,True,,27,results/bob_realchannel_run_tp0.003_fk0.0_rp0.0_vd0.0_seed69_20260917_073333_621840.json,results/alice_realchannel_run_seed69_20260917_073333_725210.json,exception: name 'PROJECT_DIR' is not defined,2026-09-17T07:33:38.255883,toeplitz,0.003,3,0.0026178010471204
0.003,0.0,0.0,0.0,70,results/bob_realchannel_run_tp0.003_fk0.0_rp0.0_vd0.0_seed70_20260917_073340_354676.json,382,36,3251,34,34,True,0,False,,5.283648729324341,{},asymptotic,True,,28,results/bob_realchannel_run_tp0.003_fk0.0_rp0.0_vd0.0_seed70_20260917_073340_354676.json,results/alice_realchannel_run_seed70_20260917_073340_236632.json,exception: name 'PROJECT_DIR' is not defined,2026-09-17T07:33:46.109672,toeplitz,0.003,3,0.0026178010471204
0.003,0.0,0.0,0.0,71,results/bob_realchannel_run_tp0.003_fk0.0_rp0.0_vd0.0_seed71_20260917_073348_155327.json,382,36,3251,34,34,True,0,False,,2.542111873626709,{},asymptotic,True,,29,results/bob_realchannel_run_tp0.003_fk0.0_rp0.0_vd0.0_seed71_20260917_073348_155327.json,results/alice_realchannel_run_seed71_20260917_073348_228164.json,exception: name 'PROJECT_DIR' is not defined,2026-09-17T07:33:51.400620,toeplitz,0.003,3,0.0026178010471204
0.01,0.0,0.0,0.0,52,results/bob_realchannel_run_tp0.01_fk0.0_rp0.0_vd0.0_seed52_20260917_073353_396252.json,382,36,3251,34,34,True,0,False,,3.038144826889038,{},asymptotic,True,,10,results/bob_realchannel_run_tp0.01_fk0.0_rp0.0_vd0.0_seed52_20260917_073353_396252.json,results/alice_realchannel_run_seed52_20260917_073353_518651.json,exception: name 'PROJECT_DIR' is not defined,2026-09-17T07:33:57.100211,toeplitz,0.01,3,0.0026178010471204
0.01,0.0,0.0,0.0,53,results/bob_realchannel_run_tp0.01_fk0.0_rp0.0_vd0.0_seed53_20260917_073359_129173.json,382,36,3251,34,34,True,0,False,,1.8880798816680908,{},asymptotic,True,,11,results/bob_realchannel_run_tp0.01_fk0.0_rp0.0_vd0.0_seed53_20260917_073359_129173.json,results/alice_realchannel_run_seed53_20260917_073359_237543.json,exception: name 'PROJECT_DIR' is not defined,2026-09-17T07:34:01.744305,toeplitz,0.01,3,0.0026178010471204
0.01,0.0,0.0,0.0,54,results/bob_realchannel_run_tp0.01_fk0.0_rp0.0_vd0.0_seed54_20260917_073403_810591.json,382,36,3251,34,34,True,0,False,,3.503183364868164,{},asymptotic,True,,12,results/bob_realchannel_run_tp0.01_fk0.0_rp0.0_vd0.0_seed54_20260917_073403_810591.json,results/alice_realchannel_run_seed54_20260917_073403_905900.json,exception: name 'PROJECT_DIR' is not defined,2026-09-17T07:34:08.043754,toeplitz,0.01,3,0.0026178010471204
0.01,0.0,0.0,0.0,55,results/bob_realchannel_run_tp0.01_fk0.0_rp0.0_vd0.0_seed55_20260917_073410_047183.json,382,36,3251,34,34,True,0,False,,2.4628162384033203,{},asymptotic,True,,13,results/bob_realchannel_run_tp0.01_fk0.0_rp0.0_vd0.0_seed55_20260917_073410_047183.json,results/alice_realchannel_run_seed55_20260917_073410_191533.json,exception: name 'PROJECT_DIR' is not defined,2026-09-17T07:34:13.211833,toeplitz,0.01,3,0.0026178010471204
0.01,0.0,0.0,0.0,56,results/bob_realchannel_run_tp0.01_fk0.0_rp0.0_vd0.0_seed56_20260917_073415_222004.json,382,36,3251,34,34,True,0,False,,2.8875937461853027,{},asymptotic,True,,14,results/bob_realchannel_run_tp0.01_fk0.0_rp0.0_vd0.0_seed56_20260917_073415_222004.json,results/alice_realchannel_run_seed56_20260917_073415_373775.json,exception: name 'PROJECT_DIR' is not defined,2026-09-17T07:34:18.825714,toeplitz,0.01,3,0.0026178010471204
0.01,0.0,0.0,0.0,57,results/bob_realchannel_run_tp0.01_fk0.0_rp0.0_vd0.0_seed57_20260917_073420_831401.json,382,36,3251,34,34,True,0,False,,3.654461145401001,{},asymptotic,True,,15,results/bob_realchannel_run_tp0.01_fk0.0_rp0.0_vd0.0_seed57_20260917_073420_831401.json,results/alice_realchannel_run_seed57_20260917_073420_969618.json,exception: name 'PROJECT_DIR' is not defined,2026-09-17T07:34:25.187857,toeplitz,0.01,3,0.0026178010471204
0.01,0.0,0.0,0.0,58,results/bob_realchannel_run_tp0.01_fk0.0_rp0.0_vd0.0_seed58_20260917_073427_206892.json,382,36,3251,34,34,True,0,False,,3.2949676513671875,{},asymptotic,True,,16,results/bob_realchannel_run_tp0.01_fk0.0_rp0.0_vd0.0_seed58_20260917_073427_206892.json,results/alice_realchannel_run_seed58_20260917_073427_335913.json,exception: name 'PROJECT_DIR' is not defined,2026-09-17T07:34:31.197289,toeplitz,0.01,3,0.0026178010471204
0.01,0.0,0.0,0.0,59,results/bob_realchannel_run_tp0.01_fk0.0_rp0.0_vd0.0_seed59_20260917_073433_212093.json,382,36,3251,34,34,True,0,False,,3.2657430171966553,{},asymptotic,True,,17,results/bob_realchannel_run_tp0.01_fk0.0_rp0.0_vd0.0_seed59_20260917_073433_212093.json,results/alice_realchannel_run_seed59_20260917_073433_343982.json,exception: name 'PROJECT_DIR' is not defined,2026-09-17T07:34:37.201743,toeplitz,0.01,3,0.0026178010471204
0.01,0.0,0.0,0.0,60,results/bob_realchannel_run_tp0.01_fk0.0_rp0.0_vd0.0_seed60_20260917_073439_206310.json,382,16,3251,34,34,False,20,False,,3.9349372386932373,{},asymptotic,False,,18,results/bob_realchannel_run_tp0.01_fk0.0_rp0.0_vd0.0_seed60_20260917_073439_206310.json,results/alice_realchannel_run_seed60_20260917_073439_178734.json,exception: name 'PROJECT_DIR' is not defined,2026-09-17T07:34:43.574398,toeplitz,0.01,3,0.0026178010471204
0.01,0.0,0.0,0.0,61,results/bob_realchannel_run_tp0.01_fk0.0_rp0.0_vd0.0_seed61_20260917_073445_575726.json,382,36,3251,34,34,True,0,False,,4.190214395523071,{},asymptotic,True,,19,results/bob_realchannel_run_tp0.01_fk0.0_rp0.0_vd0.0_seed61_20260917_073445_575726.json,results/alice_realchannel_run_seed61_20260917_073445_664639.json,exception: name 'PROJECT_DIR' is not defined,2026-09-17T07:34:50.404072,toeplitz,0.01,3,0.0026178010471204
0.01,0.0,0.0,0.0,62,results/bob_realchannel_run_tp0.01_fk0.0_rp0.0_vd0.0_seed62_20260917_073452_415613.json,382,36,3251,34,34,True,0,False,,3.362135171890259,{},asymptotic,True,,20,results/bob_realchannel_run_tp0.01_fk0.0_rp0.0_vd0.0_seed62_20260917_073452_415613.json,results/alice_realchannel_run_seed62_20260917_073452_497554.json,exception: name 'PROJECT_DIR' is not defined,2026-09-17T07:34:56.400417,toeplitz,0.01,3,0.0026178010471204
0.01,0.0,0.0,0.0,63,results/bob_realchannel_run_tp0.01_fk0.0_rp0.0_vd0.0_seed63_20260917_073458_409476.json,382,36,3251,34,34,True,0,False,,3.840593099594116,{},asymptotic,True,,21,results/bob_realchannel_run_tp0.01_fk0.0_rp0.0_vd0.0_seed63_20260917_073458_409476.json,results/alice_realchannel_run_seed63_20260917_073458_537526.json,exception: name 'PROJECT_DIR' is not defined,2026-09-17T07:35:02.858864,toeplitz,0.01,3,0.0026178010471204
0.01,0.0,0.0,0.0,64,results/bob_realchannel_run_tp0.01_fk0.0_rp0.0_vd0.0_seed64_20260917_073504_867903.json,382,36,3251,34,34,True,0,False,,3.362119674682617,{},asymptotic,True,,22,results/bob_realchannel_run_tp0.01_fk0.0_rp0.0_vd0.0_seed64_20260917_073504_867903.json,results/alice_realchannel_run_seed64_20260917_073504_966414.json,exception: name 'PROJECT_DIR' is not defined,2026-09-17T07:35:08.896132,toeplitz,0.01,3,0.0026178010471204
0.01,0.0,0.0,0.0,65,results/bob_realchannel_run_tp0.01_fk0.0_rp0.0_vd0.0_seed65_20260917_073510_904135.json,382,34,3251,34,34,False,2,False,,2.4739418029785156,{},asymptotic,False,,23,results/bob_realchannel_run_tp0.01_fk0.0_rp0.0_vd0.0_seed65_20260917_073510_904135.json,results/alice_realchannel_run_seed65_20260917_073510_987087.json,exception: name 'PROJECT_DIR' is not defined,2026-09-17T07:35:13.988459,toeplitz,0.01,3,0.0026178010471204
0.01,0.0,0.0,0.0,66,results/bob_realchannel_run_tp0.01_fk0.0_rp0.0_vd0.0_seed66_20260917_073515_998656.json,382,26,3251,34,34,False,10,False,,3.043083429336548,{},asymptotic,False,,24,results/bob_realchannel_run_tp0.01_fk0.0_rp0.0_vd0.0_seed66_20260917_073515_998656.json,results/alice_realchannel_run_seed66_20260917_073516_097969.json,exception: name 'PROJECT_DIR' is not defined,2026-09-17T07:35:19.672675,toeplitz,0.01,3,0.0026178010471204
0.01,0.0,0.0,0.0,67,results/bob_realchannel_run_tp0.01_fk0.0_rp0.0_vd0.0_seed67_20260917_073521_720363.json,382,36,3251,34,34,True,0,False,,5.473431587219238,{},asymptotic,True,,25,results/bob_realchannel_run_tp0.01_fk0.0_rp0.0_vd0.0_seed67_20260917_073521_720363.json,results/alice_realchannel_run_seed67_20260917_073521_648721.json,exception: name 'PROJECT_DIR' is not defined,2026-09-17T07:35:27.620679,toeplitz,0.01,3,0.0026178010471204
0.01,0.0,0.0,0.0,68,results/bob_realchannel_run_tp0.01_fk0.0_rp0.0_vd0.0_seed68_20260917_073529_643214.json,382,36,3251,34,34,True,0,False,,3.954637050628662,{},asymptotic,True,,26,results/bob_realchannel_run_tp0.01_fk0.0_rp0.0_vd0.0_seed68_20260917_073529_643214.json,results/alice_realchannel_run_seed68_20260917_073529_718248.json,exception: name 'PROJECT_DIR' is not defined,2026-09-17T07:35:34.215005,toeplitz,0.01,3,0.0026178010471204
0.01,0.0,0.0,0.0,69,results/bob_realchannel_run_tp0.01_fk0.0_rp0.0_vd0.0_seed69_20260917_073536_228734.json,382,36,3251,34,34,True,0,False,,3.093233585357666,{},asymptotic,True,,27,results/bob_realchannel_run_tp0.01_fk0.0_rp0.0_vd0.0_seed69_20260917_073536_228734.json,results/alice_realchannel_run_seed69_20260917_073536_372452.json,exception: name 'PROJECT_DIR' is not defined,2026-09-17T07:35:40.022929,toeplitz,0.01,3,0.0026178010471204
0.01,0.0,0.0,0.0,70,results/bob_realchannel_run_tp0.01_fk0.0_rp0.0_vd0.0_seed70_20260917_073542_033036.json,382,36,3251,34,34,True,0,False,,3.0652759075164795,{},asymptotic,True,,28,results/bob_realchannel_run_tp0.01_fk0.0_rp0.0_vd0.0_seed70_20260917_073542_033036.json,results/alice_realchannel_run_seed70_20260917_073542_169118.json,exception: name 'PROJECT_DIR' is not defined,2026-09-17T07:35:45.801136,toeplitz,0.01,3,0.0026178010471204
0.01,0.0,0.0,0.0,71,results/bob_realchannel_run_tp0.01_fk0.0_rp0.0_vd0.0_seed71_20260917_073547_810705.json,382,36,3251,34,34,True,0,False,,2.995621681213379,{},asymptotic,True,,29,results/bob_realchannel_run_tp0.01_fk0.0_rp0.0_vd0.0_seed71_20260917_073547_810705.json,results/alice_realchannel_run_seed71_20260917_073547_882037.json,exception: name 'PROJECT_DIR' is not defined,2026-09-17T07:35:51.267895,toeplitz,0.01,3,0.0026178010471204
0.03,0.0,0.0,0.0,52,results/bob_realchannel_run_tp0.03_fk0.0_rp0.0_vd0.0_seed52_20260917_073553_271993.json,382,36,3251,34,34,True,0,False,,3.033737897872925,{},asymptotic,True,,10,results/bob_realchannel_run_tp0.03_fk0.0_rp0.0_vd0.0_seed52_20260917_073553_271993.json,results/alice_realchannel_run_seed52_20260917_073553_390525.json,exception: name 'PROJECT_DIR' is not defined,2026-09-17T07:35:57.014077,toeplitz,0.03,3,0.0026178010471204
0.03,0.0,0.0,0.0,53,results/bob_realchannel_run_tp0.03_fk0.0_rp0.0_vd0.0_seed53_20260917_073559_105338.json,382,36,3251,34,34,True,0,False,,5.0208141803741455,{},asymptotic,True,,11,results/bob_realchannel_run_tp0.03_fk0.0_rp0.0_vd0.0_seed53_20260917_073559_105338.json,results/alice_realchannel_run_seed53_20260917_073558_991984.json,exception: name 'PROJECT_DIR' is not defined,2026-09-17T07:36:04.560108,toeplitz,0.03,3,0.0026178010471204
0.03,0.0,0.0,0.0,54,results/bob_realchannel_run_tp0.03_fk0.0_rp0.0_vd0.0_seed54_20260917_073606_576300.json,382,36,3251,34,34,True,0,False,,3.534109592437744,{},asymptotic,True,,12,results/bob_realchannel_run_tp0.03_fk0.0_rp0.0_vd0.0_seed54_20260917_073606_576300.json,results/alice_realchannel_run_seed54_20260917_073606_706486.json,exception: name 'PROJECT_DIR' is not defined,2026-09-17T07:36:10.832109,toeplitz,0.03,3,0.0026178010471204
0.03,0.0,0.0,0.0,55,results/bob_realchannel_run_tp0.03_fk0.0_rp0.0_vd0.0_seed55_20260917_073612_845288.json,382,36,3251,34,34,True,0,False,,4.736011743545532,{},asymptotic,True,,13,results/bob_realchannel_run_tp0.03_fk0.0_rp0.0_vd0.0_seed55_20260917_073612_845288.json,results/alice_realchannel_run_seed55_20260917_073612_806058.json,exception: name 'PROJECT_DIR' is not defined,2026-09-17T07:36:18.011784,toeplitz,0.03,3,0.0026178010471204
0.03,0.0,0.0,0.0,56,results/bob_realchannel_run_tp0.03_fk0.0_rp0.0_vd0.0_seed56_20260917_073620_024305.json,382,36,3251,34,34,True,0,False,,3.7257542610168457,{},asymptotic,True,,14,results/bob_realchannel_run_tp0.03_fk0.0_rp0.0_vd0.0_seed56_20260917_073620_024305.json,results/alice_realchannel_run_seed56_20260917_073620_117609.json,exception: name 'PROJECT_DIR' is not defined,2026-09-17T07:36:24.431040,toeplitz,0.03,3,0.0026178010471204
0.03,0.0,0.0,0.0,57,results/bob_realchannel_run_tp0.03_fk0.0_rp0.0_vd0.0_seed57_20260917_073626_472527.json,382,36,3251,34,34,True,0,False,,3.6013612747192383,{},asymptotic,True,,15,results/bob_realchannel_run_tp0.03_fk0.0_rp0.0_vd0.0_seed57_20260917_073626_472527.json,results/alice_realchannel_run_seed57_20260917_073626_558278.json,exception: name 'PROJECT_DIR' is not defined,2026-09-17T07:36:30.752001,toeplitz,0.03,3,0.0026178010471204
0.03,0.0,0.0,0.0,58,results/bob_realchannel_run_tp0.03_fk0.0_rp0.0_vd0.0_seed58_20260917_073632_752464.json,382,36,3251,34,34,True,0,False,,3.3129513263702393,{},asymptotic,True,,16,results/bob_realchannel_run_tp0.03_fk0.0_rp0.0_vd0.0_seed58_20260917_073632_752464.json,results/alice_realchannel_run_seed58_20260917_073632_897103.json,exception: name 'PROJECT_DIR' is not defined,2026-09-17T07:36:36.740237,toeplitz,0.03,3,0.0026178010471204
0.03,0.0,0.0,0.0,59,results/bob_realchannel_run_tp0.03_fk0.0_rp0.0_vd0.0_seed59_20260917_073638_785563.json,382,36,3251,34,34,True,0,False,,3.696631908416748,{},asymptotic,True,,17,results/bob_realchannel_run_tp0.03_fk0.0_rp0.0_vd0.0_seed59_20260917_073638_785563.json,results/alice_realchannel_run_seed59_20260917_073638_900892.json,exception: name 'PROJECT_DIR' is not defined,2026-09-17T07:36:43.215670,toeplitz,0.03,3,0.0026178010471204
0.03,0.0,0.0,0.0,60,results/bob_realchannel_run_tp0.03_fk0.0_rp0.0_vd0.0_seed60_20260917_073645_223561.json,382,16,3251,34,34,False,20,False,,2.774096727371216,{},asymptotic,False,,18,results/bob_realchannel_run_tp0.03_fk0.0_rp0.0_vd0.0_seed60_20260917_073645_223561.json,results/alice_realchannel_run_seed60_20260917_073645_333710.json,exception: name 'PROJECT_DIR' is not defined,2026-09-17T07:36:48.696632,toeplitz,0.03,3,0.0026178010471204
0.03,0.0,0.0,0.0,61,results/bob_realchannel_run_tp0.03_fk0.0_rp0.0_vd0.0_seed61_20260917_073650_715200.json,382,36,3251,34,34,True,0,False,,3.339029550552368,{},asymptotic,True,,19,results/bob_realchannel_run_tp0.03_fk0.0_rp0.0_vd0.0_seed61_20260917_073650_715200.json,results/alice_realchannel_run_seed61_20260917_073650_861674.json,exception: name 'PROJECT_DIR' is not defined,2026-09-17T07:36:54.729303,toeplitz,0.03,3,0.0026178010471204
0.03,0.0,0.0,0.0,62,results/bob_realchannel_run_tp0.03_fk0.0_rp0.0_vd0.0_seed62_20260917_073656_794610.json,382,36,3251,34,34,True,0,False,,3.7947776317596436,{},asymptotic,True,,20,results/bob_realchannel_run_tp0.03_fk0.0_rp0.0_vd0.0_seed62_20260917_073656_794610.json,results/alice_realchannel_run_seed62_20260917_073656_854305.json,exception: name 'PROJECT_DIR' is not defined,2026-09-17T07:37:01.286749,toeplitz,0.03,3,0.0026178010471204
0.03,0.0,0.0,0.0,63,results/bob_realchannel_run_tp0.03_fk0.0_rp0.0_vd0.0_seed63_20260917_073703_306837.json,382,36,3251,34,34,True,0,False,,2.389599084854126,{},asymptotic,True,,21,results/bob_realchannel_run_tp0.03_fk0.0_rp0.0_vd0.0_seed63_20260917_073703_306837.json,results/alice_realchannel_run_seed63_20260917_073703_387364.json,exception: name 'PROJECT_DIR' is not defined,2026-09-17T07:37:06.348769,toeplitz,0.03,3,0.0026178010471204
0.03,0.0,0.0,0.0,64,results/bob_realchannel_run_tp0.03_fk0.0_rp0.0_vd0.0_seed64_20260917_073708_371202.json,382,36,3251,34,34,True,0,False,,3.810154676437378,{},asymptotic,True,,22,results/bob_realchannel_run_tp0.03_fk0.0_rp0.0_vd0.0_seed64_20260917_073708_371202.json,results/alice_realchannel_run_seed64_20260917_073708_476820.json,exception: name 'PROJECT_DIR' is not defined,2026-09-17T07:37:12.826929,toeplitz,0.03,3,0.0026178010471204
0.03,0.0,0.0,0.0,65,results/bob_realchannel_run_tp0.03_fk0.0_rp0.0_vd0.0_seed65_20260917_073714_851399.json,382,34,3251,34,34,False,2,False,,3.354550838470459,{},asymptotic,False,,23,results/bob_realchannel_run_tp0.03_fk0.0_rp0.0_vd0.0_seed65_20260917_073714_851399.json,results/alice_realchannel_run_seed65_20260917_073714_913343.json,exception: name 'PROJECT_DIR' is not defined,2026-09-17T07:37:18.661289,toeplitz,0.03,3,0.0026178010471204
0.03,0.0,0.0,0.0,66,results/bob_realchannel_run_tp0.03_fk0.0_rp0.0_vd0.0_seed66_20260917_073720_679289.json,382,26,3251,34,34,False,10,False,,3.0702340602874756,{},asymptotic,False,,24,results/bob_realchannel_run_tp0.03_fk0.0_rp0.0_vd0.0_seed66_20260917_073720_679289.json,results/alice_realchannel_run_seed66_20260917_073720_804397.json,exception: name 'PROJECT_DIR' is not defined,2026-09-17T07:37:24.470711,toeplitz,0.03,3,0.0026178010471204
0.03,0.0,0.0,0.0,67,results/bob_realchannel_run_tp0.03_fk0.0_rp0.0_vd0.0_seed67_20260917_073726_493254.json,382,36,3251,34,34,True,0,False,,5.496672630310059,{},asymptotic,True,,25,results/bob_realchannel_run_tp0.03_fk0.0_rp0.0_vd0.0_seed67_20260917_073726_493254.json,results/alice_realchannel_run_seed67_20260917_073726_444717.json,exception: name 'PROJECT_DIR' is not defined,2026-09-17T07:37:32.443316,toeplitz,0.03,3,0.0026178010471204
0.03,0.0,0.0,0.0,68,results/bob_realchannel_run_tp0.03_fk0.0_rp0.0_vd0.0_seed68_20260917_073734_469261.json,382,36,3251,34,34,True,0,False,,4.012740850448608,{},asymptotic,True,,26,results/bob_realchannel_run_tp0.03_fk0.0_rp0.0_vd0.0_seed68_20260917_073734_469261.json,results/alice_realchannel_run_seed68_20260917_073734_593254.json,exception: name 'PROJECT_DIR' is not defined,2026-09-17T07:37:39.142989,toeplitz,0.03,3,0.0026178010471204
0.03,0.0,0.0,0.0,69,results/bob_realchannel_run_tp0.03_fk0.0_rp0.0_vd0.0_seed69_20260917_073741_155201.json,382,36,3251,34,34,True,0,False,,3.986738681793213,{},asymptotic,True,,27,results/bob_realchannel_run_tp0.03_fk0.0_rp0.0_vd0.0_seed69_20260917_073741_155201.json,results/alice_realchannel_run_seed69_20260917_073741_294607.json,exception: name 'PROJECT_DIR' is not defined,2026-09-17T07:37:45.847931,toeplitz,0.03,3,0.0026178010471204
0.03,0.0,0.0,0.0,70,results/bob_realchannel_run_tp0.03_fk0.0_rp0.0_vd0.0_seed70_20260917_073747_889048.json,382,36,3251,34,34,True,0,False,,2.9855666160583496,{},asymptotic,True,,28,results/bob_realchannel_run_tp0.03_fk0.0_rp0.0_vd0.0_seed70_20260917_073747_889048.json,results/alice_realchannel_run_seed70_20260917_073747_974320.json,exception: name 'PROJECT_DIR' is not defined,2026-09-17T07:37:51.606570,toeplitz,0.03,3,0.0026178010471204
0.03,0.0,0.0,0.0,71,results/bob_realchannel_run_tp0.03_fk0.0_rp0.0_vd0.0_seed71_20260917_073753_619425.json,382,36,3251,34,34,True,0,False,,5.337896108627319,{},asymptotic,True,,29,results/bob_realchannel_run_tp0.03_fk0.0_rp0.0_vd0.0_seed71_20260917_073753_619425.json,results/alice_realchannel_run_seed71_20260917_073753_573458.json,exception: name 'PROJECT_DIR' is not defined,2026-09-17T07:37:59.410498,toeplitz,0.03,3,0.0026178010471204
0.05,0.0,0.0,0.0,52,results/bob_realchannel_run_tp0.05_fk0.0_rp0.0_vd0.0_seed52_20260917_073801_433220.json,382,36,3251,34,34,True,0,False,,3.497239351272583,{},asymptotic,True,,10,results/bob_realchannel_run_tp0.05_fk0.0_rp0.0_vd0.0_seed52_20260917_073801_433220.json,results/alice_realchannel_run_seed52_20260917_073801_568237.json,exception: name 'PROJECT_DIR' is not defined,2026-09-17T07:38:05.606064,toeplitz,0.05,3,0.0026178010471204
0.05,0.0,0.0,0.0,53,results/bob_realchannel_run_tp0.05_fk0.0_rp0.0_vd0.0_seed53_20260917_073807_624276.json,382,36,3251,34,34,True,0,False,,3.9131789207458496,{},asymptotic,True,,11,results/bob_realchannel_run_tp0.05_fk0.0_rp0.0_vd0.0_seed53_20260917_073807_624276.json,results/alice_realchannel_run_seed53_20260917_073807_573923.json,exception: name 'PROJECT_DIR' is not defined,2026-09-17T07:38:11.990854,toeplitz,0.05,3,0.0026178010471204
0.05,0.0,0.0,0.0,54,results/bob_realchannel_run_tp0.05_fk0.0_rp0.0_vd0.0_seed54_20260917_073814_025158.json,382,36,3251,34,34,True,0,False,,3.0168066024780273,{},asymptotic,True,,12,results/bob_realchannel_run_tp0.05_fk0.0_rp0.0_vd0.0_seed54_20260917_073814_025158.json,results/alice_realchannel_run_seed54_20260917_073814_091722.json,exception: name 'PROJECT_DIR' is not defined,2026-09-17T07:38:17.717990,toeplitz,0.05,3,0.0026178010471204
0.05,0.0,0.0,0.0,55,results/bob_realchannel_run_tp0.05_fk0.0_rp0.0_vd0.0_seed55_20260917_073819_752893.json,382,36,3251,34,34,True,0,False,,4.445465087890625,{},asymptotic,True,,13,results/bob_realchannel_run_tp0.05_fk0.0_rp0.0_vd0.0_seed55_20260917_073819_752893.json,results/alice_realchannel_run_seed55_20260917_073819_690741.json,exception: name 'PROJECT_DIR' is not defined,2026-09-17T07:38:24.648693,toeplitz,0.05,3,0.0026178010471204
0.05,0.0,0.0,0.0,56,results/bob_realchannel_run_tp0.05_fk0.0_rp0.0_vd0.0_seed56_20260917_073826_811409.json,382,36,3251,34,34,True,0,False,,3.9829201698303223,{},asymptotic,True,,14,results/bob_realchannel_run_tp0.05_fk0.0_rp0.0_vd0.0_seed56_20260917_073826_811409.json,results/alice_realchannel_run_seed56_20260917_073826_773613.json,exception: name 'PROJECT_DIR' is not defined,2026-09-17T07:38:31.500902,toeplitz,0.05,3,0.0026178010471204
0.05,0.0,0.0,0.0,57,results/bob_realchannel_run_tp0.05_fk0.0_rp0.0_vd0.0_seed57_20260917_073833_521564.json,382,36,3251,34,34,True,0,False,,3.6366567611694336,{},asymptotic,True,,15,results/bob_realchannel_run_tp0.05_fk0.0_rp0.0_vd0.0_seed57_20260917_073833_521564.json,results/alice_realchannel_run_seed57_20260917_073833_645461.json,exception: name 'PROJECT_DIR' is not defined,2026-09-17T07:38:37.802636,toeplitz,0.05,3,0.0026178010471204
0.05,0.0,0.0,0.0,58,results/bob_realchannel_run_tp0.05_fk0.0_rp0.0_vd0.0_seed58_20260917_073839_834078.json,382,36,3251,34,34,True,0,False,,2.3273892402648926,{},asymptotic,True,,16,results/bob_realchannel_run_tp0.05_fk0.0_rp0.0_vd0.0_seed58_20260917_073839_834078.json,results/alice_realchannel_run_seed58_20260917_073839_898548.json,exception: name 'PROJECT_DIR' is not defined,2026-09-17T07:38:42.805586,toeplitz,0.05,3,0.0026178010471204
0.05,0.0,0.0,0.0,59,results/bob_realchannel_run_tp0.05_fk0.0_rp0.0_vd0.0_seed59_20260917_073844_816303.json,382,36,3251,34,34,True,0,False,,3.6815435886383057,{},asymptotic,True,,17,results/bob_realchannel_run_tp0.05_fk0.0_rp0.0_vd0.0_seed59_20260917_073844_816303.json,results/alice_realchannel_run_seed59_20260917_073844_926539.json,exception: name 'PROJECT_DIR' is not defined,2026-09-17T07:38:49.132985,toeplitz,0.05,3,0.0026178010471204
0.05,0.0,0.0,0.0,60,results/bob_realchannel_run_tp0.05_fk0.0_rp0.0_vd0.0_seed60_20260917_073851_156352.json,382,16,3251,34,34,False,20,False,,1.8655409812927246,{},asymptotic,False,,18,results/bob_realchannel_run_tp0.05_fk0.0_rp0.0_vd0.0_seed60_20260917_073851_156352.json,results/alice_realchannel_run_seed60_20260917_073851_267703.json,exception: name 'PROJECT_DIR' is not defined,2026-09-17T07:38:53.656602,toeplitz,0.05,3,0.0026178010471204
0.05,0.0,0.0,0.0,61,results/bob_realchannel_run_tp0.05_fk0.0_rp0.0_vd0.0_seed61_20260917_073855_673236.json,382,36,3251,34,34,True,0,False,,2.832047700881958,{},asymptotic,True,,19,results/bob_realchannel_run_tp0.05_fk0.0_rp0.0_vd0.0_seed61_20260917_073855_673236.json,results/alice_realchannel_run_seed61_20260917_073855_749656.json,exception: name 'PROJECT_DIR' is not defined,2026-09-17T07:38:59.204221,toeplitz,0.05,3,0.0026178010471204
0.05,0.0,0.0,0.0,62,results/bob_realchannel_run_tp0.05_fk0.0_rp0.0_vd0.0_seed62_20260917_073901_231318.json,382,36,3251,34,34,True,0,False,,3.390808343887329,{},asymptotic,True,,20,results/bob_realchannel_run_tp0.05_fk0.0_rp0.0_vd0.0_seed62_20260917_073901_231318.json,results/alice_realchannel_run_seed62_20260917_073901_347017.json,exception: name 'PROJECT_DIR' is not defined,2026-09-17T07:39:05.283965,toeplitz,0.05,3,0.0026178010471204
0.05,0.0,0.0,0.0,63,results/bob_realchannel_run_tp0.05_fk0.0_rp0.0_vd0.0_seed63_20260917_073907_304630.json,382,36,3251,34,34,True,0,False,,2.4320290088653564,{},asymptotic,True,,21,results/bob_realchannel_run_tp0.05_fk0.0_rp0.0_vd0.0_seed63_20260917_073907_304630.json,results/alice_realchannel_run_seed63_20260917_073907_413502.json,exception: name 'PROJECT_DIR' is not defined,2026-09-17T07:39:10.390647,toeplitz,0.05,3,0.0026178010471204
0.05,0.0,0.0,0.0,64,results/bob_realchannel_run_tp0.05_fk0.0_rp0.0_vd0.0_seed64_20260917_073912_426332.json,382,36,3251,34,34,True,0,False,,3.7351365089416504,{},asymptotic,True,,22,results/bob_realchannel_run_tp0.05_fk0.0_rp0.0_vd0.0_seed64_20260917_073912_426332.json,results/alice_realchannel_run_seed64_20260917_073912_452350.json,exception: name 'PROJECT_DIR' is not defined,2026-09-17T07:39:16.733616,toeplitz,0.05,3,0.0026178010471204
0.05,0.0,0.0,0.0,65,results/bob_realchannel_run_tp0.05_fk0.0_rp0.0_vd0.0_seed65_20260917_073918_770094.json,382,34,3251,34,34,False,2,False,,4.535755157470703,{},asymptotic,False,,23,results/bob_realchannel_run_tp0.05_fk0.0_rp0.0_vd0.0_seed65_20260917_073918_770094.json,results/alice_realchannel_run_seed65_20260917_073918_709181.json,exception: name 'PROJECT_DIR' is not defined,2026-09-17T07:39:23.761155,toeplitz,0.05,3,0.0026178010471204
0.05,0.0,0.0,0.0,66,results/bob_realchannel_run_tp0.05_fk0.0_rp0.0_vd0.0_seed66_20260917_073925_797781.json,382,26,3251,34,34,False,10,False,,5.383566379547119,{},asymptotic,False,,24,results/bob_realchannel_run_tp0.05_fk0.0_rp0.0_vd0.0_seed66_20260917_073925_797781.json,results/alice_realchannel_run_seed66_20260917_073925_771050.json,exception: name 'PROJECT_DIR' is not defined,2026-09-17T07:39:31.712634,toeplitz,0.05,3,0.0026178010471204
0.05,0.0,0.0,0.0,67,results/bob_realchannel_run_tp0.05_fk0.0_rp0.0_vd0.0_seed67_20260917_073933_729337.json,382,36,3251,34,34,True,0,False,,3.6448135375976562,{},asymptotic,True,,25,results/bob_realchannel_run_tp0.05_fk0.0_rp0.0_vd0.0_seed67_20260917_073933_729337.json,results/alice_realchannel_run_seed67_20260917_073933_850696.json,exception: name 'PROJECT_DIR' is not defined,2026-09-17T07:39:38.109269,toeplitz,0.05,3,0.0026178010471204
0.05,0.0,0.0,0.0,68,results/bob_realchannel_run_tp0.05_fk0.0_rp0.0_vd0.0_seed68_20260917_073940_130567.json,382,36,3251,34,34,True,0,False,,5.398532390594482,{},asymptotic,True,,26,results/bob_realchannel_run_tp0.05_fk0.0_rp0.0_vd0.0_seed68_20260917_073940_130567.json,results/alice_realchannel_run_seed68_20260917_073940_084941.json,exception: name 'PROJECT_DIR' is not defined,2026-09-17T07:39:45.984873,toeplitz,0.05,3,0.0026178010471204
0.05,0.0,0.0,0.0,69,results/bob_realchannel_run_tp0.05_fk0.0_rp0.0_vd0.0_seed69_20260917_073948_051512.json,382,36,3251,34,34,True,0,False,,2.590231418609619,{},asymptotic,True,,27,results/bob_realchannel_run_tp0.05_fk0.0_rp0.0_vd0.0_seed69_20260917_073948_051512.json,results/alice_realchannel_run_seed69_20260917_073948_123420.json,exception: name 'PROJECT_DIR' is not defined,2026-09-17T07:39:51.305396,toeplitz,0.05,3,0.0026178010471204
0.05,0.0,0.0,0.0,70,results/bob_realchannel_run_tp0.05_fk0.0_rp0.0_vd0.0_seed70_20260917_073953_327287.json,382,36,3251,34,34,True,0,False,,4.902193784713745,{'toeplitz_matrix': 1},asymptotic,True,,28,results/bob_realchannel_run_tp0.05_fk0.0_rp0.0_vd0.0_seed70_20260917_073953_327287.json,results/alice_realchannel_run_seed70_20260917_073953_280343.json,exception: name 'PROJECT_DIR' is not defined,2026-09-17T07:39:58.712150,toeplitz,0.05,3,0.0026178010471204
0.05,0.0,0.0,0.0,71,results/bob_realchannel_run_tp0.05_fk0.0_rp0.0_vd0.0_seed71_20260917_074000_755856.json,382,36,3251,34,34,True,0,False,,2.7459163665771484,{},asymptotic,True,,29,results/bob_realchannel_run_tp0.05_fk0.0_rp0.0_vd0.0_seed71_20260917_074000_755856.json,results/alice_realchannel_run_seed71_20260917_074000_846116.json,exception: name 'PROJECT_DIR' is not defined,2026-09-17T07:40:04.182179,toeplitz,0.05,3,0.0026178010471204
0.1,0.0,0.0,0.0,52,results/bob_realchannel_run_tp0.1_fk0.0_rp0.0_vd0.0_seed52_20260917_074006_201317.json,382,36,3251,34,34,True,0,False,,4.8758344650268555,{},asymptotic,True,,10,results/bob_realchannel_run_tp0.1_fk0.0_rp0.0_vd0.0_seed52_20260917_074006_201317.json,results/alice_realchannel_run_seed52_20260917_074006_157255.json,exception: name 'PROJECT_DIR' is not defined,2026-09-17T07:40:11.529489,toeplitz,0.1,3,0.0026178010471204
0.1,0.0,0.0,0.0,53,results/bob_realchannel_run_tp0.1_fk0.0_rp0.0_vd0.0_seed53_20260917_074013_657188.json,382,36,3251,34,34,True,0,False,,2.2044425010681152,{},asymptotic,True,,11,results/bob_realchannel_run_tp0.1_fk0.0_rp0.0_vd0.0_seed53_20260917_074013_657188.json,results/alice_realchannel_run_seed53_20260917_074013_652135.json,exception: name 'PROJECT_DIR' is not defined,2026-09-17T07:40:16.509594,toeplitz,0.1,3,0.0026178010471204
0.1,0.0,0.0,0.0,54,results/bob_realchannel_run_tp0.1_fk0.0_rp0.0_vd0.0_seed54_20260917_074018_648250.json,382,36,3251,34,34,True,0,False,,5.265188455581665,{},asymptotic,True,,12,results/bob_realchannel_run_tp0.1_fk0.0_rp0.0_vd0.0_seed54_20260917_074018_648250.json,results/alice_realchannel_run_seed54_20260917_074018_489270.json,exception: name 'PROJECT_DIR' is not defined,2026-09-17T07:40:24.392685,toeplitz,0.1,3,0.0026178010471204
0.1,0.0,0.0,0.0,55,results/bob_realchannel_run_tp0.1_fk0.0_rp0.0_vd0.0_seed55_20260917_074026_413371.json,382,36,3251,34,34,True,0,False,,3.744523048400879,{},asymptotic,True,,13,results/bob_realchannel_run_tp0.1_fk0.0_rp0.0_vd0.0_seed55_20260917_074026_413371.json,results/alice_realchannel_run_seed55_20260917_074026_505313.json,exception: name 'PROJECT_DIR' is not defined,2026-09-17T07:40:30.828301,toeplitz,0.1,3,0.0026178010471204
0.1,0.0,0.0,0.0,56,results/bob_realchannel_run_tp0.1_fk0.0_rp0.0_vd0.0_seed56_20260917_074032_973160.json,382,36,3251,34,34,True,0,False,,3.800732135772705,{},asymptotic,True,,14,results/bob_realchannel_run_tp0.1_fk0.0_rp0.0_vd0.0_seed56_20260917_074032_973160.json,results/alice_realchannel_run_seed56_20260917_074032_940816.json,exception: name 'PROJECT_DIR' is not defined,2026-09-17T07:40:37.370825,toeplitz,0.1,3,0.0026178010471204
0.1,0.0,0.0,0.0,57,results/bob_realchannel_run_tp0.1_fk0.0_rp0.0_vd0.0_seed57_20260917_074039_536373.json,382,36,3251,34,34,True,0,False,,5.456929922103882,{},asymptotic,True,,15,results/bob_realchannel_run_tp0.1_fk0.0_rp0.0_vd0.0_seed57_20260917_074039_536373.json,results/alice_realchannel_run_seed57_20260917_074039_458711.json,exception: name 'PROJECT_DIR' is not defined,2026-09-17T07:40:45.667653,toeplitz,0.1,3,0.0026178010471204
0.1,0.0,0.0,0.0,58,results/bob_realchannel_run_tp0.1_fk0.0_rp0.0_vd0.0_seed58_20260917_074047_790258.json,382,36,3251,34,34,True,0,False,,5.1435158252716064,{},asymptotic,True,,16,results/bob_realchannel_run_tp0.1_fk0.0_rp0.0_vd0.0_seed58_20260917_074047_790258.json,results/alice_realchannel_run_seed58_20260917_074047_759917.json,exception: name 'PROJECT_DIR' is not defined,2026-09-17T07:40:53.616447,toeplitz,0.1,3,0.0026178010471204
0.1,0.0,0.0,0.0,59,results/bob_realchannel_run_tp0.1_fk0.0_rp0.0_vd0.0_seed59_20260917_074055_644227.json,382,36,3251,34,34,True,0,False,,2.513551950454712,{},asymptotic,True,,17,results/bob_realchannel_run_tp0.1_fk0.0_rp0.0_vd0.0_seed59_20260917_074055_644227.json,results/alice_realchannel_run_seed59_20260917_074055_735299.json,exception: name 'PROJECT_DIR' is not defined,2026-09-17T07:40:58.887221,toeplitz,0.1,3,0.0026178010471204
0.1,0.0,0.0,0.0,60,results/bob_realchannel_run_tp0.1_fk0.0_rp0.0_vd0.0_seed60_20260917_074100_916139.json,382,16,3251,34,34,False,20,False,,2.7824008464813232,{},asymptotic,False,,18,results/bob_realchannel_run_tp0.1_fk0.0_rp0.0_vd0.0_seed60_20260917_074100_916139.json,results/alice_realchannel_run_seed60_20260917_074101_031919.json,exception: name 'PROJECT_DIR' is not defined,2026-09-17T07:41:04.435193,toeplitz,0.1,3,0.0026178010471204
0.1,0.0,0.0,0.0,61,results/bob_realchannel_run_tp0.1_fk0.0_rp0.0_vd0.0_seed61_20260917_074106_461935.json,382,36,3251,34,34,True,0,False,,3.817103624343872,{},asymptotic,True,,19,results/bob_realchannel_run_tp0.1_fk0.0_rp0.0_vd0.0_seed61_20260917_074106_461935.json,results/alice_realchannel_run_seed61_20260917_074106_659507.json,exception: name 'PROJECT_DIR' is not defined,2026-09-17T07:41:11.025483,toeplitz,0.1,3,0.0026178010471204
0.1,0.0,0.0,0.0,62,results/bob_realchannel_run_tp0.1_fk0.0_rp0.0_vd0.0_seed62_20260917_074113_052283.json,382,36,3251,34,34,True,0,False,,3.8581442832946777,{},asymptotic,True,,20,results/bob_realchannel_run_tp0.1_fk0.0_rp0.0_vd0.0_seed62_20260917_074113_052283.json,results/alice_realchannel_run_seed62_20260917_074113_172481.json,exception: name 'PROJECT_DIR' is not defined,2026-09-17T07:41:17.624113,toeplitz,0.1,3,0.0026178010471204
0.1,0.0,0.0,0.0,63,results/bob_realchannel_run_tp0.1_fk0.0_rp0.0_vd0.0_seed63_20260917_074119_638215.json,382,36,3251,34,34,True,0,False,,3.415696144104004,{},asymptotic,True,,21,results/bob_realchannel_run_tp0.1_fk0.0_rp0.0_vd0.0_seed63_20260917_074119_638215.json,results/alice_realchannel_run_seed63_20260917_074119_787553.json,exception: name 'PROJECT_DIR' is not defined,2026-09-17T07:41:23.802640,toeplitz,0.1,3,0.0026178010471204
0.1,0.0,0.0,0.0,64,results/bob_realchannel_run_tp0.1_fk0.0_rp0.0_vd0.0_seed64_20260917_074125_833586.json,382,36,3251,34,34,True,0,False,,3.812600612640381,{},asymptotic,True,,22,results/bob_realchannel_run_tp0.1_fk0.0_rp0.0_vd0.0_seed64_20260917_074125_833586.json,results/alice_realchannel_run_seed64_20260917_074125_946386.json,exception: name 'PROJECT_DIR' is not defined,2026-09-17T07:41:30.380829,toeplitz,0.1,3,0.0026178010471204
0.1,0.0,0.0,0.0,65,results/bob_realchannel_run_tp0.1_fk0.0_rp0.0_vd0.0_seed65_20260917_074132_399205.json,382,34,3251,34,34,False,2,False,,3.3665637969970703,{},asymptotic,False,,23,results/bob_realchannel_run_tp0.1_fk0.0_rp0.0_vd0.0_seed65_20260917_074132_399205.json,results/alice_realchannel_run_seed65_20260917_074132_475165.json,exception: name 'PROJECT_DIR' is not defined,2026-09-17T07:41:36.420507,toeplitz,0.1,3,0.0026178010471204
0.1,0.0,0.0,0.0,66,results/bob_realchannel_run_tp0.1_fk0.0_rp0.0_vd0.0_seed66_20260917_074138_430918.json,382,26,3251,34,34,False,10,False,,3.530590057373047,{},asymptotic,False,,24,results/bob_realchannel_run_tp0.1_fk0.0_rp0.0_vd0.0_seed66_20260917_074138_430918.json,results/alice_realchannel_run_seed66_20260917_074138_567786.json,exception: name 'PROJECT_DIR' is not defined,2026-09-17T07:41:42.697790,toeplitz,0.1,3,0.0026178010471204
0.1,0.0,0.0,0.0,67,results/bob_realchannel_run_tp0.1_fk0.0_rp0.0_vd0.0_seed67_20260917_074144_714035.json,382,36,3251,34,34,True,0,False,,3.6118555068969727,{},asymptotic,True,,25,results/bob_realchannel_run_tp0.1_fk0.0_rp0.0_vd0.0_seed67_20260917_074144_714035.json,results/alice_realchannel_run_seed67_20260917_074144_796302.json,exception: name 'PROJECT_DIR' is not defined,2026-09-17T07:41:48.976154,toeplitz,0.1,3,0.0026178010471204
0.1,0.0,0.0,0.0,68,results/bob_realchannel_run_tp0.1_fk0.0_rp0.0_vd0.0_seed68_20260917_074150_994724.json,382,36,3251,34,34,True,0,False,,4.011909484863281,{},asymptotic,True,,26,results/bob_realchannel_run_tp0.1_fk0.0_rp0.0_vd0.0_seed68_20260917_074150_994724.json,results/alice_realchannel_run_seed68_20260917_074151_119976.json,exception: name 'PROJECT_DIR' is not defined,2026-09-17T07:41:55.661542,toeplitz,0.1,3,0.0026178010471204
0.1,0.0,0.0,0.0,69,results/bob_realchannel_run_tp0.1_fk0.0_rp0.0_vd0.0_seed69_20260917_074157_677043.json,382,36,3251,34,34,True,0,False,,2.800825834274292,{},asymptotic,True,,27,results/bob_realchannel_run_tp0.1_fk0.0_rp0.0_vd0.0_seed69_20260917_074157_677043.json,results/alice_realchannel_run_seed69_20260917_074157_798351.json,exception: name 'PROJECT_DIR' is not defined,2026-09-17T07:42:01.224738,toeplitz,0.1,3,0.0026178010471204
0.1,0.0,0.0,0.0,70,results/bob_realchannel_run_tp0.1_fk0.0_rp0.0_vd0.0_seed70_20260917_074203_230991.json,382,36,3251,34,34,True,0,False,,3.5622141361236572,{'toeplitz_matrix': 1},asymptotic,True,,28,results/bob_realchannel_run_tp0.1_fk0.0_rp0.0_vd0.0_seed70_20260917_074203_230991.json,results/alice_realchannel_run_seed70_20260917_074203_414255.json,exception: name 'PROJECT_DIR' is not defined,2026-09-17T07:42:07.374114,toeplitz,0.1,3,0.0026178010471204
0.1,0.0,0.0,0.0,71,results/bob_realchannel_run_tp0.1_fk0.0_rp0.0_vd0.0_seed71_20260917_074209_393362.json,382,36,3251,34,34,True,0,False,,3.367889642715454,{},asymptotic,True,,29,results/bob_realchannel_run_tp0.1_fk0.0_rp0.0_vd0.0_seed71_20260917_074209_393362.json,results/alice_realchannel_run_seed71_20260917_074209_386558.json,exception: name 'PROJECT_DIR' is not defined,2026-09-17T07:42:13.293284,toeplitz,0.1,3,0.0026178010471204
0.3,0.0,0.0,0.0,52,results/bob_realchannel_run_tp0.3_fk0.0_rp0.0_vd0.0_seed52_20260917_074215_317690.json,382,36,3251,34,34,True,0,False,,3.4363369941711426,{},asymptotic,True,,10,results/bob_realchannel_run_tp0.3_fk0.0_rp0.0_vd0.0_seed52_20260917_074215_317690.json,results/alice_realchannel_run_seed52_20260917_074215_384811.json,exception: name 'PROJECT_DIR' is not defined,2026-09-17T07:42:19.397052,toeplitz,0.3,3,0.0026178010471204
0.3,0.0,0.0,0.0,53,results/bob_realchannel_run_tp0.3_fk0.0_rp0.0_vd0.0_seed53_20260917_074221_426134.json,382,36,3251,34,34,True,0,False,,3.681619882583618,{},asymptotic,True,,11,results/bob_realchannel_run_tp0.3_fk0.0_rp0.0_vd0.0_seed53_20260917_074221_426134.json,results/alice_realchannel_run_seed53_20260917_074221_413317.json,exception: name 'PROJECT_DIR' is not defined,2026-09-17T07:42:25.697852,toeplitz,0.3,3,0.0026178010471204
0.3,0.0,0.0,0.0,54,results/bob_realchannel_run_tp0.3_fk0.0_rp0.0_vd0.0_seed54_20260917_074227_767254.json,382,36,3251,34,34,True,0,False,,3.4429030418395996,{},asymptotic,True,,12,results/bob_realchannel_run_tp0.3_fk0.0_rp0.0_vd0.0_seed54_20260917_074227_767254.json,results/alice_realchannel_run_seed54_20260917_074227_804918.json,exception: name 'PROJECT_DIR' is not defined,2026-09-17T07:42:31.865563,toeplitz,0.3,3,0.0026178010471204
0.3,0.0,0.0,0.0,55,results/bob_realchannel_run_tp0.3_fk0.0_rp0.0_vd0.0_seed55_20260917_074233_901393.json,382,36,3251,34,34,True,0,False,,2.860811948776245,{},asymptotic,True,,13,results/bob_realchannel_run_tp0.3_fk0.0_rp0.0_vd0.0_seed55_20260917_074233_901393.json,results/alice_realchannel_run_seed55_20260917_074234_014347.json,exception: name 'PROJECT_DIR' is not defined,2026-09-17T07:42:37.502917,toeplitz,0.3,3,0.0026178010471204
0.3,0.0,0.0,0.0,56,results/bob_realchannel_run_tp0.3_fk0.0_rp0.0_vd0.0_seed56_20260917_074239_506100.json,382,36,3251,34,34,True,0,False,,3.7995595932006836,{'toeplitz_matrix': 1},asymptotic,True,,14,results/bob_realchannel_run_tp0.3_fk0.0_rp0.0_vd0.0_seed56_20260917_074239_506100.json,results/alice_realchannel_run_seed56_20260917_074239_671821.json,exception: name 'PROJECT_DIR' is not defined,2026-09-17T07:42:44.001703,toeplitz,0.3,3,0.0026178010471204
0.3,0.0,0.0,0.0,57,results/bob_realchannel_run_tp0.3_fk0.0_rp0.0_vd0.0_seed57_20260917_074246_003251.json,382,36,3251,34,34,True,0,False,,3.6785545349121094,{'toeplitz_matrix': 1},asymptotic,True,,15,results/bob_realchannel_run_tp0.3_fk0.0_rp0.0_vd0.0_seed57_20260917_074246_003251.json,results/alice_realchannel_run_seed57_20260917_074246_165685.json,exception: name 'PROJECT_DIR' is not defined,2026-09-17T07:42:50.412998,toeplitz,0.3,3,0.0026178010471204
0.3,0.0,0.0,0.0,58,results/bob_realchannel_run_tp0.3_fk0.0_rp0.0_vd0.0_seed58_20260917_074252_417916.json,382,36,3251,34,34,True,0,False,,3.324043035507202,{},asymptotic,True,,16,results/bob_realchannel_run_tp0.3_fk0.0_rp0.0_vd0.0_seed58_20260917_074252_417916.json,results/alice_realchannel_run_seed58_20260917_074252_574357.json,exception: name 'PROJECT_DIR' is not defined,2026-09-17T07:42:56.423810,toeplitz,0.3,3,0.0026178010471204
0.3,0.0,0.0,0.0,59,results/bob_realchannel_run_tp0.3_fk0.0_rp0.0_vd0.0_seed59_20260917_074258_432232.json,382,36,3251,34,34,True,0,False,,3.6132407188415527,{},asymptotic,True,,17,results/bob_realchannel_run_tp0.3_fk0.0_rp0.0_vd0.0_seed59_20260917_074258_432232.json,results/alice_realchannel_run_seed59_20260917_074258_469235.json,exception: name 'PROJECT_DIR' is not defined,2026-09-17T07:43:02.612547,toeplitz,0.3,3,0.0026178010471204
0.3,0.0,0.0,0.0,60,results/bob_realchannel_run_tp0.3_fk0.0_rp0.0_vd0.0_seed60_20260917_074304_608090.json,382,16,3251,34,34,False,20,False,,4.662067174911499,{},asymptotic,False,,18,results/bob_realchannel_run_tp0.3_fk0.0_rp0.0_vd0.0_seed60_20260917_074304_608090.json,results/alice_realchannel_run_seed60_20260917_074304_592816.json,exception: name 'PROJECT_DIR' is not defined,2026-09-17T07:43:09.729063,toeplitz,0.3,3,0.0026178010471204
0.3,0.0,0.0,0.0,61,results/bob_realchannel_run_tp0.3_fk0.0_rp0.0_vd0.0_seed61_20260917_074311_731447.json,382,36,3251,34,34,True,0,False,,3.315246343612671,{},asymptotic,True,,19,results/bob_realchannel_run_tp0.3_fk0.0_rp0.0_vd0.0_seed61_20260917_074311_731447.json,results/alice_realchannel_run_seed61_20260917_074311_857027.json,exception: name 'PROJECT_DIR' is not defined,2026-09-17T07:43:15.770362,toeplitz,0.3,3,0.0026178010471204
0.3,0.0,0.0,0.0,62,results/bob_realchannel_run_tp0.3_fk0.0_rp0.0_vd0.0_seed62_20260917_074317_776067.json,382,36,3251,34,34,True,0,False,,3.7253670692443848,{},asymptotic,True,,20,results/bob_realchannel_run_tp0.3_fk0.0_rp0.0_vd0.0_seed62_20260917_074317_776067.json,results/alice_realchannel_run_seed62_20260917_074317_767699.json,exception: name 'PROJECT_DIR' is not defined,2026-09-17T07:43:21.957540,toeplitz,0.3,3,0.0026178010471204
0.3,0.0,0.0,0.0,63,results/bob_realchannel_run_tp0.3_fk0.0_rp0.0_vd0.0_seed63_20260917_074323_961562.json,382,36,3251,34,34,True,0,False,,5.031642198562622,{},asymptotic,True,,21,results/bob_realchannel_run_tp0.3_fk0.0_rp0.0_vd0.0_seed63_20260917_074323_961562.json,results/alice_realchannel_run_seed63_20260917_074323_940391.json,exception: name 'PROJECT_DIR' is not defined,2026-09-17T07:43:29.444628,toeplitz,0.3,3,0.0026178010471204
0.3,0.0,0.0,0.0,64,results/bob_realchannel_run_tp0.3_fk0.0_rp0.0_vd0.0_seed64_20260917_074331_464059.json,382,36,3251,34,34,True,0,False,,5.229586601257324,{'toeplitz_matrix': 1},asymptotic,True,,22,results/bob_realchannel_run_tp0.3_fk0.0_rp0.0_vd0.0_seed64_20260917_074331_464059.json,results/alice_realchannel_run_seed64_20260917_074331_428816.json,exception: name 'PROJECT_DIR' is not defined,2026-09-17T07:43:37.146582,toeplitz,0.3,3,0.0026178010471204
0.3,0.0,0.0,0.0,65,results/bob_realchannel_run_tp0.3_fk0.0_rp0.0_vd0.0_seed65_20260917_074339_153123.json,382,34,3251,34,34,False,2,False,,3.947920083999634,{},asymptotic,False,,23,results/bob_realchannel_run_tp0.3_fk0.0_rp0.0_vd0.0_seed65_20260917_074339_153123.json,results/alice_realchannel_run_seed65_20260917_074339_126979.json,exception: name 'PROJECT_DIR' is not defined,2026-09-17T07:43:43.533074,toeplitz,0.3,3,0.0026178010471204
0.3,0.0,0.0,0.0,66,results/bob_realchannel_run_tp0.3_fk0.0_rp0.0_vd0.0_seed66_20260917_074345_553581.json,382,26,3251,34,34,False,10,False,,3.787659168243408,{},asymptotic,False,,24,results/bob_realchannel_run_tp0.3_fk0.0_rp0.0_vd0.0_seed66_20260917_074345_553581.json,results/alice_realchannel_run_seed66_20260917_074345_504134.json,exception: name 'PROJECT_DIR' is not defined,2026-09-17T07:43:49.783453,toeplitz,0.3,3,0.0026178010471204
0.3,0.0,0.0,0.0,67,results/bob_realchannel_run_tp0.3_fk0.0_rp0.0_vd0.0_seed67_20260917_074351_797862.json,382,36,3251,34,34,True,0,False,,3.6513895988464355,{},asymptotic,True,,25,results/bob_realchannel_run_tp0.3_fk0.0_rp0.0_vd0.0_seed67_20260917_074351_797862.json,results/alice_realchannel_run_seed67_20260917_074351_927963.json,exception: name 'PROJECT_DIR' is not defined,2026-09-17T07:43:55.882314,toeplitz,0.3,3,0.0026178010471204
0.3,0.0,0.0,0.0,68,results/bob_realchannel_run_tp0.3_fk0.0_rp0.0_vd0.0_seed68_20260917_074357_889086.json,382,36,3251,34,34,True,0,False,,5.441123008728027,{'toeplitz_matrix': 1},asymptotic,True,,26,results/bob_realchannel_run_tp0.3_fk0.0_rp0.0_vd0.0_seed68_20260917_074357_889086.json,results/alice_realchannel_run_seed68_20260917_074357_854418.json,exception: name 'PROJECT_DIR' is not defined,2026-09-17T07:44:03.760743,toeplitz,0.3,3,0.0026178010471204
0.3,0.0,0.0,0.0,69,results/bob_realchannel_run_tp0.3_fk0.0_rp0.0_vd0.0_seed69_20260917_074405_765684.json,382,36,3251,34,34,True,0,False,,3.064021587371826,{},asymptotic,True,,27,results/bob_realchannel_run_tp0.3_fk0.0_rp0.0_vd0.0_seed69_20260917_074405_765684.json,results/alice_realchannel_run_seed69_20260917_074405_890377.json,exception: name 'PROJECT_DIR' is not defined,2026-09-17T07:44:09.500691,toeplitz,0.3,3,0.0026178010471204
0.3,0.0,0.0,0.0,70,results/bob_realchannel_run_tp0.3_fk0.0_rp0.0_vd0.0_seed70_20260917_074411_503346.json,382,36,3251,34,34,True,0,False,,5.365893602371216,{'toeplitz_matrix': 1},asymptotic,True,,28,results/bob_realchannel_run_tp0.3_fk0.0_rp0.0_vd0.0_seed70_20260917_074411_503346.json,results/alice_realchannel_run_seed70_20260917_074411_472103.json,exception: name 'PROJECT_DIR' is not defined,2026-09-17T07:44:17.299203,toeplitz,0.3,3,0.0026178010471204
0.3,0.0,0.0,0.0,71,results/bob_realchannel_run_tp0.3_fk0.0_rp0.0_vd0.0_seed71_20260917_074419_307760.json,382,36,3251,34,34,True,0,False,,1.630012035369873,{},asymptotic,True,,29,results/bob_realchannel_run_tp0.3_fk0.0_rp0.0_vd0.0_seed71_20260917_074419_307760.json,results/alice_realchannel_run_seed71_20260917_074419_386133.json,exception: name 'PROJECT_DIR' is not defined,2026-09-17T07:44:21.607161,toeplitz,0.3,3,0.0026178010471204
0.5,0.0,0.0,0.0,52,results/bob_realchannel_run_tp0.5_fk0.0_rp0.0_vd0.0_seed52_20260917_074423_618208.json,382,36,3251,34,34,True,0,False,,4.891849994659424,{'toeplitz_matrix': 1},asymptotic,False,,10,results/bob_realchannel_run_tp0.5_fk0.0_rp0.0_vd0.0_seed52_20260917_074423_618208.json,results/alice_realchannel_run_seed52_20260917_074423_578404.json,exception: name 'PROJECT_DIR' is not defined,2026-09-17T07:44:29.021203,toeplitz,0.5,3,0.0026178010471204
0.5,0.0,0.0,0.0,53,results/bob_realchannel_run_tp0.5_fk0.0_rp0.0_vd0.0_seed53_20260917_074431_144693.json,382,36,3251,34,34,True,0,False,,4.201667070388794,{},asymptotic,True,,11,results/bob_realchannel_run_tp0.5_fk0.0_rp0.0_vd0.0_seed53_20260917_074431_144693.json,results/alice_realchannel_run_seed53_20260917_074431_111183.json,exception: name 'PROJECT_DIR' is not defined,2026-09-17T07:44:35.980356,toeplitz,0.5,3,0.0026178010471204
0.5,0.0,0.0,0.0,54,results/bob_realchannel_run_tp0.5_fk0.0_rp0.0_vd0.0_seed54_20260917_074437_979005.json,382,36,3251,34,34,True,0,False,,3.732537031173706,{},asymptotic,True,,12,results/bob_realchannel_run_tp0.5_fk0.0_rp0.0_vd0.0_seed54_20260917_074437_979005.json,results/alice_realchannel_run_seed54_20260917_074437_948088.json,exception: name 'PROJECT_DIR' is not defined,2026-09-17T07:44:42.141402,toeplitz,0.5,3,0.0026178010471204
0.5,0.0,0.0,0.0,55,results/bob_realchannel_run_tp0.5_fk0.0_rp0.0_vd0.0_seed55_20260917_074444_151309.json,382,36,3251,34,34,True,0,False,,3.062438488006592,{'toeplitz_matrix': 1},asymptotic,True,,13,results/bob_realchannel_run_tp0.5_fk0.0_rp0.0_vd0.0_seed55_20260917_074444_151309.json,results/alice_realchannel_run_seed55_20260917_074444_242612.json,exception: name 'PROJECT_DIR' is not defined,2026-09-17T07:44:47.857028,toeplitz,0.5,3,0.0026178010471204
0.5,0.0,0.0,0.0,56,results/bob_realchannel_run_tp0.5_fk0.0_rp0.0_vd0.0_seed56_20260917_074449_870807.json,382,36,3251,34,34,True,0,False,,5.610471487045288,{'toeplitz_matrix': 1},asymptotic,True,,14,results/bob_realchannel_run_tp0.5_fk0.0_rp0.0_vd0.0_seed56_20260917_074449_870807.json,results/alice_realchannel_run_seed56_20260917_074449_831206.json,exception: name 'PROJECT_DIR' is not defined,2026-09-17T07:44:55.914284,toeplitz,0.5,3,0.0026178010471204
0.5,0.0,0.0,0.0,57,results/bob_realchannel_run_tp0.5_fk0.0_rp0.0_vd0.0_seed57_20260917_074457_945416.json,382,36,3251,34,34,True,0,False,,5.468335866928101,{'toeplitz_matrix': 1},asymptotic,True,,15,results/bob_realchannel_run_tp0.5_fk0.0_rp0.0_vd0.0_seed57_20260917_074457_945416.json,results/alice_realchannel_run_seed57_20260917_074457_880223.json,exception: name 'PROJECT_DIR' is not defined,2026-09-17T07:45:03.845586,toeplitz,0.5,3,0.0026178010471204
0.5,0.0,0.0,0.0,58,results/bob_realchannel_run_tp0.5_fk0.0_rp0.0_vd0.0_seed58_20260917_074505_869659.json,382,36,3251,34,34,True,0,False,,3.17999267578125,{},asymptotic,True,,16,results/bob_realchannel_run_tp0.5_fk0.0_rp0.0_vd0.0_seed58_20260917_074505_869659.json,results/alice_realchannel_run_seed58_20260917_074505_887553.json,exception: name 'PROJECT_DIR' is not defined,2026-09-17T07:45:09.532789,toeplitz,0.5,3,0.0026178010471204
0.5,0.0,0.0,0.0,59,results/bob_realchannel_run_tp0.5_fk0.0_rp0.0_vd0.0_seed59_20260917_074511_533016.json,382,36,3251,34,34,True,0,False,,3.5762336254119873,{},asymptotic,True,,17,results/bob_realchannel_run_tp0.5_fk0.0_rp0.0_vd0.0_seed59_20260917_074511_533016.json,results/alice_realchannel_run_seed59_20260917_074511_526617.json,exception: name 'PROJECT_DIR' is not defined,2026-09-17T07:45:15.542972,toeplitz,0.5,3,0.0026178010471204
0.5,0.0,0.0,0.0,60,results/bob_realchannel_run_tp0.5_fk0.0_rp0.0_vd0.0_seed60_20260917_074517_583924.json,382,16,3251,34,34,False,20,False,,4.5974156856536865,{},asymptotic,False,,18,results/bob_realchannel_run_tp0.5_fk0.0_rp0.0_vd0.0_seed60_20260917_074517_583924.json,results/alice_realchannel_run_seed60_20260917_074517_507187.json,exception: name 'PROJECT_DIR' is not defined,2026-09-17T07:45:22.606577,toeplitz,0.5,3,0.0026178010471204
0.5,0.0,0.0,0.0,61,results/bob_realchannel_run_tp0.5_fk0.0_rp0.0_vd0.0_seed61_20260917_074524_617595.json,382,36,3251,34,34,True,0,False,,4.103601694107056,{'toeplitz_matrix': 1},asymptotic,False,,19,results/bob_realchannel_run_tp0.5_fk0.0_rp0.0_vd0.0_seed61_20260917_074524_617595.json,results/alice_realchannel_run_seed61_20260917_074524_621539.json,exception: name 'PROJECT_DIR' is not defined,2026-09-17T07:45:29.142096,toeplitz,0.5,3,0.0026178010471204
0.5,0.0,0.0,0.0,62,results/bob_realchannel_run_tp0.5_fk0.0_rp0.0_vd0.0_seed62_20260917_074531_155311.json,382,36,3251,34,34,True,0,False,,5.702028751373291,{'toeplitz_matrix': 1},asymptotic,False,,20,results/bob_realchannel_run_tp0.5_fk0.0_rp0.0_vd0.0_seed62_20260917_074531_155311.json,results/alice_realchannel_run_seed62_20260917_074531_106238.json,exception: name 'PROJECT_DIR' is not defined,2026-09-17T07:45:37.283165,toeplitz,0.5,3,0.0026178010471204
0.5,0.0,0.0,0.0,63,results/bob_realchannel_run_tp0.5_fk0.0_rp0.0_vd0.0_seed63_20260917_074539_308618.json,382,36,3251,34,34,True,0,False,,4.35287618637085,{'toeplitz_matrix': 1},asymptotic,True,,21,results/bob_realchannel_run_tp0.5_fk0.0_rp0.0_vd0.0_seed63_20260917_074539_308618.json,results/alice_realchannel_run_seed63_20260917_074539_293275.json,exception: name 'PROJECT_DIR' is not defined,2026-09-17T07:45:44.089348,toeplitz,0.5,3,0.0026178010471204
0.5,0.0,0.0,0.0,64,results/bob_realchannel_run_tp0.5_fk0.0_rp0.0_vd0.0_seed64_20260917_074546_087884.json,382,36,3251,34,34,True,0,False,,4.773235082626343,{'toeplitz_matrix': 1},asymptotic,True,,22,results/bob_realchannel_run_tp0.5_fk0.0_rp0.0_vd0.0_seed64_20260917_074546_087884.json,results/alice_realchannel_run_seed64_20260917_074546_052852.json,exception: name 'PROJECT_DIR' is not defined,2026-09-17T07:45:51.293757,toeplitz,0.5,3,0.0026178010471204
0.5,0.0,0.0,0.0,65,results/bob_realchannel_run_tp0.5_fk0.0_rp0.0_vd0.0_seed65_20260917_074553_317464.json,382,34,3251,34,34,False,2,False,,5.291853904724121,{},asymptotic,False,,23,results/bob_realchannel_run_tp0.5_fk0.0_rp0.0_vd0.0_seed65_20260917_074553_317464.json,results/alice_realchannel_run_seed65_20260917_074553_301316.json,exception: name 'PROJECT_DIR' is not defined,2026-09-17T07:45:59.034237,toeplitz,0.5,3,0.0026178010471204
0.5,0.0,0.0,0.0,66,results/bob_realchannel_run_tp0.5_fk0.0_rp0.0_vd0.0_seed66_20260917_074601_033089.json,382,26,3251,34,34,False,10,False,,3.396350383758545,{},asymptotic,False,,24,results/bob_realchannel_run_tp0.5_fk0.0_rp0.0_vd0.0_seed66_20260917_074601_033089.json,results/alice_realchannel_run_seed66_20260917_074601_038033.json,exception: name 'PROJECT_DIR' is not defined,2026-09-17T07:46:04.854075,toeplitz,0.5,3,0.0026178010471204
0.5,0.0,0.0,0.0,67,results/bob_realchannel_run_tp0.5_fk0.0_rp0.0_vd0.0_seed67_20260917_074606_914400.json,382,36,3251,34,34,True,0,False,,4.135203123092651,{'toeplitz_matrix': 1},asymptotic,True,,25,results/bob_realchannel_run_tp0.5_fk0.0_rp0.0_vd0.0_seed67_20260917_074606_914400.json,results/alice_realchannel_run_seed67_20260917_074606_863844.json,exception: name 'PROJECT_DIR' is not defined,2026-09-17T07:46:11.475125,toeplitz,0.5,3,0.0026178010471204
0.5,0.0,0.0,0.0,68,results/bob_realchannel_run_tp0.5_fk0.0_rp0.0_vd0.0_seed68_20260917_074613_504268.json,382,36,3251,34,34,True,0,False,,5.396718740463257,{'toeplitz_matrix': 1},asymptotic,True,,26,results/bob_realchannel_run_tp0.5_fk0.0_rp0.0_vd0.0_seed68_20260917_074613_504268.json,results/alice_realchannel_run_seed68_20260917_074613_444549.json,exception: name 'PROJECT_DIR' is not defined,2026-09-17T07:46:19.326975,toeplitz,0.5,3,0.0026178010471204
0.5,0.0,0.0,0.0,69,results/bob_realchannel_run_tp0.5_fk0.0_rp0.0_vd0.0_seed69_20260917_074621_394535.json,382,36,3251,34,34,True,0,False,,5.802484035491943,{},asymptotic,True,,27,results/bob_realchannel_run_tp0.5_fk0.0_rp0.0_vd0.0_seed69_20260917_074621_394535.json,results/alice_realchannel_run_seed69_20260917_074621_337035.json,exception: name 'PROJECT_DIR' is not defined,2026-09-17T07:46:27.620439,toeplitz,0.5,3,0.0026178010471204
0.5,0.0,0.0,0.0,70,results/bob_realchannel_run_tp0.5_fk0.0_rp0.0_vd0.0_seed70_20260917_074629_636112.json,382,36,3251,34,34,True,0,False,,1.7074856758117676,{'toeplitz_matrix': 1},asymptotic,True,,28,results/bob_realchannel_run_tp0.5_fk0.0_rp0.0_vd0.0_seed70_20260917_074629_636112.json,results/alice_realchannel_run_seed70_20260917_074629_632547.json,exception: name 'PROJECT_DIR' is not defined,2026-09-17T07:46:31.770087,toeplitz,0.5,3,0.0026178010471204
0.5,0.0,0.0,0.0,71,results/bob_realchannel_run_tp0.5_fk0.0_rp0.0_vd0.0_seed71_20260917_074633_808726.json,382,36,3251,34,34,True,0,False,,3.956158399581909,{},asymptotic,True,,29,results/bob_realchannel_run_tp0.5_fk0.0_rp0.0_vd0.0_seed71_20260917_074633_808726.json,results/alice_realchannel_run_seed71_20260917_074633_783302.json,exception: name 'PROJECT_DIR' is not defined,2026-09-17T07:46:38.191555,toeplitz,0.5,3,0.0026178010471204
0.001,0.0,0.0,0.0,52,results/bob_realchannel_run_tp0.001_fk0.0_rp0.0_vd0.0_seed52_20260917_080458_211648.json,385,35,3131,34,34,True,0,False,,3.0803871154785156,{},asymptotic,True,,10,results/bob_realchannel_run_tp0.001_fk0.0_rp0.0_vd0.0_seed52_20260917_080458_211648.json,results/alice_realchannel_run_seed52_20260917_080458_346249.json,exception: name 'PROJECT_DIR' is not defined,2026-09-17T08:05:01.979605,toeplitz,0.001,4,0.0051948051948051
0.001,0.0,0.0,0.0,53,results/bob_realchannel_run_tp0.001_fk0.0_rp0.0_vd0.0_seed53_20260917_080503_983217.json,385,35,3131,34,34,True,0,False,,3.0642404556274414,{},asymptotic,True,,11,results/bob_realchannel_run_tp0.001_fk0.0_rp0.0_vd0.0_seed53_20260917_080503_983217.json,results/alice_realchannel_run_seed53_20260917_080504_076617.json,exception: name 'PROJECT_DIR' is not defined,2026-09-17T08:05:07.729812,toeplitz,0.001,4,0.0051948051948051
0.001,0.0,0.0,0.0,54,results/bob_realchannel_run_tp0.001_fk0.0_rp0.0_vd0.0_seed54_20260917_080509_739009.json,385,35,3131,34,34,True,0,False,,3.028726100921631,{},asymptotic,True,,12,results/bob_realchannel_run_tp0.001_fk0.0_rp0.0_vd0.0_seed54_20260917_080509_739009.json,results/alice_realchannel_run_seed54_20260917_080509_890581.json,exception: name 'PROJECT_DIR' is not defined,2026-09-17T08:05:13.294734,toeplitz,0.001,4,0.0051948051948051
0.001,0.0,0.0,0.0,55,results/bob_realchannel_run_tp0.001_fk0.0_rp0.0_vd0.0_seed55_20260917_080515_308063.json,385,35,3131,34,34,True,0,False,,2.859952449798584,{},asymptotic,True,,13,results/bob_realchannel_run_tp0.001_fk0.0_rp0.0_vd0.0_seed55_20260917_080515_308063.json,results/alice_realchannel_run_seed55_20260917_080515_444816.json,exception: name 'PROJECT_DIR' is not defined,2026-09-17T08:05:18.802916,toeplitz,0.001,4,0.0051948051948051
0.001,0.0,0.0,0.0,56,results/bob_realchannel_run_tp0.001_fk0.0_rp0.0_vd0.0_seed56_20260917_080520_806280.json,385,35,3131,34,34,True,0,False,,3.1572866439819336,{},asymptotic,True,,14,results/bob_realchannel_run_tp0.001_fk0.0_rp0.0_vd0.0_seed56_20260917_080520_806280.json,results/alice_realchannel_run_seed56_20260917_080520_951429.json,exception: name 'PROJECT_DIR' is not defined,2026-09-17T08:05:24.682559,toeplitz,0.001,4,0.0051948051948051
0.001,0.0,0.0,0.0,57,results/bob_realchannel_run_tp0.001_fk0.0_rp0.0_vd0.0_seed57_20260917_080526_691090.json,385,35,3131,34,34,True,0,False,,3.3560123443603516,{},asymptotic,True,,15,results/bob_realchannel_run_tp0.001_fk0.0_rp0.0_vd0.0_seed57_20260917_080526_691090.json,results/alice_realchannel_run_seed57_20260917_080526_795054.json,exception: name 'PROJECT_DIR' is not defined,2026-09-17T08:05:30.757663,toeplitz,0.001,4,0.0051948051948051
0.001,0.0,0.0,0.0,58,results/bob_realchannel_run_tp0.001_fk0.0_rp0.0_vd0.0_seed58_20260917_080532_770233.json,385,35,3131,34,34,True,0,False,,2.8820745944976807,{},asymptotic,True,,16,results/bob_realchannel_run_tp0.001_fk0.0_rp0.0_vd0.0_seed58_20260917_080532_770233.json,results/alice_realchannel_run_seed58_20260917_080532_786633.json,exception: name 'PROJECT_DIR' is not defined,2026-09-17T08:05:36.373131,toeplitz,0.001,4,0.0051948051948051
0.001,0.0,0.0,0.0,59,results/bob_realchannel_run_tp0.001_fk0.0_rp0.0_vd0.0_seed59_20260917_080538_376505.json,385,35,3131,34,34,True,0,False,,3.1064834594726562,{},asymptotic,True,,17,results/bob_realchannel_run_tp0.001_fk0.0_rp0.0_vd0.0_seed59_20260917_080538_376505.json,results/alice_realchannel_run_seed59_20260917_080538_561423.json,exception: name 'PROJECT_DIR' is not defined,2026-09-17T08:05:42.191182,toeplitz,0.001,4,0.0051948051948051
0.001,0.0,0.0,0.0,60,results/bob_realchannel_run_tp0.001_fk0.0_rp0.0_vd0.0_seed60_20260917_080544_205850.json,385,35,3131,34,34,True,0,False,,2.845447540283203,{},asymptotic,True,,18,results/bob_realchannel_run_tp0.001_fk0.0_rp0.0_vd0.0_seed60_20260917_080544_205850.json,results/alice_realchannel_run_seed60_20260917_080544_341576.json,exception: name 'PROJECT_DIR' is not defined,2026-09-17T08:05:47.771684,toeplitz,0.001,4,0.0051948051948051
0.001,0.0,0.0,0.0,61,results/bob_realchannel_run_tp0.001_fk0.0_rp0.0_vd0.0_seed61_20260917_080549_781418.json,385,35,3131,34,34,True,0,False,,2.9943151473999023,{},asymptotic,True,,19,results/bob_realchannel_run_tp0.001_fk0.0_rp0.0_vd0.0_seed61_20260917_080549_781418.json,results/alice_realchannel_run_seed61_20260917_080549_901791.json,exception: name 'PROJECT_DIR' is not defined,2026-09-17T08:05:53.501939,toeplitz,0.001,4,0.0051948051948051
0.001,0.0,0.0,0.0,62,results/bob_realchannel_run_tp0.001_fk0.0_rp0.0_vd0.0_seed62_20260917_080555_555832.json,385,35,3131,34,34,True,0,False,,2.9847121238708496,{},asymptotic,True,,20,results/bob_realchannel_run_tp0.001_fk0.0_rp0.0_vd0.0_seed62_20260917_080555_555832.json,results/alice_realchannel_run_seed62_20260917_080555_659538.json,exception: name 'PROJECT_DIR' is not defined,2026-09-17T08:05:59.175626,toeplitz,0.001,4,0.0051948051948051
0.001,0.0,0.0,0.0,63,results/bob_realchannel_run_tp0.001_fk0.0_rp0.0_vd0.0_seed63_20260917_080601_177963.json,385,35,3131,34,34,True,0,False,,3.1500861644744873,{},asymptotic,True,,21,results/bob_realchannel_run_tp0.001_fk0.0_rp0.0_vd0.0_seed63_20260917_080601_177963.json,results/alice_realchannel_run_seed63_20260917_080601_355706.json,exception: name 'PROJECT_DIR' is not defined,2026-09-17T08:06:04.987936,toeplitz,0.001,4,0.0051948051948051
0.001,0.0,0.0,0.0,64,results/bob_realchannel_run_tp0.001_fk0.0_rp0.0_vd0.0_seed64_20260917_080607_002875.json,385,35,3131,34,34,True,0,False,,2.8450872898101807,{},asymptotic,True,,22,results/bob_realchannel_run_tp0.001_fk0.0_rp0.0_vd0.0_seed64_20260917_080607_002875.json,results/alice_realchannel_run_seed64_20260917_080607_120958.json,exception: name 'PROJECT_DIR' is not defined,2026-09-17T08:06:10.542053,toeplitz,0.001,4,0.0051948051948051
0.001,0.0,0.0,0.0,65,results/bob_realchannel_run_tp0.001_fk0.0_rp0.0_vd0.0_seed65_20260917_080612_556209.json,385,35,3131,34,34,True,0,False,,5.058703422546387,{},asymptotic,True,,23,results/bob_realchannel_run_tp0.001_fk0.0_rp0.0_vd0.0_seed65_20260917_080612_556209.json,results/alice_realchannel_run_seed65_20260917_080612_512772.json,exception: name 'PROJECT_DIR' is not defined,2026-09-17T08:06:18.044371,toeplitz,0.001,4,0.0051948051948051
0.001,0.0,0.0,0.0,66,results/bob_realchannel_run_tp0.001_fk0.0_rp0.0_vd0.0_seed66_20260917_080620_050444.json,385,35,3131,34,34,True,0,False,,2.8727543354034424,{},asymptotic,True,,24,results/bob_realchannel_run_tp0.001_fk0.0_rp0.0_vd0.0_seed66_20260917_080620_050444.json,results/alice_realchannel_run_seed66_20260917_080620_159919.json,exception: name 'PROJECT_DIR' is not defined,2026-09-17T08:06:23.633635,toeplitz,0.001,4,0.0051948051948051
0.001,0.0,0.0,0.0,67,results/bob_realchannel_run_tp0.001_fk0.0_rp0.0_vd0.0_seed67_20260917_080625_651571.json,385,35,3131,34,34,True,0,False,,4.395856142044067,{},asymptotic,True,,25,results/bob_realchannel_run_tp0.001_fk0.0_rp0.0_vd0.0_seed67_20260917_080625_651571.json,results/alice_realchannel_run_seed67_20260917_080625_612692.json,exception: name 'PROJECT_DIR' is not defined,2026-09-17T08:06:30.481986,toeplitz,0.001,4,0.0051948051948051
0.001,0.0,0.0,0.0,68,results/bob_realchannel_run_tp0.001_fk0.0_rp0.0_vd0.0_seed68_20260917_080632_480573.json,385,35,3131,34,34,True,0,False,,3.4227406978607178,{},asymptotic,True,,26,results/bob_realchannel_run_tp0.001_fk0.0_rp0.0_vd0.0_seed68_20260917_080632_480573.json,results/alice_realchannel_run_seed68_20260917_080632_630913.json,exception: name 'PROJECT_DIR' is not defined,2026-09-17T08:06:36.543107,toeplitz,0.001,4,0.0051948051948051
0.001,0.0,0.0,0.0,69,results/bob_realchannel_run_tp0.001_fk0.0_rp0.0_vd0.0_seed69_20260917_080638_542734.json,385,35,3131,34,34,True,0,False,,5.120710849761963,{},asymptotic,True,,27,results/bob_realchannel_run_tp0.001_fk0.0_rp0.0_vd0.0_seed69_20260917_080638_542734.json,results/alice_realchannel_run_seed69_20260917_080638_521025.json,exception: name 'PROJECT_DIR' is not defined,2026-09-17T08:06:44.070880,toeplitz,0.001,4,0.0051948051948051
0.001,0.0,0.0,0.0,70,results/bob_realchannel_run_tp0.001_fk0.0_rp0.0_vd0.0_seed70_20260917_080646_060604.json,385,35,3131,34,34,True,0,False,,2.739410161972046,{},asymptotic,True,,28,results/bob_realchannel_run_tp0.001_fk0.0_rp0.0_vd0.0_seed70_20260917_080646_060604.json,results/alice_realchannel_run_seed70_20260917_080646_197423.json,exception: name 'PROJECT_DIR' is not defined,2026-09-17T08:06:49.496431,toeplitz,0.001,4,0.0051948051948051
0.001,0.0,0.0,0.0,71,results/bob_realchannel_run_tp0.001_fk0.0_rp0.0_vd0.0_seed71_20260917_080651_511896.json,385,35,3131,34,34,True,0,False,,4.883243083953857,{},asymptotic,True,,29,results/bob_realchannel_run_tp0.001_fk0.0_rp0.0_vd0.0_seed71_20260917_080651_511896.json,results/alice_realchannel_run_seed71_20260917_080651_469444.json,exception: name 'PROJECT_DIR' is not defined,2026-09-17T08:06:56.806005,toeplitz,0.001,4,0.0051948051948051
0.003,0.0,0.0,0.0,52,results/bob_realchannel_run_tp0.003_fk0.0_rp0.0_vd0.0_seed52_20260917_080658_804830.json,385,35,3131,34,34,True,0,False,,3.074432134628296,{},asymptotic,True,,10,results/bob_realchannel_run_tp0.003_fk0.0_rp0.0_vd0.0_seed52_20260917_080658_804830.json,results/alice_realchannel_run_seed52_20260917_080658_938309.json,exception: name 'PROJECT_DIR' is not defined,2026-09-17T08:07:02.580279,toeplitz,0.003,4,0.0051948051948051
0.003,0.0,0.0,0.0,53,results/bob_realchannel_run_tp0.003_fk0.0_rp0.0_vd0.0_seed53_20260917_080704_583579.json,385,35,3131,34,34,True,0,False,,4.96318507194519,{},asymptotic,True,,11,results/bob_realchannel_run_tp0.003_fk0.0_rp0.0_vd0.0_seed53_20260917_080704_583579.json,results/alice_realchannel_run_seed53_20260917_080704_557294.json,exception: name 'PROJECT_DIR' is not defined,2026-09-17T08:07:09.963747,toeplitz,0.003,4,0.0051948051948051
0.003,0.0,0.0,0.0,54,results/bob_realchannel_run_tp0.003_fk0.0_rp0.0_vd0.0_seed54_20260917_080711_966553.json,385,35,3131,34,34,True,0,False,,3.0170273780822754,{},asymptotic,True,,12,results/bob_realchannel_run_tp0.003_fk0.0_rp0.0_vd0.0_seed54_20260917_080711_966553.json,results/alice_realchannel_run_seed54_20260917_080712_108887.json,exception: name 'PROJECT_DIR' is not defined,2026-09-17T08:07:15.651942,toeplitz,0.003,4,0.0051948051948051
0.003,0.0,0.0,0.0,55,results/bob_realchannel_run_tp0.003_fk0.0_rp0.0_vd0.0_seed55_20260917_080717_660163.json,385,35,3131,34,34,True,0,False,,2.799475908279419,{},asymptotic,True,,13,results/bob_realchannel_run_tp0.003_fk0.0_rp0.0_vd0.0_seed55_20260917_080717_660163.json,results/alice_realchannel_run_seed55_20260917_080717_737988.json,exception: name 'PROJECT_DIR' is not defined,2026-09-17T08:07:21.087992,toeplitz,0.003,4,0.0051948051948051
0.003,0.0,0.0,0.0,56,results/bob_realchannel_run_tp0.003_fk0.0_rp0.0_vd0.0_seed56_20260917_080723_087527.json,385,35,3131,34,34,True,0,False,,4.995130777359009,{},asymptotic,True,,14,results/bob_realchannel_run_tp0.003_fk0.0_rp0.0_vd0.0_seed56_20260917_080723_087527.json,results/alice_realchannel_run_seed56_20260917_080723_057183.json,exception: name 'PROJECT_DIR' is not defined,2026-09-17T08:07:28.490904,toeplitz,0.003,4,0.0051948051948051
0.003,0.0,0.0,0.0,57,results/bob_realchannel_run_tp0.003_fk0.0_rp0.0_vd0.0_seed57_20260917_080730_499631.json,385,35,3131,34,34,True,0,False,,2.900041103363037,{},asymptotic,True,,15,results/bob_realchannel_run_tp0.003_fk0.0_rp0.0_vd0.0_seed57_20260917_080730_499631.json,results/alice_realchannel_run_seed57_20260917_080730_593768.json,exception: name 'PROJECT_DIR' is not defined,2026-09-17T08:07:34.052465,toeplitz,0.003,4,0.0051948051948051
0.003,0.0,0.0,0.0,58,results/bob_realchannel_run_tp0.003_fk0.0_rp0.0_vd0.0_seed58_20260917_080736_052000.json,385,35,3131,34,34,True,0,False,,4.855589389801025,{},asymptotic,True,,16,results/bob_realchannel_run_tp0.003_fk0.0_rp0.0_vd0.0_seed58_20260917_080736_052000.json,results/alice_realchannel_run_seed58_20260917_080736_022649.json,exception: name 'PROJECT_DIR' is not defined,2026-09-17T08:07:41.316561,toeplitz,0.003,4,0.0051948051948051
0.003,0.0,0.0,0.0,59,results/bob_realchannel_run_tp0.003_fk0.0_rp0.0_vd0.0_seed59_20260917_080743_316338.json,385,35,3131,34,34,True,0,False,,3.0312583446502686,{},asymptotic,True,,17,results/bob_realchannel_run_tp0.003_fk0.0_rp0.0_vd0.0_seed59_20260917_080743_316338.json,results/alice_realchannel_run_seed59_20260917_080743_418306.json,exception: name 'PROJECT_DIR' is not defined,2026-09-17T08:07:46.996590,toeplitz,0.003,4,0.0051948051948051
0.003,0.0,0.0,0.0,60,results/bob_realchannel_run_tp0.003_fk0.0_rp0.0_vd0.0_seed60_20260917_080749_033609.json,385,35,3131,34,34,True,0,False,,4.657835483551025,{},asymptotic,True,,18,results/bob_realchannel_run_tp0.003_fk0.0_rp0.0_vd0.0_seed60_20260917_080749_033609.json,results/alice_realchannel_run_seed60_20260917_080748_966121.json,exception: name 'PROJECT_DIR' is not defined,2026-09-17T08:07:54.111265,toeplitz,0.003,4,0.0051948051948051
0.003,0.0,0.0,0.0,61,results/bob_realchannel_run_tp0.003_fk0.0_rp0.0_vd0.0_seed61_20260917_080756_131807.json,385,35,3131,34,34,True,0,False,,4.1070051193237305,{},asymptotic,True,,19,results/bob_realchannel_run_tp0.003_fk0.0_rp0.0_vd0.0_seed61_20260917_080756_131807.json,results/alice_realchannel_run_seed61_20260917_080756_067843.json,exception: name 'PROJECT_DIR' is not defined,2026-09-17T08:08:00.660360,toeplitz,0.003,4,0.0051948051948051
0.003,0.0,0.0,0.0,62,results/bob_realchannel_run_tp0.003_fk0.0_rp0.0_vd0.0_seed62_20260917_080802_663951.json,385,35,3131,34,34,True,0,False,,2.995771646499634,{},asymptotic,True,,20,results/bob_realchannel_run_tp0.003_fk0.0_rp0.0_vd0.0_seed62_20260917_080802_663951.json,results/alice_realchannel_run_seed62_20260917_080802_780778.json,exception: name 'PROJECT_DIR' is not defined,2026-09-17T08:08:06.350375,toeplitz,0.003,4,0.0051948051948051
0.003,0.0,0.0,0.0,63,results/bob_realchannel_run_tp0.003_fk0.0_rp0.0_vd0.0_seed63_20260917_080808_358319.json,385,35,3131,34,34,True,0,False,,4.944706201553345,{},asymptotic,True,,21,results/bob_realchannel_run_tp0.003_fk0.0_rp0.0_vd0.0_seed63_20260917_080808_358319.json,results/alice_realchannel_run_seed63_20260917_080808_313187.json,exception: name 'PROJECT_DIR' is not defined,2026-09-17T08:08:13.753278,toeplitz,0.003,4,0.0051948051948051
0.003,0.0,0.0,0.0,64,results/bob_realchannel_run_tp0.003_fk0.0_rp0.0_vd0.0_seed64_20260917_080815_762002.json,385,35,3131,34,34,True,0,False,,1.926194190979004,{},asymptotic,True,,22,results/bob_realchannel_run_tp0.003_fk0.0_rp0.0_vd0.0_seed64_20260917_080815_762002.json,results/alice_realchannel_run_seed64_20260917_080815_865691.json,exception: name 'PROJECT_DIR' is not defined,2026-09-17T08:08:18.315704,toeplitz,0.003,4,0.0051948051948051
0.003,0.0,0.0,0.0,65,results/bob_realchannel_run_tp0.003_fk0.0_rp0.0_vd0.0_seed65_20260917_080820_337779.json,385,35,3131,34,34,True,0,False,,5.040693283081055,{},asymptotic,True,,23,results/bob_realchannel_run_tp0.003_fk0.0_rp0.0_vd0.0_seed65_20260917_080820_337779.json,results/alice_realchannel_run_seed65_20260917_080820_280507.json,exception: name 'PROJECT_DIR' is not defined,2026-09-17T08:08:25.806895,toeplitz,0.003,4,0.0051948051948051
0.003,0.0,0.0,0.0,66,results/bob_realchannel_run_tp0.003_fk0.0_rp0.0_vd0.0_seed66_20260917_080827_815962.json,385,35,3131,34,34,True,0,False,,4.726774454116821,{},asymptotic,True,,24,results/bob_realchannel_run_tp0.003_fk0.0_rp0.0_vd0.0_seed66_20260917_080827_815962.json,results/alice_realchannel_run_seed66_20260917_080827_765981.json,exception: name 'PROJECT_DIR' is not defined,2026-09-17T08:08:32.970234,toeplitz,0.003,4,0.0051948051948051
0.003,0.0,0.0,0.0,67,results/bob_realchannel_run_tp0.003_fk0.0_rp0.0_vd0.0_seed67_20260917_080835_026174.json,385,35,3131,34,34,True,0,False,,4.833330869674683,{},asymptotic,True,,25,results/bob_realchannel_run_tp0.003_fk0.0_rp0.0_vd0.0_seed67_20260917_080835_026174.json,results/alice_realchannel_run_seed67_20260917_080834_977540.json,exception: name 'PROJECT_DIR' is not defined,2026-09-17T08:08:40.370186,toeplitz,0.003,4,0.0051948051948051
0.003,0.0,0.0,0.0,68,results/bob_realchannel_run_tp0.003_fk0.0_rp0.0_vd0.0_seed68_20260917_080842_394684.json,385,35,3131,34,34,True,0,False,,5.1963958740234375,{},asymptotic,True,,26,results/bob_realchannel_run_tp0.003_fk0.0_rp0.0_vd0.0_seed68_20260917_080842_394684.json,results/alice_realchannel_run_seed68_20260917_080842_334482.json,exception: name 'PROJECT_DIR' is not defined,2026-09-17T08:08:48.020064,toeplitz,0.003,4,0.0051948051948051
0.003,0.0,0.0,0.0,69,results/bob_realchannel_run_tp0.003_fk0.0_rp0.0_vd0.0_seed69_20260917_080850_040313.json,385,35,3131,34,34,True,0,False,,3.337306022644043,{},asymptotic,True,,27,results/bob_realchannel_run_tp0.003_fk0.0_rp0.0_vd0.0_seed69_20260917_080850_040313.json,results/alice_realchannel_run_seed69_20260917_080849_986301.json,exception: name 'PROJECT_DIR' is not defined,2026-09-17T08:08:53.922599,toeplitz,0.003,4,0.0051948051948051
0.003,0.0,0.0,0.0,70,results/bob_realchannel_run_tp0.003_fk0.0_rp0.0_vd0.0_seed70_20260917_080855_994371.json,385,35,3131,34,34,True,0,False,,5.004866600036621,{},asymptotic,True,,28,results/bob_realchannel_run_tp0.003_fk0.0_rp0.0_vd0.0_seed70_20260917_080855_994371.json,results/alice_realchannel_run_seed70_20260917_080855_935880.json,exception: name 'PROJECT_DIR' is not defined,2026-09-17T08:09:01.511618,toeplitz,0.003,4,0.0051948051948051
0.003,0.0,0.0,0.0,71,results/bob_realchannel_run_tp0.003_fk0.0_rp0.0_vd0.0_seed71_20260917_080903_525771.json,385,35,3131,34,34,True,0,False,,3.974053382873535,{},asymptotic,True,,29,results/bob_realchannel_run_tp0.003_fk0.0_rp0.0_vd0.0_seed71_20260917_080903_525771.json,results/alice_realchannel_run_seed71_20260917_080903_472067.json,exception: name 'PROJECT_DIR' is not defined,2026-09-17T08:09:07.929878,toeplitz,0.003,4,0.0051948051948051
0.01,0.0,0.0,0.0,52,results/bob_realchannel_run_tp0.01_fk0.0_rp0.0_vd0.0_seed52_20260917_080909_972870.json,385,35,3131,34,34,True,0,False,,1.2770946025848389,{},asymptotic,True,,10,results/bob_realchannel_run_tp0.01_fk0.0_rp0.0_vd0.0_seed52_20260917_080909_972870.json,results/alice_realchannel_run_seed52_20260917_080910_085288.json,exception: name 'PROJECT_DIR' is not defined,2026-09-17T08:09:11.916437,toeplitz,0.01,4,0.0051948051948051
0.01,0.0,0.0,0.0,53,results/bob_realchannel_run_tp0.01_fk0.0_rp0.0_vd0.0_seed53_20260917_080913_974277.json,385,35,3131,34,34,True,0,False,,4.8967835903167725,{},asymptotic,True,,11,results/bob_realchannel_run_tp0.01_fk0.0_rp0.0_vd0.0_seed53_20260917_080913_974277.json,results/alice_realchannel_run_seed53_20260917_080913_879973.json,exception: name 'PROJECT_DIR' is not defined,2026-09-17T08:09:19.299198,toeplitz,0.01,4,0.0051948051948051
0.01,0.0,0.0,0.0,54,results/bob_realchannel_run_tp0.01_fk0.0_rp0.0_vd0.0_seed54_20260917_080921_319489.json,385,35,3131,34,34,True,0,False,,2.068246603012085,{},asymptotic,True,,12,results/bob_realchannel_run_tp0.01_fk0.0_rp0.0_vd0.0_seed54_20260917_080921_319489.json,results/alice_realchannel_run_seed54_20260917_080921_410865.json,exception: name 'PROJECT_DIR' is not defined,2026-09-17T08:09:24.084433,toeplitz,0.01,4,0.0051948051948051
0.01,0.0,0.0,0.0,55,results/bob_realchannel_run_tp0.01_fk0.0_rp0.0_vd0.0_seed55_20260917_080926_103443.json,385,35,3131,34,34,True,0,False,,4.687819719314575,{},asymptotic,True,,13,results/bob_realchannel_run_tp0.01_fk0.0_rp0.0_vd0.0_seed55_20260917_080926_103443.json,results/alice_realchannel_run_seed55_20260917_080926_052187.json,exception: name 'PROJECT_DIR' is not defined,2026-09-17T08:09:31.216058,toeplitz,0.01,4,0.0051948051948051
0.01,0.0,0.0,0.0,56,results/bob_realchannel_run_tp0.01_fk0.0_rp0.0_vd0.0_seed56_20260917_080933_211734.json,385,35,3131,34,34,True,0,False,,3.027385950088501,{},asymptotic,True,,14,results/bob_realchannel_run_tp0.01_fk0.0_rp0.0_vd0.0_seed56_20260917_080933_211734.json,results/alice_realchannel_run_seed56_20260917_080933_221593.json,exception: name 'PROJECT_DIR' is not defined,2026-09-17T08:09:36.766859,toeplitz,0.01,4,0.0051948051948051
0.01,0.0,0.0,0.0,57,results/bob_realchannel_run_tp0.01_fk0.0_rp0.0_vd0.0_seed57_20260917_080938_789827.json,385,35,3131,34,34,True,0,False,,4.30687689781189,{},asymptotic,True,,15,results/bob_realchannel_run_tp0.01_fk0.0_rp0.0_vd0.0_seed57_20260917_080938_789827.json,results/alice_realchannel_run_seed57_20260917_080938_723564.json,exception: name 'PROJECT_DIR' is not defined,2026-09-17T08:09:43.650644,toeplitz,0.01,4,0.0051948051948051
0.01,0.0,0.0,0.0,58,results/bob_realchannel_run_tp0.01_fk0.0_rp0.0_vd0.0_seed58_20260917_080945_719938.json,385,35,3131,34,34,True,0,False,,1.5594773292541504,{},asymptotic,True,,16,results/bob_realchannel_run_tp0.01_fk0.0_rp0.0_vd0.0_seed58_20260917_080945_719938.json,results/alice_realchannel_run_seed58_20260917_080945_804295.json,exception: name 'PROJECT_DIR' is not defined,2026-09-17T08:09:48.030324,toeplitz,0.01,4,0.0051948051948051
0.01,0.0,0.0,0.0,59,results/bob_realchannel_run_tp0.01_fk0.0_rp0.0_vd0.0_seed59_20260917_080950_057350.json,385,35,3131,34,34,True,0,False,,3.989071846008301,{},asymptotic,True,,17,results/bob_realchannel_run_tp0.01_fk0.0_rp0.0_vd0.0_seed59_20260917_080950_057350.json,results/alice_realchannel_run_seed59_20260917_080950_005499.json,exception: name 'PROJECT_DIR' is not defined,2026-09-17T08:09:54.496227,toeplitz,0.01,4,0.0051948051948051
0.01,0.0,0.0,0.0,60,results/bob_realchannel_run_tp0.01_fk0.0_rp0.0_vd0.0_seed60_20260917_080956_513003.json,385,35,3131,34,34,True,0,False,,2.7867722511291504,{},asymptotic,True,,18,results/bob_realchannel_run_tp0.01_fk0.0_rp0.0_vd0.0_seed60_20260917_080956_513003.json,results/alice_realchannel_run_seed60_20260917_080956_590195.json,exception: name 'PROJECT_DIR' is not defined,2026-09-17T08:09:59.962396,toeplitz,0.01,4,0.0051948051948051
0.01,0.0,0.0,0.0,61,results/bob_realchannel_run_tp0.01_fk0.0_rp0.0_vd0.0_seed61_20260917_081001_969189.json,385,35,3131,34,34,True,0,False,,4.854116916656494,{},asymptotic,True,,19,results/bob_realchannel_run_tp0.01_fk0.0_rp0.0_vd0.0_seed61_20260917_081001_969189.json,results/alice_realchannel_run_seed61_20260917_081001_927739.json,exception: name 'PROJECT_DIR' is not defined,2026-09-17T08:10:07.251901,toeplitz,0.01,4,0.0051948051948051
0.01,0.0,0.0,0.0,62,results/bob_realchannel_run_tp0.01_fk0.0_rp0.0_vd0.0_seed62_20260917_081009_259169.json,385,35,3131,34,34,True,0,False,,2.9768667221069336,{},asymptotic,True,,20,results/bob_realchannel_run_tp0.01_fk0.0_rp0.0_vd0.0_seed62_20260917_081009_259169.json,results/alice_realchannel_run_seed62_20260917_081009_344529.json,exception: name 'PROJECT_DIR' is not defined,2026-09-17T08:10:12.896368,toeplitz,0.01,4,0.0051948051948051
0.01,0.0,0.0,0.0,63,results/bob_realchannel_run_tp0.01_fk0.0_rp0.0_vd0.0_seed63_20260917_081014_945764.json,385,35,3131,34,34,True,0,False,,3.5800139904022217,{},asymptotic,True,,21,results/bob_realchannel_run_tp0.01_fk0.0_rp0.0_vd0.0_seed63_20260917_081014_945764.json,results/alice_realchannel_run_seed63_20260917_081014_860451.json,exception: name 'PROJECT_DIR' is not defined,2026-09-17T08:10:18.982698,toeplitz,0.01,4,0.0051948051948051
0.01,0.0,0.0,0.0,64,results/bob_realchannel_run_tp0.01_fk0.0_rp0.0_vd0.0_seed64_20260917_081021_017372.json,385,35,3131,34,34,True,0,False,,1.9035305976867676,{},asymptotic,True,,22,results/bob_realchannel_run_tp0.01_fk0.0_rp0.0_vd0.0_seed64_20260917_081021_017372.json,results/alice_realchannel_run_seed64_20260917_081021_097770.json,exception: name 'PROJECT_DIR' is not defined,2026-09-17T08:10:23.580786,toeplitz,0.01,4,0.0051948051948051
0.01,0.0,0.0,0.0,65,results/bob_realchannel_run_tp0.01_fk0.0_rp0.0_vd0.0_seed65_20260917_081025_627310.json,385,35,3131,34,34,True,0,False,,5.01506233215332,{},asymptotic,True,,23,results/bob_realchannel_run_tp0.01_fk0.0_rp0.0_vd0.0_seed65_20260917_081025_627310.json,results/alice_realchannel_run_seed65_20260917_081025_544064.json,exception: name 'PROJECT_DIR' is not defined,2026-09-17T08:10:31.073864,toeplitz,0.01,4,0.0051948051948051
0.01,0.0,0.0,0.0,66,results/bob_realchannel_run_tp0.01_fk0.0_rp0.0_vd0.0_seed66_20260917_081033_106763.json,385,35,3131,34,34,True,0,False,,2.3771402835845947,{},asymptotic,True,,24,results/bob_realchannel_run_tp0.01_fk0.0_rp0.0_vd0.0_seed66_20260917_081033_106763.json,results/alice_realchannel_run_seed66_20260917_081033_172774.json,exception: name 'PROJECT_DIR' is not defined,2026-09-17T08:10:36.139313,toeplitz,0.01,4,0.0051948051948051
0.01,0.0,0.0,0.0,67,results/bob_realchannel_run_tp0.01_fk0.0_rp0.0_vd0.0_seed67_20260917_081038_154864.json,385,35,3131,34,34,True,0,False,,4.12043309211731,{},asymptotic,True,,25,results/bob_realchannel_run_tp0.01_fk0.0_rp0.0_vd0.0_seed67_20260917_081038_154864.json,results/alice_realchannel_run_seed67_20260917_081038_108291.json,exception: name 'PROJECT_DIR' is not defined,2026-09-17T08:10:42.704719,toeplitz,0.01,4,0.0051948051948051
0.01,0.0,0.0,0.0,68,results/bob_realchannel_run_tp0.01_fk0.0_rp0.0_vd0.0_seed68_20260917_081044_708754.json,385,35,3131,34,34,True,0,False,,3.3746752738952637,{},asymptotic,True,,26,results/bob_realchannel_run_tp0.01_fk0.0_rp0.0_vd0.0_seed68_20260917_081044_708754.json,results/alice_realchannel_run_seed68_20260917_081044_849027.json,exception: name 'PROJECT_DIR' is not defined,2026-09-17T08:10:48.740502,toeplitz,0.01,4,0.0051948051948051
0.01,0.0,0.0,0.0,69,results/bob_realchannel_run_tp0.01_fk0.0_rp0.0_vd0.0_seed69_20260917_081050_754116.json,385,35,3131,34,34,True,0,False,,5.088923931121826,{},asymptotic,True,,27,results/bob_realchannel_run_tp0.01_fk0.0_rp0.0_vd0.0_seed69_20260917_081050_754116.json,results/alice_realchannel_run_seed69_20260917_081050_705847.json,exception: name 'PROJECT_DIR' is not defined,2026-09-17T08:10:56.270406,toeplitz,0.01,4,0.0051948051948051
0.01,0.0,0.0,0.0,70,results/bob_realchannel_run_tp0.01_fk0.0_rp0.0_vd0.0_seed70_20260917_081058_282520.json,385,35,3131,34,34,True,0,False,,2.6659696102142334,{},asymptotic,True,,28,results/bob_realchannel_run_tp0.01_fk0.0_rp0.0_vd0.0_seed70_20260917_081058_282520.json,results/alice_realchannel_run_seed70_20260917_081058_357296.json,exception: name 'PROJECT_DIR' is not defined,2026-09-17T08:11:01.569141,toeplitz,0.01,4,0.0051948051948051
0.01,0.0,0.0,0.0,71,results/bob_realchannel_run_tp0.01_fk0.0_rp0.0_vd0.0_seed71_20260917_081103_591694.json,385,35,3131,34,34,True,0,False,,4.859426259994507,{},asymptotic,True,,29,results/bob_realchannel_run_tp0.01_fk0.0_rp0.0_vd0.0_seed71_20260917_081103_591694.json,results/alice_realchannel_run_seed71_20260917_081103_528395.json,exception: name 'PROJECT_DIR' is not defined,2026-09-17T08:11:08.880225,toeplitz,0.01,4,0.0051948051948051
0.03,0.0,0.0,0.0,52,results/bob_realchannel_run_tp0.03_fk0.0_rp0.0_vd0.0_seed52_20260917_081110_903726.json,385,35,3131,34,34,True,0,False,,2.9404475688934326,{},asymptotic,True,,10,results/bob_realchannel_run_tp0.03_fk0.0_rp0.0_vd0.0_seed52_20260917_081110_903726.json,results/alice_realchannel_run_seed52_20260917_081110_899643.json,exception: name 'PROJECT_DIR' is not defined,2026-09-17T08:11:14.547166,toeplitz,0.03,4,0.0051948051948051
0.03,0.0,0.0,0.0,53,results/bob_realchannel_run_tp0.03_fk0.0_rp0.0_vd0.0_seed53_20260917_081116_603354.json,385,35,3131,34,34,True,0,False,,4.892137289047241,{},asymptotic,True,,11,results/bob_realchannel_run_tp0.03_fk0.0_rp0.0_vd0.0_seed53_20260917_081116_603354.json,results/alice_realchannel_run_seed53_20260917_081116_510604.json,exception: name 'PROJECT_DIR' is not defined,2026-09-17T08:11:21.924764,toeplitz,0.03,4,0.0051948051948051
0.03,0.0,0.0,0.0,54,results/bob_realchannel_run_tp0.03_fk0.0_rp0.0_vd0.0_seed54_20260917_081123_941411.json,385,35,3131,34,34,True,0,False,,2.9625957012176514,{},asymptotic,True,,12,results/bob_realchannel_run_tp0.03_fk0.0_rp0.0_vd0.0_seed54_20260917_081123_941411.json,results/alice_realchannel_run_seed54_20260917_081124_025166.json,exception: name 'PROJECT_DIR' is not defined,2026-09-17T08:11:27.556345,toeplitz,0.03,4,0.0051948051948051
0.03,0.0,0.0,0.0,55,results/bob_realchannel_run_tp0.03_fk0.0_rp0.0_vd0.0_seed55_20260917_081129_567756.json,385,35,3131,34,34,True,0,False,,3.572145700454712,{},asymptotic,True,,13,results/bob_realchannel_run_tp0.03_fk0.0_rp0.0_vd0.0_seed55_20260917_081129_567756.json,results/alice_realchannel_run_seed55_20260917_081129_520400.json,exception: name 'PROJECT_DIR' is not defined,2026-09-17T08:11:33.575389,toeplitz,0.03,4,0.0051948051948051
0.03,0.0,0.0,0.0,56,results/bob_realchannel_run_tp0.03_fk0.0_rp0.0_vd0.0_seed56_20260917_081135_594313.json,385,35,3131,34,34,True,0,False,,2.641371965408325,{},asymptotic,True,,14,results/bob_realchannel_run_tp0.03_fk0.0_rp0.0_vd0.0_seed56_20260917_081135_594313.json,results/alice_realchannel_run_seed56_20260917_081135_666873.json,exception: name 'PROJECT_DIR' is not defined,2026-09-17T08:11:38.878163,toeplitz,0.03,4,0.0051948051948051
0.03,0.0,0.0,0.0,57,results/bob_realchannel_run_tp0.03_fk0.0_rp0.0_vd0.0_seed57_20260917_081140_891323.json,385,35,3131,34,34,True,0,False,,5.235611438751221,{},asymptotic,True,,15,results/bob_realchannel_run_tp0.03_fk0.0_rp0.0_vd0.0_seed57_20260917_081140_891323.json,results/alice_realchannel_run_seed57_20260917_081140_846299.json,exception: name 'PROJECT_DIR' is not defined,2026-09-17T08:11:46.557394,toeplitz,0.03,4,0.0051948051948051
0.03,0.0,0.0,0.0,58,results/bob_realchannel_run_tp0.03_fk0.0_rp0.0_vd0.0_seed58_20260917_081148_576939.json,385,35,3131,34,34,True,0,False,,2.959376096725464,{},asymptotic,True,,16,results/bob_realchannel_run_tp0.03_fk0.0_rp0.0_vd0.0_seed58_20260917_081148_576939.json,results/alice_realchannel_run_seed58_20260917_081148_665692.json,exception: name 'PROJECT_DIR' is not defined,2026-09-17T08:11:52.262680,toeplitz,0.03,4,0.0051948051948051
0.03,0.0,0.0,0.0,59,results/bob_realchannel_run_tp0.03_fk0.0_rp0.0_vd0.0_seed59_20260917_081154_287168.json,385,35,3131,34,34,True,0,False,,4.891797304153442,{},asymptotic,True,,17,results/bob_realchannel_run_tp0.03_fk0.0_rp0.0_vd0.0_seed59_20260917_081154_287168.json,results/alice_realchannel_run_seed59_20260917_081154_233675.json,exception: name 'PROJECT_DIR' is not defined,2026-09-17T08:11:59.619664,toeplitz,0.03,4,0.0051948051948051
0.03,0.0,0.0,0.0,60,results/bob_realchannel_run_tp0.03_fk0.0_rp0.0_vd0.0_seed60_20260917_081201_660016.json,385,35,3131,34,34,True,0,False,,2.8235409259796143,{},asymptotic,True,,18,results/bob_realchannel_run_tp0.03_fk0.0_rp0.0_vd0.0_seed60_20260917_081201_660016.json,results/alice_realchannel_run_seed60_20260917_081201_772447.json,exception: name 'PROJECT_DIR' is not defined,2026-09-17T08:12:05.136135,toeplitz,0.03,4,0.0051948051948051
0.03,0.0,0.0,0.0,61,results/bob_realchannel_run_tp0.03_fk0.0_rp0.0_vd0.0_seed61_20260917_081207_164466.json,385,35,3131,34,34,True,0,False,,4.387526035308838,{},asymptotic,True,,19,results/bob_realchannel_run_tp0.03_fk0.0_rp0.0_vd0.0_seed61_20260917_081207_164466.json,results/alice_realchannel_run_seed61_20260917_081207_104764.json,exception: name 'PROJECT_DIR' is not defined,2026-09-17T08:12:11.983190,toeplitz,0.03,4,0.0051948051948051
0.03,0.0,0.0,0.0,62,results/bob_realchannel_run_tp0.03_fk0.0_rp0.0_vd0.0_seed62_20260917_081213_990722.json,385,35,3131,34,34,True,0,False,,3.5315232276916504,{},asymptotic,True,,20,results/bob_realchannel_run_tp0.03_fk0.0_rp0.0_vd0.0_seed62_20260917_081213_990722.json,results/alice_realchannel_run_seed62_20260917_081213_948470.json,exception: name 'PROJECT_DIR' is not defined,2026-09-17T08:12:17.952594,toeplitz,0.03,4,0.0051948051948051
0.03,0.0,0.0,0.0,63,results/bob_realchannel_run_tp0.03_fk0.0_rp0.0_vd0.0_seed63_20260917_081219_969923.json,385,35,3131,34,34,True,0,False,,3.305189609527588,{},asymptotic,True,,21,results/bob_realchannel_run_tp0.03_fk0.0_rp0.0_vd0.0_seed63_20260917_081219_969923.json,results/alice_realchannel_run_seed63_20260917_081219_918121.json,exception: name 'PROJECT_DIR' is not defined,2026-09-17T08:12:23.706065,toeplitz,0.03,4,0.0051948051948051
0.03,0.0,0.0,0.0,64,results/bob_realchannel_run_tp0.03_fk0.0_rp0.0_vd0.0_seed64_20260917_081225_709711.json,385,35,3131,34,34,True,0,False,,4.02907395362854,{},asymptotic,True,,22,results/bob_realchannel_run_tp0.03_fk0.0_rp0.0_vd0.0_seed64_20260917_081225_709711.json,results/alice_realchannel_run_seed64_20260917_081225_668929.json,exception: name 'PROJECT_DIR' is not defined,2026-09-17T08:12:30.168658,toeplitz,0.03,4,0.0051948051948051
0.03,0.0,0.0,0.0,65,results/bob_realchannel_run_tp0.03_fk0.0_rp0.0_vd0.0_seed65_20260917_081232_188670.json,385,35,3131,34,34,True,0,False,,2.7800958156585693,{},asymptotic,True,,23,results/bob_realchannel_run_tp0.03_fk0.0_rp0.0_vd0.0_seed65_20260917_081232_188670.json,results/alice_realchannel_run_seed65_20260917_081232_331018.json,exception: name 'PROJECT_DIR' is not defined,2026-09-17T08:12:35.631254,toeplitz,0.03,4,0.0051948051948051
0.03,0.0,0.0,0.0,66,results/bob_realchannel_run_tp0.03_fk0.0_rp0.0_vd0.0_seed66_20260917_081237_649951.json,385,35,3131,34,34,True,0,False,,4.7370336055755615,{},asymptotic,True,,24,results/bob_realchannel_run_tp0.03_fk0.0_rp0.0_vd0.0_seed66_20260917_081237_649951.json,results/alice_realchannel_run_seed66_20260917_081237_606409.json,exception: name 'PROJECT_DIR' is not defined,2026-09-17T08:12:42.817904,toeplitz,0.03,4,0.0051948051948051
0.03,0.0,0.0,0.0,67,results/bob_realchannel_run_tp0.03_fk0.0_rp0.0_vd0.0_seed67_20260917_081244_855418.json,385,35,3131,34,34,True,0,False,,1.1390085220336914,{},asymptotic,True,,25,results/bob_realchannel_run_tp0.03_fk0.0_rp0.0_vd0.0_seed67_20260917_081244_855418.json,results/alice_realchannel_run_seed67_20260917_081244_911085.json,exception: name 'PROJECT_DIR' is not defined,2026-09-17T08:12:46.645450,toeplitz,0.03,4,0.0051948051948051
0.03,0.0,0.0,0.0,68,results/bob_realchannel_run_tp0.03_fk0.0_rp0.0_vd0.0_seed68_20260917_081248_664073.json,385,35,3131,34,34,True,0,False,,5.202539682388306,{},asymptotic,True,,26,results/bob_realchannel_run_tp0.03_fk0.0_rp0.0_vd0.0_seed68_20260917_081248_664073.json,results/alice_realchannel_run_seed68_20260917_081248_614072.json,exception: name 'PROJECT_DIR' is not defined,2026-09-17T08:12:54.296027,toeplitz,0.03,4,0.0051948051948051
0.03,0.0,0.0,0.0,69,results/bob_realchannel_run_tp0.03_fk0.0_rp0.0_vd0.0_seed69_20260917_081256_316824.json,385,35,3131,34,34,True,0,False,,3.2430760860443115,{},asymptotic,True,,27,results/bob_realchannel_run_tp0.03_fk0.0_rp0.0_vd0.0_seed69_20260917_081256_316824.json,results/alice_realchannel_run_seed69_20260917_081256_439439.json,exception: name 'PROJECT_DIR' is not defined,2026-09-17T08:13:00.275366,toeplitz,0.03,4,0.0051948051948051
0.03,0.0,0.0,0.0,70,results/bob_realchannel_run_tp0.03_fk0.0_rp0.0_vd0.0_seed70_20260917_081302_395544.json,385,35,3131,34,34,True,0,False,,3.5901472568511963,{},asymptotic,True,,28,results/bob_realchannel_run_tp0.03_fk0.0_rp0.0_vd0.0_seed70_20260917_081302_395544.json,results/alice_realchannel_run_seed70_20260917_081302_246175.json,exception: name 'PROJECT_DIR' is not defined,2026-09-17T08:13:06.428559,toeplitz,0.03,4,0.0051948051948051
0.03,0.0,0.0,0.0,71,results/bob_realchannel_run_tp0.03_fk0.0_rp0.0_vd0.0_seed71_20260917_081308_459215.json,385,35,3131,34,34,True,0,False,,2.576298713684082,{},asymptotic,True,,29,results/bob_realchannel_run_tp0.03_fk0.0_rp0.0_vd0.0_seed71_20260917_081308_459215.json,results/alice_realchannel_run_seed71_20260917_081308_576075.json,exception: name 'PROJECT_DIR' is not defined,2026-09-17T08:13:11.738324,toeplitz,0.03,4,0.0051948051948051
0.05,0.0,0.0,0.0,52,results/bob_realchannel_run_tp0.05_fk0.0_rp0.0_vd0.0_seed52_20260917_081313_901220.json,385,35,3131,34,34,True,0,False,,3.4442543983459473,{},asymptotic,True,,10,results/bob_realchannel_run_tp0.05_fk0.0_rp0.0_vd0.0_seed52_20260917_081313_901220.json,results/alice_realchannel_run_seed52_20260917_081313_710170.json,exception: name 'PROJECT_DIR' is not defined,2026-09-17T08:13:17.814005,toeplitz,0.05,4,0.0051948051948051
0.05,0.0,0.0,0.0,53,results/bob_realchannel_run_tp0.05_fk0.0_rp0.0_vd0.0_seed53_20260917_081319_834622.json,385,35,3131,34,34,True,0,False,,3.0971789360046387,{},asymptotic,True,,11,results/bob_realchannel_run_tp0.05_fk0.0_rp0.0_vd0.0_seed53_20260917_081319_834622.json,results/alice_realchannel_run_seed53_20260917_081319_959880.json,exception: name 'PROJECT_DIR' is not defined,2026-09-17T08:13:23.637445,toeplitz,0.05,4,0.0051948051948051
0.05,0.0,0.0,0.0,54,results/bob_realchannel_run_tp0.05_fk0.0_rp0.0_vd0.0_seed54_20260917_081325_650008.json,385,35,3131,34,34,True,0,False,,3.6853930950164795,{},asymptotic,True,,12,results/bob_realchannel_run_tp0.05_fk0.0_rp0.0_vd0.0_seed54_20260917_081325_650008.json,results/alice_realchannel_run_seed54_20260917_081325_610746.json,exception: name 'PROJECT_DIR' is not defined,2026-09-17T08:13:29.767176,toeplitz,0.05,4,0.0051948051948051
0.05,0.0,0.0,0.0,55,results/bob_realchannel_run_tp0.05_fk0.0_rp0.0_vd0.0_seed55_20260917_081331_766140.json,385,35,3131,34,34,True,0,False,,2.8937957286834717,{},asymptotic,True,,13,results/bob_realchannel_run_tp0.05_fk0.0_rp0.0_vd0.0_seed55_20260917_081331_766140.json,results/alice_realchannel_run_seed55_20260917_081331_936508.json,exception: name 'PROJECT_DIR' is not defined,2026-09-17T08:13:35.432468,toeplitz,0.05,4,0.0051948051948051
0.05,0.0,0.0,0.0,56,results/bob_realchannel_run_tp0.05_fk0.0_rp0.0_vd0.0_seed56_20260917_081337_439523.json,385,35,3131,34,34,True,0,False,,3.6661248207092285,{},asymptotic,True,,14,results/bob_realchannel_run_tp0.05_fk0.0_rp0.0_vd0.0_seed56_20260917_081337_439523.json,results/alice_realchannel_run_seed56_20260917_081337_399264.json,exception: name 'PROJECT_DIR' is not defined,2026-09-17T08:13:41.537345,toeplitz,0.05,4,0.0051948051948051
0.05,0.0,0.0,0.0,57,results/bob_realchannel_run_tp0.05_fk0.0_rp0.0_vd0.0_seed57_20260917_081343_539481.json,385,35,3131,34,34,True,0,False,,3.4247097969055176,{},asymptotic,True,,15,results/bob_realchannel_run_tp0.05_fk0.0_rp0.0_vd0.0_seed57_20260917_081343_539481.json,results/alice_realchannel_run_seed57_20260917_081343_700858.json,exception: name 'PROJECT_DIR' is not defined,2026-09-17T08:13:47.596942,toeplitz,0.05,4,0.0051948051948051
0.05,0.0,0.0,0.0,58,results/bob_realchannel_run_tp0.05_fk0.0_rp0.0_vd0.0_seed58_20260917_081349_619367.json,385,35,3131,34,34,True,0,False,,4.835655212402344,{},asymptotic,True,,16,results/bob_realchannel_run_tp0.05_fk0.0_rp0.0_vd0.0_seed58_20260917_081349_619367.json,results/alice_realchannel_run_seed58_20260917_081349_568697.json,exception: name 'PROJECT_DIR' is not defined,2026-09-17T08:13:54.883047,toeplitz,0.05,4,0.0051948051948051
0.05,0.0,0.0,0.0,59,results/bob_realchannel_run_tp0.05_fk0.0_rp0.0_vd0.0_seed59_20260917_081356_910131.json,385,35,3131,34,34,True,0,False,,3.0057485103607178,{},asymptotic,True,,17,results/bob_realchannel_run_tp0.05_fk0.0_rp0.0_vd0.0_seed59_20260917_081356_910131.json,results/alice_realchannel_run_seed59_20260917_081356_982819.json,exception: name 'PROJECT_DIR' is not defined,2026-09-17T08:14:00.636562,toeplitz,0.05,4,0.0051948051948051
0.05,0.0,0.0,0.0,60,results/bob_realchannel_run_tp0.05_fk0.0_rp0.0_vd0.0_seed60_20260917_081402_645842.json,385,35,3131,34,34,True,0,False,,4.6810619831085205,{},asymptotic,True,,18,results/bob_realchannel_run_tp0.05_fk0.0_rp0.0_vd0.0_seed60_20260917_081402_645842.json,results/alice_realchannel_run_seed60_20260917_081402_600638.json,exception: name 'PROJECT_DIR' is not defined,2026-09-17T08:14:07.758191,toeplitz,0.05,4,0.0051948051948051
0.05,0.0,0.0,0.0,61,results/bob_realchannel_run_tp0.05_fk0.0_rp0.0_vd0.0_seed61_20260917_081409_776392.json,385,35,3131,34,34,True,0,False,,1.835608720779419,{},asymptotic,True,,19,results/bob_realchannel_run_tp0.05_fk0.0_rp0.0_vd0.0_seed61_20260917_081409_776392.json,results/alice_realchannel_run_seed61_20260917_081409_851581.json,exception: name 'PROJECT_DIR' is not defined,2026-09-17T08:14:12.275551,toeplitz,0.05,4,0.0051948051948051
0.05,0.0,0.0,0.0,62,results/bob_realchannel_run_tp0.05_fk0.0_rp0.0_vd0.0_seed62_20260917_081414_297820.json,385,35,3131,34,34,True,0,False,,4.173497676849365,{},asymptotic,True,,20,results/bob_realchannel_run_tp0.05_fk0.0_rp0.0_vd0.0_seed62_20260917_081414_297820.json,results/alice_realchannel_run_seed62_20260917_081414_242869.json,exception: name 'PROJECT_DIR' is not defined,2026-09-17T08:14:18.899645,toeplitz,0.05,4,0.0051948051948051
0.05,0.0,0.0,0.0,63,results/bob_realchannel_run_tp0.05_fk0.0_rp0.0_vd0.0_seed63_20260917_081420_913062.json,385,35,3131,34,34,True,0,False,,1.185405969619751,{},asymptotic,True,,21,results/bob_realchannel_run_tp0.05_fk0.0_rp0.0_vd0.0_seed63_20260917_081420_913062.json,results/alice_realchannel_run_seed63_20260917_081421_008677.json,exception: name 'PROJECT_DIR' is not defined,2026-09-17T08:14:22.737201,toeplitz,0.05,4,0.0051948051948051
0.05,0.0,0.0,0.0,64,results/bob_realchannel_run_tp0.05_fk0.0_rp0.0_vd0.0_seed64_20260917_081424_739373.json,385,35,3131,34,34,True,0,False,,4.703544855117798,{},asymptotic,True,,22,results/bob_realchannel_run_tp0.05_fk0.0_rp0.0_vd0.0_seed64_20260917_081424_739373.json,results/alice_realchannel_run_seed64_20260917_081424_703858.json,exception: name 'PROJECT_DIR' is not defined,2026-09-17T08:14:29.872299,toeplitz,0.05,4,0.0051948051948051
0.05,0.0,0.0,0.0,65,results/bob_realchannel_run_tp0.05_fk0.0_rp0.0_vd0.0_seed65_20260917_081431_881076.json,385,35,3131,34,34,True,0,False,,3.182546854019165,{},asymptotic,True,,23,results/bob_realchannel_run_tp0.05_fk0.0_rp0.0_vd0.0_seed65_20260917_081431_881076.json,results/alice_realchannel_run_seed65_20260917_081431_974465.json,exception: name 'PROJECT_DIR' is not defined,2026-09-17T08:14:35.732170,toeplitz,0.05,4,0.0051948051948051
0.05,0.0,0.0,0.0,66,results/bob_realchannel_run_tp0.05_fk0.0_rp0.0_vd0.0_seed66_20260917_081437_734798.json,385,35,3131,34,34,True,0,False,,4.308522462844849,{},asymptotic,True,,24,results/bob_realchannel_run_tp0.05_fk0.0_rp0.0_vd0.0_seed66_20260917_081437_734798.json,results/alice_realchannel_run_seed66_20260917_081437_702409.json,exception: name 'PROJECT_DIR' is not defined,2026-09-17T08:14:42.548147,toeplitz,0.05,4,0.0051948051948051
0.05,0.0,0.0,0.0,67,results/bob_realchannel_run_tp0.05_fk0.0_rp0.0_vd0.0_seed67_20260917_081444_618863.json,385,35,3131,34,34,True,0,False,,2.453496217727661,{},asymptotic,True,,25,results/bob_realchannel_run_tp0.05_fk0.0_rp0.0_vd0.0_seed67_20260917_081444_618863.json,results/alice_realchannel_run_seed67_20260917_081444_655815.json,exception: name 'PROJECT_DIR' is not defined,2026-09-17T08:14:47.738936,toeplitz,0.05,4,0.0051948051948051
0.05,0.0,0.0,0.0,68,results/bob_realchannel_run_tp0.05_fk0.0_rp0.0_vd0.0_seed68_20260917_081449_776440.json,385,35,3131,34,34,True,0,False,,5.179106712341309,{},asymptotic,True,,26,results/bob_realchannel_run_tp0.05_fk0.0_rp0.0_vd0.0_seed68_20260917_081449_776440.json,results/alice_realchannel_run_seed68_20260917_081449_704369.json,exception: name 'PROJECT_DIR' is not defined,2026-09-17T08:14:55.383464,toeplitz,0.05,4,0.0051948051948051
0.05,0.0,0.0,0.0,69,results/bob_realchannel_run_tp0.05_fk0.0_rp0.0_vd0.0_seed69_20260917_081457_456086.json,385,35,3131,34,34,True,0,False,,2.7312262058258057,{},asymptotic,True,,27,results/bob_realchannel_run_tp0.05_fk0.0_rp0.0_vd0.0_seed69_20260917_081457_456086.json,results/alice_realchannel_run_seed69_20260917_081457_515164.json,exception: name 'PROJECT_DIR' is not defined,2026-09-17T08:15:00.667993,toeplitz,0.05,4,0.0051948051948051
0.05,0.0,0.0,0.0,70,results/bob_realchannel_run_tp0.05_fk0.0_rp0.0_vd0.0_seed70_20260917_081502_751372.json,385,35,3131,34,34,True,0,False,,4.036298036575317,{},asymptotic,True,,28,results/bob_realchannel_run_tp0.05_fk0.0_rp0.0_vd0.0_seed70_20260917_081502_751372.json,results/alice_realchannel_run_seed70_20260917_081502_634437.json,exception: name 'PROJECT_DIR' is not defined,2026-09-17T08:15:07.242272,toeplitz,0.05,4,0.0051948051948051
0.05,0.0,0.0,0.0,71,results/bob_realchannel_run_tp0.05_fk0.0_rp0.0_vd0.0_seed71_20260917_081509_356132.json,385,35,3131,34,34,True,0,False,,4.823008060455322,{},asymptotic,True,,29,results/bob_realchannel_run_tp0.05_fk0.0_rp0.0_vd0.0_seed71_20260917_081509_356132.json,results/alice_realchannel_run_seed71_20260917_081509_255177.json,exception: name 'PROJECT_DIR' is not defined,2026-09-17T08:15:14.690038,toeplitz,0.05,4,0.0051948051948051
0.1,0.0,0.0,0.0,52,results/bob_realchannel_run_tp0.1_fk0.0_rp0.0_vd0.0_seed52_20260917_081516_722720.json,385,35,3131,34,34,True,0,False,,4.444213151931763,{},asymptotic,True,,10,results/bob_realchannel_run_tp0.1_fk0.0_rp0.0_vd0.0_seed52_20260917_081516_722720.json,results/alice_realchannel_run_seed52_20260917_081516_657280.json,exception: name 'PROJECT_DIR' is not defined,2026-09-17T08:15:21.598749,toeplitz,0.1,4,0.0051948051948051
0.1,0.0,0.0,0.0,53,results/bob_realchannel_run_tp0.1_fk0.0_rp0.0_vd0.0_seed53_20260917_081523_616713.json,385,35,3131,34,34,True,0,False,,2.5190205574035645,{'toeplitz_matrix': 1},asymptotic,True,,11,results/bob_realchannel_run_tp0.1_fk0.0_rp0.0_vd0.0_seed53_20260917_081523_616713.json,results/alice_realchannel_run_seed53_20260917_081523_611597.json,exception: name 'PROJECT_DIR' is not defined,2026-09-17T08:15:26.646549,toeplitz,0.1,4,0.0051948051948051
0.1,0.0,0.0,0.0,54,results/bob_realchannel_run_tp0.1_fk0.0_rp0.0_vd0.0_seed54_20260917_081528_678368.json,385,35,3131,34,34,True,0,False,,3.929173231124878,{},asymptotic,True,,12,results/bob_realchannel_run_tp0.1_fk0.0_rp0.0_vd0.0_seed54_20260917_081528_678368.json,results/alice_realchannel_run_seed54_20260917_081528_611450.json,exception: name 'PROJECT_DIR' is not defined,2026-09-17T08:15:33.036852,toeplitz,0.1,4,0.0051948051948051
0.1,0.0,0.0,0.0,55,results/bob_realchannel_run_tp0.1_fk0.0_rp0.0_vd0.0_seed55_20260917_081535_039435.json,385,35,3131,34,34,True,0,False,,2.4727134704589844,{},asymptotic,True,,13,results/bob_realchannel_run_tp0.1_fk0.0_rp0.0_vd0.0_seed55_20260917_081535_039435.json,results/alice_realchannel_run_seed55_20260917_081535_237731.json,exception: name 'PROJECT_DIR' is not defined,2026-09-17T08:15:38.255965,toeplitz,0.1,4,0.0051948051948051
0.1,0.0,0.0,0.0,56,results/bob_realchannel_run_tp0.1_fk0.0_rp0.0_vd0.0_seed56_20260917_081540_268919.json,385,35,3131,34,34,True,0,False,,2.5670742988586426,{},asymptotic,True,,14,results/bob_realchannel_run_tp0.1_fk0.0_rp0.0_vd0.0_seed56_20260917_081540_268919.json,results/alice_realchannel_run_seed56_20260917_081540_264006.json,exception: name 'PROJECT_DIR' is not defined,2026-09-17T08:15:43.333142,toeplitz,0.1,4,0.0051948051948051
0.1,0.0,0.0,0.0,57,results/bob_realchannel_run_tp0.1_fk0.0_rp0.0_vd0.0_seed57_20260917_081545_357891.json,385,35,3131,34,34,True,0,False,,3.8961570262908936,{},asymptotic,True,,15,results/bob_realchannel_run_tp0.1_fk0.0_rp0.0_vd0.0_seed57_20260917_081545_357891.json,results/alice_realchannel_run_seed57_20260917_081545_298830.json,exception: name 'PROJECT_DIR' is not defined,2026-09-17T08:15:49.680993,toeplitz,0.1,4,0.0051948051948051
0.1,0.0,0.0,0.0,58,results/bob_realchannel_run_tp0.1_fk0.0_rp0.0_vd0.0_seed58_20260917_081551_727485.json,385,35,3131,34,34,True,0,False,,4.399612903594971,{},asymptotic,True,,16,results/bob_realchannel_run_tp0.1_fk0.0_rp0.0_vd0.0_seed58_20260917_081551_727485.json,results/alice_realchannel_run_seed58_20260917_081551_686340.json,exception: name 'PROJECT_DIR' is not defined,2026-09-17T08:15:56.634998,toeplitz,0.1,4,0.0051948051948051
0.1,0.0,0.0,0.0,59,results/bob_realchannel_run_tp0.1_fk0.0_rp0.0_vd0.0_seed59_20260917_081558_634710.json,385,35,3131,34,34,True,0,False,,4.916596412658691,{},asymptotic,True,,17,results/bob_realchannel_run_tp0.1_fk0.0_rp0.0_vd0.0_seed59_20260917_081558_634710.json,results/alice_realchannel_run_seed59_20260917_081558_603404.json,exception: name 'PROJECT_DIR' is not defined,2026-09-17T08:16:03.996311,toeplitz,0.1,4,0.0051948051948051
0.1,0.0,0.0,0.0,60,results/bob_realchannel_run_tp0.1_fk0.0_rp0.0_vd0.0_seed60_20260917_081606_037577.json,385,35,3131,34,34,True,0,False,,2.588646650314331,{},asymptotic,True,,18,results/bob_realchannel_run_tp0.1_fk0.0_rp0.0_vd0.0_seed60_20260917_081606_037577.json,results/alice_realchannel_run_seed60_20260917_081606_112009.json,exception: name 'PROJECT_DIR' is not defined,2026-09-17T08:16:09.334682,toeplitz,0.1,4,0.0051948051948051
0.1,0.0,0.0,0.0,61,results/bob_realchannel_run_tp0.1_fk0.0_rp0.0_vd0.0_seed61_20260917_081611_388655.json,385,35,3131,34,34,True,0,False,,4.813959121704102,{},asymptotic,True,,19,results/bob_realchannel_run_tp0.1_fk0.0_rp0.0_vd0.0_seed61_20260917_081611_388655.json,results/alice_realchannel_run_seed61_20260917_081611_306435.json,exception: name 'PROJECT_DIR' is not defined,2026-09-17T08:16:16.631940,toeplitz,0.1,4,0.0051948051948051
0.1,0.0,0.0,0.0,62,results/bob_realchannel_run_tp0.1_fk0.0_rp0.0_vd0.0_seed62_20260917_081618_682968.json,385,35,3131,34,34,True,0,False,,1.2108168601989746,{},asymptotic,True,,20,results/bob_realchannel_run_tp0.1_fk0.0_rp0.0_vd0.0_seed62_20260917_081618_682968.json,results/alice_realchannel_run_seed62_20260917_081618_788216.json,exception: name 'PROJECT_DIR' is not defined,2026-09-17T08:16:20.595666,toeplitz,0.1,4,0.0051948051948051
0.1,0.0,0.0,0.0,63,results/bob_realchannel_run_tp0.1_fk0.0_rp0.0_vd0.0_seed63_20260917_081622_663105.json,385,35,3131,34,34,True,0,False,,4.436798095703125,{},asymptotic,True,,21,results/bob_realchannel_run_tp0.1_fk0.0_rp0.0_vd0.0_seed63_20260917_081622_663105.json,results/alice_realchannel_run_seed63_20260917_081622_561655.json,exception: name 'PROJECT_DIR' is not defined,2026-09-17T08:16:27.528274,toeplitz,0.1,4,0.0051948051948051
0.1,0.0,0.0,0.0,64,results/bob_realchannel_run_tp0.1_fk0.0_rp0.0_vd0.0_seed64_20260917_081629_525755.json,385,35,3131,34,34,True,0,False,,1.5327131748199463,{},asymptotic,True,,22,results/bob_realchannel_run_tp0.1_fk0.0_rp0.0_vd0.0_seed64_20260917_081629_525755.json,results/alice_realchannel_run_seed64_20260917_081629_660315.json,exception: name 'PROJECT_DIR' is not defined,2026-09-17T08:16:31.768946,toeplitz,0.1,4,0.0051948051948051
0.1,0.0,0.0,0.0,65,results/bob_realchannel_run_tp0.1_fk0.0_rp0.0_vd0.0_seed65_20260917_081633_769506.json,385,35,3131,34,34,True,0,False,,4.166675329208374,{'toeplitz_matrix': 1},asymptotic,True,,23,results/bob_realchannel_run_tp0.1_fk0.0_rp0.0_vd0.0_seed65_20260917_081633_769506.json,results/alice_realchannel_run_seed65_20260917_081633_739779.json,exception: name 'PROJECT_DIR' is not defined,2026-09-17T08:16:38.390707,toeplitz,0.1,4,0.0051948051948051
0.1,0.0,0.0,0.0,66,results/bob_realchannel_run_tp0.1_fk0.0_rp0.0_vd0.0_seed66_20260917_081640_400988.json,385,35,3131,34,34,True,0,False,,3.835005760192871,{},asymptotic,True,,24,results/bob_realchannel_run_tp0.1_fk0.0_rp0.0_vd0.0_seed66_20260917_081640_400988.json,results/alice_realchannel_run_seed66_20260917_081640_359662.json,exception: name 'PROJECT_DIR' is not defined,2026-09-17T08:16:44.688904,toeplitz,0.1,4,0.0051948051948051
0.1,0.0,0.0,0.0,67,results/bob_realchannel_run_tp0.1_fk0.0_rp0.0_vd0.0_seed67_20260917_081646_690960.json,385,35,3131,34,34,True,0,False,,3.016848087310791,{},asymptotic,True,,25,results/bob_realchannel_run_tp0.1_fk0.0_rp0.0_vd0.0_seed67_20260917_081646_690960.json,results/alice_realchannel_run_seed67_20260917_081646_843537.json,exception: name 'PROJECT_DIR' is not defined,2026-09-17T08:16:50.230337,toeplitz,0.1,4,0.0051948051948051
0.1,0.0,0.0,0.0,68,results/bob_realchannel_run_tp0.1_fk0.0_rp0.0_vd0.0_seed68_20260917_081652_257801.json,385,35,3131,34,34,True,0,False,,5.197442293167114,{},asymptotic,True,,26,results/bob_realchannel_run_tp0.1_fk0.0_rp0.0_vd0.0_seed68_20260917_081652_257801.json,results/alice_realchannel_run_seed68_20260917_081652_201292.json,exception: name 'PROJECT_DIR' is not defined,2026-09-17T08:16:57.908673,toeplitz,0.1,4,0.0051948051948051
0.1,0.0,0.0,0.0,69,results/bob_realchannel_run_tp0.1_fk0.0_rp0.0_vd0.0_seed69_20260917_081659_914807.json,385,35,3131,34,34,True,0,False,,3.139817953109741,{},asymptotic,True,,27,results/bob_realchannel_run_tp0.1_fk0.0_rp0.0_vd0.0_seed69_20260917_081659_914807.json,results/alice_realchannel_run_seed69_20260917_081659_934261.json,exception: name 'PROJECT_DIR' is not defined,2026-09-17T08:17:03.554635,toeplitz,0.1,4,0.0051948051948051
0.1,0.0,0.0,0.0,70,results/bob_realchannel_run_tp0.1_fk0.0_rp0.0_vd0.0_seed70_20260917_081705_565297.json,385,35,3131,34,34,True,0,False,,5.009742259979248,{},asymptotic,True,,28,results/bob_realchannel_run_tp0.1_fk0.0_rp0.0_vd0.0_seed70_20260917_081705_565297.json,results/alice_realchannel_run_seed70_20260917_081705_519418.json,exception: name 'PROJECT_DIR' is not defined,2026-09-17T08:17:11.030906,toeplitz,0.1,4,0.0051948051948051
0.1,0.0,0.0,0.0,71,results/bob_realchannel_run_tp0.1_fk0.0_rp0.0_vd0.0_seed71_20260917_081713_064070.json,385,35,3131,34,34,True,0,False,,4.903177499771118,{},asymptotic,True,,29,results/bob_realchannel_run_tp0.1_fk0.0_rp0.0_vd0.0_seed71_20260917_081713_064070.json,results/alice_realchannel_run_seed71_20260917_081713_045998.json,exception: name 'PROJECT_DIR' is not defined,2026-09-17T08:17:18.500573,toeplitz,0.1,4,0.0051948051948051
0.3,0.0,0.0,0.0,52,results/bob_realchannel_run_tp0.3_fk0.0_rp0.0_vd0.0_seed52_20260917_081720_516078.json,385,35,3131,34,34,True,0,False,,3.2792484760284424,{'toeplitz_matrix': 1},asymptotic,False,,10,results/bob_realchannel_run_tp0.3_fk0.0_rp0.0_vd0.0_seed52_20260917_081720_516078.json,results/alice_realchannel_run_seed52_20260917_081720_471907.json,exception: name 'PROJECT_DIR' is not defined,2026-09-17T08:17:24.247704,toeplitz,0.3,4,0.0051948051948051
0.3,0.0,0.0,0.0,53,results/bob_realchannel_run_tp0.3_fk0.0_rp0.0_vd0.0_seed53_20260917_081726_250197.json,385,35,3131,34,34,True,0,False,,1.6758592128753662,{'toeplitz_matrix': 1},asymptotic,True,,11,results/bob_realchannel_run_tp0.3_fk0.0_rp0.0_vd0.0_seed53_20260917_081726_250197.json,results/alice_realchannel_run_seed53_20260917_081726_277720.json,exception: name 'PROJECT_DIR' is not defined,2026-09-17T08:17:28.457144,toeplitz,0.3,4,0.0051948051948051
0.3,0.0,0.0,0.0,54,results/bob_realchannel_run_tp0.3_fk0.0_rp0.0_vd0.0_seed54_20260917_081730_477294.json,385,35,3131,34,34,True,0,False,,4.846543788909912,{},asymptotic,True,,12,results/bob_realchannel_run_tp0.3_fk0.0_rp0.0_vd0.0_seed54_20260917_081730_477294.json,results/alice_realchannel_run_seed54_20260917_081730_432355.json,exception: name 'PROJECT_DIR' is not defined,2026-09-17T08:17:35.775910,toeplitz,0.3,4,0.0051948051948051
0.3,0.0,0.0,0.0,55,results/bob_realchannel_run_tp0.3_fk0.0_rp0.0_vd0.0_seed55_20260917_081737_792683.json,385,35,3131,34,34,True,0,False,,2.8669114112854004,{},asymptotic,True,,13,results/bob_realchannel_run_tp0.3_fk0.0_rp0.0_vd0.0_seed55_20260917_081737_792683.json,results/alice_realchannel_run_seed55_20260917_081737_937585.json,exception: name 'PROJECT_DIR' is not defined,2026-09-17T08:17:41.403200,toeplitz,0.3,4,0.0051948051948051
0.3,0.0,0.0,0.0,56,results/bob_realchannel_run_tp0.3_fk0.0_rp0.0_vd0.0_seed56_20260917_081743_415677.json,385,35,3131,34,34,True,0,False,,3.0959882736206055,{},asymptotic,True,,14,results/bob_realchannel_run_tp0.3_fk0.0_rp0.0_vd0.0_seed56_20260917_081743_415677.json,results/alice_realchannel_run_seed56_20260917_081743_493616.json,exception: name 'PROJECT_DIR' is not defined,2026-09-17T08:17:47.212078,toeplitz,0.3,4,0.0051948051948051
0.3,0.0,0.0,0.0,57,results/bob_realchannel_run_tp0.3_fk0.0_rp0.0_vd0.0_seed57_20260917_081749_276560.json,385,35,3131,34,34,True,0,False,,4.2830517292022705,{},asymptotic,True,,15,results/bob_realchannel_run_tp0.3_fk0.0_rp0.0_vd0.0_seed57_20260917_081749_276560.json,results/alice_realchannel_run_seed57_20260917_081749_185919.json,exception: name 'PROJECT_DIR' is not defined,2026-09-17T08:17:54.009370,toeplitz,0.3,4,0.0051948051948051
0.3,0.0,0.0,0.0,58,results/bob_realchannel_run_tp0.3_fk0.0_rp0.0_vd0.0_seed58_20260917_081756_013205.json,385,35,3131,34,34,True,0,False,,2.526888847351074,{},asymptotic,True,,16,results/bob_realchannel_run_tp0.3_fk0.0_rp0.0_vd0.0_seed58_20260917_081756_013205.json,results/alice_realchannel_run_seed58_20260917_081756_124995.json,exception: name 'PROJECT_DIR' is not defined,2026-09-17T08:17:59.233018,toeplitz,0.3,4,0.0051948051948051
0.3,0.0,0.0,0.0,59,results/bob_realchannel_run_tp0.3_fk0.0_rp0.0_vd0.0_seed59_20260917_081801_248946.json,385,35,3131,34,34,True,0,False,,4.901944398880005,{},asymptotic,True,,17,results/bob_realchannel_run_tp0.3_fk0.0_rp0.0_vd0.0_seed59_20260917_081801_248946.json,results/alice_realchannel_run_seed59_20260917_081801_206237.json,exception: name 'PROJECT_DIR' is not defined,2026-09-17T08:18:06.602220,toeplitz,0.3,4,0.0051948051948051
0.3,0.0,0.0,0.0,60,results/bob_realchannel_run_tp0.3_fk0.0_rp0.0_vd0.0_seed60_20260917_081808_606726.json,385,35,3131,34,34,True,0,False,,1.1872923374176025,{'toeplitz_matrix': 1},asymptotic,True,,18,results/bob_realchannel_run_tp0.3_fk0.0_rp0.0_vd0.0_seed60_20260917_081808_606726.json,results/alice_realchannel_run_seed60_20260917_081808_696458.json,exception: name 'PROJECT_DIR' is not defined,2026-09-17T08:18:10.457799,toeplitz,0.3,4,0.0051948051948051
0.3,0.0,0.0,0.0,61,results/bob_realchannel_run_tp0.3_fk0.0_rp0.0_vd0.0_seed61_20260917_081812_471556.json,385,35,3131,34,34,True,0,False,,3.0164997577667236,{},asymptotic,True,,19,results/bob_realchannel_run_tp0.3_fk0.0_rp0.0_vd0.0_seed61_20260917_081812_471556.json,results/alice_realchannel_run_seed61_20260917_081812_425665.json,exception: name 'PROJECT_DIR' is not defined,2026-09-17T08:18:15.938274,toeplitz,0.3,4,0.0051948051948051
0.3,0.0,0.0,0.0,62,results/bob_realchannel_run_tp0.3_fk0.0_rp0.0_vd0.0_seed62_20260917_081818_076360.json,385,35,3131,34,34,True,0,False,,3.534088134765625,{},asymptotic,True,,20,results/bob_realchannel_run_tp0.3_fk0.0_rp0.0_vd0.0_seed62_20260917_081818_076360.json,results/alice_realchannel_run_seed62_20260917_081818_039314.json,exception: name 'PROJECT_DIR' is not defined,2026-09-17T08:18:22.183318,toeplitz,0.3,4,0.0051948051948051
0.3,0.0,0.0,0.0,63,results/bob_realchannel_run_tp0.3_fk0.0_rp0.0_vd0.0_seed63_20260917_081824_253449.json,385,35,3131,34,34,True,0,False,,3.116215705871582,{},asymptotic,True,,21,results/bob_realchannel_run_tp0.3_fk0.0_rp0.0_vd0.0_seed63_20260917_081824_253449.json,results/alice_realchannel_run_seed63_20260917_081824_150925.json,exception: name 'PROJECT_DIR' is not defined,2026-09-17T08:18:27.825055,toeplitz,0.3,4,0.0051948051948051
0.3,0.0,0.0,0.0,64,results/bob_realchannel_run_tp0.3_fk0.0_rp0.0_vd0.0_seed64_20260917_081829_847374.json,385,35,3131,34,34,True,0,False,,2.2837138175964355,{},asymptotic,True,,22,results/bob_realchannel_run_tp0.3_fk0.0_rp0.0_vd0.0_seed64_20260917_081829_847374.json,results/alice_realchannel_run_seed64_20260917_081829_846900.json,exception: name 'PROJECT_DIR' is not defined,2026-09-17T08:18:32.667965,toeplitz,0.3,4,0.0051948051948051
0.3,0.0,0.0,0.0,65,results/bob_realchannel_run_tp0.3_fk0.0_rp0.0_vd0.0_seed65_20260917_081834_687501.json,385,35,3131,34,34,True,0,False,,5.047981262207031,{'toeplitz_matrix': 1},asymptotic,True,,23,results/bob_realchannel_run_tp0.3_fk0.0_rp0.0_vd0.0_seed65_20260917_081834_687501.json,results/alice_realchannel_run_seed65_20260917_081834_633784.json,exception: name 'PROJECT_DIR' is not defined,2026-09-17T08:18:40.213845,toeplitz,0.3,4,0.0051948051948051
0.3,0.0,0.0,0.0,66,results/bob_realchannel_run_tp0.3_fk0.0_rp0.0_vd0.0_seed66_20260917_081842_225143.json,385,35,3131,34,34,True,0,False,,2.7741315364837646,{},asymptotic,True,,24,results/bob_realchannel_run_tp0.3_fk0.0_rp0.0_vd0.0_seed66_20260917_081842_225143.json,results/alice_realchannel_run_seed66_20260917_081842_233345.json,exception: name 'PROJECT_DIR' is not defined,2026-09-17T08:18:45.529959,toeplitz,0.3,4,0.0051948051948051
0.3,0.0,0.0,0.0,67,results/bob_realchannel_run_tp0.3_fk0.0_rp0.0_vd0.0_seed67_20260917_081847_552337.json,385,35,3131,34,34,True,0,False,,4.842565298080444,{'toeplitz_matrix': 1},asymptotic,False,,25,results/bob_realchannel_run_tp0.3_fk0.0_rp0.0_vd0.0_seed67_20260917_081847_552337.json,results/alice_realchannel_run_seed67_20260917_081847_514229.json,exception: name 'PROJECT_DIR' is not defined,2026-09-17T08:18:52.845977,toeplitz,0.3,4,0.0051948051948051
0.3,0.0,0.0,0.0,68,results/bob_realchannel_run_tp0.3_fk0.0_rp0.0_vd0.0_seed68_20260917_081854_860942.json,385,35,3131,34,34,True,0,False,,3.2709474563598633,{},asymptotic,True,,26,results/bob_realchannel_run_tp0.3_fk0.0_rp0.0_vd0.0_seed68_20260917_081854_860942.json,results/alice_realchannel_run_seed68_20260917_081854_892947.json,exception: name 'PROJECT_DIR' is not defined,2026-09-17T08:18:58.811403,toeplitz,0.3,4,0.0051948051948051
0.3,0.0,0.0,0.0,69,results/bob_realchannel_run_tp0.3_fk0.0_rp0.0_vd0.0_seed69_20260917_081900_829860.json,385,35,3131,34,34,True,0,False,,2.790344476699829,{'toeplitz_matrix': 1},asymptotic,False,,27,results/bob_realchannel_run_tp0.3_fk0.0_rp0.0_vd0.0_seed69_20260917_081900_829860.json,results/alice_realchannel_run_seed69_20260917_081900_946764.json,exception: name 'PROJECT_DIR' is not defined,2026-09-17T08:19:04.324370,toeplitz,0.3,4,0.0051948051948051
0.3,0.0,0.0,0.0,70,results/bob_realchannel_run_tp0.3_fk0.0_rp0.0_vd0.0_seed70_20260917_081906_332097.json,385,35,3131,34,34,True,0,False,,3.1748340129852295,{},asymptotic,True,,28,results/bob_realchannel_run_tp0.3_fk0.0_rp0.0_vd0.0_seed70_20260917_081906_332097.json,results/alice_realchannel_run_seed70_20260917_081906_462619.json,exception: name 'PROJECT_DIR' is not defined,2026-09-17T08:19:10.197684,toeplitz,0.3,4,0.0051948051948051
0.3,0.0,0.0,0.0,71,results/bob_realchannel_run_tp0.3_fk0.0_rp0.0_vd0.0_seed71_20260917_081912_224106.json,385,35,3131,34,34,True,0,False,,4.878948450088501,{},asymptotic,True,,29,results/bob_realchannel_run_tp0.3_fk0.0_rp0.0_vd0.0_seed71_20260917_081912_224106.json,results/alice_realchannel_run_seed71_20260917_081912_177258.json,exception: name 'PROJECT_DIR' is not defined,2026-09-17T08:19:17.581897,toeplitz,0.3,4,0.0051948051948051
0.5,0.0,0.0,0.0,52,results/bob_realchannel_run_tp0.5_fk0.0_rp0.0_vd0.0_seed52_20260917_081919_603285.json,385,35,3131,34,34,True,0,False,,2.165407657623291,{'toeplitz_matrix': 1},asymptotic,False,,10,results/bob_realchannel_run_tp0.5_fk0.0_rp0.0_vd0.0_seed52_20260917_081919_603285.json,results/alice_realchannel_run_seed52_20260917_081919_728190.json,exception: name 'PROJECT_DIR' is not defined,2026-09-17T08:19:22.417838,toeplitz,0.5,4,0.0051948051948051
0.5,0.0,0.0,0.0,53,results/bob_realchannel_run_tp0.5_fk0.0_rp0.0_vd0.0_seed53_20260917_081924_440982.json,385,35,3131,34,34,True,0,False,,4.494961500167847,{'toeplitz_matrix': 1},asymptotic,True,,11,results/bob_realchannel_run_tp0.5_fk0.0_rp0.0_vd0.0_seed53_20260917_081924_440982.json,results/alice_realchannel_run_seed53_20260917_081924_395737.json,exception: name 'PROJECT_DIR' is not defined,2026-09-17T08:19:29.388888,toeplitz,0.5,4,0.0051948051948051
0.5,0.0,0.0,0.0,54,results/bob_realchannel_run_tp0.5_fk0.0_rp0.0_vd0.0_seed54_20260917_081931_406981.json,385,35,3131,34,34,True,0,False,,2.956435441970825,{},asymptotic,True,,12,results/bob_realchannel_run_tp0.5_fk0.0_rp0.0_vd0.0_seed54_20260917_081931_406981.json,results/alice_realchannel_run_seed54_20260917_081931_481853.json,exception: name 'PROJECT_DIR' is not defined,2026-09-17T08:19:34.978146,toeplitz,0.5,4,0.0051948051948051
0.5,0.0,0.0,0.0,55,results/bob_realchannel_run_tp0.5_fk0.0_rp0.0_vd0.0_seed55_20260917_081937_006145.json,385,35,3131,34,34,True,0,False,,4.705664873123169,{},asymptotic,True,,13,results/bob_realchannel_run_tp0.5_fk0.0_rp0.0_vd0.0_seed55_20260917_081937_006145.json,results/alice_realchannel_run_seed55_20260917_081936_970685.json,exception: name 'PROJECT_DIR' is not defined,2026-09-17T08:19:42.160133,toeplitz,0.5,4,0.0051948051948051
0.5,0.0,0.0,0.0,56,results/bob_realchannel_run_tp0.5_fk0.0_rp0.0_vd0.0_seed56_20260917_081944_171363.json,385,35,3131,34,34,True,0,False,,1.7622840404510498,{},asymptotic,True,,14,results/bob_realchannel_run_tp0.5_fk0.0_rp0.0_vd0.0_seed56_20260917_081944_171363.json,results/alice_realchannel_run_seed56_20260917_081944_268690.json,exception: name 'PROJECT_DIR' is not defined,2026-09-17T08:19:46.542586,toeplitz,0.5,4,0.0051948051948051
0.5,0.0,0.0,0.0,57,results/bob_realchannel_run_tp0.5_fk0.0_rp0.0_vd0.0_seed57_20260917_081948_565796.json,385,35,3131,34,34,True,0,False,,5.2411675453186035,{'toeplitz_matrix': 1},asymptotic,False,,15,results/bob_realchannel_run_tp0.5_fk0.0_rp0.0_vd0.0_seed57_20260917_081948_565796.json,results/alice_realchannel_run_seed57_20260917_081948_525987.json,exception: name 'PROJECT_DIR' is not defined,2026-09-17T08:19:54.256124,toeplitz,0.5,4,0.0051948051948051
0.5,0.0,0.0,0.0,58,results/bob_realchannel_run_tp0.5_fk0.0_rp0.0_vd0.0_seed58_20260917_081956_259628.json,385,35,3131,34,34,True,0,False,,2.2681198120117188,{'toeplitz_matrix': 1},asymptotic,False,,16,results/bob_realchannel_run_tp0.5_fk0.0_rp0.0_vd0.0_seed58_20260917_081956_259628.json,results/alice_realchannel_run_seed58_20260917_081956_378878.json,exception: name 'PROJECT_DIR' is not defined,2026-09-17T08:19:59.175417,toeplitz,0.5,4,0.0051948051948051
0.5,0.0,0.0,0.0,59,results/bob_realchannel_run_tp0.5_fk0.0_rp0.0_vd0.0_seed59_20260917_082001_208744.json,385,35,3131,34,34,True,0,False,,2.587109327316284,{},asymptotic,True,,17,results/bob_realchannel_run_tp0.5_fk0.0_rp0.0_vd0.0_seed59_20260917_082001_208744.json,results/alice_realchannel_run_seed59_20260917_082001_319135.json,exception: name 'PROJECT_DIR' is not defined,2026-09-17T08:20:04.521119,toeplitz,0.5,4,0.0051948051948051
0.5,0.0,0.0,0.0,60,results/bob_realchannel_run_tp0.5_fk0.0_rp0.0_vd0.0_seed60_20260917_082006_523331.json,385,35,3131,34,34,True,0,False,,3.5765068531036377,{'toeplitz_matrix': 1},asymptotic,True,,18,results/bob_realchannel_run_tp0.5_fk0.0_rp0.0_vd0.0_seed60_20260917_082006_523331.json,results/alice_realchannel_run_seed60_20260917_082006_496211.json,exception: name 'PROJECT_DIR' is not defined,2026-09-17T08:20:10.556429,toeplitz,0.5,4,0.0051948051948051
0.5,0.0,0.0,0.0,61,results/bob_realchannel_run_tp0.5_fk0.0_rp0.0_vd0.0_seed61_20260917_082012_596169.json,385,35,3131,34,34,True,0,False,,1.3382408618927002,{},asymptotic,True,,19,results/bob_realchannel_run_tp0.5_fk0.0_rp0.0_vd0.0_seed61_20260917_082012_596169.json,results/alice_realchannel_run_seed61_20260917_082012_646828.json,exception: name 'PROJECT_DIR' is not defined,2026-09-17T08:20:14.657229,toeplitz,0.5,4,0.0051948051948051
0.5,0.0,0.0,0.0,62,results/bob_realchannel_run_tp0.5_fk0.0_rp0.0_vd0.0_seed62_20260917_082016_684460.json,385,35,3131,34,34,True,0,False,,4.395503520965576,{},asymptotic,True,,20,results/bob_realchannel_run_tp0.5_fk0.0_rp0.0_vd0.0_seed62_20260917_082016_684460.json,results/alice_realchannel_run_seed62_20260917_082016_627890.json,exception: name 'PROJECT_DIR' is not defined,2026-09-17T08:20:21.539674,toeplitz,0.5,4,0.0051948051948051
0.5,0.0,0.0,0.0,63,results/bob_realchannel_run_tp0.5_fk0.0_rp0.0_vd0.0_seed63_20260917_082023_553768.json,385,35,3131,34,34,True,0,False,,3.0658538341522217,{},asymptotic,True,,21,results/bob_realchannel_run_tp0.5_fk0.0_rp0.0_vd0.0_seed63_20260917_082023_553768.json,results/alice_realchannel_run_seed63_20260917_082023_647181.json,exception: name 'PROJECT_DIR' is not defined,2026-09-17T08:20:27.309880,toeplitz,0.5,4,0.0051948051948051
0.5,0.0,0.0,0.0,64,results/bob_realchannel_run_tp0.5_fk0.0_rp0.0_vd0.0_seed64_20260917_082029_320842.json,385,35,3131,34,34,True,0,False,,4.706499338150024,{'toeplitz_matrix': 1},asymptotic,True,,22,results/bob_realchannel_run_tp0.5_fk0.0_rp0.0_vd0.0_seed64_20260917_082029_320842.json,results/alice_realchannel_run_seed64_20260917_082029_285744.json,exception: name 'PROJECT_DIR' is not defined,2026-09-17T08:20:34.482795,toeplitz,0.5,4,0.0051948051948051
0.5,0.0,0.0,0.0,65,results/bob_realchannel_run_tp0.5_fk0.0_rp0.0_vd0.0_seed65_20260917_082036_481438.json,385,35,3131,34,34,True,0,False,,3.1827917098999023,{'toeplitz_matrix': 1},asymptotic,True,,23,results/bob_realchannel_run_tp0.5_fk0.0_rp0.0_vd0.0_seed65_20260917_082036_481438.json,results/alice_realchannel_run_seed65_20260917_082036_572900.json,exception: name 'PROJECT_DIR' is not defined,2026-09-17T08:20:40.420378,toeplitz,0.5,4,0.0051948051948051
0.5,0.0,0.0,0.0,66,results/bob_realchannel_run_tp0.5_fk0.0_rp0.0_vd0.0_seed66_20260917_082042_425995.json,385,35,3131,34,34,True,0,False,,1.4996376037597656,{},asymptotic,True,,24,results/bob_realchannel_run_tp0.5_fk0.0_rp0.0_vd0.0_seed66_20260917_082042_425995.json,results/alice_realchannel_run_seed66_20260917_082042_485551.json,exception: name 'PROJECT_DIR' is not defined,2026-09-17T08:20:44.505509,toeplitz,0.5,4,0.0051948051948051
0.5,0.0,0.0,0.0,67,results/bob_realchannel_run_tp0.5_fk0.0_rp0.0_vd0.0_seed67_20260917_082046_512186.json,385,35,3131,34,34,True,0,False,,4.847474098205566,{'toeplitz_matrix': 1},asymptotic,False,,25,results/bob_realchannel_run_tp0.5_fk0.0_rp0.0_vd0.0_seed67_20260917_082046_512186.json,results/alice_realchannel_run_seed67_20260917_082046_476821.json,exception: name 'PROJECT_DIR' is not defined,2026-09-17T08:20:51.808726,toeplitz,0.5,4,0.0051948051948051
0.5,0.0,0.0,0.0,68,results/bob_realchannel_run_tp0.5_fk0.0_rp0.0_vd0.0_seed68_20260917_082053_822380.json,385,35,3131,34,34,True,0,False,,5.212735176086426,{'toeplitz_matrix': 1},asymptotic,True,,26,results/bob_realchannel_run_tp0.5_fk0.0_rp0.0_vd0.0_seed68_20260917_082053_822380.json,results/alice_realchannel_run_seed68_20260917_082053_778497.json,exception: name 'PROJECT_DIR' is not defined,2026-09-17T08:20:59.482312,toeplitz,0.5,4,0.0051948051948051
0.5,0.0,0.0,0.0,69,results/bob_realchannel_run_tp0.5_fk0.0_rp0.0_vd0.0_seed69_20260917_082101_495876.json,385,35,3131,34,34,True,0,False,,4.430981636047363,{'toeplitz_matrix': 1},asymptotic,False,,27,results/bob_realchannel_run_tp0.5_fk0.0_rp0.0_vd0.0_seed69_20260917_082101_495876.json,results/alice_realchannel_run_seed69_20260917_082101_456181.json,exception: name 'PROJECT_DIR' is not defined,2026-09-17T08:21:06.375216,toeplitz,0.5,4,0.0051948051948051
0.5,0.0,0.0,0.0,70,results/bob_realchannel_run_tp0.5_fk0.0_rp0.0_vd0.0_seed70_20260917_082108_387055.json,385,35,3131,34,34,True,0,False,,2.8427159786224365,{},asymptotic,True,,28,results/bob_realchannel_run_tp0.5_fk0.0_rp0.0_vd0.0_seed70_20260917_082108_387055.json,results/alice_realchannel_run_seed70_20260917_082108_385450.json,exception: name 'PROJECT_DIR' is not defined,2026-09-17T08:21:11.679110,toeplitz,0.5,4,0.0051948051948051
0.5,0.0,0.0,0.0,71,results/bob_realchannel_run_tp0.5_fk0.0_rp0.0_vd0.0_seed71_20260917_082113_692317.json,385,35,3131,34,34,True,0,False,,5.1291937828063965,{},asymptotic,True,,29,results/bob_realchannel_run_tp0.5_fk0.0_rp0.0_vd0.0_seed71_20260917_082113_692317.json,results/alice_realchannel_run_seed71_20260917_082113_641099.json,exception: name 'PROJECT_DIR' is not defined,2026-09-17T08:21:19.268859,toeplitz,0.5,4,0.0051948051948051
