toeplitz_prob,final_key_prob,reconciliation_prob,verify_digest_prob,seed,output_path,k_pe,total_corrections,secure_key_length,t_verify,digest_length,verification_passed,remaining_errors_after_reconciliation,non_convergent,error,elapsed_seconds,faults_fired,length_mode,cascade_netem,reconciliation_elapsed_seconds,keys_match,alice_measurement_error,run,bob_output_path,alice_output_path,code_version,collection_timestamp,fault_type,prob,key_index,qber
0.5,0.0,0.0,0.0,42,results/bob_realchannel_run_tp0.5_fk0.0_rp0.0_vd0.0_seed42_20260923_014948_126916.json,384,39,2877,34,34,True,0,False,,4.120083808898926,{},asymptotic,{},0.5461280345916748,True,,0,results/bob_realchannel_run_tp0.5_fk0.0_rp0.0_vd0.0_seed42_20260923_014948_126916.json,results/alice_realchannel_run_seed42_20260923_014947_706080.json,exception: name 'PROJECT_DIR' is not defined,2026-09-23T01:49:52.644831,toeplitz,0.5,5,0.0104166666666666
0.5,0.0,0.0,0.0,43,results/bob_realchannel_run_tp0.5_fk0.0_rp0.0_vd0.0_seed43_20260923_014953_682038.json,384,39,2877,34,34,True,0,False,,4.333133220672607,{},asymptotic,{},0.3546407222747803,True,,1,results/bob_realchannel_run_tp0.5_fk0.0_rp0.0_vd0.0_seed43_20260923_014953_682038.json,results/alice_realchannel_run_seed43_20260923_014953_667495.json,exception: name 'PROJECT_DIR' is not defined,2026-09-23T01:49:58.398581,toeplitz,0.5,5,0.0104166666666666
0.5,0.0,0.0,0.0,44,results/bob_realchannel_run_tp0.5_fk0.0_rp0.0_vd0.0_seed44_20260923_014959_432615.json,384,39,2877,34,34,True,0,False,,4.394048452377319,{'toeplitz_matrix': 1},asymptotic,{},0.41557955741882324,False,,2,results/bob_realchannel_run_tp0.5_fk0.0_rp0.0_vd0.0_seed44_20260923_014959_432615.json,results/alice_realchannel_run_seed44_20260923_014959_418957.json,exception: name 'PROJECT_DIR' is not defined,2026-09-23T01:50:04.208738,toeplitz,0.5,5,0.0104166666666666
0.5,0.0,0.0,0.0,45,results/bob_realchannel_run_tp0.5_fk0.0_rp0.0_vd0.0_seed45_20260923_015005_225300.json,384,39,2877,34,34,True,0,False,,2.417821168899536,{},asymptotic,{},0.430924654006958,True,,3,results/bob_realchannel_run_tp0.5_fk0.0_rp0.0_vd0.0_seed45_20260923_015005_225300.json,results/alice_realchannel_run_seed45_20260923_015005_232521.json,exception: name 'PROJECT_DIR' is not defined,2026-09-23T01:50:08.014595,toeplitz,0.5,5,0.0104166666666666
0.5,0.0,0.0,0.0,46,results/bob_realchannel_run_tp0.5_fk0.0_rp0.0_vd0.0_seed46_20260923_015009_031475.json,384,39,2877,34,34,True,0,False,,2.4432287216186523,{'toeplitz_matrix': 1},asymptotic,{},0.4596850872039795,True,,4,results/bob_realchannel_run_tp0.5_fk0.0_rp0.0_vd0.0_seed46_20260923_015009_031475.json,results/alice_realchannel_run_seed46_20260923_015009_037477.json,exception: name 'PROJECT_DIR' is not defined,2026-09-23T01:50:11.846025,toeplitz,0.5,5,0.0104166666666666
0.5,0.0,0.0,0.0,47,results/bob_realchannel_run_tp0.5_fk0.0_rp0.0_vd0.0_seed47_20260923_015012_869667.json,384,39,2877,34,34,True,0,False,,2.7449042797088623,{},asymptotic,{},0.7616417407989502,True,,5,results/bob_realchannel_run_tp0.5_fk0.0_rp0.0_vd0.0_seed47_20260923_015012_869667.json,results/alice_realchannel_run_seed47_20260923_015012_874613.json,exception: name 'PROJECT_DIR' is not defined,2026-09-23T01:50:15.993975,toeplitz,0.5,5,0.0104166666666666
0.5,0.0,0.0,0.0,48,results/bob_realchannel_run_tp0.5_fk0.0_rp0.0_vd0.0_seed48_20260923_015017_066278.json,384,39,2877,34,34,True,0,False,,4.384398937225342,{},asymptotic,{},0.4419381618499756,True,,6,results/bob_realchannel_run_tp0.5_fk0.0_rp0.0_vd0.0_seed48_20260923_015017_066278.json,results/alice_realchannel_run_seed48_20260923_015017_017666.json,exception: name 'PROJECT_DIR' is not defined,2026-09-23T01:50:21.830217,toeplitz,0.5,5,0.0104166666666666
0.5,0.0,0.0,0.0,49,results/bob_realchannel_run_tp0.5_fk0.0_rp0.0_vd0.0_seed49_20260923_015022_853496.json,384,39,2877,34,34,True,0,False,,2.469231605529785,{'toeplitz_matrix': 1},asymptotic,{},0.4930548667907715,True,,7,results/bob_realchannel_run_tp0.5_fk0.0_rp0.0_vd0.0_seed49_20260923_015022_853496.json,results/alice_realchannel_run_seed49_20260923_015022_852680.json,exception: name 'PROJECT_DIR' is not defined,2026-09-23T01:50:25.702292,toeplitz,0.5,5,0.0104166666666666
0.5,0.0,0.0,0.0,50,results/bob_realchannel_run_tp0.5_fk0.0_rp0.0_vd0.0_seed50_20260923_015026_772243.json,384,39,2877,34,34,True,0,False,,3.697782516479492,{'toeplitz_matrix': 1},asymptotic,{},0.46901869773864746,False,,8,results/bob_realchannel_run_tp0.5_fk0.0_rp0.0_vd0.0_seed50_20260923_015026_772243.json,results/alice_realchannel_run_seed50_20260923_015026_728800.json,exception: name 'PROJECT_DIR' is not defined,2026-09-23T01:50:30.851207,toeplitz,0.5,5,0.0104166666666666
0.5,0.0,0.0,0.0,51,results/bob_realchannel_run_tp0.5_fk0.0_rp0.0_vd0.0_seed51_20260923_015031_917113.json,384,39,2877,34,34,True,0,False,,4.461552858352661,{'toeplitz_matrix': 1},asymptotic,{},0.510063648223877,False,,9,results/bob_realchannel_run_tp0.5_fk0.0_rp0.0_vd0.0_seed51_20260923_015031_917113.json,results/alice_realchannel_run_seed51_20260923_015031_877003.json,exception: name 'PROJECT_DIR' is not defined,2026-09-23T01:50:36.747361,toeplitz,0.5,5,0.0104166666666666
0.5,0.0,0.0,0.0,52,results/bob_realchannel_run_tp0.5_fk0.0_rp0.0_vd0.0_seed52_20260923_015037_824150.json,384,39,2877,34,34,True,0,False,,4.458756685256958,{'toeplitz_matrix': 1},asymptotic,{},0.5232691764831543,True,,10,results/bob_realchannel_run_tp0.5_fk0.0_rp0.0_vd0.0_seed52_20260923_015037_824150.json,results/alice_realchannel_run_seed52_20260923_015037_766390.json,exception: name 'PROJECT_DIR' is not defined,2026-09-23T01:50:42.661892,toeplitz,0.5,5,0.0104166666666666
0.5,0.0,0.0,0.0,53,results/bob_realchannel_run_tp0.5_fk0.0_rp0.0_vd0.0_seed53_20260923_015043_709680.json,384,39,2877,34,34,True,0,False,,4.56501030921936,{'toeplitz_matrix': 1},asymptotic,{},0.6413965225219727,True,,11,results/bob_realchannel_run_tp0.5_fk0.0_rp0.0_vd0.0_seed53_20260923_015043_709680.json,results/alice_realchannel_run_seed53_20260923_015043_641686.json,exception: name 'PROJECT_DIR' is not defined,2026-09-23T01:50:48.656941,toeplitz,0.5,5,0.0104166666666666
0.5,0.0,0.0,0.0,54,results/bob_realchannel_run_tp0.5_fk0.0_rp0.0_vd0.0_seed54_20260923_015049_731241.json,384,39,2877,34,34,True,0,False,,4.543831825256348,{},asymptotic,{},0.6013951301574707,True,,12,results/bob_realchannel_run_tp0.5_fk0.0_rp0.0_vd0.0_seed54_20260923_015049_731241.json,results/alice_realchannel_run_seed54_20260923_015049_680505.json,exception: name 'PROJECT_DIR' is not defined,2026-09-23T01:50:54.745231,toeplitz,0.5,5,0.0104166666666666
0.5,0.0,0.0,0.0,55,results/bob_realchannel_run_tp0.5_fk0.0_rp0.0_vd0.0_seed55_20260923_015055_808937.json,384,39,2877,34,34,True,0,False,,4.421642065048218,{'toeplitz_matrix': 1},asymptotic,{},0.5076944828033447,True,,13,results/bob_realchannel_run_tp0.5_fk0.0_rp0.0_vd0.0_seed55_20260923_015055_808937.json,results/alice_realchannel_run_seed55_20260923_015055_728464.json,exception: name 'PROJECT_DIR' is not defined,2026-09-23T01:51:00.611371,toeplitz,0.5,5,0.0104166666666666
0.5,0.0,0.0,0.0,56,results/bob_realchannel_run_tp0.5_fk0.0_rp0.0_vd0.0_seed56_20260923_015101_710829.json,384,39,2877,34,34,True,0,False,,4.475527048110962,{},asymptotic,{},0.6004972457885742,True,,14,results/bob_realchannel_run_tp0.5_fk0.0_rp0.0_vd0.0_seed56_20260923_015101_710829.json,results/alice_realchannel_run_seed56_20260923_015101_593885.json,exception: name 'PROJECT_DIR' is not defined,2026-09-23T01:51:06.555629,toeplitz,0.5,5,0.0104166666666666
0.5,0.0,0.0,0.0,57,results/bob_realchannel_run_tp0.5_fk0.0_rp0.0_vd0.0_seed57_20260923_015107_588670.json,384,39,2877,34,34,True,0,False,,4.038875341415405,{'toeplitz_matrix': 1},asymptotic,{},1.0046160221099854,False,,15,results/bob_realchannel_run_tp0.5_fk0.0_rp0.0_vd0.0_seed57_20260923_015107_588670.json,results/alice_realchannel_run_seed57_20260923_015107_534740.json,exception: name 'PROJECT_DIR' is not defined,2026-09-23T01:51:12.009162,toeplitz,0.5,5,0.0104166666666666
0.5,0.0,0.0,0.0,58,results/bob_realchannel_run_tp0.5_fk0.0_rp0.0_vd0.0_seed58_20260923_015113_026170.json,384,39,2877,34,34,True,0,False,,3.405329465866089,{'toeplitz_matrix': 1},asymptotic,{},0.6185064315795898,True,,16,results/bob_realchannel_run_tp0.5_fk0.0_rp0.0_vd0.0_seed58_20260923_015113_026170.json,results/alice_realchannel_run_seed58_20260923_015112_989825.json,exception: name 'PROJECT_DIR' is not defined,2026-09-23T01:51:16.811784,toeplitz,0.5,5,0.0104166666666666
0.5,0.0,0.0,0.0,59,results/bob_realchannel_run_tp0.5_fk0.0_rp0.0_vd0.0_seed59_20260923_015117_836178.json,384,39,2877,34,34,True,0,False,,4.398985147476196,{'toeplitz_matrix': 1},asymptotic,{},0.44640088081359863,False,,17,results/bob_realchannel_run_tp0.5_fk0.0_rp0.0_vd0.0_seed59_20260923_015117_836178.json,results/alice_realchannel_run_seed59_20260923_015117_795087.json,exception: name 'PROJECT_DIR' is not defined,2026-09-23T01:51:22.614558,toeplitz,0.5,5,0.0104166666666666
0.5,0.0,0.0,0.0,60,results/bob_realchannel_run_tp0.5_fk0.0_rp0.0_vd0.0_seed60_20260923_015123_653356.json,384,39,2877,34,34,True,0,False,,2.880160093307495,{},asymptotic,{},0.3390986919403076,True,,18,results/bob_realchannel_run_tp0.5_fk0.0_rp0.0_vd0.0_seed60_20260923_015123_653356.json,results/alice_realchannel_run_seed60_20260923_015123_591005.json,exception: name 'PROJECT_DIR' is not defined,2026-09-23T01:51:26.914972,toeplitz,0.5,5,0.0104166666666666
0.5,0.0,0.0,0.0,61,results/bob_realchannel_run_tp0.5_fk0.0_rp0.0_vd0.0_seed61_20260923_015127_936820.json,384,39,2877,34,34,True,0,False,,4.645928859710693,{},asymptotic,{},0.6915621757507324,True,,19,results/bob_realchannel_run_tp0.5_fk0.0_rp0.0_vd0.0_seed61_20260923_015127_936820.json,results/alice_realchannel_run_seed61_20260923_015127_899998.json,exception: name 'PROJECT_DIR' is not defined,2026-09-23T01:51:32.963700,toeplitz,0.5,5,0.0104166666666666
0.5,0.0,0.0,0.0,62,results/bob_realchannel_run_tp0.5_fk0.0_rp0.0_vd0.0_seed62_20260923_015134_008276.json,384,39,2877,34,34,True,0,False,,3.9871156215667725,{},asymptotic,{},0.5101668834686279,True,,20,results/bob_realchannel_run_tp0.5_fk0.0_rp0.0_vd0.0_seed62_20260923_015134_008276.json,results/alice_realchannel_run_seed62_20260923_015133_945738.json,exception: name 'PROJECT_DIR' is not defined,2026-09-23T01:51:38.375394,toeplitz,0.5,5,0.0104166666666666
0.5,0.0,0.0,0.0,63,results/bob_realchannel_run_tp0.5_fk0.0_rp0.0_vd0.0_seed63_20260923_015139_436286.json,384,39,2877,34,34,True,0,False,,3.3209493160247803,{},asymptotic,{},0.7367062568664551,True,,21,results/bob_realchannel_run_tp0.5_fk0.0_rp0.0_vd0.0_seed63_20260923_015139_436286.json,results/alice_realchannel_run_seed63_20260923_015139_352748.json,exception: name 'PROJECT_DIR' is not defined,2026-09-23T01:51:43.138782,toeplitz,0.5,5,0.0104166666666666
0.5,0.0,0.0,0.0,64,results/bob_realchannel_run_tp0.5_fk0.0_rp0.0_vd0.0_seed64_20260923_015144_183351.json,384,39,2877,34,34,True,0,False,,4.295149326324463,{},asymptotic,{},0.3669726848602295,True,,22,results/bob_realchannel_run_tp0.5_fk0.0_rp0.0_vd0.0_seed64_20260923_015144_183351.json,results/alice_realchannel_run_seed64_20260923_015144_120872.json,exception: name 'PROJECT_DIR' is not defined,2026-09-23T01:51:48.858761,toeplitz,0.5,5,0.0104166666666666
0.5,0.0,0.0,0.0,65,results/bob_realchannel_run_tp0.5_fk0.0_rp0.0_vd0.0_seed65_20260923_015149_904060.json,384,39,2877,34,34,True,0,False,,4.654525279998779,{},asymptotic,{},0.719520092010498,True,,23,results/bob_realchannel_run_tp0.5_fk0.0_rp0.0_vd0.0_seed65_20260923_015149_904060.json,results/alice_realchannel_run_seed65_20260923_015149_839678.json,exception: name 'PROJECT_DIR' is not defined,2026-09-23T01:51:54.937033,toeplitz,0.5,5,0.0104166666666666
0.5,0.0,0.0,0.0,66,results/bob_realchannel_run_tp0.5_fk0.0_rp0.0_vd0.0_seed66_20260923_015155_967405.json,384,39,2877,34,34,True,0,False,,4.603172779083252,{},asymptotic,{},0.6624860763549805,True,,24,results/bob_realchannel_run_tp0.5_fk0.0_rp0.0_vd0.0_seed66_20260923_015155_967405.json,results/alice_realchannel_run_seed66_20260923_015155_916929.json,exception: name 'PROJECT_DIR' is not defined,2026-09-23T01:52:00.952333,toeplitz,0.5,5,0.0104166666666666
0.5,0.0,0.0,0.0,67,results/bob_realchannel_run_tp0.5_fk0.0_rp0.0_vd0.0_seed67_20260923_015201_978297.json,384,39,2877,34,34,True,0,False,,4.000024080276489,{},asymptotic,{},0.5051515102386475,True,,25,results/bob_realchannel_run_tp0.5_fk0.0_rp0.0_vd0.0_seed67_20260923_015201_978297.json,results/alice_realchannel_run_seed67_20260923_015201_931818.json,exception: name 'PROJECT_DIR' is not defined,2026-09-23T01:52:06.359927,toeplitz,0.5,5,0.0104166666666666
0.5,0.0,0.0,0.0,68,results/bob_realchannel_run_tp0.5_fk0.0_rp0.0_vd0.0_seed68_20260923_015207_396628.json,384,39,2877,34,34,True,0,False,,4.30276346206665,{},asymptotic,{},0.8194749355316162,True,,26,results/bob_realchannel_run_tp0.5_fk0.0_rp0.0_vd0.0_seed68_20260923_015207_396628.json,results/alice_realchannel_run_seed68_20260923_015207_339944.json,exception: name 'PROJECT_DIR' is not defined,2026-09-23T01:52:12.071197,toeplitz,0.5,5,0.0104166666666666
0.5,0.0,0.0,0.0,69,results/bob_realchannel_run_tp0.5_fk0.0_rp0.0_vd0.0_seed69_20260923_015213_113886.json,384,39,2877,34,34,True,0,False,,3.051252603530884,{},asymptotic,{},0.4449951648712158,True,,27,results/bob_realchannel_run_tp0.5_fk0.0_rp0.0_vd0.0_seed69_20260923_015213_113886.json,results/alice_realchannel_run_seed69_20260923_015213_052981.json,exception: name 'PROJECT_DIR' is not defined,2026-09-23T01:52:16.542955,toeplitz,0.5,5,0.0104166666666666
0.5,0.0,0.0,0.0,70,results/bob_realchannel_run_tp0.5_fk0.0_rp0.0_vd0.0_seed70_20260923_015217_578286.json,384,39,2877,34,34,True,0,False,,3.7304341793060303,{},asymptotic,{},0.4723472595214844,True,,28,results/bob_realchannel_run_tp0.5_fk0.0_rp0.0_vd0.0_seed70_20260923_015217_578286.json,results/alice_realchannel_run_seed70_20260923_015217_526889.json,exception: name 'PROJECT_DIR' is not defined,2026-09-23T01:52:21.827860,toeplitz,0.5,5,0.0104166666666666
0.5,0.0,0.0,0.0,71,results/bob_realchannel_run_tp0.5_fk0.0_rp0.0_vd0.0_seed71_20260923_015222_918896.json,384,39,2877,34,34,True,0,False,,4.392065525054932,{'toeplitz_matrix': 1},asymptotic,{},0.510263204574585,False,,29,results/bob_realchannel_run_tp0.5_fk0.0_rp0.0_vd0.0_seed71_20260923_015222_918896.json,results/alice_realchannel_run_seed71_20260923_015222_808160.json,exception: name 'PROJECT_DIR' is not defined,2026-09-23T01:52:27.694679,toeplitz,0.5,5,0.0104166666666666
0.3,0.0,0.0,0.0,42,results/bob_realchannel_run_tp0.3_fk0.0_rp0.0_vd0.0_seed42_20260923_015228_719797.json,384,39,2877,34,34,True,0,False,,4.494685649871826,{},asymptotic,{},0.5467884540557861,True,,0,results/bob_realchannel_run_tp0.3_fk0.0_rp0.0_vd0.0_seed42_20260923_015228_719797.json,results/alice_realchannel_run_seed42_20260923_015228_676683.json,exception: name 'PROJECT_DIR' is not defined,2026-09-23T01:52:33.594651,toeplitz,0.3,5,0.0104166666666666
0.3,0.0,0.0,0.0,43,results/bob_realchannel_run_tp0.3_fk0.0_rp0.0_vd0.0_seed43_20260923_015234_620079.json,384,39,2877,34,34,True,0,False,,3.8465096950531006,{},asymptotic,{},0.35384702682495117,True,,1,results/bob_realchannel_run_tp0.3_fk0.0_rp0.0_vd0.0_seed43_20260923_015234_620079.json,results/alice_realchannel_run_seed43_20260923_015234_573974.json,exception: name 'PROJECT_DIR' is not defined,2026-09-23T01:52:38.850739,toeplitz,0.3,5,0.0104166666666666
0.3,0.0,0.0,0.0,44,results/bob_realchannel_run_tp0.3_fk0.0_rp0.0_vd0.0_seed44_20260923_015239_871107.json,384,39,2877,34,34,True,0,False,,4.363616228103638,{'toeplitz_matrix': 1},asymptotic,{},0.41533946990966797,False,,2,results/bob_realchannel_run_tp0.3_fk0.0_rp0.0_vd0.0_seed44_20260923_015239_871107.json,results/alice_realchannel_run_seed44_20260923_015239_829323.json,exception: name 'PROJECT_DIR' is not defined,2026-09-23T01:52:44.606059,toeplitz,0.3,5,0.0104166666666666
0.3,0.0,0.0,0.0,45,results/bob_realchannel_run_tp0.3_fk0.0_rp0.0_vd0.0_seed45_20260923_015245_649389.json,384,39,2877,34,34,True,0,False,,4.361096620559692,{},asymptotic,{},0.4299590587615967,True,,3,results/bob_realchannel_run_tp0.3_fk0.0_rp0.0_vd0.0_seed45_20260923_015245_649389.json,results/alice_realchannel_run_seed45_20260923_015245_588802.json,exception: name 'PROJECT_DIR' is not defined,2026-09-23T01:52:50.390764,toeplitz,0.3,5,0.0104166666666666
0.3,0.0,0.0,0.0,46,results/bob_realchannel_run_tp0.3_fk0.0_rp0.0_vd0.0_seed46_20260923_015251_455253.json,384,39,2877,34,34,True,0,False,,4.367218255996704,{},asymptotic,{},0.4591081142425537,True,,4,results/bob_realchannel_run_tp0.3_fk0.0_rp0.0_vd0.0_seed46_20260923_015251_455253.json,results/alice_realchannel_run_seed46_20260923_015251_369359.json,exception: name 'PROJECT_DIR' is not defined,2026-09-23T01:52:56.205909,toeplitz,0.3,5,0.0104166666666666
0.3,0.0,0.0,0.0,47,results/bob_realchannel_run_tp0.3_fk0.0_rp0.0_vd0.0_seed47_20260923_015257_238351.json,384,39,2877,34,34,True,0,False,,2.7400856018066406,{},asymptotic,{},0.7588753700256348,True,,5,results/bob_realchannel_run_tp0.3_fk0.0_rp0.0_vd0.0_seed47_20260923_015257_238351.json,results/alice_realchannel_run_seed47_20260923_015257_244360.json,exception: name 'PROJECT_DIR' is not defined,2026-09-23T01:53:00.361706,toeplitz,0.3,5,0.0104166666666666
0.3,0.0,0.0,0.0,48,results/bob_realchannel_run_tp0.3_fk0.0_rp0.0_vd0.0_seed48_20260923_015301_457802.json,384,39,2877,34,34,True,0,False,,4.32471776008606,{},asymptotic,{},0.44504809379577637,True,,6,results/bob_realchannel_run_tp0.3_fk0.0_rp0.0_vd0.0_seed48_20260923_015301_457802.json,results/alice_realchannel_run_seed48_20260923_015301_346326.json,exception: name 'PROJECT_DIR' is not defined,2026-09-23T01:53:06.156581,toeplitz,0.3,5,0.0104166666666666
0.3,0.0,0.0,0.0,49,results/bob_realchannel_run_tp0.3_fk0.0_rp0.0_vd0.0_seed49_20260923_015307_204369.json,384,39,2877,34,34,True,0,False,,4.466274261474609,{},asymptotic,{},0.49546146392822266,True,,7,results/bob_realchannel_run_tp0.3_fk0.0_rp0.0_vd0.0_seed49_20260923_015307_204369.json,results/alice_realchannel_run_seed49_20260923_015307_183976.json,exception: name 'PROJECT_DIR' is not defined,2026-09-23T01:53:12.051862,toeplitz,0.3,5,0.0104166666666666
0.3,0.0,0.0,0.0,50,results/bob_realchannel_run_tp0.3_fk0.0_rp0.0_vd0.0_seed50_20260923_015313_089830.json,384,39,2877,34,34,True,0,False,,3.233200788497925,{},asymptotic,{},0.4701218605041504,True,,8,results/bob_realchannel_run_tp0.3_fk0.0_rp0.0_vd0.0_seed50_20260923_015313_089830.json,results/alice_realchannel_run_seed50_20260923_015313_030677.json,exception: name 'PROJECT_DIR' is not defined,2026-09-23T01:53:16.728246,toeplitz,0.3,5,0.0104166666666666
0.3,0.0,0.0,0.0,51,results/bob_realchannel_run_tp0.3_fk0.0_rp0.0_vd0.0_seed51_20260923_015317_782626.json,384,39,2877,34,34,True,0,False,,4.429380893707275,{'toeplitz_matrix': 1},asymptotic,{},0.5067334175109863,False,,9,results/bob_realchannel_run_tp0.3_fk0.0_rp0.0_vd0.0_seed51_20260923_015317_782626.json,results/alice_realchannel_run_seed51_20260923_015317_710024.json,exception: name 'PROJECT_DIR' is not defined,2026-09-23T01:53:22.866685,toeplitz,0.3,5,0.0104166666666666
0.3,0.0,0.0,0.0,52,results/bob_realchannel_run_tp0.3_fk0.0_rp0.0_vd0.0_seed52_20260923_015323_917637.json,384,39,2877,34,34,True,0,False,,4.456799745559692,{},asymptotic,{},0.5205428600311279,True,,10,results/bob_realchannel_run_tp0.3_fk0.0_rp0.0_vd0.0_seed52_20260923_015323_917637.json,results/alice_realchannel_run_seed52_20260923_015323_861086.json,exception: name 'PROJECT_DIR' is not defined,2026-09-23T01:53:28.767908,toeplitz,0.3,5,0.0104166666666666
0.3,0.0,0.0,0.0,53,results/bob_realchannel_run_tp0.3_fk0.0_rp0.0_vd0.0_seed53_20260923_015329_801208.json,384,39,2877,34,34,True,0,False,,3.405914783477783,{'toeplitz_matrix': 1},asymptotic,{},0.635932445526123,True,,11,results/bob_realchannel_run_tp0.3_fk0.0_rp0.0_vd0.0_seed53_20260923_015329_801208.json,results/alice_realchannel_run_seed53_20260923_015329_749377.json,exception: name 'PROJECT_DIR' is not defined,2026-09-23T01:53:33.587101,toeplitz,0.3,5,0.0104166666666666
0.3,0.0,0.0,0.0,54,results/bob_realchannel_run_tp0.3_fk0.0_rp0.0_vd0.0_seed54_20260923_015334_626173.json,384,39,2877,34,34,True,0,False,,3.816218614578247,{},asymptotic,{},0.5968222618103027,True,,12,results/bob_realchannel_run_tp0.3_fk0.0_rp0.0_vd0.0_seed54_20260923_015334_626173.json,results/alice_realchannel_run_seed54_20260923_015334_571924.json,exception: name 'PROJECT_DIR' is not defined,2026-09-23T01:53:38.837191,toeplitz,0.3,5,0.0104166666666666
0.3,0.0,0.0,0.0,55,results/bob_realchannel_run_tp0.3_fk0.0_rp0.0_vd0.0_seed55_20260923_015339_875275.json,384,39,2877,34,34,True,0,False,,4.439611196517944,{'toeplitz_matrix': 1},asymptotic,{},0.5066835880279541,True,,13,results/bob_realchannel_run_tp0.3_fk0.0_rp0.0_vd0.0_seed55_20260923_015339_875275.json,results/alice_realchannel_run_seed55_20260923_015339_815050.json,exception: name 'PROJECT_DIR' is not defined,2026-09-23T01:53:44.707559,toeplitz,0.3,5,0.0104166666666666
0.3,0.0,0.0,0.0,56,results/bob_realchannel_run_tp0.3_fk0.0_rp0.0_vd0.0_seed56_20260923_015345_763547.json,384,39,2877,34,34,True,0,False,,4.523036003112793,{},asymptotic,{},0.5961647033691406,True,,14,results/bob_realchannel_run_tp0.3_fk0.0_rp0.0_vd0.0_seed56_20260923_015345_763547.json,results/alice_realchannel_run_seed56_20260923_015345_697506.json,exception: name 'PROJECT_DIR' is not defined,2026-09-23T01:53:50.678347,toeplitz,0.3,5,0.0104166666666666
0.3,0.0,0.0,0.0,57,results/bob_realchannel_run_tp0.3_fk0.0_rp0.0_vd0.0_seed57_20260923_015351_724712.json,384,39,2877,34,34,True,0,False,,4.9257073402404785,{'toeplitz_matrix': 1},asymptotic,{},0.997086763381958,False,,15,results/bob_realchannel_run_tp0.3_fk0.0_rp0.0_vd0.0_seed57_20260923_015351_724712.json,results/alice_realchannel_run_seed57_20260923_015351_663233.json,exception: name 'PROJECT_DIR' is not defined,2026-09-23T01:53:57.040072,toeplitz,0.3,5,0.0104166666666666
0.3,0.0,0.0,0.0,58,results/bob_realchannel_run_tp0.3_fk0.0_rp0.0_vd0.0_seed58_20260923_015358_089291.json,384,39,2877,34,34,True,0,False,,3.357813835144043,{},asymptotic,{},0.5954592227935791,True,,16,results/bob_realchannel_run_tp0.3_fk0.0_rp0.0_vd0.0_seed58_20260923_015358_089291.json,results/alice_realchannel_run_seed58_20260923_015358_029420.json,exception: name 'PROJECT_DIR' is not defined,2026-09-23T01:54:01.836714,toeplitz,0.3,5,0.0104166666666666
0.3,0.0,0.0,0.0,59,results/bob_realchannel_run_tp0.3_fk0.0_rp0.0_vd0.0_seed59_20260923_015402_881018.json,384,39,2877,34,34,True,0,False,,4.373029470443726,{},asymptotic,{},0.44167256355285645,True,,17,results/bob_realchannel_run_tp0.3_fk0.0_rp0.0_vd0.0_seed59_20260923_015402_881018.json,results/alice_realchannel_run_seed59_20260923_015402_822495.json,exception: name 'PROJECT_DIR' is not defined,2026-09-23T01:54:07.645173,toeplitz,0.3,5,0.0104166666666666
0.3,0.0,0.0,0.0,60,results/bob_realchannel_run_tp0.3_fk0.0_rp0.0_vd0.0_seed60_20260923_015408_699403.json,384,39,2877,34,34,True,0,False,,4.255357980728149,{},asymptotic,{},0.3374509811401367,True,,18,results/bob_realchannel_run_tp0.3_fk0.0_rp0.0_vd0.0_seed60_20260923_015408_699403.json,results/alice_realchannel_run_seed60_20260923_015408_625932.json,exception: name 'PROJECT_DIR' is not defined,2026-09-23T01:54:13.342326,toeplitz,0.3,5,0.0104166666666666
0.3,0.0,0.0,0.0,61,results/bob_realchannel_run_tp0.3_fk0.0_rp0.0_vd0.0_seed61_20260923_015414_445788.json,384,39,2877,34,34,True,0,False,,3.3970727920532227,{},asymptotic,{},0.6929407119750977,True,,19,results/bob_realchannel_run_tp0.3_fk0.0_rp0.0_vd0.0_seed61_20260923_015414_445788.json,results/alice_realchannel_run_seed61_20260923_015414_329719.json,exception: name 'PROJECT_DIR' is not defined,2026-09-23T01:54:18.232853,toeplitz,0.3,5,0.0104166666666666
0.3,0.0,0.0,0.0,62,results/bob_realchannel_run_tp0.3_fk0.0_rp0.0_vd0.0_seed62_20260923_015419_277928.json,384,39,2877,34,34,True,0,False,,4.444904327392578,{},asymptotic,{},0.5102190971374512,True,,20,results/bob_realchannel_run_tp0.3_fk0.0_rp0.0_vd0.0_seed62_20260923_015419_277928.json,results/alice_realchannel_run_seed62_20260923_015419_215752.json,exception: name 'PROJECT_DIR' is not defined,2026-09-23T01:54:24.111817,toeplitz,0.3,5,0.0104166666666666
0.3,0.0,0.0,0.0,63,results/bob_realchannel_run_tp0.3_fk0.0_rp0.0_vd0.0_seed63_20260923_015425_154643.json,384,39,2877,34,34,True,0,False,,4.656048059463501,{},asymptotic,{},0.7317972183227539,True,,21,results/bob_realchannel_run_tp0.3_fk0.0_rp0.0_vd0.0_seed63_20260923_015425_154643.json,results/alice_realchannel_run_seed63_20260923_015425_092663.json,exception: name 'PROJECT_DIR' is not defined,2026-09-23T01:54:30.199258,toeplitz,0.3,5,0.0104166666666666
0.3,0.0,0.0,0.0,64,results/bob_realchannel_run_tp0.3_fk0.0_rp0.0_vd0.0_seed64_20260923_015431_241351.json,384,39,2877,34,34,True,0,False,,4.300790786743164,{},asymptotic,{},0.3659534454345703,True,,22,results/bob_realchannel_run_tp0.3_fk0.0_rp0.0_vd0.0_seed64_20260923_015431_241351.json,results/alice_realchannel_run_seed64_20260923_015431_183676.json,exception: name 'PROJECT_DIR' is not defined,2026-09-23T01:54:35.931889,toeplitz,0.3,5,0.0104166666666666
0.3,0.0,0.0,0.0,65,results/bob_realchannel_run_tp0.3_fk0.0_rp0.0_vd0.0_seed65_20260923_015436_966522.json,384,39,2877,34,34,True,0,False,,4.655919790267944,{},asymptotic,{},0.7202663421630859,True,,23,results/bob_realchannel_run_tp0.3_fk0.0_rp0.0_vd0.0_seed65_20260923_015436_966522.json,results/alice_realchannel_run_seed65_20260923_015436_908676.json,exception: name 'PROJECT_DIR' is not defined,2026-09-23T01:54:42.013927,toeplitz,0.3,5,0.0104166666666666
0.3,0.0,0.0,0.0,66,results/bob_realchannel_run_tp0.3_fk0.0_rp0.0_vd0.0_seed66_20260923_015443_051650.json,384,39,2877,34,34,True,0,False,,4.1549882888793945,{},asymptotic,{},0.6638684272766113,True,,24,results/bob_realchannel_run_tp0.3_fk0.0_rp0.0_vd0.0_seed66_20260923_015443_051650.json,results/alice_realchannel_run_seed66_20260923_015443_001618.json,exception: name 'PROJECT_DIR' is not defined,2026-09-23T01:54:47.595099,toeplitz,0.3,5,0.0104166666666666
0.3,0.0,0.0,0.0,67,results/bob_realchannel_run_tp0.3_fk0.0_rp0.0_vd0.0_seed67_20260923_015448_679830.json,384,39,2877,34,34,True,0,False,,4.399510622024536,{},asymptotic,{},0.5079555511474609,True,,25,results/bob_realchannel_run_tp0.3_fk0.0_rp0.0_vd0.0_seed67_20260923_015448_679830.json,results/alice_realchannel_run_seed67_20260923_015448_578235.json,exception: name 'PROJECT_DIR' is not defined,2026-09-23T01:54:53.466550,toeplitz,0.3,5,0.0104166666666666
0.3,0.0,0.0,0.0,68,results/bob_realchannel_run_tp0.3_fk0.0_rp0.0_vd0.0_seed68_20260923_015454_525621.json,384,39,2877,34,34,True,0,False,,4.732792377471924,{},asymptotic,{},0.8108925819396973,True,,26,results/bob_realchannel_run_tp0.3_fk0.0_rp0.0_vd0.0_seed68_20260923_015454_525621.json,results/alice_realchannel_run_seed68_20260923_015454_455992.json,exception: name 'PROJECT_DIR' is not defined,2026-09-23T01:54:59.646189,toeplitz,0.3,5,0.0104166666666666
0.3,0.0,0.0,0.0,69,results/bob_realchannel_run_tp0.3_fk0.0_rp0.0_vd0.0_seed69_20260923_015500_802278.json,384,39,2877,34,34,True,0,False,,4.264291763305664,{},asymptotic,{},0.43906331062316895,True,,27,results/bob_realchannel_run_tp0.3_fk0.0_rp0.0_vd0.0_seed69_20260923_015500_802278.json,results/alice_realchannel_run_seed69_20260923_015500_635341.json,exception: name 'PROJECT_DIR' is not defined,2026-09-23T01:55:05.495237,toeplitz,0.3,5,0.0104166666666666
0.3,0.0,0.0,0.0,70,results/bob_realchannel_run_tp0.3_fk0.0_rp0.0_vd0.0_seed70_20260923_015506_528086.json,384,39,2877,34,34,True,0,False,,4.414605617523193,{},asymptotic,{},0.47011709213256836,True,,28,results/bob_realchannel_run_tp0.3_fk0.0_rp0.0_vd0.0_seed70_20260923_015506_528086.json,results/alice_realchannel_run_seed70_20260923_015506_481958.json,exception: name 'PROJECT_DIR' is not defined,2026-09-23T01:55:11.331118,toeplitz,0.3,5,0.0104166666666666
0.3,0.0,0.0,0.0,71,results/bob_realchannel_run_tp0.3_fk0.0_rp0.0_vd0.0_seed71_20260923_015512_390465.json,384,39,2877,34,34,True,0,False,,4.424055099487305,{},asymptotic,{},0.5066580772399902,True,,29,results/bob_realchannel_run_tp0.3_fk0.0_rp0.0_vd0.0_seed71_20260923_015512_390465.json,results/alice_realchannel_run_seed71_20260923_015512_318074.json,exception: name 'PROJECT_DIR' is not defined,2026-09-23T01:55:17.423483,toeplitz,0.3,5,0.0104166666666666
0.1,0.0,0.0,0.0,42,results/bob_realchannel_run_tp0.1_fk0.0_rp0.0_vd0.0_seed42_20260923_015518_453402.json,384,39,2877,34,34,True,0,False,,4.4890851974487305,{},asymptotic,{},0.541672945022583,True,,0,results/bob_realchannel_run_tp0.1_fk0.0_rp0.0_vd0.0_seed42_20260923_015518_453402.json,results/alice_realchannel_run_seed42_20260923_015518_408342.json,exception: name 'PROJECT_DIR' is not defined,2026-09-23T01:55:23.333185,toeplitz,0.1,5,0.0104166666666666
0.1,0.0,0.0,0.0,43,results/bob_realchannel_run_tp0.1_fk0.0_rp0.0_vd0.0_seed43_20260923_015524_371635.json,384,39,2877,34,34,True,0,False,,4.286559104919434,{},asymptotic,{},0.3502521514892578,True,,1,results/bob_realchannel_run_tp0.1_fk0.0_rp0.0_vd0.0_seed43_20260923_015524_371635.json,results/alice_realchannel_run_seed43_20260923_015524_318186.json,exception: name 'PROJECT_DIR' is not defined,2026-09-23T01:55:29.046352,toeplitz,0.1,5,0.0104166666666666
0.1,0.0,0.0,0.0,44,results/bob_realchannel_run_tp0.1_fk0.0_rp0.0_vd0.0_seed44_20260923_015530_168110.json,384,39,2877,34,34,True,0,False,,3.0986573696136475,{},asymptotic,{},0.41553282737731934,True,,2,results/bob_realchannel_run_tp0.1_fk0.0_rp0.0_vd0.0_seed44_20260923_015530_168110.json,results/alice_realchannel_run_seed44_20260923_015530_028271.json,exception: name 'PROJECT_DIR' is not defined,2026-09-23T01:55:33.653878,toeplitz,0.1,5,0.0104166666666666
0.1,0.0,0.0,0.0,45,results/bob_realchannel_run_tp0.1_fk0.0_rp0.0_vd0.0_seed45_20260923_015534_687791.json,384,39,2877,34,34,True,0,False,,4.3664891719818115,{},asymptotic,{},0.42804503440856934,True,,3,results/bob_realchannel_run_tp0.1_fk0.0_rp0.0_vd0.0_seed45_20260923_015534_687791.json,results/alice_realchannel_run_seed45_20260923_015534_636767.json,exception: name 'PROJECT_DIR' is not defined,2026-09-23T01:55:39.447917,toeplitz,0.1,5,0.0104166666666666
0.1,0.0,0.0,0.0,46,results/bob_realchannel_run_tp0.1_fk0.0_rp0.0_vd0.0_seed46_20260923_015540_466431.json,384,39,2877,34,34,True,0,False,,4.40854549407959,{},asymptotic,{},0.45606279373168945,True,,4,results/bob_realchannel_run_tp0.1_fk0.0_rp0.0_vd0.0_seed46_20260923_015540_466431.json,results/alice_realchannel_run_seed46_20260923_015540_426037.json,exception: name 'PROJECT_DIR' is not defined,2026-09-23T01:55:45.262844,toeplitz,0.1,5,0.0104166666666666
0.1,0.0,0.0,0.0,47,results/bob_realchannel_run_tp0.1_fk0.0_rp0.0_vd0.0_seed47_20260923_015546_305297.json,384,39,2877,34,34,True,0,False,,4.693099498748779,{},asymptotic,{},0.7569622993469238,True,,5,results/bob_realchannel_run_tp0.1_fk0.0_rp0.0_vd0.0_seed47_20260923_015546_305297.json,results/alice_realchannel_run_seed47_20260923_015546_250883.json,exception: name 'PROJECT_DIR' is not defined,2026-09-23T01:55:51.385102,toeplitz,0.1,5,0.0104166666666666
0.1,0.0,0.0,0.0,48,results/bob_realchannel_run_tp0.1_fk0.0_rp0.0_vd0.0_seed48_20260923_015552_458708.json,384,39,2877,34,34,True,0,False,,4.3477818965911865,{},asymptotic,{},0.4420616626739502,True,,6,results/bob_realchannel_run_tp0.1_fk0.0_rp0.0_vd0.0_seed48_20260923_015552_458708.json,results/alice_realchannel_run_seed48_20260923_015552_369735.json,exception: name 'PROJECT_DIR' is not defined,2026-09-23T01:55:57.193096,toeplitz,0.1,5,0.0104166666666666
0.1,0.0,0.0,0.0,49,results/bob_realchannel_run_tp0.1_fk0.0_rp0.0_vd0.0_seed49_20260923_015558_298251.json,384,39,2877,34,34,True,0,False,,4.3687427043914795,{},asymptotic,{},0.4933760166168213,True,,7,results/bob_realchannel_run_tp0.1_fk0.0_rp0.0_vd0.0_seed49_20260923_015558_298251.json,results/alice_realchannel_run_seed49_20260923_015558_180218.json,exception: name 'PROJECT_DIR' is not defined,2026-09-23T01:56:03.071961,toeplitz,0.1,5,0.0104166666666666
0.1,0.0,0.0,0.0,50,results/bob_realchannel_run_tp0.1_fk0.0_rp0.0_vd0.0_seed50_20260923_015604_160934.json,384,39,2877,34,34,True,0,False,,4.353731393814087,{},asymptotic,{},0.46883296966552734,True,,8,results/bob_realchannel_run_tp0.1_fk0.0_rp0.0_vd0.0_seed50_20260923_015604_160934.json,results/alice_realchannel_run_seed50_20260923_015604_053473.json,exception: name 'PROJECT_DIR' is not defined,2026-09-23T01:56:08.900621,toeplitz,0.1,5,0.0104166666666666
0.1,0.0,0.0,0.0,51,results/bob_realchannel_run_tp0.1_fk0.0_rp0.0_vd0.0_seed51_20260923_015609_927532.json,384,39,2877,34,34,True,0,False,,4.4547319412231445,{'toeplitz_matrix': 1},asymptotic,{},0.5072634220123291,False,,9,results/bob_realchannel_run_tp0.1_fk0.0_rp0.0_vd0.0_seed51_20260923_015609_927532.json,results/alice_realchannel_run_seed51_20260923_015609_884287.json,exception: name 'PROJECT_DIR' is not defined,2026-09-23T01:56:14.767130,toeplitz,0.1,5,0.0104166666666666
0.1,0.0,0.0,0.0,52,results/bob_realchannel_run_tp0.1_fk0.0_rp0.0_vd0.0_seed52_20260923_015615_808047.json,384,39,2877,34,34,True,0,False,,4.458641052246094,{},asymptotic,{},0.5234813690185547,True,,10,results/bob_realchannel_run_tp0.1_fk0.0_rp0.0_vd0.0_seed52_20260923_015615_808047.json,results/alice_realchannel_run_seed52_20260923_015615_750221.json,exception: name 'PROJECT_DIR' is not defined,2026-09-23T01:56:20.654579,toeplitz,0.1,5,0.0104166666666666
0.1,0.0,0.0,0.0,53,results/bob_realchannel_run_tp0.1_fk0.0_rp0.0_vd0.0_seed53_20260923_015621_690684.json,384,39,2877,34,34,True,0,False,,4.580111503601074,{},asymptotic,{},0.6381807327270508,True,,11,results/bob_realchannel_run_tp0.1_fk0.0_rp0.0_vd0.0_seed53_20260923_015621_690684.json,results/alice_realchannel_run_seed53_20260923_015621_638836.json,exception: name 'PROJECT_DIR' is not defined,2026-09-23T01:56:26.657095,toeplitz,0.1,5,0.0104166666666666
0.1,0.0,0.0,0.0,54,results/bob_realchannel_run_tp0.1_fk0.0_rp0.0_vd0.0_seed54_20260923_015627_685936.json,384,39,2877,34,34,True,0,False,,4.5445592403411865,{},asymptotic,{},0.5977447032928467,True,,12,results/bob_realchannel_run_tp0.1_fk0.0_rp0.0_vd0.0_seed54_20260923_015627_685936.json,results/alice_realchannel_run_seed54_20260923_015627_642138.json,exception: name 'PROJECT_DIR' is not defined,2026-09-23T01:56:32.617999,toeplitz,0.1,5,0.0104166666666666
0.1,0.0,0.0,0.0,55,results/bob_realchannel_run_tp0.1_fk0.0_rp0.0_vd0.0_seed55_20260923_015633_644617.json,384,39,2877,34,34,True,0,False,,3.290329694747925,{'toeplitz_matrix': 1},asymptotic,{},0.5087168216705322,True,,13,results/bob_realchannel_run_tp0.1_fk0.0_rp0.0_vd0.0_seed55_20260923_015633_644617.json,results/alice_realchannel_run_seed55_20260923_015633_605825.json,exception: name 'PROJECT_DIR' is not defined,2026-09-23T01:56:37.320121,toeplitz,0.1,5,0.0104166666666666
0.1,0.0,0.0,0.0,56,results/bob_realchannel_run_tp0.1_fk0.0_rp0.0_vd0.0_seed56_20260923_015638_348869.json,384,39,2877,34,34,True,0,False,,4.545574426651001,{},asymptotic,{},0.5983729362487793,True,,14,results/bob_realchannel_run_tp0.1_fk0.0_rp0.0_vd0.0_seed56_20260923_015638_348869.json,results/alice_realchannel_run_seed56_20260923_015638_303539.json,exception: name 'PROJECT_DIR' is not defined,2026-09-23T01:56:43.279736,toeplitz,0.1,5,0.0104166666666666
0.1,0.0,0.0,0.0,57,results/bob_realchannel_run_tp0.1_fk0.0_rp0.0_vd0.0_seed57_20260923_015644_316694.json,384,39,2877,34,34,True,0,False,,4.92973518371582,{'toeplitz_matrix': 1},asymptotic,{},0.996544361114502,False,,15,results/bob_realchannel_run_tp0.1_fk0.0_rp0.0_vd0.0_seed57_20260923_015644_316694.json,results/alice_realchannel_run_seed57_20260923_015644_260191.json,exception: name 'PROJECT_DIR' is not defined,2026-09-23T01:56:49.633817,toeplitz,0.1,5,0.0104166666666666
0.1,0.0,0.0,0.0,58,results/bob_realchannel_run_tp0.1_fk0.0_rp0.0_vd0.0_seed58_20260923_015650_658489.json,384,39,2877,34,34,True,0,False,,4.548265695571899,{},asymptotic,{},0.5952038764953613,True,,16,results/bob_realchannel_run_tp0.1_fk0.0_rp0.0_vd0.0_seed58_20260923_015650_658489.json,results/alice_realchannel_run_seed58_20260923_015650_618681.json,exception: name 'PROJECT_DIR' is not defined,2026-09-23T01:56:55.594833,toeplitz,0.1,5,0.0104166666666666
0.1,0.0,0.0,0.0,59,results/bob_realchannel_run_tp0.1_fk0.0_rp0.0_vd0.0_seed59_20260923_015656_667990.json,384,39,2877,34,34,True,0,False,,4.34233021736145,{},asymptotic,{},0.44180870056152344,True,,17,results/bob_realchannel_run_tp0.1_fk0.0_rp0.0_vd0.0_seed59_20260923_015656_667990.json,results/alice_realchannel_run_seed59_20260923_015656_576518.json,exception: name 'PROJECT_DIR' is not defined,2026-09-23T01:57:01.398809,toeplitz,0.1,5,0.0104166666666666
0.1,0.0,0.0,0.0,60,results/bob_realchannel_run_tp0.1_fk0.0_rp0.0_vd0.0_seed60_20260923_015702_432721.json,384,39,2877,34,34,True,0,False,,3.1144227981567383,{},asymptotic,{},0.34058499336242676,True,,18,results/bob_realchannel_run_tp0.1_fk0.0_rp0.0_vd0.0_seed60_20260923_015702_432721.json,results/alice_realchannel_run_seed60_20260923_015702_385091.json,exception: name 'PROJECT_DIR' is not defined,2026-09-23T01:57:05.934333,toeplitz,0.1,5,0.0104166666666666
0.1,0.0,0.0,0.0,61,results/bob_realchannel_run_tp0.1_fk0.0_rp0.0_vd0.0_seed61_20260923_015706_999425.json,384,39,2877,34,34,True,0,False,,4.598960638046265,{},asymptotic,{},0.6898837089538574,True,,19,results/bob_realchannel_run_tp0.1_fk0.0_rp0.0_vd0.0_seed61_20260923_015706_999425.json,results/alice_realchannel_run_seed61_20260923_015706_916840.json,exception: name 'PROJECT_DIR' is not defined,2026-09-23T01:57:11.983978,toeplitz,0.1,5,0.0104166666666666
0.1,0.0,0.0,0.0,62,results/bob_realchannel_run_tp0.1_fk0.0_rp0.0_vd0.0_seed62_20260923_015713_021045.json,384,39,2877,34,34,True,0,False,,4.449560642242432,{},asymptotic,{},0.5114943981170654,True,,20,results/bob_realchannel_run_tp0.1_fk0.0_rp0.0_vd0.0_seed62_20260923_015713_021045.json,results/alice_realchannel_run_seed62_20260923_015712_966668.json,exception: name 'PROJECT_DIR' is not defined,2026-09-23T01:57:17.855973,toeplitz,0.1,5,0.0104166666666666
0.1,0.0,0.0,0.0,63,results/bob_realchannel_run_tp0.1_fk0.0_rp0.0_vd0.0_seed63_20260923_015718_909057.json,384,39,2877,34,34,True,0,False,,4.641043186187744,{},asymptotic,{},0.7306129932403564,True,,21,results/bob_realchannel_run_tp0.1_fk0.0_rp0.0_vd0.0_seed63_20260923_015718_909057.json,results/alice_realchannel_run_seed63_20260923_015718_832566.json,exception: name 'PROJECT_DIR' is not defined,2026-09-23T01:57:23.935627,toeplitz,0.1,5,0.0104166666666666
0.1,0.0,0.0,0.0,64,results/bob_realchannel_run_tp0.1_fk0.0_rp0.0_vd0.0_seed64_20260923_015724_969077.json,384,39,2877,34,34,True,0,False,,3.58518123626709,{},asymptotic,{},0.36495542526245117,True,,22,results/bob_realchannel_run_tp0.1_fk0.0_rp0.0_vd0.0_seed64_20260923_015724_969077.json,results/alice_realchannel_run_seed64_20260923_015724_914939.json,exception: name 'PROJECT_DIR' is not defined,2026-09-23T01:57:28.939648,toeplitz,0.1,5,0.0104166666666666
0.1,0.0,0.0,0.0,65,results/bob_realchannel_run_tp0.1_fk0.0_rp0.0_vd0.0_seed65_20260923_015729_983703.json,384,39,2877,34,34,True,0,False,,4.646994590759277,{},asymptotic,{},0.717674970626831,True,,23,results/bob_realchannel_run_tp0.1_fk0.0_rp0.0_vd0.0_seed65_20260923_015729_983703.json,results/alice_realchannel_run_seed65_20260923_015729_921133.json,exception: name 'PROJECT_DIR' is not defined,2026-09-23T01:57:35.015990,toeplitz,0.1,5,0.0104166666666666
0.1,0.0,0.0,0.0,66,results/bob_realchannel_run_tp0.1_fk0.0_rp0.0_vd0.0_seed66_20260923_015736_064469.json,384,39,2877,34,34,True,0,False,,3.414370059967041,{},asymptotic,{},0.6631145477294922,True,,24,results/bob_realchannel_run_tp0.1_fk0.0_rp0.0_vd0.0_seed66_20260923_015736_064469.json,results/alice_realchannel_run_seed66_20260923_015735_996390.json,exception: name 'PROJECT_DIR' is not defined,2026-09-23T01:57:39.863135,toeplitz,0.1,5,0.0104166666666666
0.1,0.0,0.0,0.0,67,results/bob_realchannel_run_tp0.1_fk0.0_rp0.0_vd0.0_seed67_20260923_015740_900397.json,384,39,2877,34,34,True,0,False,,4.4458630084991455,{},asymptotic,{},0.5084362030029297,True,,25,results/bob_realchannel_run_tp0.1_fk0.0_rp0.0_vd0.0_seed67_20260923_015740_900397.json,results/alice_realchannel_run_seed67_20260923_015740_848241.json,exception: name 'PROJECT_DIR' is not defined,2026-09-23T01:57:45.733189,toeplitz,0.1,5,0.0104166666666666
0.1,0.0,0.0,0.0,68,results/bob_realchannel_run_tp0.1_fk0.0_rp0.0_vd0.0_seed68_20260923_015746_763672.json,384,39,2877,34,34,True,0,False,,4.763190031051636,{},asymptotic,{},0.820467472076416,True,,26,results/bob_realchannel_run_tp0.1_fk0.0_rp0.0_vd0.0_seed68_20260923_015746_763672.json,results/alice_realchannel_run_seed68_20260923_015746_715144.json,exception: name 'PROJECT_DIR' is not defined,2026-09-23T01:57:51.908619,toeplitz,0.1,5,0.0104166666666666
0.1,0.0,0.0,0.0,69,results/bob_realchannel_run_tp0.1_fk0.0_rp0.0_vd0.0_seed69_20260923_015752_919692.json,384,39,2877,34,34,True,0,False,,4.4026875495910645,{},asymptotic,{},0.44263434410095215,True,,27,results/bob_realchannel_run_tp0.1_fk0.0_rp0.0_vd0.0_seed69_20260923_015752_919692.json,results/alice_realchannel_run_seed69_20260923_015752_889470.json,exception: name 'PROJECT_DIR' is not defined,2026-09-23T01:57:57.706352,toeplitz,0.1,5,0.0104166666666666
0.1,0.0,0.0,0.0,70,results/bob_realchannel_run_tp0.1_fk0.0_rp0.0_vd0.0_seed70_20260923_015758_745770.json,384,39,2877,34,34,True,0,False,,3.693345069885254,{},asymptotic,{},0.475020170211792,True,,28,results/bob_realchannel_run_tp0.1_fk0.0_rp0.0_vd0.0_seed70_20260923_015758_745770.json,results/alice_realchannel_run_seed70_20260923_015758_691837.json,exception: name 'PROJECT_DIR' is not defined,2026-09-23T01:58:02.844232,toeplitz,0.1,5,0.0104166666666666
0.1,0.0,0.0,0.0,71,results/bob_realchannel_run_tp0.1_fk0.0_rp0.0_vd0.0_seed71_20260923_015803_877415.json,384,39,2877,34,34,True,0,False,,4.449844598770142,{},asymptotic,{},0.5079309940338135,True,,29,results/bob_realchannel_run_tp0.1_fk0.0_rp0.0_vd0.0_seed71_20260923_015803_877415.json,results/alice_realchannel_run_seed71_20260923_015803_827567.json,exception: name 'PROJECT_DIR' is not defined,2026-09-23T01:58:08.710731,toeplitz,0.1,5,0.0104166666666666
0.05,0.0,0.0,0.0,42,results/bob_realchannel_run_tp0.05_fk0.0_rp0.0_vd0.0_seed42_20260923_015809_755432.json,384,39,2877,34,34,True,0,False,,4.471378564834595,{},asymptotic,{},0.5506362915039062,True,,0,results/bob_realchannel_run_tp0.05_fk0.0_rp0.0_vd0.0_seed42_20260923_015809_755432.json,results/alice_realchannel_run_seed42_20260923_015809_684456.json,exception: name 'PROJECT_DIR' is not defined,2026-09-23T01:58:14.668689,toeplitz,0.05,5,0.0104166666666666
0.05,0.0,0.0,0.0,43,results/bob_realchannel_run_tp0.05_fk0.0_rp0.0_vd0.0_seed43_20260923_015815_794033.json,384,39,2877,34,34,True,0,False,,4.196869850158691,{},asymptotic,{},0.3526041507720947,True,,1,results/bob_realchannel_run_tp0.05_fk0.0_rp0.0_vd0.0_seed43_20260923_015815_794033.json,results/alice_realchannel_run_seed43_20260923_015815_645395.json,exception: name 'PROJECT_DIR' is not defined,2026-09-23T01:58:20.378212,toeplitz,0.05,5,0.0104166666666666
0.05,0.0,0.0,0.0,44,results/bob_realchannel_run_tp0.05_fk0.0_rp0.0_vd0.0_seed44_20260923_015821_531584.json,384,39,2877,34,34,True,0,False,,4.234659433364868,{},asymptotic,{},0.41751861572265625,True,,2,results/bob_realchannel_run_tp0.05_fk0.0_rp0.0_vd0.0_seed44_20260923_015821_531584.json,results/alice_realchannel_run_seed44_20260923_015821_358843.json,exception: name 'PROJECT_DIR' is not defined,2026-09-23T01:58:26.147481,toeplitz,0.05,5,0.0104166666666666
0.05,0.0,0.0,0.0,45,results/bob_realchannel_run_tp0.05_fk0.0_rp0.0_vd0.0_seed45_20260923_015827_198001.json,384,39,2877,34,34,True,0,False,,3.644320487976074,{},asymptotic,{},0.430037260055542,True,,3,results/bob_realchannel_run_tp0.05_fk0.0_rp0.0_vd0.0_seed45_20260923_015827_198001.json,results/alice_realchannel_run_seed45_20260923_015827_138136.json,exception: name 'PROJECT_DIR' is not defined,2026-09-23T01:58:31.218031,toeplitz,0.05,5,0.0104166666666666
0.05,0.0,0.0,0.0,46,results/bob_realchannel_run_tp0.05_fk0.0_rp0.0_vd0.0_seed46_20260923_015832_263328.json,384,39,2877,34,34,True,0,False,,4.375375509262085,{},asymptotic,{},0.4596846103668213,True,,4,results/bob_realchannel_run_tp0.05_fk0.0_rp0.0_vd0.0_seed46_20260923_015832_263328.json,results/alice_realchannel_run_seed46_20260923_015832_186447.json,exception: name 'PROJECT_DIR' is not defined,2026-09-23T01:58:37.009313,toeplitz,0.05,5,0.0104166666666666
0.05,0.0,0.0,0.0,47,results/bob_realchannel_run_tp0.05_fk0.0_rp0.0_vd0.0_seed47_20260923_015838_064677.json,384,39,2877,34,34,True,0,False,,4.661972522735596,{},asymptotic,{},0.756216287612915,True,,5,results/bob_realchannel_run_tp0.05_fk0.0_rp0.0_vd0.0_seed47_20260923_015838_064677.json,results/alice_realchannel_run_seed47_20260923_015837_978822.json,exception: name 'PROJECT_DIR' is not defined,2026-09-23T01:58:43.108192,toeplitz,0.05,5,0.0104166666666666
0.05,0.0,0.0,0.0,48,results/bob_realchannel_run_tp0.05_fk0.0_rp0.0_vd0.0_seed48_20260923_015844_141773.json,384,39,2877,34,34,True,0,False,,4.384709119796753,{},asymptotic,{},0.44315600395202637,True,,6,results/bob_realchannel_run_tp0.05_fk0.0_rp0.0_vd0.0_seed48_20260923_015844_141773.json,results/alice_realchannel_run_seed48_20260923_015844_091221.json,exception: name 'PROJECT_DIR' is not defined,2026-09-23T01:58:48.907095,toeplitz,0.05,5,0.0104166666666666
0.05,0.0,0.0,0.0,49,results/bob_realchannel_run_tp0.05_fk0.0_rp0.0_vd0.0_seed49_20260923_015849_974576.json,384,39,2877,34,34,True,0,False,,4.411701440811157,{},asymptotic,{},0.4961714744567871,True,,7,results/bob_realchannel_run_tp0.05_fk0.0_rp0.0_vd0.0_seed49_20260923_015849_974576.json,results/alice_realchannel_run_seed49_20260923_015849_893122.json,exception: name 'PROJECT_DIR' is not defined,2026-09-23T01:58:54.765831,toeplitz,0.05,5,0.0104166666666666
0.05,0.0,0.0,0.0,50,results/bob_realchannel_run_tp0.05_fk0.0_rp0.0_vd0.0_seed50_20260923_015855_792194.json,384,39,2877,34,34,True,0,False,,4.418122291564941,{},asymptotic,{},0.4678988456726074,True,,8,results/bob_realchannel_run_tp0.05_fk0.0_rp0.0_vd0.0_seed50_20260923_015855_792194.json,results/alice_realchannel_run_seed50_20260923_015855_745606.json,exception: name 'PROJECT_DIR' is not defined,2026-09-23T01:59:00.590937,toeplitz,0.05,5,0.0104166666666666
0.05,0.0,0.0,0.0,51,results/bob_realchannel_run_tp0.05_fk0.0_rp0.0_vd0.0_seed51_20260923_015901_631960.json,384,39,2877,34,34,True,0,False,,4.4346699714660645,{},asymptotic,{},0.5069365501403809,True,,9,results/bob_realchannel_run_tp0.05_fk0.0_rp0.0_vd0.0_seed51_20260923_015901_631960.json,results/alice_realchannel_run_seed51_20260923_015901_569733.json,exception: name 'PROJECT_DIR' is not defined,2026-09-23T01:59:06.446657,toeplitz,0.05,5,0.0104166666666666
0.05,0.0,0.0,0.0,52,results/bob_realchannel_run_tp0.05_fk0.0_rp0.0_vd0.0_seed52_20260923_015907_472297.json,384,39,2877,34,34,True,0,False,,4.461859464645386,{},asymptotic,{},0.5209331512451172,True,,10,results/bob_realchannel_run_tp0.05_fk0.0_rp0.0_vd0.0_seed52_20260923_015907_472297.json,results/alice_realchannel_run_seed52_20260923_015907_423274.json,exception: name 'PROJECT_DIR' is not defined,2026-09-23T01:59:12.318804,toeplitz,0.05,5,0.0104166666666666
0.05,0.0,0.0,0.0,53,results/bob_realchannel_run_tp0.05_fk0.0_rp0.0_vd0.0_seed53_20260923_015913_348323.json,384,39,2877,34,34,True,0,False,,3.920787811279297,{},asymptotic,{},0.6384460926055908,True,,11,results/bob_realchannel_run_tp0.05_fk0.0_rp0.0_vd0.0_seed53_20260923_015913_348323.json,results/alice_realchannel_run_seed53_20260923_015913_300339.json,exception: name 'PROJECT_DIR' is not defined,2026-09-23T01:59:17.651826,toeplitz,0.05,5,0.0104166666666666
0.05,0.0,0.0,0.0,54,results/bob_realchannel_run_tp0.05_fk0.0_rp0.0_vd0.0_seed54_20260923_015918_676212.json,384,39,2877,34,34,True,0,False,,4.546196699142456,{},asymptotic,{},0.5981032848358154,True,,12,results/bob_realchannel_run_tp0.05_fk0.0_rp0.0_vd0.0_seed54_20260923_015918_676212.json,results/alice_realchannel_run_seed54_20260923_015918_631758.json,exception: name 'PROJECT_DIR' is not defined,2026-09-23T01:59:23.603236,toeplitz,0.05,5,0.0104166666666666
0.05,0.0,0.0,0.0,55,results/bob_realchannel_run_tp0.05_fk0.0_rp0.0_vd0.0_seed55_20260923_015924_649417.json,384,39,2877,34,34,True,0,False,,3.717514753341675,{'toeplitz_matrix': 1},asymptotic,{},0.5107128620147705,True,,13,results/bob_realchannel_run_tp0.05_fk0.0_rp0.0_vd0.0_seed55_20260923_015924_649417.json,results/alice_realchannel_run_seed55_20260923_015924_582210.json,exception: name 'PROJECT_DIR' is not defined,2026-09-23T01:59:28.748030,toeplitz,0.05,5,0.0104166666666666
0.05,0.0,0.0,0.0,56,results/bob_realchannel_run_tp0.05_fk0.0_rp0.0_vd0.0_seed56_20260923_015929_783750.json,384,39,2877,34,34,True,0,False,,4.5231781005859375,{},asymptotic,{},0.6017849445343018,True,,14,results/bob_realchannel_run_tp0.05_fk0.0_rp0.0_vd0.0_seed56_20260923_015929_783750.json,results/alice_realchannel_run_seed56_20260923_015929_713705.json,exception: name 'PROJECT_DIR' is not defined,2026-09-23T01:59:34.679696,toeplitz,0.05,5,0.0104166666666666
0.05,0.0,0.0,0.0,57,results/bob_realchannel_run_tp0.05_fk0.0_rp0.0_vd0.0_seed57_20260923_015935_702562.json,384,39,2877,34,34,True,0,False,,4.484393358230591,{'toeplitz_matrix': 1},asymptotic,{},0.993920087814331,False,,15,results/bob_realchannel_run_tp0.05_fk0.0_rp0.0_vd0.0_seed57_20260923_015935_702562.json,results/alice_realchannel_run_seed57_20260923_015935_654883.json,exception: name 'PROJECT_DIR' is not defined,2026-09-23T01:59:40.558699,toeplitz,0.05,5,0.0104166666666666
0.05,0.0,0.0,0.0,58,results/bob_realchannel_run_tp0.05_fk0.0_rp0.0_vd0.0_seed58_20260923_015941_581413.json,384,39,2877,34,34,True,0,False,,4.548887729644775,{},asymptotic,{},0.5976994037628174,True,,16,results/bob_realchannel_run_tp0.05_fk0.0_rp0.0_vd0.0_seed58_20260923_015941_581413.json,results/alice_realchannel_run_seed58_20260923_015941_541847.json,exception: name 'PROJECT_DIR' is not defined,2026-09-23T01:59:46.513464,toeplitz,0.05,5,0.0104166666666666
0.05,0.0,0.0,0.0,59,results/bob_realchannel_run_tp0.05_fk0.0_rp0.0_vd0.0_seed59_20260923_015947_531654.json,384,39,2877,34,34,True,0,False,,4.394649982452393,{},asymptotic,{},0.444063663482666,True,,17,results/bob_realchannel_run_tp0.05_fk0.0_rp0.0_vd0.0_seed59_20260923_015947_531654.json,results/alice_realchannel_run_seed59_20260923_015947_490700.json,exception: name 'PROJECT_DIR' is not defined,2026-09-23T01:59:52.310921,toeplitz,0.05,5,0.0104166666666666
0.05,0.0,0.0,0.0,60,results/bob_realchannel_run_tp0.05_fk0.0_rp0.0_vd0.0_seed60_20260923_015953_338993.json,384,39,2877,34,34,True,0,False,,3.6223721504211426,{},asymptotic,{},0.3392910957336426,True,,18,results/bob_realchannel_run_tp0.05_fk0.0_rp0.0_vd0.0_seed60_20260923_015953_338993.json,results/alice_realchannel_run_seed60_20260923_015953_290165.json,exception: name 'PROJECT_DIR' is not defined,2026-09-23T01:59:57.347065,toeplitz,0.05,5,0.0104166666666666
0.05,0.0,0.0,0.0,61,results/bob_realchannel_run_tp0.05_fk0.0_rp0.0_vd0.0_seed61_20260923_015958_382583.json,384,39,2877,34,34,True,0,False,,4.623611927032471,{},asymptotic,{},0.6839649677276611,True,,19,results/bob_realchannel_run_tp0.05_fk0.0_rp0.0_vd0.0_seed61_20260923_015958_382583.json,results/alice_realchannel_run_seed61_20260923_015958_330633.json,exception: name 'PROJECT_DIR' is not defined,2026-09-23T02:00:03.378621,toeplitz,0.05,5,0.0104166666666666
0.05,0.0,0.0,0.0,62,results/bob_realchannel_run_tp0.05_fk0.0_rp0.0_vd0.0_seed62_20260923_020004_398159.json,384,39,2877,34,34,True,0,False,,2.492103099822998,{},asymptotic,{},0.5126011371612549,True,,20,results/bob_realchannel_run_tp0.05_fk0.0_rp0.0_vd0.0_seed62_20260923_020004_398159.json,results/alice_realchannel_run_seed62_20260923_020004_401858.json,exception: name 'PROJECT_DIR' is not defined,2026-09-23T02:00:07.272822,toeplitz,0.05,5,0.0104166666666666
0.05,0.0,0.0,0.0,63,results/bob_realchannel_run_tp0.05_fk0.0_rp0.0_vd0.0_seed63_20260923_020008_301405.json,384,39,2877,34,34,True,0,False,,4.672866106033325,{},asymptotic,{},0.730475664138794,True,,21,results/bob_realchannel_run_tp0.05_fk0.0_rp0.0_vd0.0_seed63_20260923_020008_301405.json,results/alice_realchannel_run_seed63_20260923_020008_255467.json,exception: name 'PROJECT_DIR' is not defined,2026-09-23T02:00:13.358843,toeplitz,0.05,5,0.0104166666666666
0.05,0.0,0.0,0.0,64,results/bob_realchannel_run_tp0.05_fk0.0_rp0.0_vd0.0_seed64_20260923_020014_388187.json,384,39,2877,34,34,True,0,False,,2.3383312225341797,{},asymptotic,{},0.36584901809692383,True,,22,results/bob_realchannel_run_tp0.05_fk0.0_rp0.0_vd0.0_seed64_20260923_020014_388187.json,results/alice_realchannel_run_seed64_20260923_020014_384566.json,exception: name 'PROJECT_DIR' is not defined,2026-09-23T02:00:17.105593,toeplitz,0.05,5,0.0104166666666666
0.05,0.0,0.0,0.0,65,results/bob_realchannel_run_tp0.05_fk0.0_rp0.0_vd0.0_seed65_20260923_020018_163619.json,384,39,2877,34,34,True,0,False,,3.459465265274048,{},asymptotic,{},0.7188613414764404,True,,23,results/bob_realchannel_run_tp0.05_fk0.0_rp0.0_vd0.0_seed65_20260923_020018_163619.json,results/alice_realchannel_run_seed65_20260923_020018_084079.json,exception: name 'PROJECT_DIR' is not defined,2026-09-23T02:00:22.004956,toeplitz,0.05,5,0.0104166666666666
0.05,0.0,0.0,0.0,66,results/bob_realchannel_run_tp0.05_fk0.0_rp0.0_vd0.0_seed66_20260923_020023_038395.json,384,39,2877,34,34,True,0,False,,4.608013868331909,{},asymptotic,{},0.6624252796173096,True,,24,results/bob_realchannel_run_tp0.05_fk0.0_rp0.0_vd0.0_seed66_20260923_020023_038395.json,results/alice_realchannel_run_seed66_20260923_020022_993287.json,exception: name 'PROJECT_DIR' is not defined,2026-09-23T02:00:28.028927,toeplitz,0.05,5,0.0104166666666666
0.05,0.0,0.0,0.0,67,results/bob_realchannel_run_tp0.05_fk0.0_rp0.0_vd0.0_seed67_20260923_020029_051575.json,384,39,2877,34,34,True,0,False,,4.478784561157227,{},asymptotic,{},0.5134508609771729,True,,25,results/bob_realchannel_run_tp0.05_fk0.0_rp0.0_vd0.0_seed67_20260923_020029_051575.json,results/alice_realchannel_run_seed67_20260923_020029_023760.json,exception: name 'PROJECT_DIR' is not defined,2026-09-23T02:00:33.903849,toeplitz,0.05,5,0.0104166666666666
0.05,0.0,0.0,0.0,68,results/bob_realchannel_run_tp0.05_fk0.0_rp0.0_vd0.0_seed68_20260923_020034_929294.json,384,39,2877,34,34,True,0,False,,3.615931272506714,{},asymptotic,{},0.8193240165710449,True,,26,results/bob_realchannel_run_tp0.05_fk0.0_rp0.0_vd0.0_seed68_20260923_020034_929294.json,results/alice_realchannel_run_seed68_20260923_020034_885025.json,exception: name 'PROJECT_DIR' is not defined,2026-09-23T02:00:38.917872,toeplitz,0.05,5,0.0104166666666666
0.05,0.0,0.0,0.0,69,results/bob_realchannel_run_tp0.05_fk0.0_rp0.0_vd0.0_seed69_20260923_020039_943177.json,384,39,2877,34,34,True,0,False,,2.423220157623291,{},asymptotic,{},0.4438035488128662,True,,27,results/bob_realchannel_run_tp0.05_fk0.0_rp0.0_vd0.0_seed69_20260923_020039_943177.json,results/alice_realchannel_run_seed69_20260923_020039_945166.json,exception: name 'PROJECT_DIR' is not defined,2026-09-23T02:00:42.751274,toeplitz,0.05,5,0.0104166666666666
0.05,0.0,0.0,0.0,70,results/bob_realchannel_run_tp0.05_fk0.0_rp0.0_vd0.0_seed70_20260923_020043_791188.json,384,39,2877,34,34,True,0,False,,4.448206424713135,{},asymptotic,{},0.4711425304412842,True,,28,results/bob_realchannel_run_tp0.05_fk0.0_rp0.0_vd0.0_seed70_20260923_020043_791188.json,results/alice_realchannel_run_seed70_20260923_020043_776890.json,exception: name 'PROJECT_DIR' is not defined,2026-09-23T02:00:48.623573,toeplitz,0.05,5,0.0104166666666666
0.05,0.0,0.0,0.0,71,results/bob_realchannel_run_tp0.05_fk0.0_rp0.0_vd0.0_seed71_20260923_020049_631835.json,384,39,2877,34,34,True,0,False,,4.471211910247803,{},asymptotic,{},0.5065462589263916,True,,29,results/bob_realchannel_run_tp0.05_fk0.0_rp0.0_vd0.0_seed71_20260923_020049_631835.json,results/alice_realchannel_run_seed71_20260923_020049_605145.json,exception: name 'PROJECT_DIR' is not defined,2026-09-23T02:00:54.565996,toeplitz,0.05,5,0.0104166666666666
0.03,0.0,0.0,0.0,42,results/bob_realchannel_run_tp0.03_fk0.0_rp0.0_vd0.0_seed42_20260923_020055_678915.json,384,39,2877,34,34,True,0,False,,4.451961278915405,{},asymptotic,{},0.5453627109527588,True,,0,results/bob_realchannel_run_tp0.03_fk0.0_rp0.0_vd0.0_seed42_20260923_020055_678915.json,results/alice_realchannel_run_seed42_20260923_020055_595361.json,exception: name 'PROJECT_DIR' is not defined,2026-09-23T02:01:00.510881,toeplitz,0.03,5,0.0104166666666666
0.03,0.0,0.0,0.0,43,results/bob_realchannel_run_tp0.03_fk0.0_rp0.0_vd0.0_seed43_20260923_020101_533292.json,384,39,2877,34,34,True,0,False,,4.30119776725769,{},asymptotic,{},0.352510929107666,True,,1,results/bob_realchannel_run_tp0.03_fk0.0_rp0.0_vd0.0_seed43_20260923_020101_533292.json,results/alice_realchannel_run_seed43_20260923_020101_491400.json,exception: name 'PROJECT_DIR' is not defined,2026-09-23T02:01:06.217513,toeplitz,0.03,5,0.0104166666666666
0.03,0.0,0.0,0.0,44,results/bob_realchannel_run_tp0.03_fk0.0_rp0.0_vd0.0_seed44_20260923_020107_271905.json,384,39,2877,34,34,True,0,False,,4.334259271621704,{},asymptotic,{},0.4171414375305176,True,,2,results/bob_realchannel_run_tp0.03_fk0.0_rp0.0_vd0.0_seed44_20260923_020107_271905.json,results/alice_realchannel_run_seed44_20260923_020107_196229.json,exception: name 'PROJECT_DIR' is not defined,2026-09-23T02:01:11.980835,toeplitz,0.03,5,0.0104166666666666
0.03,0.0,0.0,0.0,45,results/bob_realchannel_run_tp0.03_fk0.0_rp0.0_vd0.0_seed45_20260923_020113_006822.json,384,39,2877,34,34,True,0,False,,4.379282474517822,{},asymptotic,{},0.4304065704345703,True,,3,results/bob_realchannel_run_tp0.03_fk0.0_rp0.0_vd0.0_seed45_20260923_020113_006822.json,results/alice_realchannel_run_seed45_20260923_020112_963192.json,exception: name 'PROJECT_DIR' is not defined,2026-09-23T02:01:17.771691,toeplitz,0.03,5,0.0104166666666666
0.03,0.0,0.0,0.0,46,results/bob_realchannel_run_tp0.03_fk0.0_rp0.0_vd0.0_seed46_20260923_020118_809942.json,384,39,2877,34,34,True,0,False,,4.392661809921265,{},asymptotic,{},0.45505595207214355,True,,4,results/bob_realchannel_run_tp0.03_fk0.0_rp0.0_vd0.0_seed46_20260923_020118_809942.json,results/alice_realchannel_run_seed46_20260923_020118_757392.json,exception: name 'PROJECT_DIR' is not defined,2026-09-23T02:01:23.583929,toeplitz,0.03,5,0.0104166666666666
0.03,0.0,0.0,0.0,47,results/bob_realchannel_run_tp0.03_fk0.0_rp0.0_vd0.0_seed47_20260923_020124_618874.json,384,39,2877,34,34,True,0,False,,4.739788293838501,{},asymptotic,{},0.7573356628417969,True,,5,results/bob_realchannel_run_tp0.03_fk0.0_rp0.0_vd0.0_seed47_20260923_020124_618874.json,results/alice_realchannel_run_seed47_20260923_020124_610331.json,exception: name 'PROJECT_DIR' is not defined,2026-09-23T02:01:29.739753,toeplitz,0.03,5,0.0104166666666666
0.03,0.0,0.0,0.0,48,results/bob_realchannel_run_tp0.03_fk0.0_rp0.0_vd0.0_seed48_20260923_020130_770138.json,384,39,2877,34,34,True,0,False,,2.440483331680298,{},asymptotic,{},0.4602847099304199,True,,6,results/bob_realchannel_run_tp0.03_fk0.0_rp0.0_vd0.0_seed48_20260923_020130_770138.json,results/alice_realchannel_run_seed48_20260923_020130_772498.json,exception: name 'PROJECT_DIR' is not defined,2026-09-23T02:01:33.593201,toeplitz,0.03,5,0.0104166666666666
0.03,0.0,0.0,0.0,49,results/bob_realchannel_run_tp0.03_fk0.0_rp0.0_vd0.0_seed49_20260923_020134_603110.json,384,39,2877,34,34,True,0,False,,4.455193042755127,{},asymptotic,{},0.4932229518890381,True,,7,results/bob_realchannel_run_tp0.03_fk0.0_rp0.0_vd0.0_seed49_20260923_020134_603110.json,results/alice_realchannel_run_seed49_20260923_020134_573867.json,exception: name 'PROJECT_DIR' is not defined,2026-09-23T02:01:39.437983,toeplitz,0.03,5,0.0104166666666666
0.03,0.0,0.0,0.0,50,results/bob_realchannel_run_tp0.03_fk0.0_rp0.0_vd0.0_seed50_20260923_020140_472673.json,384,39,2877,34,34,True,0,False,,4.449318170547485,{},asymptotic,{},0.46810317039489746,True,,8,results/bob_realchannel_run_tp0.03_fk0.0_rp0.0_vd0.0_seed50_20260923_020140_472673.json,results/alice_realchannel_run_seed50_20260923_020140_465256.json,exception: name 'PROJECT_DIR' is not defined,2026-09-23T02:01:45.303101,toeplitz,0.03,5,0.0104166666666666
0.03,0.0,0.0,0.0,51,results/bob_realchannel_run_tp0.03_fk0.0_rp0.0_vd0.0_seed51_20260923_020146_317354.json,384,39,2877,34,34,True,0,False,,3.740873098373413,{},asymptotic,{},0.5048038959503174,True,,9,results/bob_realchannel_run_tp0.03_fk0.0_rp0.0_vd0.0_seed51_20260923_020146_317354.json,results/alice_realchannel_run_seed51_20260923_020146_282110.json,exception: name 'PROJECT_DIR' is not defined,2026-09-23T02:01:50.438131,toeplitz,0.03,5,0.0104166666666666
0.03,0.0,0.0,0.0,52,results/bob_realchannel_run_tp0.03_fk0.0_rp0.0_vd0.0_seed52_20260923_020151_460177.json,384,39,2877,34,34,True,0,False,,2.073432207107544,{},asymptotic,{},0.5211143493652344,True,,10,results/bob_realchannel_run_tp0.03_fk0.0_rp0.0_vd0.0_seed52_20260923_020151_460177.json,results/alice_realchannel_run_seed52_20260923_020151_464910.json,exception: name 'PROJECT_DIR' is not defined,2026-09-23T02:01:53.903764,toeplitz,0.03,5,0.0104166666666666
0.03,0.0,0.0,0.0,53,results/bob_realchannel_run_tp0.03_fk0.0_rp0.0_vd0.0_seed53_20260923_020154_919893.json,384,39,2877,34,34,True,0,False,,4.594398021697998,{},asymptotic,{},0.6327531337738037,True,,11,results/bob_realchannel_run_tp0.03_fk0.0_rp0.0_vd0.0_seed53_20260923_020154_919893.json,results/alice_realchannel_run_seed53_20260923_020154_889604.json,exception: name 'PROJECT_DIR' is not defined,2026-09-23T02:01:59.886539,toeplitz,0.03,5,0.0104166666666666
0.03,0.0,0.0,0.0,54,results/bob_realchannel_run_tp0.03_fk0.0_rp0.0_vd0.0_seed54_20260923_020200_926100.json,384,39,2877,34,34,True,0,False,,4.52866530418396,{},asymptotic,{},0.5972669124603271,True,,12,results/bob_realchannel_run_tp0.03_fk0.0_rp0.0_vd0.0_seed54_20260923_020200_926100.json,results/alice_realchannel_run_seed54_20260923_020200_866512.json,exception: name 'PROJECT_DIR' is not defined,2026-09-23T02:02:05.826922,toeplitz,0.03,5,0.0104166666666666
0.03,0.0,0.0,0.0,55,results/bob_realchannel_run_tp0.03_fk0.0_rp0.0_vd0.0_seed55_20260923_020206_854298.json,384,39,2877,34,34,True,0,False,,2.0474753379821777,{'toeplitz_matrix': 1},asymptotic,{},0.5109870433807373,True,,13,results/bob_realchannel_run_tp0.03_fk0.0_rp0.0_vd0.0_seed55_20260923_020206_854298.json,results/alice_realchannel_run_seed55_20260923_020206_853392.json,exception: name 'PROJECT_DIR' is not defined,2026-09-23T02:02:09.284412,toeplitz,0.03,5,0.0104166666666666
0.03,0.0,0.0,0.0,56,results/bob_realchannel_run_tp0.03_fk0.0_rp0.0_vd0.0_seed56_20260923_020210_309887.json,384,39,2877,34,34,True,0,False,,4.552245378494263,{},asymptotic,{},0.5993854999542236,True,,14,results/bob_realchannel_run_tp0.03_fk0.0_rp0.0_vd0.0_seed56_20260923_020210_309887.json,results/alice_realchannel_run_seed56_20260923_020210_271683.json,exception: name 'PROJECT_DIR' is not defined,2026-09-23T02:02:15.243284,toeplitz,0.03,5,0.0104166666666666
0.03,0.0,0.0,0.0,57,results/bob_realchannel_run_tp0.03_fk0.0_rp0.0_vd0.0_seed57_20260923_020216_264264.json,384,39,2877,34,34,True,0,False,,2.9898672103881836,{'toeplitz_matrix': 1},asymptotic,{},0.9966061115264893,False,,15,results/bob_realchannel_run_tp0.03_fk0.0_rp0.0_vd0.0_seed57_20260923_020216_264264.json,results/alice_realchannel_run_seed57_20260923_020216_279875.json,exception: name 'PROJECT_DIR' is not defined,2026-09-23T02:02:19.634911,toeplitz,0.03,5,0.0104166666666666
0.03,0.0,0.0,0.0,58,results/bob_realchannel_run_tp0.03_fk0.0_rp0.0_vd0.0_seed58_20260923_020220_660147.json,384,39,2877,34,34,True,0,False,,4.554159164428711,{},asymptotic,{},0.5993225574493408,True,,16,results/bob_realchannel_run_tp0.03_fk0.0_rp0.0_vd0.0_seed58_20260923_020220_660147.json,results/alice_realchannel_run_seed58_20260923_020220_623272.json,exception: name 'PROJECT_DIR' is not defined,2026-09-23T02:02:25.600318,toeplitz,0.03,5,0.0104166666666666
0.03,0.0,0.0,0.0,59,results/bob_realchannel_run_tp0.03_fk0.0_rp0.0_vd0.0_seed59_20260923_020226_636578.json,384,39,2877,34,34,True,0,False,,3.9701390266418457,{},asymptotic,{},0.4429471492767334,True,,17,results/bob_realchannel_run_tp0.03_fk0.0_rp0.0_vd0.0_seed59_20260923_020226_636578.json,results/alice_realchannel_run_seed59_20260923_020226_622736.json,exception: name 'PROJECT_DIR' is not defined,2026-09-23T02:02:30.986966,toeplitz,0.03,5,0.0104166666666666
0.03,0.0,0.0,0.0,60,results/bob_realchannel_run_tp0.03_fk0.0_rp0.0_vd0.0_seed60_20260923_020232_017632.json,384,39,2877,34,34,True,0,False,,4.284946441650391,{},asymptotic,{},0.3388364315032959,True,,18,results/bob_realchannel_run_tp0.03_fk0.0_rp0.0_vd0.0_seed60_20260923_020232_017632.json,results/alice_realchannel_run_seed60_20260923_020231_970687.json,exception: name 'PROJECT_DIR' is not defined,2026-09-23T02:02:36.683711,toeplitz,0.03,5,0.0104166666666666
0.03,0.0,0.0,0.0,61,results/bob_realchannel_run_tp0.03_fk0.0_rp0.0_vd0.0_seed61_20260923_020237_798129.json,384,39,2877,34,34,True,0,False,,4.592411279678345,{},asymptotic,{},0.6889605522155762,True,,19,results/bob_realchannel_run_tp0.03_fk0.0_rp0.0_vd0.0_seed61_20260923_020237_798129.json,results/alice_realchannel_run_seed61_20260923_020237_710826.json,exception: name 'PROJECT_DIR' is not defined,2026-09-23T02:02:42.791312,toeplitz,0.03,5,0.0104166666666666
0.03,0.0,0.0,0.0,62,results/bob_realchannel_run_tp0.03_fk0.0_rp0.0_vd0.0_seed62_20260923_020243_813897.json,384,39,2877,34,34,True,0,False,,4.456695079803467,{},asymptotic,{},0.5074303150177002,True,,20,results/bob_realchannel_run_tp0.03_fk0.0_rp0.0_vd0.0_seed62_20260923_020243_813897.json,results/alice_realchannel_run_seed62_20260923_020243_772764.json,exception: name 'PROJECT_DIR' is not defined,2026-09-23T02:02:48.653038,toeplitz,0.03,5,0.0104166666666666
0.03,0.0,0.0,0.0,63,results/bob_realchannel_run_tp0.03_fk0.0_rp0.0_vd0.0_seed63_20260923_020249_689211.json,384,39,2877,34,34,True,0,False,,4.721009969711304,{},asymptotic,{},0.7381274700164795,True,,21,results/bob_realchannel_run_tp0.03_fk0.0_rp0.0_vd0.0_seed63_20260923_020249_689211.json,results/alice_realchannel_run_seed63_20260923_020249_680392.json,exception: name 'PROJECT_DIR' is not defined,2026-09-23T02:02:54.794670,toeplitz,0.03,5,0.0104166666666666
0.03,0.0,0.0,0.0,64,results/bob_realchannel_run_tp0.03_fk0.0_rp0.0_vd0.0_seed64_20260923_020255_818702.json,384,39,2877,34,34,True,0,False,,4.3113720417022705,{},asymptotic,{},0.3627800941467285,True,,22,results/bob_realchannel_run_tp0.03_fk0.0_rp0.0_vd0.0_seed64_20260923_020255_818702.json,results/alice_realchannel_run_seed64_20260923_020255_776376.json,exception: name 'PROJECT_DIR' is not defined,2026-09-23T02:03:00.508695,toeplitz,0.03,5,0.0104166666666666
0.03,0.0,0.0,0.0,65,results/bob_realchannel_run_tp0.03_fk0.0_rp0.0_vd0.0_seed65_20260923_020301_539874.json,384,39,2877,34,34,True,0,False,,2.6863207817077637,{},asymptotic,{},0.7162575721740723,True,,23,results/bob_realchannel_run_tp0.03_fk0.0_rp0.0_vd0.0_seed65_20260923_020301_539874.json,results/alice_realchannel_run_seed65_20260923_020301_535438.json,exception: name 'PROJECT_DIR' is not defined,2026-09-23T02:03:04.607368,toeplitz,0.03,5,0.0104166666666666
0.03,0.0,0.0,0.0,66,results/bob_realchannel_run_tp0.03_fk0.0_rp0.0_vd0.0_seed66_20260923_020305_650259.json,384,39,2877,34,34,True,0,False,,4.595904111862183,{},asymptotic,{},0.6626582145690918,True,,24,results/bob_realchannel_run_tp0.03_fk0.0_rp0.0_vd0.0_seed66_20260923_020305_650259.json,results/alice_realchannel_run_seed66_20260923_020305_592107.json,exception: name 'PROJECT_DIR' is not defined,2026-09-23T02:03:10.628684,toeplitz,0.03,5,0.0104166666666666
0.03,0.0,0.0,0.0,67,results/bob_realchannel_run_tp0.03_fk0.0_rp0.0_vd0.0_seed67_20260923_020311_650735.json,384,39,2877,34,34,True,0,False,,3.2961902618408203,{},asymptotic,{},0.5065546035766602,True,,25,results/bob_realchannel_run_tp0.03_fk0.0_rp0.0_vd0.0_seed67_20260923_020311_650735.json,results/alice_realchannel_run_seed67_20260923_020311_618301.json,exception: name 'PROJECT_DIR' is not defined,2026-09-23T02:03:15.317268,toeplitz,0.03,5,0.0104166666666666
0.03,0.0,0.0,0.0,68,results/bob_realchannel_run_tp0.03_fk0.0_rp0.0_vd0.0_seed68_20260923_020316_365164.json,384,39,2877,34,34,True,0,False,,4.789293050765991,{},asymptotic,{},0.8170287609100342,True,,26,results/bob_realchannel_run_tp0.03_fk0.0_rp0.0_vd0.0_seed68_20260923_020316_365164.json,results/alice_realchannel_run_seed68_20260923_020316_344115.json,exception: name 'PROJECT_DIR' is not defined,2026-09-23T02:03:21.534485,toeplitz,0.03,5,0.0104166666666666
0.03,0.0,0.0,0.0,69,results/bob_realchannel_run_tp0.03_fk0.0_rp0.0_vd0.0_seed69_20260923_020322_572485.json,384,39,2877,34,34,True,0,False,,4.373733043670654,{},asymptotic,{},0.44406914710998535,True,,27,results/bob_realchannel_run_tp0.03_fk0.0_rp0.0_vd0.0_seed69_20260923_020322_572485.json,results/alice_realchannel_run_seed69_20260923_020322_512732.json,exception: name 'PROJECT_DIR' is not defined,2026-09-23T02:03:27.325947,toeplitz,0.03,5,0.0104166666666666
0.03,0.0,0.0,0.0,70,results/bob_realchannel_run_tp0.03_fk0.0_rp0.0_vd0.0_seed70_20260923_020328_367887.json,384,39,2877,34,34,True,0,False,,4.442552089691162,{},asymptotic,{},0.4717421531677246,True,,28,results/bob_realchannel_run_tp0.03_fk0.0_rp0.0_vd0.0_seed70_20260923_020328_367887.json,results/alice_realchannel_run_seed70_20260923_020328_349328.json,exception: name 'PROJECT_DIR' is not defined,2026-09-23T02:03:33.199614,toeplitz,0.03,5,0.0104166666666666
0.03,0.0,0.0,0.0,71,results/bob_realchannel_run_tp0.03_fk0.0_rp0.0_vd0.0_seed71_20260923_020334_251075.json,384,39,2877,34,34,True,0,False,,4.431811332702637,{},asymptotic,{},0.5081479549407959,True,,29,results/bob_realchannel_run_tp0.03_fk0.0_rp0.0_vd0.0_seed71_20260923_020334_251075.json,results/alice_realchannel_run_seed71_20260923_020334_182779.json,exception: name 'PROJECT_DIR' is not defined,2026-09-23T02:03:39.068227,toeplitz,0.03,5,0.0104166666666666
0.01,0.0,0.0,0.0,42,results/bob_realchannel_run_tp0.01_fk0.0_rp0.0_vd0.0_seed42_20260923_020340_108795.json,384,39,2877,34,34,True,0,False,,3.1646997928619385,{},asymptotic,{},0.5472366809844971,True,,0,results/bob_realchannel_run_tp0.01_fk0.0_rp0.0_vd0.0_seed42_20260923_020340_108795.json,results/alice_realchannel_run_seed42_20260923_020340_093088.json,exception: name 'PROJECT_DIR' is not defined,2026-09-23T02:03:43.720004,toeplitz,0.01,5,0.0104166666666666
0.01,0.0,0.0,0.0,43,results/bob_realchannel_run_tp0.01_fk0.0_rp0.0_vd0.0_seed43_20260923_020344_746680.json,384,39,2877,34,34,True,0,False,,2.3313424587249756,{},asymptotic,{},0.3530271053314209,True,,1,results/bob_realchannel_run_tp0.01_fk0.0_rp0.0_vd0.0_seed43_20260923_020344_746680.json,results/alice_realchannel_run_seed43_20260923_020344_747560.json,exception: name 'PROJECT_DIR' is not defined,2026-09-23T02:03:47.464023,toeplitz,0.01,5,0.0104166666666666
0.01,0.0,0.0,0.0,44,results/bob_realchannel_run_tp0.01_fk0.0_rp0.0_vd0.0_seed44_20260923_020348_506612.json,384,39,2877,34,34,True,0,False,,2.7828643321990967,{},asymptotic,{},0.4136204719543457,True,,2,results/bob_realchannel_run_tp0.01_fk0.0_rp0.0_vd0.0_seed44_20260923_020348_506612.json,results/alice_realchannel_run_seed44_20260923_020348_488647.json,exception: name 'PROJECT_DIR' is not defined,2026-09-23T02:03:51.669851,toeplitz,0.01,5,0.0104166666666666
0.01,0.0,0.0,0.0,45,results/bob_realchannel_run_tp0.01_fk0.0_rp0.0_vd0.0_seed45_20260923_020352_702354.json,384,39,2877,34,34,True,0,False,,3.2004523277282715,{},asymptotic,{},0.43091750144958496,True,,3,results/bob_realchannel_run_tp0.01_fk0.0_rp0.0_vd0.0_seed45_20260923_020352_702354.json,results/alice_realchannel_run_seed45_20260923_020352_651911.json,exception: name 'PROJECT_DIR' is not defined,2026-09-23T02:03:56.282926,toeplitz,0.01,5,0.0104166666666666
0.01,0.0,0.0,0.0,46,results/bob_realchannel_run_tp0.01_fk0.0_rp0.0_vd0.0_seed46_20260923_020357_322104.json,384,39,2877,34,34,True,0,False,,4.440176725387573,{},asymptotic,{},0.45754098892211914,True,,4,results/bob_realchannel_run_tp0.01_fk0.0_rp0.0_vd0.0_seed46_20260923_020357_322104.json,results/alice_realchannel_run_seed46_20260923_020357_312074.json,exception: name 'PROJECT_DIR' is not defined,2026-09-23T02:04:02.144798,toeplitz,0.01,5,0.0104166666666666
0.01,0.0,0.0,0.0,47,results/bob_realchannel_run_tp0.01_fk0.0_rp0.0_vd0.0_seed47_20260923_020403_184363.json,384,39,2877,34,34,True,0,False,,4.730300664901733,{},asymptotic,{},0.7569453716278076,True,,5,results/bob_realchannel_run_tp0.01_fk0.0_rp0.0_vd0.0_seed47_20260923_020403_184363.json,results/alice_realchannel_run_seed47_20260923_020403_166788.json,exception: name 'PROJECT_DIR' is not defined,2026-09-23T02:04:08.295188,toeplitz,0.01,5,0.0104166666666666
0.01,0.0,0.0,0.0,48,results/bob_realchannel_run_tp0.01_fk0.0_rp0.0_vd0.0_seed48_20260923_020409_344513.json,384,39,2877,34,34,True,0,False,,4.409929990768433,{},asymptotic,{},0.4440274238586426,True,,6,results/bob_realchannel_run_tp0.01_fk0.0_rp0.0_vd0.0_seed48_20260923_020409_344513.json,results/alice_realchannel_run_seed48_20260923_020409_320585.json,exception: name 'PROJECT_DIR' is not defined,2026-09-23T02:04:14.138760,toeplitz,0.01,5,0.0104166666666666
0.01,0.0,0.0,0.0,49,results/bob_realchannel_run_tp0.01_fk0.0_rp0.0_vd0.0_seed49_20260923_020415_172225.json,384,39,2877,34,34,True,0,False,,4.482708930969238,{},asymptotic,{},0.49657344818115234,True,,7,results/bob_realchannel_run_tp0.01_fk0.0_rp0.0_vd0.0_seed49_20260923_020415_172225.json,results/alice_realchannel_run_seed49_20260923_020415_164929.json,exception: name 'PROJECT_DIR' is not defined,2026-09-23T02:04:20.039356,toeplitz,0.01,5,0.0104166666666666
0.01,0.0,0.0,0.0,50,results/bob_realchannel_run_tp0.01_fk0.0_rp0.0_vd0.0_seed50_20260923_020421_076428.json,384,39,2877,34,34,True,0,False,,4.449914932250977,{},asymptotic,{},0.4719865322113037,True,,8,results/bob_realchannel_run_tp0.01_fk0.0_rp0.0_vd0.0_seed50_20260923_020421_076428.json,results/alice_realchannel_run_seed50_20260923_020421_063543.json,exception: name 'PROJECT_DIR' is not defined,2026-09-23T02:04:25.898965,toeplitz,0.01,5,0.0104166666666666
0.01,0.0,0.0,0.0,51,results/bob_realchannel_run_tp0.01_fk0.0_rp0.0_vd0.0_seed51_20260923_020426_939701.json,384,39,2877,34,34,True,0,False,,4.482578277587891,{},asymptotic,{},0.5078399181365967,True,,9,results/bob_realchannel_run_tp0.01_fk0.0_rp0.0_vd0.0_seed51_20260923_020426_939701.json,results/alice_realchannel_run_seed51_20260923_020426_923114.json,exception: name 'PROJECT_DIR' is not defined,2026-09-23T02:04:31.802316,toeplitz,0.01,5,0.0104166666666666
0.01,0.0,0.0,0.0,52,results/bob_realchannel_run_tp0.01_fk0.0_rp0.0_vd0.0_seed52_20260923_020432_836323.json,384,39,2877,34,34,True,0,False,,4.5020036697387695,{},asymptotic,{},0.5233409404754639,True,,10,results/bob_realchannel_run_tp0.01_fk0.0_rp0.0_vd0.0_seed52_20260923_020432_836323.json,results/alice_realchannel_run_seed52_20260923_020432_824883.json,exception: name 'PROJECT_DIR' is not defined,2026-09-23T02:04:37.721474,toeplitz,0.01,5,0.0104166666666666
0.01,0.0,0.0,0.0,53,results/bob_realchannel_run_tp0.01_fk0.0_rp0.0_vd0.0_seed53_20260923_020438_760137.json,384,39,2877,34,34,True,0,False,,4.566704034805298,{},asymptotic,{},0.6351988315582275,True,,11,results/bob_realchannel_run_tp0.01_fk0.0_rp0.0_vd0.0_seed53_20260923_020438_760137.json,results/alice_realchannel_run_seed53_20260923_020438_701369.json,exception: name 'PROJECT_DIR' is not defined,2026-09-23T02:04:43.708800,toeplitz,0.01,5,0.0104166666666666
0.01,0.0,0.0,0.0,54,results/bob_realchannel_run_tp0.01_fk0.0_rp0.0_vd0.0_seed54_20260923_020444_740205.json,384,39,2877,34,34,True,0,False,,2.5700693130493164,{},asymptotic,{},0.5998632907867432,True,,12,results/bob_realchannel_run_tp0.01_fk0.0_rp0.0_vd0.0_seed54_20260923_020444_740205.json,results/alice_realchannel_run_seed54_20260923_020444_735285.json,exception: name 'PROJECT_DIR' is not defined,2026-09-23T02:04:47.693371,toeplitz,0.01,5,0.0104166666666666
0.01,0.0,0.0,0.0,55,results/bob_realchannel_run_tp0.01_fk0.0_rp0.0_vd0.0_seed55_20260923_020448_911816.json,384,39,2877,34,34,True,0,False,,4.266256809234619,{},asymptotic,{},0.5074210166931152,True,,13,results/bob_realchannel_run_tp0.01_fk0.0_rp0.0_vd0.0_seed55_20260923_020448_911816.json,results/alice_realchannel_run_seed55_20260923_020448_677521.json,exception: name 'PROJECT_DIR' is not defined,2026-09-23T02:04:53.680795,toeplitz,0.01,5,0.0104166666666666
0.01,0.0,0.0,0.0,56,results/bob_realchannel_run_tp0.01_fk0.0_rp0.0_vd0.0_seed56_20260923_020454_856312.json,384,39,2877,34,34,True,0,False,,4.438472032546997,{},asymptotic,{},0.5977780818939209,True,,14,results/bob_realchannel_run_tp0.01_fk0.0_rp0.0_vd0.0_seed56_20260923_020454_856312.json,results/alice_realchannel_run_seed56_20260923_020454_703523.json,exception: name 'PROJECT_DIR' is not defined,2026-09-23T02:04:59.751145,toeplitz,0.01,5,0.0104166666666666
0.01,0.0,0.0,0.0,57,results/bob_realchannel_run_tp0.01_fk0.0_rp0.0_vd0.0_seed57_20260923_020500_940457.json,384,39,2877,34,34,True,0,False,,4.778409242630005,{'toeplitz_matrix': 1},asymptotic,{},0.9980452060699463,False,,15,results/bob_realchannel_run_tp0.01_fk0.0_rp0.0_vd0.0_seed57_20260923_020500_940457.json,results/alice_realchannel_run_seed57_20260923_020500_729980.json,exception: name 'PROJECT_DIR' is not defined,2026-09-23T02:05:06.167890,toeplitz,0.01,5,0.0104166666666666
0.01,0.0,0.0,0.0,58,results/bob_realchannel_run_tp0.01_fk0.0_rp0.0_vd0.0_seed58_20260923_020507_270656.json,384,39,2877,34,34,True,0,False,,4.500635623931885,{},asymptotic,{},0.600837230682373,True,,16,results/bob_realchannel_run_tp0.01_fk0.0_rp0.0_vd0.0_seed58_20260923_020507_270656.json,results/alice_realchannel_run_seed58_20260923_020507_178408.json,exception: name 'PROJECT_DIR' is not defined,2026-09-23T02:05:12.190146,toeplitz,0.01,5,0.0104166666666666
0.01,0.0,0.0,0.0,59,results/bob_realchannel_run_tp0.01_fk0.0_rp0.0_vd0.0_seed59_20260923_020513_241384.json,384,39,2877,34,34,True,0,False,,4.41343092918396,{},asymptotic,{},0.4464528560638428,True,,17,results/bob_realchannel_run_tp0.01_fk0.0_rp0.0_vd0.0_seed59_20260923_020513_241384.json,results/alice_realchannel_run_seed59_20260923_020513_215270.json,exception: name 'PROJECT_DIR' is not defined,2026-09-23T02:05:18.033699,toeplitz,0.01,5,0.0104166666666666
0.01,0.0,0.0,0.0,60,results/bob_realchannel_run_tp0.01_fk0.0_rp0.0_vd0.0_seed60_20260923_020519_156177.json,384,39,2877,34,34,True,0,False,,4.233997583389282,{},asymptotic,{},0.3396446704864502,True,,18,results/bob_realchannel_run_tp0.01_fk0.0_rp0.0_vd0.0_seed60_20260923_020519_156177.json,results/alice_realchannel_run_seed60_20260923_020519_061056.json,exception: name 'PROJECT_DIR' is not defined,2026-09-23T02:05:23.771119,toeplitz,0.01,5,0.0104166666666666
0.01,0.0,0.0,0.0,61,results/bob_realchannel_run_tp0.01_fk0.0_rp0.0_vd0.0_seed61_20260923_020524_799114.json,384,39,2877,34,34,True,0,False,,4.635306358337402,{},asymptotic,{},0.6887173652648926,True,,19,results/bob_realchannel_run_tp0.01_fk0.0_rp0.0_vd0.0_seed61_20260923_020524_799114.json,results/alice_realchannel_run_seed61_20260923_020524_754431.json,exception: name 'PROJECT_DIR' is not defined,2026-09-23T02:05:29.812579,toeplitz,0.01,5,0.0104166666666666
0.01,0.0,0.0,0.0,62,results/bob_realchannel_run_tp0.01_fk0.0_rp0.0_vd0.0_seed62_20260923_020530_864946.json,384,39,2877,34,34,True,0,False,,4.430011510848999,{},asymptotic,{},0.508120059967041,True,,20,results/bob_realchannel_run_tp0.01_fk0.0_rp0.0_vd0.0_seed62_20260923_020530_864946.json,results/alice_realchannel_run_seed62_20260923_020530_794373.json,exception: name 'PROJECT_DIR' is not defined,2026-09-23T02:05:35.682036,toeplitz,0.01,5,0.0104166666666666
0.01,0.0,0.0,0.0,63,results/bob_realchannel_run_tp0.01_fk0.0_rp0.0_vd0.0_seed63_20260923_020536_753538.json,384,39,2877,34,34,True,0,False,,4.632735013961792,{},asymptotic,{},0.7309460639953613,True,,21,results/bob_realchannel_run_tp0.01_fk0.0_rp0.0_vd0.0_seed63_20260923_020536_753538.json,results/alice_realchannel_run_seed63_20260923_020536_668221.json,exception: name 'PROJECT_DIR' is not defined,2026-09-23T02:05:41.764706,toeplitz,0.01,5,0.0104166666666666
0.01,0.0,0.0,0.0,64,results/bob_realchannel_run_tp0.01_fk0.0_rp0.0_vd0.0_seed64_20260923_020542_776677.json,384,39,2877,34,34,True,0,False,,4.322150945663452,{},asymptotic,{},0.365598201751709,True,,22,results/bob_realchannel_run_tp0.01_fk0.0_rp0.0_vd0.0_seed64_20260923_020542_776677.json,results/alice_realchannel_run_seed64_20260923_020542_744614.json,exception: name 'PROJECT_DIR' is not defined,2026-09-23T02:05:47.485596,toeplitz,0.01,5,0.0104166666666666
0.01,0.0,0.0,0.0,65,results/bob_realchannel_run_tp0.01_fk0.0_rp0.0_vd0.0_seed65_20260923_020548_561132.json,384,39,2877,34,34,True,0,False,,4.613370895385742,{},asymptotic,{},0.7170369625091553,True,,23,results/bob_realchannel_run_tp0.01_fk0.0_rp0.0_vd0.0_seed65_20260923_020548_561132.json,results/alice_realchannel_run_seed65_20260923_020548_466260.json,exception: name 'PROJECT_DIR' is not defined,2026-09-23T02:05:53.553556,toeplitz,0.01,5,0.0104166666666666
0.01,0.0,0.0,0.0,66,results/bob_realchannel_run_tp0.01_fk0.0_rp0.0_vd0.0_seed66_20260923_020554_575593.json,384,39,2877,34,34,True,0,False,,4.615265607833862,{},asymptotic,{},0.6623339653015137,True,,24,results/bob_realchannel_run_tp0.01_fk0.0_rp0.0_vd0.0_seed66_20260923_020554_575593.json,results/alice_realchannel_run_seed66_20260923_020554_535238.json,exception: name 'PROJECT_DIR' is not defined,2026-09-23T02:05:59.570144,toeplitz,0.01,5,0.0104166666666666
0.01,0.0,0.0,0.0,67,results/bob_realchannel_run_tp0.01_fk0.0_rp0.0_vd0.0_seed67_20260923_020600_639700.json,384,39,2877,34,34,True,0,False,,4.414681434631348,{},asymptotic,{},0.508441686630249,True,,25,results/bob_realchannel_run_tp0.01_fk0.0_rp0.0_vd0.0_seed67_20260923_020600_639700.json,results/alice_realchannel_run_seed67_20260923_020600_554286.json,exception: name 'PROJECT_DIR' is not defined,2026-09-23T02:06:05.434202,toeplitz,0.01,5,0.0104166666666666
0.01,0.0,0.0,0.0,68,results/bob_realchannel_run_tp0.01_fk0.0_rp0.0_vd0.0_seed68_20260923_020606_465690.json,384,39,2877,34,34,True,0,False,,3.129235029220581,{},asymptotic,{},0.8160860538482666,True,,26,results/bob_realchannel_run_tp0.01_fk0.0_rp0.0_vd0.0_seed68_20260923_020606_465690.json,results/alice_realchannel_run_seed68_20260923_020606_422426.json,exception: name 'PROJECT_DIR' is not defined,2026-09-23T02:06:09.965119,toeplitz,0.01,5,0.0104166666666666
0.01,0.0,0.0,0.0,69,results/bob_realchannel_run_tp0.01_fk0.0_rp0.0_vd0.0_seed69_20260923_020611_013249.json,384,39,2877,34,34,True,0,False,,4.369677305221558,{},asymptotic,{},0.4420051574707031,True,,27,results/bob_realchannel_run_tp0.01_fk0.0_rp0.0_vd0.0_seed69_20260923_020611_013249.json,results/alice_realchannel_run_seed69_20260923_020610_950033.json,exception: name 'PROJECT_DIR' is not defined,2026-09-23T02:06:15.763568,toeplitz,0.01,5,0.0104166666666666
0.01,0.0,0.0,0.0,70,results/bob_realchannel_run_tp0.01_fk0.0_rp0.0_vd0.0_seed70_20260923_020616_798504.json,384,39,2877,34,34,True,0,False,,3.082523822784424,{},asymptotic,{},0.4699685573577881,True,,28,results/bob_realchannel_run_tp0.01_fk0.0_rp0.0_vd0.0_seed70_20260923_020616_798504.json,results/alice_realchannel_run_seed70_20260923_020616_745834.json,exception: name 'PROJECT_DIR' is not defined,2026-09-23T02:06:20.261937,toeplitz,0.01,5,0.0104166666666666
0.01,0.0,0.0,0.0,71,results/bob_realchannel_run_tp0.01_fk0.0_rp0.0_vd0.0_seed71_20260923_020621_280968.json,384,39,2877,34,34,True,0,False,,4.005465030670166,{},asymptotic,{},0.5072829723358154,True,,29,results/bob_realchannel_run_tp0.01_fk0.0_rp0.0_vd0.0_seed71_20260923_020621_280968.json,results/alice_realchannel_run_seed71_20260923_020621_241408.json,exception: name 'PROJECT_DIR' is not defined,2026-09-23T02:06:25.668064,toeplitz,0.01,5,0.0104166666666666
0.003,0.0,0.0,0.0,42,results/bob_realchannel_run_tp0.003_fk0.0_rp0.0_vd0.0_seed42_20260923_020626_889690.json,384,39,2877,34,34,True,0,False,,4.300781965255737,{},asymptotic,{},0.5467045307159424,True,,0,results/bob_realchannel_run_tp0.003_fk0.0_rp0.0_vd0.0_seed42_20260923_020626_889690.json,results/alice_realchannel_run_seed42_20260923_020626_648453.json,exception: name 'PROJECT_DIR' is not defined,2026-09-23T02:06:31.571629,toeplitz,0.003,5,0.0104166666666666
0.003,0.0,0.0,0.0,43,results/bob_realchannel_run_tp0.003_fk0.0_rp0.0_vd0.0_seed43_20260923_020632_611471.json,384,39,2877,34,34,True,0,False,,4.2870283126831055,{},asymptotic,{},0.3536365032196045,True,,1,results/bob_realchannel_run_tp0.003_fk0.0_rp0.0_vd0.0_seed43_20260923_020632_611471.json,results/alice_realchannel_run_seed43_20260923_020632_554692.json,exception: name 'PROJECT_DIR' is not defined,2026-09-23T02:06:37.297606,toeplitz,0.003,5,0.0104166666666666
0.003,0.0,0.0,0.0,44,results/bob_realchannel_run_tp0.003_fk0.0_rp0.0_vd0.0_seed44_20260923_020638_347142.json,384,39,2877,34,34,True,0,False,,4.3594887256622314,{},asymptotic,{},0.4203934669494629,True,,2,results/bob_realchannel_run_tp0.003_fk0.0_rp0.0_vd0.0_seed44_20260923_020638_347142.json,results/alice_realchannel_run_seed44_20260923_020638_295488.json,exception: name 'PROJECT_DIR' is not defined,2026-09-23T02:06:43.106682,toeplitz,0.003,5,0.0104166666666666
0.003,0.0,0.0,0.0,45,results/bob_realchannel_run_tp0.003_fk0.0_rp0.0_vd0.0_seed45_20260923_020644_144136.json,384,39,2877,34,34,True,0,False,,4.374870538711548,{},asymptotic,{},0.43389225006103516,True,,3,results/bob_realchannel_run_tp0.003_fk0.0_rp0.0_vd0.0_seed45_20260923_020644_144136.json,results/alice_realchannel_run_seed45_20260923_020644_094530.json,exception: name 'PROJECT_DIR' is not defined,2026-09-23T02:06:48.933279,toeplitz,0.003,5,0.0104166666666666
0.003,0.0,0.0,0.0,46,results/bob_realchannel_run_tp0.003_fk0.0_rp0.0_vd0.0_seed46_20260923_020649_972270.json,384,39,2877,34,34,True,0,False,,3.9502639770507812,{},asymptotic,{},0.45907139778137207,True,,4,results/bob_realchannel_run_tp0.003_fk0.0_rp0.0_vd0.0_seed46_20260923_020649_972270.json,results/alice_realchannel_run_seed46_20260923_020649_925196.json,exception: name 'PROJECT_DIR' is not defined,2026-09-23T02:06:54.325347,toeplitz,0.003,5,0.0104166666666666
0.003,0.0,0.0,0.0,47,results/bob_realchannel_run_tp0.003_fk0.0_rp0.0_vd0.0_seed47_20260923_020655_364883.json,384,39,2877,34,34,True,0,False,,4.697731256484985,{},asymptotic,{},0.7607076168060303,True,,5,results/bob_realchannel_run_tp0.003_fk0.0_rp0.0_vd0.0_seed47_20260923_020655_364883.json,results/alice_realchannel_run_seed47_20260923_020655_310900.json,exception: name 'PROJECT_DIR' is not defined,2026-09-23T02:07:00.462850,toeplitz,0.003,5,0.0104166666666666
0.003,0.0,0.0,0.0,48,results/bob_realchannel_run_tp0.003_fk0.0_rp0.0_vd0.0_seed48_20260923_020701_503333.json,384,39,2877,34,34,True,0,False,,4.382959365844727,{},asymptotic,{},0.4441683292388916,True,,6,results/bob_realchannel_run_tp0.003_fk0.0_rp0.0_vd0.0_seed48_20260923_020701_503333.json,results/alice_realchannel_run_seed48_20260923_020701_449485.json,exception: name 'PROJECT_DIR' is not defined,2026-09-23T02:07:06.288708,toeplitz,0.003,5,0.0104166666666666
0.003,0.0,0.0,0.0,49,results/bob_realchannel_run_tp0.003_fk0.0_rp0.0_vd0.0_seed49_20260923_020707_341195.json,384,39,2877,34,34,True,0,False,,3.745443344116211,{},asymptotic,{},0.4942760467529297,True,,7,results/bob_realchannel_run_tp0.003_fk0.0_rp0.0_vd0.0_seed49_20260923_020707_341195.json,results/alice_realchannel_run_seed49_20260923_020707_320886.json,exception: name 'PROJECT_DIR' is not defined,2026-09-23T02:07:11.487830,toeplitz,0.003,5,0.0104166666666666
0.003,0.0,0.0,0.0,50,results/bob_realchannel_run_tp0.003_fk0.0_rp0.0_vd0.0_seed50_20260923_020712_550011.json,384,39,2877,34,34,True,0,False,,4.432543754577637,{},asymptotic,{},0.4673800468444824,True,,8,results/bob_realchannel_run_tp0.003_fk0.0_rp0.0_vd0.0_seed50_20260923_020712_550011.json,results/alice_realchannel_run_seed50_20260923_020712_522067.json,exception: name 'PROJECT_DIR' is not defined,2026-09-23T02:07:17.383233,toeplitz,0.003,5,0.0104166666666666
0.003,0.0,0.0,0.0,51,results/bob_realchannel_run_tp0.003_fk0.0_rp0.0_vd0.0_seed51_20260923_020718_432631.json,384,39,2877,34,34,True,0,False,,4.474351644515991,{},asymptotic,{},0.5054974555969238,True,,9,results/bob_realchannel_run_tp0.003_fk0.0_rp0.0_vd0.0_seed51_20260923_020718_432631.json,results/alice_realchannel_run_seed51_20260923_020718_411133.json,exception: name 'PROJECT_DIR' is not defined,2026-09-23T02:07:23.306669,toeplitz,0.003,5,0.0104166666666666
0.003,0.0,0.0,0.0,52,results/bob_realchannel_run_tp0.003_fk0.0_rp0.0_vd0.0_seed52_20260923_020724_376144.json,384,39,2877,34,34,True,0,False,,4.474926948547363,{},asymptotic,{},0.5219464302062988,True,,10,results/bob_realchannel_run_tp0.003_fk0.0_rp0.0_vd0.0_seed52_20260923_020724_376144.json,results/alice_realchannel_run_seed52_20260923_020724_336348.json,exception: name 'PROJECT_DIR' is not defined,2026-09-23T02:07:29.250157,toeplitz,0.003,5,0.0104166666666666
0.003,0.0,0.0,0.0,53,results/bob_realchannel_run_tp0.003_fk0.0_rp0.0_vd0.0_seed53_20260923_020730_287025.json,384,39,2877,34,34,True,0,False,,4.6114325523376465,{},asymptotic,{},0.6347918510437012,True,,11,results/bob_realchannel_run_tp0.003_fk0.0_rp0.0_vd0.0_seed53_20260923_020730_287025.json,results/alice_realchannel_run_seed53_20260923_020730_272067.json,exception: name 'PROJECT_DIR' is not defined,2026-09-23T02:07:35.298685,toeplitz,0.003,5,0.0104166666666666
0.003,0.0,0.0,0.0,54,results/bob_realchannel_run_tp0.003_fk0.0_rp0.0_vd0.0_seed54_20260923_020736_359783.json,384,39,2877,34,34,True,0,False,,4.107239007949829,{},asymptotic,{},0.6012141704559326,True,,12,results/bob_realchannel_run_tp0.003_fk0.0_rp0.0_vd0.0_seed54_20260923_020736_359783.json,results/alice_realchannel_run_seed54_20260923_020736_325734.json,exception: name 'PROJECT_DIR' is not defined,2026-09-23T02:07:40.855397,toeplitz,0.003,5,0.0104166666666666
0.003,0.0,0.0,0.0,55,results/bob_realchannel_run_tp0.003_fk0.0_rp0.0_vd0.0_seed55_20260923_020741_920028.json,384,39,2877,34,34,True,0,False,,4.462653398513794,{},asymptotic,{},0.5063014030456543,True,,13,results/bob_realchannel_run_tp0.003_fk0.0_rp0.0_vd0.0_seed55_20260923_020741_920028.json,results/alice_realchannel_run_seed55_20260923_020741_885995.json,exception: name 'PROJECT_DIR' is not defined,2026-09-23T02:07:46.781602,toeplitz,0.003,5,0.0104166666666666
0.003,0.0,0.0,0.0,56,results/bob_realchannel_run_tp0.003_fk0.0_rp0.0_vd0.0_seed56_20260923_020747_869142.json,384,39,2877,34,34,True,0,False,,4.490185976028442,{},asymptotic,{},0.5998547077178955,True,,14,results/bob_realchannel_run_tp0.003_fk0.0_rp0.0_vd0.0_seed56_20260923_020747_869142.json,results/alice_realchannel_run_seed56_20260923_020747_768350.json,exception: name 'PROJECT_DIR' is not defined,2026-09-23T02:07:52.761236,toeplitz,0.003,5,0.0104166666666666
0.003,0.0,0.0,0.0,57,results/bob_realchannel_run_tp0.003_fk0.0_rp0.0_vd0.0_seed57_20260923_020753_812048.json,384,39,2877,34,34,True,0,False,,4.934855222702026,{},asymptotic,{},0.9977176189422607,True,,15,results/bob_realchannel_run_tp0.003_fk0.0_rp0.0_vd0.0_seed57_20260923_020753_812048.json,results/alice_realchannel_run_seed57_20260923_020753_757659.json,exception: name 'PROJECT_DIR' is not defined,2026-09-23T02:07:59.144913,toeplitz,0.003,5,0.0104166666666666
0.003,0.0,0.0,0.0,58,results/bob_realchannel_run_tp0.003_fk0.0_rp0.0_vd0.0_seed58_20260923_020800_192286.json,384,39,2877,34,34,True,0,False,,2.8948943614959717,{},asymptotic,{},0.5972332954406738,True,,16,results/bob_realchannel_run_tp0.003_fk0.0_rp0.0_vd0.0_seed58_20260923_020800_192286.json,results/alice_realchannel_run_seed58_20260923_020800_132285.json,exception: name 'PROJECT_DIR' is not defined,2026-09-23T02:08:03.487116,toeplitz,0.003,5,0.0104166666666666
0.003,0.0,0.0,0.0,59,results/bob_realchannel_run_tp0.003_fk0.0_rp0.0_vd0.0_seed59_20260923_020804_542553.json,384,39,2877,34,34,True,0,False,,4.355791807174683,{},asymptotic,{},0.4396548271179199,True,,17,results/bob_realchannel_run_tp0.003_fk0.0_rp0.0_vd0.0_seed59_20260923_020804_542553.json,results/alice_realchannel_run_seed59_20260923_020804_469377.json,exception: name 'PROJECT_DIR' is not defined,2026-09-23T02:08:09.297951,toeplitz,0.003,5,0.0104166666666666
0.003,0.0,0.0,0.0,60,results/bob_realchannel_run_tp0.003_fk0.0_rp0.0_vd0.0_seed60_20260923_020810_386491.json,384,39,2877,34,34,True,0,False,,4.276029109954834,{},asymptotic,{},0.34160900115966797,True,,18,results/bob_realchannel_run_tp0.003_fk0.0_rp0.0_vd0.0_seed60_20260923_020810_386491.json,results/alice_realchannel_run_seed60_20260923_020810_329594.json,exception: name 'PROJECT_DIR' is not defined,2026-09-23T02:08:15.062089,toeplitz,0.003,5,0.0104166666666666
0.003,0.0,0.0,0.0,61,results/bob_realchannel_run_tp0.003_fk0.0_rp0.0_vd0.0_seed61_20260923_020816_107154.json,384,39,2877,34,34,True,0,False,,4.659591436386108,{},asymptotic,{},0.6881000995635986,True,,19,results/bob_realchannel_run_tp0.003_fk0.0_rp0.0_vd0.0_seed61_20260923_020816_107154.json,results/alice_realchannel_run_seed61_20260923_020816_089114.json,exception: name 'PROJECT_DIR' is not defined,2026-09-23T02:08:21.168721,toeplitz,0.003,5,0.0104166666666666
0.003,0.0,0.0,0.0,62,results/bob_realchannel_run_tp0.003_fk0.0_rp0.0_vd0.0_seed62_20260923_020822_317219.json,384,39,2877,34,34,True,0,False,,3.9224298000335693,{},asymptotic,{},0.5114355087280273,True,,20,results/bob_realchannel_run_tp0.003_fk0.0_rp0.0_vd0.0_seed62_20260923_020822_317219.json,results/alice_realchannel_run_seed62_20260923_020822_188903.json,exception: name 'PROJECT_DIR' is not defined,2026-09-23T02:08:26.644608,toeplitz,0.003,5,0.0104166666666666
0.003,0.0,0.0,0.0,63,results/bob_realchannel_run_tp0.003_fk0.0_rp0.0_vd0.0_seed63_20260923_020827_701668.json,384,39,2877,34,34,True,0,False,,4.692951202392578,{},asymptotic,{},0.7288084030151367,True,,21,results/bob_realchannel_run_tp0.003_fk0.0_rp0.0_vd0.0_seed63_20260923_020827_701668.json,results/alice_realchannel_run_seed63_20260923_020827_676803.json,exception: name 'PROJECT_DIR' is not defined,2026-09-23T02:08:32.795238,toeplitz,0.003,5,0.0104166666666666
0.003,0.0,0.0,0.0,64,results/bob_realchannel_run_tp0.003_fk0.0_rp0.0_vd0.0_seed64_20260923_020833_840863.json,384,39,2877,34,34,True,0,False,,4.286020994186401,{},asymptotic,{},0.36387062072753906,True,,22,results/bob_realchannel_run_tp0.003_fk0.0_rp0.0_vd0.0_seed64_20260923_020833_840863.json,results/alice_realchannel_run_seed64_20260923_020833_771008.json,exception: name 'PROJECT_DIR' is not defined,2026-09-23T02:08:38.525450,toeplitz,0.003,5,0.0104166666666666
0.003,0.0,0.0,0.0,65,results/bob_realchannel_run_tp0.003_fk0.0_rp0.0_vd0.0_seed65_20260923_020839_573348.json,384,39,2877,34,34,True,0,False,,4.6493775844573975,{},asymptotic,{},0.7200057506561279,True,,23,results/bob_realchannel_run_tp0.003_fk0.0_rp0.0_vd0.0_seed65_20260923_020839_573348.json,results/alice_realchannel_run_seed65_20260923_020839_511673.json,exception: name 'PROJECT_DIR' is not defined,2026-09-23T02:08:44.622328,toeplitz,0.003,5,0.0104166666666666
0.003,0.0,0.0,0.0,66,results/bob_realchannel_run_tp0.003_fk0.0_rp0.0_vd0.0_seed66_20260923_020845_668372.json,384,39,2877,34,34,True,0,False,,4.594613790512085,{},asymptotic,{},0.6657688617706299,True,,24,results/bob_realchannel_run_tp0.003_fk0.0_rp0.0_vd0.0_seed66_20260923_020845_668372.json,results/alice_realchannel_run_seed66_20260923_020845_607533.json,exception: name 'PROJECT_DIR' is not defined,2026-09-23T02:08:50.661818,toeplitz,0.003,5,0.0104166666666666
0.003,0.0,0.0,0.0,67,results/bob_realchannel_run_tp0.003_fk0.0_rp0.0_vd0.0_seed67_20260923_020851_714083.json,384,39,2877,34,34,True,0,False,,4.436915159225464,{},asymptotic,{},0.5091471672058105,True,,25,results/bob_realchannel_run_tp0.003_fk0.0_rp0.0_vd0.0_seed67_20260923_020851_714083.json,results/alice_realchannel_run_seed67_20260923_020851_647980.json,exception: name 'PROJECT_DIR' is not defined,2026-09-23T02:08:56.550219,toeplitz,0.003,5,0.0104166666666666
0.003,0.0,0.0,0.0,68,results/bob_realchannel_run_tp0.003_fk0.0_rp0.0_vd0.0_seed68_20260923_020857_595225.json,384,39,2877,34,34,True,0,False,,4.743565320968628,{},asymptotic,{},0.8148388862609863,True,,26,results/bob_realchannel_run_tp0.003_fk0.0_rp0.0_vd0.0_seed68_20260923_020857_595225.json,results/alice_realchannel_run_seed68_20260923_020857_533905.json,exception: name 'PROJECT_DIR' is not defined,2026-09-23T02:09:02.736771,toeplitz,0.003,5,0.0104166666666666
0.003,0.0,0.0,0.0,69,results/bob_realchannel_run_tp0.003_fk0.0_rp0.0_vd0.0_seed69_20260923_020903_781665.json,384,39,2877,34,34,True,0,False,,4.376882076263428,{},asymptotic,{},0.4455132484436035,True,,27,results/bob_realchannel_run_tp0.003_fk0.0_rp0.0_vd0.0_seed69_20260923_020903_781665.json,results/alice_realchannel_run_seed69_20260923_020903_721455.json,exception: name 'PROJECT_DIR' is not defined,2026-09-23T02:09:08.557074,toeplitz,0.003,5,0.0104166666666666
0.003,0.0,0.0,0.0,70,results/bob_realchannel_run_tp0.003_fk0.0_rp0.0_vd0.0_seed70_20260923_020909_634211.json,384,39,2877,34,34,True,0,False,,4.372200965881348,{},asymptotic,{},0.47205376625061035,True,,28,results/bob_realchannel_run_tp0.003_fk0.0_rp0.0_vd0.0_seed70_20260923_020909_634211.json,results/alice_realchannel_run_seed70_20260923_020909_542124.json,exception: name 'PROJECT_DIR' is not defined,2026-09-23T02:09:14.403547,toeplitz,0.003,5,0.0104166666666666
0.003,0.0,0.0,0.0,71,results/bob_realchannel_run_tp0.003_fk0.0_rp0.0_vd0.0_seed71_20260923_020915_461153.json,384,39,2877,34,34,True,0,False,,4.425198316574097,{},asymptotic,{},0.5061874389648438,True,,29,results/bob_realchannel_run_tp0.003_fk0.0_rp0.0_vd0.0_seed71_20260923_020915_461153.json,results/alice_realchannel_run_seed71_20260923_020915_388101.json,exception: name 'PROJECT_DIR' is not defined,2026-09-23T02:09:20.276586,toeplitz,0.003,5,0.0104166666666666
0.001,0.0,0.0,0.0,42,results/bob_realchannel_run_tp0.001_fk0.0_rp0.0_vd0.0_seed42_20260923_020921_309526.json,384,39,2877,34,34,True,0,False,,4.04072642326355,{},asymptotic,{},0.5461134910583496,True,,0,results/bob_realchannel_run_tp0.001_fk0.0_rp0.0_vd0.0_seed42_20260923_020921_309526.json,results/alice_realchannel_run_seed42_20260923_020921_263585.json,exception: name 'PROJECT_DIR' is not defined,2026-09-23T02:09:25.750680,toeplitz,0.001,5,0.0104166666666666
0.001,0.0,0.0,0.0,43,results/bob_realchannel_run_tp0.001_fk0.0_rp0.0_vd0.0_seed43_20260923_020926_799276.json,384,39,2877,34,34,True,0,False,,4.323520660400391,{},asymptotic,{},0.35312795639038086,True,,1,results/bob_realchannel_run_tp0.001_fk0.0_rp0.0_vd0.0_seed43_20260923_020926_799276.json,results/alice_realchannel_run_seed43_20260923_020926_776736.json,exception: name 'PROJECT_DIR' is not defined,2026-09-23T02:09:31.523018,toeplitz,0.001,5,0.0104166666666666
0.001,0.0,0.0,0.0,44,results/bob_realchannel_run_tp0.001_fk0.0_rp0.0_vd0.0_seed44_20260923_020932_563258.json,384,39,2877,34,34,True,0,False,,3.9478061199188232,{},asymptotic,{},0.41669511795043945,True,,2,results/bob_realchannel_run_tp0.001_fk0.0_rp0.0_vd0.0_seed44_20260923_020932_563258.json,results/alice_realchannel_run_seed44_20260923_020932_554149.json,exception: name 'PROJECT_DIR' is not defined,2026-09-23T02:09:37.015881,toeplitz,0.001,5,0.0104166666666666
0.001,0.0,0.0,0.0,45,results/bob_realchannel_run_tp0.001_fk0.0_rp0.0_vd0.0_seed45_20260923_020938_060652.json,384,39,2877,34,34,True,0,False,,4.398284435272217,{},asymptotic,{},0.4302346706390381,True,,3,results/bob_realchannel_run_tp0.001_fk0.0_rp0.0_vd0.0_seed45_20260923_020938_060652.json,results/alice_realchannel_run_seed45_20260923_020938_037334.json,exception: name 'PROJECT_DIR' is not defined,2026-09-23T02:09:42.860897,toeplitz,0.001,5,0.0104166666666666
0.001,0.0,0.0,0.0,46,results/bob_realchannel_run_tp0.001_fk0.0_rp0.0_vd0.0_seed46_20260923_020943_952371.json,384,39,2877,34,34,True,0,False,,4.374002695083618,{},asymptotic,{},0.45754313468933105,True,,4,results/bob_realchannel_run_tp0.001_fk0.0_rp0.0_vd0.0_seed46_20260923_020943_952371.json,results/alice_realchannel_run_seed46_20260923_020943_877384.json,exception: name 'PROJECT_DIR' is not defined,2026-09-23T02:09:48.727387,toeplitz,0.001,5,0.0104166666666666
0.001,0.0,0.0,0.0,47,results/bob_realchannel_run_tp0.001_fk0.0_rp0.0_vd0.0_seed47_20260923_020949_770219.json,384,39,2877,34,34,True,0,False,,4.728543758392334,{},asymptotic,{},0.7610507011413574,True,,5,results/bob_realchannel_run_tp0.001_fk0.0_rp0.0_vd0.0_seed47_20260923_020949_770219.json,results/alice_realchannel_run_seed47_20260923_020949_745076.json,exception: name 'PROJECT_DIR' is not defined,2026-09-23T02:09:54.898310,toeplitz,0.001,5,0.0104166666666666
0.001,0.0,0.0,0.0,48,results/bob_realchannel_run_tp0.001_fk0.0_rp0.0_vd0.0_seed48_20260923_020955_941693.json,384,39,2877,34,34,True,0,False,,3.9689905643463135,{},asymptotic,{},0.44459033012390137,True,,6,results/bob_realchannel_run_tp0.001_fk0.0_rp0.0_vd0.0_seed48_20260923_020955_941693.json,results/alice_realchannel_run_seed48_20260923_020955_926649.json,exception: name 'PROJECT_DIR' is not defined,2026-09-23T02:10:00.310355,toeplitz,0.001,5,0.0104166666666666
0.001,0.0,0.0,0.0,49,results/bob_realchannel_run_tp0.001_fk0.0_rp0.0_vd0.0_seed49_20260923_021001_364782.json,384,39,2877,34,34,True,0,False,,4.4577460289001465,{},asymptotic,{},0.4956374168395996,True,,7,results/bob_realchannel_run_tp0.001_fk0.0_rp0.0_vd0.0_seed49_20260923_021001_364782.json,results/alice_realchannel_run_seed49_20260923_021001_336145.json,exception: name 'PROJECT_DIR' is not defined,2026-09-23T02:10:06.223608,toeplitz,0.001,5,0.0104166666666666
0.001,0.0,0.0,0.0,50,results/bob_realchannel_run_tp0.001_fk0.0_rp0.0_vd0.0_seed50_20260923_021007_275945.json,384,39,2877,34,34,True,0,False,,3.9908177852630615,{},asymptotic,{},0.4710993766784668,True,,8,results/bob_realchannel_run_tp0.001_fk0.0_rp0.0_vd0.0_seed50_20260923_021007_275945.json,results/alice_realchannel_run_seed50_20260923_021007_257332.json,exception: name 'PROJECT_DIR' is not defined,2026-09-23T02:10:11.655642,toeplitz,0.001,5,0.0104166666666666
0.001,0.0,0.0,0.0,51,results/bob_realchannel_run_tp0.001_fk0.0_rp0.0_vd0.0_seed51_20260923_021012_712524.json,384,39,2877,34,34,True,0,False,,4.469859838485718,{},asymptotic,{},0.5087251663208008,True,,9,results/bob_realchannel_run_tp0.001_fk0.0_rp0.0_vd0.0_seed51_20260923_021012_712524.json,results/alice_realchannel_run_seed51_20260923_021012_684053.json,exception: name 'PROJECT_DIR' is not defined,2026-09-23T02:10:17.583915,toeplitz,0.001,5,0.0104166666666666
0.001,0.0,0.0,0.0,52,results/bob_realchannel_run_tp0.001_fk0.0_rp0.0_vd0.0_seed52_20260923_021018_649718.json,384,39,2877,34,34,True,0,False,,4.432604789733887,{},asymptotic,{},0.5221505165100098,True,,10,results/bob_realchannel_run_tp0.001_fk0.0_rp0.0_vd0.0_seed52_20260923_021018_649718.json,results/alice_realchannel_run_seed52_20260923_021018_567089.json,exception: name 'PROJECT_DIR' is not defined,2026-09-23T02:10:23.583410,toeplitz,0.001,5,0.0104166666666666
0.001,0.0,0.0,0.0,53,results/bob_realchannel_run_tp0.001_fk0.0_rp0.0_vd0.0_seed53_20260923_021024_671963.json,384,39,2877,34,34,True,0,False,,4.06216287612915,{},asymptotic,{},0.634380578994751,True,,11,results/bob_realchannel_run_tp0.001_fk0.0_rp0.0_vd0.0_seed53_20260923_021024_671963.json,results/alice_realchannel_run_seed53_20260923_021024_560629.json,exception: name 'PROJECT_DIR' is not defined,2026-09-23T02:10:29.148696,toeplitz,0.001,5,0.0104166666666666
0.001,0.0,0.0,0.0,54,results/bob_realchannel_run_tp0.001_fk0.0_rp0.0_vd0.0_seed54_20260923_021030_219875.json,384,39,2877,34,34,True,0,False,,4.5470290184021,{},asymptotic,{},0.6009724140167236,True,,12,results/bob_realchannel_run_tp0.001_fk0.0_rp0.0_vd0.0_seed54_20260923_021030_219875.json,results/alice_realchannel_run_seed54_20260923_021030_175571.json,exception: name 'PROJECT_DIR' is not defined,2026-09-23T02:10:35.171197,toeplitz,0.001,5,0.0104166666666666
0.001,0.0,0.0,0.0,55,results/bob_realchannel_run_tp0.001_fk0.0_rp0.0_vd0.0_seed55_20260923_021036_228273.json,384,39,2877,34,34,True,0,False,,4.46643590927124,{},asymptotic,{},0.5065793991088867,True,,13,results/bob_realchannel_run_tp0.001_fk0.0_rp0.0_vd0.0_seed55_20260923_021036_228273.json,results/alice_realchannel_run_seed55_20260923_021036_197085.json,exception: name 'PROJECT_DIR' is not defined,2026-09-23T02:10:41.095578,toeplitz,0.001,5,0.0104166666666666
0.001,0.0,0.0,0.0,56,results/bob_realchannel_run_tp0.001_fk0.0_rp0.0_vd0.0_seed56_20260923_021042_170216.json,384,39,2877,34,34,True,0,False,,3.784015417098999,{},asymptotic,{},0.5993556976318359,True,,14,results/bob_realchannel_run_tp0.001_fk0.0_rp0.0_vd0.0_seed56_20260923_021042_170216.json,results/alice_realchannel_run_seed56_20260923_021042_082077.json,exception: name 'PROJECT_DIR' is not defined,2026-09-23T02:10:46.359652,toeplitz,0.001,5,0.0104166666666666
0.001,0.0,0.0,0.0,57,results/bob_realchannel_run_tp0.001_fk0.0_rp0.0_vd0.0_seed57_20260923_021047_423508.json,384,39,2877,34,34,True,0,False,,4.902852773666382,{},asymptotic,{},0.9946630001068115,True,,15,results/bob_realchannel_run_tp0.001_fk0.0_rp0.0_vd0.0_seed57_20260923_021047_423508.json,results/alice_realchannel_run_seed57_20260923_021047_339637.json,exception: name 'PROJECT_DIR' is not defined,2026-09-23T02:10:52.726628,toeplitz,0.001,5,0.0104166666666666
0.001,0.0,0.0,0.0,58,results/bob_realchannel_run_tp0.001_fk0.0_rp0.0_vd0.0_seed58_20260923_021053_792620.json,384,39,2877,34,34,True,0,False,,4.501826047897339,{},asymptotic,{},0.5964658260345459,True,,16,results/bob_realchannel_run_tp0.001_fk0.0_rp0.0_vd0.0_seed58_20260923_021053_792620.json,results/alice_realchannel_run_seed58_20260923_021053_705177.json,exception: name 'PROJECT_DIR' is not defined,2026-09-23T02:10:58.696648,toeplitz,0.001,5,0.0104166666666666
0.001,0.0,0.0,0.0,59,results/bob_realchannel_run_tp0.001_fk0.0_rp0.0_vd0.0_seed59_20260923_021059_739624.json,384,39,2877,34,34,True,0,False,,3.9188337326049805,{},asymptotic,{},0.44313955307006836,True,,17,results/bob_realchannel_run_tp0.001_fk0.0_rp0.0_vd0.0_seed59_20260923_021059_739624.json,results/alice_realchannel_run_seed59_20260923_021059_676081.json,exception: name 'PROJECT_DIR' is not defined,2026-09-23T02:11:04.057918,toeplitz,0.001,5,0.0104166666666666
0.001,0.0,0.0,0.0,60,results/bob_realchannel_run_tp0.001_fk0.0_rp0.0_vd0.0_seed60_20260923_021105_108277.json,384,39,2877,34,34,True,0,False,,4.2546632289886475,{},asymptotic,{},0.33418989181518555,True,,18,results/bob_realchannel_run_tp0.001_fk0.0_rp0.0_vd0.0_seed60_20260923_021105_108277.json,results/alice_realchannel_run_seed60_20260923_021105_038955.json,exception: name 'PROJECT_DIR' is not defined,2026-09-23T02:11:09.763227,toeplitz,0.001,5,0.0104166666666666
0.001,0.0,0.0,0.0,61,results/bob_realchannel_run_tp0.001_fk0.0_rp0.0_vd0.0_seed61_20260923_021110_814371.json,384,39,2877,34,34,True,0,False,,3.286362886428833,{},asymptotic,{},0.6854629516601562,True,,19,results/bob_realchannel_run_tp0.001_fk0.0_rp0.0_vd0.0_seed61_20260923_021110_814371.json,results/alice_realchannel_run_seed61_20260923_021110_749284.json,exception: name 'PROJECT_DIR' is not defined,2026-09-23T02:11:14.503410,toeplitz,0.001,5,0.0104166666666666
0.001,0.0,0.0,0.0,62,results/bob_realchannel_run_tp0.001_fk0.0_rp0.0_vd0.0_seed62_20260923_021115_565242.json,384,39,2877,34,34,True,0,False,,4.4173359870910645,{},asymptotic,{},0.5094027519226074,True,,20,results/bob_realchannel_run_tp0.001_fk0.0_rp0.0_vd0.0_seed62_20260923_021115_565242.json,results/alice_realchannel_run_seed62_20260923_021115_482410.json,exception: name 'PROJECT_DIR' is not defined,2026-09-23T02:11:20.382145,toeplitz,0.001,5,0.0104166666666666
0.001,0.0,0.0,0.0,63,results/bob_realchannel_run_tp0.001_fk0.0_rp0.0_vd0.0_seed63_20260923_021121_453397.json,384,39,2877,34,34,True,0,False,,4.628744125366211,{},asymptotic,{},0.7276816368103027,True,,21,results/bob_realchannel_run_tp0.001_fk0.0_rp0.0_vd0.0_seed63_20260923_021121_453397.json,results/alice_realchannel_run_seed63_20260923_021121_365933.json,exception: name 'PROJECT_DIR' is not defined,2026-09-23T02:11:26.482581,toeplitz,0.001,5,0.0104166666666666
0.001,0.0,0.0,0.0,64,results/bob_realchannel_run_tp0.001_fk0.0_rp0.0_vd0.0_seed64_20260923_021127_539792.json,384,39,2877,34,34,True,0,False,,4.046507358551025,{},asymptotic,{},0.3642754554748535,True,,22,results/bob_realchannel_run_tp0.001_fk0.0_rp0.0_vd0.0_seed64_20260923_021127_539792.json,results/alice_realchannel_run_seed64_20260923_021127_462397.json,exception: name 'PROJECT_DIR' is not defined,2026-09-23T02:11:31.988108,toeplitz,0.001,5,0.0104166666666666
0.001,0.0,0.0,0.0,65,results/bob_realchannel_run_tp0.001_fk0.0_rp0.0_vd0.0_seed65_20260923_021133_039639.json,384,39,2877,34,34,True,0,False,,4.646816730499268,{},asymptotic,{},0.7205710411071777,True,,23,results/bob_realchannel_run_tp0.001_fk0.0_rp0.0_vd0.0_seed65_20260923_021133_039639.json,results/alice_realchannel_run_seed65_20260923_021132_976410.json,exception: name 'PROJECT_DIR' is not defined,2026-09-23T02:11:38.088765,toeplitz,0.001,5,0.0104166666666666
0.001,0.0,0.0,0.0,66,results/bob_realchannel_run_tp0.001_fk0.0_rp0.0_vd0.0_seed66_20260923_021139_136526.json,384,39,2877,34,34,True,0,False,,4.585836410522461,{},asymptotic,{},0.6633715629577637,True,,24,results/bob_realchannel_run_tp0.001_fk0.0_rp0.0_vd0.0_seed66_20260923_021139_136526.json,results/alice_realchannel_run_seed66_20260923_021139_068082.json,exception: name 'PROJECT_DIR' is not defined,2026-09-23T02:11:44.124066,toeplitz,0.001,5,0.0104166666666666
0.001,0.0,0.0,0.0,67,results/bob_realchannel_run_tp0.001_fk0.0_rp0.0_vd0.0_seed67_20260923_021145_169128.json,384,39,2877,34,34,True,0,False,,4.433117389678955,{},asymptotic,{},0.5061981678009033,True,,25,results/bob_realchannel_run_tp0.001_fk0.0_rp0.0_vd0.0_seed67_20260923_021145_169128.json,results/alice_realchannel_run_seed67_20260923_021145_104528.json,exception: name 'PROJECT_DIR' is not defined,2026-09-23T02:11:50.002164,toeplitz,0.001,5,0.0104166666666666
0.001,0.0,0.0,0.0,68,results/bob_realchannel_run_tp0.001_fk0.0_rp0.0_vd0.0_seed68_20260923_021151_055142.json,384,39,2877,34,34,True,0,False,,4.7313597202301025,{},asymptotic,{},0.8182716369628906,True,,26,results/bob_realchannel_run_tp0.001_fk0.0_rp0.0_vd0.0_seed68_20260923_021151_055142.json,results/alice_realchannel_run_seed68_20260923_021150_977922.json,exception: name 'PROJECT_DIR' is not defined,2026-09-23T02:11:56.186806,toeplitz,0.001,5,0.0104166666666666
0.001,0.0,0.0,0.0,69,results/bob_realchannel_run_tp0.001_fk0.0_rp0.0_vd0.0_seed69_20260923_021157_232670.json,384,39,2877,34,34,True,0,False,,3.4666576385498047,{},asymptotic,{},0.44265151023864746,True,,27,results/bob_realchannel_run_tp0.001_fk0.0_rp0.0_vd0.0_seed69_20260923_021157_232670.json,results/alice_realchannel_run_seed69_20260923_021157_168278.json,exception: name 'PROJECT_DIR' is not defined,2026-09-23T02:12:01.101085,toeplitz,0.001,5,0.0104166666666666
0.001,0.0,0.0,0.0,70,results/bob_realchannel_run_tp0.001_fk0.0_rp0.0_vd0.0_seed70_20260923_021202_144795.json,384,39,2877,34,34,True,0,False,,3.949429512023926,{},asymptotic,{},0.4707632064819336,True,,28,results/bob_realchannel_run_tp0.001_fk0.0_rp0.0_vd0.0_seed70_20260923_021202_144795.json,results/alice_realchannel_run_seed70_20260923_021202_082324.json,exception: name 'PROJECT_DIR' is not defined,2026-09-23T02:12:06.493674,toeplitz,0.001,5,0.0104166666666666
0.001,0.0,0.0,0.0,71,results/bob_realchannel_run_tp0.001_fk0.0_rp0.0_vd0.0_seed71_20260923_021207_563959.json,384,39,2877,34,34,True,0,False,,4.41511344909668,{},asymptotic,{},0.5089757442474365,True,,29,results/bob_realchannel_run_tp0.001_fk0.0_rp0.0_vd0.0_seed71_20260923_021207_563959.json,results/alice_realchannel_run_seed71_20260923_021207_477761.json,exception: name 'PROJECT_DIR' is not defined,2026-09-23T02:12:12.390858,toeplitz,0.001,5,0.0104166666666666
