toeplitz_prob,final_key_prob,reconciliation_prob,verify_digest_prob,seed,output_path,k_pe,total_corrections,secure_key_length,t_verify,digest_length,verification_passed,remaining_errors_after_reconciliation,non_convergent,error,elapsed_seconds,faults_fired,length_mode,cascade_netem,reconciliation_elapsed_seconds,keys_match,alice_error,alice_output_path,run,bob_output_path,code_version,collection_timestamp,fault_type,prob,key_index,qber
0.0,0.0,0.001,0.0,42,results/bob_recon_run_tp0.0_fk0.0_rp0.001_vd0.0_seed42_20260914_212906_249181.json,390,33,23,12,12,True,0,False,,1.1148061752319336,{},finite_key,{},0.2368028163909912,True,,results/alice_recon_run_seed42_20260914_212906_249424.json,0,results/bob_recon_run_tp0.0_fk0.0_rp0.001_vd0.0_seed42_20260914_212906_249181.json,exception: name 'PROJECT_DIR' is not defined,2026-09-14T21:29:07.846023,reconciliation,0.001,0,0.0128205128205128
0.0,0.0,0.001,0.0,43,results/bob_recon_run_tp0.0_fk0.0_rp0.001_vd0.0_seed43_20260914_212908_864859.json,390,33,23,12,12,True,0,False,,1.6032485961914062,{},finite_key,{},0.24990558624267578,True,,results/alice_recon_run_seed43_20260914_212908_886343.json,1,results/bob_recon_run_tp0.0_fk0.0_rp0.001_vd0.0_seed43_20260914_212908_864859.json,exception: name 'PROJECT_DIR' is not defined,2026-09-14T21:29:10.955917,reconciliation,0.001,0,0.0128205128205128
0.0,0.0,0.001,0.0,44,results/bob_recon_run_tp0.0_fk0.0_rp0.001_vd0.0_seed44_20260914_212911_987220.json,390,33,23,12,12,True,0,False,,1.8124825954437256,{},finite_key,{},0.4766271114349365,True,,results/alice_recon_run_seed44_20260914_212911_993568.json,2,results/bob_recon_run_tp0.0_fk0.0_rp0.001_vd0.0_seed44_20260914_212911_987220.json,exception: name 'PROJECT_DIR' is not defined,2026-09-14T21:29:14.280017,reconciliation,0.001,0,0.0128205128205128
0.0,0.0,0.001,0.0,45,results/bob_recon_run_tp0.0_fk0.0_rp0.001_vd0.0_seed45_20260914_212915_302247.json,390,33,23,12,12,True,0,False,,1.8653504848480225,{},finite_key,{},0.31307125091552734,True,,results/alice_recon_run_seed45_20260914_212915_317541.json,3,results/bob_recon_run_tp0.0_fk0.0_rp0.001_vd0.0_seed45_20260914_212915_302247.json,exception: name 'PROJECT_DIR' is not defined,2026-09-14T21:29:17.647796,reconciliation,0.001,0,0.0128205128205128
0.0,0.0,0.001,0.0,46,results/bob_recon_run_tp0.0_fk0.0_rp0.001_vd0.0_seed46_20260914_212918_681231.json,390,33,23,12,12,True,0,False,,1.5666999816894531,{},finite_key,{},0.2345874309539795,True,,results/alice_recon_run_seed46_20260914_212918_683305.json,4,results/bob_recon_run_tp0.0_fk0.0_rp0.001_vd0.0_seed46_20260914_212918_681231.json,exception: name 'PROJECT_DIR' is not defined,2026-09-14T21:29:20.728966,reconciliation,0.001,0,0.0128205128205128
0.0,0.0,0.001,0.0,47,results/bob_recon_run_tp0.0_fk0.0_rp0.001_vd0.0_seed47_20260914_212921_746714.json,390,33,23,12,12,True,0,False,,1.8373088836669922,{},finite_key,{},0.47967004776000977,True,,results/alice_recon_run_seed47_20260914_212921_775445.json,5,results/bob_recon_run_tp0.0_fk0.0_rp0.001_vd0.0_seed47_20260914_212921_746714.json,exception: name 'PROJECT_DIR' is not defined,2026-09-14T21:29:24.067914,reconciliation,0.001,0,0.0128205128205128
0.0,0.0,0.001,0.0,48,results/bob_recon_run_tp0.0_fk0.0_rp0.001_vd0.0_seed48_20260914_212925_098095.json,390,33,23,12,12,True,0,False,,1.961775302886963,{},finite_key,{},0.41274547576904297,True,,results/alice_recon_run_seed48_20260914_212925_109507.json,6,results/bob_recon_run_tp0.0_fk0.0_rp0.001_vd0.0_seed48_20260914_212925_098095.json,exception: name 'PROJECT_DIR' is not defined,2026-09-14T21:29:27.542688,reconciliation,0.001,0,0.0128205128205128
0.0,0.0,0.001,0.0,49,results/bob_recon_run_tp0.0_fk0.0_rp0.001_vd0.0_seed49_20260914_212928_561531.json,390,33,23,12,12,True,0,False,,1.9500913619995117,{},finite_key,{},0.38856005668640137,True,,results/alice_recon_run_seed49_20260914_212928_582896.json,7,results/bob_recon_run_tp0.0_fk0.0_rp0.001_vd0.0_seed49_20260914_212928_561531.json,exception: name 'PROJECT_DIR' is not defined,2026-09-14T21:29:30.992333,reconciliation,0.001,0,0.0128205128205128
0.0,0.0,0.001,0.0,50,results/bob_recon_run_tp0.0_fk0.0_rp0.001_vd0.0_seed50_20260914_212932_077586.json,390,33,23,12,12,True,0,False,,3.706149101257324,{},finite_key,{},0.4021613597869873,True,,results/alice_recon_run_seed50_20260914_212932_030340.json,8,results/bob_recon_run_tp0.0_fk0.0_rp0.001_vd0.0_seed50_20260914_212932_077586.json,exception: name 'PROJECT_DIR' is not defined,2026-09-14T21:29:36.276031,reconciliation,0.001,0,0.0128205128205128
0.0,0.0,0.001,0.0,51,results/bob_recon_run_tp0.0_fk0.0_rp0.001_vd0.0_seed51_20260914_212937_312574.json,390,33,23,12,12,True,0,False,,1.7189013957977295,{},finite_key,{},0.3885822296142578,True,,results/alice_recon_run_seed51_20260914_212937_316521.json,9,results/bob_recon_run_tp0.0_fk0.0_rp0.001_vd0.0_seed51_20260914_212937_312574.json,exception: name 'PROJECT_DIR' is not defined,2026-09-14T21:29:39.520460,reconciliation,0.001,0,0.0128205128205128
0.0,0.0,0.003,0.0,42,results/bob_recon_run_tp0.0_fk0.0_rp0.003_vd0.0_seed42_20260914_212940_546662.json,390,33,23,12,12,True,0,False,,1.7849884033203125,{},finite_key,{},0.23827910423278809,True,,results/alice_recon_run_seed42_20260914_212940_551485.json,0,results/bob_recon_run_tp0.0_fk0.0_rp0.003_vd0.0_seed42_20260914_212940_546662.json,exception: name 'PROJECT_DIR' is not defined,2026-09-14T21:29:42.793667,reconciliation,0.003,0,0.0128205128205128
0.0,0.0,0.003,0.0,43,results/bob_recon_run_tp0.0_fk0.0_rp0.003_vd0.0_seed43_20260914_212943_820322.json,390,33,23,12,12,True,0,False,,3.57188081741333,{},finite_key,{},0.2370765209197998,True,,results/alice_recon_run_seed43_20260914_212943_813401.json,1,results/bob_recon_run_tp0.0_fk0.0_rp0.003_vd0.0_seed43_20260914_212943_820322.json,exception: name 'PROJECT_DIR' is not defined,2026-09-14T21:29:47.855596,reconciliation,0.003,0,0.0128205128205128
0.0,0.0,0.003,0.0,44,results/bob_recon_run_tp0.0_fk0.0_rp0.003_vd0.0_seed44_20260914_212948_882617.json,390,33,23,12,12,True,0,False,,3.8094022274017334,{},finite_key,{},0.4765477180480957,True,,results/alice_recon_run_seed44_20260914_212948_871635.json,2,results/bob_recon_run_tp0.0_fk0.0_rp0.003_vd0.0_seed44_20260914_212948_882617.json,exception: name 'PROJECT_DIR' is not defined,2026-09-14T21:29:53.153918,reconciliation,0.003,0,0.0128205128205128
0.0,0.0,0.003,0.0,45,results/bob_recon_run_tp0.0_fk0.0_rp0.003_vd0.0_seed45_20260914_212954_175404.json,390,33,23,12,12,True,0,False,,1.6482083797454834,{},finite_key,{},0.3138282299041748,True,,results/alice_recon_run_seed45_20260914_212954_174117.json,3,results/bob_recon_run_tp0.0_fk0.0_rp0.003_vd0.0_seed45_20260914_212954_175404.json,exception: name 'PROJECT_DIR' is not defined,2026-09-14T21:29:56.286746,reconciliation,0.003,0,0.0128205128205128
0.0,0.0,0.003,0.0,46,results/bob_recon_run_tp0.0_fk0.0_rp0.003_vd0.0_seed46_20260914_212957_307291.json,390,33,23,12,12,True,0,False,,1.328387975692749,{},finite_key,{},0.237471342086792,True,,results/alice_recon_run_seed46_20260914_212957_308720.json,4,results/bob_recon_run_tp0.0_fk0.0_rp0.003_vd0.0_seed46_20260914_212957_307291.json,exception: name 'PROJECT_DIR' is not defined,2026-09-14T21:29:59.101738,reconciliation,0.003,0,0.0128205128205128
0.0,0.0,0.003,0.0,47,results/bob_recon_run_tp0.0_fk0.0_rp0.003_vd0.0_seed47_20260914_213000_139618.json,390,33,23,12,12,True,0,False,,3.80409574508667,{},finite_key,{},0.4775874614715576,True,,results/alice_recon_run_seed47_20260914_213000_116030.json,5,results/bob_recon_run_tp0.0_fk0.0_rp0.003_vd0.0_seed47_20260914_213000_139618.json,exception: name 'PROJECT_DIR' is not defined,2026-09-14T21:30:04.406696,reconciliation,0.003,0,0.0128205128205128
0.0,0.0,0.003,0.0,48,results/bob_recon_run_tp0.0_fk0.0_rp0.003_vd0.0_seed48_20260914_213005_427257.json,390,33,23,12,12,True,0,False,,1.7886152267456055,{},finite_key,{},0.4141356945037842,True,,results/alice_recon_run_seed48_20260914_213005_470213.json,6,results/bob_recon_run_tp0.0_fk0.0_rp0.003_vd0.0_seed48_20260914_213005_427257.json,exception: name 'PROJECT_DIR' is not defined,2026-09-14T21:30:07.678624,reconciliation,0.003,0,0.0128205128205128
0.0,0.0,0.003,0.0,49,results/bob_recon_run_tp0.0_fk0.0_rp0.003_vd0.0_seed49_20260914_213008_687882.json,390,33,23,12,12,True,0,False,,1.7357380390167236,{},finite_key,{},0.38975954055786133,True,,results/alice_recon_run_seed49_20260914_213008_696644.json,7,results/bob_recon_run_tp0.0_fk0.0_rp0.003_vd0.0_seed49_20260914_213008_687882.json,exception: name 'PROJECT_DIR' is not defined,2026-09-14T21:30:10.887392,reconciliation,0.003,0,0.0128205128205128
0.0,0.0,0.003,0.0,50,results/bob_recon_run_tp0.0_fk0.0_rp0.003_vd0.0_seed50_20260914_213011_919027.json,390,33,23,12,12,True,0,False,,3.9365434646606445,{},finite_key,{},0.39913463592529297,True,,results/alice_recon_run_seed50_20260914_213011_908391.json,8,results/bob_recon_run_tp0.0_fk0.0_rp0.003_vd0.0_seed50_20260914_213011_919027.json,exception: name 'PROJECT_DIR' is not defined,2026-09-14T21:30:16.317929,reconciliation,0.003,0,0.0128205128205128
0.0,0.0,0.003,0.0,51,results/bob_recon_run_tp0.0_fk0.0_rp0.003_vd0.0_seed51_20260914_213017_334331.json,390,33,23,12,12,True,0,False,,1.9258432388305664,{},finite_key,{},0.38741016387939453,True,,results/alice_recon_run_seed51_20260914_213017_334539.json,9,results/bob_recon_run_tp0.0_fk0.0_rp0.003_vd0.0_seed51_20260914_213017_334331.json,exception: name 'PROJECT_DIR' is not defined,2026-09-14T21:30:19.724548,reconciliation,0.003,0,0.0128205128205128
0.0,0.0,0.01,0.0,42,results/bob_recon_run_tp0.0_fk0.0_rp0.01_vd0.0_seed42_20260914_213020_744536.json,390,33,23,12,12,True,0,False,,1.7792010307312012,{},finite_key,{},0.2354140281677246,True,,results/alice_recon_run_seed42_20260914_213020_744830.json,0,results/bob_recon_run_tp0.0_fk0.0_rp0.01_vd0.0_seed42_20260914_213020_744536.json,exception: name 'PROJECT_DIR' is not defined,2026-09-14T21:30:22.990091,reconciliation,0.01,0,0.0128205128205128
0.0,0.0,0.01,0.0,43,results/bob_recon_run_tp0.0_fk0.0_rp0.01_vd0.0_seed43_20260914_213024_075338.json,390,33,23,12,12,True,0,False,,3.5241518020629883,{},finite_key,{},0.2375013828277588,True,,results/alice_recon_run_seed43_20260914_213024_012476.json,1,results/bob_recon_run_tp0.0_fk0.0_rp0.01_vd0.0_seed43_20260914_213024_075338.json,exception: name 'PROJECT_DIR' is not defined,2026-09-14T21:30:28.050673,reconciliation,0.01,0,0.0128205128205128
0.0,0.0,0.01,0.0,44,results/bob_recon_run_tp0.0_fk0.0_rp0.01_vd0.0_seed44_20260914_213029_070258.json,390,33,23,12,12,False,1,False,,4.01338529586792,{'reconciliation_state': 1},finite_key,{},0.6762611865997314,False,,results/alice_recon_run_seed44_20260914_213029_065103.json,2,results/bob_recon_run_tp0.0_fk0.0_rp0.01_vd0.0_seed44_20260914_213029_070258.json,exception: name 'PROJECT_DIR' is not defined,2026-09-14T21:30:33.527707,reconciliation,0.01,0,0.0128205128205128
0.0,0.0,0.01,0.0,45,results/bob_recon_run_tp0.0_fk0.0_rp0.01_vd0.0_seed45_20260914_213034_537028.json,390,33,23,12,12,True,0,False,,1.4148693084716797,{},finite_key,{},0.31296706199645996,True,,results/alice_recon_run_seed45_20260914_213034_554558.json,3,results/bob_recon_run_tp0.0_fk0.0_rp0.01_vd0.0_seed45_20260914_213034_537028.json,exception: name 'PROJECT_DIR' is not defined,2026-09-14T21:30:36.396146,reconciliation,0.01,0,0.0128205128205128
0.0,0.0,0.01,0.0,46,results/bob_recon_run_tp0.0_fk0.0_rp0.01_vd0.0_seed46_20260914_213037_395820.json,390,33,23,12,12,True,0,False,,1.584298849105835,{},finite_key,{},0.23744559288024902,True,,results/alice_recon_run_seed46_20260914_213037_413642.json,4,results/bob_recon_run_tp0.0_fk0.0_rp0.01_vd0.0_seed46_20260914_213037_395820.json,exception: name 'PROJECT_DIR' is not defined,2026-09-14T21:30:39.426072,reconciliation,0.01,0,0.0128205128205128
0.0,0.0,0.01,0.0,47,results/bob_recon_run_tp0.0_fk0.0_rp0.01_vd0.0_seed47_20260914_213040_434467.json,390,33,23,12,12,True,0,False,,1.8293282985687256,{},finite_key,{},0.4786853790283203,True,,results/alice_recon_run_seed47_20260914_213040_448935.json,5,results/bob_recon_run_tp0.0_fk0.0_rp0.01_vd0.0_seed47_20260914_213040_434467.json,exception: name 'PROJECT_DIR' is not defined,2026-09-14T21:30:42.708277,reconciliation,0.01,0,0.0128205128205128
0.0,0.0,0.01,0.0,48,results/bob_recon_run_tp0.0_fk0.0_rp0.01_vd0.0_seed48_20260914_213043_724645.json,390,33,23,12,12,True,0,False,,1.7470118999481201,{},finite_key,{},0.41526293754577637,True,,results/alice_recon_run_seed48_20260914_213043_725632.json,6,results/bob_recon_run_tp0.0_fk0.0_rp0.01_vd0.0_seed48_20260914_213043_724645.json,exception: name 'PROJECT_DIR' is not defined,2026-09-14T21:30:45.915743,reconciliation,0.01,0,0.0128205128205128
0.0,0.0,0.01,0.0,49,results/bob_recon_run_tp0.0_fk0.0_rp0.01_vd0.0_seed49_20260914_213046_931637.json,390,33,23,12,12,True,0,False,,1.7239058017730713,{},finite_key,{},0.3912079334259033,True,,results/alice_recon_run_seed49_20260914_213046_933394.json,7,results/bob_recon_run_tp0.0_fk0.0_rp0.01_vd0.0_seed49_20260914_213046_931637.json,exception: name 'PROJECT_DIR' is not defined,2026-09-14T21:30:49.099704,reconciliation,0.01,0,0.0128205128205128
0.0,0.0,0.01,0.0,50,results/bob_recon_run_tp0.0_fk0.0_rp0.01_vd0.0_seed50_20260914_213050_107902.json,390,33,23,12,12,False,1,False,,1.7082219123840332,{'reconciliation_state': 1},finite_key,{},0.6140086650848389,False,,results/alice_recon_run_seed50_20260914_213050_120399.json,8,results/bob_recon_run_tp0.0_fk0.0_rp0.01_vd0.0_seed50_20260914_213050_107902.json,exception: name 'PROJECT_DIR' is not defined,2026-09-14T21:30:52.260677,reconciliation,0.01,0,0.0128205128205128
0.0,0.0,0.01,0.0,51,results/bob_recon_run_tp0.0_fk0.0_rp0.01_vd0.0_seed51_20260914_213053_270142.json,390,33,23,12,12,True,0,False,,1.7218878269195557,{},finite_key,{},0.3885471820831299,True,,results/alice_recon_run_seed51_20260914_213053_278798.json,9,results/bob_recon_run_tp0.0_fk0.0_rp0.01_vd0.0_seed51_20260914_213053_270142.json,exception: name 'PROJECT_DIR' is not defined,2026-09-14T21:30:55.436137,reconciliation,0.01,0,0.0128205128205128
0.0,0.0,0.03,0.0,42,results/bob_recon_run_tp0.0_fk0.0_rp0.03_vd0.0_seed42_20260914_213056_445725.json,390,33,23,12,12,False,1,False,,1.989811658859253,{'reconciliation_state': 1},finite_key,{},0.4396708011627197,False,,results/alice_recon_run_seed42_20260914_213056_456619.json,0,results/bob_recon_run_tp0.0_fk0.0_rp0.03_vd0.0_seed42_20260914_213056_445725.json,exception: name 'PROJECT_DIR' is not defined,2026-09-14T21:30:58.879501,reconciliation,0.03,0,0.0128205128205128
0.0,0.0,0.03,0.0,43,results/bob_recon_run_tp0.0_fk0.0_rp0.03_vd0.0_seed43_20260914_213059_876339.json,390,33,23,12,12,True,0,False,,1.5911705493927002,{},finite_key,{},0.23748993873596191,True,,results/alice_recon_run_seed43_20260914_213059_901100.json,1,results/bob_recon_run_tp0.0_fk0.0_rp0.03_vd0.0_seed43_20260914_213059_876339.json,exception: name 'PROJECT_DIR' is not defined,2026-09-14T21:31:01.927696,reconciliation,0.03,0,0.0128205128205128
0.0,0.0,0.03,0.0,44,results/bob_recon_run_tp0.0_fk0.0_rp0.03_vd0.0_seed44_20260914_213102_916625.json,390,33,23,12,12,False,1,False,,2.243567705154419,{'reconciliation_state': 1},finite_key,{},0.6780827045440674,False,,results/alice_recon_run_seed44_20260914_213102_948333.json,2,results/bob_recon_run_tp0.0_fk0.0_rp0.03_vd0.0_seed44_20260914_213102_916625.json,exception: name 'PROJECT_DIR' is not defined,2026-09-14T21:31:05.605223,reconciliation,0.03,0,0.0128205128205128
0.0,0.0,0.03,0.0,45,results/bob_recon_run_tp0.0_fk0.0_rp0.03_vd0.0_seed45_20260914_213106_606988.json,390,33,23,12,12,True,0,False,,1.6566672325134277,{},finite_key,{},0.3141462802886963,True,,results/alice_recon_run_seed45_20260914_213106_620448.json,3,results/bob_recon_run_tp0.0_fk0.0_rp0.03_vd0.0_seed45_20260914_213106_606988.json,exception: name 'PROJECT_DIR' is not defined,2026-09-14T21:31:08.708502,reconciliation,0.03,0,0.0128205128205128
0.0,0.0,0.03,0.0,46,results/bob_recon_run_tp0.0_fk0.0_rp0.03_vd0.0_seed46_20260914_213109_721699.json,390,33,23,12,12,False,1,False,,1.790182113647461,{'reconciliation_state': 1},finite_key,{},0.4518582820892334,False,,results/alice_recon_run_seed46_20260914_213109_727689.json,4,results/bob_recon_run_tp0.0_fk0.0_rp0.03_vd0.0_seed46_20260914_213109_721699.json,exception: name 'PROJECT_DIR' is not defined,2026-09-14T21:31:11.955943,reconciliation,0.03,0,0.0128205128205128
0.0,0.0,0.03,0.0,47,results/bob_recon_run_tp0.0_fk0.0_rp0.03_vd0.0_seed47_20260914_213112_982438.json,390,33,23,12,12,False,2,False,,3.909639596939087,{'reconciliation_state': 2},finite_key,{},0.5777585506439209,False,,results/alice_recon_run_seed47_20260914_213112_973295.json,5,results/bob_recon_run_tp0.0_fk0.0_rp0.03_vd0.0_seed47_20260914_213112_982438.json,exception: name 'PROJECT_DIR' is not defined,2026-09-14T21:31:17.393316,reconciliation,0.03,0,0.0128205128205128
0.0,0.0,0.03,0.0,48,results/bob_recon_run_tp0.0_fk0.0_rp0.03_vd0.0_seed48_20260914_213118_454219.json,390,33,23,12,12,False,1,False,,3.8296375274658203,{'reconciliation_state': 1},finite_key,{},0.5249059200286865,False,,results/alice_recon_run_seed48_20260914_213118_412200.json,6,results/bob_recon_run_tp0.0_fk0.0_rp0.03_vd0.0_seed48_20260914_213118_454219.json,exception: name 'PROJECT_DIR' is not defined,2026-09-14T21:31:22.754310,reconciliation,0.03,0,0.0128205128205128
0.0,0.0,0.03,0.0,49,results/bob_recon_run_tp0.0_fk0.0_rp0.03_vd0.0_seed49_20260914_213123_794768.json,390,33,23,12,12,True,0,False,,3.70146107673645,{},finite_key,{},0.3877444267272949,True,,results/alice_recon_run_seed49_20260914_213123_768460.json,7,results/bob_recon_run_tp0.0_fk0.0_rp0.03_vd0.0_seed49_20260914_213123_794768.json,exception: name 'PROJECT_DIR' is not defined,2026-09-14T21:31:27.963172,reconciliation,0.03,0,0.0128205128205128
0.0,0.0,0.03,0.0,50,results/bob_recon_run_tp0.0_fk0.0_rp0.03_vd0.0_seed50_20260914_213128_987491.json,390,33,23,12,12,False,2,False,,3.9603781700134277,{'reconciliation_state': 2},finite_key,{},0.6212313175201416,False,,results/alice_recon_run_seed50_20260914_213128_981843.json,8,results/bob_recon_run_tp0.0_fk0.0_rp0.03_vd0.0_seed50_20260914_213128_987491.json,exception: name 'PROJECT_DIR' is not defined,2026-09-14T21:31:33.415000,reconciliation,0.03,0,0.0128205128205128
0.0,0.0,0.03,0.0,51,results/bob_recon_run_tp0.0_fk0.0_rp0.03_vd0.0_seed51_20260914_213134_616476.json,390,33,23,12,12,False,2,False,,3.6513142585754395,{'reconciliation_state': 2},finite_key,{},0.4933633804321289,False,,results/alice_recon_run_seed51_20260914_213134_436869.json,9,results/bob_recon_run_tp0.0_fk0.0_rp0.03_vd0.0_seed51_20260914_213134_616476.json,exception: name 'PROJECT_DIR' is not defined,2026-09-14T21:31:38.798257,reconciliation,0.03,0,0.0128205128205128
0.0,0.0,0.05,0.0,42,results/bob_recon_run_tp0.0_fk0.0_rp0.05_vd0.0_seed42_20260914_213139_859240.json,390,33,23,12,12,False,1,False,,2.844106912612915,{'reconciliation_state': 1},finite_key,{},0.44075965881347656,False,,results/alice_recon_run_seed42_20260914_213139_814691.json,0,results/bob_recon_run_tp0.0_fk0.0_rp0.05_vd0.0_seed42_20260914_213139_859240.json,exception: name 'PROJECT_DIR' is not defined,2026-09-14T21:31:43.173962,reconciliation,0.05,0,0.0128205128205128
0.0,0.0,0.05,0.0,43,results/bob_recon_run_tp0.0_fk0.0_rp0.05_vd0.0_seed43_20260914_213144_219572.json,390,33,23,12,12,False,2,False,,3.933204174041748,{'reconciliation_state': 2},finite_key,{},0.6152694225311279,False,,results/alice_recon_run_seed43_20260914_213144_195195.json,1,results/bob_recon_run_tp0.0_fk0.0_rp0.05_vd0.0_seed43_20260914_213144_219572.json,exception: name 'PROJECT_DIR' is not defined,2026-09-14T21:31:48.615280,reconciliation,0.05,0,0.0128205128205128
0.0,0.0,0.05,0.0,44,results/bob_recon_run_tp0.0_fk0.0_rp0.05_vd0.0_seed44_20260914_213149_681400.json,390,33,23,12,12,False,1,False,,3.9746615886688232,{'reconciliation_state': 1},finite_key,{},0.6799685955047607,False,,results/alice_recon_run_seed44_20260914_213149_635316.json,2,results/bob_recon_run_tp0.0_fk0.0_rp0.05_vd0.0_seed44_20260914_213149_681400.json,exception: name 'PROJECT_DIR' is not defined,2026-09-14T21:31:54.118966,reconciliation,0.05,0,0.0128205128205128
0.0,0.0,0.05,0.0,45,results/bob_recon_run_tp0.0_fk0.0_rp0.05_vd0.0_seed45_20260914_213155_135144.json,390,33,23,12,12,True,0,False,,0.9566104412078857,{},finite_key,{},0.3119180202484131,True,,results/alice_recon_run_seed45_20260914_213155_134110.json,3,results/bob_recon_run_tp0.0_fk0.0_rp0.05_vd0.0_seed45_20260914_213155_135144.json,exception: name 'PROJECT_DIR' is not defined,2026-09-14T21:31:56.791311,reconciliation,0.05,0,0.0128205128205128
0.0,0.0,0.05,0.0,46,results/bob_recon_run_tp0.0_fk0.0_rp0.05_vd0.0_seed46_20260914_213157_805504.json,390,33,23,12,12,False,1,False,,1.7902562618255615,{'reconciliation_state': 1},finite_key,{},0.4505500793457031,False,,results/alice_recon_run_seed46_20260914_213157_810611.json,4,results/bob_recon_run_tp0.0_fk0.0_rp0.05_vd0.0_seed46_20260914_213157_805504.json,exception: name 'PROJECT_DIR' is not defined,2026-09-14T21:32:00.062403,reconciliation,0.05,0,0.0128205128205128
0.0,0.0,0.05,0.0,47,results/bob_recon_run_tp0.0_fk0.0_rp0.05_vd0.0_seed47_20260914_213201_135684.json,390,33,23,12,12,False,4,False,,4.268064022064209,{'reconciliation_state': 4},finite_key,{},0.7729580402374268,False,,results/alice_recon_run_seed47_20260914_213201_081019.json,5,results/bob_recon_run_tp0.0_fk0.0_rp0.05_vd0.0_seed47_20260914_213201_135684.json,exception: name 'PROJECT_DIR' is not defined,2026-09-14T21:32:05.868940,reconciliation,0.05,0,0.0128205128205128
0.0,0.0,0.05,0.0,48,results/bob_recon_run_tp0.0_fk0.0_rp0.05_vd0.0_seed48_20260914_213206_900312.json,390,33,23,12,12,False,1,False,,4.067230463027954,{'reconciliation_state': 1},finite_key,{},0.5311167240142822,False,,results/alice_recon_run_seed48_20260914_213206_887706.json,6,results/bob_recon_run_tp0.0_fk0.0_rp0.05_vd0.0_seed48_20260914_213206_900312.json,exception: name 'PROJECT_DIR' is not defined,2026-09-14T21:32:11.438209,reconciliation,0.05,0,0.0128205128205128
0.0,0.0,0.05,0.0,49,results/bob_recon_run_tp0.0_fk0.0_rp0.05_vd0.0_seed49_20260914_213212_460530.json,390,33,23,12,12,True,0,False,,1.7154664993286133,{},finite_key,{},0.3887925148010254,True,,results/alice_recon_run_seed49_20260914_213212_458252.json,7,results/bob_recon_run_tp0.0_fk0.0_rp0.05_vd0.0_seed49_20260914_213212_460530.json,exception: name 'PROJECT_DIR' is not defined,2026-09-14T21:32:14.636931,reconciliation,0.05,0,0.0128205128205128
0.0,0.0,0.05,0.0,50,results/bob_recon_run_tp0.0_fk0.0_rp0.05_vd0.0_seed50_20260914_213215_667536.json,390,33,23,12,12,False,2,False,,3.7082901000976562,{'reconciliation_state': 2},finite_key,{},0.6181080341339111,False,,results/alice_recon_run_seed50_20260914_213215_659941.json,8,results/bob_recon_run_tp0.0_fk0.0_rp0.05_vd0.0_seed50_20260914_213215_667536.json,exception: name 'PROJECT_DIR' is not defined,2026-09-14T21:32:19.837808,reconciliation,0.05,0,0.0128205128205128
0.0,0.0,0.05,0.0,51,results/bob_recon_run_tp0.0_fk0.0_rp0.05_vd0.0_seed51_20260914_213220_903510.json,390,33,23,12,12,False,2,False,,3.9920904636383057,{'reconciliation_state': 2},finite_key,{},0.489011287689209,False,,results/alice_recon_run_seed51_20260914_213220_856968.json,9,results/bob_recon_run_tp0.0_fk0.0_rp0.05_vd0.0_seed51_20260914_213220_903510.json,exception: name 'PROJECT_DIR' is not defined,2026-09-14T21:32:25.366095,reconciliation,0.05,0,0.0128205128205128
0.0,0.0,0.1,0.0,42,results/bob_recon_run_tp0.0_fk0.0_rp0.1_vd0.0_seed42_20260914_213226_386656.json,390,33,23,12,12,False,2,False,,3.9370522499084473,{'reconciliation_state': 2},finite_key,{},0.6030032634735107,False,,results/alice_recon_run_seed42_20260914_213226_380091.json,0,results/bob_recon_run_tp0.0_fk0.0_rp0.1_vd0.0_seed42_20260914_213226_386656.json,exception: name 'PROJECT_DIR' is not defined,2026-09-14T21:32:30.784875,reconciliation,0.1,0,0.0128205128205128
0.0,0.0,0.1,0.0,43,results/bob_recon_run_tp0.0_fk0.0_rp0.1_vd0.0_seed43_20260914_213231_818921.json,390,33,23,12,12,False,3,False,,3.9332940578460693,{'reconciliation_state': 3},finite_key,{},0.6028945446014404,False,,results/alice_recon_run_seed43_20260914_213231_805179.json,1,results/bob_recon_run_tp0.0_fk0.0_rp0.1_vd0.0_seed43_20260914_213231_818921.json,exception: name 'PROJECT_DIR' is not defined,2026-09-14T21:32:36.215641,reconciliation,0.1,0,0.0128205128205128
0.0,0.0,0.1,0.0,44,results/bob_recon_run_tp0.0_fk0.0_rp0.1_vd0.0_seed44_20260914_213237_244835.json,390,33,23,12,12,False,6,False,,3.286985158920288,{'reconciliation_state': 6},finite_key,{},0.6353881359100342,False,,results/alice_recon_run_seed44_20260914_213237_231950.json,2,results/bob_recon_run_tp0.0_fk0.0_rp0.1_vd0.0_seed44_20260914_213237_244835.json,exception: name 'PROJECT_DIR' is not defined,2026-09-14T21:32:40.995850,reconciliation,0.1,0,0.0128205128205128
0.0,0.0,0.1,0.0,45,results/bob_recon_run_tp0.0_fk0.0_rp0.1_vd0.0_seed45_20260914_213242_013597.json,390,33,23,12,12,False,1,False,,1.8743271827697754,{'reconciliation_state': 1},finite_key,{},0.5406997203826904,False,,results/alice_recon_run_seed45_20260914_213242_018894.json,3,results/bob_recon_run_tp0.0_fk0.0_rp0.1_vd0.0_seed45_20260914_213242_013597.json,exception: name 'PROJECT_DIR' is not defined,2026-09-14T21:32:44.332087,reconciliation,0.1,0,0.0128205128205128
0.0,0.0,0.1,0.0,46,results/bob_recon_run_tp0.0_fk0.0_rp0.1_vd0.0_seed46_20260914_213245_344174.json,390,33,23,12,12,False,3,False,,1.8479797840118408,{'reconciliation_state': 3},finite_key,{},0.5179007053375244,False,,results/alice_recon_run_seed46_20260914_213245_349240.json,4,results/bob_recon_run_tp0.0_fk0.0_rp0.1_vd0.0_seed46_20260914_213245_344174.json,exception: name 'PROJECT_DIR' is not defined,2026-09-14T21:32:47.636867,reconciliation,0.1,0,0.0128205128205128
0.0,0.0,0.1,0.0,47,results/bob_recon_run_tp0.0_fk0.0_rp0.1_vd0.0_seed47_20260914_213248_652323.json,390,33,23,12,12,False,6,False,,1.5913116931915283,{'reconciliation_state': 6},finite_key,{},0.6947915554046631,False,,results/alice_recon_run_seed47_20260914_213248_656422.json,5,results/bob_recon_run_tp0.0_fk0.0_rp0.1_vd0.0_seed47_20260914_213248_652323.json,exception: name 'PROJECT_DIR' is not defined,2026-09-14T21:32:50.686097,reconciliation,0.1,0,0.0128205128205128
0.0,0.0,0.1,0.0,48,results/bob_recon_run_tp0.0_fk0.0_rp0.1_vd0.0_seed48_20260914_213251_877392.json,390,33,23,12,12,False,3,False,,4.198519229888916,{'reconciliation_state': 3},finite_key,{},0.7732114791870117,False,,results/alice_recon_run_seed48_20260914_213251_751248.json,6,results/bob_recon_run_tp0.0_fk0.0_rp0.1_vd0.0_seed48_20260914_213251_877392.json,exception: name 'PROJECT_DIR' is not defined,2026-09-14T21:32:56.638071,reconciliation,0.1,0,0.0128205128205128
0.0,0.0,0.1,0.0,49,results/bob_recon_run_tp0.0_fk0.0_rp0.1_vd0.0_seed49_20260914_213257_727031.json,390,33,23,12,12,False,3,False,,3.5888712406158447,{'reconciliation_state': 3},finite_key,{},0.7557165622711182,False,,results/alice_recon_run_seed49_20260914_213257_664545.json,7,results/bob_recon_run_tp0.0_fk0.0_rp0.1_vd0.0_seed49_20260914_213257_727031.json,exception: name 'PROJECT_DIR' is not defined,2026-09-14T21:33:01.772937,reconciliation,0.1,0,0.0128205128205128
0.0,0.0,0.1,0.0,50,results/bob_recon_run_tp0.0_fk0.0_rp0.1_vd0.0_seed50_20260914_213302_826741.json,390,33,23,12,12,False,5,False,,3.9733753204345703,{'reconciliation_state': 5},finite_key,{},0.6209743022918701,False,,results/alice_recon_run_seed50_20260914_213302_816739.json,8,results/bob_recon_run_tp0.0_fk0.0_rp0.1_vd0.0_seed50_20260914_213302_826741.json,exception: name 'PROJECT_DIR' is not defined,2026-09-14T21:33:07.243006,reconciliation,0.1,0,0.0128205128205128
0.0,0.0,0.1,0.0,51,results/bob_recon_run_tp0.0_fk0.0_rp0.1_vd0.0_seed51_20260914_213308_300885.json,390,33,23,12,12,False,4,False,,3.906867265701294,{'reconciliation_state': 4},finite_key,{},0.603501558303833,False,,results/alice_recon_run_seed51_20260914_213308_260069.json,9,results/bob_recon_run_tp0.0_fk0.0_rp0.1_vd0.0_seed51_20260914_213308_300885.json,exception: name 'PROJECT_DIR' is not defined,2026-09-14T21:33:12.657067,reconciliation,0.1,0,0.0128205128205128
0.0,0.0,0.3,0.0,42,results/bob_recon_run_tp0.0_fk0.0_rp0.3_vd0.0_seed42_20260914_213313_694328.json,390,33,23,12,12,False,12,False,,3.709364175796509,{'reconciliation_state': 12},finite_key,{},0.6244926452636719,False,,results/alice_recon_run_seed42_20260914_213313_681853.json,0,results/bob_recon_run_tp0.0_fk0.0_rp0.3_vd0.0_seed42_20260914_213313_694328.json,exception: name 'PROJECT_DIR' is not defined,2026-09-14T21:33:17.848858,reconciliation,0.3,0,0.0128205128205128
0.0,0.0,0.3,0.0,43,results/bob_recon_run_tp0.0_fk0.0_rp0.3_vd0.0_seed43_20260914_213318_925006.json,390,33,23,12,12,False,8,False,,2.7995967864990234,{'reconciliation_state': 8},finite_key,{},0.616602897644043,False,,results/alice_recon_run_seed43_20260914_213318_870956.json,1,results/bob_recon_run_tp0.0_fk0.0_rp0.3_vd0.0_seed43_20260914_213318_925006.json,exception: name 'PROJECT_DIR' is not defined,2026-09-14T21:33:22.212411,reconciliation,0.3,0,0.0128205128205128
0.0,0.0,0.3,0.0,44,results/bob_recon_run_tp0.0_fk0.0_rp0.3_vd0.0_seed44_20260914_213323_216200.json,390,33,23,12,12,False,10,False,,1.6921753883361816,{'reconciliation_state': 10},finite_key,{},0.8010129928588867,False,,results/alice_recon_run_seed44_20260914_213323_239146.json,2,results/bob_recon_run_tp0.0_fk0.0_rp0.3_vd0.0_seed44_20260914_213323_216200.json,exception: name 'PROJECT_DIR' is not defined,2026-09-14T21:33:25.359654,reconciliation,0.3,0,0.0128205128205128
0.0,0.0,0.3,0.0,45,results/bob_recon_run_tp0.0_fk0.0_rp0.3_vd0.0_seed45_20260914_213326_393886.json,390,33,23,12,12,False,7,False,,3.429711103439331,{'reconciliation_state': 7},finite_key,{},0.7690026760101318,False,,results/alice_recon_run_seed45_20260914_213326_382125.json,3,results/bob_recon_run_tp0.0_fk0.0_rp0.3_vd0.0_seed45_20260914_213326_393886.json,exception: name 'PROJECT_DIR' is not defined,2026-09-14T21:33:30.276019,reconciliation,0.3,0,0.0128205128205128
0.0,0.0,0.3,0.0,46,results/bob_recon_run_tp0.0_fk0.0_rp0.3_vd0.0_seed46_20260914_213331_290135.json,390,33,23,12,12,False,8,False,,2.2096898555755615,{'reconciliation_state': 8},finite_key,{},0.7822971343994141,False,,results/alice_recon_run_seed46_20260914_213331_387934.json,4,results/bob_recon_run_tp0.0_fk0.0_rp0.3_vd0.0_seed46_20260914_213331_290135.json,exception: name 'PROJECT_DIR' is not defined,2026-09-14T21:33:33.989739,reconciliation,0.3,0,0.0128205128205128
0.0,0.0,0.3,0.0,47,results/bob_recon_run_tp0.0_fk0.0_rp0.3_vd0.0_seed47_20260914_213335_003908.json,390,33,23,12,12,False,10,False,,2.4079267978668213,{'reconciliation_state': 10},finite_key,{},0.8625669479370117,False,,results/alice_recon_run_seed47_20260914_213335_016770.json,5,results/bob_recon_run_tp0.0_fk0.0_rp0.3_vd0.0_seed47_20260914_213335_003908.json,exception: name 'PROJECT_DIR' is not defined,2026-09-14T21:33:37.862697,reconciliation,0.3,0,0.0128205128205128
0.0,0.0,0.3,0.0,48,results/bob_recon_run_tp0.0_fk0.0_rp0.3_vd0.0_seed48_20260914_213338_868479.json,390,33,23,12,12,False,10,False,,2.207786798477173,{'reconciliation_state': 10},finite_key,{},0.8033633232116699,False,,results/alice_recon_run_seed48_20260914_213338_939537.json,6,results/bob_recon_run_tp0.0_fk0.0_rp0.3_vd0.0_seed48_20260914_213338_868479.json,exception: name 'PROJECT_DIR' is not defined,2026-09-14T21:33:41.528045,reconciliation,0.3,0,0.0128205128205128
0.0,0.0,0.3,0.0,49,results/bob_recon_run_tp0.0_fk0.0_rp0.3_vd0.0_seed49_20260914_213342_533822.json,390,33,23,12,12,False,10,False,,1.6261329650878906,{'reconciliation_state': 10},finite_key,{},0.7562074661254883,False,,results/alice_recon_run_seed49_20260914_213342_550012.json,7,results/bob_recon_run_tp0.0_fk0.0_rp0.3_vd0.0_seed49_20260914_213342_533822.json,exception: name 'PROJECT_DIR' is not defined,2026-09-14T21:33:44.612630,reconciliation,0.3,0,0.0128205128205128
0.0,0.0,0.3,0.0,50,results/bob_recon_run_tp0.0_fk0.0_rp0.3_vd0.0_seed50_20260914_213345_620765.json,390,32,23,12,12,False,11,False,,1.7832906246185303,{'reconciliation_state': 10},finite_key,{},0.6844830513000488,False,,results/alice_recon_run_seed50_20260914_213345_631764.json,8,results/bob_recon_run_tp0.0_fk0.0_rp0.3_vd0.0_seed50_20260914_213345_620765.json,exception: name 'PROJECT_DIR' is not defined,2026-09-14T21:33:47.854194,reconciliation,0.3,0,0.0128205128205128
0.0,0.0,0.3,0.0,51,results/bob_recon_run_tp0.0_fk0.0_rp0.3_vd0.0_seed51_20260914_213348_897786.json,390,33,23,12,12,False,8,False,,4.125112295150757,{'reconciliation_state': 8},finite_key,{},0.8067467212677002,False,,results/alice_recon_run_seed51_20260914_213348_875169.json,9,results/bob_recon_run_tp0.0_fk0.0_rp0.3_vd0.0_seed51_20260914_213348_897786.json,exception: name 'PROJECT_DIR' is not defined,2026-09-14T21:33:53.477905,reconciliation,0.3,0,0.0128205128205128
0.0,0.0,0.5,0.0,42,results/bob_recon_run_tp0.0_fk0.0_rp0.5_vd0.0_seed42_20260914_213354_544457.json,390,32,23,12,12,False,17,False,,1.9557392597198486,{'reconciliation_state': 16},finite_key,{},0.6247410774230957,False,,results/alice_recon_run_seed42_20260914_213354_544664.json,0,results/bob_recon_run_tp0.0_fk0.0_rp0.5_vd0.0_seed42_20260914_213354_544457.json,exception: name 'PROJECT_DIR' is not defined,2026-09-14T21:33:56.954882,reconciliation,0.5,0,0.0128205128205128
0.0,0.0,0.5,0.0,43,results/bob_recon_run_tp0.0_fk0.0_rp0.5_vd0.0_seed43_20260914_213357_976003.json,390,33,23,12,12,False,12,False,,1.9516017436981201,{'reconciliation_state': 12},finite_key,{},0.6191532611846924,False,,results/alice_recon_run_seed43_20260914_213357_980728.json,1,results/bob_recon_run_tp0.0_fk0.0_rp0.5_vd0.0_seed43_20260914_213357_976003.json,exception: name 'PROJECT_DIR' is not defined,2026-09-14T21:34:00.380224,reconciliation,0.5,0,0.0128205128205128
0.0,0.0,0.5,0.0,44,results/bob_recon_run_tp0.0_fk0.0_rp0.5_vd0.0_seed44_20260914_213401_398349.json,390,33,23,12,12,False,14,False,,2.2692809104919434,{'reconciliation_state': 14},finite_key,{},0.8919532299041748,False,,results/alice_recon_run_seed44_20260914_213401_447252.json,2,results/bob_recon_run_tp0.0_fk0.0_rp0.5_vd0.0_seed44_20260914_213401_398349.json,exception: name 'PROJECT_DIR' is not defined,2026-09-14T21:34:04.117634,reconciliation,0.5,0,0.0128205128205128
0.0,0.0,0.5,0.0,45,results/bob_recon_run_tp0.0_fk0.0_rp0.5_vd0.0_seed45_20260914_213405_141907.json,390,32,23,12,12,False,12,False,,4.021676301956177,{'reconciliation_state': 11},finite_key,{},0.6785659790039062,False,,results/alice_recon_run_seed45_20260914_213405_137460.json,3,results/bob_recon_run_tp0.0_fk0.0_rp0.5_vd0.0_seed45_20260914_213405_141907.json,exception: name 'PROJECT_DIR' is not defined,2026-09-14T21:34:09.612929,reconciliation,0.5,0,0.0128205128205128
0.0,0.0,0.5,0.0,46,results/bob_recon_run_tp0.0_fk0.0_rp0.5_vd0.0_seed46_20260914_213410_620237.json,390,30,23,12,12,False,18,False,,2.071500778198242,{'reconciliation_state': 15},finite_key,{},0.5197665691375732,False,,results/alice_recon_run_seed46_20260914_213410_638419.json,4,results/bob_recon_run_tp0.0_fk0.0_rp0.5_vd0.0_seed46_20260914_213410_620237.json,exception: name 'PROJECT_DIR' is not defined,2026-09-14T21:34:13.140152,reconciliation,0.5,0,0.0128205128205128
0.0,0.0,0.5,0.0,47,results/bob_recon_run_tp0.0_fk0.0_rp0.5_vd0.0_seed47_20260914_213414_151764.json,390,31,23,12,12,False,15,False,,1.888185739517212,{'reconciliation_state': 13},finite_key,{},0.794886589050293,False,,results/alice_recon_run_seed47_20260914_213414_156145.json,5,results/bob_recon_run_tp0.0_fk0.0_rp0.5_vd0.0_seed47_20260914_213414_151764.json,exception: name 'PROJECT_DIR' is not defined,2026-09-14T21:34:16.490212,reconciliation,0.5,0,0.0128205128205128
0.0,0.0,0.5,0.0,48,results/bob_recon_run_tp0.0_fk0.0_rp0.5_vd0.0_seed48_20260914_213417_508087.json,390,32,23,12,12,False,19,False,,1.704134225845337,{'reconciliation_state': 18},finite_key,{},0.7850971221923828,False,,results/alice_recon_run_seed48_20260914_213417_564168.json,6,results/bob_recon_run_tp0.0_fk0.0_rp0.5_vd0.0_seed48_20260914_213417_508087.json,exception: name 'PROJECT_DIR' is not defined,2026-09-14T21:34:19.663413,reconciliation,0.5,0,0.0128205128205128
0.0,0.0,0.5,0.0,49,results/bob_recon_run_tp0.0_fk0.0_rp0.5_vd0.0_seed49_20260914_213420_699445.json,390,31,23,12,12,False,20,False,,4.240039587020874,{'reconciliation_state': 18},finite_key,{},0.7051255702972412,False,,results/alice_recon_run_seed49_20260914_213420_682186.json,7,results/bob_recon_run_tp0.0_fk0.0_rp0.5_vd0.0_seed49_20260914_213420_699445.json,exception: name 'PROJECT_DIR' is not defined,2026-09-14T21:34:25.390840,reconciliation,0.5,0,0.0128205128205128
0.0,0.0,0.5,0.0,50,results/bob_recon_run_tp0.0_fk0.0_rp0.5_vd0.0_seed50_20260914_213426_406055.json,390,33,23,12,12,False,18,False,,2.1455671787261963,{'reconciliation_state': 18},finite_key,{},0.8141016960144043,False,,results/alice_recon_run_seed50_20260914_213426_410357.json,8,results/bob_recon_run_tp0.0_fk0.0_rp0.5_vd0.0_seed50_20260914_213426_406055.json,exception: name 'PROJECT_DIR' is not defined,2026-09-14T21:34:28.999792,reconciliation,0.5,0,0.0128205128205128
0.0,0.0,0.5,0.0,51,results/bob_recon_run_tp0.0_fk0.0_rp0.5_vd0.0_seed51_20260914_213430_008886.json,390,31,23,12,12,False,14,False,,2.2508528232574463,{'reconciliation_state': 12},finite_key,{},0.6918985843658447,False,,results/alice_recon_run_seed51_20260914_213430_031040.json,9,results/bob_recon_run_tp0.0_fk0.0_rp0.5_vd0.0_seed51_20260914_213430_008886.json,exception: name 'PROJECT_DIR' is not defined,2026-09-14T21:34:32.715336,reconciliation,0.5,0,0.0128205128205128
0.0,0.0,0.001,0.0,42,results/bob_recon_run_tp0.0_fk0.0_rp0.001_vd0.0_seed42_20260914_214618_642591.json,379,35,1,12,12,True,0,False,,0.8935301303863525,{},finite_key,{},0.6441714763641357,True,,results/alice_recon_run_seed42_20260914_214618_636296.json,0,results/bob_recon_run_tp0.0_fk0.0_rp0.001_vd0.0_seed42_20260914_214618_642591.json,exception: name 'PROJECT_DIR' is not defined,2026-09-14T21:46:19.944287,reconciliation,0.001,1,0.0158311345646438
0.0,0.0,0.001,0.0,43,results/bob_recon_run_tp0.0_fk0.0_rp0.001_vd0.0_seed43_20260914_214620_954696.json,379,35,1,12,12,True,0,False,,1.1253275871276855,{},finite_key,{},0.2798933982849121,True,,results/alice_recon_run_seed43_20260914_214620_952980.json,1,results/bob_recon_run_tp0.0_fk0.0_rp0.001_vd0.0_seed43_20260914_214620_954696.json,exception: name 'PROJECT_DIR' is not defined,2026-09-14T21:46:22.483482,reconciliation,0.001,1,0.0158311345646438
0.0,0.0,0.001,0.0,44,results/bob_recon_run_tp0.0_fk0.0_rp0.001_vd0.0_seed44_20260914_214623_504837.json,379,35,1,12,12,True,0,False,,1.207101821899414,{},finite_key,{},0.35486745834350586,True,,results/alice_recon_run_seed44_20260914_214623_504405.json,2,results/bob_recon_run_tp0.0_fk0.0_rp0.001_vd0.0_seed44_20260914_214623_504837.json,exception: name 'PROJECT_DIR' is not defined,2026-09-14T21:46:25.114660,reconciliation,0.001,1,0.0158311345646438
0.0,0.0,0.001,0.0,45,results/bob_recon_run_tp0.0_fk0.0_rp0.001_vd0.0_seed45_20260914_214626_119923.json,379,35,1,12,12,True,0,False,,1.2001640796661377,{},finite_key,{},0.35382533073425293,True,,results/alice_recon_run_seed45_20260914_214626_122327.json,3,results/bob_recon_run_tp0.0_fk0.0_rp0.001_vd0.0_seed45_20260914_214626_119923.json,exception: name 'PROJECT_DIR' is not defined,2026-09-14T21:46:27.727116,reconciliation,0.001,1,0.0158311345646438
0.0,0.0,0.001,0.0,46,results/bob_recon_run_tp0.0_fk0.0_rp0.001_vd0.0_seed46_20260914_214628_737069.json,379,35,1,12,12,True,0,False,,0.815361738204956,{},finite_key,{},0.5582890510559082,True,,results/alice_recon_run_seed46_20260914_214628_742813.json,4,results/bob_recon_run_tp0.0_fk0.0_rp0.001_vd0.0_seed46_20260914_214628_737069.json,exception: name 'PROJECT_DIR' is not defined,2026-09-14T21:46:29.957533,reconciliation,0.001,1,0.0158311345646438
0.0,0.0,0.001,0.0,47,results/bob_recon_run_tp0.0_fk0.0_rp0.001_vd0.0_seed47_20260914_214630_972376.json,379,35,1,12,12,True,0,False,,1.227785587310791,{},finite_key,{},0.3435249328613281,True,,results/alice_recon_run_seed47_20260914_214631_010835.json,5,results/bob_recon_run_tp0.0_fk0.0_rp0.001_vd0.0_seed47_20260914_214630_972376.json,exception: name 'PROJECT_DIR' is not defined,2026-09-14T21:46:32.601759,reconciliation,0.001,1,0.0158311345646438
0.0,0.0,0.001,0.0,48,results/bob_recon_run_tp0.0_fk0.0_rp0.001_vd0.0_seed48_20260914_214633_623526.json,379,35,1,12,12,True,0,False,,0.8044815063476562,{},finite_key,{},0.5587306022644043,True,,results/alice_recon_run_seed48_20260914_214633_618819.json,6,results/bob_recon_run_tp0.0_fk0.0_rp0.001_vd0.0_seed48_20260914_214633_623526.json,exception: name 'PROJECT_DIR' is not defined,2026-09-14T21:46:34.830274,reconciliation,0.001,1,0.0158311345646438
0.0,0.0,0.001,0.0,49,results/bob_recon_run_tp0.0_fk0.0_rp0.001_vd0.0_seed49_20260914_214635_845176.json,379,35,1,12,12,True,0,False,,1.1626417636871338,{},finite_key,{},0.2785358428955078,True,,results/alice_recon_run_seed49_20260914_214635_879865.json,7,results/bob_recon_run_tp0.0_fk0.0_rp0.001_vd0.0_seed49_20260914_214635_845176.json,exception: name 'PROJECT_DIR' is not defined,2026-09-14T21:46:37.410950,reconciliation,0.001,1,0.0158311345646438
0.0,0.0,0.001,0.0,50,results/bob_recon_run_tp0.0_fk0.0_rp0.001_vd0.0_seed50_20260914_214638_420213.json,379,35,1,12,12,True,0,False,,0.7480483055114746,{},finite_key,{},0.4844977855682373,True,,results/alice_recon_run_seed50_20260914_214638_422890.json,8,results/bob_recon_run_tp0.0_fk0.0_rp0.001_vd0.0_seed50_20260914_214638_420213.json,exception: name 'PROJECT_DIR' is not defined,2026-09-14T21:46:39.571139,reconciliation,0.001,1,0.0158311345646438
0.0,0.0,0.001,0.0,51,results/bob_recon_run_tp0.0_fk0.0_rp0.001_vd0.0_seed51_20260914_214640_601482.json,379,35,1,12,12,True,0,False,,1.3028535842895508,{},finite_key,{},0.4327371120452881,True,,results/alice_recon_run_seed51_20260914_214640_626463.json,9,results/bob_recon_run_tp0.0_fk0.0_rp0.001_vd0.0_seed51_20260914_214640_601482.json,exception: name 'PROJECT_DIR' is not defined,2026-09-14T21:46:42.306078,reconciliation,0.001,1,0.0158311345646438
0.0,0.0,0.003,0.0,42,results/bob_recon_run_tp0.0_fk0.0_rp0.003_vd0.0_seed42_20260914_214643_333811.json,379,35,1,12,12,True,0,False,,2.8948278427124023,{},finite_key,{},0.6463639736175537,True,,results/alice_recon_run_seed42_20260914_214643_314204.json,0,results/bob_recon_run_tp0.0_fk0.0_rp0.003_vd0.0_seed42_20260914_214643_333811.json,exception: name 'PROJECT_DIR' is not defined,2026-09-14T21:46:46.658238,reconciliation,0.003,1,0.0158311345646438
0.0,0.0,0.003,0.0,43,results/bob_recon_run_tp0.0_fk0.0_rp0.003_vd0.0_seed43_20260914_214647_688979.json,379,35,1,12,12,True,0,False,,0.7429943084716797,{},finite_key,{},0.4838142395019531,True,,results/alice_recon_run_seed43_20260914_214647_690795.json,1,results/bob_recon_run_tp0.0_fk0.0_rp0.003_vd0.0_seed43_20260914_214647_688979.json,exception: name 'PROJECT_DIR' is not defined,2026-09-14T21:46:48.838150,reconciliation,0.003,1,0.0158311345646438
0.0,0.0,0.003,0.0,44,results/bob_recon_run_tp0.0_fk0.0_rp0.003_vd0.0_seed44_20260914_214649_866516.json,379,35,1,12,12,True,0,False,,2.8134162425994873,{},finite_key,{},0.5591225624084473,True,,results/alice_recon_run_seed44_20260914_214649_849861.json,2,results/bob_recon_run_tp0.0_fk0.0_rp0.003_vd0.0_seed44_20260914_214649_866516.json,exception: name 'PROJECT_DIR' is not defined,2026-09-14T21:46:53.086047,reconciliation,0.003,1,0.0158311345646438
0.0,0.0,0.003,0.0,45,results/bob_recon_run_tp0.0_fk0.0_rp0.003_vd0.0_seed45_20260914_214654_136225.json,379,35,1,12,12,True,0,False,,0.9605696201324463,{},finite_key,{},0.5603845119476318,True,,results/alice_recon_run_seed45_20260914_214654_278242.json,3,results/bob_recon_run_tp0.0_fk0.0_rp0.003_vd0.0_seed45_20260914_214654_136225.json,exception: name 'PROJECT_DIR' is not defined,2026-09-14T21:46:55.796702,reconciliation,0.003,1,0.0158311345646438
0.0,0.0,0.003,0.0,46,results/bob_recon_run_tp0.0_fk0.0_rp0.003_vd0.0_seed46_20260914_214656_825455.json,379,35,1,12,12,True,0,False,,2.8268656730651855,{},finite_key,{},0.5607635974884033,True,,results/alice_recon_run_seed46_20260914_214656_817215.json,4,results/bob_recon_run_tp0.0_fk0.0_rp0.003_vd0.0_seed46_20260914_214656_825455.json,exception: name 'PROJECT_DIR' is not defined,2026-09-14T21:47:00.062380,reconciliation,0.003,1,0.0158311345646438
0.0,0.0,0.003,0.0,47,results/bob_recon_run_tp0.0_fk0.0_rp0.003_vd0.0_seed47_20260914_214701_101109.json,379,35,1,12,12,True,0,False,,2.799193859100342,{},finite_key,{},0.5478506088256836,True,,results/alice_recon_run_seed47_20260914_214701_079572.json,5,results/bob_recon_run_tp0.0_fk0.0_rp0.003_vd0.0_seed47_20260914_214701_101109.json,exception: name 'PROJECT_DIR' is not defined,2026-09-14T21:47:04.303046,reconciliation,0.003,1,0.0158311345646438
0.0,0.0,0.003,0.0,48,results/bob_recon_run_tp0.0_fk0.0_rp0.003_vd0.0_seed48_20260914_214705_334332.json,379,35,1,12,12,True,0,False,,2.8178720474243164,{},finite_key,{},0.5614254474639893,True,,results/alice_recon_run_seed48_20260914_214705_315772.json,6,results/bob_recon_run_tp0.0_fk0.0_rp0.003_vd0.0_seed48_20260914_214705_334332.json,exception: name 'PROJECT_DIR' is not defined,2026-09-14T21:47:08.548785,reconciliation,0.003,1,0.0158311345646438
0.0,0.0,0.003,0.0,49,results/bob_recon_run_tp0.0_fk0.0_rp0.003_vd0.0_seed49_20260914_214709_587051.json,379,35,1,12,12,True,0,False,,2.7287185192108154,{},finite_key,{},0.48618459701538086,True,,results/alice_recon_run_seed49_20260914_214709_555658.json,7,results/bob_recon_run_tp0.0_fk0.0_rp0.003_vd0.0_seed49_20260914_214709_587051.json,exception: name 'PROJECT_DIR' is not defined,2026-09-14T21:47:12.722894,reconciliation,0.003,1,0.0158311345646438
0.0,0.0,0.003,0.0,50,results/bob_recon_run_tp0.0_fk0.0_rp0.003_vd0.0_seed50_20260914_214713_742339.json,379,35,1,12,12,True,0,False,,2.741580009460449,{},finite_key,{},0.4845395088195801,True,,results/alice_recon_run_seed50_20260914_214713_731759.json,8,results/bob_recon_run_tp0.0_fk0.0_rp0.003_vd0.0_seed50_20260914_214713_742339.json,exception: name 'PROJECT_DIR' is not defined,2026-09-14T21:47:16.893162,reconciliation,0.003,1,0.0158311345646438
0.0,0.0,0.003,0.0,51,results/bob_recon_run_tp0.0_fk0.0_rp0.003_vd0.0_seed51_20260914_214717_903427.json,379,35,1,12,12,True,0,False,,0.8892734050750732,{},finite_key,{},0.6327273845672607,True,,results/alice_recon_run_seed51_20260914_214717_907344.json,9,results/bob_recon_run_tp0.0_fk0.0_rp0.003_vd0.0_seed51_20260914_214717_903427.json,exception: name 'PROJECT_DIR' is not defined,2026-09-14T21:47:19.198081,reconciliation,0.003,1,0.0158311345646438
0.0,0.0,0.01,0.0,42,results/bob_recon_run_tp0.0_fk0.0_rp0.01_vd0.0_seed42_20260914_214720_211521.json,379,35,1,12,12,True,0,False,,0.9004712104797363,{},finite_key,{},0.6432511806488037,True,,results/alice_recon_run_seed42_20260914_214720_210746.json,0,results/bob_recon_run_tp0.0_fk0.0_rp0.01_vd0.0_seed42_20260914_214720_211521.json,exception: name 'PROJECT_DIR' is not defined,2026-09-14T21:47:21.516127,reconciliation,0.01,1,0.0158311345646438
0.0,0.0,0.01,0.0,43,results/bob_recon_run_tp0.0_fk0.0_rp0.01_vd0.0_seed43_20260914_214722_523770.json,379,35,1,12,12,True,0,False,,0.7402434349060059,{},finite_key,{},0.4826653003692627,True,,results/alice_recon_run_seed43_20260914_214722_524942.json,1,results/bob_recon_run_tp0.0_fk0.0_rp0.01_vd0.0_seed43_20260914_214722_523770.json,exception: name 'PROJECT_DIR' is not defined,2026-09-14T21:47:23.725289,reconciliation,0.01,1,0.0158311345646438
0.0,0.0,0.01,0.0,44,results/bob_recon_run_tp0.0_fk0.0_rp0.01_vd0.0_seed44_20260914_214724_752844.json,379,35,1,12,12,False,1,False,,3.015498399734497,{'reconciliation_state': 1},finite_key,{},0.7566189765930176,False,,results/alice_recon_run_seed44_20260914_214724_738615.json,2,results/bob_recon_run_tp0.0_fk0.0_rp0.01_vd0.0_seed44_20260914_214724_752844.json,exception: name 'PROJECT_DIR' is not defined,2026-09-14T21:47:28.171666,reconciliation,0.01,1,0.0158311345646438
0.0,0.0,0.01,0.0,45,results/bob_recon_run_tp0.0_fk0.0_rp0.01_vd0.0_seed45_20260914_214729_179714.json,379,35,1,12,12,True,0,False,,0.816457986831665,{},finite_key,{},0.5581679344177246,True,,results/alice_recon_run_seed45_20260914_214729_182630.json,3,results/bob_recon_run_tp0.0_fk0.0_rp0.01_vd0.0_seed45_20260914_214729_179714.json,exception: name 'PROJECT_DIR' is not defined,2026-09-14T21:47:30.404994,reconciliation,0.01,1,0.0158311345646438
0.0,0.0,0.01,0.0,46,results/bob_recon_run_tp0.0_fk0.0_rp0.01_vd0.0_seed46_20260914_214731_421666.json,379,35,1,12,12,True,0,False,,1.3784587383270264,{},finite_key,{},0.3545112609863281,True,,results/alice_recon_run_seed46_20260914_214731_598861.json,4,results/bob_recon_run_tp0.0_fk0.0_rp0.01_vd0.0_seed46_20260914_214731_421666.json,exception: name 'PROJECT_DIR' is not defined,2026-09-14T21:47:33.420874,reconciliation,0.01,1,0.0158311345646438
0.0,0.0,0.01,0.0,47,results/bob_recon_run_tp0.0_fk0.0_rp0.01_vd0.0_seed47_20260914_214734_477206.json,379,35,1,12,12,True,0,False,,2.7307817935943604,{},finite_key,{},0.5478274822235107,True,,results/alice_recon_run_seed47_20260914_214734_438434.json,5,results/bob_recon_run_tp0.0_fk0.0_rp0.01_vd0.0_seed47_20260914_214734_477206.json,exception: name 'PROJECT_DIR' is not defined,2026-09-14T21:47:37.620752,reconciliation,0.01,1,0.0158311345646438
0.0,0.0,0.01,0.0,48,results/bob_recon_run_tp0.0_fk0.0_rp0.01_vd0.0_seed48_20260914_214738_642051.json,379,35,1,12,12,True,0,False,,3.1939704418182373,{},finite_key,{},0.35727429389953613,True,,results/alice_recon_run_seed48_20260914_214738_615672.json,6,results/bob_recon_run_tp0.0_fk0.0_rp0.01_vd0.0_seed48_20260914_214738_642051.json,exception: name 'PROJECT_DIR' is not defined,2026-09-14T21:47:42.244344,reconciliation,0.01,1,0.0158311345646438
0.0,0.0,0.01,0.0,49,results/bob_recon_run_tp0.0_fk0.0_rp0.01_vd0.0_seed49_20260914_214743_310113.json,379,35,1,12,12,True,0,False,,2.725969076156616,{},finite_key,{},0.4869554042816162,True,,results/alice_recon_run_seed49_20260914_214743_262885.json,7,results/bob_recon_run_tp0.0_fk0.0_rp0.01_vd0.0_seed49_20260914_214743_310113.json,exception: name 'PROJECT_DIR' is not defined,2026-09-14T21:47:46.444835,reconciliation,0.01,1,0.0158311345646438
0.0,0.0,0.01,0.0,50,results/bob_recon_run_tp0.0_fk0.0_rp0.01_vd0.0_seed50_20260914_214747_509211.json,379,35,1,12,12,False,1,False,,1.0669059753417969,{'reconciliation_state': 1},finite_key,{},0.698045015335083,False,,results/alice_recon_run_seed50_20260914_214747_621391.json,8,results/bob_recon_run_tp0.0_fk0.0_rp0.01_vd0.0_seed50_20260914_214747_509211.json,exception: name 'PROJECT_DIR' is not defined,2026-09-14T21:47:49.258118,reconciliation,0.01,1,0.0158311345646438
0.0,0.0,0.01,0.0,51,results/bob_recon_run_tp0.0_fk0.0_rp0.01_vd0.0_seed51_20260914_214750_284366.json,379,35,1,12,12,True,0,False,,2.8956029415130615,{},finite_key,{},0.6353309154510498,True,,results/alice_recon_run_seed51_20260914_214750_271815.json,9,results/bob_recon_run_tp0.0_fk0.0_rp0.01_vd0.0_seed51_20260914_214750_284366.json,exception: name 'PROJECT_DIR' is not defined,2026-09-14T21:47:53.589819,reconciliation,0.01,1,0.0158311345646438
0.0,0.0,0.03,0.0,42,results/bob_recon_run_tp0.0_fk0.0_rp0.03_vd0.0_seed42_20260914_214754_592122.json,379,35,1,12,12,False,1,False,,1.6923987865447998,{'reconciliation_state': 1},finite_key,{},0.6551411151885986,False,,results/alice_recon_run_seed42_20260914_214754_783551.json,0,results/bob_recon_run_tp0.0_fk0.0_rp0.03_vd0.0_seed42_20260914_214754_592122.json,exception: name 'PROJECT_DIR' is not defined,2026-09-14T21:47:56.966823,reconciliation,0.03,1,0.0158311345646438
0.0,0.0,0.03,0.0,43,results/bob_recon_run_tp0.0_fk0.0_rp0.03_vd0.0_seed43_20260914_214757_981924.json,379,35,1,12,12,True,0,False,,0.7543399333953857,{},finite_key,{},0.48381972312927246,True,,results/alice_recon_run_seed43_20260914_214757_992483.json,1,results/bob_recon_run_tp0.0_fk0.0_rp0.03_vd0.0_seed43_20260914_214757_981924.json,exception: name 'PROJECT_DIR' is not defined,2026-09-14T21:47:59.146264,reconciliation,0.03,1,0.0158311345646438
0.0,0.0,0.03,0.0,44,results/bob_recon_run_tp0.0_fk0.0_rp0.03_vd0.0_seed44_20260914_214800_198377.json,379,35,1,12,12,False,1,False,,2.985828161239624,{'reconciliation_state': 1},finite_key,{},0.7590122222900391,False,,results/alice_recon_run_seed44_20260914_214800_154643.json,2,results/bob_recon_run_tp0.0_fk0.0_rp0.03_vd0.0_seed44_20260914_214800_198377.json,exception: name 'PROJECT_DIR' is not defined,2026-09-14T21:48:03.610910,reconciliation,0.03,1,0.0158311345646438
0.0,0.0,0.03,0.0,45,results/bob_recon_run_tp0.0_fk0.0_rp0.03_vd0.0_seed45_20260914_214804_630667.json,379,35,1,12,12,True,0,False,,0.9896318912506104,{},finite_key,{},0.5575339794158936,True,,results/alice_recon_run_seed45_20260914_214804_803348.json,3,results/bob_recon_run_tp0.0_fk0.0_rp0.03_vd0.0_seed45_20260914_214804_630667.json,exception: name 'PROJECT_DIR' is not defined,2026-09-14T21:48:06.313342,reconciliation,0.03,1,0.0158311345646438
0.0,0.0,0.03,0.0,46,results/bob_recon_run_tp0.0_fk0.0_rp0.03_vd0.0_seed46_20260914_214807_338013.json,379,35,1,12,12,False,1,False,,3.094069719314575,{'reconciliation_state': 1},finite_key,{},0.8332979679107666,True,,results/alice_recon_run_seed46_20260914_214807_330135.json,4,results/bob_recon_run_tp0.0_fk0.0_rp0.03_vd0.0_seed46_20260914_214807_338013.json,exception: name 'PROJECT_DIR' is not defined,2026-09-14T21:48:10.838906,reconciliation,0.03,1,0.0158311345646438
0.0,0.0,0.03,0.0,47,results/bob_recon_run_tp0.0_fk0.0_rp0.03_vd0.0_seed47_20260914_214811_949030.json,379,35,1,12,12,False,2,False,,1.103990077972412,{'reconciliation_state': 2},finite_key,{},0.7611727714538574,False,,results/alice_recon_run_seed47_20260914_214812_035623.json,5,results/bob_recon_run_tp0.0_fk0.0_rp0.03_vd0.0_seed47_20260914_214811_949030.json,exception: name 'PROJECT_DIR' is not defined,2026-09-14T21:48:13.723204,reconciliation,0.03,1,0.0158311345646438
0.0,0.0,0.03,0.0,48,results/bob_recon_run_tp0.0_fk0.0_rp0.03_vd0.0_seed48_20260914_214814_758601.json,379,35,1,12,12,False,1,False,,3.4061074256896973,{'reconciliation_state': 1},finite_key,{},0.5584597587585449,False,,results/alice_recon_run_seed48_20260914_214814_742827.json,6,results/bob_recon_run_tp0.0_fk0.0_rp0.03_vd0.0_seed48_20260914_214814_758601.json,exception: name 'PROJECT_DIR' is not defined,2026-09-14T21:48:18.575945,reconciliation,0.03,1,0.0158311345646438
0.0,0.0,0.03,0.0,49,results/bob_recon_run_tp0.0_fk0.0_rp0.03_vd0.0_seed49_20260914_214819_584706.json,379,35,1,12,12,True,0,False,,0.9074234962463379,{},finite_key,{},0.48114681243896484,True,,results/alice_recon_run_seed49_20260914_214819_754536.json,7,results/bob_recon_run_tp0.0_fk0.0_rp0.03_vd0.0_seed49_20260914_214819_584706.json,exception: name 'PROJECT_DIR' is not defined,2026-09-14T21:48:21.185256,reconciliation,0.03,1,0.0158311345646438
0.0,0.0,0.03,0.0,50,results/bob_recon_run_tp0.0_fk0.0_rp0.03_vd0.0_seed50_20260914_214822_206436.json,379,35,1,12,12,False,2,False,,1.333686351776123,{'reconciliation_state': 2},finite_key,{},0.4930000305175781,True,,results/alice_recon_run_seed50_20260914_214822_200528.json,8,results/bob_recon_run_tp0.0_fk0.0_rp0.03_vd0.0_seed50_20260914_214822_206436.json,exception: name 'PROJECT_DIR' is not defined,2026-09-14T21:48:23.948317,reconciliation,0.03,1,0.0158311345646438
0.0,0.0,0.03,0.0,51,results/bob_recon_run_tp0.0_fk0.0_rp0.03_vd0.0_seed51_20260914_214824_972500.json,379,35,1,12,12,False,2,False,,1.0203588008880615,{'reconciliation_state': 2},finite_key,{},0.760993480682373,True,,results/alice_recon_run_seed51_20260914_214824_970832.json,9,results/bob_recon_run_tp0.0_fk0.0_rp0.03_vd0.0_seed51_20260914_214824_972500.json,exception: name 'PROJECT_DIR' is not defined,2026-09-14T21:48:26.702877,reconciliation,0.03,1,0.0158311345646438
0.0,0.0,0.05,0.0,42,results/bob_recon_run_tp0.0_fk0.0_rp0.05_vd0.0_seed42_20260914_214827_733156.json,379,35,1,12,12,False,1,False,,1.287224531173706,{'reconciliation_state': 1},finite_key,{},0.8567683696746826,True,,results/alice_recon_run_seed42_20260914_214827_899744.json,0,results/bob_recon_run_tp0.0_fk0.0_rp0.05_vd0.0_seed42_20260914_214827_733156.json,exception: name 'PROJECT_DIR' is not defined,2026-09-14T21:48:29.674036,reconciliation,0.05,1,0.0158311345646438
0.0,0.0,0.05,0.0,43,results/bob_recon_run_tp0.0_fk0.0_rp0.05_vd0.0_seed43_20260914_214830_688457.json,379,35,1,12,12,False,2,False,,1.6687123775482178,{'reconciliation_state': 2},finite_key,{},0.6554865837097168,False,,results/alice_recon_run_seed43_20260914_214830_851960.json,1,results/bob_recon_run_tp0.0_fk0.0_rp0.05_vd0.0_seed43_20260914_214830_688457.json,exception: name 'PROJECT_DIR' is not defined,2026-09-14T21:48:33.011138,reconciliation,0.05,1,0.0158311345646438
0.0,0.0,0.05,0.0,44,results/bob_recon_run_tp0.0_fk0.0_rp0.05_vd0.0_seed44_20260914_214834_077682.json,379,35,1,12,12,False,1,False,,3.370279550552368,{'reconciliation_state': 1},finite_key,{},0.5553138256072998,True,,results/alice_recon_run_seed44_20260914_214834_030117.json,2,results/bob_recon_run_tp0.0_fk0.0_rp0.05_vd0.0_seed44_20260914_214834_077682.json,exception: name 'PROJECT_DIR' is not defined,2026-09-14T21:48:37.849899,reconciliation,0.05,1,0.0158311345646438
0.0,0.0,0.05,0.0,45,results/bob_recon_run_tp0.0_fk0.0_rp0.05_vd0.0_seed45_20260914_214838_858948.json,379,35,1,12,12,True,0,False,,0.8211724758148193,{},finite_key,{},0.5615048408508301,True,,results/alice_recon_run_seed45_20260914_214838_861608.json,3,results/bob_recon_run_tp0.0_fk0.0_rp0.05_vd0.0_seed45_20260914_214838_858948.json,exception: name 'PROJECT_DIR' is not defined,2026-09-14T21:48:40.085848,reconciliation,0.05,1,0.0158311345646438
0.0,0.0,0.05,0.0,46,results/bob_recon_run_tp0.0_fk0.0_rp0.05_vd0.0_seed46_20260914_214841_115419.json,379,35,1,12,12,False,1,False,,1.253633737564087,{'reconciliation_state': 1},finite_key,{},0.8357558250427246,False,,results/alice_recon_run_seed46_20260914_214841_279982.json,4,results/bob_recon_run_tp0.0_fk0.0_rp0.05_vd0.0_seed46_20260914_214841_115419.json,exception: name 'PROJECT_DIR' is not defined,2026-09-14T21:48:43.019320,reconciliation,0.05,1,0.0158311345646438
0.0,0.0,0.05,0.0,47,results/bob_recon_run_tp0.0_fk0.0_rp0.05_vd0.0_seed47_20260914_214844_033197.json,379,35,1,12,12,False,4,False,,1.0309736728668213,{'reconciliation_state': 4},finite_key,{},0.7761225700378418,False,,results/alice_recon_run_seed47_20260914_214844_034019.json,5,results/bob_recon_run_tp0.0_fk0.0_rp0.05_vd0.0_seed47_20260914_214844_033197.json,exception: name 'PROJECT_DIR' is not defined,2026-09-14T21:48:45.466733,reconciliation,0.05,1,0.0158311345646438
0.0,0.0,0.05,0.0,48,results/bob_recon_run_tp0.0_fk0.0_rp0.05_vd0.0_seed48_20260914_214846_481931.json,379,35,1,12,12,False,1,False,,1.4022700786590576,{'reconciliation_state': 1},finite_key,{},0.5554959774017334,False,,results/alice_recon_run_seed48_20260914_214846_479900.json,6,results/bob_recon_run_tp0.0_fk0.0_rp0.05_vd0.0_seed48_20260914_214846_481931.json,exception: name 'PROJECT_DIR' is not defined,2026-09-14T21:48:48.289942,reconciliation,0.05,1,0.0158311345646438
0.0,0.0,0.05,0.0,49,results/bob_recon_run_tp0.0_fk0.0_rp0.05_vd0.0_seed49_20260914_214849_308984.json,379,35,1,12,12,True,0,False,,0.7348768711090088,{},finite_key,{},0.48111701011657715,True,,results/alice_recon_run_seed49_20260914_214849_308887.json,7,results/bob_recon_run_tp0.0_fk0.0_rp0.05_vd0.0_seed49_20260914_214849_308984.json,exception: name 'PROJECT_DIR' is not defined,2026-09-14T21:48:50.445619,reconciliation,0.05,1,0.0158311345646438
0.0,0.0,0.05,0.0,50,results/bob_recon_run_tp0.0_fk0.0_rp0.05_vd0.0_seed50_20260914_214851_481599.json,379,35,1,12,12,False,2,False,,2.942493438720703,{'reconciliation_state': 2},finite_key,{},0.7000026702880859,True,,results/alice_recon_run_seed50_20260914_214851_458823.json,8,results/bob_recon_run_tp0.0_fk0.0_rp0.05_vd0.0_seed50_20260914_214851_481599.json,exception: name 'PROJECT_DIR' is not defined,2026-09-14T21:48:54.830277,reconciliation,0.05,1,0.0158311345646438
0.0,0.0,0.05,0.0,51,results/bob_recon_run_tp0.0_fk0.0_rp0.05_vd0.0_seed51_20260914_214855_844261.json,379,35,1,12,12,False,2,False,,1.0197432041168213,{'reconciliation_state': 2},finite_key,{},0.7652204036712646,False,,results/alice_recon_run_seed51_20260914_214855_845595.json,9,results/bob_recon_run_tp0.0_fk0.0_rp0.05_vd0.0_seed51_20260914_214855_844261.json,exception: name 'PROJECT_DIR' is not defined,2026-09-14T21:48:57.268755,reconciliation,0.05,1,0.0158311345646438
0.0,0.0,0.1,0.0,42,results/bob_recon_run_tp0.0_fk0.0_rp0.1_vd0.0_seed42_20260914_214858_290506.json,379,35,1,12,12,False,2,False,,3.117953062057495,{'reconciliation_state': 2},finite_key,{},0.8639512062072754,True,,results/alice_recon_run_seed42_20260914_214858_276524.json,0,results/bob_recon_run_tp0.0_fk0.0_rp0.1_vd0.0_seed42_20260914_214858_290506.json,exception: name 'PROJECT_DIR' is not defined,2026-09-14T21:49:01.813419,reconciliation,0.1,1,0.0158311345646438
0.0,0.0,0.1,0.0,43,results/bob_recon_run_tp0.0_fk0.0_rp0.1_vd0.0_seed43_20260914_214902_837528.json,379,35,1,12,12,False,3,False,,3.514441728591919,{'reconciliation_state': 3},finite_key,{},0.6630771160125732,False,,results/alice_recon_run_seed43_20260914_214902_824181.json,1,results/bob_recon_run_tp0.0_fk0.0_rp0.1_vd0.0_seed43_20260914_214902_837528.json,exception: name 'PROJECT_DIR' is not defined,2026-09-14T21:49:06.755370,reconciliation,0.1,1,0.0158311345646438
0.0,0.0,0.1,0.0,44,results/bob_recon_run_tp0.0_fk0.0_rp0.1_vd0.0_seed44_20260914_214907_805990.json,379,35,1,12,12,False,6,False,,3.081864595413208,{'reconciliation_state': 6},finite_key,{},0.8499047756195068,True,,results/alice_recon_run_seed44_20260914_214907_768918.json,2,results/bob_recon_run_tp0.0_fk0.0_rp0.1_vd0.0_seed44_20260914_214907_805990.json,exception: name 'PROJECT_DIR' is not defined,2026-09-14T21:49:11.293902,reconciliation,0.1,1,0.0158311345646438
0.0,0.0,0.1,0.0,45,results/bob_recon_run_tp0.0_fk0.0_rp0.1_vd0.0_seed45_20260914_214912_343712.json,379,35,1,12,12,False,1,False,,3.0322659015655518,{'reconciliation_state': 1},finite_key,{},0.7986812591552734,True,,results/alice_recon_run_seed45_20260914_214912_306918.json,3,results/bob_recon_run_tp0.0_fk0.0_rp0.1_vd0.0_seed45_20260914_214912_343712.json,exception: name 'PROJECT_DIR' is not defined,2026-09-14T21:49:15.781123,reconciliation,0.1,1,0.0158311345646438
0.0,0.0,0.1,0.0,46,results/bob_recon_run_tp0.0_fk0.0_rp0.1_vd0.0_seed46_20260914_214916_797195.json,379,35,1,12,12,False,3,False,,1.1555838584899902,{'reconciliation_state': 3},finite_key,{},0.9031069278717041,True,,results/alice_recon_run_seed46_20260914_214916_794873.json,4,results/bob_recon_run_tp0.0_fk0.0_rp0.1_vd0.0_seed46_20260914_214916_797195.json,exception: name 'PROJECT_DIR' is not defined,2026-09-14T21:49:18.356660,reconciliation,0.1,1,0.0158311345646438
0.0,0.0,0.1,0.0,47,results/bob_recon_run_tp0.0_fk0.0_rp0.1_vd0.0_seed47_20260914_214919_391865.json,379,35,1,12,12,False,6,False,,3.3798861503601074,{'reconciliation_state': 6},finite_key,{},0.5484180450439453,False,,results/alice_recon_run_seed47_20260914_214919_363282.json,5,results/bob_recon_run_tp0.0_fk0.0_rp0.1_vd0.0_seed47_20260914_214919_391865.json,exception: name 'PROJECT_DIR' is not defined,2026-09-14T21:49:23.173317,reconciliation,0.1,1,0.0158311345646438
0.0,0.0,0.1,0.0,48,results/bob_recon_run_tp0.0_fk0.0_rp0.1_vd0.0_seed48_20260914_214924_205243.json,379,35,1,12,12,False,3,False,,3.0230300426483154,{'reconciliation_state': 3},finite_key,{},0.7754983901977539,True,,results/alice_recon_run_seed48_20260914_214924_187370.json,6,results/bob_recon_run_tp0.0_fk0.0_rp0.1_vd0.0_seed48_20260914_214924_205243.json,exception: name 'PROJECT_DIR' is not defined,2026-09-14T21:49:27.632322,reconciliation,0.1,1,0.0158311345646438
0.0,0.0,0.1,0.0,49,results/bob_recon_run_tp0.0_fk0.0_rp0.1_vd0.0_seed49_20260914_214928_734975.json,379,35,1,12,12,False,3,False,,2.9414994716644287,{'reconciliation_state': 3},finite_key,{},0.7580585479736328,True,,results/alice_recon_run_seed49_20260914_214928_649883.json,7,results/bob_recon_run_tp0.0_fk0.0_rp0.1_vd0.0_seed49_20260914_214928_734975.json,exception: name 'PROJECT_DIR' is not defined,2026-09-14T21:49:32.092757,reconciliation,0.1,1,0.0158311345646438
0.0,0.0,0.1,0.0,50,results/bob_recon_run_tp0.0_fk0.0_rp0.1_vd0.0_seed50_20260914_214933_116911.json,379,35,1,12,12,False,5,False,,2.9553754329681396,{'reconciliation_state': 5},finite_key,{},0.6983962059020996,True,,results/alice_recon_run_seed50_20260914_214933_106009.json,8,results/bob_recon_run_tp0.0_fk0.0_rp0.1_vd0.0_seed50_20260914_214933_116911.json,exception: name 'PROJECT_DIR' is not defined,2026-09-14T21:49:36.477671,reconciliation,0.1,1,0.0158311345646438
0.0,0.0,0.1,0.0,51,results/bob_recon_run_tp0.0_fk0.0_rp0.1_vd0.0_seed51_20260914_214937_481598.json,379,35,1,12,12,False,4,False,,1.130380392074585,{'reconciliation_state': 4},finite_key,{},0.8622362613677979,True,,results/alice_recon_run_seed51_20260914_214937_496820.json,9,results/bob_recon_run_tp0.0_fk0.0_rp0.1_vd0.0_seed51_20260914_214937_481598.json,exception: name 'PROJECT_DIR' is not defined,2026-09-14T21:49:39.015021,reconciliation,0.1,1,0.0158311345646438
0.0,0.0,0.3,0.0,42,results/bob_recon_run_tp0.0_fk0.0_rp0.3_vd0.0_seed42_20260914_214940_027258.json,379,34,1,12,12,False,13,False,,1.0527005195617676,{'reconciliation_state': 12},finite_key,{},0.6595056056976318,True,,results/alice_recon_run_seed42_20260914_214940_029251.json,0,results/bob_recon_run_tp0.0_fk0.0_rp0.3_vd0.0_seed42_20260914_214940_027258.json,exception: name 'PROJECT_DIR' is not defined,2026-09-14T21:49:41.486183,reconciliation,0.3,1,0.0158311345646438
0.0,0.0,0.3,0.0,43,results/bob_recon_run_tp0.0_fk0.0_rp0.3_vd0.0_seed43_20260914_214942_511039.json,379,35,1,12,12,False,8,False,,3.1773853302001953,{'reconciliation_state': 8},finite_key,{},0.9215521812438965,False,,results/alice_recon_run_seed43_20260914_214942_499228.json,1,results/bob_recon_run_tp0.0_fk0.0_rp0.3_vd0.0_seed43_20260914_214942_511039.json,exception: name 'PROJECT_DIR' is not defined,2026-09-14T21:49:46.092338,reconciliation,0.3,1,0.0158311345646438
0.0,0.0,0.3,0.0,44,results/bob_recon_run_tp0.0_fk0.0_rp0.3_vd0.0_seed44_20260914_214947_107030.json,379,35,1,12,12,False,10,False,,1.4971444606781006,{'reconciliation_state': 10},finite_key,{},0.6581857204437256,True,,results/alice_recon_run_seed44_20260914_214947_100002.json,2,results/bob_recon_run_tp0.0_fk0.0_rp0.3_vd0.0_seed44_20260914_214947_107030.json,exception: name 'PROJECT_DIR' is not defined,2026-09-14T21:49:49.009407,reconciliation,0.3,1,0.0158311345646438
0.0,0.0,0.3,0.0,45,results/bob_recon_run_tp0.0_fk0.0_rp0.3_vd0.0_seed45_20260914_214950_048389.json,379,35,1,12,12,False,7,False,,3.1715378761291504,{'reconciliation_state': 7},finite_key,{},0.92262864112854,False,,results/alice_recon_run_seed45_20260914_214950_028524.json,3,results/bob_recon_run_tp0.0_fk0.0_rp0.3_vd0.0_seed45_20260914_214950_048389.json,exception: name 'PROJECT_DIR' is not defined,2026-09-14T21:49:53.625240,reconciliation,0.3,1,0.0158311345646438
0.0,0.0,0.3,0.0,46,results/bob_recon_run_tp0.0_fk0.0_rp0.3_vd0.0_seed46_20260914_214954_645683.json,379,34,1,12,12,False,10,False,,3.0386407375335693,{'reconciliation_state': 9},finite_key,{},0.7767682075500488,True,,results/alice_recon_run_seed46_20260914_214954_637016.json,4,results/bob_recon_run_tp0.0_fk0.0_rp0.3_vd0.0_seed46_20260914_214954_645683.json,exception: name 'PROJECT_DIR' is not defined,2026-09-14T21:49:58.089177,reconciliation,0.3,1,0.0158311345646438
0.0,0.0,0.3,0.0,47,results/bob_recon_run_tp0.0_fk0.0_rp0.3_vd0.0_seed47_20260914_214959_095910.json,379,35,1,12,12,False,11,False,,1.140594244003296,{'reconciliation_state': 11},finite_key,{},0.8722014427185059,True,,results/alice_recon_run_seed47_20260914_214959_109450.json,5,results/bob_recon_run_tp0.0_fk0.0_rp0.3_vd0.0_seed47_20260914_214959_095910.json,exception: name 'PROJECT_DIR' is not defined,2026-09-14T21:50:00.642489,reconciliation,0.3,1,0.0158311345646438
0.0,0.0,0.3,0.0,48,results/bob_recon_run_tp0.0_fk0.0_rp0.3_vd0.0_seed48_20260914_215001_650892.json,379,35,1,12,12,False,10,False,,1.2733407020568848,{'reconciliation_state': 10},finite_key,{},1.00856614112854,True,,results/alice_recon_run_seed48_20260914_215001_660728.json,6,results/bob_recon_run_tp0.0_fk0.0_rp0.3_vd0.0_seed48_20260914_215001_650892.json,exception: name 'PROJECT_DIR' is not defined,2026-09-14T21:50:03.330705,reconciliation,0.3,1,0.0158311345646438
0.0,0.0,0.3,0.0,49,results/bob_recon_run_tp0.0_fk0.0_rp0.3_vd0.0_seed49_20260914_215004_340119.json,379,35,1,12,12,False,10,False,,1.1320030689239502,{'reconciliation_state': 10},finite_key,{},0.8700234889984131,True,,results/alice_recon_run_seed49_20260914_215004_347116.json,7,results/bob_recon_run_tp0.0_fk0.0_rp0.3_vd0.0_seed49_20260914_215004_340119.json,exception: name 'PROJECT_DIR' is not defined,2026-09-14T21:50:05.877898,reconciliation,0.3,1,0.0158311345646438
0.0,0.0,0.3,0.0,50,results/bob_recon_run_tp0.0_fk0.0_rp0.3_vd0.0_seed50_20260914_215006_889066.json,379,35,1,12,12,False,10,False,,1.527069330215454,{'reconciliation_state': 10},finite_key,{},0.5032134056091309,True,,results/alice_recon_run_seed50_20260914_215007_065194.json,8,results/bob_recon_run_tp0.0_fk0.0_rp0.3_vd0.0_seed50_20260914_215006_889066.json,exception: name 'PROJECT_DIR' is not defined,2026-09-14T21:50:09.065826,reconciliation,0.3,1,0.0158311345646438
0.0,0.0,0.3,0.0,51,results/bob_recon_run_tp0.0_fk0.0_rp0.3_vd0.0_seed51_20260914_215010_073599.json,379,34,1,12,12,False,9,False,,1.6990735530853271,{'reconciliation_state': 8},finite_key,{},0.6635491847991943,True,,results/alice_recon_run_seed51_20260914_215010_258538.json,9,results/bob_recon_run_tp0.0_fk0.0_rp0.3_vd0.0_seed51_20260914_215010_073599.json,exception: name 'PROJECT_DIR' is not defined,2026-09-14T21:50:12.374183,reconciliation,0.3,1,0.0158311345646438
0.0,0.0,0.5,0.0,42,results/bob_recon_run_tp0.0_fk0.0_rp0.5_vd0.0_seed42_20260914_215013_378455.json,379,34,1,12,12,False,18,False,,1.1416754722595215,{'reconciliation_state': 17},finite_key,{},0.7880730628967285,True,,results/alice_recon_run_seed42_20260914_215013_478339.json,0,results/bob_recon_run_tp0.0_fk0.0_rp0.5_vd0.0_seed42_20260914_215013_378455.json,exception: name 'PROJECT_DIR' is not defined,2026-09-14T21:50:14.944975,reconciliation,0.5,1,0.0158311345646438
0.0,0.0,0.5,0.0,43,results/bob_recon_run_tp0.0_fk0.0_rp0.5_vd0.0_seed43_20260914_215015_942831.json,379,35,1,12,12,False,12,False,,1.2494142055511475,{'reconciliation_state': 12},finite_key,{},0.9633495807647705,False,,results/alice_recon_run_seed43_20260914_215015_974250.json,1,results/bob_recon_run_tp0.0_fk0.0_rp0.5_vd0.0_seed43_20260914_215015_942831.json,exception: name 'PROJECT_DIR' is not defined,2026-09-14T21:50:17.601212,reconciliation,0.5,1,0.0158311345646438
0.0,0.0,0.5,0.0,44,results/bob_recon_run_tp0.0_fk0.0_rp0.5_vd0.0_seed44_20260914_215018_599205.json,379,35,1,12,12,False,15,False,,1.1410012245178223,{'reconciliation_state': 15},finite_key,{},0.872549295425415,True,,results/alice_recon_run_seed44_20260914_215018_611467.json,2,results/bob_recon_run_tp0.0_fk0.0_rp0.5_vd0.0_seed44_20260914_215018_599205.json,exception: name 'PROJECT_DIR' is not defined,2026-09-14T21:50:20.144460,reconciliation,0.5,1,0.0158311345646438
0.0,0.0,0.5,0.0,45,results/bob_recon_run_tp0.0_fk0.0_rp0.5_vd0.0_seed45_20260914_215021_148427.json,379,34,1,12,12,False,13,False,,1.1476197242736816,{'reconciliation_state': 12},finite_key,{},0.8388609886169434,False,,results/alice_recon_run_seed45_20260914_215021_205193.json,3,results/bob_recon_run_tp0.0_fk0.0_rp0.5_vd0.0_seed45_20260914_215021_148427.json,exception: name 'PROJECT_DIR' is not defined,2026-09-14T21:50:22.704263,reconciliation,0.5,1,0.0158311345646438
0.0,0.0,0.5,0.0,46,results/bob_recon_run_tp0.0_fk0.0_rp0.5_vd0.0_seed46_20260914_215023_711817.json,379,34,1,12,12,False,19,False,,1.1362524032592773,{'reconciliation_state': 18},finite_key,{},0.8708100318908691,False,,results/alice_recon_run_seed46_20260914_215023_723080.json,4,results/bob_recon_run_tp0.0_fk0.0_rp0.5_vd0.0_seed46_20260914_215023_711817.json,exception: name 'PROJECT_DIR' is not defined,2026-09-14T21:50:25.257362,reconciliation,0.5,1,0.0158311345646438
0.0,0.0,0.5,0.0,47,results/bob_recon_run_tp0.0_fk0.0_rp0.5_vd0.0_seed47_20260914_215026_284967.json,379,34,1,12,12,False,16,False,,1.0589654445648193,{'reconciliation_state': 15},finite_key,{},0.7758738994598389,True,,results/alice_recon_run_seed47_20260914_215026_312237.json,5,results/bob_recon_run_tp0.0_fk0.0_rp0.5_vd0.0_seed47_20260914_215026_284967.json,exception: name 'PROJECT_DIR' is not defined,2026-09-14T21:50:27.749213,reconciliation,0.5,1,0.0158311345646438
0.0,0.0,0.5,0.0,48,results/bob_recon_run_tp0.0_fk0.0_rp0.5_vd0.0_seed48_20260914_215028_762105.json,379,34,1,12,12,False,19,False,,1.1221752166748047,{'reconciliation_state': 18},finite_key,{},0.870314359664917,False,,results/alice_recon_run_seed48_20260914_215028_761681.json,6,results/bob_recon_run_tp0.0_fk0.0_rp0.5_vd0.0_seed48_20260914_215028_762105.json,exception: name 'PROJECT_DIR' is not defined,2026-09-14T21:50:30.290900,reconciliation,0.5,1,0.0158311345646438
0.0,0.0,0.5,0.0,49,results/bob_recon_run_tp0.0_fk0.0_rp0.5_vd0.0_seed49_20260914_215031_310563.json,379,33,1,12,12,False,21,False,,1.0575766563415527,{'reconciliation_state': 19},finite_key,{},0.7681994438171387,True,,results/alice_recon_run_seed49_20260914_215031_346335.json,7,results/bob_recon_run_tp0.0_fk0.0_rp0.5_vd0.0_seed49_20260914_215031_310563.json,exception: name 'PROJECT_DIR' is not defined,2026-09-14T21:50:32.827595,reconciliation,0.5,1,0.0158311345646438
0.0,0.0,0.5,0.0,50,results/bob_recon_run_tp0.0_fk0.0_rp0.5_vd0.0_seed50_20260914_215033_964497.json,379,35,1,12,12,False,20,False,,3.375544309616089,{'reconciliation_state': 20},finite_key,{},0.6359007358551025,False,,results/alice_recon_run_seed50_20260914_215033_841851.json,8,results/bob_recon_run_tp0.0_fk0.0_rp0.5_vd0.0_seed50_20260914_215033_964497.json,exception: name 'PROJECT_DIR' is not defined,2026-09-14T21:50:37.746340,reconciliation,0.5,1,0.0158311345646438
0.0,0.0,0.5,0.0,51,results/bob_recon_run_tp0.0_fk0.0_rp0.5_vd0.0_seed51_20260914_215038_781030.json,379,34,1,12,12,False,14,False,,1.151275396347046,{'reconciliation_state': 13},finite_key,{},0.8668298721313477,True,,results/alice_recon_run_seed51_20260914_215038_801743.json,9,results/bob_recon_run_tp0.0_fk0.0_rp0.5_vd0.0_seed51_20260914_215038_781030.json,exception: name 'PROJECT_DIR' is not defined,2026-09-14T21:50:40.337489,reconciliation,0.5,1,0.0158311345646438
0.0,0.0,0.001,0.0,42,results/bob_recon_run_tp0.0_fk0.0_rp0.001_vd0.0_seed42_20260914_220654_895088.json,374,37,337,12,12,True,0,False,,2.8531274795532227,{},finite_key,{},1.4724247455596924,True,,results/alice_recon_run_seed42_20260914_220654_940943.json,0,results/bob_recon_run_tp0.0_fk0.0_rp0.001_vd0.0_seed42_20260914_220654_895088.json,exception: name 'PROJECT_DIR' is not defined,2026-09-14T22:06:58.221779,reconciliation,0.001,2,0.0026737967914438
0.0,0.0,0.001,0.0,43,results/bob_recon_run_tp0.0_fk0.0_rp0.001_vd0.0_seed43_20260914_220659_239780.json,374,37,337,12,12,True,0,False,,2.6359710693359375,{},finite_key,{},1.2541887760162354,True,,results/alice_recon_run_seed43_20260914_220659_289111.json,1,results/bob_recon_run_tp0.0_fk0.0_rp0.001_vd0.0_seed43_20260914_220659_239780.json,exception: name 'PROJECT_DIR' is not defined,2026-09-14T22:07:02.295870,reconciliation,0.001,2,0.0026737967914438
0.0,0.0,0.001,0.0,44,results/bob_recon_run_tp0.0_fk0.0_rp0.001_vd0.0_seed44_20260914_220703_301936.json,374,37,337,12,12,True,0,False,,2.1226658821105957,{},finite_key,{},1.0787787437438965,True,,results/alice_recon_run_seed44_20260914_220703_464718.json,2,results/bob_recon_run_tp0.0_fk0.0_rp0.001_vd0.0_seed44_20260914_220703_301936.json,exception: name 'PROJECT_DIR' is not defined,2026-09-14T22:07:06.133983,reconciliation,0.001,2,0.0026737967914438
0.0,0.0,0.001,0.0,45,results/bob_recon_run_tp0.0_fk0.0_rp0.001_vd0.0_seed45_20260914_220707_138071.json,374,37,337,12,12,True,0,False,,3.165703058242798,{},finite_key,{},1.542273998260498,True,,results/alice_recon_run_seed45_20260914_220707_220963.json,3,results/bob_recon_run_tp0.0_fk0.0_rp0.001_vd0.0_seed45_20260914_220707_138071.json,exception: name 'PROJECT_DIR' is not defined,2026-09-14T22:07:10.784803,reconciliation,0.001,2,0.0026737967914438
0.0,0.0,0.001,0.0,46,results/bob_recon_run_tp0.0_fk0.0_rp0.001_vd0.0_seed46_20260914_220711_787722.json,374,37,337,12,12,True,0,False,,2.8127284049987793,{},finite_key,{},1.200810194015503,True,,results/alice_recon_run_seed46_20260914_220711_857963.json,4,results/bob_recon_run_tp0.0_fk0.0_rp0.001_vd0.0_seed46_20260914_220711_787722.json,exception: name 'PROJECT_DIR' is not defined,2026-09-14T22:07:15.034049,reconciliation,0.001,2,0.0026737967914438
0.0,0.0,0.001,0.0,47,results/bob_recon_run_tp0.0_fk0.0_rp0.001_vd0.0_seed47_20260914_220716_035892.json,374,37,337,12,12,True,0,False,,2.8924715518951416,{},finite_key,{},1.7341182231903076,True,,results/alice_recon_run_seed47_20260914_220716_106306.json,5,results/bob_recon_run_tp0.0_fk0.0_rp0.001_vd0.0_seed47_20260914_220716_035892.json,exception: name 'PROJECT_DIR' is not defined,2026-09-14T22:07:19.355220,reconciliation,0.001,2,0.0026737967914438
0.0,0.0,0.001,0.0,48,results/bob_recon_run_tp0.0_fk0.0_rp0.001_vd0.0_seed48_20260914_220720_480171.json,374,37,337,12,12,True,0,False,,4.800497055053711,{},finite_key,{},1.5065314769744873,True,,results/alice_recon_run_seed48_20260914_220720_430153.json,6,results/bob_recon_run_tp0.0_fk0.0_rp0.001_vd0.0_seed48_20260914_220720_480171.json,exception: name 'PROJECT_DIR' is not defined,2026-09-14T22:07:25.730250,reconciliation,0.001,2,0.0026737967914438
0.0,0.0,0.001,0.0,49,results/bob_recon_run_tp0.0_fk0.0_rp0.001_vd0.0_seed49_20260914_220726_746238.json,374,35,337,12,12,False,2,False,,2.9432661533355713,{},finite_key,{},1.5615129470825195,False,,results/alice_recon_run_seed49_20260914_220726_799823.json,7,results/bob_recon_run_tp0.0_fk0.0_rp0.001_vd0.0_seed49_20260914_220726_746238.json,exception: name 'PROJECT_DIR' is not defined,2026-09-14T22:07:30.112047,reconciliation,0.001,2,0.0026737967914438
0.0,0.0,0.001,0.0,50,results/bob_recon_run_tp0.0_fk0.0_rp0.001_vd0.0_seed50_20260914_220731_117153.json,374,37,337,12,12,True,0,False,,3.0068020820617676,{},finite_key,{},1.2724597454071045,True,,results/alice_recon_run_seed50_20260914_220731_314777.json,8,results/bob_recon_run_tp0.0_fk0.0_rp0.001_vd0.0_seed50_20260914_220731_117153.json,exception: name 'PROJECT_DIR' is not defined,2026-09-14T22:07:34.837123,reconciliation,0.001,2,0.0026737967914438
0.0,0.0,0.001,0.0,51,results/bob_recon_run_tp0.0_fk0.0_rp0.001_vd0.0_seed51_20260914_220735_857260.json,374,37,337,12,12,True,0,False,,3.1905298233032227,{},finite_key,{},1.6297123432159424,True,,results/alice_recon_run_seed51_20260914_220735_877010.json,9,results/bob_recon_run_tp0.0_fk0.0_rp0.001_vd0.0_seed51_20260914_220735_857260.json,exception: name 'PROJECT_DIR' is not defined,2026-09-14T22:07:39.468399,reconciliation,0.001,2,0.0026737967914438
0.0,0.0,0.003,0.0,42,results/bob_recon_run_tp0.0_fk0.0_rp0.003_vd0.0_seed42_20260914_220740_478947.json,374,37,337,12,12,True,0,False,,2.8286712169647217,{},finite_key,{},1.475881814956665,True,,results/alice_recon_run_seed42_20260914_220740_500129.json,0,results/bob_recon_run_tp0.0_fk0.0_rp0.003_vd0.0_seed42_20260914_220740_478947.json,exception: name 'PROJECT_DIR' is not defined,2026-09-14T22:07:43.727710,reconciliation,0.003,2,0.0026737967914438
0.0,0.0,0.003,0.0,43,results/bob_recon_run_tp0.0_fk0.0_rp0.003_vd0.0_seed43_20260914_220744_747607.json,374,37,337,12,12,True,0,False,,2.60006046295166,{},finite_key,{},1.2590112686157227,True,,results/alice_recon_run_seed43_20260914_220744_756512.json,1,results/bob_recon_run_tp0.0_fk0.0_rp0.003_vd0.0_seed43_20260914_220744_747607.json,exception: name 'PROJECT_DIR' is not defined,2026-09-14T22:07:47.768702,reconciliation,0.003,2,0.0026737967914438
0.0,0.0,0.003,0.0,44,results/bob_recon_run_tp0.0_fk0.0_rp0.003_vd0.0_seed44_20260914_220748_769836.json,374,37,337,12,12,True,0,False,,2.4380557537078857,{},finite_key,{},1.0757334232330322,True,,results/alice_recon_run_seed44_20260914_220748_798559.json,2,results/bob_recon_run_tp0.0_fk0.0_rp0.003_vd0.0_seed44_20260914_220748_769836.json,exception: name 'PROJECT_DIR' is not defined,2026-09-14T22:07:51.684181,reconciliation,0.003,2,0.0026737967914438
0.0,0.0,0.003,0.0,45,results/bob_recon_run_tp0.0_fk0.0_rp0.003_vd0.0_seed45_20260914_220752_689155.json,374,37,337,12,12,True,0,False,,2.8911478519439697,{},finite_key,{},1.5381271839141846,True,,results/alice_recon_run_seed45_20260914_220752_712497.json,3,results/bob_recon_run_tp0.0_fk0.0_rp0.003_vd0.0_seed45_20260914_220752_689155.json,exception: name 'PROJECT_DIR' is not defined,2026-09-14T22:07:56.010568,reconciliation,0.003,2,0.0026737967914438
0.0,0.0,0.003,0.0,46,results/bob_recon_run_tp0.0_fk0.0_rp0.003_vd0.0_seed46_20260914_220757_033083.json,374,37,337,12,12,True,0,False,,2.5431294441223145,{},finite_key,{},1.1987977027893066,True,,results/alice_recon_run_seed46_20260914_220757_041974.json,4,results/bob_recon_run_tp0.0_fk0.0_rp0.003_vd0.0_seed46_20260914_220757_033083.json,exception: name 'PROJECT_DIR' is not defined,2026-09-14T22:07:59.997983,reconciliation,0.003,2,0.0026737967914438
0.0,0.0,0.003,0.0,47,results/bob_recon_run_tp0.0_fk0.0_rp0.003_vd0.0_seed47_20260914_220801_005648.json,374,37,337,12,12,True,0,False,,3.2904927730560303,{},finite_key,{},1.730539083480835,True,,results/alice_recon_run_seed47_20260914_220801_024370.json,5,results/bob_recon_run_tp0.0_fk0.0_rp0.003_vd0.0_seed47_20260914_220801_005648.json,exception: name 'PROJECT_DIR' is not defined,2026-09-14T22:08:04.719074,reconciliation,0.003,2,0.0026737967914438
0.0,0.0,0.003,0.0,48,results/bob_recon_run_tp0.0_fk0.0_rp0.003_vd0.0_seed48_20260914_220805_742966.json,374,37,337,12,12,True,0,False,,3.048842430114746,{},finite_key,{},1.5023245811462402,True,,results/alice_recon_run_seed48_20260914_220805_750858.json,6,results/bob_recon_run_tp0.0_fk0.0_rp0.003_vd0.0_seed48_20260914_220805_742966.json,exception: name 'PROJECT_DIR' is not defined,2026-09-14T22:08:09.214335,reconciliation,0.003,2,0.0026737967914438
0.0,0.0,0.003,0.0,49,results/bob_recon_run_tp0.0_fk0.0_rp0.003_vd0.0_seed49_20260914_220810_215942.json,374,35,337,12,12,False,2,False,,2.9079182147979736,{},finite_key,{},1.5524535179138184,False,,results/alice_recon_run_seed49_20260914_220810_239783.json,7,results/bob_recon_run_tp0.0_fk0.0_rp0.003_vd0.0_seed49_20260914_220810_215942.json,exception: name 'PROJECT_DIR' is not defined,2026-09-14T22:08:13.546300,reconciliation,0.003,2,0.0026737967914438
0.0,0.0,0.003,0.0,50,results/bob_recon_run_tp0.0_fk0.0_rp0.003_vd0.0_seed50_20260914_220814_561065.json,374,37,337,12,12,True,0,False,,2.614398241043091,{},finite_key,{},1.2674777507781982,True,,results/alice_recon_run_seed50_20260914_220814_574820.json,8,results/bob_recon_run_tp0.0_fk0.0_rp0.003_vd0.0_seed50_20260914_220814_561065.json,exception: name 'PROJECT_DIR' is not defined,2026-09-14T22:08:17.598148,reconciliation,0.003,2,0.0026737967914438
0.0,0.0,0.003,0.0,51,results/bob_recon_run_tp0.0_fk0.0_rp0.003_vd0.0_seed51_20260914_220818_629093.json,374,37,337,12,12,True,0,False,,2.9549179077148438,{},finite_key,{},1.6231532096862793,True,,results/alice_recon_run_seed51_20260914_220818_628304.json,9,results/bob_recon_run_tp0.0_fk0.0_rp0.003_vd0.0_seed51_20260914_220818_629093.json,exception: name 'PROJECT_DIR' is not defined,2026-09-14T22:08:22.011896,reconciliation,0.003,2,0.0026737967914438
0.0,0.0,0.01,0.0,42,results/bob_recon_run_tp0.0_fk0.0_rp0.01_vd0.0_seed42_20260914_220823_030887.json,374,37,337,12,12,True,0,False,,2.820850372314453,{},finite_key,{},1.4747586250305176,True,,results/alice_recon_run_seed42_20260914_220823_042269.json,0,results/bob_recon_run_tp0.0_fk0.0_rp0.01_vd0.0_seed42_20260914_220823_030887.json,exception: name 'PROJECT_DIR' is not defined,2026-09-14T22:08:26.271469,reconciliation,0.01,2,0.0026737967914438
0.0,0.0,0.01,0.0,43,results/bob_recon_run_tp0.0_fk0.0_rp0.01_vd0.0_seed43_20260914_220827_284113.json,374,37,337,12,12,True,0,False,,2.6757686138153076,{},finite_key,{},1.2677137851715088,True,,results/alice_recon_run_seed43_20260914_220827_356263.json,1,results/bob_recon_run_tp0.0_fk0.0_rp0.01_vd0.0_seed43_20260914_220827_284113.json,exception: name 'PROJECT_DIR' is not defined,2026-09-14T22:08:30.385329,reconciliation,0.01,2,0.0026737967914438
0.0,0.0,0.01,0.0,44,results/bob_recon_run_tp0.0_fk0.0_rp0.01_vd0.0_seed44_20260914_220831_399828.json,374,37,337,12,12,False,1,False,,2.567932605743408,{'reconciliation_state': 1},finite_key,{},1.2159390449523926,False,,results/alice_recon_run_seed44_20260914_220831_413264.json,2,results/bob_recon_run_tp0.0_fk0.0_rp0.01_vd0.0_seed44_20260914_220831_399828.json,exception: name 'PROJECT_DIR' is not defined,2026-09-14T22:08:34.390596,reconciliation,0.01,2,0.0026737967914438
0.0,0.0,0.01,0.0,45,results/bob_recon_run_tp0.0_fk0.0_rp0.01_vd0.0_seed45_20260914_220835_413900.json,374,37,337,12,12,True,0,False,,3.113924980163574,{},finite_key,{},1.5274772644042969,True,,results/alice_recon_run_seed45_20260914_220835_457962.json,3,results/bob_recon_run_tp0.0_fk0.0_rp0.01_vd0.0_seed45_20260914_220835_413900.json,exception: name 'PROJECT_DIR' is not defined,2026-09-14T22:08:38.948573,reconciliation,0.01,2,0.0026737967914438
0.0,0.0,0.01,0.0,46,results/bob_recon_run_tp0.0_fk0.0_rp0.01_vd0.0_seed46_20260914_220839_975240.json,374,37,337,12,12,True,0,False,,2.5324127674102783,{},finite_key,{},1.1958165168762207,True,,results/alice_recon_run_seed46_20260914_220839_979685.json,4,results/bob_recon_run_tp0.0_fk0.0_rp0.01_vd0.0_seed46_20260914_220839_975240.json,exception: name 'PROJECT_DIR' is not defined,2026-09-14T22:08:42.928690,reconciliation,0.01,2,0.0026737967914438
0.0,0.0,0.01,0.0,47,results/bob_recon_run_tp0.0_fk0.0_rp0.01_vd0.0_seed47_20260914_220843_939985.json,374,37,337,12,12,True,0,False,,3.280118227005005,{},finite_key,{},1.726823329925537,True,,results/alice_recon_run_seed47_20260914_220843_950926.json,5,results/bob_recon_run_tp0.0_fk0.0_rp0.01_vd0.0_seed47_20260914_220843_939985.json,exception: name 'PROJECT_DIR' is not defined,2026-09-14T22:08:47.642082,reconciliation,0.01,2,0.0026737967914438
0.0,0.0,0.01,0.0,48,results/bob_recon_run_tp0.0_fk0.0_rp0.01_vd0.0_seed48_20260914_220848_673918.json,374,37,337,12,12,True,0,False,,2.9790570735931396,{},finite_key,{},1.5045225620269775,True,,results/alice_recon_run_seed48_20260914_220848_815266.json,6,results/bob_recon_run_tp0.0_fk0.0_rp0.01_vd0.0_seed48_20260914_220848_673918.json,exception: name 'PROJECT_DIR' is not defined,2026-09-14T22:08:52.350815,reconciliation,0.01,2,0.0026737967914438
0.0,0.0,0.01,0.0,49,results/bob_recon_run_tp0.0_fk0.0_rp0.01_vd0.0_seed49_20260914_220853_372441.json,374,35,337,12,12,False,2,False,,2.9513494968414307,{},finite_key,{},1.559370517730713,False,,results/alice_recon_run_seed49_20260914_220853_427704.json,7,results/bob_recon_run_tp0.0_fk0.0_rp0.01_vd0.0_seed49_20260914_220853_372441.json,exception: name 'PROJECT_DIR' is not defined,2026-09-14T22:08:56.752318,reconciliation,0.01,2,0.0026737967914438
0.0,0.0,0.01,0.0,50,results/bob_recon_run_tp0.0_fk0.0_rp0.01_vd0.0_seed50_20260914_220857_796625.json,374,37,337,12,12,False,1,False,,2.919605255126953,{'reconciliation_state': 1},finite_key,{},1.5566415786743164,False,,results/alice_recon_run_seed50_20260914_220857_821277.json,8,results/bob_recon_run_tp0.0_fk0.0_rp0.01_vd0.0_seed50_20260914_220857_796625.json,exception: name 'PROJECT_DIR' is not defined,2026-09-14T22:09:01.141904,reconciliation,0.01,2,0.0026737967914438
0.0,0.0,0.01,0.0,51,results/bob_recon_run_tp0.0_fk0.0_rp0.01_vd0.0_seed51_20260914_220902_164134.json,374,37,337,12,12,True,0,False,,2.9842004776000977,{},finite_key,{},1.6346094608306885,True,,results/alice_recon_run_seed51_20260914_220902_169354.json,9,results/bob_recon_run_tp0.0_fk0.0_rp0.01_vd0.0_seed51_20260914_220902_164134.json,exception: name 'PROJECT_DIR' is not defined,2026-09-14T22:09:05.569319,reconciliation,0.01,2,0.0026737967914438
0.0,0.0,0.03,0.0,42,results/bob_recon_run_tp0.0_fk0.0_rp0.03_vd0.0_seed42_20260914_220906_587298.json,374,37,337,12,12,False,1,False,,2.928410053253174,{'reconciliation_state': 1},finite_key,{},1.5429551601409912,False,,results/alice_recon_run_seed42_20260914_220906_639826.json,0,results/bob_recon_run_tp0.0_fk0.0_rp0.03_vd0.0_seed42_20260914_220906_587298.json,exception: name 'PROJECT_DIR' is not defined,2026-09-14T22:09:09.937927,reconciliation,0.03,2,0.0026737967914438
0.0,0.0,0.03,0.0,43,results/bob_recon_run_tp0.0_fk0.0_rp0.03_vd0.0_seed43_20260914_220910_946164.json,374,37,337,12,12,True,0,False,,2.6055846214294434,{},finite_key,{},1.2523062229156494,True,,results/alice_recon_run_seed43_20260914_220910_959316.json,1,results/bob_recon_run_tp0.0_fk0.0_rp0.03_vd0.0_seed43_20260914_220910_946164.json,exception: name 'PROJECT_DIR' is not defined,2026-09-14T22:09:13.973415,reconciliation,0.03,2,0.0026737967914438
0.0,0.0,0.03,0.0,44,results/bob_recon_run_tp0.0_fk0.0_rp0.03_vd0.0_seed44_20260914_220914_989710.json,374,37,337,12,12,False,1,False,,2.60996413230896,{'reconciliation_state': 1},finite_key,{},1.2179396152496338,False,,results/alice_recon_run_seed44_20260914_220915_042055.json,2,results/bob_recon_run_tp0.0_fk0.0_rp0.03_vd0.0_seed44_20260914_220914_989710.json,exception: name 'PROJECT_DIR' is not defined,2026-09-14T22:09:18.020599,reconciliation,0.03,2,0.0026737967914438
0.0,0.0,0.03,0.0,45,results/bob_recon_run_tp0.0_fk0.0_rp0.03_vd0.0_seed45_20260914_220919_038977.json,374,37,337,12,12,True,0,False,,3.0850472450256348,{},finite_key,{},1.5355198383331299,True,,results/alice_recon_run_seed45_20260914_220919_046714.json,3,results/bob_recon_run_tp0.0_fk0.0_rp0.03_vd0.0_seed45_20260914_220919_038977.json,exception: name 'PROJECT_DIR' is not defined,2026-09-14T22:09:22.563254,reconciliation,0.03,2,0.0026737967914438
0.0,0.0,0.03,0.0,46,results/bob_recon_run_tp0.0_fk0.0_rp0.03_vd0.0_seed46_20260914_220923_781577.json,374,37,337,12,12,False,1,False,,5.066553592681885,{'reconciliation_state': 1},finite_key,{},1.8676636219024658,False,,results/alice_recon_run_seed46_20260914_220923_634392.json,4,results/bob_recon_run_tp0.0_fk0.0_rp0.03_vd0.0_seed46_20260914_220923_781577.json,exception: name 'PROJECT_DIR' is not defined,2026-09-14T22:09:29.419416,reconciliation,0.03,2,0.0026737967914438
0.0,0.0,0.03,0.0,47,results/bob_recon_run_tp0.0_fk0.0_rp0.03_vd0.0_seed47_20260914_220930_463826.json,374,37,337,12,12,False,2,False,,2.9839112758636475,{'reconciliation_state': 2},finite_key,{},1.628411054611206,False,,results/alice_recon_run_seed47_20260914_220930_487617.json,5,results/bob_recon_run_tp0.0_fk0.0_rp0.03_vd0.0_seed47_20260914_220930_463826.json,exception: name 'PROJECT_DIR' is not defined,2026-09-14T22:09:33.886650,reconciliation,0.03,2,0.0026737967914438
0.0,0.0,0.03,0.0,48,results/bob_recon_run_tp0.0_fk0.0_rp0.03_vd0.0_seed48_20260914_220934_912098.json,374,37,337,12,12,False,1,False,,3.807950258255005,{'reconciliation_state': 1},finite_key,{},2.2227158546447754,False,,results/alice_recon_run_seed48_20260914_220934_954521.json,6,results/bob_recon_run_tp0.0_fk0.0_rp0.03_vd0.0_seed48_20260914_220934_912098.json,exception: name 'PROJECT_DIR' is not defined,2026-09-14T22:09:39.158959,reconciliation,0.03,2,0.0026737967914438
0.0,0.0,0.03,0.0,49,results/bob_recon_run_tp0.0_fk0.0_rp0.03_vd0.0_seed49_20260914_220940_182974.json,374,35,337,12,12,False,2,False,,3.145353317260742,{},finite_key,{},1.559587001800537,False,,results/alice_recon_run_seed49_20260914_220940_224508.json,7,results/bob_recon_run_tp0.0_fk0.0_rp0.03_vd0.0_seed49_20260914_220940_182974.json,exception: name 'PROJECT_DIR' is not defined,2026-09-14T22:09:43.768358,reconciliation,0.03,2,0.0026737967914438
0.0,0.0,0.03,0.0,50,results/bob_recon_run_tp0.0_fk0.0_rp0.03_vd0.0_seed50_20260914_220944_801240.json,374,37,337,12,12,False,2,False,,3.0584139823913574,{'reconciliation_state': 2},finite_key,{},1.512148380279541,False,,results/alice_recon_run_seed50_20260914_220944_806648.json,8,results/bob_recon_run_tp0.0_fk0.0_rp0.03_vd0.0_seed50_20260914_220944_801240.json,exception: name 'PROJECT_DIR' is not defined,2026-09-14T22:09:48.306948,reconciliation,0.03,2,0.0026737967914438
0.0,0.0,0.03,0.0,51,results/bob_recon_run_tp0.0_fk0.0_rp0.03_vd0.0_seed51_20260914_220949_318617.json,374,37,337,12,12,False,2,False,,3.1575872898101807,{'reconciliation_state': 2},finite_key,{},1.5644557476043701,False,,results/alice_recon_run_seed51_20260914_220949_373674.json,9,results/bob_recon_run_tp0.0_fk0.0_rp0.03_vd0.0_seed51_20260914_220949_318617.json,exception: name 'PROJECT_DIR' is not defined,2026-09-14T22:09:52.919231,reconciliation,0.03,2,0.0026737967914438
0.0,0.0,0.05,0.0,42,results/bob_recon_run_tp0.0_fk0.0_rp0.05_vd0.0_seed42_20260914_220953_948465.json,374,37,337,12,12,False,1,False,,3.111481189727783,{'reconciliation_state': 1},finite_key,{},1.5328645706176758,False,,results/alice_recon_run_seed42_20260914_220953_988804.json,0,results/bob_recon_run_tp0.0_fk0.0_rp0.05_vd0.0_seed42_20260914_220953_948465.json,exception: name 'PROJECT_DIR' is not defined,2026-09-14T22:09:57.505184,reconciliation,0.05,2,0.0026737967914438
0.0,0.0,0.05,0.0,43,results/bob_recon_run_tp0.0_fk0.0_rp0.05_vd0.0_seed43_20260914_220958_536660.json,374,37,337,12,12,False,2,False,,3.2275431156158447,{'reconciliation_state': 2},finite_key,{},1.8533432483673096,False,,results/alice_recon_run_seed43_20260914_220958_577648.json,1,results/bob_recon_run_tp0.0_fk0.0_rp0.05_vd0.0_seed43_20260914_220958_536660.json,exception: name 'PROJECT_DIR' is not defined,2026-09-14T22:10:02.206198,reconciliation,0.05,2,0.0026737967914438
0.0,0.0,0.05,0.0,44,results/bob_recon_run_tp0.0_fk0.0_rp0.05_vd0.0_seed44_20260914_221003_240395.json,374,37,337,12,12,False,2,False,,2.803610324859619,{'reconciliation_state': 2},finite_key,{},1.2353179454803467,False,,results/alice_recon_run_seed44_20260914_221003_267018.json,2,results/bob_recon_run_tp0.0_fk0.0_rp0.05_vd0.0_seed44_20260914_221003_240395.json,exception: name 'PROJECT_DIR' is not defined,2026-09-14T22:10:06.482388,reconciliation,0.05,2,0.0026737967914438
0.0,0.0,0.05,0.0,45,results/bob_recon_run_tp0.0_fk0.0_rp0.05_vd0.0_seed45_20260914_221007_501633.json,374,37,337,12,12,True,0,False,,2.938098192214966,{},finite_key,{},1.5483028888702393,True,,results/alice_recon_run_seed45_20260914_221007_557107.json,3,results/bob_recon_run_tp0.0_fk0.0_rp0.05_vd0.0_seed45_20260914_221007_501633.json,exception: name 'PROJECT_DIR' is not defined,2026-09-14T22:10:10.881496,reconciliation,0.05,2,0.0026737967914438
0.0,0.0,0.05,0.0,46,results/bob_recon_run_tp0.0_fk0.0_rp0.05_vd0.0_seed46_20260914_221011_923541.json,374,37,337,12,12,False,1,False,,3.200442314147949,{'reconciliation_state': 1},finite_key,{},1.8760864734649658,False,,results/alice_recon_run_seed46_20260914_221011_916101.json,4,results/bob_recon_run_tp0.0_fk0.0_rp0.05_vd0.0_seed46_20260914_221011_923541.json,exception: name 'PROJECT_DIR' is not defined,2026-09-14T22:10:15.564983,reconciliation,0.05,2,0.0026737967914438
0.0,0.0,0.05,0.0,47,results/bob_recon_run_tp0.0_fk0.0_rp0.05_vd0.0_seed47_20260914_221016_583679.json,374,34,337,12,12,False,7,False,,3.072216272354126,{'reconciliation_state': 4},finite_key,{},1.735128402709961,False,,results/alice_recon_run_seed47_20260914_221016_585231.json,5,results/bob_recon_run_tp0.0_fk0.0_rp0.05_vd0.0_seed47_20260914_221016_583679.json,exception: name 'PROJECT_DIR' is not defined,2026-09-14T22:10:20.097025,reconciliation,0.05,2,0.0026737967914438
0.0,0.0,0.05,0.0,48,results/bob_recon_run_tp0.0_fk0.0_rp0.05_vd0.0_seed48_20260914_221021_177846.json,374,37,337,12,12,False,2,False,,3.6388871669769287,{'reconciliation_state': 2},finite_key,{},2.227266788482666,False,,results/alice_recon_run_seed48_20260914_221021_252161.json,6,results/bob_recon_run_tp0.0_fk0.0_rp0.05_vd0.0_seed48_20260914_221021_177846.json,exception: name 'PROJECT_DIR' is not defined,2026-09-14T22:10:25.472146,reconciliation,0.05,2,0.0026737967914438
0.0,0.0,0.05,0.0,49,results/bob_recon_run_tp0.0_fk0.0_rp0.05_vd0.0_seed49_20260914_221026_492889.json,374,35,337,12,12,False,2,False,,2.955132484436035,{},finite_key,{},1.5663914680480957,False,,results/alice_recon_run_seed49_20260914_221026_546185.json,7,results/bob_recon_run_tp0.0_fk0.0_rp0.05_vd0.0_seed49_20260914_221026_492889.json,exception: name 'PROJECT_DIR' is not defined,2026-09-14T22:10:29.889713,reconciliation,0.05,2,0.0026737967914438
0.0,0.0,0.05,0.0,50,results/bob_recon_run_tp0.0_fk0.0_rp0.05_vd0.0_seed50_20260914_221030_913987.json,374,37,337,12,12,False,2,False,,2.8984220027923584,{'reconciliation_state': 2},finite_key,{},1.520125389099121,False,,results/alice_recon_run_seed50_20260914_221030_958683.json,8,results/bob_recon_run_tp0.0_fk0.0_rp0.05_vd0.0_seed50_20260914_221030_913987.json,exception: name 'PROJECT_DIR' is not defined,2026-09-14T22:10:34.250211,reconciliation,0.05,2,0.0026737967914438
0.0,0.0,0.05,0.0,51,results/bob_recon_run_tp0.0_fk0.0_rp0.05_vd0.0_seed51_20260914_221035_273167.json,374,37,337,12,12,False,3,False,,3.1225595474243164,{'reconciliation_state': 3},finite_key,{},1.5779640674591064,False,,results/alice_recon_run_seed51_20260914_221035_274223.json,9,results/bob_recon_run_tp0.0_fk0.0_rp0.05_vd0.0_seed51_20260914_221035_273167.json,exception: name 'PROJECT_DIR' is not defined,2026-09-14T22:10:38.840007,reconciliation,0.05,2,0.0026737967914438
0.0,0.0,0.1,0.0,42,results/bob_recon_run_tp0.0_fk0.0_rp0.1_vd0.0_seed42_20260914_221039_858879.json,374,37,337,12,12,False,2,False,,3.0289440155029297,{'reconciliation_state': 2},finite_key,{},1.619818925857544,False,,results/alice_recon_run_seed42_20260914_221039_932561.json,0,results/bob_recon_run_tp0.0_fk0.0_rp0.1_vd0.0_seed42_20260914_221039_858879.json,exception: name 'PROJECT_DIR' is not defined,2026-09-14T22:10:43.329395,reconciliation,0.1,2,0.0026737967914438
0.0,0.0,0.1,0.0,43,results/bob_recon_run_tp0.0_fk0.0_rp0.1_vd0.0_seed43_20260914_221044_364135.json,374,35,337,12,12,False,5,False,,4.608008146286011,{'reconciliation_state': 3},finite_key,{},1.267761468887329,False,,results/alice_recon_run_seed43_20260914_221044_355325.json,1,results/bob_recon_run_tp0.0_fk0.0_rp0.1_vd0.0_seed43_20260914_221044_364135.json,exception: name 'PROJECT_DIR' is not defined,2026-09-14T22:10:49.414633,reconciliation,0.1,2,0.0026737967914438
0.0,0.0,0.1,0.0,44,results/bob_recon_run_tp0.0_fk0.0_rp0.1_vd0.0_seed44_20260914_221050_443487.json,374,37,337,12,12,False,7,False,,3.3724725246429443,{'reconciliation_state': 7},finite_key,{},1.9846947193145752,False,,results/alice_recon_run_seed44_20260914_221050_499856.json,2,results/bob_recon_run_tp0.0_fk0.0_rp0.1_vd0.0_seed44_20260914_221050_443487.json,exception: name 'PROJECT_DIR' is not defined,2026-09-14T22:10:54.257129,reconciliation,0.1,2,0.0026737967914438
0.0,0.0,0.1,0.0,45,results/bob_recon_run_tp0.0_fk0.0_rp0.1_vd0.0_seed45_20260914_221055_284197.json,374,37,337,12,12,False,1,False,,3.0005297660827637,{'reconciliation_state': 1},finite_key,{},1.4134397506713867,False,,results/alice_recon_run_seed45_20260914_221055_328758.json,3,results/bob_recon_run_tp0.0_fk0.0_rp0.1_vd0.0_seed45_20260914_221055_284197.json,exception: name 'PROJECT_DIR' is not defined,2026-09-14T22:10:58.726505,reconciliation,0.1,2,0.0026737967914438
0.0,0.0,0.1,0.0,46,results/bob_recon_run_tp0.0_fk0.0_rp0.1_vd0.0_seed46_20260914_221059_777021.json,374,37,337,12,12,False,3,False,,3.2347331047058105,{'reconciliation_state': 3},finite_key,{},1.6762685775756836,False,,results/alice_recon_run_seed46_20260914_221059_793629.json,4,results/bob_recon_run_tp0.0_fk0.0_rp0.1_vd0.0_seed46_20260914_221059_777021.json,exception: name 'PROJECT_DIR' is not defined,2026-09-14T22:11:03.452142,reconciliation,0.1,2,0.0026737967914438
0.0,0.0,0.1,0.0,47,results/bob_recon_run_tp0.0_fk0.0_rp0.1_vd0.0_seed47_20260914_221104_484464.json,374,31,337,12,12,False,11,False,,2.99971342086792,{'reconciliation_state': 5},finite_key,{},1.6254472732543945,False,,results/alice_recon_run_seed47_20260914_221104_523805.json,5,results/bob_recon_run_tp0.0_fk0.0_rp0.1_vd0.0_seed47_20260914_221104_484464.json,exception: name 'PROJECT_DIR' is not defined,2026-09-14T22:11:07.927445,reconciliation,0.1,2,0.0026737967914438
0.0,0.0,0.1,0.0,48,results/bob_recon_run_tp0.0_fk0.0_rp0.1_vd0.0_seed48_20260914_221108_958755.json,374,37,337,12,12,False,4,False,,3.305232524871826,{'reconciliation_state': 4},finite_key,{},1.9235901832580566,False,,results/alice_recon_run_seed48_20260914_221109_002897.json,6,results/bob_recon_run_tp0.0_fk0.0_rp0.1_vd0.0_seed48_20260914_221108_958755.json,exception: name 'PROJECT_DIR' is not defined,2026-09-14T22:11:12.707059,reconciliation,0.1,2,0.0026737967914438
0.0,0.0,0.1,0.0,49,results/bob_recon_run_tp0.0_fk0.0_rp0.1_vd0.0_seed49_20260914_221113_742553.json,374,25,337,12,12,False,14,False,,2.4811418056488037,{'reconciliation_state': 2},finite_key,{},1.1185405254364014,False,,results/alice_recon_run_seed49_20260914_221113_778375.json,7,results/bob_recon_run_tp0.0_fk0.0_rp0.1_vd0.0_seed49_20260914_221113_742553.json,exception: name 'PROJECT_DIR' is not defined,2026-09-14T22:11:16.670616,reconciliation,0.1,2,0.0026737967914438
0.0,0.0,0.1,0.0,50,results/bob_recon_run_tp0.0_fk0.0_rp0.1_vd0.0_seed50_20260914_221117_696716.json,374,36,337,12,12,False,6,False,,3.1474125385284424,{'reconciliation_state': 5},finite_key,{},1.7653172016143799,False,,results/alice_recon_run_seed50_20260914_221117_747981.json,8,results/bob_recon_run_tp0.0_fk0.0_rp0.1_vd0.0_seed50_20260914_221117_696716.json,exception: name 'PROJECT_DIR' is not defined,2026-09-14T22:11:21.436159,reconciliation,0.1,2,0.0026737967914438
0.0,0.0,0.1,0.0,51,results/bob_recon_run_tp0.0_fk0.0_rp0.1_vd0.0_seed51_20260914_221122_626145.json,374,33,337,12,12,False,8,False,,3.9058568477630615,{'reconciliation_state': 4},finite_key,{},1.3640058040618896,False,,results/alice_recon_run_seed51_20260914_221122_503914.json,9,results/bob_recon_run_tp0.0_fk0.0_rp0.1_vd0.0_seed51_20260914_221122_626145.json,exception: name 'PROJECT_DIR' is not defined,2026-09-14T22:11:27.002821,reconciliation,0.1,2,0.0026737967914438
0.0,0.0,0.3,0.0,42,results/bob_recon_run_tp0.0_fk0.0_rp0.3_vd0.0_seed42_20260914_221128_051594.json,374,23,337,12,12,False,22,False,,3.016486883163452,{'reconciliation_state': 8},finite_key,{},1.4609341621398926,False,,results/alice_recon_run_seed42_20260914_221128_067096.json,0,results/bob_recon_run_tp0.0_fk0.0_rp0.3_vd0.0_seed42_20260914_221128_051594.json,exception: name 'PROJECT_DIR' is not defined,2026-09-14T22:11:31.509943,reconciliation,0.3,2,0.0026737967914438
0.0,0.0,0.3,0.0,43,results/bob_recon_run_tp0.0_fk0.0_rp0.3_vd0.0_seed43_20260914_221132_539090.json,374,35,337,12,12,False,10,False,,2.900522470474243,{'reconciliation_state': 8},finite_key,{},1.5233924388885498,False,,results/alice_recon_run_seed43_20260914_221132_582678.json,1,results/bob_recon_run_tp0.0_fk0.0_rp0.3_vd0.0_seed43_20260914_221132_539090.json,exception: name 'PROJECT_DIR' is not defined,2026-09-14T22:11:35.900253,reconciliation,0.3,2,0.0026737967914438
0.0,0.0,0.3,0.0,44,results/bob_recon_run_tp0.0_fk0.0_rp0.3_vd0.0_seed44_20260914_221136_934481.json,374,21,337,12,12,False,23,False,,2.4571964740753174,{'reconciliation_state': 7},finite_key,{},1.072796106338501,False,,results/alice_recon_run_seed44_20260914_221136_990353.json,2,results/bob_recon_run_tp0.0_fk0.0_rp0.3_vd0.0_seed44_20260914_221136_934481.json,exception: name 'PROJECT_DIR' is not defined,2026-09-14T22:11:39.853086,reconciliation,0.3,2,0.0026737967914438
0.0,0.0,0.3,0.0,45,results/bob_recon_run_tp0.0_fk0.0_rp0.3_vd0.0_seed45_20260914_221140_866587.json,374,37,337,12,12,False,7,False,,3.165221691131592,{'reconciliation_state': 7},finite_key,{},1.7588434219360352,False,,results/alice_recon_run_seed45_20260914_221140_941828.json,3,results/bob_recon_run_tp0.0_fk0.0_rp0.3_vd0.0_seed45_20260914_221140_866587.json,exception: name 'PROJECT_DIR' is not defined,2026-09-14T22:11:44.492146,reconciliation,0.3,2,0.0026737967914438
0.0,0.0,0.3,0.0,46,results/bob_recon_run_tp0.0_fk0.0_rp0.3_vd0.0_seed46_20260914_221145_548237.json,374,26,337,12,12,False,16,False,,2.739786386489868,{'reconciliation_state': 5},finite_key,{},1.173656940460205,False,,results/alice_recon_run_seed46_20260914_221145_573556.json,4,results/bob_recon_run_tp0.0_fk0.0_rp0.3_vd0.0_seed46_20260914_221145_548237.json,exception: name 'PROJECT_DIR' is not defined,2026-09-14T22:11:48.749052,reconciliation,0.3,2,0.0026737967914438
0.0,0.0,0.3,0.0,47,results/bob_recon_run_tp0.0_fk0.0_rp0.3_vd0.0_seed47_20260914_221149_775114.json,374,32,337,12,12,False,14,False,,3.2369463443756104,{'reconciliation_state': 9},finite_key,{},1.8455228805541992,False,,results/alice_recon_run_seed47_20260914_221149_829286.json,5,results/bob_recon_run_tp0.0_fk0.0_rp0.3_vd0.0_seed47_20260914_221149_775114.json,exception: name 'PROJECT_DIR' is not defined,2026-09-14T22:11:53.472213,reconciliation,0.3,2,0.0026737967914438
0.0,0.0,0.3,0.0,48,results/bob_recon_run_tp0.0_fk0.0_rp0.3_vd0.0_seed48_20260914_221154_482750.json,374,21,337,12,12,False,22,False,,2.701799154281616,{'reconciliation_state': 6},finite_key,{},1.0894203186035156,False,,results/alice_recon_run_seed48_20260914_221154_557437.json,6,results/bob_recon_run_tp0.0_fk0.0_rp0.3_vd0.0_seed48_20260914_221154_482750.json,exception: name 'PROJECT_DIR' is not defined,2026-09-14T22:11:57.652247,reconciliation,0.3,2,0.0026737967914438
0.0,0.0,0.3,0.0,49,results/bob_recon_run_tp0.0_fk0.0_rp0.3_vd0.0_seed49_20260914_221158_682738.json,374,33,337,12,12,False,14,False,,3.0488083362579346,{'reconciliation_state': 10},finite_key,{},1.4562556743621826,False,,results/alice_recon_run_seed49_20260914_221158_734365.json,7,results/bob_recon_run_tp0.0_fk0.0_rp0.3_vd0.0_seed49_20260914_221158_682738.json,exception: name 'PROJECT_DIR' is not defined,2026-09-14T22:12:02.190492,reconciliation,0.3,2,0.0026737967914438
0.0,0.0,0.3,0.0,50,results/bob_recon_run_tp0.0_fk0.0_rp0.3_vd0.0_seed50_20260914_221203_217716.json,374,23,337,12,12,False,21,False,,2.9906094074249268,{'reconciliation_state': 7},finite_key,{},1.575911521911621,False,,results/alice_recon_run_seed50_20260914_221203_298498.json,8,results/bob_recon_run_tp0.0_fk0.0_rp0.3_vd0.0_seed50_20260914_221203_217716.json,exception: name 'PROJECT_DIR' is not defined,2026-09-14T22:12:06.669745,reconciliation,0.3,2,0.0026737967914438
0.0,0.0,0.3,0.0,51,results/bob_recon_run_tp0.0_fk0.0_rp0.3_vd0.0_seed51_20260914_221207_716687.json,374,31,337,12,12,False,14,False,,2.9871621131896973,{'reconciliation_state': 8},finite_key,{},1.6149625778198242,False,,results/alice_recon_run_seed51_20260914_221207_757950.json,9,results/bob_recon_run_tp0.0_fk0.0_rp0.3_vd0.0_seed51_20260914_221207_716687.json,exception: name 'PROJECT_DIR' is not defined,2026-09-14T22:12:11.170301,reconciliation,0.3,2,0.0026737967914438
0.0,0.0,0.5,0.0,42,results/bob_recon_run_tp0.0_fk0.0_rp0.5_vd0.0_seed42_20260914_221212_197203.json,374,17,337,12,12,False,28,False,,2.2583954334259033,{'reconciliation_state': 8},finite_key,{},0.8756837844848633,False,,results/alice_recon_run_seed42_20260914_221212_251268.json,0,results/bob_recon_run_tp0.0_fk0.0_rp0.5_vd0.0_seed42_20260914_221212_197203.json,exception: name 'PROJECT_DIR' is not defined,2026-09-14T22:12:14.917611,reconciliation,0.5,2,0.0026737967914438
0.0,0.0,0.5,0.0,43,results/bob_recon_run_tp0.0_fk0.0_rp0.5_vd0.0_seed43_20260914_221215_940735.json,374,28,337,12,12,False,18,False,,2.7914950847625732,{'reconciliation_state': 9},finite_key,{},1.398508071899414,False,,results/alice_recon_run_seed43_20260914_221215_999941.json,1,results/bob_recon_run_tp0.0_fk0.0_rp0.5_vd0.0_seed43_20260914_221215_940735.json,exception: name 'PROJECT_DIR' is not defined,2026-09-14T22:12:19.194173,reconciliation,0.5,2,0.0026737967914438
0.0,0.0,0.5,0.0,44,results/bob_recon_run_tp0.0_fk0.0_rp0.5_vd0.0_seed44_20260914_221220_229073.json,374,21,337,12,12,False,26,False,,2.3308956623077393,{'reconciliation_state': 10},finite_key,{},0.9435842037200928,False,,results/alice_recon_run_seed44_20260914_221220_278017.json,2,results/bob_recon_run_tp0.0_fk0.0_rp0.5_vd0.0_seed44_20260914_221220_229073.json,exception: name 'PROJECT_DIR' is not defined,2026-09-14T22:12:23.021623,reconciliation,0.5,2,0.0026737967914438
0.0,0.0,0.5,0.0,45,results/bob_recon_run_tp0.0_fk0.0_rp0.5_vd0.0_seed45_20260914_221224_072912.json,374,33,337,12,12,False,16,False,,2.7192442417144775,{'reconciliation_state': 12},finite_key,{},1.339453935623169,False,,results/alice_recon_run_seed45_20260914_221224_109378.json,3,results/bob_recon_run_tp0.0_fk0.0_rp0.5_vd0.0_seed45_20260914_221224_072912.json,exception: name 'PROJECT_DIR' is not defined,2026-09-14T22:12:27.252807,reconciliation,0.5,2,0.0026737967914438
0.0,0.0,0.5,0.0,46,results/bob_recon_run_tp0.0_fk0.0_rp0.5_vd0.0_seed46_20260914_221228_301279.json,374,15,337,12,12,False,29,False,,2.099045515060425,{'reconciliation_state': 7},finite_key,{},0.7349815368652344,False,,results/alice_recon_run_seed46_20260914_221228_333251.json,4,results/bob_recon_run_tp0.0_fk0.0_rp0.5_vd0.0_seed46_20260914_221228_301279.json,exception: name 'PROJECT_DIR' is not defined,2026-09-14T22:12:30.863192,reconciliation,0.5,2,0.0026737967914438
0.0,0.0,0.5,0.0,47,results/bob_recon_run_tp0.0_fk0.0_rp0.5_vd0.0_seed47_20260914_221231_916337.json,374,18,337,12,12,False,26,False,,2.459592819213867,{'reconciliation_state': 7},finite_key,{},1.0714733600616455,False,,results/alice_recon_run_seed47_20260914_221231_955691.json,5,results/bob_recon_run_tp0.0_fk0.0_rp0.5_vd0.0_seed47_20260914_221231_916337.json,exception: name 'PROJECT_DIR' is not defined,2026-09-14T22:12:34.838918,reconciliation,0.5,2,0.0026737967914438
0.0,0.0,0.5,0.0,48,results/bob_recon_run_tp0.0_fk0.0_rp0.5_vd0.0_seed48_20260914_221235_853381.json,374,20,337,12,12,False,26,False,,2.7907252311706543,{'reconciliation_state': 9},finite_key,{},1.172896385192871,False,,results/alice_recon_run_seed48_20260914_221235_922770.json,6,results/bob_recon_run_tp0.0_fk0.0_rp0.5_vd0.0_seed48_20260914_221235_853381.json,exception: name 'PROJECT_DIR' is not defined,2026-09-14T22:12:39.086264,reconciliation,0.5,2,0.0026737967914438
0.0,0.0,0.5,0.0,49,results/bob_recon_run_tp0.0_fk0.0_rp0.5_vd0.0_seed49_20260914_221240_095375.json,374,27,337,12,12,False,25,False,,2.700596332550049,{'reconciliation_state': 15},finite_key,{},1.0898737907409668,False,,results/alice_recon_run_seed49_20260914_221240_167332.json,7,results/bob_recon_run_tp0.0_fk0.0_rp0.5_vd0.0_seed49_20260914_221240_095375.json,exception: name 'PROJECT_DIR' is not defined,2026-09-14T22:12:43.239209,reconciliation,0.5,2,0.0026737967914438
0.0,0.0,0.5,0.0,50,results/bob_recon_run_tp0.0_fk0.0_rp0.5_vd0.0_seed50_20260914_221244_253096.json,374,8,337,12,12,False,32,False,,1.9989979267120361,{'reconciliation_state': 3},finite_key,{},0.38445329666137695,False,,results/alice_recon_run_seed50_20260914_221244_323281.json,8,results/bob_recon_run_tp0.0_fk0.0_rp0.5_vd0.0_seed50_20260914_221244_253096.json,exception: name 'PROJECT_DIR' is not defined,2026-09-14T22:12:46.695842,reconciliation,0.5,2,0.0026737967914438
0.0,0.0,0.5,0.0,51,results/bob_recon_run_tp0.0_fk0.0_rp0.5_vd0.0_seed51_20260914_221247_703523.json,374,22,337,12,12,False,24,False,,2.5209455490112305,{'reconciliation_state': 9},finite_key,{},1.1106946468353271,False,,results/alice_recon_run_seed51_20260914_221247_782418.json,9,results/bob_recon_run_tp0.0_fk0.0_rp0.5_vd0.0_seed51_20260914_221247_703523.json,exception: name 'PROJECT_DIR' is not defined,2026-09-14T22:12:50.664673,reconciliation,0.5,2,0.0026737967914438
0.0,0.0,0.001,0.0,42,results/bob_recon_run_tp0.0_fk0.0_rp0.001_vd0.0_seed42_20260914_223258_820793.json,382,36,363,12,12,True,0,False,,2.1758127212524414,{},finite_key,{},1.4763648509979248,True,,results/alice_recon_run_seed42_20260914_223258_874418.json,0,results/bob_recon_run_tp0.0_fk0.0_rp0.001_vd0.0_seed42_20260914_223258_820793.json,exception: name 'PROJECT_DIR' is not defined,2026-09-14T22:33:01.459457,reconciliation,0.001,3,0.0026178010471204
0.0,0.0,0.001,0.0,43,results/bob_recon_run_tp0.0_fk0.0_rp0.001_vd0.0_seed43_20260914_223302_483730.json,382,36,363,12,12,True,0,False,,3.433290719985962,{},finite_key,{},2.099114418029785,True,,results/alice_recon_run_seed43_20260914_223302_502516.json,1,results/bob_recon_run_tp0.0_fk0.0_rp0.001_vd0.0_seed43_20260914_223302_483730.json,exception: name 'PROJECT_DIR' is not defined,2026-09-14T22:33:06.383005,reconciliation,0.001,3,0.0026178010471204
0.0,0.0,0.001,0.0,44,results/bob_recon_run_tp0.0_fk0.0_rp0.001_vd0.0_seed44_20260914_223307_393792.json,382,36,363,12,12,True,0,False,,3.9226787090301514,{},finite_key,{},2.3469905853271484,True,,results/alice_recon_run_seed44_20260914_223307_426850.json,2,results/bob_recon_run_tp0.0_fk0.0_rp0.001_vd0.0_seed44_20260914_223307_393792.json,exception: name 'PROJECT_DIR' is not defined,2026-09-14T22:33:11.787119,reconciliation,0.001,3,0.0026178010471204
0.0,0.0,0.001,0.0,45,results/bob_recon_run_tp0.0_fk0.0_rp0.001_vd0.0_seed45_20260914_223312_814709.json,382,36,363,12,12,True,0,False,,2.981783151626587,{},finite_key,{},1.420229434967041,True,,results/alice_recon_run_seed45_20260914_223312_827838.json,3,results/bob_recon_run_tp0.0_fk0.0_rp0.001_vd0.0_seed45_20260914_223312_814709.json,exception: name 'PROJECT_DIR' is not defined,2026-09-14T22:33:16.259094,reconciliation,0.001,3,0.0026178010471204
0.0,0.0,0.001,0.0,46,results/bob_recon_run_tp0.0_fk0.0_rp0.001_vd0.0_seed46_20260914_223317_267537.json,382,36,363,12,12,True,0,False,,2.9569718837738037,{},finite_key,{},1.3783214092254639,True,,results/alice_recon_run_seed46_20260914_223317_305818.json,4,results/bob_recon_run_tp0.0_fk0.0_rp0.001_vd0.0_seed46_20260914_223317_267537.json,exception: name 'PROJECT_DIR' is not defined,2026-09-14T22:33:20.687739,reconciliation,0.001,3,0.0026178010471204
0.0,0.0,0.001,0.0,47,results/bob_recon_run_tp0.0_fk0.0_rp0.001_vd0.0_seed47_20260914_223321_735888.json,382,36,363,12,12,True,0,False,,2.792978525161743,{},finite_key,{},1.2028930187225342,True,,results/alice_recon_run_seed47_20260914_223321_778945.json,5,results/bob_recon_run_tp0.0_fk0.0_rp0.001_vd0.0_seed47_20260914_223321_735888.json,exception: name 'PROJECT_DIR' is not defined,2026-09-14T22:33:24.954877,reconciliation,0.001,3,0.0026178010471204
0.0,0.0,0.001,0.0,48,results/bob_recon_run_tp0.0_fk0.0_rp0.001_vd0.0_seed48_20260914_223325_984228.json,382,36,363,12,12,True,0,False,,5.448162794113159,{},finite_key,{},1.9008533954620361,True,,results/alice_recon_run_seed48_20260914_223325_973969.json,6,results/bob_recon_run_tp0.0_fk0.0_rp0.001_vd0.0_seed48_20260914_223325_984228.json,exception: name 'PROJECT_DIR' is not defined,2026-09-14T22:33:31.875906,reconciliation,0.001,3,0.0026178010471204
0.0,0.0,0.001,0.0,49,results/bob_recon_run_tp0.0_fk0.0_rp0.001_vd0.0_seed49_20260914_223332_896982.json,382,36,363,12,12,True,0,False,,3.07955002784729,{},finite_key,{},1.467848777770996,True,,results/alice_recon_run_seed49_20260914_223332_965509.json,7,results/bob_recon_run_tp0.0_fk0.0_rp0.001_vd0.0_seed49_20260914_223332_896982.json,exception: name 'PROJECT_DIR' is not defined,2026-09-14T22:33:36.420973,reconciliation,0.001,3,0.0026178010471204
0.0,0.0,0.001,0.0,50,results/bob_recon_run_tp0.0_fk0.0_rp0.001_vd0.0_seed50_20260914_223337_435854.json,382,36,363,12,12,True,0,False,,2.677318572998047,{},finite_key,{},1.5564208030700684,True,,results/alice_recon_run_seed50_20260914_223337_462071.json,8,results/bob_recon_run_tp0.0_fk0.0_rp0.001_vd0.0_seed50_20260914_223337_435854.json,exception: name 'PROJECT_DIR' is not defined,2026-09-14T22:33:40.557709,reconciliation,0.001,3,0.0026178010471204
0.0,0.0,0.001,0.0,51,results/bob_recon_run_tp0.0_fk0.0_rp0.001_vd0.0_seed51_20260914_223341_571579.json,382,36,363,12,12,True,0,False,,2.901552200317383,{},finite_key,{},1.2774815559387207,True,,results/alice_recon_run_seed51_20260914_223341_646974.json,9,results/bob_recon_run_tp0.0_fk0.0_rp0.001_vd0.0_seed51_20260914_223341_571579.json,exception: name 'PROJECT_DIR' is not defined,2026-09-14T22:33:44.919353,reconciliation,0.001,3,0.0026178010471204
0.0,0.0,0.003,0.0,42,results/bob_recon_run_tp0.0_fk0.0_rp0.003_vd0.0_seed42_20260914_223345_942297.json,382,36,363,12,12,True,0,False,,3.034651756286621,{},finite_key,{},1.4668755531311035,True,,results/alice_recon_run_seed42_20260914_223345_961154.json,0,results/bob_recon_run_tp0.0_fk0.0_rp0.003_vd0.0_seed42_20260914_223345_942297.json,exception: name 'PROJECT_DIR' is not defined,2026-09-14T22:33:49.472958,reconciliation,0.003,3,0.0026178010471204
0.0,0.0,0.003,0.0,43,results/bob_recon_run_tp0.0_fk0.0_rp0.003_vd0.0_seed43_20260914_223350_505496.json,382,36,363,12,12,True,0,False,,3.6872804164886475,{},finite_key,{},2.086812734603882,True,,results/alice_recon_run_seed43_20260914_223350_559627.json,1,results/bob_recon_run_tp0.0_fk0.0_rp0.003_vd0.0_seed43_20260914_223350_505496.json,exception: name 'PROJECT_DIR' is not defined,2026-09-14T22:33:54.638111,reconciliation,0.003,3,0.0026178010471204
0.0,0.0,0.003,0.0,44,results/bob_recon_run_tp0.0_fk0.0_rp0.003_vd0.0_seed44_20260914_223355_651133.json,382,36,363,12,12,True,0,False,,3.9734249114990234,{},finite_key,{},2.3489880561828613,True,,results/alice_recon_run_seed44_20260914_223355_729521.json,2,results/bob_recon_run_tp0.0_fk0.0_rp0.003_vd0.0_seed44_20260914_223355_651133.json,exception: name 'PROJECT_DIR' is not defined,2026-09-14T22:34:00.069685,reconciliation,0.003,3,0.0026178010471204
0.0,0.0,0.003,0.0,45,results/bob_recon_run_tp0.0_fk0.0_rp0.003_vd0.0_seed45_20260914_223401_079071.json,382,36,363,12,12,True,0,False,,2.5459537506103516,{},finite_key,{},1.4166579246520996,True,,results/alice_recon_run_seed45_20260914_223401_113740.json,3,results/bob_recon_run_tp0.0_fk0.0_rp0.003_vd0.0_seed45_20260914_223401_079071.json,exception: name 'PROJECT_DIR' is not defined,2026-09-14T22:34:04.067347,reconciliation,0.003,3,0.0026178010471204
0.0,0.0,0.003,0.0,46,results/bob_recon_run_tp0.0_fk0.0_rp0.003_vd0.0_seed46_20260914_223405_133222.json,382,36,363,12,12,True,0,False,,2.947716236114502,{},finite_key,{},1.3847050666809082,True,,results/alice_recon_run_seed46_20260914_223405_153921.json,4,results/bob_recon_run_tp0.0_fk0.0_rp0.003_vd0.0_seed46_20260914_223405_133222.json,exception: name 'PROJECT_DIR' is not defined,2026-09-14T22:34:08.527779,reconciliation,0.003,3,0.0026178010471204
0.0,0.0,0.003,0.0,47,results/bob_recon_run_tp0.0_fk0.0_rp0.003_vd0.0_seed47_20260914_223409_556878.json,382,36,363,12,12,True,0,False,,2.759800672531128,{},finite_key,{},1.1983535289764404,True,,results/alice_recon_run_seed47_20260914_223409_577112.json,5,results/bob_recon_run_tp0.0_fk0.0_rp0.003_vd0.0_seed47_20260914_223409_556878.json,exception: name 'PROJECT_DIR' is not defined,2026-09-14T22:34:12.760469,reconciliation,0.003,3,0.0026178010471204
0.0,0.0,0.003,0.0,48,results/bob_recon_run_tp0.0_fk0.0_rp0.003_vd0.0_seed48_20260914_223413_767616.json,382,36,363,12,12,True,0,False,,3.5173726081848145,{},finite_key,{},1.8993632793426514,True,,results/alice_recon_run_seed48_20260914_223413_843327.json,6,results/bob_recon_run_tp0.0_fk0.0_rp0.003_vd0.0_seed48_20260914_223413_767616.json,exception: name 'PROJECT_DIR' is not defined,2026-09-14T22:34:17.783069,reconciliation,0.003,3,0.0026178010471204
0.0,0.0,0.003,0.0,49,results/bob_recon_run_tp0.0_fk0.0_rp0.003_vd0.0_seed49_20260914_223418_807614.json,382,36,363,12,12,True,0,False,,3.025212049484253,{},finite_key,{},1.4617173671722412,True,,results/alice_recon_run_seed49_20260914_223418_825848.json,7,results/bob_recon_run_tp0.0_fk0.0_rp0.003_vd0.0_seed49_20260914_223418_807614.json,exception: name 'PROJECT_DIR' is not defined,2026-09-14T22:34:22.332928,reconciliation,0.003,3,0.0026178010471204
0.0,0.0,0.003,0.0,50,results/bob_recon_run_tp0.0_fk0.0_rp0.003_vd0.0_seed50_20260914_223423_585311.json,382,36,363,12,12,True,0,False,,4.915648460388184,{},finite_key,{},1.5630011558532715,True,,results/alice_recon_run_seed50_20260914_223423_378403.json,8,results/bob_recon_run_tp0.0_fk0.0_rp0.003_vd0.0_seed50_20260914_223423_585311.json,exception: name 'PROJECT_DIR' is not defined,2026-09-14T22:34:28.944076,reconciliation,0.003,3,0.0026178010471204
0.0,0.0,0.003,0.0,51,results/bob_recon_run_tp0.0_fk0.0_rp0.003_vd0.0_seed51_20260914_223429_959592.json,382,36,363,12,12,True,0,False,,2.8455255031585693,{},finite_key,{},1.2688326835632324,True,,results/alice_recon_run_seed51_20260914_223429_989276.json,9,results/bob_recon_run_tp0.0_fk0.0_rp0.003_vd0.0_seed51_20260914_223429_959592.json,exception: name 'PROJECT_DIR' is not defined,2026-09-14T22:34:33.304534,reconciliation,0.003,3,0.0026178010471204
0.0,0.0,0.01,0.0,42,results/bob_recon_run_tp0.0_fk0.0_rp0.01_vd0.0_seed42_20260914_223434_501617.json,382,36,363,12,12,True,0,False,,4.915048599243164,{},finite_key,{},1.4680101871490479,True,,results/alice_recon_run_seed42_20260914_223434_394468.json,0,results/bob_recon_run_tp0.0_fk0.0_rp0.01_vd0.0_seed42_20260914_223434_501617.json,exception: name 'PROJECT_DIR' is not defined,2026-09-14T22:34:39.972135,reconciliation,0.01,3,0.0026178010471204
0.0,0.0,0.01,0.0,43,results/bob_recon_run_tp0.0_fk0.0_rp0.01_vd0.0_seed43_20260914_223440_976888.json,382,36,363,12,12,True,0,False,,3.6756515502929688,{},finite_key,{},2.0882275104522705,True,,results/alice_recon_run_seed43_20260914_223441_021123.json,1,results/bob_recon_run_tp0.0_fk0.0_rp0.01_vd0.0_seed43_20260914_223440_976888.json,exception: name 'PROJECT_DIR' is not defined,2026-09-14T22:34:45.099925,reconciliation,0.01,3,0.0026178010471204
0.0,0.0,0.01,0.0,44,results/bob_recon_run_tp0.0_fk0.0_rp0.01_vd0.0_seed44_20260914_223446_103277.json,382,36,363,12,12,False,1,False,,4.19728946685791,{'reconciliation_state': 1},finite_key,{},2.5578830242156982,False,,results/alice_recon_run_seed44_20260914_223446_195770.json,2,results/bob_recon_run_tp0.0_fk0.0_rp0.01_vd0.0_seed44_20260914_223446_103277.json,exception: name 'PROJECT_DIR' is not defined,2026-09-14T22:34:50.745916,reconciliation,0.01,3,0.0026178010471204
0.0,0.0,0.01,0.0,45,results/bob_recon_run_tp0.0_fk0.0_rp0.01_vd0.0_seed45_20260914_223451_778260.json,382,36,363,12,12,True,0,False,,2.9827990531921387,{},finite_key,{},1.417198896408081,True,,results/alice_recon_run_seed45_20260914_223451_793278.json,3,results/bob_recon_run_tp0.0_fk0.0_rp0.01_vd0.0_seed45_20260914_223451_778260.json,exception: name 'PROJECT_DIR' is not defined,2026-09-14T22:34:55.262023,reconciliation,0.01,3,0.0026178010471204
0.0,0.0,0.01,0.0,46,results/bob_recon_run_tp0.0_fk0.0_rp0.01_vd0.0_seed46_20260914_223456_299787.json,382,36,363,12,12,True,0,False,,2.9293885231018066,{},finite_key,{},1.3788299560546875,True,,results/alice_recon_run_seed46_20260914_223456_306906.json,4,results/bob_recon_run_tp0.0_fk0.0_rp0.01_vd0.0_seed46_20260914_223456_299787.json,exception: name 'PROJECT_DIR' is not defined,2026-09-14T22:34:59.674606,reconciliation,0.01,3,0.0026178010471204
0.0,0.0,0.01,0.0,47,results/bob_recon_run_tp0.0_fk0.0_rp0.01_vd0.0_seed47_20260914_223500_701189.json,382,36,363,12,12,True,0,False,,2.767982006072998,{},finite_key,{},1.2058708667755127,True,,results/alice_recon_run_seed47_20260914_223500_716974.json,5,results/bob_recon_run_tp0.0_fk0.0_rp0.01_vd0.0_seed47_20260914_223500_701189.json,exception: name 'PROJECT_DIR' is not defined,2026-09-14T22:35:03.947159,reconciliation,0.01,3,0.0026178010471204
0.0,0.0,0.01,0.0,48,results/bob_recon_run_tp0.0_fk0.0_rp0.01_vd0.0_seed48_20260914_223504_962355.json,382,36,363,12,12,True,0,False,,3.4780657291412354,{},finite_key,{},1.9056134223937988,True,,results/alice_recon_run_seed48_20260914_223504_987271.json,6,results/bob_recon_run_tp0.0_fk0.0_rp0.01_vd0.0_seed48_20260914_223504_962355.json,exception: name 'PROJECT_DIR' is not defined,2026-09-14T22:35:08.884653,reconciliation,0.01,3,0.0026178010471204
0.0,0.0,0.01,0.0,49,results/bob_recon_run_tp0.0_fk0.0_rp0.01_vd0.0_seed49_20260914_223509_908657.json,382,36,363,12,12,True,0,False,,3.079926013946533,{},finite_key,{},1.4663445949554443,True,,results/alice_recon_run_seed49_20260914_223509_977080.json,7,results/bob_recon_run_tp0.0_fk0.0_rp0.01_vd0.0_seed49_20260914_223509_908657.json,exception: name 'PROJECT_DIR' is not defined,2026-09-14T22:35:13.432366,reconciliation,0.01,3,0.0026178010471204
0.0,0.0,0.01,0.0,50,results/bob_recon_run_tp0.0_fk0.0_rp0.01_vd0.0_seed50_20260914_223514_451551.json,382,36,363,12,12,False,1,False,,3.705639362335205,{'reconciliation_state': 1},finite_key,{},2.1351845264434814,False,,results/alice_recon_run_seed50_20260914_223514_475026.json,8,results/bob_recon_run_tp0.0_fk0.0_rp0.01_vd0.0_seed50_20260914_223514_451551.json,exception: name 'PROJECT_DIR' is not defined,2026-09-14T22:35:18.601411,reconciliation,0.01,3,0.0026178010471204
0.0,0.0,0.01,0.0,51,results/bob_recon_run_tp0.0_fk0.0_rp0.01_vd0.0_seed51_20260914_223519_645966.json,382,36,363,12,12,True,0,False,,2.858546257019043,{},finite_key,{},1.2661828994750977,True,,results/alice_recon_run_seed51_20260914_223519_692224.json,9,results/bob_recon_run_tp0.0_fk0.0_rp0.01_vd0.0_seed51_20260914_223519_645966.json,exception: name 'PROJECT_DIR' is not defined,2026-09-14T22:35:23.003682,reconciliation,0.01,3,0.0026178010471204
0.0,0.0,0.03,0.0,42,results/bob_recon_run_tp0.0_fk0.0_rp0.03_vd0.0_seed42_20260914_223524_000147.json,382,36,363,12,12,False,1,False,,4.00063419342041,{'reconciliation_state': 1},finite_key,{},2.3657941818237305,False,,results/alice_recon_run_seed42_20260914_223524_091152.json,0,results/bob_recon_run_tp0.0_fk0.0_rp0.03_vd0.0_seed42_20260914_223524_000147.json,exception: name 'PROJECT_DIR' is not defined,2026-09-14T22:35:28.500225,reconciliation,0.03,3,0.0026178010471204
0.0,0.0,0.03,0.0,43,results/bob_recon_run_tp0.0_fk0.0_rp0.03_vd0.0_seed43_20260914_223529_509709.json,382,36,363,12,12,True,0,False,,3.667052984237671,{},finite_key,{},2.0965096950531006,True,,results/alice_recon_run_seed43_20260914_223529_536718.json,1,results/bob_recon_run_tp0.0_fk0.0_rp0.03_vd0.0_seed43_20260914_223529_509709.json,exception: name 'PROJECT_DIR' is not defined,2026-09-14T22:35:33.789486,reconciliation,0.03,3,0.0026178010471204
0.0,0.0,0.03,0.0,44,results/bob_recon_run_tp0.0_fk0.0_rp0.03_vd0.0_seed44_20260914_223534_863713.json,382,36,363,12,12,False,1,False,,4.121377229690552,{'reconciliation_state': 1},finite_key,{},2.5590178966522217,False,,results/alice_recon_run_seed44_20260914_223534_875594.json,2,results/bob_recon_run_tp0.0_fk0.0_rp0.03_vd0.0_seed44_20260914_223534_863713.json,exception: name 'PROJECT_DIR' is not defined,2026-09-14T22:35:39.482100,reconciliation,0.03,3,0.0026178010471204
0.0,0.0,0.03,0.0,45,results/bob_recon_run_tp0.0_fk0.0_rp0.03_vd0.0_seed45_20260914_223540_492822.json,382,36,363,12,12,True,0,False,,3.0437519550323486,{},finite_key,{},1.4210035800933838,True,,results/alice_recon_run_seed45_20260914_223540_571052.json,3,results/bob_recon_run_tp0.0_fk0.0_rp0.03_vd0.0_seed45_20260914_223540_492822.json,exception: name 'PROJECT_DIR' is not defined,2026-09-14T22:35:44.094235,reconciliation,0.03,3,0.0026178010471204
0.0,0.0,0.03,0.0,46,results/bob_recon_run_tp0.0_fk0.0_rp0.03_vd0.0_seed46_20260914_223545_191116.json,382,36,363,12,12,False,1,False,,5.369614601135254,{'reconciliation_state': 1},finite_key,{},1.8117802143096924,False,,results/alice_recon_run_seed46_20260914_223545_180556.json,4,results/bob_recon_run_tp0.0_fk0.0_rp0.03_vd0.0_seed46_20260914_223545_191116.json,exception: name 'PROJECT_DIR' is not defined,2026-09-14T22:35:51.144437,reconciliation,0.03,3,0.0026178010471204
0.0,0.0,0.03,0.0,47,results/bob_recon_run_tp0.0_fk0.0_rp0.03_vd0.0_seed47_20260914_223552_203461.json,382,36,363,12,12,False,2,False,,5.529538631439209,{'reconciliation_state': 2},finite_key,{},1.984222412109375,False,,results/alice_recon_run_seed47_20260914_223552_190827.json,5,results/bob_recon_run_tp0.0_fk0.0_rp0.03_vd0.0_seed47_20260914_223552_203461.json,exception: name 'PROJECT_DIR' is not defined,2026-09-14T22:35:58.230964,reconciliation,0.03,3,0.0026178010471204
0.0,0.0,0.03,0.0,48,results/bob_recon_run_tp0.0_fk0.0_rp0.03_vd0.0_seed48_20260914_223559_306278.json,382,36,363,12,12,False,1,False,,3.358597755432129,{'reconciliation_state': 1},finite_key,{},1.7991514205932617,False,,results/alice_recon_run_seed48_20260914_223559_321556.json,6,results/bob_recon_run_tp0.0_fk0.0_rp0.03_vd0.0_seed48_20260914_223559_306278.json,exception: name 'PROJECT_DIR' is not defined,2026-09-14T22:36:03.226703,reconciliation,0.03,3,0.0026178010471204
0.0,0.0,0.03,0.0,49,results/bob_recon_run_tp0.0_fk0.0_rp0.03_vd0.0_seed49_20260914_223604_335921.json,382,36,363,12,12,True,0,False,,5.032735347747803,{},finite_key,{},1.50230073928833,True,,results/alice_recon_run_seed49_20260914_223604_307926.json,7,results/bob_recon_run_tp0.0_fk0.0_rp0.03_vd0.0_seed49_20260914_223604_335921.json,exception: name 'PROJECT_DIR' is not defined,2026-09-14T22:36:09.866777,reconciliation,0.03,3,0.0026178010471204
0.0,0.0,0.03,0.0,50,results/bob_recon_run_tp0.0_fk0.0_rp0.03_vd0.0_seed50_20260914_223611_034591.json,382,34,363,12,12,False,4,False,,5.489974021911621,{'reconciliation_state': 2},finite_key,{},2.020928382873535,False,,results/alice_recon_run_seed50_20260914_223610_947027.json,8,results/bob_recon_run_tp0.0_fk0.0_rp0.03_vd0.0_seed50_20260914_223611_034591.json,exception: name 'PROJECT_DIR' is not defined,2026-09-14T22:36:17.069184,reconciliation,0.03,3,0.0026178010471204
0.0,0.0,0.03,0.0,51,results/bob_recon_run_tp0.0_fk0.0_rp0.03_vd0.0_seed51_20260914_223618_091221.json,382,36,363,12,12,False,2,False,,4.329551696777344,{'reconciliation_state': 2},finite_key,{},2.720377206802368,False,,results/alice_recon_run_seed51_20260914_223618_158226.json,9,results/bob_recon_run_tp0.0_fk0.0_rp0.03_vd0.0_seed51_20260914_223618_091221.json,exception: name 'PROJECT_DIR' is not defined,2026-09-14T22:36:22.865061,reconciliation,0.03,3,0.0026178010471204
0.0,0.0,0.05,0.0,42,results/bob_recon_run_tp0.0_fk0.0_rp0.05_vd0.0_seed42_20260914_223623_976551.json,382,36,363,12,12,False,1,False,,5.884206771850586,{'reconciliation_state': 1},finite_key,{},2.3514511585235596,False,,results/alice_recon_run_seed42_20260914_223623_949715.json,0,results/bob_recon_run_tp0.0_fk0.0_rp0.05_vd0.0_seed42_20260914_223623_976551.json,exception: name 'PROJECT_DIR' is not defined,2026-09-14T22:36:30.306832,reconciliation,0.05,3,0.0026178010471204
0.0,0.0,0.05,0.0,43,results/bob_recon_run_tp0.0_fk0.0_rp0.05_vd0.0_seed43_20260914_223631_329421.json,382,36,363,12,12,False,2,False,,3.131235361099243,{'reconciliation_state': 2},finite_key,{},1.5245435237884521,False,,results/alice_recon_run_seed43_20260914_223631_390998.json,1,results/bob_recon_run_tp0.0_fk0.0_rp0.05_vd0.0_seed43_20260914_223631_329421.json,exception: name 'PROJECT_DIR' is not defined,2026-09-14T22:36:34.906620,reconciliation,0.05,3,0.0026178010471204
0.0,0.0,0.05,0.0,44,results/bob_recon_run_tp0.0_fk0.0_rp0.05_vd0.0_seed44_20260914_223635_929069.json,382,36,363,12,12,False,1,False,,4.151526927947998,{'reconciliation_state': 1},finite_key,{},2.538628339767456,False,,results/alice_recon_run_seed44_20260914_223635_995690.json,2,results/bob_recon_run_tp0.0_fk0.0_rp0.05_vd0.0_seed44_20260914_223635_929069.json,exception: name 'PROJECT_DIR' is not defined,2026-09-14T22:36:40.525740,reconciliation,0.05,3,0.0026178010471204
0.0,0.0,0.05,0.0,45,results/bob_recon_run_tp0.0_fk0.0_rp0.05_vd0.0_seed45_20260914_223641_539621.json,382,36,363,12,12,True,0,False,,2.9888932704925537,{},finite_key,{},1.4205400943756104,True,,results/alice_recon_run_seed45_20260914_223641_565835.json,3,results/bob_recon_run_tp0.0_fk0.0_rp0.05_vd0.0_seed45_20260914_223641_539621.json,exception: name 'PROJECT_DIR' is not defined,2026-09-14T22:36:45.026869,reconciliation,0.05,3,0.0026178010471204
0.0,0.0,0.05,0.0,46,results/bob_recon_run_tp0.0_fk0.0_rp0.05_vd0.0_seed46_20260914_223646_052474.json,382,36,363,12,12,False,1,False,,3.3641672134399414,{'reconciliation_state': 1},finite_key,{},1.8060755729675293,False,,results/alice_recon_run_seed46_20260914_223646_069058.json,4,results/bob_recon_run_tp0.0_fk0.0_rp0.05_vd0.0_seed46_20260914_223646_052474.json,exception: name 'PROJECT_DIR' is not defined,2026-09-14T22:36:49.934558,reconciliation,0.05,3,0.0026178010471204
0.0,0.0,0.05,0.0,47,results/bob_recon_run_tp0.0_fk0.0_rp0.05_vd0.0_seed47_20260914_223650_953729.json,382,36,363,12,12,False,4,False,,3.3348705768585205,{'reconciliation_state': 4},finite_key,{},1.7294089794158936,False,,results/alice_recon_run_seed47_20260914_223651_018093.json,5,results/bob_recon_run_tp0.0_fk0.0_rp0.05_vd0.0_seed47_20260914_223650_953729.json,exception: name 'PROJECT_DIR' is not defined,2026-09-14T22:36:54.787301,reconciliation,0.05,3,0.0026178010471204
0.0,0.0,0.05,0.0,48,results/bob_recon_run_tp0.0_fk0.0_rp0.05_vd0.0_seed48_20260914_223655_789680.json,382,36,363,12,12,False,2,False,,3.263042688369751,{'reconciliation_state': 2},finite_key,{},1.6769061088562012,False,,results/alice_recon_run_seed48_20260914_223655_828798.json,6,results/bob_recon_run_tp0.0_fk0.0_rp0.05_vd0.0_seed48_20260914_223655_789680.json,exception: name 'PROJECT_DIR' is not defined,2026-09-14T22:36:59.552950,reconciliation,0.05,3,0.0026178010471204
0.0,0.0,0.05,0.0,49,results/bob_recon_run_tp0.0_fk0.0_rp0.05_vd0.0_seed49_20260914_223700_571495.json,382,36,363,12,12,False,1,False,,3.222162961959839,{'reconciliation_state': 1},finite_key,{},1.611220359802246,False,,results/alice_recon_run_seed49_20260914_223700_639966.json,7,results/bob_recon_run_tp0.0_fk0.0_rp0.05_vd0.0_seed49_20260914_223700_571495.json,exception: name 'PROJECT_DIR' is not defined,2026-09-14T22:37:04.347316,reconciliation,0.05,3,0.0026178010471204
0.0,0.0,0.05,0.0,50,results/bob_recon_run_tp0.0_fk0.0_rp0.05_vd0.0_seed50_20260914_223705_416274.json,382,34,363,12,12,False,4,False,,3.7213847637176514,{'reconciliation_state': 2},finite_key,{},2.0264694690704346,False,,results/alice_recon_run_seed50_20260914_223705_565854.json,8,results/bob_recon_run_tp0.0_fk0.0_rp0.05_vd0.0_seed50_20260914_223705_416274.json,exception: name 'PROJECT_DIR' is not defined,2026-09-14T22:37:09.732009,reconciliation,0.05,3,0.0026178010471204
0.0,0.0,0.05,0.0,51,results/bob_recon_run_tp0.0_fk0.0_rp0.05_vd0.0_seed51_20260914_223710_808864.json,382,36,363,12,12,False,3,False,,4.347804546356201,{'reconciliation_state': 3},finite_key,{},2.7886509895324707,False,,results/alice_recon_run_seed51_20260914_223710_823345.json,9,results/bob_recon_run_tp0.0_fk0.0_rp0.05_vd0.0_seed51_20260914_223710_808864.json,exception: name 'PROJECT_DIR' is not defined,2026-09-14T22:37:15.781498,reconciliation,0.05,3,0.0026178010471204
0.0,0.0,0.1,0.0,42,results/bob_recon_run_tp0.0_fk0.0_rp0.1_vd0.0_seed42_20260914_223716_974270.json,382,36,363,12,12,False,2,False,,5.794423818588257,{'reconciliation_state': 2},finite_key,{},2.333622932434082,False,,results/alice_recon_run_seed42_20260914_223716_872464.json,0,results/bob_recon_run_tp0.0_fk0.0_rp0.1_vd0.0_seed42_20260914_223716_974270.json,exception: name 'PROJECT_DIR' is not defined,2026-09-14T22:37:23.407240,reconciliation,0.1,3,0.0026178010471204
0.0,0.0,0.1,0.0,43,results/bob_recon_run_tp0.0_fk0.0_rp0.1_vd0.0_seed43_20260914_223724_474232.json,382,35,363,12,12,False,4,False,,3.546337842941284,{'reconciliation_state': 3},finite_key,{},1.975900411605835,False,,results/alice_recon_run_seed43_20260914_223724_499100.json,1,results/bob_recon_run_tp0.0_fk0.0_rp0.1_vd0.0_seed43_20260914_223724_474232.json,exception: name 'PROJECT_DIR' is not defined,2026-09-14T22:37:28.521791,reconciliation,0.1,3,0.0026178010471204
0.0,0.0,0.1,0.0,44,results/bob_recon_run_tp0.0_fk0.0_rp0.1_vd0.0_seed44_20260914_223729_656222.json,382,34,363,12,12,False,8,False,,5.024328947067261,{'reconciliation_state': 6},finite_key,{},1.9549760818481445,False,,results/alice_recon_run_seed44_20260914_223729_615188.json,2,results/bob_recon_run_tp0.0_fk0.0_rp0.1_vd0.0_seed44_20260914_223729_656222.json,exception: name 'PROJECT_DIR' is not defined,2026-09-14T22:37:35.199090,reconciliation,0.1,3,0.0026178010471204
0.0,0.0,0.1,0.0,45,results/bob_recon_run_tp0.0_fk0.0_rp0.1_vd0.0_seed45_20260914_223736_283239.json,382,36,363,12,12,False,1,False,,3.5056216716766357,{'reconciliation_state': 1},finite_key,{},1.9575207233428955,False,,results/alice_recon_run_seed45_20260914_223736_282816.json,3,results/bob_recon_run_tp0.0_fk0.0_rp0.1_vd0.0_seed45_20260914_223736_283239.json,exception: name 'PROJECT_DIR' is not defined,2026-09-14T22:37:40.351708,reconciliation,0.1,3,0.0026178010471204
0.0,0.0,0.1,0.0,46,results/bob_recon_run_tp0.0_fk0.0_rp0.1_vd0.0_seed46_20260914_223741_408048.json,382,36,363,12,12,False,3,False,,5.676622152328491,{'reconciliation_state': 3},finite_key,{},2.1268162727355957,False,,results/alice_recon_run_seed46_20260914_223741_398613.json,4,results/bob_recon_run_tp0.0_fk0.0_rp0.1_vd0.0_seed46_20260914_223741_408048.json,exception: name 'PROJECT_DIR' is not defined,2026-09-14T22:37:47.532314,reconciliation,0.1,3,0.0026178010471204
0.0,0.0,0.1,0.0,47,results/bob_recon_run_tp0.0_fk0.0_rp0.1_vd0.0_seed47_20260914_223748_550993.json,382,33,363,12,12,False,9,False,,3.0178420543670654,{'reconciliation_state': 6},finite_key,{},1.4482717514038086,False,,results/alice_recon_run_seed47_20260914_223748_573877.json,5,results/bob_recon_run_tp0.0_fk0.0_rp0.1_vd0.0_seed47_20260914_223748_550993.json,exception: name 'PROJECT_DIR' is not defined,2026-09-14T22:37:52.016198,reconciliation,0.1,3,0.0026178010471204
0.0,0.0,0.1,0.0,48,results/bob_recon_run_tp0.0_fk0.0_rp0.1_vd0.0_seed48_20260914_223753_019111.json,382,19,363,12,12,False,19,False,,2.914667844772339,{'reconciliation_state': 2},finite_key,{},1.1115376949310303,False,,results/alice_recon_run_seed48_20260914_223753_274169.json,6,results/bob_recon_run_tp0.0_fk0.0_rp0.1_vd0.0_seed48_20260914_223753_019111.json,exception: name 'PROJECT_DIR' is not defined,2026-09-14T22:37:56.691240,reconciliation,0.1,3,0.0026178010471204
0.0,0.0,0.1,0.0,49,results/bob_recon_run_tp0.0_fk0.0_rp0.1_vd0.0_seed49_20260914_223757_702585.json,382,36,363,12,12,False,4,False,,3.7381067276000977,{'reconciliation_state': 4},finite_key,{},2.1053404808044434,False,,results/alice_recon_run_seed49_20260914_223757_786990.json,7,results/bob_recon_run_tp0.0_fk0.0_rp0.1_vd0.0_seed49_20260914_223757_702585.json,exception: name 'PROJECT_DIR' is not defined,2026-09-14T22:38:01.886455,reconciliation,0.1,3,0.0026178010471204
0.0,0.0,0.1,0.0,50,results/bob_recon_run_tp0.0_fk0.0_rp0.1_vd0.0_seed50_20260914_223802_900652.json,382,35,363,12,12,False,6,False,,3.540665626525879,{'reconciliation_state': 5},finite_key,{},1.7708523273468018,False,,results/alice_recon_run_seed50_20260914_223803_124139.json,8,results/bob_recon_run_tp0.0_fk0.0_rp0.1_vd0.0_seed50_20260914_223802_900652.json,exception: name 'PROJECT_DIR' is not defined,2026-09-14T22:38:07.224633,reconciliation,0.1,3,0.0026178010471204
0.0,0.0,0.1,0.0,51,results/bob_recon_run_tp0.0_fk0.0_rp0.1_vd0.0_seed51_20260914_223808_244459.json,382,23,363,12,12,False,17,False,,3.792266845703125,{'reconciliation_state': 4},finite_key,{},2.161134958267212,False,,results/alice_recon_run_seed51_20260914_223808_328076.json,9,results/bob_recon_run_tp0.0_fk0.0_rp0.1_vd0.0_seed51_20260914_223808_244459.json,exception: name 'PROJECT_DIR' is not defined,2026-09-14T22:38:12.483973,reconciliation,0.1,3,0.0026178010471204
0.0,0.0,0.3,0.0,42,results/bob_recon_run_tp0.0_fk0.0_rp0.3_vd0.0_seed42_20260914_223813_489558.json,382,31,363,12,12,False,16,False,,3.4281258583068848,{'reconciliation_state': 11},finite_key,{},1.6983296871185303,False,,results/alice_recon_run_seed42_20260914_223813_673344.json,0,results/bob_recon_run_tp0.0_fk0.0_rp0.3_vd0.0_seed42_20260914_223813_489558.json,exception: name 'PROJECT_DIR' is not defined,2026-09-14T22:38:17.694351,reconciliation,0.3,3,0.0026178010471204
0.0,0.0,0.3,0.0,43,results/bob_recon_run_tp0.0_fk0.0_rp0.3_vd0.0_seed43_20260914_223818_713812.json,382,35,363,12,12,False,9,False,,3.1349399089813232,{'reconciliation_state': 8},finite_key,{},1.510751485824585,False,,results/alice_recon_run_seed43_20260914_223818_791247.json,1,results/bob_recon_run_tp0.0_fk0.0_rp0.3_vd0.0_seed43_20260914_223818_713812.json,exception: name 'PROJECT_DIR' is not defined,2026-09-14T22:38:22.302623,reconciliation,0.3,3,0.0026178010471204
0.0,0.0,0.3,0.0,44,results/bob_recon_run_tp0.0_fk0.0_rp0.3_vd0.0_seed44_20260914_223823_307941.json,382,21,363,12,12,False,22,False,,2.5926856994628906,{'reconciliation_state': 7},finite_key,{},1.002896785736084,False,,results/alice_recon_run_seed44_20260914_223823_350243.json,2,results/bob_recon_run_tp0.0_fk0.0_rp0.3_vd0.0_seed44_20260914_223823_307941.json,exception: name 'PROJECT_DIR' is not defined,2026-09-14T22:38:26.330433,reconciliation,0.3,3,0.0026178010471204
0.0,0.0,0.3,0.0,45,results/bob_recon_run_tp0.0_fk0.0_rp0.3_vd0.0_seed45_20260914_223827_358382.json,382,36,363,12,12,False,7,False,,3.602766513824463,{'reconciliation_state': 7},finite_key,{},1.9126920700073242,False,,results/alice_recon_run_seed45_20260914_223827_502000.json,3,results/bob_recon_run_tp0.0_fk0.0_rp0.3_vd0.0_seed45_20260914_223827_358382.json,exception: name 'PROJECT_DIR' is not defined,2026-09-14T22:38:31.719484,reconciliation,0.3,3,0.0026178010471204
0.0,0.0,0.3,0.0,46,results/bob_recon_run_tp0.0_fk0.0_rp0.3_vd0.0_seed46_20260914_223832_722247.json,382,34,363,12,12,False,11,False,,3.370457649230957,{'reconciliation_state': 9},finite_key,{},1.79685378074646,False,,results/alice_recon_run_seed46_20260914_223832_749506.json,4,results/bob_recon_run_tp0.0_fk0.0_rp0.3_vd0.0_seed46_20260914_223832_722247.json,exception: name 'PROJECT_DIR' is not defined,2026-09-14T22:38:36.529854,reconciliation,0.3,3,0.0026178010471204
0.0,0.0,0.3,0.0,47,results/bob_recon_run_tp0.0_fk0.0_rp0.3_vd0.0_seed47_20260914_223837_544484.json,382,23,363,12,12,False,19,False,,2.697798490524292,{'reconciliation_state': 6},finite_key,{},0.9674313068389893,False,,results/alice_recon_run_seed47_20260914_223837_728650.json,5,results/bob_recon_run_tp0.0_fk0.0_rp0.3_vd0.0_seed47_20260914_223837_544484.json,exception: name 'PROJECT_DIR' is not defined,2026-09-14T22:38:40.952759,reconciliation,0.3,3,0.0026178010471204
0.0,0.0,0.3,0.0,48,results/bob_recon_run_tp0.0_fk0.0_rp0.3_vd0.0_seed48_20260914_223841_968262.json,382,31,363,12,12,False,14,False,,3.04429030418396,{'reconciliation_state': 9},finite_key,{},1.4801228046417236,False,,results/alice_recon_run_seed48_20260914_223841_988482.json,6,results/bob_recon_run_tp0.0_fk0.0_rp0.3_vd0.0_seed48_20260914_223841_968262.json,exception: name 'PROJECT_DIR' is not defined,2026-09-14T22:38:45.494104,reconciliation,0.3,3,0.0026178010471204
0.0,0.0,0.3,0.0,49,results/bob_recon_run_tp0.0_fk0.0_rp0.3_vd0.0_seed49_20260914_223846_506758.json,382,26,363,12,12,False,18,False,,2.399099826812744,{'reconciliation_state': 8},finite_key,{},1.610905647277832,False,,results/alice_recon_run_seed49_20260914_223846_653937.json,7,results/bob_recon_run_tp0.0_fk0.0_rp0.3_vd0.0_seed49_20260914_223846_506758.json,exception: name 'PROJECT_DIR' is not defined,2026-09-14T22:38:49.609870,reconciliation,0.3,3,0.0026178010471204
0.0,0.0,0.3,0.0,50,results/bob_recon_run_tp0.0_fk0.0_rp0.3_vd0.0_seed50_20260914_223850_607081.json,382,35,363,12,12,False,11,False,,3.438661813735962,{'reconciliation_state': 10},finite_key,{},1.680964708328247,False,,results/alice_recon_run_seed50_20260914_223850_819250.json,8,results/bob_recon_run_tp0.0_fk0.0_rp0.3_vd0.0_seed50_20260914_223850_607081.json,exception: name 'PROJECT_DIR' is not defined,2026-09-14T22:38:54.696470,reconciliation,0.3,3,0.0026178010471204
0.0,0.0,0.3,0.0,51,results/bob_recon_run_tp0.0_fk0.0_rp0.3_vd0.0_seed51_20260914_223855_818908.json,382,36,363,12,12,False,9,False,,3.263411283493042,{'reconciliation_state': 9},finite_key,{},1.639702320098877,False,,results/alice_recon_run_seed51_20260914_223855_895683.json,9,results/bob_recon_run_tp0.0_fk0.0_rp0.3_vd0.0_seed51_20260914_223855_818908.json,exception: name 'PROJECT_DIR' is not defined,2026-09-14T22:38:59.783719,reconciliation,0.3,3,0.0026178010471204
0.0,0.0,0.5,0.0,42,results/bob_recon_run_tp0.0_fk0.0_rp0.5_vd0.0_seed42_20260914_223900_818428.json,382,27,363,12,12,False,22,False,,2.918713331222534,{'reconciliation_state': 13},finite_key,{},1.226571798324585,False,,results/alice_recon_run_seed42_20260914_223900_962548.json,0,results/bob_recon_run_tp0.0_fk0.0_rp0.5_vd0.0_seed42_20260914_223900_818428.json,exception: name 'PROJECT_DIR' is not defined,2026-09-14T22:39:04.446355,reconciliation,0.5,3,0.0026178010471204
0.0,0.0,0.5,0.0,43,results/bob_recon_run_tp0.0_fk0.0_rp0.5_vd0.0_seed43_20260914_223905_456935.json,382,24,363,12,12,False,18,False,,2.903900146484375,{'reconciliation_state': 6},finite_key,{},1.3364143371582031,False,,results/alice_recon_run_seed43_20260914_223905_477415.json,1,results/bob_recon_run_tp0.0_fk0.0_rp0.5_vd0.0_seed43_20260914_223905_456935.json,exception: name 'PROJECT_DIR' is not defined,2026-09-14T22:39:08.844504,reconciliation,0.5,3,0.0026178010471204
0.0,0.0,0.5,0.0,44,results/bob_recon_run_tp0.0_fk0.0_rp0.5_vd0.0_seed44_20260914_223909_862375.json,382,24,363,12,12,False,24,False,,2.935680627822876,{'reconciliation_state': 12},finite_key,{},1.2084159851074219,False,,results/alice_recon_run_seed44_20260914_223910_048909.json,2,results/bob_recon_run_tp0.0_fk0.0_rp0.5_vd0.0_seed44_20260914_223909_862375.json,exception: name 'PROJECT_DIR' is not defined,2026-09-14T22:39:13.502940,reconciliation,0.5,3,0.0026178010471204
0.0,0.0,0.5,0.0,45,results/bob_recon_run_tp0.0_fk0.0_rp0.5_vd0.0_seed45_20260914_223914_512034.json,382,32,363,12,12,False,15,False,,3.116635799407959,{'reconciliation_state': 11},finite_key,{},1.5323810577392578,False,,results/alice_recon_run_seed45_20260914_223914_556195.json,3,results/bob_recon_run_tp0.0_fk0.0_rp0.5_vd0.0_seed45_20260914_223914_512034.json,exception: name 'PROJECT_DIR' is not defined,2026-09-14T22:39:18.094845,reconciliation,0.5,3,0.0026178010471204
0.0,0.0,0.5,0.0,46,results/bob_recon_run_tp0.0_fk0.0_rp0.5_vd0.0_seed46_20260914_223919_111309.json,382,13,363,12,12,False,28,False,,2.238190174102783,{'reconciliation_state': 5},finite_key,{},0.48111629486083984,False,,results/alice_recon_run_seed46_20260914_223919_325683.json,4,results/bob_recon_run_tp0.0_fk0.0_rp0.5_vd0.0_seed46_20260914_223919_111309.json,exception: name 'PROJECT_DIR' is not defined,2026-09-14T22:39:21.824911,reconciliation,0.5,3,0.0026178010471204
0.0,0.0,0.5,0.0,47,results/bob_recon_run_tp0.0_fk0.0_rp0.5_vd0.0_seed47_20260914_223922_864144.json,382,26,363,12,12,False,21,False,,3.0616261959075928,{'reconciliation_state': 11},finite_key,{},1.3206422328948975,False,,results/alice_recon_run_seed47_20260914_223923_056540.json,5,results/bob_recon_run_tp0.0_fk0.0_rp0.5_vd0.0_seed47_20260914_223922_864144.json,exception: name 'PROJECT_DIR' is not defined,2026-09-14T22:39:26.686454,reconciliation,0.5,3,0.0026178010471204
0.0,0.0,0.5,0.0,48,results/bob_recon_run_tp0.0_fk0.0_rp0.5_vd0.0_seed48_20260914_223927_707380.json,382,10,363,12,12,False,30,False,,2.221219062805176,{'reconciliation_state': 4},finite_key,{},0.6431810855865479,False,,results/alice_recon_run_seed48_20260914_223927_737277.json,6,results/bob_recon_run_tp0.0_fk0.0_rp0.5_vd0.0_seed48_20260914_223927_707380.json,exception: name 'PROJECT_DIR' is not defined,2026-09-14T22:39:30.392450,reconciliation,0.5,3,0.0026178010471204
0.0,0.0,0.5,0.0,49,results/bob_recon_run_tp0.0_fk0.0_rp0.5_vd0.0_seed49_20260914_223931_431162.json,382,25,363,12,12,False,24,False,,3.1417605876922607,{'reconciliation_state': 13},finite_key,{},1.396942377090454,False,,results/alice_recon_run_seed49_20260914_223931_620860.json,7,results/bob_recon_run_tp0.0_fk0.0_rp0.5_vd0.0_seed49_20260914_223931_431162.json,exception: name 'PROJECT_DIR' is not defined,2026-09-14T22:39:35.322452,reconciliation,0.5,3,0.0026178010471204
0.0,0.0,0.5,0.0,50,results/bob_recon_run_tp0.0_fk0.0_rp0.5_vd0.0_seed50_20260914_223936_339344.json,382,31,363,12,12,False,21,False,,3.073777914047241,{'reconciliation_state': 16},finite_key,{},1.4764277935028076,False,,results/alice_recon_run_seed50_20260914_223936_392119.json,8,results/bob_recon_run_tp0.0_fk0.0_rp0.5_vd0.0_seed50_20260914_223936_339344.json,exception: name 'PROJECT_DIR' is not defined,2026-09-14T22:39:39.879926,reconciliation,0.5,3,0.0026178010471204
0.0,0.0,0.5,0.0,51,results/bob_recon_run_tp0.0_fk0.0_rp0.5_vd0.0_seed51_20260914_223940_909797.json,382,30,363,12,12,False,17,False,,3.099608898162842,{'reconciliation_state': 11},finite_key,{},1.368950366973877,False,,results/alice_recon_run_seed51_20260914_223941_089982.json,9,results/bob_recon_run_tp0.0_fk0.0_rp0.5_vd0.0_seed51_20260914_223940_909797.json,exception: name 'PROJECT_DIR' is not defined,2026-09-14T22:39:44.753336,reconciliation,0.5,3,0.0026178010471204
0.0,0.0,0.001,0.0,42,results/bob_recon_run_tp0.0_fk0.0_rp0.001_vd0.0_seed42_20260914_225659_628360.json,385,35,269,12,12,True,0,False,,2.248668670654297,{},finite_key,{},0.7500195503234863,True,,results/alice_recon_run_seed42_20260914_225659_792856.json,0,results/bob_recon_run_tp0.0_fk0.0_rp0.001_vd0.0_seed42_20260914_225659_628360.json,exception: name 'PROJECT_DIR' is not defined,2026-09-14T22:57:02.597369,reconciliation,0.001,4,0.0051948051948051
0.0,0.0,0.001,0.0,43,results/bob_recon_run_tp0.0_fk0.0_rp0.001_vd0.0_seed43_20260914_225703_615566.json,385,35,269,12,12,True,0,False,,1.3101489543914795,{},finite_key,{},0.6592311859130859,True,,results/alice_recon_run_seed43_20260914_225703_859187.json,1,results/bob_recon_run_tp0.0_fk0.0_rp0.001_vd0.0_seed43_20260914_225703_615566.json,exception: name 'PROJECT_DIR' is not defined,2026-09-14T22:57:05.642854,reconciliation,0.001,4,0.0051948051948051
0.0,0.0,0.001,0.0,44,results/bob_recon_run_tp0.0_fk0.0_rp0.001_vd0.0_seed44_20260914_225706_660359.json,385,35,269,12,12,True,0,False,,2.7606022357940674,{},finite_key,{},1.2299516201019287,True,,results/alice_recon_run_seed44_20260914_225706_850521.json,2,results/bob_recon_run_tp0.0_fk0.0_rp0.001_vd0.0_seed44_20260914_225706_660359.json,exception: name 'PROJECT_DIR' is not defined,2026-09-14T22:57:10.181857,reconciliation,0.001,4,0.0051948051948051
0.0,0.0,0.001,0.0,45,results/bob_recon_run_tp0.0_fk0.0_rp0.001_vd0.0_seed45_20260914_225711_209360.json,385,35,269,12,12,True,0,False,,2.1286275386810303,{},finite_key,{},0.6095361709594727,True,,results/alice_recon_run_seed45_20260914_225711_398035.json,3,results/bob_recon_run_tp0.0_fk0.0_rp0.001_vd0.0_seed45_20260914_225711_209360.json,exception: name 'PROJECT_DIR' is not defined,2026-09-14T22:57:14.044217,reconciliation,0.001,4,0.0051948051948051
0.0,0.0,0.001,0.0,46,results/bob_recon_run_tp0.0_fk0.0_rp0.001_vd0.0_seed46_20260914_225715_061261.json,385,35,269,12,12,True,0,False,,1.784282922744751,{},finite_key,{},0.6736254692077637,True,,results/alice_recon_run_seed46_20260914_225715_314644.json,4,results/bob_recon_run_tp0.0_fk0.0_rp0.001_vd0.0_seed46_20260914_225715_061261.json,exception: name 'PROJECT_DIR' is not defined,2026-09-14T22:57:17.572974,reconciliation,0.001,4,0.0051948051948051
0.0,0.0,0.001,0.0,47,results/bob_recon_run_tp0.0_fk0.0_rp0.001_vd0.0_seed47_20260914_225718_581743.json,385,35,269,12,12,True,0,False,,2.0242624282836914,{},finite_key,{},0.4707019329071045,True,,results/alice_recon_run_seed47_20260914_225718_798231.json,5,results/bob_recon_run_tp0.0_fk0.0_rp0.001_vd0.0_seed47_20260914_225718_581743.json,exception: name 'PROJECT_DIR' is not defined,2026-09-14T22:57:21.391162,reconciliation,0.001,4,0.0051948051948051
0.0,0.0,0.001,0.0,48,results/bob_recon_run_tp0.0_fk0.0_rp0.001_vd0.0_seed48_20260914_225722_454924.json,385,35,269,12,12,True,0,False,,2.64335036277771,{},finite_key,{},1.1399884223937988,True,,results/alice_recon_run_seed48_20260914_225722_624899.json,6,results/bob_recon_run_tp0.0_fk0.0_rp0.001_vd0.0_seed48_20260914_225722_454924.json,exception: name 'PROJECT_DIR' is not defined,2026-09-14T22:57:25.820451,reconciliation,0.001,4,0.0051948051948051
0.0,0.0,0.001,0.0,49,results/bob_recon_run_tp0.0_fk0.0_rp0.001_vd0.0_seed49_20260914_225726_872857.json,385,33,269,12,12,False,2,False,,1.7437982559204102,{},finite_key,{},0.5350015163421631,False,,results/alice_recon_run_seed49_20260914_225726_990083.json,7,results/bob_recon_run_tp0.0_fk0.0_rp0.001_vd0.0_seed49_20260914_225726_872857.json,exception: name 'PROJECT_DIR' is not defined,2026-09-14T22:57:29.251807,reconciliation,0.001,4,0.0051948051948051
0.0,0.0,0.001,0.0,50,results/bob_recon_run_tp0.0_fk0.0_rp0.001_vd0.0_seed50_20260914_225730_268990.json,385,35,269,12,12,True,0,False,,2.540341377258301,{},finite_key,{},1.0336332321166992,True,,results/alice_recon_run_seed50_20260914_225730_439349.json,8,results/bob_recon_run_tp0.0_fk0.0_rp0.001_vd0.0_seed50_20260914_225730_268990.json,exception: name 'PROJECT_DIR' is not defined,2026-09-14T22:57:33.514854,reconciliation,0.001,4,0.0051948051948051
0.0,0.0,0.001,0.0,51,results/bob_recon_run_tp0.0_fk0.0_rp0.001_vd0.0_seed51_20260914_225734_518674.json,385,35,269,12,12,True,0,False,,2.3190555572509766,{},finite_key,{},0.7912178039550781,True,,results/alice_recon_run_seed51_20260914_225734_706029.json,9,results/bob_recon_run_tp0.0_fk0.0_rp0.001_vd0.0_seed51_20260914_225734_518674.json,exception: name 'PROJECT_DIR' is not defined,2026-09-14T22:57:37.450751,reconciliation,0.001,4,0.0051948051948051
0.0,0.0,0.003,0.0,42,results/bob_recon_run_tp0.0_fk0.0_rp0.003_vd0.0_seed42_20260914_225738_451491.json,385,35,269,12,12,True,0,False,,2.2973830699920654,{},finite_key,{},0.7509875297546387,True,,results/alice_recon_run_seed42_20260914_225738_667693.json,0,results/bob_recon_run_tp0.0_fk0.0_rp0.003_vd0.0_seed42_20260914_225738_451491.json,exception: name 'PROJECT_DIR' is not defined,2026-09-14T22:57:41.456343,reconciliation,0.003,4,0.0051948051948051
0.0,0.0,0.003,0.0,43,results/bob_recon_run_tp0.0_fk0.0_rp0.003_vd0.0_seed43_20260914_225742_469340.json,385,35,269,12,12,True,0,False,,2.204183578491211,{},finite_key,{},0.6572000980377197,True,,results/alice_recon_run_seed43_20260914_225742_679943.json,1,results/bob_recon_run_tp0.0_fk0.0_rp0.003_vd0.0_seed43_20260914_225742_469340.json,exception: name 'PROJECT_DIR' is not defined,2026-09-14T22:57:45.302732,reconciliation,0.003,4,0.0051948051948051
0.0,0.0,0.003,0.0,44,results/bob_recon_run_tp0.0_fk0.0_rp0.003_vd0.0_seed44_20260914_225746_306726.json,385,35,269,12,12,True,0,False,,2.7182350158691406,{},finite_key,{},1.2261486053466797,True,,results/alice_recon_run_seed44_20260914_225746_470080.json,2,results/bob_recon_run_tp0.0_fk0.0_rp0.003_vd0.0_seed44_20260914_225746_306726.json,exception: name 'PROJECT_DIR' is not defined,2026-09-14T22:57:49.658569,reconciliation,0.003,4,0.0051948051948051
0.0,0.0,0.003,0.0,45,results/bob_recon_run_tp0.0_fk0.0_rp0.003_vd0.0_seed45_20260914_225750_662428.json,385,35,269,12,12,True,0,False,,2.114609718322754,{},finite_key,{},0.6064302921295166,True,,results/alice_recon_run_seed45_20260914_225750_839530.json,3,results/bob_recon_run_tp0.0_fk0.0_rp0.003_vd0.0_seed45_20260914_225750_662428.json,exception: name 'PROJECT_DIR' is not defined,2026-09-14T22:57:53.474325,reconciliation,0.003,4,0.0051948051948051
0.0,0.0,0.003,0.0,46,results/bob_recon_run_tp0.0_fk0.0_rp0.003_vd0.0_seed46_20260914_225754_489117.json,385,35,269,12,12,True,0,False,,2.0197622776031494,{},finite_key,{},0.671778678894043,True,,results/alice_recon_run_seed46_20260914_225754_505567.json,4,results/bob_recon_run_tp0.0_fk0.0_rp0.003_vd0.0_seed46_20260914_225754_489117.json,exception: name 'PROJECT_DIR' is not defined,2026-09-14T22:57:56.938950,reconciliation,0.003,4,0.0051948051948051
0.0,0.0,0.003,0.0,47,results/bob_recon_run_tp0.0_fk0.0_rp0.003_vd0.0_seed47_20260914_225757_952360.json,385,35,269,12,12,True,0,False,,1.8162999153137207,{},finite_key,{},0.47229886054992676,True,,results/alice_recon_run_seed47_20260914_225757_960763.json,5,results/bob_recon_run_tp0.0_fk0.0_rp0.003_vd0.0_seed47_20260914_225757_952360.json,exception: name 'PROJECT_DIR' is not defined,2026-09-14T22:58:00.248134,reconciliation,0.003,4,0.0051948051948051
0.0,0.0,0.003,0.0,48,results/bob_recon_run_tp0.0_fk0.0_rp0.003_vd0.0_seed48_20260914_225801_257536.json,385,35,269,12,12,True,0,False,,1.7873740196228027,{},finite_key,{},1.1371262073516846,True,,results/alice_recon_run_seed48_20260914_225801_275643.json,6,results/bob_recon_run_tp0.0_fk0.0_rp0.003_vd0.0_seed48_20260914_225801_257536.json,exception: name 'PROJECT_DIR' is not defined,2026-09-14T22:58:03.466604,reconciliation,0.003,4,0.0051948051948051
0.0,0.0,0.003,0.0,49,results/bob_recon_run_tp0.0_fk0.0_rp0.003_vd0.0_seed49_20260914_225804_478181.json,385,33,269,12,12,False,2,False,,1.3544385433197021,{},finite_key,{},0.5324971675872803,False,,results/alice_recon_run_seed49_20260914_225804_647430.json,7,results/bob_recon_run_tp0.0_fk0.0_rp0.003_vd0.0_seed49_20260914_225804_478181.json,exception: name 'PROJECT_DIR' is not defined,2026-09-14T22:58:06.516471,reconciliation,0.003,4,0.0051948051948051
0.0,0.0,0.003,0.0,50,results/bob_recon_run_tp0.0_fk0.0_rp0.003_vd0.0_seed50_20260914_225807_518918.json,385,35,269,12,12,True,0,False,,2.0863757133483887,{},finite_key,{},1.0375392436981201,True,,results/alice_recon_run_seed50_20260914_225807_685025.json,8,results/bob_recon_run_tp0.0_fk0.0_rp0.003_vd0.0_seed50_20260914_225807_518918.json,exception: name 'PROJECT_DIR' is not defined,2026-09-14T22:58:10.264480,reconciliation,0.003,4,0.0051948051948051
0.0,0.0,0.003,0.0,51,results/bob_recon_run_tp0.0_fk0.0_rp0.003_vd0.0_seed51_20260914_225811_274607.json,385,35,269,12,12,True,0,False,,2.5513665676116943,{},finite_key,{},0.7986965179443359,True,,results/alice_recon_run_seed51_20260914_225811_483144.json,9,results/bob_recon_run_tp0.0_fk0.0_rp0.003_vd0.0_seed51_20260914_225811_274607.json,exception: name 'PROJECT_DIR' is not defined,2026-09-14T22:58:14.560131,reconciliation,0.003,4,0.0051948051948051
0.0,0.0,0.01,0.0,42,results/bob_recon_run_tp0.0_fk0.0_rp0.01_vd0.0_seed42_20260914_225815_553621.json,385,35,269,12,12,True,0,False,,1.44268798828125,{},finite_key,{},0.7512760162353516,True,,results/alice_recon_run_seed42_20260914_225815_598039.json,0,results/bob_recon_run_tp0.0_fk0.0_rp0.01_vd0.0_seed42_20260914_225815_553621.json,exception: name 'PROJECT_DIR' is not defined,2026-09-14T22:58:17.420989,reconciliation,0.01,4,0.0051948051948051
0.0,0.0,0.01,0.0,43,results/bob_recon_run_tp0.0_fk0.0_rp0.01_vd0.0_seed43_20260914_225818_433880.json,385,35,269,12,12,True,0,False,,0.8506760597229004,{},finite_key,{},0.6538500785827637,True,,results/alice_recon_run_seed43_20260914_225818_447611.json,1,results/bob_recon_run_tp0.0_fk0.0_rp0.01_vd0.0_seed43_20260914_225818_433880.json,exception: name 'PROJECT_DIR' is not defined,2026-09-14T22:58:19.707674,reconciliation,0.01,4,0.0051948051948051
0.0,0.0,0.01,0.0,44,results/bob_recon_run_tp0.0_fk0.0_rp0.01_vd0.0_seed44_20260914_225820_708450.json,385,35,269,12,12,False,1,False,,3.308095932006836,{'reconciliation_state': 1},finite_key,{},1.9466514587402344,False,,results/alice_recon_run_seed44_20260914_225820_737197.json,2,results/bob_recon_run_tp0.0_fk0.0_rp0.01_vd0.0_seed44_20260914_225820_708450.json,exception: name 'PROJECT_DIR' is not defined,2026-09-14T22:58:24.496321,reconciliation,0.01,4,0.0051948051948051
0.0,0.0,0.01,0.0,45,results/bob_recon_run_tp0.0_fk0.0_rp0.01_vd0.0_seed45_20260914_225825_543999.json,385,35,269,12,12,True,0,False,,1.7969191074371338,{},finite_key,{},0.608112096786499,True,,results/alice_recon_run_seed45_20260914_225825_641478.json,3,results/bob_recon_run_tp0.0_fk0.0_rp0.01_vd0.0_seed45_20260914_225825_543999.json,exception: name 'PROJECT_DIR' is not defined,2026-09-14T22:58:27.866718,reconciliation,0.01,4,0.0051948051948051
0.0,0.0,0.01,0.0,46,results/bob_recon_run_tp0.0_fk0.0_rp0.01_vd0.0_seed46_20260914_225828_919342.json,385,35,269,12,12,True,0,False,,2.3579421043395996,{},finite_key,{},0.6715190410614014,True,,results/alice_recon_run_seed46_20260914_225829_066505.json,4,results/bob_recon_run_tp0.0_fk0.0_rp0.01_vd0.0_seed46_20260914_225828_919342.json,exception: name 'PROJECT_DIR' is not defined,2026-09-14T22:58:31.965760,reconciliation,0.01,4,0.0051948051948051
0.0,0.0,0.01,0.0,47,results/bob_recon_run_tp0.0_fk0.0_rp0.01_vd0.0_seed47_20260914_225832_989709.json,385,35,269,12,12,True,0,False,,1.0352909564971924,{},finite_key,{},0.46837687492370605,True,,results/alice_recon_run_seed47_20260914_225833_145953.json,5,results/bob_recon_run_tp0.0_fk0.0_rp0.01_vd0.0_seed47_20260914_225832_989709.json,exception: name 'PROJECT_DIR' is not defined,2026-09-14T22:58:34.665906,reconciliation,0.01,4,0.0051948051948051
0.0,0.0,0.01,0.0,48,results/bob_recon_run_tp0.0_fk0.0_rp0.01_vd0.0_seed48_20260914_225835_678524.json,385,35,269,12,12,True,0,False,,2.4939889907836914,{},finite_key,{},1.1393442153930664,True,,results/alice_recon_run_seed48_20260914_225835_700672.json,6,results/bob_recon_run_tp0.0_fk0.0_rp0.01_vd0.0_seed48_20260914_225835_678524.json,exception: name 'PROJECT_DIR' is not defined,2026-09-14T22:58:38.660285,reconciliation,0.01,4,0.0051948051948051
0.0,0.0,0.01,0.0,49,results/bob_recon_run_tp0.0_fk0.0_rp0.01_vd0.0_seed49_20260914_225839_692368.json,385,33,269,12,12,False,2,False,,1.9080348014831543,{},finite_key,{},0.5319294929504395,False,,results/alice_recon_run_seed49_20260914_225839_736319.json,7,results/bob_recon_run_tp0.0_fk0.0_rp0.01_vd0.0_seed49_20260914_225839_692368.json,exception: name 'PROJECT_DIR' is not defined,2026-09-14T22:58:42.037448,reconciliation,0.01,4,0.0051948051948051
0.0,0.0,0.01,0.0,50,results/bob_recon_run_tp0.0_fk0.0_rp0.01_vd0.0_seed50_20260914_225843_044881.json,385,35,269,12,12,False,1,False,,2.0722134113311768,{'reconciliation_state': 1},finite_key,{},1.3696167469024658,False,,results/alice_recon_run_seed50_20260914_225843_113181.json,8,results/bob_recon_run_tp0.0_fk0.0_rp0.01_vd0.0_seed50_20260914_225843_044881.json,exception: name 'PROJECT_DIR' is not defined,2026-09-14T22:58:45.541201,reconciliation,0.01,4,0.0051948051948051
0.0,0.0,0.01,0.0,51,results/bob_recon_run_tp0.0_fk0.0_rp0.01_vd0.0_seed51_20260914_225846_544205.json,385,35,269,12,12,True,0,False,,1.6761384010314941,{},finite_key,{},0.7907717227935791,True,,results/alice_recon_run_seed51_20260914_225846_575760.json,9,results/bob_recon_run_tp0.0_fk0.0_rp0.01_vd0.0_seed51_20260914_225846_544205.json,exception: name 'PROJECT_DIR' is not defined,2026-09-14T22:58:48.646408,reconciliation,0.01,4,0.0051948051948051
0.0,0.0,0.03,0.0,42,results/bob_recon_run_tp0.0_fk0.0_rp0.03_vd0.0_seed42_20260914_225849_738329.json,385,35,269,12,12,False,1,False,,3.5546915531158447,{'reconciliation_state': 1},finite_key,{},1.1155478954315186,False,,results/alice_recon_run_seed42_20260914_225849_723346.json,0,results/bob_recon_run_tp0.0_fk0.0_rp0.03_vd0.0_seed42_20260914_225849_738329.json,exception: name 'PROJECT_DIR' is not defined,2026-09-14T22:58:53.718017,reconciliation,0.03,4,0.0051948051948051
0.0,0.0,0.03,0.0,43,results/bob_recon_run_tp0.0_fk0.0_rp0.03_vd0.0_seed43_20260914_225854_729897.json,385,35,269,12,12,True,0,False,,2.214892625808716,{},finite_key,{},0.657628059387207,True,,results/alice_recon_run_seed43_20260914_225854_746007.json,1,results/bob_recon_run_tp0.0_fk0.0_rp0.03_vd0.0_seed43_20260914_225854_729897.json,exception: name 'PROJECT_DIR' is not defined,2026-09-14T22:58:57.425089,reconciliation,0.03,4,0.0051948051948051
0.0,0.0,0.03,0.0,44,results/bob_recon_run_tp0.0_fk0.0_rp0.03_vd0.0_seed44_20260914_225858_469968.json,385,35,269,12,12,False,1,False,,2.6231188774108887,{'reconciliation_state': 1},finite_key,{},1.9490342140197754,False,,results/alice_recon_run_seed44_20260914_225858_498091.json,2,results/bob_recon_run_tp0.0_fk0.0_rp0.03_vd0.0_seed44_20260914_225858_469968.json,exception: name 'PROJECT_DIR' is not defined,2026-09-14T22:59:01.571585,reconciliation,0.03,4,0.0051948051948051
0.0,0.0,0.03,0.0,45,results/bob_recon_run_tp0.0_fk0.0_rp0.03_vd0.0_seed45_20260914_225902_578611.json,385,35,269,12,12,True,0,False,,2.1745738983154297,{},finite_key,{},0.608330488204956,True,,results/alice_recon_run_seed45_20260914_225902_601767.json,3,results/bob_recon_run_tp0.0_fk0.0_rp0.03_vd0.0_seed45_20260914_225902_578611.json,exception: name 'PROJECT_DIR' is not defined,2026-09-14T22:59:05.178369,reconciliation,0.03,4,0.0051948051948051
0.0,0.0,0.03,0.0,46,results/bob_recon_run_tp0.0_fk0.0_rp0.03_vd0.0_seed46_20260914_225906_190002.json,385,35,269,12,12,False,1,False,,2.450653314590454,{'reconciliation_state': 1},finite_key,{},1.0558586120605469,False,,results/alice_recon_run_seed46_20260914_225906_252464.json,4,results/bob_recon_run_tp0.0_fk0.0_rp0.03_vd0.0_seed46_20260914_225906_190002.json,exception: name 'PROJECT_DIR' is not defined,2026-09-14T22:59:09.118777,reconciliation,0.03,4,0.0051948051948051
0.0,0.0,0.03,0.0,47,results/bob_recon_run_tp0.0_fk0.0_rp0.03_vd0.0_seed47_20260914_225910_139233.json,385,35,269,12,12,False,2,False,,2.0171046257019043,{'reconciliation_state': 2},finite_key,{},0.8767695426940918,False,,results/alice_recon_run_seed47_20260914_225910_188373.json,5,results/bob_recon_run_tp0.0_fk0.0_rp0.03_vd0.0_seed47_20260914_225910_139233.json,exception: name 'PROJECT_DIR' is not defined,2026-09-14T22:59:12.579249,reconciliation,0.03,4,0.0051948051948051
0.0,0.0,0.03,0.0,48,results/bob_recon_run_tp0.0_fk0.0_rp0.03_vd0.0_seed48_20260914_225913_620684.json,385,35,269,12,12,False,1,False,,4.431825637817383,{'reconciliation_state': 1},finite_key,{},1.5428802967071533,False,,results/alice_recon_run_seed48_20260914_225913_609377.json,6,results/bob_recon_run_tp0.0_fk0.0_rp0.03_vd0.0_seed48_20260914_225913_620684.json,exception: name 'PROJECT_DIR' is not defined,2026-09-14T22:59:18.476861,reconciliation,0.03,4,0.0051948051948051
0.0,0.0,0.03,0.0,49,results/bob_recon_run_tp0.0_fk0.0_rp0.03_vd0.0_seed49_20260914_225919_502937.json,385,33,269,12,12,False,2,False,,1.9135890007019043,{},finite_key,{},0.5325794219970703,False,,results/alice_recon_run_seed49_20260914_225919_555652.json,7,results/bob_recon_run_tp0.0_fk0.0_rp0.03_vd0.0_seed49_20260914_225919_502937.json,exception: name 'PROJECT_DIR' is not defined,2026-09-14T22:59:21.843074,reconciliation,0.03,4,0.0051948051948051
0.0,0.0,0.03,0.0,50,results/bob_recon_run_tp0.0_fk0.0_rp0.03_vd0.0_seed50_20260914_225922_856598.json,385,35,269,12,12,False,2,False,,2.899892807006836,{'reconciliation_state': 2},finite_key,{},1.3036425113677979,False,,results/alice_recon_run_seed50_20260914_225922_915826.json,8,results/bob_recon_run_tp0.0_fk0.0_rp0.03_vd0.0_seed50_20260914_225922_856598.json,exception: name 'PROJECT_DIR' is not defined,2026-09-14T22:59:26.182410,reconciliation,0.03,4,0.0051948051948051
0.0,0.0,0.03,0.0,51,results/bob_recon_run_tp0.0_fk0.0_rp0.03_vd0.0_seed51_20260914_225927_195024.json,385,35,269,12,12,False,2,False,,2.2093374729156494,{'reconciliation_state': 2},finite_key,{},1.059168815612793,False,,results/alice_recon_run_seed51_20260914_225927_258115.json,9,results/bob_recon_run_tp0.0_fk0.0_rp0.03_vd0.0_seed51_20260914_225927_195024.json,exception: name 'PROJECT_DIR' is not defined,2026-09-14T22:59:29.828684,reconciliation,0.03,4,0.0051948051948051
0.0,0.0,0.05,0.0,42,results/bob_recon_run_tp0.0_fk0.0_rp0.05_vd0.0_seed42_20260914_225930_864167.json,385,35,269,12,12,False,1,False,,2.6962637901306152,{'reconciliation_state': 1},finite_key,{},1.1197264194488525,False,,results/alice_recon_run_seed42_20260914_225930_899753.json,0,results/bob_recon_run_tp0.0_fk0.0_rp0.05_vd0.0_seed42_20260914_225930_864167.json,exception: name 'PROJECT_DIR' is not defined,2026-09-14T22:59:33.984466,reconciliation,0.05,4,0.0051948051948051
0.0,0.0,0.05,0.0,43,results/bob_recon_run_tp0.0_fk0.0_rp0.05_vd0.0_seed43_20260914_225935_012635.json,385,35,269,12,12,False,2,False,,2.5358123779296875,{'reconciliation_state': 2},finite_key,{},1.1584806442260742,False,,results/alice_recon_run_seed43_20260914_225935_055051.json,1,results/bob_recon_run_tp0.0_fk0.0_rp0.05_vd0.0_seed43_20260914_225935_012635.json,exception: name 'PROJECT_DIR' is not defined,2026-09-14T22:59:37.973978,reconciliation,0.05,4,0.0051948051948051
0.0,0.0,0.05,0.0,44,results/bob_recon_run_tp0.0_fk0.0_rp0.05_vd0.0_seed44_20260914_225938_991823.json,385,35,269,12,12,False,1,False,,3.3093748092651367,{'reconciliation_state': 1},finite_key,{},1.9493951797485352,False,,results/alice_recon_run_seed44_20260914_225939_043616.json,2,results/bob_recon_run_tp0.0_fk0.0_rp0.05_vd0.0_seed44_20260914_225938_991823.json,exception: name 'PROJECT_DIR' is not defined,2026-09-14T22:59:42.724877,reconciliation,0.05,4,0.0051948051948051
0.0,0.0,0.05,0.0,45,results/bob_recon_run_tp0.0_fk0.0_rp0.05_vd0.0_seed45_20260914_225943_727636.json,385,35,269,12,12,True,0,False,,2.0328071117401123,{},finite_key,{},0.6093928813934326,True,,results/alice_recon_run_seed45_20260914_225943_796462.json,3,results/bob_recon_run_tp0.0_fk0.0_rp0.05_vd0.0_seed45_20260914_225943_727636.json,exception: name 'PROJECT_DIR' is not defined,2026-09-14T22:59:46.184575,reconciliation,0.05,4,0.0051948051948051
0.0,0.0,0.05,0.0,46,results/bob_recon_run_tp0.0_fk0.0_rp0.05_vd0.0_seed46_20260914_225947_188077.json,385,35,269,12,12,False,1,False,,2.652235984802246,{'reconciliation_state': 1},finite_key,{},1.0514180660247803,False,,results/alice_recon_run_seed46_20260914_225947_247449.json,4,results/bob_recon_run_tp0.0_fk0.0_rp0.05_vd0.0_seed46_20260914_225947_188077.json,exception: name 'PROJECT_DIR' is not defined,2026-09-14T22:59:50.317220,reconciliation,0.05,4,0.0051948051948051
0.0,0.0,0.05,0.0,47,results/bob_recon_run_tp0.0_fk0.0_rp0.05_vd0.0_seed47_20260914_225951_326011.json,385,35,269,12,12,False,4,False,,1.699159860610962,{'reconciliation_state': 4},finite_key,{},0.9899289608001709,False,,results/alice_recon_run_seed47_20260914_225951_387479.json,5,results/bob_recon_run_tp0.0_fk0.0_rp0.05_vd0.0_seed47_20260914_225951_326011.json,exception: name 'PROJECT_DIR' is not defined,2026-09-14T22:59:53.502893,reconciliation,0.05,4,0.0051948051948051
0.0,0.0,0.05,0.0,48,results/bob_recon_run_tp0.0_fk0.0_rp0.05_vd0.0_seed48_20260914_225954_519065.json,385,35,269,12,12,False,1,False,,2.92175030708313,{'reconciliation_state': 1},finite_key,{},1.5393781661987305,False,,results/alice_recon_run_seed48_20260914_225954_569108.json,6,results/bob_recon_run_tp0.0_fk0.0_rp0.05_vd0.0_seed48_20260914_225954_519065.json,exception: name 'PROJECT_DIR' is not defined,2026-09-14T22:59:57.863881,reconciliation,0.05,4,0.0051948051948051
0.0,0.0,0.05,0.0,49,results/bob_recon_run_tp0.0_fk0.0_rp0.05_vd0.0_seed49_20260914_225958_868811.json,385,33,269,12,12,False,2,False,,1.4837238788604736,{},finite_key,{},0.5337202548980713,False,,results/alice_recon_run_seed49_20260914_225958_932513.json,7,results/bob_recon_run_tp0.0_fk0.0_rp0.05_vd0.0_seed49_20260914_225958_868811.json,exception: name 'PROJECT_DIR' is not defined,2026-09-14T23:00:00.831345,reconciliation,0.05,4,0.0051948051948051
0.0,0.0,0.05,0.0,50,results/bob_recon_run_tp0.0_fk0.0_rp0.05_vd0.0_seed50_20260914_230001_829489.json,385,35,269,12,12,False,2,False,,2.711010217666626,{'reconciliation_state': 2},finite_key,{},1.3096387386322021,False,,results/alice_recon_run_seed50_20260914_230001_896330.json,8,results/bob_recon_run_tp0.0_fk0.0_rp0.05_vd0.0_seed50_20260914_230001_829489.json,exception: name 'PROJECT_DIR' is not defined,2026-09-14T23:00:04.994147,reconciliation,0.05,4,0.0051948051948051
0.0,0.0,0.05,0.0,51,results/bob_recon_run_tp0.0_fk0.0_rp0.05_vd0.0_seed51_20260914_230005_998095.json,385,35,269,12,12,False,2,False,,2.450103998184204,{'reconciliation_state': 2},finite_key,{},1.0551724433898926,False,,results/alice_recon_run_seed51_20260914_230006_062724.json,9,results/bob_recon_run_tp0.0_fk0.0_rp0.05_vd0.0_seed51_20260914_230005_998095.json,exception: name 'PROJECT_DIR' is not defined,2026-09-14T23:00:08.871745,reconciliation,0.05,4,0.0051948051948051
0.0,0.0,0.1,0.0,42,results/bob_recon_run_tp0.0_fk0.0_rp0.1_vd0.0_seed42_20260914_230009_911935.json,385,35,269,12,12,False,2,False,,2.7884395122528076,{'reconciliation_state': 2},finite_key,{},1.2210304737091064,False,,results/alice_recon_run_seed42_20260914_230009_939321.json,0,results/bob_recon_run_tp0.0_fk0.0_rp0.1_vd0.0_seed42_20260914_230009_911935.json,exception: name 'PROJECT_DIR' is not defined,2026-09-14T23:00:13.177466,reconciliation,0.1,4,0.0051948051948051
0.0,0.0,0.1,0.0,43,results/bob_recon_run_tp0.0_fk0.0_rp0.1_vd0.0_seed43_20260914_230014_196248.json,385,35,269,12,12,False,3,False,,2.6522209644317627,{'reconciliation_state': 3},finite_key,{},1.2665421962738037,False,,results/alice_recon_run_seed43_20260914_230014_246833.json,1,results/bob_recon_run_tp0.0_fk0.0_rp0.1_vd0.0_seed43_20260914_230014_196248.json,exception: name 'PROJECT_DIR' is not defined,2026-09-14T23:00:17.338653,reconciliation,0.1,4,0.0051948051948051
0.0,0.0,0.1,0.0,44,results/bob_recon_run_tp0.0_fk0.0_rp0.1_vd0.0_seed44_20260914_230018_352731.json,385,29,269,12,12,False,12,False,,2.279531478881836,{'reconciliation_state': 6},finite_key,{},1.1791436672210693,False,,results/alice_recon_run_seed44_20260914_230018_375850.json,2,results/bob_recon_run_tp0.0_fk0.0_rp0.1_vd0.0_seed44_20260914_230018_352731.json,exception: name 'PROJECT_DIR' is not defined,2026-09-14T23:00:21.112361,reconciliation,0.1,4,0.0051948051948051
0.0,0.0,0.1,0.0,45,results/bob_recon_run_tp0.0_fk0.0_rp0.1_vd0.0_seed45_20260914_230022_202247.json,385,35,269,12,12,False,1,False,,4.3583714962005615,{'reconciliation_state': 1},finite_key,{},1.0738871097564697,False,,results/alice_recon_run_seed45_20260914_230022_141576.json,3,results/bob_recon_run_tp0.0_fk0.0_rp0.1_vd0.0_seed45_20260914_230022_202247.json,exception: name 'PROJECT_DIR' is not defined,2026-09-14T23:00:27.047109,reconciliation,0.1,4,0.0051948051948051
0.0,0.0,0.1,0.0,46,results/bob_recon_run_tp0.0_fk0.0_rp0.1_vd0.0_seed46_20260914_230028_075506.json,385,35,269,12,12,False,3,False,,1.6930358409881592,{'reconciliation_state': 3},finite_key,{},1.0295467376708984,False,,results/alice_recon_run_seed46_20260914_230028_085113.json,4,results/bob_recon_run_tp0.0_fk0.0_rp0.1_vd0.0_seed46_20260914_230028_075506.json,exception: name 'PROJECT_DIR' is not defined,2026-09-14T23:00:30.250602,reconciliation,0.1,4,0.0051948051948051
0.0,0.0,0.1,0.0,47,results/bob_recon_run_tp0.0_fk0.0_rp0.1_vd0.0_seed47_20260914_230031_341213.json,385,35,269,12,12,False,6,False,,2.540433883666992,{'reconciliation_state': 6},finite_key,{},0.9163620471954346,False,,results/alice_recon_run_seed47_20260914_230031_423913.json,5,results/bob_recon_run_tp0.0_fk0.0_rp0.1_vd0.0_seed47_20260914_230031_341213.json,exception: name 'PROJECT_DIR' is not defined,2026-09-14T23:00:34.560628,reconciliation,0.1,4,0.0051948051948051
0.0,0.0,0.1,0.0,48,results/bob_recon_run_tp0.0_fk0.0_rp0.1_vd0.0_seed48_20260914_230035_579238.json,385,35,269,12,12,False,3,False,,3.1299855709075928,{'reconciliation_state': 3},finite_key,{},1.435317039489746,False,,results/alice_recon_run_seed48_20260914_230035_727828.json,6,results/bob_recon_run_tp0.0_fk0.0_rp0.1_vd0.0_seed48_20260914_230035_579238.json,exception: name 'PROJECT_DIR' is not defined,2026-09-14T23:00:39.343987,reconciliation,0.1,4,0.0051948051948051
0.0,0.0,0.1,0.0,49,results/bob_recon_run_tp0.0_fk0.0_rp0.1_vd0.0_seed49_20260914_230040_360990.json,385,35,269,12,12,False,3,False,,2.039466619491577,{'reconciliation_state': 3},finite_key,{},0.9197585582733154,False,,results/alice_recon_run_seed49_20260914_230040_379727.json,7,results/bob_recon_run_tp0.0_fk0.0_rp0.1_vd0.0_seed49_20260914_230040_360990.json,exception: name 'PROJECT_DIR' is not defined,2026-09-14T23:00:42.830804,reconciliation,0.1,4,0.0051948051948051
0.0,0.0,0.1,0.0,50,results/bob_recon_run_tp0.0_fk0.0_rp0.1_vd0.0_seed50_20260914_230043_831361.json,385,35,269,12,12,False,5,False,,3.441133499145508,{'reconciliation_state': 5},finite_key,{},1.9883086681365967,False,,results/alice_recon_run_seed50_20260914_230043_951215.json,8,results/bob_recon_run_tp0.0_fk0.0_rp0.1_vd0.0_seed50_20260914_230043_831361.json,exception: name 'PROJECT_DIR' is not defined,2026-09-14T23:00:47.707917,reconciliation,0.1,4,0.0051948051948051
0.0,0.0,0.1,0.0,51,results/bob_recon_run_tp0.0_fk0.0_rp0.1_vd0.0_seed51_20260914_230048_746657.json,385,35,269,12,12,False,4,False,,4.250165939331055,{'reconciliation_state': 4},finite_key,{},0.9114904403686523,False,,results/alice_recon_run_seed51_20260914_230048_736904.json,9,results/bob_recon_run_tp0.0_fk0.0_rp0.1_vd0.0_seed51_20260914_230048_746657.json,exception: name 'PROJECT_DIR' is not defined,2026-09-14T23:00:53.457578,reconciliation,0.1,4,0.0051948051948051
0.0,0.0,0.3,0.0,42,results/bob_recon_run_tp0.0_fk0.0_rp0.3_vd0.0_seed42_20260914_230054_465600.json,385,25,269,12,12,False,19,False,,2.1592788696289062,{'reconciliation_state': 9},finite_key,{},0.8022444248199463,False,,results/alice_recon_run_seed42_20260914_230054_488024.json,0,results/bob_recon_run_tp0.0_fk0.0_rp0.3_vd0.0_seed42_20260914_230054_465600.json,exception: name 'PROJECT_DIR' is not defined,2026-09-14T23:00:57.059165,reconciliation,0.3,4,0.0051948051948051
0.0,0.0,0.3,0.0,43,results/bob_recon_run_tp0.0_fk0.0_rp0.3_vd0.0_seed43_20260914_230058_092217.json,385,28,269,12,12,False,12,False,,1.836334466934204,{'reconciliation_state': 5},finite_key,{},0.5075840950012207,False,,results/alice_recon_run_seed43_20260914_230058_090536.json,1,results/bob_recon_run_tp0.0_fk0.0_rp0.3_vd0.0_seed43_20260914_230058_092217.json,exception: name 'PROJECT_DIR' is not defined,2026-09-14T23:01:00.362729,reconciliation,0.3,4,0.0051948051948051
0.0,0.0,0.3,0.0,44,results/bob_recon_run_tp0.0_fk0.0_rp0.3_vd0.0_seed44_20260914_230101_366132.json,385,34,269,12,12,False,11,False,,2.522404670715332,{'reconciliation_state': 10},finite_key,{},1.1665329933166504,False,,results/alice_recon_run_seed44_20260914_230101_392587.json,2,results/bob_recon_run_tp0.0_fk0.0_rp0.3_vd0.0_seed44_20260914_230101_366132.json,exception: name 'PROJECT_DIR' is not defined,2026-09-14T23:01:04.320990,reconciliation,0.3,4,0.0051948051948051
0.0,0.0,0.3,0.0,45,results/bob_recon_run_tp0.0_fk0.0_rp0.3_vd0.0_seed45_20260914_230105_330324.json,385,34,269,12,12,False,8,False,,2.414686679840088,{'reconciliation_state': 7},finite_key,{},1.16660737991333,False,,results/alice_recon_run_seed45_20260914_230105_478688.json,3,results/bob_recon_run_tp0.0_fk0.0_rp0.3_vd0.0_seed45_20260914_230105_330324.json,exception: name 'PROJECT_DIR' is not defined,2026-09-14T23:01:08.380357,reconciliation,0.3,4,0.0051948051948051
0.0,0.0,0.3,0.0,46,results/bob_recon_run_tp0.0_fk0.0_rp0.3_vd0.0_seed46_20260914_230109_387863.json,385,35,269,12,12,False,9,False,,2.460531711578369,{'reconciliation_state': 9},finite_key,{},1.0957796573638916,False,,results/alice_recon_run_seed46_20260914_230109_422407.json,4,results/bob_recon_run_tp0.0_fk0.0_rp0.3_vd0.0_seed46_20260914_230109_387863.json,exception: name 'PROJECT_DIR' is not defined,2026-09-14T23:01:12.281290,reconciliation,0.3,4,0.0051948051948051
0.0,0.0,0.3,0.0,47,results/bob_recon_run_tp0.0_fk0.0_rp0.3_vd0.0_seed47_20260914_230113_391919.json,385,31,269,12,12,False,13,False,,1.7528376579284668,{'reconciliation_state': 9},finite_key,{},0.8628208637237549,False,,results/alice_recon_run_seed47_20260914_230113_400468.json,5,results/bob_recon_run_tp0.0_fk0.0_rp0.3_vd0.0_seed47_20260914_230113_391919.json,exception: name 'PROJECT_DIR' is not defined,2026-09-14T23:01:15.645211,reconciliation,0.3,4,0.0051948051948051
0.0,0.0,0.3,0.0,48,results/bob_recon_run_tp0.0_fk0.0_rp0.3_vd0.0_seed48_20260914_230116_714649.json,385,32,269,12,12,False,13,False,,4.926443338394165,{'reconciliation_state': 10},finite_key,{},1.6157190799713135,False,,results/alice_recon_run_seed48_20260914_230116_676476.json,6,results/bob_recon_run_tp0.0_fk0.0_rp0.3_vd0.0_seed48_20260914_230116_714649.json,exception: name 'PROJECT_DIR' is not defined,2026-09-14T23:01:22.198924,reconciliation,0.3,4,0.0051948051948051
0.0,0.0,0.3,0.0,49,results/bob_recon_run_tp0.0_fk0.0_rp0.3_vd0.0_seed49_20260914_230123_274116.json,385,34,269,12,12,False,11,False,,2.8752574920654297,{'reconciliation_state': 10},finite_key,{},1.4385855197906494,False,,results/alice_recon_run_seed49_20260914_230123_378200.json,7,results/bob_recon_run_tp0.0_fk0.0_rp0.3_vd0.0_seed49_20260914_230123_274116.json,exception: name 'PROJECT_DIR' is not defined,2026-09-14T23:01:26.753946,reconciliation,0.3,4,0.0051948051948051
0.0,0.0,0.3,0.0,50,results/bob_recon_run_tp0.0_fk0.0_rp0.3_vd0.0_seed50_20260914_230127_780472.json,385,29,269,12,12,False,15,False,,2.615922212600708,{'reconciliation_state': 9},finite_key,{},1.2800328731536865,False,,results/alice_recon_run_seed50_20260914_230127_783082.json,8,results/bob_recon_run_tp0.0_fk0.0_rp0.3_vd0.0_seed50_20260914_230127_780472.json,exception: name 'PROJECT_DIR' is not defined,2026-09-14T23:01:30.843248,reconciliation,0.3,4,0.0051948051948051
0.0,0.0,0.3,0.0,51,results/bob_recon_run_tp0.0_fk0.0_rp0.3_vd0.0_seed51_20260914_230131_963447.json,385,26,269,12,12,False,16,False,,2.4857189655303955,{'reconciliation_state': 7},finite_key,{},1.124582290649414,False,,results/alice_recon_run_seed51_20260914_230132_018301.json,9,results/bob_recon_run_tp0.0_fk0.0_rp0.3_vd0.0_seed51_20260914_230131_963447.json,exception: name 'PROJECT_DIR' is not defined,2026-09-14T23:01:35.106557,reconciliation,0.3,4,0.0051948051948051
0.0,0.0,0.5,0.0,42,results/bob_recon_run_tp0.0_fk0.0_rp0.5_vd0.0_seed42_20260914_230136_245462.json,385,26,269,12,12,False,22,False,,4.159048080444336,{'reconciliation_state': 13},finite_key,{},0.9228391647338867,False,,results/alice_recon_run_seed42_20260914_230136_136485.json,0,results/bob_recon_run_tp0.0_fk0.0_rp0.5_vd0.0_seed42_20260914_230136_245462.json,exception: name 'PROJECT_DIR' is not defined,2026-09-14T23:01:40.869072,reconciliation,0.5,4,0.0051948051948051
0.0,0.0,0.5,0.0,43,results/bob_recon_run_tp0.0_fk0.0_rp0.5_vd0.0_seed43_20260914_230141_900283.json,385,30,269,12,12,False,16,False,,2.5206260681152344,{'reconciliation_state': 11},finite_key,{},0.8238058090209961,False,,results/alice_recon_run_seed43_20260914_230142_060569.json,1,results/bob_recon_run_tp0.0_fk0.0_rp0.5_vd0.0_seed43_20260914_230141_900283.json,exception: name 'PROJECT_DIR' is not defined,2026-09-14T23:01:45.043230,reconciliation,0.5,4,0.0051948051948051
0.0,0.0,0.5,0.0,44,results/bob_recon_run_tp0.0_fk0.0_rp0.5_vd0.0_seed44_20260914_230146_049073.json,385,33,269,12,12,False,16,False,,2.544090986251831,{'reconciliation_state': 14},finite_key,{},1.1834404468536377,False,,results/alice_recon_run_seed44_20260914_230146_078592.json,2,results/bob_recon_run_tp0.0_fk0.0_rp0.5_vd0.0_seed44_20260914_230146_049073.json,exception: name 'PROJECT_DIR' is not defined,2026-09-14T23:01:49.080247,reconciliation,0.5,4,0.0051948051948051
0.0,0.0,0.5,0.0,45,results/bob_recon_run_tp0.0_fk0.0_rp0.5_vd0.0_seed45_20260914_230150_125960.json,385,33,269,12,12,False,14,False,,2.5709450244903564,{'reconciliation_state': 12},finite_key,{},1.1143012046813965,False,,results/alice_recon_run_seed45_20260914_230150_251755.json,3,results/bob_recon_run_tp0.0_fk0.0_rp0.5_vd0.0_seed45_20260914_230150_125960.json,exception: name 'PROJECT_DIR' is not defined,2026-09-14T23:01:53.389863,reconciliation,0.5,4,0.0051948051948051
0.0,0.0,0.5,0.0,46,results/bob_recon_run_tp0.0_fk0.0_rp0.5_vd0.0_seed46_20260914_230154_453143.json,385,32,269,12,12,False,19,False,,4.567462682723999,{'reconciliation_state': 16},finite_key,{},1.2562756538391113,False,,results/alice_recon_run_seed46_20260914_230154_419441.json,4,results/bob_recon_run_tp0.0_fk0.0_rp0.5_vd0.0_seed46_20260914_230154_453143.json,exception: name 'PROJECT_DIR' is not defined,2026-09-14T23:01:59.452884,reconciliation,0.5,4,0.0051948051948051
0.0,0.0,0.5,0.0,47,results/bob_recon_run_tp0.0_fk0.0_rp0.5_vd0.0_seed47_20260914_230200_459052.json,385,31,269,12,12,False,17,False,,2.42592453956604,{'reconciliation_state': 13},finite_key,{},1.069575309753418,False,,results/alice_recon_run_seed47_20260914_230200_479231.json,5,results/bob_recon_run_tp0.0_fk0.0_rp0.5_vd0.0_seed47_20260914_230200_459052.json,exception: name 'PROJECT_DIR' is not defined,2026-09-14T23:02:03.315995,reconciliation,0.5,4,0.0051948051948051
0.0,0.0,0.5,0.0,48,results/bob_recon_run_tp0.0_fk0.0_rp0.5_vd0.0_seed48_20260914_230204_328634.json,385,24,269,12,12,False,23,False,,2.5963220596313477,{'reconciliation_state': 12},finite_key,{},1.2355945110321045,False,,results/alice_recon_run_seed48_20260914_230204_352289.json,6,results/bob_recon_run_tp0.0_fk0.0_rp0.5_vd0.0_seed48_20260914_230204_328634.json,exception: name 'PROJECT_DIR' is not defined,2026-09-14T23:02:07.374635,reconciliation,0.5,4,0.0051948051948051
0.0,0.0,0.5,0.0,49,results/bob_recon_run_tp0.0_fk0.0_rp0.5_vd0.0_seed49_20260914_230208_384462.json,385,25,269,12,12,False,23,False,,2.4641599655151367,{'reconciliation_state': 13},finite_key,{},0.9011058807373047,False,,results/alice_recon_run_seed49_20260914_230208_401234.json,7,results/bob_recon_run_tp0.0_fk0.0_rp0.5_vd0.0_seed49_20260914_230208_384462.json,exception: name 'PROJECT_DIR' is not defined,2026-09-14T23:02:11.279053,reconciliation,0.5,4,0.0051948051948051
0.0,0.0,0.5,0.0,50,results/bob_recon_run_tp0.0_fk0.0_rp0.5_vd0.0_seed50_20260914_230212_282964.json,385,20,269,12,12,False,26,False,,2.3620173931121826,{'reconciliation_state': 11},finite_key,{},0.7925453186035156,False,,results/alice_recon_run_seed50_20260914_230212_306942.json,8,results/bob_recon_run_tp0.0_fk0.0_rp0.5_vd0.0_seed50_20260914_230212_282964.json,exception: name 'PROJECT_DIR' is not defined,2026-09-14T23:02:15.134077,reconciliation,0.5,4,0.0051948051948051
0.0,0.0,0.5,0.0,51,results/bob_recon_run_tp0.0_fk0.0_rp0.5_vd0.0_seed51_20260914_230216_214888.json,385,22,269,12,12,False,22,False,,4.1697776317596436,{'reconciliation_state': 9},finite_key,{},0.8765859603881836,False,,results/alice_recon_run_seed51_20260914_230216_162507.json,9,results/bob_recon_run_tp0.0_fk0.0_rp0.5_vd0.0_seed51_20260914_230216_214888.json,exception: name 'PROJECT_DIR' is not defined,2026-09-14T23:02:20.815846,reconciliation,0.5,4,0.0051948051948051
0.0,0.0,0.001,0.0,52,results/bob_recon_run_tp0.0_fk0.0_rp0.001_vd0.0_seed52_20260915_025300_818995.json,390,33,23,12,12,True,0,False,,1.816880226135254,{},finite_key,{},0.4125325679779053,True,,results/alice_recon_run_seed52_20260915_025300_885561.json,10,results/bob_recon_run_tp0.0_fk0.0_rp0.001_vd0.0_seed52_20260915_025300_818995.json,exception: name 'PROJECT_DIR' is not defined,2026-09-15T02:53:03.053037,reconciliation,0.001,0,0.0128205128205128
0.0,0.0,0.001,0.0,53,results/bob_recon_run_tp0.0_fk0.0_rp0.001_vd0.0_seed53_20260915_025304_044455.json,390,33,23,12,12,True,0,False,,1.723623275756836,{},finite_key,{},0.31448936462402344,True,,results/alice_recon_run_seed53_20260915_025304_118425.json,11,results/bob_recon_run_tp0.0_fk0.0_rp0.001_vd0.0_seed53_20260915_025304_044455.json,exception: name 'PROJECT_DIR' is not defined,2026-09-15T02:53:06.262589,reconciliation,0.001,0,0.0128205128205128
0.0,0.0,0.001,0.0,54,results/bob_recon_run_tp0.0_fk0.0_rp0.001_vd0.0_seed54_20260915_025307_287189.json,390,33,23,12,12,True,0,False,,3.560434103012085,{},finite_key,{},0.24010610580444336,True,,results/alice_recon_run_seed54_20260915_025307_261162.json,12,results/bob_recon_run_tp0.0_fk0.0_rp0.001_vd0.0_seed54_20260915_025307_287189.json,exception: name 'PROJECT_DIR' is not defined,2026-09-15T02:53:11.256991,reconciliation,0.001,0,0.0128205128205128
0.0,0.0,0.001,0.0,55,results/bob_recon_run_tp0.0_fk0.0_rp0.001_vd0.0_seed55_20260915_025312_275975.json,390,33,23,12,12,True,0,False,,1.868049144744873,{},finite_key,{},0.3123972415924072,True,,results/alice_recon_run_seed55_20260915_025312_292897.json,13,results/bob_recon_run_tp0.0_fk0.0_rp0.001_vd0.0_seed55_20260915_025312_275975.json,exception: name 'PROJECT_DIR' is not defined,2026-09-15T02:53:14.558728,reconciliation,0.001,0,0.0128205128205128
0.0,0.0,0.001,0.0,56,results/bob_recon_run_tp0.0_fk0.0_rp0.001_vd0.0_seed56_20260915_025315_577218.json,390,33,23,12,12,True,0,False,,1.9867990016937256,{},finite_key,{},0.38645124435424805,True,,results/alice_recon_run_seed56_20260915_025315_639138.json,14,results/bob_recon_run_tp0.0_fk0.0_rp0.001_vd0.0_seed56_20260915_025315_577218.json,exception: name 'PROJECT_DIR' is not defined,2026-09-15T02:53:18.275760,reconciliation,0.001,0,0.0128205128205128
0.0,0.0,0.001,0.0,57,results/bob_recon_run_tp0.0_fk0.0_rp0.001_vd0.0_seed57_20260915_025319_311604.json,390,33,23,12,12,True,0,False,,3.904318332672119,{},finite_key,{},0.5778563022613525,True,,results/alice_recon_run_seed57_20260915_025319_290512.json,15,results/bob_recon_run_tp0.0_fk0.0_rp0.001_vd0.0_seed57_20260915_025319_311604.json,exception: name 'PROJECT_DIR' is not defined,2026-09-15T02:53:23.630089,reconciliation,0.001,0,0.0128205128205128
0.0,0.0,0.001,0.0,58,results/bob_recon_run_tp0.0_fk0.0_rp0.001_vd0.0_seed58_20260915_025324_651607.json,390,33,23,12,12,True,0,False,,1.7169201374053955,{},finite_key,{},0.23859500885009766,True,,results/alice_recon_run_seed58_20260915_025324_797952.json,16,results/bob_recon_run_tp0.0_fk0.0_rp0.001_vd0.0_seed58_20260915_025324_651607.json,exception: name 'PROJECT_DIR' is not defined,2026-09-15T02:53:27.052854,reconciliation,0.001,0,0.0128205128205128
0.0,0.0,0.001,0.0,59,results/bob_recon_run_tp0.0_fk0.0_rp0.001_vd0.0_seed59_20260915_025328_083632.json,390,33,23,12,12,True,0,False,,3.6401071548461914,{},finite_key,{},0.3131215572357178,True,,results/alice_recon_run_seed59_20260915_025328_055856.json,17,results/bob_recon_run_tp0.0_fk0.0_rp0.001_vd0.0_seed59_20260915_025328_083632.json,exception: name 'PROJECT_DIR' is not defined,2026-09-15T02:53:32.138482,reconciliation,0.001,0,0.0128205128205128
0.0,0.0,0.001,0.0,60,results/bob_recon_run_tp0.0_fk0.0_rp0.001_vd0.0_seed60_20260915_025333_146489.json,390,33,23,12,12,True,0,False,,1.941375732421875,{},finite_key,{},0.2378523349761963,True,,results/alice_recon_run_seed60_20260915_025333_308198.json,18,results/bob_recon_run_tp0.0_fk0.0_rp0.001_vd0.0_seed60_20260915_025333_146489.json,exception: name 'PROJECT_DIR' is not defined,2026-09-15T02:53:35.744553,reconciliation,0.001,0,0.0128205128205128
0.0,0.0,0.001,0.0,61,results/bob_recon_run_tp0.0_fk0.0_rp0.001_vd0.0_seed61_20260915_025336_767849.json,390,33,23,12,12,True,0,False,,3.6317496299743652,{},finite_key,{},0.30060505867004395,True,,results/alice_recon_run_seed61_20260915_025336_748566.json,19,results/bob_recon_run_tp0.0_fk0.0_rp0.001_vd0.0_seed61_20260915_025336_767849.json,exception: name 'PROJECT_DIR' is not defined,2026-09-15T02:53:40.806417,reconciliation,0.001,0,0.0128205128205128
0.0,0.0,0.003,0.0,52,results/bob_recon_run_tp0.0_fk0.0_rp0.003_vd0.0_seed52_20260915_025341_811908.json,390,33,23,12,12,True,0,False,,1.7436182498931885,{},finite_key,{},0.41512441635131836,True,,results/alice_recon_run_seed52_20260915_025341_807575.json,10,results/bob_recon_run_tp0.0_fk0.0_rp0.003_vd0.0_seed52_20260915_025341_811908.json,exception: name 'PROJECT_DIR' is not defined,2026-09-15T02:53:43.961860,reconciliation,0.003,0,0.0128205128205128
0.0,0.0,0.003,0.0,53,results/bob_recon_run_tp0.0_fk0.0_rp0.003_vd0.0_seed53_20260915_025344_974647.json,390,33,23,12,12,True,0,False,,3.648888349533081,{},finite_key,{},0.31356263160705566,True,,results/alice_recon_run_seed53_20260915_025344_955869.json,11,results/bob_recon_run_tp0.0_fk0.0_rp0.003_vd0.0_seed53_20260915_025344_974647.json,exception: name 'PROJECT_DIR' is not defined,2026-09-15T02:53:49.030755,reconciliation,0.003,0,0.0128205128205128
0.0,0.0,0.003,0.0,54,results/bob_recon_run_tp0.0_fk0.0_rp0.003_vd0.0_seed54_20260915_025350_048652.json,390,33,23,12,12,True,0,False,,1.891524314880371,{},finite_key,{},0.23819923400878906,True,,results/alice_recon_run_seed54_20260915_025350_160273.json,12,results/bob_recon_run_tp0.0_fk0.0_rp0.003_vd0.0_seed54_20260915_025350_048652.json,exception: name 'PROJECT_DIR' is not defined,2026-09-15T02:53:52.545987,reconciliation,0.003,0,0.0128205128205128
0.0,0.0,0.003,0.0,55,results/bob_recon_run_tp0.0_fk0.0_rp0.003_vd0.0_seed55_20260915_025353_555275.json,390,33,23,12,12,True,0,False,,3.8613245487213135,{},finite_key,{},0.3132922649383545,True,,results/alice_recon_run_seed55_20260915_025353_548048.json,13,results/bob_recon_run_tp0.0_fk0.0_rp0.003_vd0.0_seed55_20260915_025353_555275.json,exception: name 'PROJECT_DIR' is not defined,2026-09-15T02:53:57.832071,reconciliation,0.003,0,0.0128205128205128
0.0,0.0,0.003,0.0,56,results/bob_recon_run_tp0.0_fk0.0_rp0.003_vd0.0_seed56_20260915_025358_868477.json,390,33,23,12,12,True,0,False,,1.87939453125,{},finite_key,{},0.3862473964691162,True,,results/alice_recon_run_seed56_20260915_025359_024024.json,14,results/bob_recon_run_tp0.0_fk0.0_rp0.003_vd0.0_seed56_20260915_025358_868477.json,exception: name 'PROJECT_DIR' is not defined,2026-09-15T02:54:01.450106,reconciliation,0.003,0,0.0128205128205128
0.0,0.0,0.003,0.0,57,results/bob_recon_run_tp0.0_fk0.0_rp0.003_vd0.0_seed57_20260915_025402_467040.json,390,33,23,12,12,True,0,False,,2.1485133171081543,{},finite_key,{},0.5776870250701904,True,,results/alice_recon_run_seed57_20260915_025402_499449.json,15,results/bob_recon_run_tp0.0_fk0.0_rp0.003_vd0.0_seed57_20260915_025402_467040.json,exception: name 'PROJECT_DIR' is not defined,2026-09-15T02:54:05.009975,reconciliation,0.003,0,0.0128205128205128
0.0,0.0,0.003,0.0,58,results/bob_recon_run_tp0.0_fk0.0_rp0.003_vd0.0_seed58_20260915_025406_031777.json,390,33,23,12,12,False,1,False,,1.940565824508667,{'reconciliation_state': 1},finite_key,{},0.4514803886413574,False,,results/alice_recon_run_seed58_20260915_025406_190859.json,16,results/bob_recon_run_tp0.0_fk0.0_rp0.003_vd0.0_seed58_20260915_025406_031777.json,exception: name 'PROJECT_DIR' is not defined,2026-09-15T02:54:08.672456,reconciliation,0.003,0,0.0128205128205128
0.0,0.0,0.003,0.0,59,results/bob_recon_run_tp0.0_fk0.0_rp0.003_vd0.0_seed59_20260915_025409_704601.json,390,33,23,12,12,True,0,False,,1.8754782676696777,{},finite_key,{},0.31687068939208984,True,,results/alice_recon_run_seed59_20260915_025409_717767.json,17,results/bob_recon_run_tp0.0_fk0.0_rp0.003_vd0.0_seed59_20260915_025409_704601.json,exception: name 'PROJECT_DIR' is not defined,2026-09-15T02:54:11.992923,reconciliation,0.003,0,0.0128205128205128
0.0,0.0,0.003,0.0,60,results/bob_recon_run_tp0.0_fk0.0_rp0.003_vd0.0_seed60_20260915_025413_016490.json,390,33,23,12,12,True,0,False,,1.735344409942627,{},finite_key,{},0.23766779899597168,True,,results/alice_recon_run_seed60_20260915_025413_177180.json,18,results/bob_recon_run_tp0.0_fk0.0_rp0.003_vd0.0_seed60_20260915_025413_016490.json,exception: name 'PROJECT_DIR' is not defined,2026-09-15T02:54:15.454566,reconciliation,0.003,0,0.0128205128205128
0.0,0.0,0.003,0.0,61,results/bob_recon_run_tp0.0_fk0.0_rp0.003_vd0.0_seed61_20260915_025416_466131.json,390,33,23,12,12,True,0,False,,0.9777078628540039,{},finite_key,{},0.3015758991241455,True,,results/alice_recon_run_seed61_20260915_025416_500024.json,19,results/bob_recon_run_tp0.0_fk0.0_rp0.003_vd0.0_seed61_20260915_025416_466131.json,exception: name 'PROJECT_DIR' is not defined,2026-09-15T02:54:17.837259,reconciliation,0.003,0,0.0128205128205128
0.0,0.0,0.01,0.0,52,results/bob_recon_run_tp0.0_fk0.0_rp0.01_vd0.0_seed52_20260915_025418_852591.json,390,33,23,12,12,True,0,False,,1.775240421295166,{},finite_key,{},0.4123249053955078,True,,results/alice_recon_run_seed52_20260915_025418_881102.json,10,results/bob_recon_run_tp0.0_fk0.0_rp0.01_vd0.0_seed52_20260915_025418_852591.json,exception: name 'PROJECT_DIR' is not defined,2026-09-15T02:54:21.040922,reconciliation,0.01,0,0.0128205128205128
0.0,0.0,0.01,0.0,53,results/bob_recon_run_tp0.0_fk0.0_rp0.01_vd0.0_seed53_20260915_025422_055802.json,390,33,23,12,12,True,0,False,,1.5162608623504639,{},finite_key,{},0.312732458114624,True,,results/alice_recon_run_seed53_20260915_025422_173349.json,11,results/bob_recon_run_tp0.0_fk0.0_rp0.01_vd0.0_seed53_20260915_025422_055802.json,exception: name 'PROJECT_DIR' is not defined,2026-09-15T02:54:24.180869,reconciliation,0.01,0,0.0128205128205128
0.0,0.0,0.01,0.0,54,results/bob_recon_run_tp0.0_fk0.0_rp0.01_vd0.0_seed54_20260915_025425_189602.json,390,33,23,12,12,True,0,False,,1.6145946979522705,{},finite_key,{},0.2397763729095459,True,,results/alice_recon_run_seed54_20260915_025425_228107.json,12,results/bob_recon_run_tp0.0_fk0.0_rp0.01_vd0.0_seed54_20260915_025425_189602.json,exception: name 'PROJECT_DIR' is not defined,2026-09-15T02:54:27.218072,reconciliation,0.01,0,0.0128205128205128
0.0,0.0,0.01,0.0,55,results/bob_recon_run_tp0.0_fk0.0_rp0.01_vd0.0_seed55_20260915_025428_258206.json,390,33,23,12,12,True,0,False,,1.7341041564941406,{},finite_key,{},0.31388258934020996,True,,results/alice_recon_run_seed55_20260915_025428_336993.json,13,results/bob_recon_run_tp0.0_fk0.0_rp0.01_vd0.0_seed55_20260915_025428_258206.json,exception: name 'PROJECT_DIR' is not defined,2026-09-15T02:54:30.587870,reconciliation,0.01,0,0.0128205128205128
0.0,0.0,0.01,0.0,56,results/bob_recon_run_tp0.0_fk0.0_rp0.01_vd0.0_seed56_20260915_025431_626707.json,390,33,23,12,12,False,1,False,,2.0022408962249756,{'reconciliation_state': 1},finite_key,{},0.600637674331665,False,,results/alice_recon_run_seed56_20260915_025431_698771.json,14,results/bob_recon_run_tp0.0_fk0.0_rp0.01_vd0.0_seed56_20260915_025431_626707.json,exception: name 'PROJECT_DIR' is not defined,2026-09-15T02:54:34.221823,reconciliation,0.01,0,0.0128205128205128
0.0,0.0,0.01,0.0,57,results/bob_recon_run_tp0.0_fk0.0_rp0.01_vd0.0_seed57_20260915_025435_231316.json,390,33,23,12,12,False,1,False,,2.052415370941162,{'reconciliation_state': 1},finite_key,{},0.68308424949646,False,,results/alice_recon_run_seed57_20260915_025435_267740.json,15,results/bob_recon_run_tp0.0_fk0.0_rp0.01_vd0.0_seed57_20260915_025435_231316.json,exception: name 'PROJECT_DIR' is not defined,2026-09-15T02:54:37.697402,reconciliation,0.01,0,0.0128205128205128
0.0,0.0,0.01,0.0,58,results/bob_recon_run_tp0.0_fk0.0_rp0.01_vd0.0_seed58_20260915_025438_746128.json,390,33,23,12,12,False,1,False,,1.8759548664093018,{'reconciliation_state': 1},finite_key,{},0.45347094535827637,False,,results/alice_recon_run_seed58_20260915_025438_830204.json,16,results/bob_recon_run_tp0.0_fk0.0_rp0.01_vd0.0_seed58_20260915_025438_746128.json,exception: name 'PROJECT_DIR' is not defined,2026-09-15T02:54:41.222409,reconciliation,0.01,0,0.0128205128205128
0.0,0.0,0.01,0.0,59,results/bob_recon_run_tp0.0_fk0.0_rp0.01_vd0.0_seed59_20260915_025442_220870.json,390,33,23,12,12,True,0,False,,1.9068264961242676,{},finite_key,{},0.31455349922180176,True,,results/alice_recon_run_seed59_20260915_025442_267622.json,17,results/bob_recon_run_tp0.0_fk0.0_rp0.01_vd0.0_seed59_20260915_025442_220870.json,exception: name 'PROJECT_DIR' is not defined,2026-09-15T02:54:44.542687,reconciliation,0.01,0,0.0128205128205128
0.0,0.0,0.01,0.0,60,results/bob_recon_run_tp0.0_fk0.0_rp0.01_vd0.0_seed60_20260915_025445_567567.json,390,33,23,12,12,True,0,False,,1.7123947143554688,{},finite_key,{},0.23744940757751465,True,,results/alice_recon_run_seed60_20260915_025445_707253.json,18,results/bob_recon_run_tp0.0_fk0.0_rp0.01_vd0.0_seed60_20260915_025445_567567.json,exception: name 'PROJECT_DIR' is not defined,2026-09-15T02:54:47.978974,reconciliation,0.01,0,0.0128205128205128
0.0,0.0,0.01,0.0,61,results/bob_recon_run_tp0.0_fk0.0_rp0.01_vd0.0_seed61_20260915_025449_039824.json,390,33,23,12,12,True,0,False,,3.6282248497009277,{},finite_key,{},0.29909491539001465,True,,results/alice_recon_run_seed61_20260915_025449_023488.json,19,results/bob_recon_run_tp0.0_fk0.0_rp0.01_vd0.0_seed61_20260915_025449_039824.json,exception: name 'PROJECT_DIR' is not defined,2026-09-15T02:54:53.080395,reconciliation,0.01,0,0.0128205128205128
0.0,0.0,0.03,0.0,52,results/bob_recon_run_tp0.0_fk0.0_rp0.03_vd0.0_seed52_20260915_025454_308176.json,390,33,23,12,12,False,1,False,,3.9072799682617188,{'reconciliation_state': 1},finite_key,{},0.5457024574279785,False,,results/alice_recon_run_seed52_20260915_025454_120051.json,10,results/bob_recon_run_tp0.0_fk0.0_rp0.03_vd0.0_seed52_20260915_025454_308176.json,exception: name 'PROJECT_DIR' is not defined,2026-09-15T02:54:58.750249,reconciliation,0.03,0,0.0128205128205128
0.0,0.0,0.03,0.0,53,results/bob_recon_run_tp0.0_fk0.0_rp0.03_vd0.0_seed53_20260915_025459_821629.json,390,33,23,12,12,False,1,False,,2.1749231815338135,{'reconciliation_state': 1},finite_key,{},0.5280613899230957,False,,results/alice_recon_run_seed53_20260915_025459_925626.json,11,results/bob_recon_run_tp0.0_fk0.0_rp0.03_vd0.0_seed53_20260915_025459_821629.json,exception: name 'PROJECT_DIR' is not defined,2026-09-15T02:55:02.674504,reconciliation,0.03,0,0.0128205128205128
0.0,0.0,0.03,0.0,54,results/bob_recon_run_tp0.0_fk0.0_rp0.03_vd0.0_seed54_20260915_025503_685670.json,390,33,23,12,12,False,1,False,,1.9657766819000244,{'reconciliation_state': 1},finite_key,{},0.6019606590270996,False,,results/alice_recon_run_seed54_20260915_025503_714603.json,12,results/bob_recon_run_tp0.0_fk0.0_rp0.03_vd0.0_seed54_20260915_025503_685670.json,exception: name 'PROJECT_DIR' is not defined,2026-09-15T02:55:06.057802,reconciliation,0.03,0,0.0128205128205128
0.0,0.0,0.03,0.0,55,results/bob_recon_run_tp0.0_fk0.0_rp0.03_vd0.0_seed55_20260915_025507_067081.json,390,33,23,12,12,True,0,False,,1.669114112854004,{},finite_key,{},0.31493306159973145,True,,results/alice_recon_run_seed55_20260915_025507_090506.json,13,results/bob_recon_run_tp0.0_fk0.0_rp0.03_vd0.0_seed55_20260915_025507_067081.json,exception: name 'PROJECT_DIR' is not defined,2026-09-15T02:55:09.193302,reconciliation,0.03,0,0.0128205128205128
0.0,0.0,0.03,0.0,56,results/bob_recon_run_tp0.0_fk0.0_rp0.03_vd0.0_seed56_20260915_025510_239566.json,390,33,23,12,12,False,1,False,,1.9363398551940918,{'reconciliation_state': 1},finite_key,{},0.6006104946136475,False,,results/alice_recon_run_seed56_20260915_025510_237834.json,14,results/bob_recon_run_tp0.0_fk0.0_rp0.03_vd0.0_seed56_20260915_025510_239566.json,exception: name 'PROJECT_DIR' is not defined,2026-09-15T02:55:12.584601,reconciliation,0.03,0,0.0128205128205128
0.0,0.0,0.03,0.0,57,results/bob_recon_run_tp0.0_fk0.0_rp0.03_vd0.0_seed57_20260915_025513_595419.json,390,33,23,12,12,False,2,False,,1.8970720767974854,{'reconciliation_state': 2},finite_key,{},0.6762266159057617,False,,results/alice_recon_run_seed57_20260915_025513_719794.json,15,results/bob_recon_run_tp0.0_fk0.0_rp0.03_vd0.0_seed57_20260915_025513_595419.json,exception: name 'PROJECT_DIR' is not defined,2026-09-15T02:55:16.109632,reconciliation,0.03,0,0.0128205128205128
0.0,0.0,0.03,0.0,58,results/bob_recon_run_tp0.0_fk0.0_rp0.03_vd0.0_seed58_20260915_025517_116561.json,390,33,23,12,12,False,3,False,,2.1836981773376465,{'reconciliation_state': 3},finite_key,{},0.6092877388000488,False,,results/alice_recon_run_seed58_20260915_025517_150533.json,16,results/bob_recon_run_tp0.0_fk0.0_rp0.03_vd0.0_seed58_20260915_025517_116561.json,exception: name 'PROJECT_DIR' is not defined,2026-09-15T02:55:19.715097,reconciliation,0.03,0,0.0128205128205128
0.0,0.0,0.03,0.0,59,results/bob_recon_run_tp0.0_fk0.0_rp0.03_vd0.0_seed59_20260915_025520_722713.json,390,33,23,12,12,False,3,False,,1.3221988677978516,{'reconciliation_state': 3},finite_key,{},0.5299398899078369,False,,results/alice_recon_run_seed59_20260915_025520_870521.json,17,results/bob_recon_run_tp0.0_fk0.0_rp0.03_vd0.0_seed59_20260915_025520_722713.json,exception: name 'PROJECT_DIR' is not defined,2026-09-15T02:55:22.647545,reconciliation,0.03,0,0.0128205128205128
0.0,0.0,0.03,0.0,60,results/bob_recon_run_tp0.0_fk0.0_rp0.03_vd0.0_seed60_20260915_025523_651721.json,390,33,23,12,12,False,2,False,,1.9881641864776611,{'reconciliation_state': 2},finite_key,{},0.6159613132476807,False,,results/alice_recon_run_seed60_20260915_025523_692533.json,18,results/bob_recon_run_tp0.0_fk0.0_rp0.03_vd0.0_seed60_20260915_025523_651721.json,exception: name 'PROJECT_DIR' is not defined,2026-09-15T02:55:26.053067,reconciliation,0.03,0,0.0128205128205128
0.0,0.0,0.03,0.0,61,results/bob_recon_run_tp0.0_fk0.0_rp0.03_vd0.0_seed61_20260915_025527_056578.json,390,33,23,12,12,False,1,False,,2.308387279510498,{'reconciliation_state': 1},finite_key,{},0.6037755012512207,False,,results/alice_recon_run_seed61_20260915_025527_217924.json,19,results/bob_recon_run_tp0.0_fk0.0_rp0.03_vd0.0_seed61_20260915_025527_056578.json,exception: name 'PROJECT_DIR' is not defined,2026-09-15T02:55:29.996023,reconciliation,0.03,0,0.0128205128205128
0.0,0.0,0.05,0.0,52,results/bob_recon_run_tp0.0_fk0.0_rp0.05_vd0.0_seed52_20260915_025531_040688.json,390,33,23,12,12,False,3,False,,2.3236026763916016,{'reconciliation_state': 3},finite_key,{},0.7755944728851318,False,,results/alice_recon_run_seed52_20260915_025531_045295.json,10,results/bob_recon_run_tp0.0_fk0.0_rp0.05_vd0.0_seed52_20260915_025531_040688.json,exception: name 'PROJECT_DIR' is not defined,2026-09-15T02:55:33.760234,reconciliation,0.05,0,0.0128205128205128
0.0,0.0,0.05,0.0,53,results/bob_recon_run_tp0.0_fk0.0_rp0.05_vd0.0_seed53_20260915_025534_781293.json,390,33,23,12,12,False,2,False,,1.8864989280700684,{'reconciliation_state': 2},finite_key,{},0.5332391262054443,False,,results/alice_recon_run_seed53_20260915_025534_803093.json,11,results/bob_recon_run_tp0.0_fk0.0_rp0.05_vd0.0_seed53_20260915_025534_781293.json,exception: name 'PROJECT_DIR' is not defined,2026-09-15T02:55:37.062186,reconciliation,0.05,0,0.0128205128205128
0.0,0.0,0.05,0.0,54,results/bob_recon_run_tp0.0_fk0.0_rp0.05_vd0.0_seed54_20260915_025538_062826.json,390,33,23,12,12,False,2,False,,2.1252992153167725,{'reconciliation_state': 2},finite_key,{},0.604633092880249,False,,results/alice_recon_run_seed54_20260915_025538_248883.json,12,results/bob_recon_run_tp0.0_fk0.0_rp0.05_vd0.0_seed54_20260915_025538_062826.json,exception: name 'PROJECT_DIR' is not defined,2026-09-15T02:55:40.838263,reconciliation,0.05,0,0.0128205128205128
0.0,0.0,0.05,0.0,55,results/bob_recon_run_tp0.0_fk0.0_rp0.05_vd0.0_seed55_20260915_025541_841230.json,390,33,23,12,12,True,0,False,,1.8984284400939941,{},finite_key,{},0.30849218368530273,True,,results/alice_recon_run_seed55_20260915_025541_889657.json,13,results/bob_recon_run_tp0.0_fk0.0_rp0.05_vd0.0_seed55_20260915_025541_841230.json,exception: name 'PROJECT_DIR' is not defined,2026-09-15T02:55:44.136422,reconciliation,0.05,0,0.0128205128205128
0.0,0.0,0.05,0.0,56,results/bob_recon_run_tp0.0_fk0.0_rp0.05_vd0.0_seed56_20260915_025545_143010.json,390,33,23,12,12,False,2,False,,2.173478364944458,{'reconciliation_state': 2},finite_key,{},0.5013401508331299,False,,results/alice_recon_run_seed56_20260915_025545_276583.json,14,results/bob_recon_run_tp0.0_fk0.0_rp0.05_vd0.0_seed56_20260915_025545_143010.json,exception: name 'PROJECT_DIR' is not defined,2026-09-15T02:55:47.934348,reconciliation,0.05,0,0.0128205128205128
0.0,0.0,0.05,0.0,57,results/bob_recon_run_tp0.0_fk0.0_rp0.05_vd0.0_seed57_20260915_025548_935075.json,390,33,23,12,12,False,2,False,,2.072601795196533,{'reconciliation_state': 2},finite_key,{},0.677567720413208,False,,results/alice_recon_run_seed57_20260915_025548_992818.json,15,results/bob_recon_run_tp0.0_fk0.0_rp0.05_vd0.0_seed57_20260915_025548_935075.json,exception: name 'PROJECT_DIR' is not defined,2026-09-15T02:55:51.407744,reconciliation,0.05,0,0.0128205128205128
0.0,0.0,0.05,0.0,58,results/bob_recon_run_tp0.0_fk0.0_rp0.05_vd0.0_seed58_20260915_025552_412032.json,390,33,23,12,12,False,3,False,,1.9317944049835205,{'reconciliation_state': 3},finite_key,{},0.6061756610870361,False,,results/alice_recon_run_seed58_20260915_025552_408166.json,16,results/bob_recon_run_tp0.0_fk0.0_rp0.05_vd0.0_seed58_20260915_025552_412032.json,exception: name 'PROJECT_DIR' is not defined,2026-09-15T02:55:54.739481,reconciliation,0.05,0,0.0128205128205128
0.0,0.0,0.05,0.0,59,results/bob_recon_run_tp0.0_fk0.0_rp0.05_vd0.0_seed59_20260915_025555_781692.json,390,33,23,12,12,False,3,False,,2.1717755794525146,{'reconciliation_state': 3},finite_key,{},0.5282816886901855,False,,results/alice_recon_run_seed59_20260915_025555_874302.json,17,results/bob_recon_run_tp0.0_fk0.0_rp0.05_vd0.0_seed59_20260915_025555_781692.json,exception: name 'PROJECT_DIR' is not defined,2026-09-15T02:55:58.582925,reconciliation,0.05,0,0.0128205128205128
0.0,0.0,0.05,0.0,60,results/bob_recon_run_tp0.0_fk0.0_rp0.05_vd0.0_seed60_20260915_025559_579501.json,390,33,23,12,12,False,2,False,,1.9446690082550049,{'reconciliation_state': 2},finite_key,{},0.6147103309631348,False,,results/alice_recon_run_seed60_20260915_025559_581169.json,18,results/bob_recon_run_tp0.0_fk0.0_rp0.05_vd0.0_seed60_20260915_025559_579501.json,exception: name 'PROJECT_DIR' is not defined,2026-09-15T02:56:01.918676,reconciliation,0.05,0,0.0128205128205128
0.0,0.0,0.05,0.0,61,results/bob_recon_run_tp0.0_fk0.0_rp0.05_vd0.0_seed61_20260915_025602_930204.json,390,33,23,12,12,False,1,False,,3.9341793060302734,{'reconciliation_state': 1},finite_key,{},0.6042485237121582,False,,results/alice_recon_run_seed61_20260915_025602_914502.json,19,results/bob_recon_run_tp0.0_fk0.0_rp0.05_vd0.0_seed61_20260915_025602_930204.json,exception: name 'PROJECT_DIR' is not defined,2026-09-15T02:56:07.270942,reconciliation,0.05,0,0.0128205128205128
0.0,0.0,0.1,0.0,52,results/bob_recon_run_tp0.0_fk0.0_rp0.1_vd0.0_seed52_20260915_025608_279417.json,390,33,23,12,12,False,5,False,,2.0606918334960938,{'reconciliation_state': 5},finite_key,{},0.7122178077697754,False,,results/alice_recon_run_seed52_20260915_025608_288240.json,10,results/bob_recon_run_tp0.0_fk0.0_rp0.1_vd0.0_seed52_20260915_025608_279417.json,exception: name 'PROJECT_DIR' is not defined,2026-09-15T02:56:10.748970,reconciliation,0.1,0,0.0128205128205128
0.0,0.0,0.1,0.0,53,results/bob_recon_run_tp0.0_fk0.0_rp0.1_vd0.0_seed53_20260915_025611_754288.json,390,33,23,12,12,False,5,False,,2.101766586303711,{'reconciliation_state': 5},finite_key,{},0.6098229885101318,False,,results/alice_recon_run_seed53_20260915_025611_898829.json,11,results/bob_recon_run_tp0.0_fk0.0_rp0.1_vd0.0_seed53_20260915_025611_754288.json,exception: name 'PROJECT_DIR' is not defined,2026-09-15T02:56:14.498552,reconciliation,0.1,0,0.0128205128205128
0.0,0.0,0.1,0.0,54,results/bob_recon_run_tp0.0_fk0.0_rp0.1_vd0.0_seed54_20260915_025615_512209.json,390,33,23,12,12,False,3,False,,2.151792287826538,{'reconciliation_state': 3},finite_key,{},0.607781171798706,False,,results/alice_recon_run_seed54_20260915_025615_514685.json,12,results/bob_recon_run_tp0.0_fk0.0_rp0.1_vd0.0_seed54_20260915_025615_512209.json,exception: name 'PROJECT_DIR' is not defined,2026-09-15T02:56:18.095325,reconciliation,0.1,0,0.0128205128205128
0.0,0.0,0.1,0.0,55,results/bob_recon_run_tp0.0_fk0.0_rp0.1_vd0.0_seed55_20260915_025619_121926.json,390,33,23,12,12,False,2,False,,1.9830117225646973,{'reconciliation_state': 2},finite_key,{},0.5285923480987549,False,,results/alice_recon_run_seed55_20260915_025619_241037.json,13,results/bob_recon_run_tp0.0_fk0.0_rp0.1_vd0.0_seed55_20260915_025619_121926.json,exception: name 'PROJECT_DIR' is not defined,2026-09-15T02:56:21.740465,reconciliation,0.1,0,0.0128205128205128
0.0,0.0,0.1,0.0,56,results/bob_recon_run_tp0.0_fk0.0_rp0.1_vd0.0_seed56_20260915_025622_822141.json,390,33,23,12,12,False,3,False,,4.0981879234313965,{'reconciliation_state': 3},finite_key,{},0.6056787967681885,False,,results/alice_recon_run_seed56_20260915_025622_754777.json,14,results/bob_recon_run_tp0.0_fk0.0_rp0.1_vd0.0_seed56_20260915_025622_822141.json,exception: name 'PROJECT_DIR' is not defined,2026-09-15T02:56:27.352709,reconciliation,0.1,0,0.0128205128205128
0.0,0.0,0.1,0.0,57,results/bob_recon_run_tp0.0_fk0.0_rp0.1_vd0.0_seed57_20260915_025628_389050.json,390,33,23,12,12,False,3,False,,2.2990756034851074,{'reconciliation_state': 3},finite_key,{},0.681527853012085,False,,results/alice_recon_run_seed57_20260915_025628_460582.json,15,results/bob_recon_run_tp0.0_fk0.0_rp0.1_vd0.0_seed57_20260915_025628_389050.json,exception: name 'PROJECT_DIR' is not defined,2026-09-15T02:56:31.208680,reconciliation,0.1,0,0.0128205128205128
0.0,0.0,0.1,0.0,58,results/bob_recon_run_tp0.0_fk0.0_rp0.1_vd0.0_seed58_20260915_025632_245919.json,390,33,23,12,12,False,6,False,,1.8906352519989014,{'reconciliation_state': 6},finite_key,{},0.45223498344421387,False,,results/alice_recon_run_seed58_20260915_025632_349382.json,16,results/bob_recon_run_tp0.0_fk0.0_rp0.1_vd0.0_seed58_20260915_025632_245919.json,exception: name 'PROJECT_DIR' is not defined,2026-09-15T02:56:34.796130,reconciliation,0.1,0,0.0128205128205128
0.0,0.0,0.1,0.0,59,results/bob_recon_run_tp0.0_fk0.0_rp0.1_vd0.0_seed59_20260915_025635_822271.json,390,33,23,12,12,False,4,False,,2.1419196128845215,{'reconciliation_state': 4},finite_key,{},0.606271505355835,False,,results/alice_recon_run_seed59_20260915_025635_818268.json,17,results/bob_recon_run_tp0.0_fk0.0_rp0.1_vd0.0_seed59_20260915_025635_822271.json,exception: name 'PROJECT_DIR' is not defined,2026-09-15T02:56:38.365000,reconciliation,0.1,0,0.0128205128205128
0.0,0.0,0.1,0.0,60,results/bob_recon_run_tp0.0_fk0.0_rp0.1_vd0.0_seed60_20260915_025639_428442.json,390,33,23,12,12,False,2,False,,2.231675863265991,{'reconciliation_state': 2},finite_key,{},0.616708517074585,False,,results/alice_recon_run_seed60_20260915_025639_502511.json,18,results/bob_recon_run_tp0.0_fk0.0_rp0.1_vd0.0_seed60_20260915_025639_428442.json,exception: name 'PROJECT_DIR' is not defined,2026-09-15T02:56:42.075353,reconciliation,0.1,0,0.0128205128205128
0.0,0.0,0.1,0.0,61,results/bob_recon_run_tp0.0_fk0.0_rp0.1_vd0.0_seed61_20260915_025643_088272.json,390,33,23,12,12,False,2,False,,2.3125126361846924,{'reconciliation_state': 2},finite_key,{},0.6044783592224121,False,,results/alice_recon_run_seed61_20260915_025643_251493.json,19,results/bob_recon_run_tp0.0_fk0.0_rp0.1_vd0.0_seed61_20260915_025643_088272.json,exception: name 'PROJECT_DIR' is not defined,2026-09-15T02:56:46.097047,reconciliation,0.1,0,0.0128205128205128
0.0,0.0,0.3,0.0,52,results/bob_recon_run_tp0.0_fk0.0_rp0.3_vd0.0_seed52_20260915_025647_147239.json,390,30,23,12,12,False,15,False,,3.969104766845703,{'reconciliation_state': 12},finite_key,{},0.6701078414916992,False,,results/alice_recon_run_seed52_20260915_025647_102852.json,10,results/bob_recon_run_tp0.0_fk0.0_rp0.3_vd0.0_seed52_20260915_025647_147239.json,exception: name 'PROJECT_DIR' is not defined,2026-09-15T02:56:51.532997,reconciliation,0.3,0,0.0128205128205128
0.0,0.0,0.3,0.0,53,results/bob_recon_run_tp0.0_fk0.0_rp0.3_vd0.0_seed53_20260915_025652_544668.json,390,33,23,12,12,False,8,False,,2.3472583293914795,{'reconciliation_state': 8},finite_key,{},0.6964461803436279,False,,results/alice_recon_run_seed53_20260915_025652_654059.json,11,results/bob_recon_run_tp0.0_fk0.0_rp0.3_vd0.0_seed53_20260915_025652_544668.json,exception: name 'PROJECT_DIR' is not defined,2026-09-15T02:56:55.513293,reconciliation,0.3,0,0.0128205128205128
0.0,0.0,0.3,0.0,54,results/bob_recon_run_tp0.0_fk0.0_rp0.3_vd0.0_seed54_20260915_025656_524346.json,390,33,23,12,12,False,8,False,,4.167749881744385,{'reconciliation_state': 8},finite_key,{},0.6208775043487549,False,,results/alice_recon_run_seed54_20260915_025656_516119.json,12,results/bob_recon_run_tp0.0_fk0.0_rp0.3_vd0.0_seed54_20260915_025656_524346.json,exception: name 'PROJECT_DIR' is not defined,2026-09-15T02:57:01.104925,reconciliation,0.3,0,0.0128205128205128
0.0,0.0,0.3,0.0,55,results/bob_recon_run_tp0.0_fk0.0_rp0.3_vd0.0_seed55_20260915_025702_127574.json,390,33,23,12,12,False,7,False,,4.31665301322937,{'reconciliation_state': 7},finite_key,{},0.7843286991119385,False,,results/alice_recon_run_seed55_20260915_025702_101974.json,13,results/bob_recon_run_tp0.0_fk0.0_rp0.3_vd0.0_seed55_20260915_025702_127574.json,exception: name 'PROJECT_DIR' is not defined,2026-09-15T02:57:06.851187,reconciliation,0.3,0,0.0128205128205128
0.0,0.0,0.3,0.0,56,results/bob_recon_run_tp0.0_fk0.0_rp0.3_vd0.0_seed56_20260915_025707_879878.json,390,32,23,12,12,False,14,False,,2.0442662239074707,{'reconciliation_state': 13},finite_key,{},0.6220786571502686,False,,results/alice_recon_run_seed56_20260915_025707_969895.json,14,results/bob_recon_run_tp0.0_fk0.0_rp0.3_vd0.0_seed56_20260915_025707_879878.json,exception: name 'PROJECT_DIR' is not defined,2026-09-15T02:57:10.543226,reconciliation,0.3,0,0.0128205128205128
0.0,0.0,0.3,0.0,57,results/bob_recon_run_tp0.0_fk0.0_rp0.3_vd0.0_seed57_20260915_025711_553955.json,390,30,23,12,12,False,16,False,,2.3979597091674805,{'reconciliation_state': 13},finite_key,{},0.861790657043457,False,,results/alice_recon_run_seed57_20260915_025711_547836.json,15,results/bob_recon_run_tp0.0_fk0.0_rp0.3_vd0.0_seed57_20260915_025711_553955.json,exception: name 'PROJECT_DIR' is not defined,2026-09-15T02:57:14.366258,reconciliation,0.3,0,0.0128205128205128
0.0,0.0,0.3,0.0,58,results/bob_recon_run_tp0.0_fk0.0_rp0.3_vd0.0_seed58_20260915_025715_413823.json,390,33,23,12,12,False,10,False,,2.162691831588745,{'reconciliation_state': 10},finite_key,{},0.543982982635498,False,,results/alice_recon_run_seed58_20260915_025715_493994.json,16,results/bob_recon_run_tp0.0_fk0.0_rp0.3_vd0.0_seed58_20260915_025715_413823.json,exception: name 'PROJECT_DIR' is not defined,2026-09-15T02:57:18.175482,reconciliation,0.3,0,0.0128205128205128
0.0,0.0,0.3,0.0,59,results/bob_recon_run_tp0.0_fk0.0_rp0.3_vd0.0_seed59_20260915_025719_359215.json,390,33,23,12,12,False,9,False,,3.9804604053497314,{'reconciliation_state': 9},finite_key,{},0.6056814193725586,False,,results/alice_recon_run_seed59_20260915_025719_176662.json,17,results/bob_recon_run_tp0.0_fk0.0_rp0.3_vd0.0_seed59_20260915_025719_359215.json,exception: name 'PROJECT_DIR' is not defined,2026-09-15T02:57:23.831541,reconciliation,0.3,0,0.0128205128205128
0.0,0.0,0.3,0.0,60,results/bob_recon_run_tp0.0_fk0.0_rp0.3_vd0.0_seed60_20260915_025725_055644.json,390,33,23,12,12,False,8,False,,3.9323763847351074,{'reconciliation_state': 8},finite_key,{},0.6048886775970459,False,,results/alice_recon_run_seed60_20260915_025724_829560.json,18,results/bob_recon_run_tp0.0_fk0.0_rp0.3_vd0.0_seed60_20260915_025725_055644.json,exception: name 'PROJECT_DIR' is not defined,2026-09-15T02:57:29.408432,reconciliation,0.3,0,0.0128205128205128
0.0,0.0,0.3,0.0,61,results/bob_recon_run_tp0.0_fk0.0_rp0.3_vd0.0_seed61_20260915_025730_433385.json,390,33,23,12,12,False,9,False,,4.034796476364136,{'reconciliation_state': 9},finite_key,{},0.7171499729156494,False,,results/alice_recon_run_seed61_20260915_025730_404512.json,19,results/bob_recon_run_tp0.0_fk0.0_rp0.3_vd0.0_seed61_20260915_025730_433385.json,exception: name 'PROJECT_DIR' is not defined,2026-09-15T02:57:34.877298,reconciliation,0.3,0,0.0128205128205128
0.0,0.0,0.5,0.0,52,results/bob_recon_run_tp0.0_fk0.0_rp0.5_vd0.0_seed52_20260915_025735_895538.json,390,29,23,12,12,False,18,False,,2.052638053894043,{'reconciliation_state': 14},finite_key,{},0.6213314533233643,False,,results/alice_recon_run_seed52_20260915_025735_997204.json,10,results/bob_recon_run_tp0.0_fk0.0_rp0.5_vd0.0_seed52_20260915_025735_895538.json,exception: name 'PROJECT_DIR' is not defined,2026-09-15T02:57:38.560312,reconciliation,0.5,0,0.0128205128205128
0.0,0.0,0.5,0.0,53,results/bob_recon_run_tp0.0_fk0.0_rp0.5_vd0.0_seed53_20260915_025739_582674.json,390,32,23,12,12,False,19,False,,4.2373435497283936,{'reconciliation_state': 18},finite_key,{},0.7013397216796875,False,,results/alice_recon_run_seed53_20260915_025739_559506.json,11,results/bob_recon_run_tp0.0_fk0.0_rp0.5_vd0.0_seed53_20260915_025739_582674.json,exception: name 'PROJECT_DIR' is not defined,2026-09-15T02:57:44.235857,reconciliation,0.5,0,0.0128205128205128
0.0,0.0,0.5,0.0,54,results/bob_recon_run_tp0.0_fk0.0_rp0.5_vd0.0_seed54_20260915_025745_277468.json,390,33,23,12,12,False,14,False,,4.134114027023315,{'reconciliation_state': 14},finite_key,{},0.6209511756896973,False,,results/alice_recon_run_seed54_20260915_025745_236361.json,12,results/bob_recon_run_tp0.0_fk0.0_rp0.5_vd0.0_seed54_20260915_025745_277468.json,exception: name 'PROJECT_DIR' is not defined,2026-09-15T02:57:49.827373,reconciliation,0.5,0,0.0128205128205128
0.0,0.0,0.5,0.0,55,results/bob_recon_run_tp0.0_fk0.0_rp0.5_vd0.0_seed55_20260915_025750_849967.json,390,33,23,12,12,False,15,False,,1.8222253322601318,{'reconciliation_state': 15},finite_key,{},0.7995827198028564,False,,results/alice_recon_run_seed55_20260915_025750_996124.json,13,results/bob_recon_run_tp0.0_fk0.0_rp0.5_vd0.0_seed55_20260915_025750_849967.json,exception: name 'PROJECT_DIR' is not defined,2026-09-15T02:57:53.315122,reconciliation,0.5,0,0.0128205128205128
0.0,0.0,0.5,0.0,56,results/bob_recon_run_tp0.0_fk0.0_rp0.5_vd0.0_seed56_20260915_025754_382486.json,390,32,23,12,12,False,21,False,,4.037334203720093,{'reconciliation_state': 20},finite_key,{},0.5472667217254639,False,,results/alice_recon_run_seed56_20260915_025754_314493.json,14,results/bob_recon_run_tp0.0_fk0.0_rp0.5_vd0.0_seed56_20260915_025754_382486.json,exception: name 'PROJECT_DIR' is not defined,2026-09-15T02:57:58.826291,reconciliation,0.5,0,0.0128205128205128
0.0,0.0,0.5,0.0,57,results/bob_recon_run_tp0.0_fk0.0_rp0.5_vd0.0_seed57_20260915_025759_845809.json,390,31,23,12,12,False,19,False,,2.2508087158203125,{'reconciliation_state': 17},finite_key,{},0.7882521152496338,False,,results/alice_recon_run_seed57_20260915_025759_973535.json,15,results/bob_recon_run_tp0.0_fk0.0_rp0.5_vd0.0_seed57_20260915_025759_845809.json,exception: name 'PROJECT_DIR' is not defined,2026-09-15T02:58:02.759060,reconciliation,0.5,0,0.0128205128205128
0.0,0.0,0.5,0.0,58,results/bob_recon_run_tp0.0_fk0.0_rp0.5_vd0.0_seed58_20260915_025803_762331.json,390,33,23,12,12,False,15,False,,1.882537603378296,{'reconciliation_state': 15},finite_key,{},0.545041561126709,False,,results/alice_recon_run_seed58_20260915_025803_762654.json,16,results/bob_recon_run_tp0.0_fk0.0_rp0.5_vd0.0_seed58_20260915_025803_762331.json,exception: name 'PROJECT_DIR' is not defined,2026-09-15T02:58:06.074498,reconciliation,0.5,0,0.0128205128205128
0.0,0.0,0.5,0.0,59,results/bob_recon_run_tp0.0_fk0.0_rp0.5_vd0.0_seed59_20260915_025807_133196.json,390,33,23,12,12,False,12,False,,2.0195207595825195,{'reconciliation_state': 12},finite_key,{},0.610661506652832,False,,results/alice_recon_run_seed59_20260915_025807_210610.json,17,results/bob_recon_run_tp0.0_fk0.0_rp0.5_vd0.0_seed59_20260915_025807_133196.json,exception: name 'PROJECT_DIR' is not defined,2026-09-15T02:58:09.760007,reconciliation,0.5,0,0.0128205128205128
0.0,0.0,0.5,0.0,60,results/bob_recon_run_tp0.0_fk0.0_rp0.5_vd0.0_seed60_20260915_025810_765926.json,390,33,23,12,12,False,13,False,,2.1582517623901367,{'reconciliation_state': 13},finite_key,{},0.6227991580963135,False,,results/alice_recon_run_seed60_20260915_025810_761459.json,18,results/bob_recon_run_tp0.0_fk0.0_rp0.5_vd0.0_seed60_20260915_025810_765926.json,exception: name 'PROJECT_DIR' is not defined,2026-09-15T02:58:13.310828,reconciliation,0.5,0,0.0128205128205128
0.0,0.0,0.5,0.0,61,results/bob_recon_run_tp0.0_fk0.0_rp0.5_vd0.0_seed61_20260915_025814_306620.json,390,30,23,12,12,False,23,False,,2.0860865116119385,{'reconciliation_state': 20},finite_key,{},0.6214258670806885,False,,results/alice_recon_run_seed61_20260915_025814_436429.json,19,results/bob_recon_run_tp0.0_fk0.0_rp0.5_vd0.0_seed61_20260915_025814_306620.json,exception: name 'PROJECT_DIR' is not defined,2026-09-15T02:58:16.965188,reconciliation,0.5,0,0.0128205128205128
0.0,0.0,0.001,0.0,52,results/bob_recon_run_tp0.0_fk0.0_rp0.001_vd0.0_seed52_20260915_031146_804362.json,379,35,1,12,12,True,0,False,,1.243621587753296,{},finite_key,{},0.3599884510040283,True,,results/alice_recon_run_seed52_20260915_031146_841571.json,10,results/bob_recon_run_tp0.0_fk0.0_rp0.001_vd0.0_seed52_20260915_031146_804362.json,exception: name 'PROJECT_DIR' is not defined,2026-09-15T03:11:48.433584,reconciliation,0.001,1,0.0158311345646438
0.0,0.0,0.001,0.0,53,results/bob_recon_run_tp0.0_fk0.0_rp0.001_vd0.0_seed53_20260915_031149_433230.json,379,35,1,12,12,True,0,False,,1.322906255722046,{},finite_key,{},0.432297945022583,True,,results/alice_recon_run_seed53_20260915_031149_473714.json,11,results/bob_recon_run_tp0.0_fk0.0_rp0.001_vd0.0_seed53_20260915_031149_433230.json,exception: name 'PROJECT_DIR' is not defined,2026-09-15T03:11:51.147797,reconciliation,0.001,1,0.0158311345646438
0.0,0.0,0.001,0.0,54,results/bob_recon_run_tp0.0_fk0.0_rp0.001_vd0.0_seed54_20260915_031152_186891.json,379,35,1,12,12,True,0,False,,0.7970263957977295,{},finite_key,{},0.5443921089172363,True,,results/alice_recon_run_seed54_20260915_031152_184494.json,12,results/bob_recon_run_tp0.0_fk0.0_rp0.001_vd0.0_seed54_20260915_031152_186891.json,exception: name 'PROJECT_DIR' is not defined,2026-09-15T03:11:53.368460,reconciliation,0.001,1,0.0158311345646438
0.0,0.0,0.001,0.0,55,results/bob_recon_run_tp0.0_fk0.0_rp0.001_vd0.0_seed55_20260915_031154_379126.json,379,35,1,12,12,True,0,False,,0.8209497928619385,{},finite_key,{},0.5337619781494141,True,,results/alice_recon_run_seed55_20260915_031154_407626.json,13,results/bob_recon_run_tp0.0_fk0.0_rp0.001_vd0.0_seed55_20260915_031154_379126.json,exception: name 'PROJECT_DIR' is not defined,2026-09-15T03:11:55.587897,reconciliation,0.001,1,0.0158311345646438
0.0,0.0,0.001,0.0,56,results/bob_recon_run_tp0.0_fk0.0_rp0.001_vd0.0_seed56_20260915_031156_614662.json,379,35,1,12,12,True,0,False,,0.7531545162200928,{},finite_key,{},0.48321104049682617,True,,results/alice_recon_run_seed56_20260915_031156_627745.json,14,results/bob_recon_run_tp0.0_fk0.0_rp0.001_vd0.0_seed56_20260915_031156_614662.json,exception: name 'PROJECT_DIR' is not defined,2026-09-15T03:11:57.753574,reconciliation,0.001,1,0.0158311345646438
0.0,0.0,0.001,0.0,57,results/bob_recon_run_tp0.0_fk0.0_rp0.001_vd0.0_seed57_20260915_031158_764237.json,379,35,1,12,12,True,0,False,,1.2356367111206055,{},finite_key,{},0.3549468517303467,True,,results/alice_recon_run_seed57_20260915_031158_796458.json,15,results/bob_recon_run_tp0.0_fk0.0_rp0.001_vd0.0_seed57_20260915_031158_764237.json,exception: name 'PROJECT_DIR' is not defined,2026-09-15T03:12:00.385677,reconciliation,0.001,1,0.0158311345646438
0.0,0.0,0.001,0.0,58,results/bob_recon_run_tp0.0_fk0.0_rp0.001_vd0.0_seed58_20260915_031201_394007.json,379,35,1,12,12,True,0,False,,1.2059271335601807,{},finite_key,{},0.3284471035003662,True,,results/alice_recon_run_seed58_20260915_031201_425424.json,16,results/bob_recon_run_tp0.0_fk0.0_rp0.001_vd0.0_seed58_20260915_031201_394007.json,exception: name 'PROJECT_DIR' is not defined,2026-09-15T03:12:02.983973,reconciliation,0.001,1,0.0158311345646438
0.0,0.0,0.001,0.0,59,results/bob_recon_run_tp0.0_fk0.0_rp0.001_vd0.0_seed59_20260915_031203_977275.json,379,35,1,12,12,True,0,False,,0.834662914276123,{},finite_key,{},0.5335638523101807,True,,results/alice_recon_run_seed59_20260915_031204_026178.json,17,results/bob_recon_run_tp0.0_fk0.0_rp0.001_vd0.0_seed59_20260915_031203_977275.json,exception: name 'PROJECT_DIR' is not defined,2026-09-15T03:12:05.200367,reconciliation,0.001,1,0.0158311345646438
0.0,0.0,0.001,0.0,60,results/bob_recon_run_tp0.0_fk0.0_rp0.001_vd0.0_seed60_20260915_031206_220360.json,379,35,1,12,12,True,0,False,,0.8357143402099609,{},finite_key,{},0.5599489212036133,True,,results/alice_recon_run_seed60_20260915_031206_238276.json,18,results/bob_recon_run_tp0.0_fk0.0_rp0.001_vd0.0_seed60_20260915_031206_220360.json,exception: name 'PROJECT_DIR' is not defined,2026-09-15T03:12:07.421098,reconciliation,0.001,1,0.0158311345646438
0.0,0.0,0.001,0.0,61,results/bob_recon_run_tp0.0_fk0.0_rp0.001_vd0.0_seed61_20260915_031208_519977.json,379,35,1,12,12,True,0,False,,2.935946464538574,{},finite_key,{},0.7221584320068359,True,,results/alice_recon_run_seed61_20260915_031208_461255.json,19,results/bob_recon_run_tp0.0_fk0.0_rp0.001_vd0.0_seed61_20260915_031208_519977.json,exception: name 'PROJECT_DIR' is not defined,2026-09-15T03:12:11.824011,reconciliation,0.001,1,0.0158311345646438
0.0,0.0,0.003,0.0,52,results/bob_recon_run_tp0.0_fk0.0_rp0.003_vd0.0_seed52_20260915_031212_847503.json,379,35,1,12,12,True,0,False,,0.8446273803710938,{},finite_key,{},0.5702619552612305,True,,results/alice_recon_run_seed52_20260915_031212_861039.json,10,results/bob_recon_run_tp0.0_fk0.0_rp0.003_vd0.0_seed52_20260915_031212_847503.json,exception: name 'PROJECT_DIR' is not defined,2026-09-15T03:12:14.057283,reconciliation,0.003,1,0.0158311345646438
0.0,0.0,0.003,0.0,53,results/bob_recon_run_tp0.0_fk0.0_rp0.003_vd0.0_seed53_20260915_031215_070701.json,379,35,1,12,12,True,0,False,,0.917151927947998,{},finite_key,{},0.6348769664764404,True,,results/alice_recon_run_seed53_20260915_031215_097969.json,11,results/bob_recon_run_tp0.0_fk0.0_rp0.003_vd0.0_seed53_20260915_031215_070701.json,exception: name 'PROJECT_DIR' is not defined,2026-09-15T03:12:16.373148,reconciliation,0.003,1,0.0158311345646438
0.0,0.0,0.003,0.0,54,results/bob_recon_run_tp0.0_fk0.0_rp0.003_vd0.0_seed54_20260915_031217_410251.json,379,35,1,12,12,True,0,False,,0.8017325401306152,{},finite_key,{},0.5470778942108154,True,,results/alice_recon_run_seed54_20260915_031217_406752.json,12,results/bob_recon_run_tp0.0_fk0.0_rp0.003_vd0.0_seed54_20260915_031217_410251.json,exception: name 'PROJECT_DIR' is not defined,2026-09-15T03:12:18.597250,reconciliation,0.003,1,0.0158311345646438
0.0,0.0,0.003,0.0,55,results/bob_recon_run_tp0.0_fk0.0_rp0.003_vd0.0_seed55_20260915_031219_684455.json,379,35,1,12,12,True,0,False,,2.768301248550415,{},finite_key,{},0.5388548374176025,True,,results/alice_recon_run_seed55_20260915_031219_638931.json,13,results/bob_recon_run_tp0.0_fk0.0_rp0.003_vd0.0_seed55_20260915_031219_684455.json,exception: name 'PROJECT_DIR' is not defined,2026-09-15T03:12:22.969264,reconciliation,0.003,1,0.0158311345646438
0.0,0.0,0.003,0.0,56,results/bob_recon_run_tp0.0_fk0.0_rp0.003_vd0.0_seed56_20260915_031224_085376.json,379,35,1,12,12,True,0,False,,2.6705570220947266,{},finite_key,{},0.4830055236816406,True,,results/alice_recon_run_seed56_20260915_031224_004627.json,14,results/bob_recon_run_tp0.0_fk0.0_rp0.003_vd0.0_seed56_20260915_031224_085376.json,exception: name 'PROJECT_DIR' is not defined,2026-09-15T03:12:27.120602,reconciliation,0.003,1,0.0158311345646438
0.0,0.0,0.003,0.0,57,results/bob_recon_run_tp0.0_fk0.0_rp0.003_vd0.0_seed57_20260915_031228_221053.json,379,35,1,12,12,True,0,False,,2.77120304107666,{},finite_key,{},0.5599944591522217,True,,results/alice_recon_run_seed57_20260915_031228_155571.json,15,results/bob_recon_run_tp0.0_fk0.0_rp0.003_vd0.0_seed57_20260915_031228_221053.json,exception: name 'PROJECT_DIR' is not defined,2026-09-15T03:12:31.357165,reconciliation,0.003,1,0.0158311345646438
0.0,0.0,0.003,0.0,58,results/bob_recon_run_tp0.0_fk0.0_rp0.003_vd0.0_seed58_20260915_031232_396726.json,379,35,1,12,12,False,1,False,,1.0672955513000488,{'reconciliation_state': 1},finite_key,{},0.8109076023101807,True,,results/alice_recon_run_seed58_20260915_031232_397350.json,16,results/bob_recon_run_tp0.0_fk0.0_rp0.003_vd0.0_seed58_20260915_031232_396726.json,exception: name 'PROJECT_DIR' is not defined,2026-09-15T03:12:33.848858,reconciliation,0.003,1,0.0158311345646438
0.0,0.0,0.003,0.0,59,results/bob_recon_run_tp0.0_fk0.0_rp0.003_vd0.0_seed59_20260915_031234_879950.json,379,35,1,12,12,True,0,False,,0.7954163551330566,{},finite_key,{},0.5333664417266846,True,,results/alice_recon_run_seed59_20260915_031234_885180.json,17,results/bob_recon_run_tp0.0_fk0.0_rp0.003_vd0.0_seed59_20260915_031234_879950.json,exception: name 'PROJECT_DIR' is not defined,2026-09-15T03:12:36.060257,reconciliation,0.003,1,0.0158311345646438
0.0,0.0,0.003,0.0,60,results/bob_recon_run_tp0.0_fk0.0_rp0.003_vd0.0_seed60_20260915_031237_085831.json,379,35,1,12,12,True,0,False,,0.8303213119506836,{},finite_key,{},0.5600731372833252,True,,results/alice_recon_run_seed60_20260915_031237_097823.json,18,results/bob_recon_run_tp0.0_fk0.0_rp0.003_vd0.0_seed60_20260915_031237_085831.json,exception: name 'PROJECT_DIR' is not defined,2026-09-15T03:12:38.301228,reconciliation,0.003,1,0.0158311345646438
0.0,0.0,0.003,0.0,61,results/bob_recon_run_tp0.0_fk0.0_rp0.003_vd0.0_seed61_20260915_031239_320637.json,379,35,1,12,12,True,0,False,,1.0036611557006836,{},finite_key,{},0.7243921756744385,True,,results/alice_recon_run_seed61_20260915_031239_345912.json,19,results/bob_recon_run_tp0.0_fk0.0_rp0.003_vd0.0_seed61_20260915_031239_320637.json,exception: name 'PROJECT_DIR' is not defined,2026-09-15T03:12:40.942024,reconciliation,0.003,1,0.0158311345646438
0.0,0.0,0.01,0.0,52,results/bob_recon_run_tp0.0_fk0.0_rp0.01_vd0.0_seed52_20260915_031241_962095.json,379,35,1,12,12,True,0,False,,0.8344244956970215,{},finite_key,{},0.5603296756744385,True,,results/alice_recon_run_seed52_20260915_031241_979685.json,10,results/bob_recon_run_tp0.0_fk0.0_rp0.01_vd0.0_seed52_20260915_031241_962095.json,exception: name 'PROJECT_DIR' is not defined,2026-09-15T03:12:43.183347,reconciliation,0.01,1,0.0158311345646438
0.0,0.0,0.01,0.0,53,results/bob_recon_run_tp0.0_fk0.0_rp0.01_vd0.0_seed53_20260915_031244_186970.json,379,35,1,12,12,True,0,False,,0.9333746433258057,{},finite_key,{},0.6362345218658447,True,,results/alice_recon_run_seed53_20260915_031244_219684.json,11,results/bob_recon_run_tp0.0_fk0.0_rp0.01_vd0.0_seed53_20260915_031244_186970.json,exception: name 'PROJECT_DIR' is not defined,2026-09-15T03:12:45.507577,reconciliation,0.01,1,0.0158311345646438
0.0,0.0,0.01,0.0,54,results/bob_recon_run_tp0.0_fk0.0_rp0.01_vd0.0_seed54_20260915_031246_513094.json,379,35,1,12,12,True,0,False,,0.839350700378418,{},finite_key,{},0.5470287799835205,True,,results/alice_recon_run_seed54_20260915_031246_547958.json,12,results/bob_recon_run_tp0.0_fk0.0_rp0.01_vd0.0_seed54_20260915_031246_513094.json,exception: name 'PROJECT_DIR' is not defined,2026-09-15T03:12:47.738089,reconciliation,0.01,1,0.0158311345646438
0.0,0.0,0.01,0.0,55,results/bob_recon_run_tp0.0_fk0.0_rp0.01_vd0.0_seed55_20260915_031248_753042.json,379,35,1,12,12,True,0,False,,0.8113968372344971,{},finite_key,{},0.5320653915405273,True,,results/alice_recon_run_seed55_20260915_031248_768748.json,13,results/bob_recon_run_tp0.0_fk0.0_rp0.01_vd0.0_seed55_20260915_031248_753042.json,exception: name 'PROJECT_DIR' is not defined,2026-09-15T03:12:49.950059,reconciliation,0.01,1,0.0158311345646438
0.0,0.0,0.01,0.0,56,results/bob_recon_run_tp0.0_fk0.0_rp0.01_vd0.0_seed56_20260915_031250_964259.json,379,35,1,12,12,False,1,False,,1.3716697692871094,{'reconciliation_state': 1},finite_key,{},0.505469560623169,False,,results/alice_recon_run_seed56_20260915_031250_986917.json,14,results/bob_recon_run_tp0.0_fk0.0_rp0.01_vd0.0_seed56_20260915_031250_964259.json,exception: name 'PROJECT_DIR' is not defined,2026-09-15T03:12:52.721463,reconciliation,0.01,1,0.0158311345646438
0.0,0.0,0.01,0.0,57,results/bob_recon_run_tp0.0_fk0.0_rp0.01_vd0.0_seed57_20260915_031253_738041.json,379,35,1,12,12,False,1,False,,1.0339605808258057,{'reconciliation_state': 1},finite_key,{},0.7587206363677979,False,,results/alice_recon_run_seed57_20260915_031253_759761.json,15,results/bob_recon_run_tp0.0_fk0.0_rp0.01_vd0.0_seed57_20260915_031253_738041.json,exception: name 'PROJECT_DIR' is not defined,2026-09-15T03:12:55.138586,reconciliation,0.01,1,0.0158311345646438
0.0,0.0,0.01,0.0,58,results/bob_recon_run_tp0.0_fk0.0_rp0.01_vd0.0_seed58_20260915_031256_146684.json,379,35,1,12,12,False,1,False,,1.0931906700134277,{'reconciliation_state': 1},finite_key,{},0.8099052906036377,False,,results/alice_recon_run_seed58_20260915_031256_178136.json,16,results/bob_recon_run_tp0.0_fk0.0_rp0.01_vd0.0_seed58_20260915_031256_146684.json,exception: name 'PROJECT_DIR' is not defined,2026-09-15T03:12:57.625391,reconciliation,0.01,1,0.0158311345646438
0.0,0.0,0.01,0.0,59,results/bob_recon_run_tp0.0_fk0.0_rp0.01_vd0.0_seed59_20260915_031258_644522.json,379,35,1,12,12,True,0,False,,1.2073688507080078,{},finite_key,{},0.3344902992248535,True,,results/alice_recon_run_seed59_20260915_031258_665740.json,17,results/bob_recon_run_tp0.0_fk0.0_rp0.01_vd0.0_seed59_20260915_031258_644522.json,exception: name 'PROJECT_DIR' is not defined,2026-09-15T03:13:00.217064,reconciliation,0.01,1,0.0158311345646438
0.0,0.0,0.01,0.0,60,results/bob_recon_run_tp0.0_fk0.0_rp0.01_vd0.0_seed60_20260915_031301_234420.json,379,35,1,12,12,True,0,False,,0.8459422588348389,{},finite_key,{},0.562589168548584,True,,results/alice_recon_run_seed60_20260915_031301_257900.json,18,results/bob_recon_run_tp0.0_fk0.0_rp0.01_vd0.0_seed60_20260915_031301_234420.json,exception: name 'PROJECT_DIR' is not defined,2026-09-15T03:13:02.446497,reconciliation,0.01,1,0.0158311345646438
0.0,0.0,0.01,0.0,61,results/bob_recon_run_tp0.0_fk0.0_rp0.01_vd0.0_seed61_20260915_031303_462525.json,379,35,1,12,12,True,0,False,,1.0053229331970215,{},finite_key,{},0.721879243850708,True,,results/alice_recon_run_seed61_20260915_031303_488371.json,19,results/bob_recon_run_tp0.0_fk0.0_rp0.01_vd0.0_seed61_20260915_031303_462525.json,exception: name 'PROJECT_DIR' is not defined,2026-09-15T03:13:04.853063,reconciliation,0.01,1,0.0158311345646438
0.0,0.0,0.03,0.0,52,results/bob_recon_run_tp0.0_fk0.0_rp0.03_vd0.0_seed52_20260915_031305_867175.json,379,35,1,12,12,False,1,False,,1.0609664916992188,{'reconciliation_state': 1},finite_key,{},0.7770671844482422,False,,results/alice_recon_run_seed52_20260915_031305_894668.json,10,results/bob_recon_run_tp0.0_fk0.0_rp0.03_vd0.0_seed52_20260915_031305_867175.json,exception: name 'PROJECT_DIR' is not defined,2026-09-15T03:13:07.312218,reconciliation,0.03,1,0.0158311345646438
0.0,0.0,0.03,0.0,53,results/bob_recon_run_tp0.0_fk0.0_rp0.03_vd0.0_seed53_20260915_031308_316030.json,379,35,1,12,12,False,1,False,,1.2880661487579346,{'reconciliation_state': 1},finite_key,{},0.9942324161529541,True,,results/alice_recon_run_seed53_20260915_031308_352153.json,11,results/bob_recon_run_tp0.0_fk0.0_rp0.03_vd0.0_seed53_20260915_031308_316030.json,exception: name 'PROJECT_DIR' is not defined,2026-09-15T03:13:09.987664,reconciliation,0.03,1,0.0158311345646438
0.0,0.0,0.03,0.0,54,results/bob_recon_run_tp0.0_fk0.0_rp0.03_vd0.0_seed54_20260915_031310_996864.json,379,35,1,12,12,False,1,False,,1.0434329509735107,{'reconciliation_state': 1},finite_key,{},0.7581360340118408,False,,results/alice_recon_run_seed54_20260915_031311_023698.json,12,results/bob_recon_run_tp0.0_fk0.0_rp0.03_vd0.0_seed54_20260915_031310_996864.json,exception: name 'PROJECT_DIR' is not defined,2026-09-15T03:13:12.403357,reconciliation,0.03,1,0.0158311345646438
0.0,0.0,0.03,0.0,55,results/bob_recon_run_tp0.0_fk0.0_rp0.03_vd0.0_seed55_20260915_031313_412058.json,379,35,1,12,12,True,0,False,,0.8236825466156006,{},finite_key,{},0.5357551574707031,True,,results/alice_recon_run_seed55_20260915_031313_438317.json,13,results/bob_recon_run_tp0.0_fk0.0_rp0.03_vd0.0_seed55_20260915_031313_412058.json,exception: name 'PROJECT_DIR' is not defined,2026-09-15T03:13:14.620024,reconciliation,0.03,1,0.0158311345646438
0.0,0.0,0.03,0.0,56,results/bob_recon_run_tp0.0_fk0.0_rp0.03_vd0.0_seed56_20260915_031315_616489.json,379,35,1,12,12,False,1,False,,0.9876229763031006,{'reconciliation_state': 1},finite_key,{},0.6966605186462402,True,,results/alice_recon_run_seed56_20260915_031315_654698.json,14,results/bob_recon_run_tp0.0_fk0.0_rp0.03_vd0.0_seed56_20260915_031315_616489.json,exception: name 'PROJECT_DIR' is not defined,2026-09-15T03:13:16.969658,reconciliation,0.03,1,0.0158311345646438
0.0,0.0,0.03,0.0,57,results/bob_recon_run_tp0.0_fk0.0_rp0.03_vd0.0_seed57_20260915_031317_950325.json,379,35,1,12,12,False,2,False,,1.089639663696289,{'reconciliation_state': 2},finite_key,{},0.7730624675750732,True,,results/alice_recon_run_seed57_20260915_031318_007900.json,15,results/bob_recon_run_tp0.0_fk0.0_rp0.03_vd0.0_seed57_20260915_031317_950325.json,exception: name 'PROJECT_DIR' is not defined,2026-09-15T03:13:19.425980,reconciliation,0.03,1,0.0158311345646438
0.0,0.0,0.03,0.0,58,results/bob_recon_run_tp0.0_fk0.0_rp0.03_vd0.0_seed58_20260915_031320_455596.json,379,35,1,12,12,False,3,False,,1.1085972785949707,{'reconciliation_state': 3},finite_key,{},0.8407964706420898,False,,results/alice_recon_run_seed58_20260915_031320_462589.json,16,results/bob_recon_run_tp0.0_fk0.0_rp0.03_vd0.0_seed58_20260915_031320_455596.json,exception: name 'PROJECT_DIR' is not defined,2026-09-15T03:13:21.950005,reconciliation,0.03,1,0.0158311345646438
0.0,0.0,0.03,0.0,59,results/bob_recon_run_tp0.0_fk0.0_rp0.03_vd0.0_seed59_20260915_031322_952386.json,379,35,1,12,12,False,3,False,,1.2636728286743164,{'reconciliation_state': 3},finite_key,{},0.9758837223052979,True,,results/alice_recon_run_seed59_20260915_031322_988009.json,17,results/bob_recon_run_tp0.0_fk0.0_rp0.03_vd0.0_seed59_20260915_031322_952386.json,exception: name 'PROJECT_DIR' is not defined,2026-09-15T03:13:24.601836,reconciliation,0.03,1,0.0158311345646438
0.0,0.0,0.03,0.0,60,results/bob_recon_run_tp0.0_fk0.0_rp0.03_vd0.0_seed60_20260915_031325_609088.json,379,35,1,12,12,False,2,False,,1.543050765991211,{'reconciliation_state': 2},finite_key,{},0.6590068340301514,False,,results/alice_recon_run_seed60_20260915_031325_639860.json,18,results/bob_recon_run_tp0.0_fk0.0_rp0.03_vd0.0_seed60_20260915_031325_609088.json,exception: name 'PROJECT_DIR' is not defined,2026-09-15T03:13:27.537315,reconciliation,0.03,1,0.0158311345646438
0.0,0.0,0.03,0.0,61,results/bob_recon_run_tp0.0_fk0.0_rp0.03_vd0.0_seed61_20260915_031328_538021.json,379,35,1,12,12,False,1,False,,1.214472770690918,{'reconciliation_state': 1},finite_key,{},0.9282495975494385,True,,results/alice_recon_run_seed61_20260915_031328_573882.json,19,results/bob_recon_run_tp0.0_fk0.0_rp0.03_vd0.0_seed61_20260915_031328_538021.json,exception: name 'PROJECT_DIR' is not defined,2026-09-15T03:13:30.137215,reconciliation,0.03,1,0.0158311345646438
0.0,0.0,0.05,0.0,52,results/bob_recon_run_tp0.0_fk0.0_rp0.05_vd0.0_seed52_20260915_031331_163321.json,379,35,1,12,12,False,3,False,,1.4165494441986084,{'reconciliation_state': 3},finite_key,{},0.556929349899292,False,,results/alice_recon_run_seed52_20260915_031331_173342.json,10,results/bob_recon_run_tp0.0_fk0.0_rp0.05_vd0.0_seed52_20260915_031331_163321.json,exception: name 'PROJECT_DIR' is not defined,2026-09-15T03:13:32.964185,reconciliation,0.05,1,0.0158311345646438
0.0,0.0,0.05,0.0,53,results/bob_recon_run_tp0.0_fk0.0_rp0.05_vd0.0_seed53_20260915_031333_960886.json,379,35,1,12,12,False,2,False,,1.2869768142700195,{'reconciliation_state': 2},finite_key,{},0.9974262714385986,False,,results/alice_recon_run_seed53_20260915_031333_991513.json,11,results/bob_recon_run_tp0.0_fk0.0_rp0.05_vd0.0_seed53_20260915_031333_960886.json,exception: name 'PROJECT_DIR' is not defined,2026-09-15T03:13:35.635895,reconciliation,0.05,1,0.0158311345646438
0.0,0.0,0.05,0.0,54,results/bob_recon_run_tp0.0_fk0.0_rp0.05_vd0.0_seed54_20260915_031336_626880.json,379,35,1,12,12,False,2,False,,1.033142328262329,{'reconciliation_state': 2},finite_key,{},0.7374973297119141,True,,results/alice_recon_run_seed54_20260915_031336_669951.json,12,results/bob_recon_run_tp0.0_fk0.0_rp0.05_vd0.0_seed54_20260915_031336_626880.json,exception: name 'PROJECT_DIR' is not defined,2026-09-15T03:13:38.025298,reconciliation,0.05,1,0.0158311345646438
0.0,0.0,0.05,0.0,55,results/bob_recon_run_tp0.0_fk0.0_rp0.05_vd0.0_seed55_20260915_031339_015932.json,379,35,1,12,12,True,0,False,,0.8322064876556396,{},finite_key,{},0.5321369171142578,True,,results/alice_recon_run_seed55_20260915_031339_059630.json,13,results/bob_recon_run_tp0.0_fk0.0_rp0.05_vd0.0_seed55_20260915_031339_015932.json,exception: name 'PROJECT_DIR' is not defined,2026-09-15T03:13:40.233356,reconciliation,0.05,1,0.0158311345646438
0.0,0.0,0.05,0.0,56,results/bob_recon_run_tp0.0_fk0.0_rp0.05_vd0.0_seed56_20260915_031341_230145.json,379,35,1,12,12,False,2,False,,1.3821914196014404,{'reconciliation_state': 2},finite_key,{},0.4942595958709717,True,,results/alice_recon_run_seed56_20260915_031341_272152.json,14,results/bob_recon_run_tp0.0_fk0.0_rp0.05_vd0.0_seed56_20260915_031341_230145.json,exception: name 'PROJECT_DIR' is not defined,2026-09-15T03:13:42.997780,reconciliation,0.05,1,0.0158311345646438
0.0,0.0,0.05,0.0,57,results/bob_recon_run_tp0.0_fk0.0_rp0.05_vd0.0_seed57_20260915_031344_081990.json,379,35,1,12,12,False,2,False,,2.9938244819641113,{'reconciliation_state': 2},finite_key,{},0.7745575904846191,False,,results/alice_recon_run_seed57_20260915_031344_032411.json,15,results/bob_recon_run_tp0.0_fk0.0_rp0.05_vd0.0_seed57_20260915_031344_081990.json,exception: name 'PROJECT_DIR' is not defined,2026-09-15T03:13:47.460099,reconciliation,0.05,1,0.0158311345646438
0.0,0.0,0.05,0.0,58,results/bob_recon_run_tp0.0_fk0.0_rp0.05_vd0.0_seed58_20260915_031348_484836.json,379,35,1,12,12,False,3,False,,1.0949711799621582,{'reconciliation_state': 3},finite_key,{},0.8347222805023193,True,,results/alice_recon_run_seed58_20260915_031348_491326.json,16,results/bob_recon_run_tp0.0_fk0.0_rp0.05_vd0.0_seed58_20260915_031348_484836.json,exception: name 'PROJECT_DIR' is not defined,2026-09-15T03:13:49.963861,reconciliation,0.05,1,0.0158311345646438
0.0,0.0,0.05,0.0,59,results/bob_recon_run_tp0.0_fk0.0_rp0.05_vd0.0_seed59_20260915_031350_978082.json,379,35,1,12,12,False,3,False,,1.2457044124603271,{'reconciliation_state': 3},finite_key,{},0.9697141647338867,True,,results/alice_recon_run_seed59_20260915_031350_996790.json,17,results/bob_recon_run_tp0.0_fk0.0_rp0.05_vd0.0_seed59_20260915_031350_978082.json,exception: name 'PROJECT_DIR' is not defined,2026-09-15T03:13:52.608567,reconciliation,0.05,1,0.0158311345646438
0.0,0.0,0.05,0.0,60,results/bob_recon_run_tp0.0_fk0.0_rp0.05_vd0.0_seed60_20260915_031353_629283.json,379,35,1,12,12,False,2,False,,1.5265791416168213,{'reconciliation_state': 2},finite_key,{},0.6550607681274414,True,,results/alice_recon_run_seed60_20260915_031353_647669.json,18,results/bob_recon_run_tp0.0_fk0.0_rp0.05_vd0.0_seed60_20260915_031353_629283.json,exception: name 'PROJECT_DIR' is not defined,2026-09-15T03:13:55.543275,reconciliation,0.05,1,0.0158311345646438
0.0,0.0,0.05,0.0,61,results/bob_recon_run_tp0.0_fk0.0_rp0.05_vd0.0_seed61_20260915_031356_550452.json,379,35,1,12,12,False,1,False,,1.197394609451294,{'reconciliation_state': 1},finite_key,{},0.9185936450958252,False,,results/alice_recon_run_seed61_20260915_031356_577699.json,19,results/bob_recon_run_tp0.0_fk0.0_rp0.05_vd0.0_seed61_20260915_031356_550452.json,exception: name 'PROJECT_DIR' is not defined,2026-09-15T03:13:58.132350,reconciliation,0.05,1,0.0158311345646438
0.0,0.0,0.1,0.0,52,results/bob_recon_run_tp0.0_fk0.0_rp0.1_vd0.0_seed52_20260915_031359_141109.json,379,35,1,12,12,False,6,False,,1.1311707496643066,{'reconciliation_state': 6},finite_key,{},0.8512954711914062,False,,results/alice_recon_run_seed52_20260915_031359_167141.json,10,results/bob_recon_run_tp0.0_fk0.0_rp0.1_vd0.0_seed52_20260915_031359_141109.json,exception: name 'PROJECT_DIR' is not defined,2026-09-15T03:14:00.636874,reconciliation,0.1,1,0.0158311345646438
0.0,0.0,0.1,0.0,53,results/bob_recon_run_tp0.0_fk0.0_rp0.1_vd0.0_seed53_20260915_031401_640158.json,379,35,1,12,12,False,5,False,,1.0922534465789795,{'reconciliation_state': 5},finite_key,{},0.8119375705718994,False,,results/alice_recon_run_seed53_20260915_031401_668156.json,11,results/bob_recon_run_tp0.0_fk0.0_rp0.1_vd0.0_seed53_20260915_031401_640158.json,exception: name 'PROJECT_DIR' is not defined,2026-09-15T03:14:03.095684,reconciliation,0.1,1,0.0158311345646438
0.0,0.0,0.1,0.0,54,results/bob_recon_run_tp0.0_fk0.0_rp0.1_vd0.0_seed54_20260915_031404_102646.json,379,35,1,12,12,False,4,False,,1.5174076557159424,{'reconciliation_state': 4},finite_key,{},0.6457972526550293,True,,results/alice_recon_run_seed54_20260915_031404_127546.json,12,results/bob_recon_run_tp0.0_fk0.0_rp0.1_vd0.0_seed54_20260915_031404_102646.json,exception: name 'PROJECT_DIR' is not defined,2026-09-15T03:14:05.984644,reconciliation,0.1,1,0.0158311345646438
0.0,0.0,0.1,0.0,55,results/bob_recon_run_tp0.0_fk0.0_rp0.1_vd0.0_seed55_20260915_031407_001102.json,379,35,1,12,12,False,2,False,,1.0228524208068848,{'reconciliation_state': 2},finite_key,{},0.7500522136688232,False,,results/alice_recon_run_seed55_20260915_031407_019366.json,13,results/bob_recon_run_tp0.0_fk0.0_rp0.1_vd0.0_seed55_20260915_031407_001102.json,exception: name 'PROJECT_DIR' is not defined,2026-09-15T03:14:08.389187,reconciliation,0.1,1,0.0158311345646438
0.0,0.0,0.1,0.0,56,results/bob_recon_run_tp0.0_fk0.0_rp0.1_vd0.0_seed56_20260915_031409_392227.json,379,35,1,12,12,False,3,False,,1.3800582885742188,{'reconciliation_state': 3},finite_key,{},0.4988994598388672,True,,results/alice_recon_run_seed56_20260915_031409_427799.json,14,results/bob_recon_run_tp0.0_fk0.0_rp0.1_vd0.0_seed56_20260915_031409_392227.json,exception: name 'PROJECT_DIR' is not defined,2026-09-15T03:14:11.155539,reconciliation,0.1,1,0.0158311345646438
0.0,0.0,0.1,0.0,57,results/bob_recon_run_tp0.0_fk0.0_rp0.1_vd0.0_seed57_20260915_031412_162395.json,379,35,1,12,12,False,3,False,,1.449594497680664,{'reconciliation_state': 3},finite_key,{},0.5731260776519775,False,,results/alice_recon_run_seed57_20260915_031412_193921.json,15,results/bob_recon_run_tp0.0_fk0.0_rp0.1_vd0.0_seed57_20260915_031412_162395.json,exception: name 'PROJECT_DIR' is not defined,2026-09-15T03:14:13.998117,reconciliation,0.1,1,0.0158311345646438
0.0,0.0,0.1,0.0,58,results/bob_recon_run_tp0.0_fk0.0_rp0.1_vd0.0_seed58_20260915_031415_008285.json,379,34,1,12,12,False,7,False,,1.1316578388214111,{'reconciliation_state': 6},finite_key,{},0.8507075309753418,True,,results/alice_recon_run_seed58_20260915_031415_035248.json,16,results/bob_recon_run_tp0.0_fk0.0_rp0.1_vd0.0_seed58_20260915_031415_008285.json,exception: name 'PROJECT_DIR' is not defined,2026-09-15T03:14:16.525355,reconciliation,0.1,1,0.0158311345646438
0.0,0.0,0.1,0.0,59,results/bob_recon_run_tp0.0_fk0.0_rp0.1_vd0.0_seed59_20260915_031417_543392.json,379,35,1,12,12,False,4,False,,1.2525200843811035,{'reconciliation_state': 4},finite_key,{},0.9732632637023926,True,,results/alice_recon_run_seed59_20260915_031417_562817.json,17,results/bob_recon_run_tp0.0_fk0.0_rp0.1_vd0.0_seed59_20260915_031417_543392.json,exception: name 'PROJECT_DIR' is not defined,2026-09-15T03:14:19.197708,reconciliation,0.1,1,0.0158311345646438
0.0,0.0,0.1,0.0,60,results/bob_recon_run_tp0.0_fk0.0_rp0.1_vd0.0_seed60_20260915_031420_254297.json,379,35,1,12,12,False,2,False,,3.1055490970611572,{'reconciliation_state': 2},finite_key,{},0.8603360652923584,False,,results/alice_recon_run_seed60_20260915_031420_228989.json,18,results/bob_recon_run_tp0.0_fk0.0_rp0.1_vd0.0_seed60_20260915_031420_254297.json,exception: name 'PROJECT_DIR' is not defined,2026-09-15T03:14:23.744395,reconciliation,0.1,1,0.0158311345646438
0.0,0.0,0.1,0.0,61,results/bob_recon_run_tp0.0_fk0.0_rp0.1_vd0.0_seed61_20260915_031424_763050.json,379,35,1,12,12,False,2,False,,1.0967161655426025,{'reconciliation_state': 2},finite_key,{},0.8282196521759033,True,,results/alice_recon_run_seed61_20260915_031424_780904.json,19,results/bob_recon_run_tp0.0_fk0.0_rp0.1_vd0.0_seed61_20260915_031424_763050.json,exception: name 'PROJECT_DIR' is not defined,2026-09-15T03:14:26.228106,reconciliation,0.1,1,0.0158311345646438
0.0,0.0,0.3,0.0,52,results/bob_recon_run_tp0.0_fk0.0_rp0.3_vd0.0_seed52_20260915_031427_255637.json,379,35,1,12,12,False,15,False,,1.1842103004455566,{'reconciliation_state': 15},finite_key,{},0.9266753196716309,False,,results/alice_recon_run_seed52_20260915_031427_259515.json,10,results/bob_recon_run_tp0.0_fk0.0_rp0.3_vd0.0_seed52_20260915_031427_255637.json,exception: name 'PROJECT_DIR' is not defined,2026-09-15T03:14:28.804627,reconciliation,0.3,1,0.0158311345646438
0.0,0.0,0.3,0.0,53,results/bob_recon_run_tp0.0_fk0.0_rp0.3_vd0.0_seed53_20260915_031429_827101.json,379,34,1,12,12,False,9,False,,1.0487761497497559,{'reconciliation_state': 8},finite_key,{},0.7770512104034424,True,,results/alice_recon_run_seed53_20260915_031429_847746.json,11,results/bob_recon_run_tp0.0_fk0.0_rp0.3_vd0.0_seed53_20260915_031429_827101.json,exception: name 'PROJECT_DIR' is not defined,2026-09-15T03:14:31.261705,reconciliation,0.3,1,0.0158311345646438
0.0,0.0,0.3,0.0,54,results/bob_recon_run_tp0.0_fk0.0_rp0.3_vd0.0_seed54_20260915_031432_281903.json,379,35,1,12,12,False,9,False,,1.3182063102722168,{'reconciliation_state': 9},finite_key,{},1.049485445022583,False,,results/alice_recon_run_seed54_20260915_031432_297366.json,12,results/bob_recon_run_tp0.0_fk0.0_rp0.3_vd0.0_seed54_20260915_031432_281903.json,exception: name 'PROJECT_DIR' is not defined,2026-09-15T03:14:33.985677,reconciliation,0.3,1,0.0158311345646438
0.0,0.0,0.3,0.0,55,results/bob_recon_run_tp0.0_fk0.0_rp0.3_vd0.0_seed55_20260915_031435_006031.json,379,35,1,12,12,False,8,False,,1.1138103008270264,{'reconciliation_state': 8},finite_key,{},0.8400840759277344,True,,results/alice_recon_run_seed55_20260915_031435_027465.json,13,results/bob_recon_run_tp0.0_fk0.0_rp0.3_vd0.0_seed55_20260915_031435_006031.json,exception: name 'PROJECT_DIR' is not defined,2026-09-15T03:14:36.505915,reconciliation,0.3,1,0.0158311345646438
0.0,0.0,0.3,0.0,56,results/bob_recon_run_tp0.0_fk0.0_rp0.3_vd0.0_seed56_20260915_031437_513792.json,379,35,1,12,12,False,14,False,,1.2348623275756836,{'reconciliation_state': 14},finite_key,{},0.9516944885253906,False,,results/alice_recon_run_seed56_20260915_031437_541516.json,14,results/bob_recon_run_tp0.0_fk0.0_rp0.3_vd0.0_seed56_20260915_031437_513792.json,exception: name 'PROJECT_DIR' is not defined,2026-09-15T03:14:39.134375,reconciliation,0.3,1,0.0158311345646438
0.0,0.0,0.3,0.0,57,results/bob_recon_run_tp0.0_fk0.0_rp0.3_vd0.0_seed57_20260915_031440_159327.json,379,35,1,12,12,False,15,False,,1.1367108821868896,{'reconciliation_state': 15},finite_key,{},0.87003493309021,False,,results/alice_recon_run_seed57_20260915_031440_166176.json,15,results/bob_recon_run_tp0.0_fk0.0_rp0.3_vd0.0_seed57_20260915_031440_159327.json,exception: name 'PROJECT_DIR' is not defined,2026-09-15T03:14:41.682821,reconciliation,0.3,1,0.0158311345646438
0.0,0.0,0.3,0.0,58,results/bob_recon_run_tp0.0_fk0.0_rp0.3_vd0.0_seed58_20260915_031442_686070.json,379,34,1,12,12,False,12,False,,1.52585768699646,{'reconciliation_state': 11},finite_key,{},0.6520171165466309,False,,results/alice_recon_run_seed58_20260915_031442_713658.json,16,results/bob_recon_run_tp0.0_fk0.0_rp0.3_vd0.0_seed58_20260915_031442_686070.json,exception: name 'PROJECT_DIR' is not defined,2026-09-15T03:14:44.596610,reconciliation,0.3,1,0.0158311345646438
0.0,0.0,0.3,0.0,59,results/bob_recon_run_tp0.0_fk0.0_rp0.3_vd0.0_seed59_20260915_031445_626657.json,379,34,1,12,12,False,11,False,,1.121384859085083,{'reconciliation_state': 10},finite_key,{},0.8417544364929199,False,,results/alice_recon_run_seed59_20260915_031445_638222.json,17,results/bob_recon_run_tp0.0_fk0.0_rp0.3_vd0.0_seed59_20260915_031445_626657.json,exception: name 'PROJECT_DIR' is not defined,2026-09-15T03:14:47.134311,reconciliation,0.3,1,0.0158311345646438
0.0,0.0,0.3,0.0,60,results/bob_recon_run_tp0.0_fk0.0_rp0.3_vd0.0_seed60_20260915_031448_152177.json,379,35,1,12,12,False,9,False,,1.1359474658966064,{'reconciliation_state': 9},finite_key,{},0.8634192943572998,False,,results/alice_recon_run_seed60_20260915_031448_169315.json,18,results/bob_recon_run_tp0.0_fk0.0_rp0.3_vd0.0_seed60_20260915_031448_152177.json,exception: name 'PROJECT_DIR' is not defined,2026-09-15T03:14:49.674900,reconciliation,0.3,1,0.0158311345646438
0.0,0.0,0.3,0.0,61,results/bob_recon_run_tp0.0_fk0.0_rp0.3_vd0.0_seed61_20260915_031450_694557.json,379,35,1,12,12,False,9,False,,1.3737831115722656,{'reconciliation_state': 9},finite_key,{},1.1041159629821777,True,,results/alice_recon_run_seed61_20260915_031450_707941.json,19,results/bob_recon_run_tp0.0_fk0.0_rp0.3_vd0.0_seed61_20260915_031450_694557.json,exception: name 'PROJECT_DIR' is not defined,2026-09-15T03:14:52.453368,reconciliation,0.3,1,0.0158311345646438
0.0,0.0,0.5,0.0,52,results/bob_recon_run_tp0.0_fk0.0_rp0.5_vd0.0_seed52_20260915_031453_480593.json,379,33,1,12,12,False,19,False,,1.1198725700378418,{'reconciliation_state': 17},finite_key,{},0.8560409545898438,True,,results/alice_recon_run_seed52_20260915_031453_486729.json,10,results/bob_recon_run_tp0.0_fk0.0_rp0.5_vd0.0_seed52_20260915_031453_480593.json,exception: name 'PROJECT_DIR' is not defined,2026-09-15T03:14:54.966056,reconciliation,0.5,1,0.0158311345646438
0.0,0.0,0.5,0.0,53,results/bob_recon_run_tp0.0_fk0.0_rp0.5_vd0.0_seed53_20260915_031455_972396.json,379,33,1,12,12,False,21,False,,1.1719779968261719,{'reconciliation_state': 19},finite_key,{},0.8781499862670898,False,,results/alice_recon_run_seed53_20260915_031456_012265.json,11,results/bob_recon_run_tp0.0_fk0.0_rp0.5_vd0.0_seed53_20260915_031455_972396.json,exception: name 'PROJECT_DIR' is not defined,2026-09-15T03:14:57.511347,reconciliation,0.5,1,0.0158311345646438
0.0,0.0,0.5,0.0,54,results/bob_recon_run_tp0.0_fk0.0_rp0.5_vd0.0_seed54_20260915_031458_550931.json,379,35,1,12,12,False,15,False,,1.288388729095459,{'reconciliation_state': 15},finite_key,{},1.031667709350586,False,,results/alice_recon_run_seed54_20260915_031458_549869.json,12,results/bob_recon_run_tp0.0_fk0.0_rp0.5_vd0.0_seed54_20260915_031458_550931.json,exception: name 'PROJECT_DIR' is not defined,2026-09-15T03:15:00.227705,reconciliation,0.5,1,0.0158311345646438
0.0,0.0,0.5,0.0,55,results/bob_recon_run_tp0.0_fk0.0_rp0.5_vd0.0_seed55_20260915_031501_241700.json,379,35,1,12,12,False,17,False,,1.6306653022766113,{'reconciliation_state': 17},finite_key,{},0.758082389831543,True,,results/alice_recon_run_seed55_20260915_031501_264618.json,13,results/bob_recon_run_tp0.0_fk0.0_rp0.5_vd0.0_seed55_20260915_031501_241700.json,exception: name 'PROJECT_DIR' is not defined,2026-09-15T03:15:03.256424,reconciliation,0.5,1,0.0158311345646438
0.0,0.0,0.5,0.0,56,results/bob_recon_run_tp0.0_fk0.0_rp0.5_vd0.0_seed56_20260915_031504_263268.json,379,34,1,12,12,False,23,False,,1.480954885482788,{'reconciliation_state': 22},finite_key,{},0.6019401550292969,False,,results/alice_recon_run_seed56_20260915_031504_294970.json,14,results/bob_recon_run_tp0.0_fk0.0_rp0.5_vd0.0_seed56_20260915_031504_263268.json,exception: name 'PROJECT_DIR' is not defined,2026-09-15T03:15:06.133024,reconciliation,0.5,1,0.0158311345646438
0.0,0.0,0.5,0.0,57,results/bob_recon_run_tp0.0_fk0.0_rp0.5_vd0.0_seed57_20260915_031507_154045.json,379,34,1,12,12,False,20,False,,1.1539299488067627,{'reconciliation_state': 19},finite_key,{},0.8799967765808105,True,,results/alice_recon_run_seed57_20260915_031507_173609.json,15,results/bob_recon_run_tp0.0_fk0.0_rp0.5_vd0.0_seed57_20260915_031507_154045.json,exception: name 'PROJECT_DIR' is not defined,2026-09-15T03:15:08.714401,reconciliation,0.5,1,0.0158311345646438
0.0,0.0,0.5,0.0,58,results/bob_recon_run_tp0.0_fk0.0_rp0.5_vd0.0_seed58_20260915_031509_748895.json,379,34,1,12,12,False,17,False,,1.1112382411956787,{'reconciliation_state': 16},finite_key,{},0.8543519973754883,True,,results/alice_recon_run_seed58_20260915_031509_751657.json,16,results/bob_recon_run_tp0.0_fk0.0_rp0.5_vd0.0_seed58_20260915_031509_748895.json,exception: name 'PROJECT_DIR' is not defined,2026-09-15T03:15:11.298415,reconciliation,0.5,1,0.0158311345646438
0.0,0.0,0.5,0.0,59,results/bob_recon_run_tp0.0_fk0.0_rp0.5_vd0.0_seed59_20260915_031512_346692.json,379,34,1,12,12,False,14,False,,3.0539064407348633,{'reconciliation_state': 13},finite_key,{},0.8396480083465576,False,,results/alice_recon_run_seed59_20260915_031512_333948.json,17,results/bob_recon_run_tp0.0_fk0.0_rp0.5_vd0.0_seed59_20260915_031512_346692.json,exception: name 'PROJECT_DIR' is not defined,2026-09-15T03:15:15.786033,reconciliation,0.5,1,0.0158311345646438
0.0,0.0,0.5,0.0,60,results/bob_recon_run_tp0.0_fk0.0_rp0.5_vd0.0_seed60_20260915_031516_806425.json,379,34,1,12,12,False,15,False,,1.150200605392456,{'reconciliation_state': 14},finite_key,{},0.87685227394104,True,,results/alice_recon_run_seed60_20260915_031516_826679.json,18,results/bob_recon_run_tp0.0_fk0.0_rp0.5_vd0.0_seed60_20260915_031516_806425.json,exception: name 'PROJECT_DIR' is not defined,2026-09-15T03:15:18.342270,reconciliation,0.5,1,0.0158311345646438
0.0,0.0,0.5,0.0,61,results/bob_recon_run_tp0.0_fk0.0_rp0.5_vd0.0_seed61_20260915_031519_358304.json,379,31,1,12,12,False,24,False,,1.4296550750732422,{'reconciliation_state': 20},finite_key,{},1.1546404361724854,True,,results/alice_recon_run_seed61_20260915_031519_377693.json,19,results/bob_recon_run_tp0.0_fk0.0_rp0.5_vd0.0_seed61_20260915_031519_358304.json,exception: name 'PROJECT_DIR' is not defined,2026-09-15T03:15:21.173351,reconciliation,0.5,1,0.0158311345646438
0.0,0.0,0.001,0.0,52,results/bob_recon_run_tp0.0_fk0.0_rp0.001_vd0.0_seed52_20260915_033345_755839.json,374,37,337,12,12,True,0,False,,2.8283209800720215,{},finite_key,{},1.504704475402832,True,,results/alice_recon_run_seed52_20260915_033345_749404.json,10,results/bob_recon_run_tp0.0_fk0.0_rp0.001_vd0.0_seed52_20260915_033345_755839.json,exception: name 'PROJECT_DIR' is not defined,2026-09-15T03:33:48.983734,reconciliation,0.001,2,0.0026737967914438
0.0,0.0,0.001,0.0,53,results/bob_recon_run_tp0.0_fk0.0_rp0.001_vd0.0_seed53_20260915_033349_998249.json,374,25,337,12,12,False,12,False,,2.4540815353393555,{},finite_key,{},0.9574902057647705,False,,results/alice_recon_run_seed53_20260915_033350_162147.json,11,results/bob_recon_run_tp0.0_fk0.0_rp0.001_vd0.0_seed53_20260915_033349_998249.json,exception: name 'PROJECT_DIR' is not defined,2026-09-15T03:33:53.122782,reconciliation,0.001,2,0.0026737967914438
0.0,0.0,0.001,0.0,54,results/bob_recon_run_tp0.0_fk0.0_rp0.001_vd0.0_seed54_20260915_033354_124562.json,374,37,337,12,12,True,0,False,,3.2528226375579834,{},finite_key,{},1.7864618301391602,True,,results/alice_recon_run_seed54_20260915_033354_256929.json,12,results/bob_recon_run_tp0.0_fk0.0_rp0.001_vd0.0_seed54_20260915_033354_124562.json,exception: name 'PROJECT_DIR' is not defined,2026-09-15T03:33:57.960756,reconciliation,0.001,2,0.0026737967914438
0.0,0.0,0.001,0.0,55,results/bob_recon_run_tp0.0_fk0.0_rp0.001_vd0.0_seed55_20260915_033358_956035.json,374,37,337,12,12,True,0,False,,2.3523612022399902,{},finite_key,{},1.352794885635376,True,,results/alice_recon_run_seed55_20260915_033359_073443.json,13,results/bob_recon_run_tp0.0_fk0.0_rp0.001_vd0.0_seed55_20260915_033358_956035.json,exception: name 'PROJECT_DIR' is not defined,2026-09-15T03:34:01.886021,reconciliation,0.001,2,0.0026737967914438
0.0,0.0,0.001,0.0,56,results/bob_recon_run_tp0.0_fk0.0_rp0.001_vd0.0_seed56_20260915_033402_893961.json,374,37,337,12,12,True,0,False,,3.810309648513794,{},finite_key,{},2.3741302490234375,True,,results/alice_recon_run_seed56_20260915_033402_995296.json,14,results/bob_recon_run_tp0.0_fk0.0_rp0.001_vd0.0_seed56_20260915_033402_893961.json,exception: name 'PROJECT_DIR' is not defined,2026-09-15T03:34:07.250948,reconciliation,0.001,2,0.0026737967914438
0.0,0.0,0.001,0.0,57,results/bob_recon_run_tp0.0_fk0.0_rp0.001_vd0.0_seed57_20260915_033408_269340.json,374,37,337,12,12,True,0,False,,3.0309603214263916,{},finite_key,{},1.5989787578582764,True,,results/alice_recon_run_seed57_20260915_033408_366664.json,15,results/bob_recon_run_tp0.0_fk0.0_rp0.001_vd0.0_seed57_20260915_033408_269340.json,exception: name 'PROJECT_DIR' is not defined,2026-09-15T03:34:11.877948,reconciliation,0.001,2,0.0026737967914438
0.0,0.0,0.001,0.0,58,results/bob_recon_run_tp0.0_fk0.0_rp0.001_vd0.0_seed58_20260915_033412_909351.json,374,37,337,12,12,True,0,False,,2.230848789215088,{},finite_key,{},1.5035724639892578,True,,results/alice_recon_run_seed58_20260915_033412_986970.json,16,results/bob_recon_run_tp0.0_fk0.0_rp0.001_vd0.0_seed58_20260915_033412_909351.json,exception: name 'PROJECT_DIR' is not defined,2026-09-15T03:34:15.719185,reconciliation,0.001,2,0.0026737967914438
0.0,0.0,0.001,0.0,59,results/bob_recon_run_tp0.0_fk0.0_rp0.001_vd0.0_seed59_20260915_033416_727380.json,374,37,337,12,12,True,0,False,,2.688985824584961,{},finite_key,{},1.2451417446136475,True,,results/alice_recon_run_seed59_20260915_033416_841249.json,17,results/bob_recon_run_tp0.0_fk0.0_rp0.001_vd0.0_seed59_20260915_033416_727380.json,exception: name 'PROJECT_DIR' is not defined,2026-09-15T03:34:20.082079,reconciliation,0.001,2,0.0026737967914438
0.0,0.0,0.001,0.0,60,results/bob_recon_run_tp0.0_fk0.0_rp0.001_vd0.0_seed60_20260915_033421_114198.json,374,37,337,12,12,True,0,False,,3.2143654823303223,{},finite_key,{},1.7421879768371582,True,,results/alice_recon_run_seed60_20260915_033421_252166.json,18,results/bob_recon_run_tp0.0_fk0.0_rp0.001_vd0.0_seed60_20260915_033421_114198.json,exception: name 'PROJECT_DIR' is not defined,2026-09-15T03:34:24.992143,reconciliation,0.001,2,0.0026737967914438
0.0,0.0,0.001,0.0,61,results/bob_recon_run_tp0.0_fk0.0_rp0.001_vd0.0_seed61_20260915_033426_008849.json,374,37,337,12,12,True,0,False,,3.3716959953308105,{},finite_key,{},1.625894546508789,True,,results/alice_recon_run_seed61_20260915_033426_211910.json,19,results/bob_recon_run_tp0.0_fk0.0_rp0.001_vd0.0_seed61_20260915_033426_008849.json,exception: name 'PROJECT_DIR' is not defined,2026-09-15T03:34:30.060842,reconciliation,0.001,2,0.0026737967914438
0.0,0.0,0.003,0.0,52,results/bob_recon_run_tp0.0_fk0.0_rp0.003_vd0.0_seed52_20260915_033431_102461.json,374,37,337,12,12,True,0,False,,2.9741499423980713,{},finite_key,{},1.5091753005981445,True,,results/alice_recon_run_seed52_20260915_033431_235189.json,10,results/bob_recon_run_tp0.0_fk0.0_rp0.003_vd0.0_seed52_20260915_033431_102461.json,exception: name 'PROJECT_DIR' is not defined,2026-09-15T03:34:34.758150,reconciliation,0.003,2,0.0026737967914438
0.0,0.0,0.003,0.0,53,results/bob_recon_run_tp0.0_fk0.0_rp0.003_vd0.0_seed53_20260915_033435_760208.json,374,25,337,12,12,False,12,False,,2.680722713470459,{},finite_key,{},0.9611685276031494,False,,results/alice_recon_run_seed53_20260915_033435_937662.json,11,results/bob_recon_run_tp0.0_fk0.0_rp0.003_vd0.0_seed53_20260915_033435_760208.json,exception: name 'PROJECT_DIR' is not defined,2026-09-15T03:34:39.128052,reconciliation,0.003,2,0.0026737967914438
0.0,0.0,0.003,0.0,54,results/bob_recon_run_tp0.0_fk0.0_rp0.003_vd0.0_seed54_20260915_033440_123543.json,374,37,337,12,12,True,0,False,,3.3091094493865967,{},finite_key,{},1.782407522201538,True,,results/alice_recon_run_seed54_20260915_033440_315436.json,12,results/bob_recon_run_tp0.0_fk0.0_rp0.003_vd0.0_seed54_20260915_033440_123543.json,exception: name 'PROJECT_DIR' is not defined,2026-09-15T03:34:44.103673,reconciliation,0.003,2,0.0026737967914438
0.0,0.0,0.003,0.0,55,results/bob_recon_run_tp0.0_fk0.0_rp0.003_vd0.0_seed55_20260915_033445_103351.json,374,37,337,12,12,True,0,False,,3.0692138671875,{},finite_key,{},1.351470947265625,True,,results/alice_recon_run_seed55_20260915_033445_489518.json,13,results/bob_recon_run_tp0.0_fk0.0_rp0.003_vd0.0_seed55_20260915_033445_103351.json,exception: name 'PROJECT_DIR' is not defined,2026-09-15T03:34:48.827980,reconciliation,0.003,2,0.0026737967914438
0.0,0.0,0.003,0.0,56,results/bob_recon_run_tp0.0_fk0.0_rp0.003_vd0.0_seed56_20260915_033449_840025.json,374,37,337,12,12,True,0,False,,3.872748613357544,{},finite_key,{},2.371452808380127,True,,results/alice_recon_run_seed56_20260915_033450_011214.json,14,results/bob_recon_run_tp0.0_fk0.0_rp0.003_vd0.0_seed56_20260915_033449_840025.json,exception: name 'PROJECT_DIR' is not defined,2026-09-15T03:34:54.400218,reconciliation,0.003,2,0.0026737967914438
0.0,0.0,0.003,0.0,57,results/bob_recon_run_tp0.0_fk0.0_rp0.003_vd0.0_seed57_20260915_033455_437637.json,374,37,337,12,12,True,0,False,,3.28706693649292,{},finite_key,{},1.5975821018218994,True,,results/alice_recon_run_seed57_20260915_033455_586563.json,15,results/bob_recon_run_tp0.0_fk0.0_rp0.003_vd0.0_seed57_20260915_033455_437637.json,exception: name 'PROJECT_DIR' is not defined,2026-09-15T03:34:59.423878,reconciliation,0.003,2,0.0026737967914438
0.0,0.0,0.003,0.0,58,results/bob_recon_run_tp0.0_fk0.0_rp0.003_vd0.0_seed58_20260915_033500_428032.json,374,37,337,12,12,False,1,False,,3.4162790775299072,{'reconciliation_state': 1},finite_key,{},1.7319188117980957,False,,results/alice_recon_run_seed58_20260915_033500_573076.json,16,results/bob_recon_run_tp0.0_fk0.0_rp0.003_vd0.0_seed58_20260915_033500_428032.json,exception: name 'PROJECT_DIR' is not defined,2026-09-15T03:35:04.517243,reconciliation,0.003,2,0.0026737967914438
0.0,0.0,0.003,0.0,59,results/bob_recon_run_tp0.0_fk0.0_rp0.003_vd0.0_seed59_20260915_033505_517793.json,374,37,337,12,12,True,0,False,,2.967271327972412,{},finite_key,{},1.2392382621765137,True,,results/alice_recon_run_seed59_20260915_033505_703560.json,17,results/bob_recon_run_tp0.0_fk0.0_rp0.003_vd0.0_seed59_20260915_033505_517793.json,exception: name 'PROJECT_DIR' is not defined,2026-09-15T03:35:09.189535,reconciliation,0.003,2,0.0026737967914438
0.0,0.0,0.003,0.0,60,results/bob_recon_run_tp0.0_fk0.0_rp0.003_vd0.0_seed60_20260915_033510_196869.json,374,37,337,12,12,True,0,False,,3.4590890407562256,{},finite_key,{},1.7307729721069336,True,,results/alice_recon_run_seed60_20260915_033510_385034.json,18,results/bob_recon_run_tp0.0_fk0.0_rp0.003_vd0.0_seed60_20260915_033510_196869.json,exception: name 'PROJECT_DIR' is not defined,2026-09-15T03:35:14.302033,reconciliation,0.003,2,0.0026737967914438
0.0,0.0,0.003,0.0,61,results/bob_recon_run_tp0.0_fk0.0_rp0.003_vd0.0_seed61_20260915_033515_302706.json,374,37,337,12,12,True,0,False,,2.162095308303833,{},finite_key,{},1.6227290630340576,True,,results/alice_recon_run_seed61_20260915_033515_422540.json,19,results/bob_recon_run_tp0.0_fk0.0_rp0.003_vd0.0_seed61_20260915_033515_302706.json,exception: name 'PROJECT_DIR' is not defined,2026-09-15T03:35:18.044864,reconciliation,0.003,2,0.0026737967914438
0.0,0.0,0.01,0.0,52,results/bob_recon_run_tp0.0_fk0.0_rp0.01_vd0.0_seed52_20260915_033519_060108.json,374,37,337,12,12,True,0,False,,3.220499277114868,{},finite_key,{},1.5121068954467773,True,,results/alice_recon_run_seed52_20260915_033519_224493.json,10,results/bob_recon_run_tp0.0_fk0.0_rp0.01_vd0.0_seed52_20260915_033519_060108.json,exception: name 'PROJECT_DIR' is not defined,2026-09-15T03:35:22.961917,reconciliation,0.01,2,0.0026737967914438
0.0,0.0,0.01,0.0,53,results/bob_recon_run_tp0.0_fk0.0_rp0.01_vd0.0_seed53_20260915_033524_020774.json,374,25,337,12,12,False,12,False,,2.6276731491088867,{},finite_key,{},0.9632816314697266,False,,results/alice_recon_run_seed53_20260915_033524_141568.json,11,results/bob_recon_run_tp0.0_fk0.0_rp0.01_vd0.0_seed53_20260915_033524_020774.json,exception: name 'PROJECT_DIR' is not defined,2026-09-15T03:35:27.316964,reconciliation,0.01,2,0.0026737967914438
0.0,0.0,0.01,0.0,54,results/bob_recon_run_tp0.0_fk0.0_rp0.01_vd0.0_seed54_20260915_033528_358822.json,374,37,337,12,12,True,0,False,,2.9978349208831787,{},finite_key,{},1.7940890789031982,True,,results/alice_recon_run_seed54_20260915_033528_471344.json,12,results/bob_recon_run_tp0.0_fk0.0_rp0.01_vd0.0_seed54_20260915_033528_358822.json,exception: name 'PROJECT_DIR' is not defined,2026-09-15T03:35:32.039865,reconciliation,0.01,2,0.0026737967914438
0.0,0.0,0.01,0.0,55,results/bob_recon_run_tp0.0_fk0.0_rp0.01_vd0.0_seed55_20260915_033533_066158.json,374,37,337,12,12,True,0,False,,3.0504653453826904,{},finite_key,{},1.345163345336914,True,,results/alice_recon_run_seed55_20260915_033533_228766.json,13,results/bob_recon_run_tp0.0_fk0.0_rp0.01_vd0.0_seed55_20260915_033533_066158.json,exception: name 'PROJECT_DIR' is not defined,2026-09-15T03:35:36.800239,reconciliation,0.01,2,0.0026737967914438
0.0,0.0,0.01,0.0,56,results/bob_recon_run_tp0.0_fk0.0_rp0.01_vd0.0_seed56_20260915_033537_860515.json,374,36,337,12,12,False,2,False,,2.4276316165924072,{'reconciliation_state': 1},finite_key,{},1.6632730960845947,False,,results/alice_recon_run_seed56_20260915_033537_976022.json,14,results/bob_recon_run_tp0.0_fk0.0_rp0.01_vd0.0_seed56_20260915_033537_860515.json,exception: name 'PROJECT_DIR' is not defined,2026-09-15T03:35:40.975134,reconciliation,0.01,2,0.0026737967914438
0.0,0.0,0.01,0.0,57,results/bob_recon_run_tp0.0_fk0.0_rp0.01_vd0.0_seed57_20260915_033542_057168.json,374,37,337,12,12,False,1,False,,3.627413272857666,{'reconciliation_state': 1},finite_key,{},2.001995801925659,False,,results/alice_recon_run_seed57_20260915_033542_146781.json,15,results/bob_recon_run_tp0.0_fk0.0_rp0.01_vd0.0_seed57_20260915_033542_057168.json,exception: name 'PROJECT_DIR' is not defined,2026-09-15T03:35:46.353979,reconciliation,0.01,2,0.0026737967914438
0.0,0.0,0.01,0.0,58,results/bob_recon_run_tp0.0_fk0.0_rp0.01_vd0.0_seed58_20260915_033547_374244.json,374,37,337,12,12,False,1,False,,3.494910478591919,{'reconciliation_state': 1},finite_key,{},1.7359955310821533,False,,results/alice_recon_run_seed58_20260915_033547_587445.json,16,results/bob_recon_run_tp0.0_fk0.0_rp0.01_vd0.0_seed58_20260915_033547_374244.json,exception: name 'PROJECT_DIR' is not defined,2026-09-15T03:35:51.550472,reconciliation,0.01,2,0.0026737967914438
0.0,0.0,0.01,0.0,59,results/bob_recon_run_tp0.0_fk0.0_rp0.01_vd0.0_seed59_20260915_033552_569856.json,374,37,337,12,12,True,0,False,,2.738658905029297,{},finite_key,{},1.2501416206359863,True,,results/alice_recon_run_seed59_20260915_033552_725061.json,17,results/bob_recon_run_tp0.0_fk0.0_rp0.01_vd0.0_seed59_20260915_033552_569856.json,exception: name 'PROJECT_DIR' is not defined,2026-09-15T03:35:55.953335,reconciliation,0.01,2,0.0026737967914438
0.0,0.0,0.01,0.0,60,results/bob_recon_run_tp0.0_fk0.0_rp0.01_vd0.0_seed60_20260915_033557_009820.json,374,37,337,12,12,True,0,False,,3.2387754917144775,{},finite_key,{},1.740774393081665,True,,results/alice_recon_run_seed60_20260915_033557_172212.json,18,results/bob_recon_run_tp0.0_fk0.0_rp0.01_vd0.0_seed60_20260915_033557_009820.json,exception: name 'PROJECT_DIR' is not defined,2026-09-15T03:36:00.911428,reconciliation,0.01,2,0.0026737967914438
0.0,0.0,0.01,0.0,61,results/bob_recon_run_tp0.0_fk0.0_rp0.01_vd0.0_seed61_20260915_033601_943161.json,374,37,337,12,12,True,0,False,,3.105264186859131,{},finite_key,{},1.631239652633667,True,,results/alice_recon_run_seed61_20260915_033602_085071.json,19,results/bob_recon_run_tp0.0_fk0.0_rp0.01_vd0.0_seed61_20260915_033601_943161.json,exception: name 'PROJECT_DIR' is not defined,2026-09-15T03:36:05.726401,reconciliation,0.01,2,0.0026737967914438
0.0,0.0,0.03,0.0,52,results/bob_recon_run_tp0.0_fk0.0_rp0.03_vd0.0_seed52_20260915_033606_762447.json,374,37,337,12,12,False,1,False,,3.305647611618042,{'reconciliation_state': 1},finite_key,{},1.779604196548462,False,,results/alice_recon_run_seed52_20260915_033606_955211.json,10,results/bob_recon_run_tp0.0_fk0.0_rp0.03_vd0.0_seed52_20260915_033606_762447.json,exception: name 'PROJECT_DIR' is not defined,2026-09-15T03:36:10.750758,reconciliation,0.03,2,0.0026737967914438
0.0,0.0,0.03,0.0,53,results/bob_recon_run_tp0.0_fk0.0_rp0.03_vd0.0_seed53_20260915_033611_774131.json,374,37,337,12,12,False,1,False,,3.4260292053222656,{'reconciliation_state': 1},finite_key,{},1.6849017143249512,False,,results/alice_recon_run_seed53_20260915_033611_975409.json,11,results/bob_recon_run_tp0.0_fk0.0_rp0.03_vd0.0_seed53_20260915_033611_774131.json,exception: name 'PROJECT_DIR' is not defined,2026-09-15T03:36:15.884076,reconciliation,0.03,2,0.0026737967914438
0.0,0.0,0.03,0.0,54,results/bob_recon_run_tp0.0_fk0.0_rp0.03_vd0.0_seed54_20260915_033616_911491.json,374,37,337,12,12,False,1,False,,3.452702045440674,{'reconciliation_state': 1},finite_key,{},1.908705711364746,False,,results/alice_recon_run_seed54_20260915_033617_107497.json,12,results/bob_recon_run_tp0.0_fk0.0_rp0.03_vd0.0_seed54_20260915_033616_911491.json,exception: name 'PROJECT_DIR' is not defined,2026-09-15T03:36:21.051045,reconciliation,0.03,2,0.0026737967914438
0.0,0.0,0.03,0.0,55,results/bob_recon_run_tp0.0_fk0.0_rp0.03_vd0.0_seed55_20260915_033622_095554.json,374,37,337,12,12,True,0,False,,3.0325241088867188,{},finite_key,{},1.3511724472045898,True,,results/alice_recon_run_seed55_20260915_033622_231220.json,13,results/bob_recon_run_tp0.0_fk0.0_rp0.03_vd0.0_seed55_20260915_033622_095554.json,exception: name 'PROJECT_DIR' is not defined,2026-09-15T03:36:25.801991,reconciliation,0.03,2,0.0026737967914438
0.0,0.0,0.03,0.0,56,results/bob_recon_run_tp0.0_fk0.0_rp0.03_vd0.0_seed56_20260915_033626_821814.json,374,36,337,12,12,False,2,False,,3.195077419281006,{'reconciliation_state': 1},finite_key,{},1.659470796585083,False,,results/alice_recon_run_seed56_20260915_033627_022129.json,14,results/bob_recon_run_tp0.0_fk0.0_rp0.03_vd0.0_seed56_20260915_033626_821814.json,exception: name 'PROJECT_DIR' is not defined,2026-09-15T03:36:30.708239,reconciliation,0.03,2,0.0026737967914438
0.0,0.0,0.03,0.0,57,results/bob_recon_run_tp0.0_fk0.0_rp0.03_vd0.0_seed57_20260915_033631_716638.json,374,37,337,12,12,False,2,False,,3.5594136714935303,{'reconciliation_state': 2},finite_key,{},2.0137953758239746,False,,results/alice_recon_run_seed57_20260915_033631_933191.json,15,results/bob_recon_run_tp0.0_fk0.0_rp0.03_vd0.0_seed57_20260915_033631_716638.json,exception: name 'PROJECT_DIR' is not defined,2026-09-15T03:36:35.957501,reconciliation,0.03,2,0.0026737967914438
0.0,0.0,0.03,0.0,58,results/bob_recon_run_tp0.0_fk0.0_rp0.03_vd0.0_seed58_20260915_033636_962669.json,374,37,337,12,12,False,3,False,,3.8252980709075928,{'reconciliation_state': 3},finite_key,{},2.379364013671875,False,,results/alice_recon_run_seed58_20260915_033637_078231.json,16,results/bob_recon_run_tp0.0_fk0.0_rp0.03_vd0.0_seed58_20260915_033636_962669.json,exception: name 'PROJECT_DIR' is not defined,2026-09-15T03:36:41.187951,reconciliation,0.03,2,0.0026737967914438
0.0,0.0,0.03,0.0,59,results/bob_recon_run_tp0.0_fk0.0_rp0.03_vd0.0_seed59_20260915_033642_230105.json,374,33,337,12,12,False,7,False,,2.898054599761963,{'reconciliation_state': 3},finite_key,{},1.382298469543457,False,,results/alice_recon_run_seed59_20260915_033642_413244.json,17,results/bob_recon_run_tp0.0_fk0.0_rp0.03_vd0.0_seed59_20260915_033642_230105.json,exception: name 'PROJECT_DIR' is not defined,2026-09-15T03:36:45.783112,reconciliation,0.03,2,0.0026737967914438
0.0,0.0,0.03,0.0,60,results/bob_recon_run_tp0.0_fk0.0_rp0.03_vd0.0_seed60_20260915_033646_787308.json,374,37,337,12,12,False,2,False,,4.108455419540405,{'reconciliation_state': 2},finite_key,{},2.5693745613098145,False,,results/alice_recon_run_seed60_20260915_033646_788040.json,18,results/bob_recon_run_tp0.0_fk0.0_rp0.03_vd0.0_seed60_20260915_033646_787308.json,exception: name 'PROJECT_DIR' is not defined,2026-09-15T03:36:51.294637,reconciliation,0.03,2,0.0026737967914438
0.0,0.0,0.03,0.0,61,results/bob_recon_run_tp0.0_fk0.0_rp0.03_vd0.0_seed61_20260915_033652_340373.json,374,37,337,12,12,False,1,False,,3.512338876724243,{'reconciliation_state': 1},finite_key,{},2.010411262512207,False,,results/alice_recon_run_seed61_20260915_033652_512721.json,19,results/bob_recon_run_tp0.0_fk0.0_rp0.03_vd0.0_seed61_20260915_033652_340373.json,exception: name 'PROJECT_DIR' is not defined,2026-09-15T03:36:56.526832,reconciliation,0.03,2,0.0026737967914438
0.0,0.0,0.05,0.0,52,results/bob_recon_run_tp0.0_fk0.0_rp0.05_vd0.0_seed52_20260915_033657_599557.json,374,37,337,12,12,False,3,False,,5.064408540725708,{'reconciliation_state': 3},finite_key,{},1.7822654247283936,False,,results/alice_recon_run_seed52_20260915_033657_531975.json,10,results/bob_recon_run_tp0.0_fk0.0_rp0.05_vd0.0_seed52_20260915_033657_599557.json,exception: name 'PROJECT_DIR' is not defined,2026-09-15T03:37:03.061906,reconciliation,0.05,2,0.0026737967914438
0.0,0.0,0.05,0.0,53,results/bob_recon_run_tp0.0_fk0.0_rp0.05_vd0.0_seed53_20260915_033704_073145.json,374,37,337,12,12,False,2,False,,5.914464712142944,{'reconciliation_state': 2},finite_key,{},2.36616849899292,False,,results/alice_recon_run_seed53_20260915_033704_064231.json,11,results/bob_recon_run_tp0.0_fk0.0_rp0.05_vd0.0_seed53_20260915_033704_073145.json,exception: name 'PROJECT_DIR' is not defined,2026-09-15T03:37:10.383787,reconciliation,0.05,2,0.0026737967914438
0.0,0.0,0.05,0.0,54,results/bob_recon_run_tp0.0_fk0.0_rp0.05_vd0.0_seed54_20260915_033711_385114.json,374,37,337,12,12,False,2,False,,3.499437093734741,{'reconciliation_state': 2},finite_key,{},1.9850916862487793,False,,results/alice_recon_run_seed54_20260915_033711_564848.json,12,results/bob_recon_run_tp0.0_fk0.0_rp0.05_vd0.0_seed54_20260915_033711_385114.json,exception: name 'PROJECT_DIR' is not defined,2026-09-15T03:37:15.564131,reconciliation,0.05,2,0.0026737967914438
0.0,0.0,0.05,0.0,55,results/bob_recon_run_tp0.0_fk0.0_rp0.05_vd0.0_seed55_20260915_033716_584019.json,374,37,337,12,12,True,0,False,,2.864262819290161,{},finite_key,{},1.3466787338256836,True,,results/alice_recon_run_seed55_20260915_033716_768829.json,13,results/bob_recon_run_tp0.0_fk0.0_rp0.05_vd0.0_seed55_20260915_033716_584019.json,exception: name 'PROJECT_DIR' is not defined,2026-09-15T03:37:20.121358,reconciliation,0.05,2,0.0026737967914438
0.0,0.0,0.05,0.0,56,results/bob_recon_run_tp0.0_fk0.0_rp0.05_vd0.0_seed56_20260915_033721_118399.json,374,36,337,12,12,False,3,False,,3.1746766567230225,{'reconciliation_state': 2},finite_key,{},1.6591870784759521,False,,results/alice_recon_run_seed56_20260915_033721_300438.json,14,results/bob_recon_run_tp0.0_fk0.0_rp0.05_vd0.0_seed56_20260915_033721_118399.json,exception: name 'PROJECT_DIR' is not defined,2026-09-15T03:37:24.965330,reconciliation,0.05,2,0.0026737967914438
0.0,0.0,0.05,0.0,57,results/bob_recon_run_tp0.0_fk0.0_rp0.05_vd0.0_seed57_20260915_033725_997248.json,374,37,337,12,12,False,2,False,,3.5349879264831543,{'reconciliation_state': 2},finite_key,{},2.016871690750122,False,,results/alice_recon_run_seed57_20260915_033726_183141.json,15,results/bob_recon_run_tp0.0_fk0.0_rp0.05_vd0.0_seed57_20260915_033725_997248.json,exception: name 'PROJECT_DIR' is not defined,2026-09-15T03:37:30.209295,reconciliation,0.05,2,0.0026737967914438
0.0,0.0,0.05,0.0,58,results/bob_recon_run_tp0.0_fk0.0_rp0.05_vd0.0_seed58_20260915_033731_210736.json,374,37,337,12,12,False,3,False,,3.893449544906616,{'reconciliation_state': 3},finite_key,{},2.381282091140747,False,,results/alice_recon_run_seed58_20260915_033731_393001.json,16,results/bob_recon_run_tp0.0_fk0.0_rp0.05_vd0.0_seed58_20260915_033731_210736.json,exception: name 'PROJECT_DIR' is not defined,2026-09-15T03:37:35.792279,reconciliation,0.05,2,0.0026737967914438
0.0,0.0,0.05,0.0,59,results/bob_recon_run_tp0.0_fk0.0_rp0.05_vd0.0_seed59_20260915_033736_819759.json,374,33,337,12,12,False,7,False,,4.452542304992676,{'reconciliation_state': 3},finite_key,{},1.3826711177825928,False,,results/alice_recon_run_seed59_20260915_033736_794441.json,17,results/bob_recon_run_tp0.0_fk0.0_rp0.05_vd0.0_seed59_20260915_033736_819759.json,exception: name 'PROJECT_DIR' is not defined,2026-09-15T03:37:41.666488,reconciliation,0.05,2,0.0026737967914438
0.0,0.0,0.05,0.0,60,results/bob_recon_run_tp0.0_fk0.0_rp0.05_vd0.0_seed60_20260915_033742_686723.json,374,37,337,12,12,False,2,False,,4.10626220703125,{'reconciliation_state': 2},finite_key,{},2.574817657470703,False,,results/alice_recon_run_seed60_20260915_033742_887287.json,18,results/bob_recon_run_tp0.0_fk0.0_rp0.05_vd0.0_seed60_20260915_033742_686723.json,exception: name 'PROJECT_DIR' is not defined,2026-09-15T03:37:47.462278,reconciliation,0.05,2,0.0026737967914438
0.0,0.0,0.05,0.0,61,results/bob_recon_run_tp0.0_fk0.0_rp0.05_vd0.0_seed61_20260915_033748_475899.json,374,37,337,12,12,False,1,False,,3.7002878189086914,{'reconciliation_state': 1},finite_key,{},1.9976515769958496,False,,results/alice_recon_run_seed61_20260915_033748_636335.json,19,results/bob_recon_run_tp0.0_fk0.0_rp0.05_vd0.0_seed61_20260915_033748_475899.json,exception: name 'PROJECT_DIR' is not defined,2026-09-15T03:37:52.850069,reconciliation,0.05,2,0.0026737967914438
0.0,0.0,0.1,0.0,52,results/bob_recon_run_tp0.0_fk0.0_rp0.1_vd0.0_seed52_20260915_033753_860668.json,374,31,337,12,12,False,11,False,,3.227876663208008,{'reconciliation_state': 5},finite_key,{},1.6869971752166748,False,,results/alice_recon_run_seed52_20260915_033754_072334.json,10,results/bob_recon_run_tp0.0_fk0.0_rp0.1_vd0.0_seed52_20260915_033753_860668.json,exception: name 'PROJECT_DIR' is not defined,2026-09-15T03:37:57.737821,reconciliation,0.1,2,0.0026737967914438
0.0,0.0,0.1,0.0,53,results/bob_recon_run_tp0.0_fk0.0_rp0.1_vd0.0_seed53_20260915_033758_755862.json,374,37,337,12,12,False,5,False,,3.4602673053741455,{'reconciliation_state': 5},finite_key,{},1.9289536476135254,False,,results/alice_recon_run_seed53_20260915_033758_953951.json,11,results/bob_recon_run_tp0.0_fk0.0_rp0.1_vd0.0_seed53_20260915_033758_755862.json,exception: name 'PROJECT_DIR' is not defined,2026-09-15T03:38:02.865697,reconciliation,0.1,2,0.0026737967914438
0.0,0.0,0.1,0.0,54,results/bob_recon_run_tp0.0_fk0.0_rp0.1_vd0.0_seed54_20260915_033803_869690.json,374,37,337,12,12,False,4,False,,2.9867215156555176,{'reconciliation_state': 4},finite_key,{},1.490708827972412,False,,results/alice_recon_run_seed54_20260915_033804_032956.json,12,results/bob_recon_run_tp0.0_fk0.0_rp0.1_vd0.0_seed54_20260915_033803_869690.json,exception: name 'PROJECT_DIR' is not defined,2026-09-15T03:38:07.507353,reconciliation,0.1,2,0.0026737967914438
0.0,0.0,0.1,0.0,55,results/bob_recon_run_tp0.0_fk0.0_rp0.1_vd0.0_seed55_20260915_033808_516120.json,374,35,337,12,12,False,4,False,,1.9443554878234863,{'reconciliation_state': 2},finite_key,{},1.509119987487793,False,,results/alice_recon_run_seed55_20260915_033808_512590.json,13,results/bob_recon_run_tp0.0_fk0.0_rp0.1_vd0.0_seed55_20260915_033808_516120.json,exception: name 'PROJECT_DIR' is not defined,2026-09-15T03:38:10.854376,reconciliation,0.1,2,0.0026737967914438
0.0,0.0,0.1,0.0,56,results/bob_recon_run_tp0.0_fk0.0_rp0.1_vd0.0_seed56_20260915_033811_864276.json,374,36,337,12,12,False,4,False,,3.5958518981933594,{'reconciliation_state': 3},finite_key,{},1.8908534049987793,False,,results/alice_recon_run_seed56_20260915_033812_028030.json,14,results/bob_recon_run_tp0.0_fk0.0_rp0.1_vd0.0_seed56_20260915_033811_864276.json,exception: name 'PROJECT_DIR' is not defined,2026-09-15T03:38:16.128218,reconciliation,0.1,2,0.0026737967914438
0.0,0.0,0.1,0.0,57,results/bob_recon_run_tp0.0_fk0.0_rp0.1_vd0.0_seed57_20260915_033817_131047.json,374,37,337,12,12,False,3,False,,3.813473701477051,{'reconciliation_state': 3},finite_key,{},2.0596110820770264,False,,results/alice_recon_run_seed57_20260915_033817_343013.json,15,results/bob_recon_run_tp0.0_fk0.0_rp0.1_vd0.0_seed57_20260915_033817_131047.json,exception: name 'PROJECT_DIR' is not defined,2026-09-15T03:38:21.616631,reconciliation,0.1,2,0.0026737967914438
0.0,0.0,0.1,0.0,58,results/bob_recon_run_tp0.0_fk0.0_rp0.1_vd0.0_seed58_20260915_033822_665365.json,374,37,337,12,12,False,7,False,,3.202517032623291,{'reconciliation_state': 7},finite_key,{},1.7515251636505127,False,,results/alice_recon_run_seed58_20260915_033822_787364.json,16,results/bob_recon_run_tp0.0_fk0.0_rp0.1_vd0.0_seed58_20260915_033822_665365.json,exception: name 'PROJECT_DIR' is not defined,2026-09-15T03:38:26.534898,reconciliation,0.1,2,0.0026737967914438
0.0,0.0,0.1,0.0,59,results/bob_recon_run_tp0.0_fk0.0_rp0.1_vd0.0_seed59_20260915_033827_539381.json,374,33,337,12,12,False,8,False,,3.2288565635681152,{'reconciliation_state': 4},finite_key,{},1.459578514099121,False,,results/alice_recon_run_seed59_20260915_033827_770461.json,17,results/bob_recon_run_tp0.0_fk0.0_rp0.1_vd0.0_seed59_20260915_033827_539381.json,exception: name 'PROJECT_DIR' is not defined,2026-09-15T03:38:31.438226,reconciliation,0.1,2,0.0026737967914438
0.0,0.0,0.1,0.0,60,results/bob_recon_run_tp0.0_fk0.0_rp0.1_vd0.0_seed60_20260915_033832_446283.json,374,37,337,12,12,False,2,False,,4.070554971694946,{'reconciliation_state': 2},finite_key,{},2.5779385566711426,False,,results/alice_recon_run_seed60_20260915_033832_604970.json,18,results/bob_recon_run_tp0.0_fk0.0_rp0.1_vd0.0_seed60_20260915_033832_446283.json,exception: name 'PROJECT_DIR' is not defined,2026-09-15T03:38:37.187148,reconciliation,0.1,2,0.0026737967914438
0.0,0.0,0.1,0.0,61,results/bob_recon_run_tp0.0_fk0.0_rp0.1_vd0.0_seed61_20260915_033838_185912.json,374,37,337,12,12,False,2,False,,3.7670252323150635,{'reconciliation_state': 2},finite_key,{},2.008164644241333,False,,results/alice_recon_run_seed61_20260915_033838_396697.json,19,results/bob_recon_run_tp0.0_fk0.0_rp0.1_vd0.0_seed61_20260915_033838_185912.json,exception: name 'PROJECT_DIR' is not defined,2026-09-15T03:38:42.659960,reconciliation,0.1,2,0.0026737967914438
0.0,0.0,0.3,0.0,52,results/bob_recon_run_tp0.0_fk0.0_rp0.3_vd0.0_seed52_20260915_033843_655270.json,374,14,337,12,12,False,29,False,,2.4936492443084717,{'reconciliation_state': 6},finite_key,{},0.9674477577209473,False,,results/alice_recon_run_seed52_20260915_033843_846645.json,10,results/bob_recon_run_tp0.0_fk0.0_rp0.3_vd0.0_seed52_20260915_033843_655270.json,exception: name 'PROJECT_DIR' is not defined,2026-09-15T03:38:46.832989,reconciliation,0.3,2,0.0026737967914438
0.0,0.0,0.3,0.0,53,results/bob_recon_run_tp0.0_fk0.0_rp0.3_vd0.0_seed53_20260915_033847_829736.json,374,31,337,12,12,False,14,False,,2.970447063446045,{'reconciliation_state': 8},finite_key,{},1.4264538288116455,False,,results/alice_recon_run_seed53_20260915_033847_832110.json,11,results/bob_recon_run_tp0.0_fk0.0_rp0.3_vd0.0_seed53_20260915_033847_829736.json,exception: name 'PROJECT_DIR' is not defined,2026-09-15T03:38:51.189585,reconciliation,0.3,2,0.0026737967914438
0.0,0.0,0.3,0.0,54,results/bob_recon_run_tp0.0_fk0.0_rp0.3_vd0.0_seed54_20260915_033852_204255.json,374,28,337,12,12,False,17,False,,2.316504955291748,{'reconciliation_state': 8},finite_key,{},1.2540662288665771,False,,results/alice_recon_run_seed54_20260915_033852_380049.json,12,results/bob_recon_run_tp0.0_fk0.0_rp0.3_vd0.0_seed54_20260915_033852_204255.json,exception: name 'PROJECT_DIR' is not defined,2026-09-15T03:38:55.191044,reconciliation,0.3,2,0.0026737967914438
0.0,0.0,0.3,0.0,55,results/bob_recon_run_tp0.0_fk0.0_rp0.3_vd0.0_seed55_20260915_033856_209243.json,374,24,337,12,12,False,18,False,,5.122695207595825,{'reconciliation_state': 5},finite_key,{},1.581573486328125,False,,results/alice_recon_run_seed55_20260915_033856_193009.json,13,results/bob_recon_run_tp0.0_fk0.0_rp0.3_vd0.0_seed55_20260915_033856_209243.json,exception: name 'PROJECT_DIR' is not defined,2026-09-15T03:39:01.724748,reconciliation,0.3,2,0.0026737967914438
0.0,0.0,0.3,0.0,56,results/bob_recon_run_tp0.0_fk0.0_rp0.3_vd0.0_seed56_20260915_033902_751841.json,374,32,337,12,12,False,18,False,,3.1281871795654297,{'reconciliation_state': 13},finite_key,{},1.6355886459350586,False,,results/alice_recon_run_seed56_20260915_033902_909099.json,14,results/bob_recon_run_tp0.0_fk0.0_rp0.3_vd0.0_seed56_20260915_033902_751841.json,exception: name 'PROJECT_DIR' is not defined,2026-09-15T03:39:06.561627,reconciliation,0.3,2,0.0026737967914438
0.0,0.0,0.3,0.0,57,results/bob_recon_run_tp0.0_fk0.0_rp0.3_vd0.0_seed57_20260915_033907_565780.json,374,18,337,12,12,False,28,False,,2.1027207374572754,{'reconciliation_state': 9},finite_key,{},1.0089716911315918,False,,results/alice_recon_run_seed57_20260915_033907_570445.json,15,results/bob_recon_run_tp0.0_fk0.0_rp0.3_vd0.0_seed57_20260915_033907_565780.json,exception: name 'PROJECT_DIR' is not defined,2026-09-15T03:39:10.067086,reconciliation,0.3,2,0.0026737967914438
0.0,0.0,0.3,0.0,58,results/bob_recon_run_tp0.0_fk0.0_rp0.3_vd0.0_seed58_20260915_033911_084258.json,374,26,337,12,12,False,18,False,,2.5198943614959717,{'reconciliation_state': 7},finite_key,{},1.025475025177002,False,,results/alice_recon_run_seed58_20260915_033911_242627.json,16,results/bob_recon_run_tp0.0_fk0.0_rp0.3_vd0.0_seed58_20260915_033911_084258.json,exception: name 'PROJECT_DIR' is not defined,2026-09-15T03:39:14.282768,reconciliation,0.3,2,0.0026737967914438
0.0,0.0,0.3,0.0,59,results/bob_recon_run_tp0.0_fk0.0_rp0.3_vd0.0_seed59_20260915_033915_292108.json,374,19,337,12,12,False,22,False,,1.6761908531188965,{'reconciliation_state': 4},finite_key,{},0.7878069877624512,False,,results/alice_recon_run_seed59_20260915_033915_288309.json,17,results/bob_recon_run_tp0.0_fk0.0_rp0.3_vd0.0_seed59_20260915_033915_292108.json,exception: name 'PROJECT_DIR' is not defined,2026-09-15T03:39:17.366452,reconciliation,0.3,2,0.0026737967914438
0.0,0.0,0.3,0.0,60,results/bob_recon_run_tp0.0_fk0.0_rp0.3_vd0.0_seed60_20260915_033918_383626.json,374,35,337,12,12,False,11,False,,2.784867286682129,{'reconciliation_state': 9},finite_key,{},1.7529644966125488,False,,results/alice_recon_run_seed60_20260915_033918_542293.json,18,results/bob_recon_run_tp0.0_fk0.0_rp0.3_vd0.0_seed60_20260915_033918_383626.json,exception: name 'PROJECT_DIR' is not defined,2026-09-15T03:39:21.847840,reconciliation,0.3,2,0.0026737967914438
0.0,0.0,0.3,0.0,61,results/bob_recon_run_tp0.0_fk0.0_rp0.3_vd0.0_seed61_20260915_033922_861112.json,374,32,337,12,12,False,14,False,,3.355184316635132,{'reconciliation_state': 9},finite_key,{},1.836686372756958,False,,results/alice_recon_run_seed61_20260915_033923_042717.json,19,results/bob_recon_run_tp0.0_fk0.0_rp0.3_vd0.0_seed61_20260915_033922_861112.json,exception: name 'PROJECT_DIR' is not defined,2026-09-15T03:39:26.906153,reconciliation,0.3,2,0.0026737967914438
0.0,0.0,0.5,0.0,52,results/bob_recon_run_tp0.0_fk0.0_rp0.5_vd0.0_seed52_20260915_033927_929958.json,374,16,337,12,12,False,30,False,,2.7706916332244873,{'reconciliation_state': 9},finite_key,{},1.0801913738250732,False,,results/alice_recon_run_seed52_20260915_033928_079620.json,10,results/bob_recon_run_tp0.0_fk0.0_rp0.5_vd0.0_seed52_20260915_033927_929958.json,exception: name 'PROJECT_DIR' is not defined,2026-09-15T03:39:31.381967,reconciliation,0.5,2,0.0026737967914438
0.0,0.0,0.5,0.0,53,results/bob_recon_run_tp0.0_fk0.0_rp0.5_vd0.0_seed53_20260915_033932_392664.json,374,23,337,12,12,False,26,False,,2.8396546840667725,{'reconciliation_state': 12},finite_key,{},1.3898200988769531,False,,results/alice_recon_run_seed53_20260915_033932_503080.json,11,results/bob_recon_run_tp0.0_fk0.0_rp0.5_vd0.0_seed53_20260915_033932_392664.json,exception: name 'PROJECT_DIR' is not defined,2026-09-15T03:39:35.822081,reconciliation,0.5,2,0.0026737967914438
0.0,0.0,0.5,0.0,54,results/bob_recon_run_tp0.0_fk0.0_rp0.5_vd0.0_seed54_20260915_033936_833706.json,374,24,337,12,12,False,25,False,,3.099238634109497,{'reconciliation_state': 12},finite_key,{},1.5937609672546387,False,,results/alice_recon_run_seed54_20260915_033937_001004.json,12,results/bob_recon_run_tp0.0_fk0.0_rp0.5_vd0.0_seed54_20260915_033936_833706.json,exception: name 'PROJECT_DIR' is not defined,2026-09-15T03:39:40.615575,reconciliation,0.5,2,0.0026737967914438
0.0,0.0,0.5,0.0,55,results/bob_recon_run_tp0.0_fk0.0_rp0.5_vd0.0_seed55_20260915_033941_619716.json,374,19,337,12,12,False,29,False,,2.496499538421631,{'reconciliation_state': 11},finite_key,{},0.9779162406921387,False,,results/alice_recon_run_seed55_20260915_033941_802437.json,13,results/bob_recon_run_tp0.0_fk0.0_rp0.5_vd0.0_seed55_20260915_033941_619716.json,exception: name 'PROJECT_DIR' is not defined,2026-09-15T03:39:44.749083,reconciliation,0.5,2,0.0026737967914438
0.0,0.0,0.5,0.0,56,results/bob_recon_run_tp0.0_fk0.0_rp0.5_vd0.0_seed56_20260915_033945_757267.json,374,16,337,12,12,False,30,False,,2.551712989807129,{'reconciliation_state': 9},finite_key,{},0.8923335075378418,False,,results/alice_recon_run_seed56_20260915_033945_875230.json,14,results/bob_recon_run_tp0.0_fk0.0_rp0.5_vd0.0_seed56_20260915_033945_757267.json,exception: name 'PROJECT_DIR' is not defined,2026-09-15T03:39:48.876222,reconciliation,0.5,2,0.0026737967914438
0.0,0.0,0.5,0.0,57,results/bob_recon_run_tp0.0_fk0.0_rp0.5_vd0.0_seed57_20260915_033949_887734.json,374,21,337,12,12,False,30,False,,2.648982048034668,{'reconciliation_state': 14},finite_key,{},0.9802639484405518,False,,results/alice_recon_run_seed57_20260915_033950_010295.json,15,results/bob_recon_run_tp0.0_fk0.0_rp0.5_vd0.0_seed57_20260915_033949_887734.json,exception: name 'PROJECT_DIR' is not defined,2026-09-15T03:39:53.113965,reconciliation,0.5,2,0.0026737967914438
0.0,0.0,0.5,0.0,58,results/bob_recon_run_tp0.0_fk0.0_rp0.5_vd0.0_seed58_20260915_033954_127615.json,374,34,337,12,12,False,19,False,,3.148763418197632,{'reconciliation_state': 16},finite_key,{},1.5877704620361328,False,,results/alice_recon_run_seed58_20260915_033954_352111.json,16,results/bob_recon_run_tp0.0_fk0.0_rp0.5_vd0.0_seed58_20260915_033954_127615.json,exception: name 'PROJECT_DIR' is not defined,2026-09-15T03:39:57.963800,reconciliation,0.5,2,0.0026737967914438
0.0,0.0,0.5,0.0,59,results/bob_recon_run_tp0.0_fk0.0_rp0.5_vd0.0_seed59_20260915_033959_058744.json,374,33,337,12,12,False,16,False,,2.9336884021759033,{'reconciliation_state': 12},finite_key,{},1.5227632522583008,False,,results/alice_recon_run_seed59_20260915_033959_141871.json,17,results/bob_recon_run_tp0.0_fk0.0_rp0.5_vd0.0_seed59_20260915_033959_058744.json,exception: name 'PROJECT_DIR' is not defined,2026-09-15T03:40:02.609015,reconciliation,0.5,2,0.0026737967914438
0.0,0.0,0.5,0.0,60,results/bob_recon_run_tp0.0_fk0.0_rp0.5_vd0.0_seed60_20260915_034003_629884.json,374,14,337,12,12,False,28,False,,1.6865124702453613,{'reconciliation_state': 5},finite_key,{},0.653195858001709,False,,results/alice_recon_run_seed60_20260915_034003_780163.json,18,results/bob_recon_run_tp0.0_fk0.0_rp0.5_vd0.0_seed60_20260915_034003_629884.json,exception: name 'PROJECT_DIR' is not defined,2026-09-15T03:40:05.986834,reconciliation,0.5,2,0.0026737967914438
0.0,0.0,0.5,0.0,61,results/bob_recon_run_tp0.0_fk0.0_rp0.5_vd0.0_seed61_20260915_034006_993737.json,374,15,337,12,12,False,33,False,,2.6432507038116455,{'reconciliation_state': 11},finite_key,{},1.0832622051239014,False,,results/alice_recon_run_seed61_20260915_034007_222490.json,19,results/bob_recon_run_tp0.0_fk0.0_rp0.5_vd0.0_seed61_20260915_034006_993737.json,exception: name 'PROJECT_DIR' is not defined,2026-09-15T03:40:10.325330,reconciliation,0.5,2,0.0026737967914438
0.0,0.0,0.001,0.0,52,results/bob_recon_run_tp0.0_fk0.0_rp0.001_vd0.0_seed52_20260915_040005_581529.json,382,36,363,12,12,True,0,False,,2.9072704315185547,{},finite_key,{},1.2953081130981445,True,,results/alice_recon_run_seed52_20260915_040005_647977.json,10,results/bob_recon_run_tp0.0_fk0.0_rp0.001_vd0.0_seed52_20260915_040005_581529.json,exception: name 'PROJECT_DIR' is not defined,2026-09-15T04:00:08.940307,reconciliation,0.001,3,0.0026178010471204
0.0,0.0,0.001,0.0,53,results/bob_recon_run_tp0.0_fk0.0_rp0.001_vd0.0_seed53_20260915_040009_963800.json,382,36,363,12,12,True,0,False,,1.8173184394836426,{},finite_key,{},1.0580265522003174,True,,results/alice_recon_run_seed53_20260915_040010_103856.json,11,results/bob_recon_run_tp0.0_fk0.0_rp0.001_vd0.0_seed53_20260915_040009_963800.json,exception: name 'PROJECT_DIR' is not defined,2026-09-15T04:00:12.419995,reconciliation,0.001,3,0.0026178010471204
0.0,0.0,0.001,0.0,54,results/bob_recon_run_tp0.0_fk0.0_rp0.001_vd0.0_seed54_20260915_040013_582850.json,382,36,363,12,12,True,0,False,,4.778361797332764,{},finite_key,{},1.3410680294036865,True,,results/alice_recon_run_seed54_20260915_040013_460661.json,12,results/bob_recon_run_tp0.0_fk0.0_rp0.001_vd0.0_seed54_20260915_040013_582850.json,exception: name 'PROJECT_DIR' is not defined,2026-09-15T04:00:18.805488,reconciliation,0.001,3,0.0026178010471204
0.0,0.0,0.001,0.0,55,results/bob_recon_run_tp0.0_fk0.0_rp0.001_vd0.0_seed55_20260915_040019_854079.json,382,36,363,12,12,True,0,False,,1.8947598934173584,{},finite_key,{},1.5739309787750244,True,,results/alice_recon_run_seed55_20260915_040019_968632.json,13,results/bob_recon_run_tp0.0_fk0.0_rp0.001_vd0.0_seed55_20260915_040019_854079.json,exception: name 'PROJECT_DIR' is not defined,2026-09-15T04:00:22.388552,reconciliation,0.001,3,0.0026178010471204
0.0,0.0,0.001,0.0,56,results/bob_recon_run_tp0.0_fk0.0_rp0.001_vd0.0_seed56_20260915_040023_426248.json,382,36,363,12,12,True,0,False,,3.102442741394043,{},finite_key,{},1.5528836250305176,True,,results/alice_recon_run_seed56_20260915_040023_427182.json,14,results/bob_recon_run_tp0.0_fk0.0_rp0.001_vd0.0_seed56_20260915_040023_426248.json,exception: name 'PROJECT_DIR' is not defined,2026-09-15T04:00:26.980784,reconciliation,0.001,3,0.0026178010471204
0.0,0.0,0.001,0.0,57,results/bob_recon_run_tp0.0_fk0.0_rp0.001_vd0.0_seed57_20260915_040028_006821.json,382,36,363,12,12,True,0,False,,3.017702341079712,{},finite_key,{},1.438971996307373,True,,results/alice_recon_run_seed57_20260915_040028_043298.json,15,results/bob_recon_run_tp0.0_fk0.0_rp0.001_vd0.0_seed57_20260915_040028_006821.json,exception: name 'PROJECT_DIR' is not defined,2026-09-15T04:00:31.460482,reconciliation,0.001,3,0.0026178010471204
0.0,0.0,0.001,0.0,58,results/bob_recon_run_tp0.0_fk0.0_rp0.001_vd0.0_seed58_20260915_040032_470941.json,382,36,363,12,12,True,0,False,,2.6496200561523438,{},finite_key,{},1.1021931171417236,True,,results/alice_recon_run_seed58_20260915_040032_473685.json,16,results/bob_recon_run_tp0.0_fk0.0_rp0.001_vd0.0_seed58_20260915_040032_470941.json,exception: name 'PROJECT_DIR' is not defined,2026-09-15T04:00:35.490672,reconciliation,0.001,3,0.0026178010471204
0.0,0.0,0.001,0.0,59,results/bob_recon_run_tp0.0_fk0.0_rp0.001_vd0.0_seed59_20260915_040036_523062.json,382,36,363,12,12,True,0,False,,3.1304380893707275,{},finite_key,{},1.4998464584350586,True,,results/alice_recon_run_seed59_20260915_040036_606384.json,17,results/bob_recon_run_tp0.0_fk0.0_rp0.001_vd0.0_seed59_20260915_040036_523062.json,exception: name 'PROJECT_DIR' is not defined,2026-09-15T04:00:40.210757,reconciliation,0.001,3,0.0026178010471204
0.0,0.0,0.001,0.0,60,results/bob_recon_run_tp0.0_fk0.0_rp0.001_vd0.0_seed60_20260915_040041_223700.json,382,16,363,12,12,False,20,False,,4.164986610412598,{},finite_key,{},0.6170196533203125,False,,results/alice_recon_run_seed60_20260915_040041_214379.json,18,results/bob_recon_run_tp0.0_fk0.0_rp0.001_vd0.0_seed60_20260915_040041_223700.json,exception: name 'PROJECT_DIR' is not defined,2026-09-15T04:00:45.739989,reconciliation,0.001,3,0.0026178010471204
0.0,0.0,0.001,0.0,61,results/bob_recon_run_tp0.0_fk0.0_rp0.001_vd0.0_seed61_20260915_040046_753239.json,382,36,363,12,12,True,0,False,,3.6527299880981445,{},finite_key,{},1.9953351020812988,True,,results/alice_recon_run_seed61_20260915_040046_864074.json,19,results/bob_recon_run_tp0.0_fk0.0_rp0.001_vd0.0_seed61_20260915_040046_753239.json,exception: name 'PROJECT_DIR' is not defined,2026-09-15T04:00:51.040882,reconciliation,0.001,3,0.0026178010471204
0.0,0.0,0.003,0.0,52,results/bob_recon_run_tp0.0_fk0.0_rp0.003_vd0.0_seed52_20260915_040052_080086.json,382,36,363,12,12,True,0,False,,2.9898481369018555,{},finite_key,{},1.3019158840179443,True,,results/alice_recon_run_seed52_20260915_040052_213304.json,10,results/bob_recon_run_tp0.0_fk0.0_rp0.003_vd0.0_seed52_20260915_040052_080086.json,exception: name 'PROJECT_DIR' is not defined,2026-09-15T04:00:55.570231,reconciliation,0.003,3,0.0026178010471204
0.0,0.0,0.003,0.0,53,results/bob_recon_run_tp0.0_fk0.0_rp0.003_vd0.0_seed53_20260915_040056_613146.json,382,36,363,12,12,True,0,False,,4.611460208892822,{},finite_key,{},1.0574359893798828,True,,results/alice_recon_run_seed53_20260915_040056_603756.json,11,results/bob_recon_run_tp0.0_fk0.0_rp0.003_vd0.0_seed53_20260915_040056_613146.json,exception: name 'PROJECT_DIR' is not defined,2026-09-15T04:01:01.627804,reconciliation,0.003,3,0.0026178010471204
0.0,0.0,0.003,0.0,54,results/bob_recon_run_tp0.0_fk0.0_rp0.003_vd0.0_seed54_20260915_040102_703922.json,382,36,363,12,12,True,0,False,,2.969351291656494,{},finite_key,{},1.3363580703735352,True,,results/alice_recon_run_seed54_20260915_040102_786980.json,12,results/bob_recon_run_tp0.0_fk0.0_rp0.003_vd0.0_seed54_20260915_040102_703922.json,exception: name 'PROJECT_DIR' is not defined,2026-09-15T04:01:06.310662,reconciliation,0.003,3,0.0026178010471204
0.0,0.0,0.003,0.0,55,results/bob_recon_run_tp0.0_fk0.0_rp0.003_vd0.0_seed55_20260915_040107_331415.json,382,36,363,12,12,True,0,False,,2.6743171215057373,{},finite_key,{},1.569253921508789,True,,results/alice_recon_run_seed55_20260915_040107_342446.json,13,results/bob_recon_run_tp0.0_fk0.0_rp0.003_vd0.0_seed55_20260915_040107_331415.json,exception: name 'PROJECT_DIR' is not defined,2026-09-15T04:01:10.448091,reconciliation,0.003,3,0.0026178010471204
0.0,0.0,0.003,0.0,56,results/bob_recon_run_tp0.0_fk0.0_rp0.003_vd0.0_seed56_20260915_040111_470681.json,382,36,363,12,12,True,0,False,,3.2503960132598877,{},finite_key,{},1.553574562072754,True,,results/alice_recon_run_seed56_20260915_040111_618072.json,14,results/bob_recon_run_tp0.0_fk0.0_rp0.003_vd0.0_seed56_20260915_040111_470681.json,exception: name 'PROJECT_DIR' is not defined,2026-09-15T04:01:15.364334,reconciliation,0.003,3,0.0026178010471204
0.0,0.0,0.003,0.0,57,results/bob_recon_run_tp0.0_fk0.0_rp0.003_vd0.0_seed57_20260915_040116_377105.json,382,36,363,12,12,True,0,False,,3.0086162090301514,{},finite_key,{},1.4356987476348877,True,,results/alice_recon_run_seed57_20260915_040116_401179.json,15,results/bob_recon_run_tp0.0_fk0.0_rp0.003_vd0.0_seed57_20260915_040116_377105.json,exception: name 'PROJECT_DIR' is not defined,2026-09-15T04:01:19.842292,reconciliation,0.003,3,0.0026178010471204
0.0,0.0,0.003,0.0,58,results/bob_recon_run_tp0.0_fk0.0_rp0.003_vd0.0_seed58_20260915_040120_906396.json,382,36,363,12,12,False,1,False,,3.266655683517456,{'reconciliation_state': 1},finite_key,{},1.6189854145050049,False,,results/alice_recon_run_seed58_20260915_040121_008212.json,16,results/bob_recon_run_tp0.0_fk0.0_rp0.003_vd0.0_seed58_20260915_040120_906396.json,exception: name 'PROJECT_DIR' is not defined,2026-09-15T04:01:24.815926,reconciliation,0.003,3,0.0026178010471204
0.0,0.0,0.003,0.0,59,results/bob_recon_run_tp0.0_fk0.0_rp0.003_vd0.0_seed59_20260915_040125_877328.json,382,36,363,12,12,True,0,False,,4.596067428588867,{},finite_key,{},1.5097463130950928,True,,results/alice_recon_run_seed59_20260915_040125_854670.json,17,results/bob_recon_run_tp0.0_fk0.0_rp0.003_vd0.0_seed59_20260915_040125_877328.json,exception: name 'PROJECT_DIR' is not defined,2026-09-15T04:01:30.901989,reconciliation,0.003,3,0.0026178010471204
0.0,0.0,0.003,0.0,60,results/bob_recon_run_tp0.0_fk0.0_rp0.003_vd0.0_seed60_20260915_040131_983373.json,382,16,363,12,12,False,20,False,,1.7942531108856201,{},finite_key,{},0.6131246089935303,False,,results/alice_recon_run_seed60_20260915_040132_065861.json,18,results/bob_recon_run_tp0.0_fk0.0_rp0.003_vd0.0_seed60_20260915_040131_983373.json,exception: name 'PROJECT_DIR' is not defined,2026-09-15T04:01:34.413925,reconciliation,0.003,3,0.0026178010471204
0.0,0.0,0.003,0.0,61,results/bob_recon_run_tp0.0_fk0.0_rp0.003_vd0.0_seed61_20260915_040135_423927.json,382,36,363,12,12,True,0,False,,3.576533317565918,{},finite_key,{},1.992253303527832,True,,results/alice_recon_run_seed61_20260915_040135_457236.json,19,results/bob_recon_run_tp0.0_fk0.0_rp0.003_vd0.0_seed61_20260915_040135_423927.json,exception: name 'PROJECT_DIR' is not defined,2026-09-15T04:01:39.443974,reconciliation,0.003,3,0.0026178010471204
0.0,0.0,0.01,0.0,52,results/bob_recon_run_tp0.0_fk0.0_rp0.01_vd0.0_seed52_20260915_040140_450208.json,382,36,363,12,12,True,0,False,,2.974841833114624,{},finite_key,{},1.2908239364624023,True,,results/alice_recon_run_seed52_20260915_040140_581225.json,10,results/bob_recon_run_tp0.0_fk0.0_rp0.01_vd0.0_seed52_20260915_040140_450208.json,exception: name 'PROJECT_DIR' is not defined,2026-09-15T04:01:43.907690,reconciliation,0.01,3,0.0026178010471204
0.0,0.0,0.01,0.0,53,results/bob_recon_run_tp0.0_fk0.0_rp0.01_vd0.0_seed53_20260915_040144_923085.json,382,36,363,12,12,True,0,False,,2.750002861022949,{},finite_key,{},1.0495550632476807,True,,results/alice_recon_run_seed53_20260915_040145_077001.json,11,results/bob_recon_run_tp0.0_fk0.0_rp0.01_vd0.0_seed53_20260915_040144_923085.json,exception: name 'PROJECT_DIR' is not defined,2026-09-15T04:01:48.308636,reconciliation,0.01,3,0.0026178010471204
0.0,0.0,0.01,0.0,54,results/bob_recon_run_tp0.0_fk0.0_rp0.01_vd0.0_seed54_20260915_040149_322118.json,382,36,363,12,12,True,0,False,,2.574798583984375,{},finite_key,{},1.3294334411621094,True,,results/alice_recon_run_seed54_20260915_040149_464577.json,12,results/bob_recon_run_tp0.0_fk0.0_rp0.01_vd0.0_seed54_20260915_040149_322118.json,exception: name 'PROJECT_DIR' is not defined,2026-09-15T04:01:52.541509,reconciliation,0.01,3,0.0026178010471204
0.0,0.0,0.01,0.0,55,results/bob_recon_run_tp0.0_fk0.0_rp0.01_vd0.0_seed55_20260915_040153_538603.json,382,36,363,12,12,True,0,False,,3.2867414951324463,{},finite_key,{},1.5691275596618652,True,,results/alice_recon_run_seed55_20260915_040153_710459.json,13,results/bob_recon_run_tp0.0_fk0.0_rp0.01_vd0.0_seed55_20260915_040153_538603.json,exception: name 'PROJECT_DIR' is not defined,2026-09-15T04:01:57.378972,reconciliation,0.01,3,0.0026178010471204
0.0,0.0,0.01,0.0,56,results/bob_recon_run_tp0.0_fk0.0_rp0.01_vd0.0_seed56_20260915_040158_378484.json,382,36,363,12,12,False,1,False,,3.0463643074035645,{'reconciliation_state': 1},finite_key,{},1.8314123153686523,False,,results/alice_recon_run_seed56_20260915_040158_520314.json,14,results/bob_recon_run_tp0.0_fk0.0_rp0.01_vd0.0_seed56_20260915_040158_378484.json,exception: name 'PROJECT_DIR' is not defined,2026-09-15T04:02:01.985650,reconciliation,0.01,3,0.0026178010471204
0.0,0.0,0.01,0.0,57,results/bob_recon_run_tp0.0_fk0.0_rp0.01_vd0.0_seed57_20260915_040202_984473.json,382,36,363,12,12,False,1,False,,2.3043551445007324,{'reconciliation_state': 1},finite_key,{},1.5617823600769043,False,,results/alice_recon_run_seed57_20260915_040203_099880.json,15,results/bob_recon_run_tp0.0_fk0.0_rp0.01_vd0.0_seed57_20260915_040202_984473.json,exception: name 'PROJECT_DIR' is not defined,2026-09-15T04:02:05.821965,reconciliation,0.01,3,0.0026178010471204
0.0,0.0,0.01,0.0,58,results/bob_recon_run_tp0.0_fk0.0_rp0.01_vd0.0_seed58_20260915_040206_822394.json,382,36,363,12,12,False,1,False,,3.346830129623413,{'reconciliation_state': 1},finite_key,{},1.612088680267334,False,,results/alice_recon_run_seed58_20260915_040207_009152.json,16,results/bob_recon_run_tp0.0_fk0.0_rp0.01_vd0.0_seed58_20260915_040206_822394.json,exception: name 'PROJECT_DIR' is not defined,2026-09-15T04:02:10.753503,reconciliation,0.01,3,0.0026178010471204
0.0,0.0,0.01,0.0,59,results/bob_recon_run_tp0.0_fk0.0_rp0.01_vd0.0_seed59_20260915_040211_764620.json,382,36,363,12,12,True,0,False,,3.1523547172546387,{},finite_key,{},1.5048058032989502,True,,results/alice_recon_run_seed59_20260915_040211_861752.json,17,results/bob_recon_run_tp0.0_fk0.0_rp0.01_vd0.0_seed59_20260915_040211_764620.json,exception: name 'PROJECT_DIR' is not defined,2026-09-15T04:02:15.487338,reconciliation,0.01,3,0.0026178010471204
0.0,0.0,0.01,0.0,60,results/bob_recon_run_tp0.0_fk0.0_rp0.01_vd0.0_seed60_20260915_040216_493115.json,382,16,363,12,12,False,20,False,,2.203925848007202,{},finite_key,{},0.6165125370025635,False,,results/alice_recon_run_seed60_20260915_040216_530898.json,18,results/bob_recon_run_tp0.0_fk0.0_rp0.01_vd0.0_seed60_20260915_040216_493115.json,exception: name 'PROJECT_DIR' is not defined,2026-09-15T04:02:19.140859,reconciliation,0.01,3,0.0026178010471204
0.0,0.0,0.01,0.0,61,results/bob_recon_run_tp0.0_fk0.0_rp0.01_vd0.0_seed61_20260915_040220_159274.json,382,36,363,12,12,True,0,False,,3.637474298477173,{},finite_key,{},1.9949333667755127,True,,results/alice_recon_run_seed61_20260915_040220_255961.json,19,results/bob_recon_run_tp0.0_fk0.0_rp0.01_vd0.0_seed61_20260915_040220_159274.json,exception: name 'PROJECT_DIR' is not defined,2026-09-15T04:02:24.396951,reconciliation,0.01,3,0.0026178010471204
0.0,0.0,0.03,0.0,52,results/bob_recon_run_tp0.0_fk0.0_rp0.03_vd0.0_seed52_20260915_040225_413682.json,382,36,363,12,12,False,1,False,,2.495558738708496,{'reconciliation_state': 1},finite_key,{},1.7430379390716553,False,,results/alice_recon_run_seed52_20260915_040225_526942.json,10,results/bob_recon_run_tp0.0_fk0.0_rp0.03_vd0.0_seed52_20260915_040225_413682.json,exception: name 'PROJECT_DIR' is not defined,2026-09-15T04:02:28.545637,reconciliation,0.03,3,0.0026178010471204
0.0,0.0,0.03,0.0,53,results/bob_recon_run_tp0.0_fk0.0_rp0.03_vd0.0_seed53_20260915_040229_543362.json,382,36,363,12,12,False,1,False,,3.2702927589416504,{'reconciliation_state': 1},finite_key,{},1.593268871307373,False,,results/alice_recon_run_seed53_20260915_040229_665415.json,11,results/bob_recon_run_tp0.0_fk0.0_rp0.03_vd0.0_seed53_20260915_040229_543362.json,exception: name 'PROJECT_DIR' is not defined,2026-09-15T04:02:33.290095,reconciliation,0.03,3,0.0026178010471204
0.0,0.0,0.03,0.0,54,results/bob_recon_run_tp0.0_fk0.0_rp0.03_vd0.0_seed54_20260915_040234_299407.json,382,36,363,12,12,False,1,False,,2.721374750137329,{'reconciliation_state': 1},finite_key,{},1.5995171070098877,False,,results/alice_recon_run_seed54_20260915_040234_325455.json,12,results/bob_recon_run_tp0.0_fk0.0_rp0.03_vd0.0_seed54_20260915_040234_299407.json,exception: name 'PROJECT_DIR' is not defined,2026-09-15T04:02:37.463106,reconciliation,0.03,3,0.0026178010471204
0.0,0.0,0.03,0.0,55,results/bob_recon_run_tp0.0_fk0.0_rp0.03_vd0.0_seed55_20260915_040238_470189.json,382,36,363,12,12,True,0,False,,3.2626869678497314,{},finite_key,{},1.5749411582946777,True,,results/alice_recon_run_seed55_20260915_040238_608928.json,13,results/bob_recon_run_tp0.0_fk0.0_rp0.03_vd0.0_seed55_20260915_040238_470189.json,exception: name 'PROJECT_DIR' is not defined,2026-09-15T04:02:42.298654,reconciliation,0.03,3,0.0026178010471204
0.0,0.0,0.03,0.0,56,results/bob_recon_run_tp0.0_fk0.0_rp0.03_vd0.0_seed56_20260915_040243_316855.json,382,36,363,12,12,False,1,False,,3.400374412536621,{'reconciliation_state': 1},finite_key,{},1.838066816329956,False,,results/alice_recon_run_seed56_20260915_040243_335269.json,14,results/bob_recon_run_tp0.0_fk0.0_rp0.03_vd0.0_seed56_20260915_040243_316855.json,exception: name 'PROJECT_DIR' is not defined,2026-09-15T04:02:47.162177,reconciliation,0.03,3,0.0026178010471204
0.0,0.0,0.03,0.0,57,results/bob_recon_run_tp0.0_fk0.0_rp0.03_vd0.0_seed57_20260915_040248_175173.json,382,36,363,12,12,False,2,False,,3.205824375152588,{'reconciliation_state': 2},finite_key,{},1.5684077739715576,False,,results/alice_recon_run_seed57_20260915_040248_262672.json,15,results/bob_recon_run_tp0.0_fk0.0_rp0.03_vd0.0_seed57_20260915_040248_175173.json,exception: name 'PROJECT_DIR' is not defined,2026-09-15T04:02:51.969181,reconciliation,0.03,3,0.0026178010471204
0.0,0.0,0.03,0.0,58,results/bob_recon_run_tp0.0_fk0.0_rp0.03_vd0.0_seed58_20260915_040252_983943.json,382,36,363,12,12,False,3,False,,3.452782392501831,{'reconciliation_state': 3},finite_key,{},1.8746428489685059,False,,results/alice_recon_run_seed58_20260915_040253_012798.json,16,results/bob_recon_run_tp0.0_fk0.0_rp0.03_vd0.0_seed58_20260915_040252_983943.json,exception: name 'PROJECT_DIR' is not defined,2026-09-15T04:02:56.880025,reconciliation,0.03,3,0.0026178010471204
0.0,0.0,0.03,0.0,59,results/bob_recon_run_tp0.0_fk0.0_rp0.03_vd0.0_seed59_20260915_040257_889970.json,382,36,363,12,12,False,3,False,,3.459394693374634,{'reconciliation_state': 3},finite_key,{},1.7627289295196533,False,,results/alice_recon_run_seed59_20260915_040258_040084.json,17,results/bob_recon_run_tp0.0_fk0.0_rp0.03_vd0.0_seed59_20260915_040257_889970.json,exception: name 'PROJECT_DIR' is not defined,2026-09-15T04:03:01.990198,reconciliation,0.03,3,0.0026178010471204
0.0,0.0,0.03,0.0,60,results/bob_recon_run_tp0.0_fk0.0_rp0.03_vd0.0_seed60_20260915_040303_044872.json,382,24,363,12,12,False,14,False,,2.8082330226898193,{'reconciliation_state': 2},finite_key,{},1.6157476902008057,False,,results/alice_recon_run_seed60_20260915_040303_146486.json,18,results/bob_recon_run_tp0.0_fk0.0_rp0.03_vd0.0_seed60_20260915_040303_044872.json,exception: name 'PROJECT_DIR' is not defined,2026-09-15T04:03:06.500704,reconciliation,0.03,3,0.0026178010471204
0.0,0.0,0.03,0.0,61,results/bob_recon_run_tp0.0_fk0.0_rp0.03_vd0.0_seed61_20260915_040307_505103.json,382,36,363,12,12,False,1,False,,3.4446868896484375,{'reconciliation_state': 1},finite_key,{},1.74222731590271,False,,results/alice_recon_run_seed61_20260915_040307_657260.json,19,results/bob_recon_run_tp0.0_fk0.0_rp0.03_vd0.0_seed61_20260915_040307_505103.json,exception: name 'PROJECT_DIR' is not defined,2026-09-15T04:03:11.542563,reconciliation,0.03,3,0.0026178010471204
0.0,0.0,0.05,0.0,52,results/bob_recon_run_tp0.0_fk0.0_rp0.05_vd0.0_seed52_20260915_040312_556287.json,382,36,363,12,12,False,3,False,,3.3734254837036133,{'reconciliation_state': 3},finite_key,{},1.7390391826629639,False,,results/alice_recon_run_seed52_20260915_040312_642741.json,10,results/bob_recon_run_tp0.0_fk0.0_rp0.05_vd0.0_seed52_20260915_040312_556287.json,exception: name 'PROJECT_DIR' is not defined,2026-09-15T04:03:16.577328,reconciliation,0.05,3,0.0026178010471204
0.0,0.0,0.05,0.0,53,results/bob_recon_run_tp0.0_fk0.0_rp0.05_vd0.0_seed53_20260915_040317_718428.json,382,36,363,12,12,False,2,False,,2.9800782203674316,{'reconciliation_state': 2},finite_key,{},1.4143903255462646,False,,results/alice_recon_run_seed53_20260915_040317_736996.json,11,results/bob_recon_run_tp0.0_fk0.0_rp0.05_vd0.0_seed53_20260915_040317_718428.json,exception: name 'PROJECT_DIR' is not defined,2026-09-15T04:03:21.268280,reconciliation,0.05,3,0.0026178010471204
0.0,0.0,0.05,0.0,54,results/bob_recon_run_tp0.0_fk0.0_rp0.05_vd0.0_seed54_20260915_040322_279837.json,382,36,363,12,12,False,2,False,,2.9248335361480713,{'reconciliation_state': 2},finite_key,{},1.3704514503479004,False,,results/alice_recon_run_seed54_20260915_040322_286861.json,12,results/bob_recon_run_tp0.0_fk0.0_rp0.05_vd0.0_seed54_20260915_040322_279837.json,exception: name 'PROJECT_DIR' is not defined,2026-09-15T04:03:25.568595,reconciliation,0.05,3,0.0026178010471204
0.0,0.0,0.05,0.0,55,results/bob_recon_run_tp0.0_fk0.0_rp0.05_vd0.0_seed55_20260915_040326_599284.json,382,36,363,12,12,True,0,False,,3.198232650756836,{},finite_key,{},1.576622724533081,True,,results/alice_recon_run_seed55_20260915_040326_678038.json,13,results/bob_recon_run_tp0.0_fk0.0_rp0.05_vd0.0_seed55_20260915_040326_599284.json,exception: name 'PROJECT_DIR' is not defined,2026-09-15T04:03:30.349212,reconciliation,0.05,3,0.0026178010471204
0.0,0.0,0.05,0.0,56,results/bob_recon_run_tp0.0_fk0.0_rp0.05_vd0.0_seed56_20260915_040331_389223.json,382,36,363,12,12,False,2,False,,5.443844556808472,{'reconciliation_state': 2},finite_key,{},1.9268295764923096,False,,results/alice_recon_run_seed56_20260915_040331_344302.json,14,results/bob_recon_run_tp0.0_fk0.0_rp0.05_vd0.0_seed56_20260915_040331_389223.json,exception: name 'PROJECT_DIR' is not defined,2026-09-15T04:03:37.196482,reconciliation,0.05,3,0.0026178010471204
0.0,0.0,0.05,0.0,57,results/bob_recon_run_tp0.0_fk0.0_rp0.05_vd0.0_seed57_20260915_040338_235013.json,382,36,363,12,12,False,2,False,,3.190347194671631,{'reconciliation_state': 2},finite_key,{},1.5660409927368164,False,,results/alice_recon_run_seed57_20260915_040338_312309.json,15,results/bob_recon_run_tp0.0_fk0.0_rp0.05_vd0.0_seed57_20260915_040338_235013.json,exception: name 'PROJECT_DIR' is not defined,2026-09-15T04:03:41.964089,reconciliation,0.05,3,0.0026178010471204
0.0,0.0,0.05,0.0,58,results/bob_recon_run_tp0.0_fk0.0_rp0.05_vd0.0_seed58_20260915_040342_983177.json,382,36,363,12,12,False,3,False,,3.5071277618408203,{'reconciliation_state': 3},finite_key,{},1.8656532764434814,False,,results/alice_recon_run_seed58_20260915_040343_076219.json,16,results/bob_recon_run_tp0.0_fk0.0_rp0.05_vd0.0_seed58_20260915_040342_983177.json,exception: name 'PROJECT_DIR' is not defined,2026-09-15T04:03:47.128775,reconciliation,0.05,3,0.0026178010471204
0.0,0.0,0.05,0.0,59,results/bob_recon_run_tp0.0_fk0.0_rp0.05_vd0.0_seed59_20260915_040348_143563.json,382,36,363,12,12,False,3,False,,5.3054163455963135,{'reconciliation_state': 3},finite_key,{},1.7629680633544922,False,,results/alice_recon_run_seed59_20260915_040348_124815.json,17,results/bob_recon_run_tp0.0_fk0.0_rp0.05_vd0.0_seed59_20260915_040348_143563.json,exception: name 'PROJECT_DIR' is not defined,2026-09-15T04:03:53.909858,reconciliation,0.05,3,0.0026178010471204
0.0,0.0,0.05,0.0,60,results/bob_recon_run_tp0.0_fk0.0_rp0.05_vd0.0_seed60_20260915_040354_981680.json,382,24,363,12,12,False,14,False,,5.095217704772949,{'reconciliation_state': 2},finite_key,{},1.6167855262756348,False,,results/alice_recon_run_seed60_20260915_040354_897159.json,18,results/bob_recon_run_tp0.0_fk0.0_rp0.05_vd0.0_seed60_20260915_040354_981680.json,exception: name 'PROJECT_DIR' is not defined,2026-09-15T04:04:00.437310,reconciliation,0.05,3,0.0026178010471204
0.0,0.0,0.05,0.0,61,results/bob_recon_run_tp0.0_fk0.0_rp0.05_vd0.0_seed61_20260915_040401_469876.json,382,36,363,12,12,False,1,False,,3.455118179321289,{'reconciliation_state': 1},finite_key,{},1.7509267330169678,False,,results/alice_recon_run_seed61_20260915_040401_625901.json,19,results/bob_recon_run_tp0.0_fk0.0_rp0.05_vd0.0_seed61_20260915_040401_469876.json,exception: name 'PROJECT_DIR' is not defined,2026-09-15T04:04:05.481279,reconciliation,0.05,3,0.0026178010471204
0.0,0.0,0.1,0.0,52,results/bob_recon_run_tp0.0_fk0.0_rp0.1_vd0.0_seed52_20260915_040406_487757.json,382,34,363,12,12,False,7,False,,3.657956838607788,{'reconciliation_state': 5},finite_key,{},1.9187135696411133,False,,results/alice_recon_run_seed52_20260915_040406_679469.json,10,results/bob_recon_run_tp0.0_fk0.0_rp0.1_vd0.0_seed52_20260915_040406_487757.json,exception: name 'PROJECT_DIR' is not defined,2026-09-15T04:04:10.809708,reconciliation,0.1,3,0.0026178010471204
0.0,0.0,0.1,0.0,53,results/bob_recon_run_tp0.0_fk0.0_rp0.1_vd0.0_seed53_20260915_040411_825697.json,382,36,363,12,12,False,5,False,,5.011038064956665,{'reconciliation_state': 5},finite_key,{},1.4781384468078613,False,,results/alice_recon_run_seed53_20260915_040411_797048.json,11,results/bob_recon_run_tp0.0_fk0.0_rp0.1_vd0.0_seed53_20260915_040411_825697.json,exception: name 'PROJECT_DIR' is not defined,2026-09-15T04:04:17.199089,reconciliation,0.1,3,0.0026178010471204
0.0,0.0,0.1,0.0,54,results/bob_recon_run_tp0.0_fk0.0_rp0.1_vd0.0_seed54_20260915_040418_211672.json,382,36,363,12,12,False,4,False,,3.3100099563598633,{'reconciliation_state': 4},finite_key,{},1.655839443206787,False,,results/alice_recon_run_seed54_20260915_040418_320108.json,12,results/bob_recon_run_tp0.0_fk0.0_rp0.1_vd0.0_seed54_20260915_040418_211672.json,exception: name 'PROJECT_DIR' is not defined,2026-09-15T04:04:22.154054,reconciliation,0.1,3,0.0026178010471204
0.0,0.0,0.1,0.0,55,results/bob_recon_run_tp0.0_fk0.0_rp0.1_vd0.0_seed55_20260915_040423_169359.json,382,36,363,12,12,False,2,False,,5.499608039855957,{'reconciliation_state': 2},finite_key,{},1.9611380100250244,False,,results/alice_recon_run_seed55_20260915_040423_149038.json,13,results/bob_recon_run_tp0.0_fk0.0_rp0.1_vd0.0_seed55_20260915_040423_169359.json,exception: name 'PROJECT_DIR' is not defined,2026-09-15T04:04:29.027605,reconciliation,0.1,3,0.0026178010471204
0.0,0.0,0.1,0.0,56,results/bob_recon_run_tp0.0_fk0.0_rp0.1_vd0.0_seed56_20260915_040430_034277.json,382,36,363,12,12,False,3,False,,3.6197047233581543,{'reconciliation_state': 3},finite_key,{},1.9544212818145752,False,,results/alice_recon_run_seed56_20260915_040430_150769.json,14,results/bob_recon_run_tp0.0_fk0.0_rp0.1_vd0.0_seed56_20260915_040430_034277.json,exception: name 'PROJECT_DIR' is not defined,2026-09-15T04:04:34.301975,reconciliation,0.1,3,0.0026178010471204
0.0,0.0,0.1,0.0,57,results/bob_recon_run_tp0.0_fk0.0_rp0.1_vd0.0_seed57_20260915_040435_308219.json,382,36,363,12,12,False,3,False,,4.288594961166382,{'reconciliation_state': 3},finite_key,{},1.6381409168243408,False,,results/alice_recon_run_seed57_20260915_040435_298524.json,15,results/bob_recon_run_tp0.0_fk0.0_rp0.1_vd0.0_seed57_20260915_040435_308219.json,exception: name 'PROJECT_DIR' is not defined,2026-09-15T04:04:39.962751,reconciliation,0.1,3,0.0026178010471204
0.0,0.0,0.1,0.0,58,results/bob_recon_run_tp0.0_fk0.0_rp0.1_vd0.0_seed58_20260915_040440_978179.json,382,32,363,12,12,False,10,False,,2.363004446029663,{'reconciliation_state': 6},finite_key,{},1.6307892799377441,False,,results/alice_recon_run_seed58_20260915_040441_071718.json,16,results/bob_recon_run_tp0.0_fk0.0_rp0.1_vd0.0_seed58_20260915_040440_978179.json,exception: name 'PROJECT_DIR' is not defined,2026-09-15T04:04:43.889318,reconciliation,0.1,3,0.0026178010471204
0.0,0.0,0.1,0.0,59,results/bob_recon_run_tp0.0_fk0.0_rp0.1_vd0.0_seed59_20260915_040444_904603.json,382,35,363,12,12,False,5,False,,3.3682472705841064,{'reconciliation_state': 4},finite_key,{},1.8281967639923096,False,,results/alice_recon_run_seed59_20260915_040444_898356.json,17,results/bob_recon_run_tp0.0_fk0.0_rp0.1_vd0.0_seed59_20260915_040444_904603.json,exception: name 'PROJECT_DIR' is not defined,2026-09-15T04:04:48.643871,reconciliation,0.1,3,0.0026178010471204
0.0,0.0,0.1,0.0,60,results/bob_recon_run_tp0.0_fk0.0_rp0.1_vd0.0_seed60_20260915_040449_682612.json,382,24,363,12,12,False,14,False,,3.2549984455108643,{'reconciliation_state': 2},finite_key,{},1.6060776710510254,False,,results/alice_recon_run_seed60_20260915_040449_786170.json,18,results/bob_recon_run_tp0.0_fk0.0_rp0.1_vd0.0_seed60_20260915_040449_682612.json,exception: name 'PROJECT_DIR' is not defined,2026-09-15T04:04:53.514359,reconciliation,0.1,3,0.0026178010471204
0.0,0.0,0.1,0.0,61,results/bob_recon_run_tp0.0_fk0.0_rp0.1_vd0.0_seed61_20260915_040454_611194.json,382,36,363,12,12,False,2,False,,5.257683277130127,{'reconciliation_state': 2},finite_key,{},1.8014469146728516,False,,results/alice_recon_run_seed61_20260915_040454_507215.json,19,results/bob_recon_run_tp0.0_fk0.0_rp0.1_vd0.0_seed61_20260915_040454_611194.json,exception: name 'PROJECT_DIR' is not defined,2026-09-15T04:05:00.228241,reconciliation,0.1,3,0.0026178010471204
0.0,0.0,0.3,0.0,52,results/bob_recon_run_tp0.0_fk0.0_rp0.3_vd0.0_seed52_20260915_040501_268361.json,382,25,363,12,12,False,21,False,,5.229006052017212,{'reconciliation_state': 10},finite_key,{},1.7088379859924316,False,,results/alice_recon_run_seed52_20260915_040501_223915.json,10,results/bob_recon_run_tp0.0_fk0.0_rp0.3_vd0.0_seed52_20260915_040501_268361.json,exception: name 'PROJECT_DIR' is not defined,2026-09-15T04:05:06.896195,reconciliation,0.3,3,0.0026178010471204
0.0,0.0,0.3,0.0,53,results/bob_recon_run_tp0.0_fk0.0_rp0.3_vd0.0_seed53_20260915_040507_957631.json,382,34,363,12,12,False,10,False,,5.331056594848633,{'reconciliation_state': 8},finite_key,{},1.8120462894439697,False,,results/alice_recon_run_seed53_20260915_040507_914943.json,11,results/bob_recon_run_tp0.0_fk0.0_rp0.3_vd0.0_seed53_20260915_040507_957631.json,exception: name 'PROJECT_DIR' is not defined,2026-09-15T04:05:13.649194,reconciliation,0.3,3,0.0026178010471204
0.0,0.0,0.3,0.0,54,results/bob_recon_run_tp0.0_fk0.0_rp0.3_vd0.0_seed54_20260915_040514_680173.json,382,33,363,12,12,False,11,False,,3.1131224632263184,{'reconciliation_state': 8},finite_key,{},1.9217123985290527,False,,results/alice_recon_run_seed54_20260915_040514_774739.json,12,results/bob_recon_run_tp0.0_fk0.0_rp0.3_vd0.0_seed54_20260915_040514_680173.json,exception: name 'PROJECT_DIR' is not defined,2026-09-15T04:05:18.366025,reconciliation,0.3,3,0.0026178010471204
0.0,0.0,0.3,0.0,55,results/bob_recon_run_tp0.0_fk0.0_rp0.3_vd0.0_seed55_20260915_040519_421630.json,382,33,363,12,12,False,10,False,,4.004282474517822,{'reconciliation_state': 7},finite_key,{},1.3927135467529297,False,,results/alice_recon_run_seed55_20260915_040519_377099.json,13,results/bob_recon_run_tp0.0_fk0.0_rp0.3_vd0.0_seed55_20260915_040519_421630.json,exception: name 'PROJECT_DIR' is not defined,2026-09-15T04:05:24.068236,reconciliation,0.3,3,0.0026178010471204
0.0,0.0,0.3,0.0,56,results/bob_recon_run_tp0.0_fk0.0_rp0.3_vd0.0_seed56_20260915_040525_149804.json,382,22,363,12,12,False,22,False,,1.8352484703063965,{'reconciliation_state': 8},finite_key,{},0.8685564994812012,False,,results/alice_recon_run_seed56_20260915_040525_240708.json,14,results/bob_recon_run_tp0.0_fk0.0_rp0.3_vd0.0_seed56_20260915_040525_149804.json,exception: name 'PROJECT_DIR' is not defined,2026-09-15T04:05:27.567321,reconciliation,0.3,3,0.0026178010471204
0.0,0.0,0.3,0.0,57,results/bob_recon_run_tp0.0_fk0.0_rp0.3_vd0.0_seed57_20260915_040528_683235.json,382,26,363,12,12,False,22,False,,1.7783479690551758,{'reconciliation_state': 12},finite_key,{},1.307337999343872,False,,results/alice_recon_run_seed57_20260915_040528_729875.json,15,results/bob_recon_run_tp0.0_fk0.0_rp0.3_vd0.0_seed57_20260915_040528_683235.json,exception: name 'PROJECT_DIR' is not defined,2026-09-15T04:05:31.099941,reconciliation,0.3,3,0.0026178010471204
0.0,0.0,0.3,0.0,58,results/bob_recon_run_tp0.0_fk0.0_rp0.3_vd0.0_seed58_20260915_040532_186992.json,382,23,363,12,12,False,20,False,,1.9261229038238525,{'reconciliation_state': 7},finite_key,{},1.1948628425598145,False,,results/alice_recon_run_seed58_20260915_040532_274049.json,16,results/bob_recon_run_tp0.0_fk0.0_rp0.3_vd0.0_seed58_20260915_040532_186992.json,exception: name 'PROJECT_DIR' is not defined,2026-09-15T04:05:34.689636,reconciliation,0.3,3,0.0026178010471204
0.0,0.0,0.3,0.0,59,results/bob_recon_run_tp0.0_fk0.0_rp0.3_vd0.0_seed59_20260915_040535_713488.json,382,30,363,12,12,False,14,False,,3.207700490951538,{'reconciliation_state': 8},finite_key,{},1.543097972869873,False,,results/alice_recon_run_seed59_20260915_040535_830823.json,17,results/bob_recon_run_tp0.0_fk0.0_rp0.3_vd0.0_seed59_20260915_040535_713488.json,exception: name 'PROJECT_DIR' is not defined,2026-09-15T04:05:39.565223,reconciliation,0.3,3,0.0026178010471204
0.0,0.0,0.3,0.0,60,results/bob_recon_run_tp0.0_fk0.0_rp0.3_vd0.0_seed60_20260915_040540_588274.json,382,34,363,12,12,False,10,False,,5.248257160186768,{'reconciliation_state': 8},finite_key,{},1.7213034629821777,False,,results/alice_recon_run_seed60_20260915_040540_555772.json,18,results/bob_recon_run_tp0.0_fk0.0_rp0.3_vd0.0_seed60_20260915_040540_588274.json,exception: name 'PROJECT_DIR' is not defined,2026-09-15T04:05:46.201955,reconciliation,0.3,3,0.0026178010471204
0.0,0.0,0.3,0.0,61,results/bob_recon_run_tp0.0_fk0.0_rp0.3_vd0.0_seed61_20260915_040547_209172.json,382,27,363,12,12,False,18,False,,3.068227529525757,{'reconciliation_state': 9},finite_key,{},1.375868558883667,False,,results/alice_recon_run_seed61_20260915_040547_355890.json,19,results/bob_recon_run_tp0.0_fk0.0_rp0.3_vd0.0_seed61_20260915_040547_209172.json,exception: name 'PROJECT_DIR' is not defined,2026-09-15T04:05:50.863896,reconciliation,0.3,3,0.0026178010471204
0.0,0.0,0.5,0.0,52,results/bob_recon_run_tp0.0_fk0.0_rp0.5_vd0.0_seed52_20260915_040551_874467.json,382,13,363,12,12,False,30,False,,1.686476469039917,{'reconciliation_state': 7},finite_key,{},0.47966456413269043,False,,results/alice_recon_run_seed52_20260915_040551_987167.json,10,results/bob_recon_run_tp0.0_fk0.0_rp0.5_vd0.0_seed52_20260915_040551_874467.json,exception: name 'PROJECT_DIR' is not defined,2026-09-15T04:05:54.139202,reconciliation,0.5,3,0.0026178010471204
0.0,0.0,0.5,0.0,53,results/bob_recon_run_tp0.0_fk0.0_rp0.5_vd0.0_seed53_20260915_040555_164765.json,382,24,363,12,12,False,25,False,,3.2165746688842773,{'reconciliation_state': 13},finite_key,{},1.5856192111968994,False,,results/alice_recon_run_seed53_20260915_040555_246995.json,11,results/bob_recon_run_tp0.0_fk0.0_rp0.5_vd0.0_seed53_20260915_040555_164765.json,exception: name 'PROJECT_DIR' is not defined,2026-09-15T04:05:58.941290,reconciliation,0.5,3,0.0026178010471204
0.0,0.0,0.5,0.0,54,results/bob_recon_run_tp0.0_fk0.0_rp0.5_vd0.0_seed54_20260915_040559_959122.json,382,14,363,12,12,False,28,False,,2.290127992630005,{'reconciliation_state': 6},finite_key,{},0.5921299457550049,False,,results/alice_recon_run_seed54_20260915_040600_110962.json,12,results/bob_recon_run_tp0.0_fk0.0_rp0.5_vd0.0_seed54_20260915_040559_959122.json,exception: name 'PROJECT_DIR' is not defined,2026-09-15T04:06:02.888081,reconciliation,0.5,3,0.0026178010471204
0.0,0.0,0.5,0.0,55,results/bob_recon_run_tp0.0_fk0.0_rp0.5_vd0.0_seed55_20260915_040603_901602.json,382,21,363,12,12,False,28,False,,2.8275444507598877,{'reconciliation_state': 13},finite_key,{},1.1437029838562012,False,,results/alice_recon_run_seed55_20260915_040604_033775.json,13,results/bob_recon_run_tp0.0_fk0.0_rp0.5_vd0.0_seed55_20260915_040603_901602.json,exception: name 'PROJECT_DIR' is not defined,2026-09-15T04:06:07.097065,reconciliation,0.5,3,0.0026178010471204
0.0,0.0,0.5,0.0,56,results/bob_recon_run_tp0.0_fk0.0_rp0.5_vd0.0_seed56_20260915_040608_122236.json,382,25,363,12,12,False,25,False,,2.8070085048675537,{'reconciliation_state': 14},finite_key,{},1.107191562652588,False,,results/alice_recon_run_seed56_20260915_040608_273691.json,14,results/bob_recon_run_tp0.0_fk0.0_rp0.5_vd0.0_seed56_20260915_040608_122236.json,exception: name 'PROJECT_DIR' is not defined,2026-09-15T04:06:11.541102,reconciliation,0.5,3,0.0026178010471204
0.0,0.0,0.5,0.0,57,results/bob_recon_run_tp0.0_fk0.0_rp0.5_vd0.0_seed57_20260915_040612_589528.json,382,19,363,12,12,False,29,False,,2.00400972366333,{'reconciliation_state': 12},finite_key,{},1.2880582809448242,False,,results/alice_recon_run_seed57_20260915_040612_665322.json,15,results/bob_recon_run_tp0.0_fk0.0_rp0.5_vd0.0_seed57_20260915_040612_589528.json,exception: name 'PROJECT_DIR' is not defined,2026-09-15T04:06:15.165009,reconciliation,0.5,3,0.0026178010471204
0.0,0.0,0.5,0.0,58,results/bob_recon_run_tp0.0_fk0.0_rp0.5_vd0.0_seed58_20260915_040616_246010.json,382,31,363,12,12,False,18,False,,2.47995924949646,{'reconciliation_state': 13},finite_key,{},1.777557134628296,False,,results/alice_recon_run_seed58_20260915_040616_304245.json,16,results/bob_recon_run_tp0.0_fk0.0_rp0.5_vd0.0_seed58_20260915_040616_246010.json,exception: name 'PROJECT_DIR' is not defined,2026-09-15T04:06:19.356701,reconciliation,0.5,3,0.0026178010471204
0.0,0.0,0.5,0.0,59,results/bob_recon_run_tp0.0_fk0.0_rp0.5_vd0.0_seed59_20260915_040620_377664.json,382,20,363,12,12,False,24,False,,2.919602632522583,{'reconciliation_state': 8},finite_key,{},1.2713143825531006,False,,results/alice_recon_run_seed59_20260915_040620_478709.json,17,results/bob_recon_run_tp0.0_fk0.0_rp0.5_vd0.0_seed59_20260915_040620_377664.json,exception: name 'PROJECT_DIR' is not defined,2026-09-15T04:06:23.881905,reconciliation,0.5,3,0.0026178010471204
0.0,0.0,0.5,0.0,60,results/bob_recon_run_tp0.0_fk0.0_rp0.5_vd0.0_seed60_20260915_040625_005984.json,382,28,363,12,12,False,20,False,,2.9835972785949707,{'reconciliation_state': 12},finite_key,{},1.4234323501586914,False,,results/alice_recon_run_seed60_20260915_040625_023807.json,18,results/bob_recon_run_tp0.0_fk0.0_rp0.5_vd0.0_seed60_20260915_040625_005984.json,exception: name 'PROJECT_DIR' is not defined,2026-09-15T04:06:28.532416,reconciliation,0.5,3,0.0026178010471204
0.0,0.0,0.5,0.0,61,results/bob_recon_run_tp0.0_fk0.0_rp0.5_vd0.0_seed61_20260915_040629_549386.json,382,17,363,12,12,False,31,False,,2.7241175174713135,{'reconciliation_state': 12},finite_key,{},1.0531988143920898,False,,results/alice_recon_run_seed61_20260915_040629_675916.json,19,results/bob_recon_run_tp0.0_fk0.0_rp0.5_vd0.0_seed61_20260915_040629_549386.json,exception: name 'PROJECT_DIR' is not defined,2026-09-15T04:06:32.866452,reconciliation,0.5,3,0.0026178010471204
0.0,0.0,0.001,0.0,52,results/bob_recon_run_tp0.0_fk0.0_rp0.001_vd0.0_seed52_20260915_042334_905867.json,385,35,269,12,12,True,0,False,,2.270921230316162,{},finite_key,{},0.9365055561065674,True,,results/alice_recon_run_seed52_20260915_042334_908218.json,10,results/bob_recon_run_tp0.0_fk0.0_rp0.001_vd0.0_seed52_20260915_042334_905867.json,exception: name 'PROJECT_DIR' is not defined,2026-09-15T04:23:37.572418,reconciliation,0.001,4,0.0051948051948051
0.0,0.0,0.001,0.0,53,results/bob_recon_run_tp0.0_fk0.0_rp0.001_vd0.0_seed53_20260915_042338_575549.json,385,35,269,12,12,True,0,False,,2.473445415496826,{},finite_key,{},0.9650609493255615,True,,results/alice_recon_run_seed53_20260915_042338_749102.json,11,results/bob_recon_run_tp0.0_fk0.0_rp0.001_vd0.0_seed53_20260915_042338_575549.json,exception: name 'PROJECT_DIR' is not defined,2026-09-15T04:23:41.698015,reconciliation,0.001,4,0.0051948051948051
0.0,0.0,0.001,0.0,54,results/bob_recon_run_tp0.0_fk0.0_rp0.001_vd0.0_seed54_20260915_042342_835846.json,385,35,269,12,12,True,0,False,,2.2613518238067627,{},finite_key,{},0.8922698497772217,True,,results/alice_recon_run_seed54_20260915_042342_871665.json,12,results/bob_recon_run_tp0.0_fk0.0_rp0.001_vd0.0_seed54_20260915_042342_835846.json,exception: name 'PROJECT_DIR' is not defined,2026-09-15T04:23:45.776140,reconciliation,0.001,4,0.0051948051948051
0.0,0.0,0.001,0.0,55,results/bob_recon_run_tp0.0_fk0.0_rp0.001_vd0.0_seed55_20260915_042346_817636.json,385,35,269,12,12,True,0,False,,4.255439519882202,{},finite_key,{},0.723686695098877,True,,results/alice_recon_run_seed55_20260915_042346_789415.json,13,results/bob_recon_run_tp0.0_fk0.0_rp0.001_vd0.0_seed55_20260915_042346_817636.json,exception: name 'PROJECT_DIR' is not defined,2026-09-15T04:23:51.471493,reconciliation,0.001,4,0.0051948051948051
0.0,0.0,0.001,0.0,56,results/bob_recon_run_tp0.0_fk0.0_rp0.001_vd0.0_seed56_20260915_042352_496400.json,385,35,269,12,12,True,0,False,,2.23734974861145,{},finite_key,{},1.0044832229614258,True,,results/alice_recon_run_seed56_20260915_042352_636343.json,14,results/bob_recon_run_tp0.0_fk0.0_rp0.001_vd0.0_seed56_20260915_042352_496400.json,exception: name 'PROJECT_DIR' is not defined,2026-09-15T04:23:55.345916,reconciliation,0.001,4,0.0051948051948051
0.0,0.0,0.001,0.0,57,results/bob_recon_run_tp0.0_fk0.0_rp0.001_vd0.0_seed57_20260915_042356_369116.json,385,35,269,12,12,True,0,False,,2.708214044570923,{},finite_key,{},1.2461011409759521,True,,results/alice_recon_run_seed57_20260915_042356_499942.json,15,results/bob_recon_run_tp0.0_fk0.0_rp0.001_vd0.0_seed57_20260915_042356_369116.json,exception: name 'PROJECT_DIR' is not defined,2026-09-15T04:23:59.754211,reconciliation,0.001,4,0.0051948051948051
0.0,0.0,0.001,0.0,58,results/bob_recon_run_tp0.0_fk0.0_rp0.001_vd0.0_seed58_20260915_042400_814117.json,385,35,269,12,12,True,0,False,,4.174591064453125,{},finite_key,{},0.865485668182373,True,,results/alice_recon_run_seed58_20260915_042400_771792.json,16,results/bob_recon_run_tp0.0_fk0.0_rp0.001_vd0.0_seed58_20260915_042400_814117.json,exception: name 'PROJECT_DIR' is not defined,2026-09-15T04:24:05.390704,reconciliation,0.001,4,0.0051948051948051
0.0,0.0,0.001,0.0,59,results/bob_recon_run_tp0.0_fk0.0_rp0.001_vd0.0_seed59_20260915_042406_390748.json,385,35,269,12,12,True,0,False,,2.2620623111724854,{},finite_key,{},0.9183275699615479,True,,results/alice_recon_run_seed59_20260915_042406_401279.json,17,results/bob_recon_run_tp0.0_fk0.0_rp0.001_vd0.0_seed59_20260915_042406_390748.json,exception: name 'PROJECT_DIR' is not defined,2026-09-15T04:24:09.053348,reconciliation,0.001,4,0.0051948051948051
0.0,0.0,0.001,0.0,60,results/bob_recon_run_tp0.0_fk0.0_rp0.001_vd0.0_seed60_20260915_042410_049618.json,385,35,269,12,12,True,0,False,,2.235544204711914,{},finite_key,{},0.7073953151702881,True,,results/alice_recon_run_seed60_20260915_042410_241019.json,18,results/bob_recon_run_tp0.0_fk0.0_rp0.001_vd0.0_seed60_20260915_042410_049618.json,exception: name 'PROJECT_DIR' is not defined,2026-09-15T04:24:12.921782,reconciliation,0.001,4,0.0051948051948051
0.0,0.0,0.001,0.0,61,results/bob_recon_run_tp0.0_fk0.0_rp0.001_vd0.0_seed61_20260915_042413_927587.json,385,35,269,12,12,True,0,False,,2.5543501377105713,{},finite_key,{},0.8723678588867188,True,,results/alice_recon_run_seed61_20260915_042414_065791.json,19,results/bob_recon_run_tp0.0_fk0.0_rp0.001_vd0.0_seed61_20260915_042413_927587.json,exception: name 'PROJECT_DIR' is not defined,2026-09-15T04:24:17.061808,reconciliation,0.001,4,0.0051948051948051
0.0,0.0,0.003,0.0,52,results/bob_recon_run_tp0.0_fk0.0_rp0.003_vd0.0_seed52_20260915_042418_072587.json,385,35,269,12,12,True,0,False,,2.4128670692443848,{},finite_key,{},0.9307634830474854,True,,results/alice_recon_run_seed52_20260915_042418_216977.json,10,results/bob_recon_run_tp0.0_fk0.0_rp0.003_vd0.0_seed52_20260915_042418_072587.json,exception: name 'PROJECT_DIR' is not defined,2026-09-15T04:24:21.063505,reconciliation,0.003,4,0.0051948051948051
0.0,0.0,0.003,0.0,53,results/bob_recon_run_tp0.0_fk0.0_rp0.003_vd0.0_seed53_20260915_042422_070347.json,385,35,269,12,12,True,0,False,,2.2942821979522705,{},finite_key,{},0.960047721862793,True,,results/alice_recon_run_seed53_20260915_042422_066776.json,11,results/bob_recon_run_tp0.0_fk0.0_rp0.003_vd0.0_seed53_20260915_042422_070347.json,exception: name 'PROJECT_DIR' is not defined,2026-09-15T04:24:24.739774,reconciliation,0.003,4,0.0051948051948051
0.0,0.0,0.003,0.0,54,results/bob_recon_run_tp0.0_fk0.0_rp0.003_vd0.0_seed54_20260915_042425_735385.json,385,35,269,12,12,True,0,False,,2.4173662662506104,{},finite_key,{},0.8686187267303467,True,,results/alice_recon_run_seed54_20260915_042425_741040.json,12,results/bob_recon_run_tp0.0_fk0.0_rp0.003_vd0.0_seed54_20260915_042425_735385.json,exception: name 'PROJECT_DIR' is not defined,2026-09-15T04:24:28.543121,reconciliation,0.003,4,0.0051948051948051
0.0,0.0,0.003,0.0,55,results/bob_recon_run_tp0.0_fk0.0_rp0.003_vd0.0_seed55_20260915_042429_547221.json,385,35,269,12,12,True,0,False,,2.2570765018463135,{},finite_key,{},0.7185139656066895,True,,results/alice_recon_run_seed55_20260915_042429_542185.json,13,results/bob_recon_run_tp0.0_fk0.0_rp0.003_vd0.0_seed55_20260915_042429_547221.json,exception: name 'PROJECT_DIR' is not defined,2026-09-15T04:24:32.195399,reconciliation,0.003,4,0.0051948051948051
0.0,0.0,0.003,0.0,56,results/bob_recon_run_tp0.0_fk0.0_rp0.003_vd0.0_seed56_20260915_042433_197657.json,385,35,269,12,12,True,0,False,,2.339078903198242,{},finite_key,{},1.0040020942687988,True,,results/alice_recon_run_seed56_20260915_042433_196149.json,14,results/bob_recon_run_tp0.0_fk0.0_rp0.003_vd0.0_seed56_20260915_042433_197657.json,exception: name 'PROJECT_DIR' is not defined,2026-09-15T04:24:35.927847,reconciliation,0.003,4,0.0051948051948051
0.0,0.0,0.003,0.0,57,results/bob_recon_run_tp0.0_fk0.0_rp0.003_vd0.0_seed57_20260915_042436_949659.json,385,35,269,12,12,True,0,False,,4.122661352157593,{},finite_key,{},1.2339575290679932,True,,results/alice_recon_run_seed57_20260915_042436_932637.json,15,results/bob_recon_run_tp0.0_fk0.0_rp0.003_vd0.0_seed57_20260915_042436_949659.json,exception: name 'PROJECT_DIR' is not defined,2026-09-15T04:24:41.449326,reconciliation,0.003,4,0.0051948051948051
0.0,0.0,0.003,0.0,58,results/bob_recon_run_tp0.0_fk0.0_rp0.003_vd0.0_seed58_20260915_042442_488565.json,385,35,269,12,12,False,1,False,,4.308474779129028,{'reconciliation_state': 1},finite_key,{},1.0021321773529053,False,,results/alice_recon_run_seed58_20260915_042442_448807.json,16,results/bob_recon_run_tp0.0_fk0.0_rp0.003_vd0.0_seed58_20260915_042442_488565.json,exception: name 'PROJECT_DIR' is not defined,2026-09-15T04:24:47.188407,reconciliation,0.003,4,0.0051948051948051
0.0,0.0,0.003,0.0,59,results/bob_recon_run_tp0.0_fk0.0_rp0.003_vd0.0_seed59_20260915_042448_226806.json,385,35,269,12,12,True,0,False,,1.9262192249298096,{},finite_key,{},0.9225542545318604,True,,results/alice_recon_run_seed59_20260915_042448_343968.json,17,results/bob_recon_run_tp0.0_fk0.0_rp0.003_vd0.0_seed59_20260915_042448_226806.json,exception: name 'PROJECT_DIR' is not defined,2026-09-15T04:24:50.839235,reconciliation,0.003,4,0.0051948051948051
0.0,0.0,0.003,0.0,60,results/bob_recon_run_tp0.0_fk0.0_rp0.003_vd0.0_seed60_20260915_042451_860525.json,385,35,269,12,12,True,0,False,,2.4123175144195557,{},finite_key,{},0.7111506462097168,True,,results/alice_recon_run_seed60_20260915_042452_015118.json,18,results/bob_recon_run_tp0.0_fk0.0_rp0.003_vd0.0_seed60_20260915_042451_860525.json,exception: name 'PROJECT_DIR' is not defined,2026-09-15T04:24:54.956390,reconciliation,0.003,4,0.0051948051948051
0.0,0.0,0.003,0.0,61,results/bob_recon_run_tp0.0_fk0.0_rp0.003_vd0.0_seed61_20260915_042455_947445.json,385,35,269,12,12,True,0,False,,1.9814722537994385,{},finite_key,{},0.8715777397155762,True,,results/alice_recon_run_seed61_20260915_042455_961767.json,19,results/bob_recon_run_tp0.0_fk0.0_rp0.003_vd0.0_seed61_20260915_042455_947445.json,exception: name 'PROJECT_DIR' is not defined,2026-09-15T04:24:58.307403,reconciliation,0.003,4,0.0051948051948051
0.0,0.0,0.01,0.0,52,results/bob_recon_run_tp0.0_fk0.0_rp0.01_vd0.0_seed52_20260915_042459_323619.json,385,35,269,12,12,True,0,False,,1.584676742553711,{},finite_key,{},0.9387502670288086,True,,results/alice_recon_run_seed52_20260915_042459_317294.json,10,results/bob_recon_run_tp0.0_fk0.0_rp0.01_vd0.0_seed52_20260915_042459_323619.json,exception: name 'PROJECT_DIR' is not defined,2026-09-15T04:25:01.308350,reconciliation,0.01,4,0.0051948051948051
0.0,0.0,0.01,0.0,53,results/bob_recon_run_tp0.0_fk0.0_rp0.01_vd0.0_seed53_20260915_042502_316014.json,385,35,269,12,12,True,0,False,,2.288656234741211,{},finite_key,{},0.9603989124298096,True,,results/alice_recon_run_seed53_20260915_042502_310367.json,11,results/bob_recon_run_tp0.0_fk0.0_rp0.01_vd0.0_seed53_20260915_042502_316014.json,exception: name 'PROJECT_DIR' is not defined,2026-09-15T04:25:04.985097,reconciliation,0.01,4,0.0051948051948051
0.0,0.0,0.01,0.0,54,results/bob_recon_run_tp0.0_fk0.0_rp0.01_vd0.0_seed54_20260915_042505_986583.json,385,35,269,12,12,True,0,False,,2.3828556537628174,{},finite_key,{},0.8720765113830566,True,,results/alice_recon_run_seed54_20260915_042506_153274.json,12,results/bob_recon_run_tp0.0_fk0.0_rp0.01_vd0.0_seed54_20260915_042505_986583.json,exception: name 'PROJECT_DIR' is not defined,2026-09-15T04:25:08.927208,reconciliation,0.01,4,0.0051948051948051
0.0,0.0,0.01,0.0,55,results/bob_recon_run_tp0.0_fk0.0_rp0.01_vd0.0_seed55_20260915_042509_939530.json,385,35,269,12,12,True,0,False,,2.1049084663391113,{},finite_key,{},0.7229726314544678,True,,results/alice_recon_run_seed55_20260915_042509_986815.json,13,results/bob_recon_run_tp0.0_fk0.0_rp0.01_vd0.0_seed55_20260915_042509_939530.json,exception: name 'PROJECT_DIR' is not defined,2026-09-15T04:25:12.534009,reconciliation,0.01,4,0.0051948051948051
0.0,0.0,0.01,0.0,56,results/bob_recon_run_tp0.0_fk0.0_rp0.01_vd0.0_seed56_20260915_042513_542951.json,385,35,269,12,12,False,1,False,,4.597605228424072,{'reconciliation_state': 1},finite_key,{},1.2551376819610596,False,,results/alice_recon_run_seed56_20260915_042513_534284.json,14,results/bob_recon_run_tp0.0_fk0.0_rp0.01_vd0.0_seed56_20260915_042513_542951.json,exception: name 'PROJECT_DIR' is not defined,2026-09-15T04:25:18.538706,reconciliation,0.01,4,0.0051948051948051
0.0,0.0,0.01,0.0,57,results/bob_recon_run_tp0.0_fk0.0_rp0.01_vd0.0_seed57_20260915_042519_573660.json,385,35,269,12,12,False,1,False,,5.103991270065308,{'reconciliation_state': 1},finite_key,{},1.7891337871551514,False,,results/alice_recon_run_seed57_20260915_042519_537659.json,15,results/bob_recon_run_tp0.0_fk0.0_rp0.01_vd0.0_seed57_20260915_042519_573660.json,exception: name 'PROJECT_DIR' is not defined,2026-09-15T04:25:25.049825,reconciliation,0.01,4,0.0051948051948051
0.0,0.0,0.01,0.0,58,results/bob_recon_run_tp0.0_fk0.0_rp0.01_vd0.0_seed58_20260915_042526_056593.json,385,35,269,12,12,False,1,False,,1.3922429084777832,{'reconciliation_state': 1},finite_key,{},1.0012104511260986,False,,results/alice_recon_run_seed58_20260915_042526_054445.json,16,results/bob_recon_run_tp0.0_fk0.0_rp0.01_vd0.0_seed58_20260915_042526_056593.json,exception: name 'PROJECT_DIR' is not defined,2026-09-15T04:25:27.821877,reconciliation,0.01,4,0.0051948051948051
0.0,0.0,0.01,0.0,59,results/bob_recon_run_tp0.0_fk0.0_rp0.01_vd0.0_seed59_20260915_042528_829978.json,385,35,269,12,12,True,0,False,,2.42311692237854,{},finite_key,{},0.9177024364471436,True,,results/alice_recon_run_seed59_20260915_042529_002818.json,17,results/bob_recon_run_tp0.0_fk0.0_rp0.01_vd0.0_seed59_20260915_042528_829978.json,exception: name 'PROJECT_DIR' is not defined,2026-09-15T04:25:31.871089,reconciliation,0.01,4,0.0051948051948051
0.0,0.0,0.01,0.0,60,results/bob_recon_run_tp0.0_fk0.0_rp0.01_vd0.0_seed60_20260915_042532_866430.json,385,35,269,12,12,True,0,False,,2.194413661956787,{},finite_key,{},0.7076735496520996,True,,results/alice_recon_run_seed60_20260915_042533_045397.json,18,results/bob_recon_run_tp0.0_fk0.0_rp0.01_vd0.0_seed60_20260915_042532_866430.json,exception: name 'PROJECT_DIR' is not defined,2026-09-15T04:25:35.731917,reconciliation,0.01,4,0.0051948051948051
0.0,0.0,0.01,0.0,61,results/bob_recon_run_tp0.0_fk0.0_rp0.01_vd0.0_seed61_20260915_042536_727249.json,385,35,269,12,12,True,0,False,,2.3821613788604736,{},finite_key,{},0.8731143474578857,True,,results/alice_recon_run_seed61_20260915_042536_898787.json,19,results/bob_recon_run_tp0.0_fk0.0_rp0.01_vd0.0_seed61_20260915_042536_727249.json,exception: name 'PROJECT_DIR' is not defined,2026-09-15T04:25:39.776590,reconciliation,0.01,4,0.0051948051948051
0.0,0.0,0.03,0.0,52,results/bob_recon_run_tp0.0_fk0.0_rp0.03_vd0.0_seed52_20260915_042540_789978.json,385,35,269,12,12,False,1,False,,2.7669456005096436,{'reconciliation_state': 1},finite_key,{},1.061263084411621,False,,results/alice_recon_run_seed52_20260915_042540_953847.json,10,results/bob_recon_run_tp0.0_fk0.0_rp0.03_vd0.0_seed52_20260915_042540_789978.json,exception: name 'PROJECT_DIR' is not defined,2026-09-15T04:25:44.230154,reconciliation,0.03,4,0.0051948051948051
0.0,0.0,0.03,0.0,53,results/bob_recon_run_tp0.0_fk0.0_rp0.03_vd0.0_seed53_20260915_042545_253996.json,385,35,269,12,12,False,1,False,,1.4401359558105469,{'reconciliation_state': 1},finite_key,{},1.1067554950714111,False,,results/alice_recon_run_seed53_20260915_042545_364160.json,11,results/bob_recon_run_tp0.0_fk0.0_rp0.03_vd0.0_seed53_20260915_042545_253996.json,exception: name 'PROJECT_DIR' is not defined,2026-09-15T04:25:47.264298,reconciliation,0.03,4,0.0051948051948051
0.0,0.0,0.03,0.0,54,results/bob_recon_run_tp0.0_fk0.0_rp0.03_vd0.0_seed54_20260915_042548_287680.json,385,35,269,12,12,False,1,False,,2.1372647285461426,{'reconciliation_state': 1},finite_key,{},1.1099965572357178,False,,results/alice_recon_run_seed54_20260915_042548_431514.json,12,results/bob_recon_run_tp0.0_fk0.0_rp0.03_vd0.0_seed54_20260915_042548_287680.json,exception: name 'PROJECT_DIR' is not defined,2026-09-15T04:25:51.053794,reconciliation,0.03,4,0.0051948051948051
0.0,0.0,0.03,0.0,55,results/bob_recon_run_tp0.0_fk0.0_rp0.03_vd0.0_seed55_20260915_042552_103390.json,385,35,269,12,12,True,0,False,,2.1296916007995605,{},finite_key,{},0.7224047183990479,True,,results/alice_recon_run_seed55_20260915_042552_172044.json,13,results/bob_recon_run_tp0.0_fk0.0_rp0.03_vd0.0_seed55_20260915_042552_103390.json,exception: name 'PROJECT_DIR' is not defined,2026-09-15T04:25:54.834966,reconciliation,0.03,4,0.0051948051948051
0.0,0.0,0.03,0.0,56,results/bob_recon_run_tp0.0_fk0.0_rp0.03_vd0.0_seed56_20260915_042555_931679.json,385,35,269,12,12,False,1,False,,2.657508611679077,{'reconciliation_state': 1},finite_key,{},1.2440848350524902,False,,results/alice_recon_run_seed56_20260915_042556_011579.json,14,results/bob_recon_run_tp0.0_fk0.0_rp0.03_vd0.0_seed56_20260915_042555_931679.json,exception: name 'PROJECT_DIR' is not defined,2026-09-15T04:25:59.263258,reconciliation,0.03,4,0.0051948051948051
0.0,0.0,0.03,0.0,57,results/bob_recon_run_tp0.0_fk0.0_rp0.03_vd0.0_seed57_20260915_042600_281021.json,385,35,269,12,12,False,2,False,,3.0839791297912598,{'reconciliation_state': 2},finite_key,{},1.6439003944396973,False,,results/alice_recon_run_seed57_20260915_042600_383406.json,15,results/bob_recon_run_tp0.0_fk0.0_rp0.03_vd0.0_seed57_20260915_042600_281021.json,exception: name 'PROJECT_DIR' is not defined,2026-09-15T04:26:03.948778,reconciliation,0.03,4,0.0051948051948051
0.0,0.0,0.03,0.0,58,results/bob_recon_run_tp0.0_fk0.0_rp0.03_vd0.0_seed58_20260915_042604_969799.json,385,35,269,12,12,False,3,False,,2.47513484954834,{'reconciliation_state': 3},finite_key,{},0.9818644523620605,False,,results/alice_recon_run_seed58_20260915_042605_126685.json,16,results/bob_recon_run_tp0.0_fk0.0_rp0.03_vd0.0_seed58_20260915_042604_969799.json,exception: name 'PROJECT_DIR' is not defined,2026-09-15T04:26:08.117471,reconciliation,0.03,4,0.0051948051948051
0.0,0.0,0.03,0.0,59,results/bob_recon_run_tp0.0_fk0.0_rp0.03_vd0.0_seed59_20260915_042609_131662.json,385,35,269,12,12,False,3,False,,2.573763132095337,{'reconciliation_state': 3},finite_key,{},1.116147756576538,False,,results/alice_recon_run_seed59_20260915_042609_251907.json,17,results/bob_recon_run_tp0.0_fk0.0_rp0.03_vd0.0_seed59_20260915_042609_131662.json,exception: name 'PROJECT_DIR' is not defined,2026-09-15T04:26:12.285479,reconciliation,0.03,4,0.0051948051948051
0.0,0.0,0.03,0.0,60,results/bob_recon_run_tp0.0_fk0.0_rp0.03_vd0.0_seed60_20260915_042613_273270.json,385,35,269,12,12,False,2,False,,2.2356019020080566,{'reconciliation_state': 2},finite_key,{},0.7122495174407959,False,,results/alice_recon_run_seed60_20260915_042613_462456.json,18,results/bob_recon_run_tp0.0_fk0.0_rp0.03_vd0.0_seed60_20260915_042613_273270.json,exception: name 'PROJECT_DIR' is not defined,2026-09-15T04:26:16.175240,reconciliation,0.03,4,0.0051948051948051
0.0,0.0,0.03,0.0,61,results/bob_recon_run_tp0.0_fk0.0_rp0.03_vd0.0_seed61_20260915_042617_188321.json,385,35,269,12,12,False,1,False,,2.5122134685516357,{'reconciliation_state': 1},finite_key,{},1.4198391437530518,False,,results/alice_recon_run_seed61_20260915_042617_187132.json,19,results/bob_recon_run_tp0.0_fk0.0_rp0.03_vd0.0_seed61_20260915_042617_188321.json,exception: name 'PROJECT_DIR' is not defined,2026-09-15T04:26:20.103053,reconciliation,0.03,4,0.0051948051948051
0.0,0.0,0.05,0.0,52,results/bob_recon_run_tp0.0_fk0.0_rp0.05_vd0.0_seed52_20260915_042621_111944.json,385,35,269,12,12,False,3,False,,2.0448966026306152,{'reconciliation_state': 3},finite_key,{},1.169947862625122,False,,results/alice_recon_run_seed52_20260915_042621_105478.json,10,results/bob_recon_run_tp0.0_fk0.0_rp0.05_vd0.0_seed52_20260915_042621_111944.json,exception: name 'PROJECT_DIR' is not defined,2026-09-15T04:26:23.554982,reconciliation,0.05,4,0.0051948051948051
0.0,0.0,0.05,0.0,53,results/bob_recon_run_tp0.0_fk0.0_rp0.05_vd0.0_seed53_20260915_042624_570934.json,385,35,269,12,12,False,2,False,,2.305713415145874,{'reconciliation_state': 2},finite_key,{},1.2291474342346191,False,,results/alice_recon_run_seed53_20260915_042624_566866.json,11,results/bob_recon_run_tp0.0_fk0.0_rp0.05_vd0.0_seed53_20260915_042624_570934.json,exception: name 'PROJECT_DIR' is not defined,2026-09-15T04:26:27.277751,reconciliation,0.05,4,0.0051948051948051
0.0,0.0,0.05,0.0,54,results/bob_recon_run_tp0.0_fk0.0_rp0.05_vd0.0_seed54_20260915_042628_285485.json,385,35,269,12,12,False,2,False,,2.7274935245513916,{'reconciliation_state': 2},finite_key,{},1.3911247253417969,False,,results/alice_recon_run_seed54_20260915_042628_286451.json,12,results/bob_recon_run_tp0.0_fk0.0_rp0.05_vd0.0_seed54_20260915_042628_285485.json,exception: name 'PROJECT_DIR' is not defined,2026-09-15T04:26:31.407648,reconciliation,0.05,4,0.0051948051948051
0.0,0.0,0.05,0.0,55,results/bob_recon_run_tp0.0_fk0.0_rp0.05_vd0.0_seed55_20260915_042632_423507.json,385,35,269,12,12,True,0,False,,1.3691601753234863,{},finite_key,{},0.7175583839416504,True,,results/alice_recon_run_seed55_20260915_042632_425908.json,13,results/bob_recon_run_tp0.0_fk0.0_rp0.05_vd0.0_seed55_20260915_042632_423507.json,exception: name 'PROJECT_DIR' is not defined,2026-09-15T04:26:34.189397,reconciliation,0.05,4,0.0051948051948051
0.0,0.0,0.05,0.0,56,results/bob_recon_run_tp0.0_fk0.0_rp0.05_vd0.0_seed56_20260915_042635_192060.json,385,35,269,12,12,False,2,False,,4.693151473999023,{'reconciliation_state': 2},finite_key,{},1.3497529029846191,False,,results/alice_recon_run_seed56_20260915_042635_183008.json,14,results/bob_recon_run_tp0.0_fk0.0_rp0.05_vd0.0_seed56_20260915_042635_192060.json,exception: name 'PROJECT_DIR' is not defined,2026-09-15T04:26:40.276647,reconciliation,0.05,4,0.0051948051948051
0.0,0.0,0.05,0.0,57,results/bob_recon_run_tp0.0_fk0.0_rp0.05_vd0.0_seed57_20260915_042641_298683.json,385,35,269,12,12,False,2,False,,4.982010364532471,{'reconciliation_state': 2},finite_key,{},1.6446418762207031,False,,results/alice_recon_run_seed57_20260915_042641_286851.json,15,results/bob_recon_run_tp0.0_fk0.0_rp0.05_vd0.0_seed57_20260915_042641_298683.json,exception: name 'PROJECT_DIR' is not defined,2026-09-15T04:26:46.677283,reconciliation,0.05,4,0.0051948051948051
0.0,0.0,0.05,0.0,58,results/bob_recon_run_tp0.0_fk0.0_rp0.05_vd0.0_seed58_20260915_042647_708738.json,385,35,269,12,12,False,3,False,,4.504138231277466,{'reconciliation_state': 3},finite_key,{},0.9868724346160889,False,,results/alice_recon_run_seed58_20260915_042647_670941.json,16,results/bob_recon_run_tp0.0_fk0.0_rp0.05_vd0.0_seed58_20260915_042647_708738.json,exception: name 'PROJECT_DIR' is not defined,2026-09-15T04:26:52.603270,reconciliation,0.05,4,0.0051948051948051
0.0,0.0,0.05,0.0,59,results/bob_recon_run_tp0.0_fk0.0_rp0.05_vd0.0_seed59_20260915_042653_607349.json,385,35,269,12,12,False,3,False,,1.7733309268951416,{'reconciliation_state': 3},finite_key,{},1.114323616027832,False,,results/alice_recon_run_seed59_20260915_042653_614964.json,17,results/bob_recon_run_tp0.0_fk0.0_rp0.05_vd0.0_seed59_20260915_042653_607349.json,exception: name 'PROJECT_DIR' is not defined,2026-09-15T04:26:55.774186,reconciliation,0.05,4,0.0051948051948051
0.0,0.0,0.05,0.0,60,results/bob_recon_run_tp0.0_fk0.0_rp0.05_vd0.0_seed60_20260915_042656_775796.json,385,35,269,12,12,False,2,False,,3.804720640182495,{'reconciliation_state': 2},finite_key,{},0.7095987796783447,False,,results/alice_recon_run_seed60_20260915_042656_768245.json,18,results/bob_recon_run_tp0.0_fk0.0_rp0.05_vd0.0_seed60_20260915_042656_775796.json,exception: name 'PROJECT_DIR' is not defined,2026-09-15T04:27:00.976324,reconciliation,0.05,4,0.0051948051948051
0.0,0.0,0.05,0.0,61,results/bob_recon_run_tp0.0_fk0.0_rp0.05_vd0.0_seed61_20260915_042701_991927.json,385,35,269,12,12,False,1,False,,2.9686784744262695,{'reconciliation_state': 1},finite_key,{},1.415461540222168,False,,results/alice_recon_run_seed61_20260915_042702_002922.json,19,results/bob_recon_run_tp0.0_fk0.0_rp0.05_vd0.0_seed61_20260915_042701_991927.json,exception: name 'PROJECT_DIR' is not defined,2026-09-15T04:27:05.350755,reconciliation,0.05,4,0.0051948051948051
0.0,0.0,0.1,0.0,52,results/bob_recon_run_tp0.0_fk0.0_rp0.1_vd0.0_seed52_20260915_042706_365412.json,385,31,269,12,12,False,9,False,,3.7317957878112793,{'reconciliation_state': 5},finite_key,{},1.0841405391693115,False,,results/alice_recon_run_seed52_20260915_042706_344907.json,10,results/bob_recon_run_tp0.0_fk0.0_rp0.1_vd0.0_seed52_20260915_042706_365412.json,exception: name 'PROJECT_DIR' is not defined,2026-09-15T04:27:10.486667,reconciliation,0.1,4,0.0051948051948051
0.0,0.0,0.1,0.0,53,results/bob_recon_run_tp0.0_fk0.0_rp0.1_vd0.0_seed53_20260915_042711_504823.json,385,35,269,12,12,False,5,False,,4.840533971786499,{'reconciliation_state': 5},finite_key,{},1.5021567344665527,False,,results/alice_recon_run_seed53_20260915_042711_489087.json,11,results/bob_recon_run_tp0.0_fk0.0_rp0.1_vd0.0_seed53_20260915_042711_504823.json,exception: name 'PROJECT_DIR' is not defined,2026-09-15T04:27:16.715276,reconciliation,0.1,4,0.0051948051948051
0.0,0.0,0.1,0.0,54,results/bob_recon_run_tp0.0_fk0.0_rp0.1_vd0.0_seed54_20260915_042717_703142.json,385,35,269,12,12,False,4,False,,1.949315071105957,{'reconciliation_state': 4},finite_key,{},1.2966909408569336,False,,results/alice_recon_run_seed54_20260915_042717_706596.json,12,results/bob_recon_run_tp0.0_fk0.0_rp0.1_vd0.0_seed54_20260915_042717_703142.json,exception: name 'PROJECT_DIR' is not defined,2026-09-15T04:27:20.022115,reconciliation,0.1,4,0.0051948051948051
0.0,0.0,0.1,0.0,55,results/bob_recon_run_tp0.0_fk0.0_rp0.1_vd0.0_seed55_20260915_042721_026686.json,385,35,269,12,12,False,2,False,,1.8103725910186768,{'reconciliation_state': 2},finite_key,{},0.9774861335754395,False,,results/alice_recon_run_seed55_20260915_042721_204825.json,13,results/bob_recon_run_tp0.0_fk0.0_rp0.1_vd0.0_seed55_20260915_042721_026686.json,exception: name 'PROJECT_DIR' is not defined,2026-09-15T04:27:23.509358,reconciliation,0.1,4,0.0051948051948051
0.0,0.0,0.1,0.0,56,results/bob_recon_run_tp0.0_fk0.0_rp0.1_vd0.0_seed56_20260915_042724_510549.json,385,35,269,12,12,False,3,False,,2.7424116134643555,{'reconciliation_state': 3},finite_key,{},1.255509614944458,False,,results/alice_recon_run_seed56_20260915_042724_662363.json,14,results/bob_recon_run_tp0.0_fk0.0_rp0.1_vd0.0_seed56_20260915_042724_510549.json,exception: name 'PROJECT_DIR' is not defined,2026-09-15T04:27:27.899624,reconciliation,0.1,4,0.0051948051948051
0.0,0.0,0.1,0.0,57,results/bob_recon_run_tp0.0_fk0.0_rp0.1_vd0.0_seed57_20260915_042728_911704.json,385,35,269,12,12,False,3,False,,5.3210296630859375,{'reconciliation_state': 3},finite_key,{},1.7784693241119385,False,,results/alice_recon_run_seed57_20260915_042728_899096.json,15,results/bob_recon_run_tp0.0_fk0.0_rp0.1_vd0.0_seed57_20260915_042728_911704.json,exception: name 'PROJECT_DIR' is not defined,2026-09-15T04:27:34.629205,reconciliation,0.1,4,0.0051948051948051
0.0,0.0,0.1,0.0,58,results/bob_recon_run_tp0.0_fk0.0_rp0.1_vd0.0_seed58_20260915_042735_629184.json,385,34,269,12,12,False,7,False,,2.587183952331543,{'reconciliation_state': 6},finite_key,{},1.2095561027526855,False,,results/alice_recon_run_seed58_20260915_042735_674333.json,16,results/bob_recon_run_tp0.0_fk0.0_rp0.1_vd0.0_seed58_20260915_042735_629184.json,exception: name 'PROJECT_DIR' is not defined,2026-09-15T04:27:38.613801,reconciliation,0.1,4,0.0051948051948051
0.0,0.0,0.1,0.0,59,results/bob_recon_run_tp0.0_fk0.0_rp0.1_vd0.0_seed59_20260915_042739_630461.json,385,34,269,12,12,False,5,False,,1.9534382820129395,{'reconciliation_state': 4},finite_key,{},1.2412583827972412,False,,results/alice_recon_run_seed59_20260915_042739_655414.json,17,results/bob_recon_run_tp0.0_fk0.0_rp0.1_vd0.0_seed59_20260915_042739_630461.json,exception: name 'PROJECT_DIR' is not defined,2026-09-15T04:27:41.981506,reconciliation,0.1,4,0.0051948051948051
0.0,0.0,0.1,0.0,60,results/bob_recon_run_tp0.0_fk0.0_rp0.1_vd0.0_seed60_20260915_042742_977796.json,385,35,269,12,12,False,2,False,,2.09442400932312,{'reconciliation_state': 2},finite_key,{},0.7098479270935059,False,,results/alice_recon_run_seed60_20260915_042743_029461.json,18,results/bob_recon_run_tp0.0_fk0.0_rp0.1_vd0.0_seed60_20260915_042742_977796.json,exception: name 'PROJECT_DIR' is not defined,2026-09-15T04:27:45.446497,reconciliation,0.1,4,0.0051948051948051
0.0,0.0,0.1,0.0,61,results/bob_recon_run_tp0.0_fk0.0_rp0.1_vd0.0_seed61_20260915_042746_434191.json,385,35,269,12,12,False,2,False,,2.6589972972869873,{'reconciliation_state': 2},finite_key,{},1.2935547828674316,False,,results/alice_recon_run_seed61_20260915_042746_488394.json,19,results/bob_recon_run_tp0.0_fk0.0_rp0.1_vd0.0_seed61_20260915_042746_434191.json,exception: name 'PROJECT_DIR' is not defined,2026-09-15T04:27:49.545168,reconciliation,0.1,4,0.0051948051948051
0.0,0.0,0.3,0.0,52,results/bob_recon_run_tp0.0_fk0.0_rp0.3_vd0.0_seed52_20260915_042750_575620.json,385,14,269,12,12,False,27,False,,1.5129430294036865,{'reconciliation_state': 6},finite_key,{},0.6199507713317871,False,,results/alice_recon_run_seed52_20260915_042750_587251.json,10,results/bob_recon_run_tp0.0_fk0.0_rp0.3_vd0.0_seed52_20260915_042750_575620.json,exception: name 'PROJECT_DIR' is not defined,2026-09-15T04:27:52.482579,reconciliation,0.3,4,0.0051948051948051
0.0,0.0,0.3,0.0,53,results/bob_recon_run_tp0.0_fk0.0_rp0.3_vd0.0_seed53_20260915_042753_480825.json,385,30,269,12,12,False,13,False,,3.027545928955078,{'reconciliation_state': 8},finite_key,{},1.4434878826141357,False,,results/alice_recon_run_seed53_20260915_042753_523865.json,11,results/bob_recon_run_tp0.0_fk0.0_rp0.3_vd0.0_seed53_20260915_042753_480825.json,exception: name 'PROJECT_DIR' is not defined,2026-09-15T04:27:56.902201,reconciliation,0.3,4,0.0051948051948051
0.0,0.0,0.3,0.0,54,results/bob_recon_run_tp0.0_fk0.0_rp0.3_vd0.0_seed54_20260915_042757_939529.json,385,34,269,12,12,False,9,False,,2.833380699157715,{'reconciliation_state': 8},finite_key,{},1.371696949005127,False,,results/alice_recon_run_seed54_20260915_042758_063048.json,12,results/bob_recon_run_tp0.0_fk0.0_rp0.3_vd0.0_seed54_20260915_042757_939529.json,exception: name 'PROJECT_DIR' is not defined,2026-09-15T04:28:01.513330,reconciliation,0.3,4,0.0051948051948051
0.0,0.0,0.3,0.0,55,results/bob_recon_run_tp0.0_fk0.0_rp0.3_vd0.0_seed55_20260915_042802_515908.json,385,33,269,12,12,False,9,False,,2.764864921569824,{'reconciliation_state': 7},finite_key,{},1.1774415969848633,False,,results/alice_recon_run_seed55_20260915_042802_561399.json,13,results/bob_recon_run_tp0.0_fk0.0_rp0.3_vd0.0_seed55_20260915_042802_515908.json,exception: name 'PROJECT_DIR' is not defined,2026-09-15T04:28:05.676032,reconciliation,0.3,4,0.0051948051948051
0.0,0.0,0.3,0.0,56,results/bob_recon_run_tp0.0_fk0.0_rp0.3_vd0.0_seed56_20260915_042806_734492.json,385,28,269,12,12,False,18,False,,4.769947052001953,{'reconciliation_state': 11},finite_key,{},1.442903757095337,False,,results/alice_recon_run_seed56_20260915_042806_716145.json,14,results/bob_recon_run_tp0.0_fk0.0_rp0.3_vd0.0_seed56_20260915_042806_734492.json,exception: name 'PROJECT_DIR' is not defined,2026-09-15T04:28:11.896866,reconciliation,0.3,4,0.0051948051948051
0.0,0.0,0.3,0.0,57,results/bob_recon_run_tp0.0_fk0.0_rp0.3_vd0.0_seed57_20260915_042812_888985.json,385,31,269,12,12,False,17,False,,2.7601072788238525,{'reconciliation_state': 13},finite_key,{},1.3669404983520508,False,,results/alice_recon_run_seed57_20260915_042812_945284.json,15,results/bob_recon_run_tp0.0_fk0.0_rp0.3_vd0.0_seed57_20260915_042812_888985.json,exception: name 'PROJECT_DIR' is not defined,2026-09-15T04:28:16.039379,reconciliation,0.3,4,0.0051948051948051
0.0,0.0,0.3,0.0,58,results/bob_recon_run_tp0.0_fk0.0_rp0.3_vd0.0_seed58_20260915_042817_045488.json,385,32,269,12,12,False,12,False,,2.607445240020752,{'reconciliation_state': 9},finite_key,{},1.2361116409301758,False,,results/alice_recon_run_seed58_20260915_042817_078793.json,16,results/bob_recon_run_tp0.0_fk0.0_rp0.3_vd0.0_seed58_20260915_042817_045488.json,exception: name 'PROJECT_DIR' is not defined,2026-09-15T04:28:20.022239,reconciliation,0.3,4,0.0051948051948051
0.0,0.0,0.3,0.0,59,results/bob_recon_run_tp0.0_fk0.0_rp0.3_vd0.0_seed59_20260915_042821_016643.json,385,30,269,12,12,False,13,False,,2.4797356128692627,{'reconciliation_state': 8},finite_key,{},1.0983383655548096,False,,results/alice_recon_run_seed59_20260915_042821_064469.json,17,results/bob_recon_run_tp0.0_fk0.0_rp0.3_vd0.0_seed59_20260915_042821_016643.json,exception: name 'PROJECT_DIR' is not defined,2026-09-15T04:28:23.886245,reconciliation,0.3,4,0.0051948051948051
0.0,0.0,0.3,0.0,60,results/bob_recon_run_tp0.0_fk0.0_rp0.3_vd0.0_seed60_20260915_042824_892700.json,385,35,269,12,12,False,9,False,,2.459824800491333,{'reconciliation_state': 9},finite_key,{},1.0907583236694336,False,,results/alice_recon_run_seed60_20260915_042824_926515.json,18,results/bob_recon_run_tp0.0_fk0.0_rp0.3_vd0.0_seed60_20260915_042824_892700.json,exception: name 'PROJECT_DIR' is not defined,2026-09-15T04:28:27.723677,reconciliation,0.3,4,0.0051948051948051
0.0,0.0,0.3,0.0,61,results/bob_recon_run_tp0.0_fk0.0_rp0.3_vd0.0_seed61_20260915_042828_735234.json,385,32,269,12,12,False,12,False,,2.410130262374878,{'reconciliation_state': 9},finite_key,{},0.9280517101287842,False,,results/alice_recon_run_seed61_20260915_042828_881015.json,19,results/bob_recon_run_tp0.0_fk0.0_rp0.3_vd0.0_seed61_20260915_042828_735234.json,exception: name 'PROJECT_DIR' is not defined,2026-09-15T04:28:31.726574,reconciliation,0.3,4,0.0051948051948051
0.0,0.0,0.5,0.0,52,results/bob_recon_run_tp0.0_fk0.0_rp0.5_vd0.0_seed52_20260915_042832_736859.json,385,16,269,12,12,False,28,False,,1.8518550395965576,{'reconciliation_state': 9},finite_key,{},0.47391843795776367,False,,results/alice_recon_run_seed52_20260915_042832_775428.json,10,results/bob_recon_run_tp0.0_fk0.0_rp0.5_vd0.0_seed52_20260915_042832_736859.json,exception: name 'PROJECT_DIR' is not defined,2026-09-15T04:28:35.054875,reconciliation,0.5,4,0.0051948051948051
0.0,0.0,0.5,0.0,53,results/bob_recon_run_tp0.0_fk0.0_rp0.5_vd0.0_seed53_20260915_042836_075794.json,385,30,269,12,12,False,21,False,,2.6811249256134033,{'reconciliation_state': 16},finite_key,{},1.1982836723327637,False,,results/alice_recon_run_seed53_20260915_042836_224824.json,11,results/bob_recon_run_tp0.0_fk0.0_rp0.5_vd0.0_seed53_20260915_042836_075794.json,exception: name 'PROJECT_DIR' is not defined,2026-09-15T04:28:39.351308,reconciliation,0.5,4,0.0051948051948051
0.0,0.0,0.5,0.0,54,results/bob_recon_run_tp0.0_fk0.0_rp0.5_vd0.0_seed54_20260915_042840_363771.json,385,29,269,12,12,False,19,False,,2.4168801307678223,{'reconciliation_state': 13},finite_key,{},1.0293333530426025,False,,results/alice_recon_run_seed54_20260915_042840_408946.json,12,results/bob_recon_run_tp0.0_fk0.0_rp0.5_vd0.0_seed54_20260915_042840_363771.json,exception: name 'PROJECT_DIR' is not defined,2026-09-15T04:28:43.279669,reconciliation,0.5,4,0.0051948051948051
0.0,0.0,0.5,0.0,55,results/bob_recon_run_tp0.0_fk0.0_rp0.5_vd0.0_seed55_20260915_042844_291381.json,385,30,269,12,12,False,19,False,,2.0500407218933105,{'reconciliation_state': 14},finite_key,{},1.2475576400756836,False,,results/alice_recon_run_seed55_20260915_042844_445949.json,13,results/bob_recon_run_tp0.0_fk0.0_rp0.5_vd0.0_seed55_20260915_042844_291381.json,exception: name 'PROJECT_DIR' is not defined,2026-09-15T04:28:46.985837,reconciliation,0.5,4,0.0051948051948051
0.0,0.0,0.5,0.0,56,results/bob_recon_run_tp0.0_fk0.0_rp0.5_vd0.0_seed56_20260915_042847_993188.json,385,27,269,12,12,False,23,False,,2.5558464527130127,{'reconciliation_state': 15},finite_key,{},1.1858606338500977,False,,results/alice_recon_run_seed56_20260915_042848_025527.json,14,results/bob_recon_run_tp0.0_fk0.0_rp0.5_vd0.0_seed56_20260915_042847_993188.json,exception: name 'PROJECT_DIR' is not defined,2026-09-15T04:28:51.015252,reconciliation,0.5,4,0.0051948051948051
0.0,0.0,0.5,0.0,57,results/bob_recon_run_tp0.0_fk0.0_rp0.5_vd0.0_seed57_20260915_042852_045775.json,385,22,269,12,12,False,28,False,,2.2348263263702393,{'reconciliation_state': 15},finite_key,{},0.8968210220336914,False,,results/alice_recon_run_seed57_20260915_042852_049506.json,15,results/bob_recon_run_tp0.0_fk0.0_rp0.5_vd0.0_seed57_20260915_042852_045775.json,exception: name 'PROJECT_DIR' is not defined,2026-09-15T04:28:54.680293,reconciliation,0.5,4,0.0051948051948051
0.0,0.0,0.5,0.0,58,results/bob_recon_run_tp0.0_fk0.0_rp0.5_vd0.0_seed58_20260915_042855_682149.json,385,23,269,12,12,False,23,False,,2.0623719692230225,{'reconciliation_state': 11},finite_key,{},0.7059977054595947,False,,results/alice_recon_run_seed58_20260915_042855_700520.json,16,results/bob_recon_run_tp0.0_fk0.0_rp0.5_vd0.0_seed58_20260915_042855_682149.json,exception: name 'PROJECT_DIR' is not defined,2026-09-15T04:28:58.140259,reconciliation,0.5,4,0.0051948051948051
0.0,0.0,0.5,0.0,59,results/bob_recon_run_tp0.0_fk0.0_rp0.5_vd0.0_seed59_20260915_042859_157009.json,385,33,269,12,12,False,14,False,,2.767916679382324,{'reconciliation_state': 12},finite_key,{},1.2032430171966553,False,,results/alice_recon_run_seed59_20260915_042859_181439.json,17,results/bob_recon_run_tp0.0_fk0.0_rp0.5_vd0.0_seed59_20260915_042859_157009.json,exception: name 'PROJECT_DIR' is not defined,2026-09-15T04:29:02.313348,reconciliation,0.5,4,0.0051948051948051
0.0,0.0,0.5,0.0,60,results/bob_recon_run_tp0.0_fk0.0_rp0.5_vd0.0_seed60_20260915_042903_316188.json,385,25,269,12,12,False,21,False,,2.1963212490081787,{'reconciliation_state': 11},finite_key,{},0.8240292072296143,False,,results/alice_recon_run_seed60_20260915_042903_354711.json,18,results/bob_recon_run_tp0.0_fk0.0_rp0.5_vd0.0_seed60_20260915_042903_316188.json,exception: name 'PROJECT_DIR' is not defined,2026-09-15T04:29:05.882411,reconciliation,0.5,4,0.0051948051948051
0.0,0.0,0.5,0.0,61,results/bob_recon_run_tp0.0_fk0.0_rp0.5_vd0.0_seed61_20260915_042906_912482.json,385,25,269,12,12,False,27,False,,1.9722437858581543,{'reconciliation_state': 17},finite_key,{},0.95060133934021,False,,results/alice_recon_run_seed61_20260915_042907_050744.json,19,results/bob_recon_run_tp0.0_fk0.0_rp0.5_vd0.0_seed61_20260915_042906_912482.json,exception: name 'PROJECT_DIR' is not defined,2026-09-15T04:29:09.556569,reconciliation,0.5,4,0.0051948051948051
