toeplitz_prob,final_key_prob,reconciliation_prob,verify_digest_prob,qber_after_reconciliation,secure_key_length,t_verify,verification_passed,keys_match,n_mismatched_bits,elapsed_seconds,faults_fired,non_convergent,error,condition,run,fault_type,prob,length_mode,key_index,qber
0.5,0.0,0.0,0.0,0.0,2810,34,True,True,0,0.024535417556762695,{'toeplitz_matrix': 1},False,,key0_asymptotic_toeplitz_0.5,0,toeplitz,0.5,asymptotic,0,0.0128205128205128
0.5,0.0,0.0,0.0,0.0,2810,34,True,True,0,0.022962093353271484,{},False,,key0_asymptotic_toeplitz_0.5,1,toeplitz,0.5,asymptotic,0,0.0128205128205128
0.5,0.0,0.0,0.0,0.0,2810,34,True,True,0,0.02174520492553711,{},False,,key0_asymptotic_toeplitz_0.5,2,toeplitz,0.5,asymptotic,0,0.0128205128205128
0.5,0.0,0.0,0.0,0.0,2810,34,True,True,0,0.021982431411743164,{},False,,key0_asymptotic_toeplitz_0.5,3,toeplitz,0.5,asymptotic,0,0.0128205128205128
0.5,0.0,0.0,0.0,0.0,2810,34,True,False,1,0.022902965545654297,{'toeplitz_matrix': 1},False,,key0_asymptotic_toeplitz_0.5,4,toeplitz,0.5,asymptotic,0,0.0128205128205128
0.5,0.0,0.0,0.0,0.0,2810,34,True,False,1,0.023406982421875,{'toeplitz_matrix': 1},False,,key0_asymptotic_toeplitz_0.5,5,toeplitz,0.5,asymptotic,0,0.0128205128205128
0.5,0.0,0.0,0.0,0.0,2810,34,True,True,0,0.021617889404296875,{},False,,key0_asymptotic_toeplitz_0.5,6,toeplitz,0.5,asymptotic,0,0.0128205128205128
0.5,0.0,0.0,0.0,0.0,2810,34,True,True,0,0.02213120460510254,{},False,,key0_asymptotic_toeplitz_0.5,7,toeplitz,0.5,asymptotic,0,0.0128205128205128
0.5,0.0,0.0,0.0,0.0,2810,34,True,True,0,0.02256608009338379,{'toeplitz_matrix': 1},False,,key0_asymptotic_toeplitz_0.5,8,toeplitz,0.5,asymptotic,0,0.0128205128205128
0.5,0.0,0.0,0.0,0.0,2810,34,True,True,0,0.022243022918701172,{},False,,key0_asymptotic_toeplitz_0.5,9,toeplitz,0.5,asymptotic,0,0.0128205128205128
0.5,0.0,0.0,0.0,0.0,2810,34,True,False,1,0.02490091323852539,{'toeplitz_matrix': 1},False,,key0_asymptotic_toeplitz_0.5,10,toeplitz,0.5,asymptotic,0,0.0128205128205128
0.5,0.0,0.0,0.0,0.0,2810,34,True,True,0,0.021363258361816406,{},False,,key0_asymptotic_toeplitz_0.5,11,toeplitz,0.5,asymptotic,0,0.0128205128205128
0.5,0.0,0.0,0.0,0.0,2810,34,True,True,0,0.022254228591918945,{},False,,key0_asymptotic_toeplitz_0.5,12,toeplitz,0.5,asymptotic,0,0.0128205128205128
0.5,0.0,0.0,0.0,0.0,2810,34,True,False,1,0.02190089225769043,{'toeplitz_matrix': 1},False,,key0_asymptotic_toeplitz_0.5,13,toeplitz,0.5,asymptotic,0,0.0128205128205128
0.5,0.0,0.0,0.0,0.0,2810,34,True,False,1,0.0221707820892334,{'toeplitz_matrix': 1},False,,key0_asymptotic_toeplitz_0.5,14,toeplitz,0.5,asymptotic,0,0.0128205128205128
0.5,0.0,0.0,0.0,0.0,2810,34,True,True,0,0.022269725799560547,{'toeplitz_matrix': 1},False,,key0_asymptotic_toeplitz_0.5,15,toeplitz,0.5,asymptotic,0,0.0128205128205128
0.5,0.0,0.0,0.0,0.0,2810,34,True,False,1,0.021123409271240234,{'toeplitz_matrix': 1},False,,key0_asymptotic_toeplitz_0.5,16,toeplitz,0.5,asymptotic,0,0.0128205128205128
0.5,0.0,0.0,0.0,0.0,2810,34,True,False,1,0.022004365921020508,{'toeplitz_matrix': 1},False,,key0_asymptotic_toeplitz_0.5,17,toeplitz,0.5,asymptotic,0,0.0128205128205128
0.5,0.0,0.0,0.0,0.0,2810,34,True,True,0,0.02371811866760254,{'toeplitz_matrix': 1},False,,key0_asymptotic_toeplitz_0.5,18,toeplitz,0.5,asymptotic,0,0.0128205128205128
0.5,0.0,0.0,0.0,0.0,2810,34,True,True,0,0.022107839584350586,{},False,,key0_asymptotic_toeplitz_0.5,19,toeplitz,0.5,asymptotic,0,0.0128205128205128
0.3,0.0,0.0,0.0,0.0,2810,34,True,True,0,0.02133631706237793,{},False,,key0_asymptotic_toeplitz_0.3,0,toeplitz,0.3,asymptotic,0,0.0128205128205128
0.3,0.0,0.0,0.0,0.0,2810,34,True,True,0,0.02133774757385254,{},False,,key0_asymptotic_toeplitz_0.3,1,toeplitz,0.3,asymptotic,0,0.0128205128205128
0.3,0.0,0.0,0.0,0.0,2810,34,True,True,0,0.024492740631103516,{},False,,key0_asymptotic_toeplitz_0.3,2,toeplitz,0.3,asymptotic,0,0.0128205128205128
0.3,0.0,0.0,0.0,0.0,2810,34,True,True,0,0.07750701904296875,{},False,,key0_asymptotic_toeplitz_0.3,3,toeplitz,0.3,asymptotic,0,0.0128205128205128
0.3,0.0,0.0,0.0,0.0,2810,34,True,False,1,0.02800273895263672,{'toeplitz_matrix': 1},False,,key0_asymptotic_toeplitz_0.3,4,toeplitz,0.3,asymptotic,0,0.0128205128205128
0.3,0.0,0.0,0.0,0.0,2810,34,True,False,1,0.029978036880493164,{'toeplitz_matrix': 1},False,,key0_asymptotic_toeplitz_0.3,5,toeplitz,0.3,asymptotic,0,0.0128205128205128
0.3,0.0,0.0,0.0,0.0,2810,34,True,True,0,0.024750947952270508,{},False,,key0_asymptotic_toeplitz_0.3,6,toeplitz,0.3,asymptotic,0,0.0128205128205128
0.3,0.0,0.0,0.0,0.0,2810,34,True,True,0,0.028444528579711914,{},False,,key0_asymptotic_toeplitz_0.3,7,toeplitz,0.3,asymptotic,0,0.0128205128205128
0.3,0.0,0.0,0.0,0.0,2810,34,True,True,0,0.02640366554260254,{},False,,key0_asymptotic_toeplitz_0.3,8,toeplitz,0.3,asymptotic,0,0.0128205128205128
0.3,0.0,0.0,0.0,0.0,2810,34,True,True,0,0.02123403549194336,{},False,,key0_asymptotic_toeplitz_0.3,9,toeplitz,0.3,asymptotic,0,0.0128205128205128
0.3,0.0,0.0,0.0,0.0,2810,34,True,False,1,0.023466110229492188,{'toeplitz_matrix': 1},False,,key0_asymptotic_toeplitz_0.3,10,toeplitz,0.3,asymptotic,0,0.0128205128205128
0.3,0.0,0.0,0.0,0.0,2810,34,True,True,0,0.025999784469604492,{},False,,key0_asymptotic_toeplitz_0.3,11,toeplitz,0.3,asymptotic,0,0.0128205128205128
0.3,0.0,0.0,0.0,0.0,2810,34,True,True,0,0.02262592315673828,{},False,,key0_asymptotic_toeplitz_0.3,12,toeplitz,0.3,asymptotic,0,0.0128205128205128
0.3,0.0,0.0,0.0,0.0,2810,34,True,True,0,0.022127389907836914,{},False,,key0_asymptotic_toeplitz_0.3,13,toeplitz,0.3,asymptotic,0,0.0128205128205128
0.3,0.0,0.0,0.0,0.0,2810,34,True,True,0,0.027097463607788086,{},False,,key0_asymptotic_toeplitz_0.3,14,toeplitz,0.3,asymptotic,0,0.0128205128205128
0.3,0.0,0.0,0.0,0.0,2810,34,True,True,0,0.024951457977294922,{'toeplitz_matrix': 1},False,,key0_asymptotic_toeplitz_0.3,15,toeplitz,0.3,asymptotic,0,0.0128205128205128
0.3,0.0,0.0,0.0,0.0,2810,34,True,False,1,0.0238192081451416,{'toeplitz_matrix': 1},False,,key0_asymptotic_toeplitz_0.3,16,toeplitz,0.3,asymptotic,0,0.0128205128205128
0.3,0.0,0.0,0.0,0.0,2810,34,True,False,1,0.021280288696289062,{'toeplitz_matrix': 1},False,,key0_asymptotic_toeplitz_0.3,17,toeplitz,0.3,asymptotic,0,0.0128205128205128
0.3,0.0,0.0,0.0,0.0,2810,34,True,True,0,0.021007776260375977,{},False,,key0_asymptotic_toeplitz_0.3,18,toeplitz,0.3,asymptotic,0,0.0128205128205128
0.3,0.0,0.0,0.0,0.0,2810,34,True,True,0,0.02462005615234375,{},False,,key0_asymptotic_toeplitz_0.3,19,toeplitz,0.3,asymptotic,0,0.0128205128205128
0.1,0.0,0.0,0.0,0.0,2810,34,True,True,0,0.02160477638244629,{},False,,key0_asymptotic_toeplitz_0.1,0,toeplitz,0.1,asymptotic,0,0.0128205128205128
0.1,0.0,0.0,0.0,0.0,2810,34,True,True,0,0.025904417037963867,{},False,,key0_asymptotic_toeplitz_0.1,1,toeplitz,0.1,asymptotic,0,0.0128205128205128
0.1,0.0,0.0,0.0,0.0,2810,34,True,True,0,0.020743370056152344,{},False,,key0_asymptotic_toeplitz_0.1,2,toeplitz,0.1,asymptotic,0,0.0128205128205128
0.1,0.0,0.0,0.0,0.0,2810,34,True,True,0,0.02310776710510254,{},False,,key0_asymptotic_toeplitz_0.1,3,toeplitz,0.1,asymptotic,0,0.0128205128205128
0.1,0.0,0.0,0.0,0.0,2810,34,True,True,0,0.022139549255371094,{},False,,key0_asymptotic_toeplitz_0.1,4,toeplitz,0.1,asymptotic,0,0.0128205128205128
0.1,0.0,0.0,0.0,0.0,2810,34,True,True,0,0.021831035614013672,{},False,,key0_asymptotic_toeplitz_0.1,5,toeplitz,0.1,asymptotic,0,0.0128205128205128
0.1,0.0,0.0,0.0,0.0,2810,34,True,True,0,0.021288156509399414,{},False,,key0_asymptotic_toeplitz_0.1,6,toeplitz,0.1,asymptotic,0,0.0128205128205128
0.1,0.0,0.0,0.0,0.0,2810,34,True,True,0,0.02308368682861328,{},False,,key0_asymptotic_toeplitz_0.1,7,toeplitz,0.1,asymptotic,0,0.0128205128205128
0.1,0.0,0.0,0.0,0.0,2810,34,True,True,0,0.021540403366088867,{},False,,key0_asymptotic_toeplitz_0.1,8,toeplitz,0.1,asymptotic,0,0.0128205128205128
0.1,0.0,0.0,0.0,0.0,2810,34,True,True,0,0.021132469177246094,{},False,,key0_asymptotic_toeplitz_0.1,9,toeplitz,0.1,asymptotic,0,0.0128205128205128
0.1,0.0,0.0,0.0,0.0,2810,34,True,True,0,0.02194499969482422,{},False,,key0_asymptotic_toeplitz_0.1,10,toeplitz,0.1,asymptotic,0,0.0128205128205128
0.1,0.0,0.0,0.0,0.0,2810,34,True,True,0,0.022344350814819336,{},False,,key0_asymptotic_toeplitz_0.1,11,toeplitz,0.1,asymptotic,0,0.0128205128205128
0.1,0.0,0.0,0.0,0.0,2810,34,True,True,0,0.023317575454711914,{},False,,key0_asymptotic_toeplitz_0.1,12,toeplitz,0.1,asymptotic,0,0.0128205128205128
0.1,0.0,0.0,0.0,0.0,2810,34,True,True,0,0.022488832473754883,{},False,,key0_asymptotic_toeplitz_0.1,13,toeplitz,0.1,asymptotic,0,0.0128205128205128
0.1,0.0,0.0,0.0,0.0,2810,34,True,True,0,0.021763324737548828,{},False,,key0_asymptotic_toeplitz_0.1,14,toeplitz,0.1,asymptotic,0,0.0128205128205128
0.1,0.0,0.0,0.0,0.0,2810,34,True,True,0,0.021479129791259766,{},False,,key0_asymptotic_toeplitz_0.1,15,toeplitz,0.1,asymptotic,0,0.0128205128205128
0.1,0.0,0.0,0.0,0.0,2810,34,True,True,0,0.021213293075561523,{},False,,key0_asymptotic_toeplitz_0.1,16,toeplitz,0.1,asymptotic,0,0.0128205128205128
0.1,0.0,0.0,0.0,0.0,2810,34,True,True,0,0.022041797637939453,{},False,,key0_asymptotic_toeplitz_0.1,17,toeplitz,0.1,asymptotic,0,0.0128205128205128
0.1,0.0,0.0,0.0,0.0,2810,34,True,True,0,0.021476030349731445,{},False,,key0_asymptotic_toeplitz_0.1,18,toeplitz,0.1,asymptotic,0,0.0128205128205128
0.1,0.0,0.0,0.0,0.0,2810,34,True,True,0,0.022100210189819336,{},False,,key0_asymptotic_toeplitz_0.1,19,toeplitz,0.1,asymptotic,0,0.0128205128205128
0.05,0.0,0.0,0.0,0.0,2810,34,True,True,0,0.02081131935119629,{},False,,key0_asymptotic_toeplitz_0.05,0,toeplitz,0.05,asymptotic,0,0.0128205128205128
0.05,0.0,0.0,0.0,0.0,2810,34,True,True,0,0.022853851318359375,{},False,,key0_asymptotic_toeplitz_0.05,1,toeplitz,0.05,asymptotic,0,0.0128205128205128
0.05,0.0,0.0,0.0,0.0,2810,34,True,True,0,0.02123856544494629,{},False,,key0_asymptotic_toeplitz_0.05,2,toeplitz,0.05,asymptotic,0,0.0128205128205128
0.05,0.0,0.0,0.0,0.0,2810,34,True,True,0,0.022889375686645508,{},False,,key0_asymptotic_toeplitz_0.05,3,toeplitz,0.05,asymptotic,0,0.0128205128205128
0.05,0.0,0.0,0.0,0.0,2810,34,True,True,0,0.02175617218017578,{},False,,key0_asymptotic_toeplitz_0.05,4,toeplitz,0.05,asymptotic,0,0.0128205128205128
0.05,0.0,0.0,0.0,0.0,2810,34,True,True,0,0.022124052047729492,{},False,,key0_asymptotic_toeplitz_0.05,5,toeplitz,0.05,asymptotic,0,0.0128205128205128
0.05,0.0,0.0,0.0,0.0,2810,34,True,True,0,0.022902965545654297,{},False,,key0_asymptotic_toeplitz_0.05,6,toeplitz,0.05,asymptotic,0,0.0128205128205128
0.05,0.0,0.0,0.0,0.0,2810,34,True,True,0,0.023389816284179688,{},False,,key0_asymptotic_toeplitz_0.05,7,toeplitz,0.05,asymptotic,0,0.0128205128205128
0.05,0.0,0.0,0.0,0.0,2810,34,True,True,0,0.02142643928527832,{},False,,key0_asymptotic_toeplitz_0.05,8,toeplitz,0.05,asymptotic,0,0.0128205128205128
0.05,0.0,0.0,0.0,0.0,2810,34,True,True,0,0.023064851760864258,{},False,,key0_asymptotic_toeplitz_0.05,9,toeplitz,0.05,asymptotic,0,0.0128205128205128
0.05,0.0,0.0,0.0,0.0,2810,34,True,True,0,0.022258281707763672,{},False,,key0_asymptotic_toeplitz_0.05,10,toeplitz,0.05,asymptotic,0,0.0128205128205128
0.05,0.0,0.0,0.0,0.0,2810,34,True,True,0,0.021465301513671875,{},False,,key0_asymptotic_toeplitz_0.05,11,toeplitz,0.05,asymptotic,0,0.0128205128205128
0.05,0.0,0.0,0.0,0.0,2810,34,True,True,0,0.023812532424926758,{},False,,key0_asymptotic_toeplitz_0.05,12,toeplitz,0.05,asymptotic,0,0.0128205128205128
0.05,0.0,0.0,0.0,0.0,2810,34,True,True,0,0.02201700210571289,{},False,,key0_asymptotic_toeplitz_0.05,13,toeplitz,0.05,asymptotic,0,0.0128205128205128
0.05,0.0,0.0,0.0,0.0,2810,34,True,True,0,0.021597862243652344,{},False,,key0_asymptotic_toeplitz_0.05,14,toeplitz,0.05,asymptotic,0,0.0128205128205128
0.05,0.0,0.0,0.0,0.0,2810,34,True,True,0,0.022551298141479492,{},False,,key0_asymptotic_toeplitz_0.05,15,toeplitz,0.05,asymptotic,0,0.0128205128205128
0.05,0.0,0.0,0.0,0.0,2810,34,True,True,0,0.020936012268066406,{},False,,key0_asymptotic_toeplitz_0.05,16,toeplitz,0.05,asymptotic,0,0.0128205128205128
0.05,0.0,0.0,0.0,0.0,2810,34,True,True,0,0.02176046371459961,{},False,,key0_asymptotic_toeplitz_0.05,17,toeplitz,0.05,asymptotic,0,0.0128205128205128
0.05,0.0,0.0,0.0,0.0,2810,34,True,True,0,0.021355390548706055,{},False,,key0_asymptotic_toeplitz_0.05,18,toeplitz,0.05,asymptotic,0,0.0128205128205128
0.05,0.0,0.0,0.0,0.0,2810,34,True,True,0,0.02177119255065918,{},False,,key0_asymptotic_toeplitz_0.05,19,toeplitz,0.05,asymptotic,0,0.0128205128205128
0.03,0.0,0.0,0.0,0.0,2810,34,True,True,0,0.025182485580444336,{},False,,key0_asymptotic_toeplitz_0.03,0,toeplitz,0.03,asymptotic,0,0.0128205128205128
0.03,0.0,0.0,0.0,0.0,2810,34,True,True,0,0.027164697647094727,{},False,,key0_asymptotic_toeplitz_0.03,1,toeplitz,0.03,asymptotic,0,0.0128205128205128
0.03,0.0,0.0,0.0,0.0,2810,34,True,True,0,0.02234649658203125,{},False,,key0_asymptotic_toeplitz_0.03,2,toeplitz,0.03,asymptotic,0,0.0128205128205128
0.03,0.0,0.0,0.0,0.0,2810,34,True,True,0,0.021669626235961914,{},False,,key0_asymptotic_toeplitz_0.03,3,toeplitz,0.03,asymptotic,0,0.0128205128205128
0.03,0.0,0.0,0.0,0.0,2810,34,True,True,0,0.020990371704101562,{},False,,key0_asymptotic_toeplitz_0.03,4,toeplitz,0.03,asymptotic,0,0.0128205128205128
0.03,0.0,0.0,0.0,0.0,2810,34,True,True,0,0.022328853607177734,{},False,,key0_asymptotic_toeplitz_0.03,5,toeplitz,0.03,asymptotic,0,0.0128205128205128
0.03,0.0,0.0,0.0,0.0,2810,34,True,True,0,0.022581815719604492,{},False,,key0_asymptotic_toeplitz_0.03,6,toeplitz,0.03,asymptotic,0,0.0128205128205128
0.03,0.0,0.0,0.0,0.0,2810,34,True,True,0,0.022927045822143555,{},False,,key0_asymptotic_toeplitz_0.03,7,toeplitz,0.03,asymptotic,0,0.0128205128205128
0.03,0.0,0.0,0.0,0.0,2810,34,True,True,0,0.020968914031982422,{},False,,key0_asymptotic_toeplitz_0.03,8,toeplitz,0.03,asymptotic,0,0.0128205128205128
0.03,0.0,0.0,0.0,0.0,2810,34,True,True,0,0.022230148315429688,{},False,,key0_asymptotic_toeplitz_0.03,9,toeplitz,0.03,asymptotic,0,0.0128205128205128
0.03,0.0,0.0,0.0,0.0,2810,34,True,True,0,0.021857023239135742,{},False,,key0_asymptotic_toeplitz_0.03,10,toeplitz,0.03,asymptotic,0,0.0128205128205128
0.03,0.0,0.0,0.0,0.0,2810,34,True,True,0,0.026240110397338867,{},False,,key0_asymptotic_toeplitz_0.03,11,toeplitz,0.03,asymptotic,0,0.0128205128205128
0.03,0.0,0.0,0.0,0.0,2810,34,True,True,0,0.0231170654296875,{},False,,key0_asymptotic_toeplitz_0.03,12,toeplitz,0.03,asymptotic,0,0.0128205128205128
0.03,0.0,0.0,0.0,0.0,2810,34,True,True,0,0.026153564453125,{},False,,key0_asymptotic_toeplitz_0.03,13,toeplitz,0.03,asymptotic,0,0.0128205128205128
0.03,0.0,0.0,0.0,0.0,2810,34,True,True,0,0.025005102157592773,{},False,,key0_asymptotic_toeplitz_0.03,14,toeplitz,0.03,asymptotic,0,0.0128205128205128
0.03,0.0,0.0,0.0,0.0,2810,34,True,True,0,0.02258610725402832,{},False,,key0_asymptotic_toeplitz_0.03,15,toeplitz,0.03,asymptotic,0,0.0128205128205128
0.03,0.0,0.0,0.0,0.0,2810,34,True,True,0,0.021224021911621094,{},False,,key0_asymptotic_toeplitz_0.03,16,toeplitz,0.03,asymptotic,0,0.0128205128205128
0.03,0.0,0.0,0.0,0.0,2810,34,True,True,0,0.022066831588745117,{},False,,key0_asymptotic_toeplitz_0.03,17,toeplitz,0.03,asymptotic,0,0.0128205128205128
0.03,0.0,0.0,0.0,0.0,2810,34,True,True,0,0.021795034408569336,{},False,,key0_asymptotic_toeplitz_0.03,18,toeplitz,0.03,asymptotic,0,0.0128205128205128
0.03,0.0,0.0,0.0,0.0,2810,34,True,True,0,0.021817922592163086,{},False,,key0_asymptotic_toeplitz_0.03,19,toeplitz,0.03,asymptotic,0,0.0128205128205128
0.01,0.0,0.0,0.0,0.0,2810,34,True,True,0,0.022424936294555664,{},False,,key0_asymptotic_toeplitz_0.01,0,toeplitz,0.01,asymptotic,0,0.0128205128205128
0.01,0.0,0.0,0.0,0.0,2810,34,True,True,0,0.022238731384277344,{},False,,key0_asymptotic_toeplitz_0.01,1,toeplitz,0.01,asymptotic,0,0.0128205128205128
0.01,0.0,0.0,0.0,0.0,2810,34,True,True,0,0.022740602493286133,{},False,,key0_asymptotic_toeplitz_0.01,2,toeplitz,0.01,asymptotic,0,0.0128205128205128
0.01,0.0,0.0,0.0,0.0,2810,34,True,True,0,0.021320343017578125,{},False,,key0_asymptotic_toeplitz_0.01,3,toeplitz,0.01,asymptotic,0,0.0128205128205128
0.01,0.0,0.0,0.0,0.0,2810,34,True,True,0,0.022247791290283203,{},False,,key0_asymptotic_toeplitz_0.01,4,toeplitz,0.01,asymptotic,0,0.0128205128205128
0.01,0.0,0.0,0.0,0.0,2810,34,True,True,0,0.02356886863708496,{},False,,key0_asymptotic_toeplitz_0.01,5,toeplitz,0.01,asymptotic,0,0.0128205128205128
0.01,0.0,0.0,0.0,0.0,2810,34,True,True,0,0.02625894546508789,{},False,,key0_asymptotic_toeplitz_0.01,6,toeplitz,0.01,asymptotic,0,0.0128205128205128
0.01,0.0,0.0,0.0,0.0,2810,34,True,True,0,0.022029638290405273,{},False,,key0_asymptotic_toeplitz_0.01,7,toeplitz,0.01,asymptotic,0,0.0128205128205128
0.01,0.0,0.0,0.0,0.0,2810,34,True,True,0,0.024550676345825195,{},False,,key0_asymptotic_toeplitz_0.01,8,toeplitz,0.01,asymptotic,0,0.0128205128205128
0.01,0.0,0.0,0.0,0.0,2810,34,True,True,0,0.023563623428344727,{},False,,key0_asymptotic_toeplitz_0.01,9,toeplitz,0.01,asymptotic,0,0.0128205128205128
0.01,0.0,0.0,0.0,0.0,2810,34,True,True,0,0.022847652435302734,{},False,,key0_asymptotic_toeplitz_0.01,10,toeplitz,0.01,asymptotic,0,0.0128205128205128
0.01,0.0,0.0,0.0,0.0,2810,34,True,True,0,0.02214837074279785,{},False,,key0_asymptotic_toeplitz_0.01,11,toeplitz,0.01,asymptotic,0,0.0128205128205128
0.01,0.0,0.0,0.0,0.0,2810,34,True,True,0,0.023193359375,{},False,,key0_asymptotic_toeplitz_0.01,12,toeplitz,0.01,asymptotic,0,0.0128205128205128
0.01,0.0,0.0,0.0,0.0,2810,34,True,True,0,0.021404027938842773,{},False,,key0_asymptotic_toeplitz_0.01,13,toeplitz,0.01,asymptotic,0,0.0128205128205128
0.01,0.0,0.0,0.0,0.0,2810,34,True,True,0,0.021903038024902344,{},False,,key0_asymptotic_toeplitz_0.01,14,toeplitz,0.01,asymptotic,0,0.0128205128205128
0.01,0.0,0.0,0.0,0.0,2810,34,True,True,0,0.021910429000854492,{},False,,key0_asymptotic_toeplitz_0.01,15,toeplitz,0.01,asymptotic,0,0.0128205128205128
0.01,0.0,0.0,0.0,0.0,2810,34,True,True,0,0.022071361541748047,{},False,,key0_asymptotic_toeplitz_0.01,16,toeplitz,0.01,asymptotic,0,0.0128205128205128
0.01,0.0,0.0,0.0,0.0,2810,34,True,True,0,0.022475719451904297,{},False,,key0_asymptotic_toeplitz_0.01,17,toeplitz,0.01,asymptotic,0,0.0128205128205128
0.01,0.0,0.0,0.0,0.0,2810,34,True,True,0,0.0256197452545166,{},False,,key0_asymptotic_toeplitz_0.01,18,toeplitz,0.01,asymptotic,0,0.0128205128205128
0.01,0.0,0.0,0.0,0.0,2810,34,True,True,0,0.023688316345214844,{},False,,key0_asymptotic_toeplitz_0.01,19,toeplitz,0.01,asymptotic,0,0.0128205128205128
0.003,0.0,0.0,0.0,0.0,2810,34,True,True,0,0.02202892303466797,{},False,,key0_asymptotic_toeplitz_0.003,0,toeplitz,0.003,asymptotic,0,0.0128205128205128
0.003,0.0,0.0,0.0,0.0,2810,34,True,True,0,0.02297377586364746,{},False,,key0_asymptotic_toeplitz_0.003,1,toeplitz,0.003,asymptotic,0,0.0128205128205128
0.003,0.0,0.0,0.0,0.0,2810,34,True,True,0,0.02145862579345703,{},False,,key0_asymptotic_toeplitz_0.003,2,toeplitz,0.003,asymptotic,0,0.0128205128205128
0.003,0.0,0.0,0.0,0.0,2810,34,True,True,0,0.025983333587646484,{},False,,key0_asymptotic_toeplitz_0.003,3,toeplitz,0.003,asymptotic,0,0.0128205128205128
0.003,0.0,0.0,0.0,0.0,2810,34,True,True,0,0.04208993911743164,{},False,,key0_asymptotic_toeplitz_0.003,4,toeplitz,0.003,asymptotic,0,0.0128205128205128
0.003,0.0,0.0,0.0,0.0,2810,34,True,True,0,0.028265953063964844,{},False,,key0_asymptotic_toeplitz_0.003,5,toeplitz,0.003,asymptotic,0,0.0128205128205128
0.003,0.0,0.0,0.0,0.0,2810,34,True,True,0,0.023260831832885742,{},False,,key0_asymptotic_toeplitz_0.003,6,toeplitz,0.003,asymptotic,0,0.0128205128205128
0.003,0.0,0.0,0.0,0.0,2810,34,True,True,0,0.02225494384765625,{},False,,key0_asymptotic_toeplitz_0.003,7,toeplitz,0.003,asymptotic,0,0.0128205128205128
0.003,0.0,0.0,0.0,0.0,2810,34,True,True,0,0.020994186401367188,{},False,,key0_asymptotic_toeplitz_0.003,8,toeplitz,0.003,asymptotic,0,0.0128205128205128
0.003,0.0,0.0,0.0,0.0,2810,34,True,True,0,0.02274608612060547,{},False,,key0_asymptotic_toeplitz_0.003,9,toeplitz,0.003,asymptotic,0,0.0128205128205128
0.003,0.0,0.0,0.0,0.0,2810,34,True,True,0,0.022136211395263672,{},False,,key0_asymptotic_toeplitz_0.003,10,toeplitz,0.003,asymptotic,0,0.0128205128205128
0.003,0.0,0.0,0.0,0.0,2810,34,True,True,0,0.021660804748535156,{},False,,key0_asymptotic_toeplitz_0.003,11,toeplitz,0.003,asymptotic,0,0.0128205128205128
0.003,0.0,0.0,0.0,0.0,2810,34,True,True,0,0.0218353271484375,{},False,,key0_asymptotic_toeplitz_0.003,12,toeplitz,0.003,asymptotic,0,0.0128205128205128
0.003,0.0,0.0,0.0,0.0,2810,34,True,True,0,0.021014928817749023,{},False,,key0_asymptotic_toeplitz_0.003,13,toeplitz,0.003,asymptotic,0,0.0128205128205128
0.003,0.0,0.0,0.0,0.0,2810,34,True,True,0,0.028628110885620117,{},False,,key0_asymptotic_toeplitz_0.003,14,toeplitz,0.003,asymptotic,0,0.0128205128205128
0.003,0.0,0.0,0.0,0.0,2810,34,True,True,0,0.04484438896179199,{},False,,key0_asymptotic_toeplitz_0.003,15,toeplitz,0.003,asymptotic,0,0.0128205128205128
0.003,0.0,0.0,0.0,0.0,2810,34,True,True,0,0.04711771011352539,{},False,,key0_asymptotic_toeplitz_0.003,16,toeplitz,0.003,asymptotic,0,0.0128205128205128
0.003,0.0,0.0,0.0,0.0,2810,34,True,True,0,0.04819607734680176,{},False,,key0_asymptotic_toeplitz_0.003,17,toeplitz,0.003,asymptotic,0,0.0128205128205128
0.003,0.0,0.0,0.0,0.0,2810,34,True,True,0,0.047158002853393555,{},False,,key0_asymptotic_toeplitz_0.003,18,toeplitz,0.003,asymptotic,0,0.0128205128205128
0.003,0.0,0.0,0.0,0.0,2810,34,True,True,0,0.03096485137939453,{},False,,key0_asymptotic_toeplitz_0.003,19,toeplitz,0.003,asymptotic,0,0.0128205128205128
0.001,0.0,0.0,0.0,0.0,2810,34,True,True,0,0.022815704345703125,{},False,,key0_asymptotic_toeplitz_0.001,0,toeplitz,0.001,asymptotic,0,0.0128205128205128
0.001,0.0,0.0,0.0,0.0,2810,34,True,True,0,0.023009538650512695,{},False,,key0_asymptotic_toeplitz_0.001,1,toeplitz,0.001,asymptotic,0,0.0128205128205128
0.001,0.0,0.0,0.0,0.0,2810,34,True,True,0,0.025260448455810547,{},False,,key0_asymptotic_toeplitz_0.001,2,toeplitz,0.001,asymptotic,0,0.0128205128205128
0.001,0.0,0.0,0.0,0.0,2810,34,True,True,0,0.021144866943359375,{},False,,key0_asymptotic_toeplitz_0.001,3,toeplitz,0.001,asymptotic,0,0.0128205128205128
0.001,0.0,0.0,0.0,0.0,2810,34,True,True,0,0.027369260787963867,{},False,,key0_asymptotic_toeplitz_0.001,4,toeplitz,0.001,asymptotic,0,0.0128205128205128
0.001,0.0,0.0,0.0,0.0,2810,34,True,True,0,0.021082639694213867,{},False,,key0_asymptotic_toeplitz_0.001,5,toeplitz,0.001,asymptotic,0,0.0128205128205128
0.001,0.0,0.0,0.0,0.0,2810,34,True,True,0,0.02234053611755371,{},False,,key0_asymptotic_toeplitz_0.001,6,toeplitz,0.001,asymptotic,0,0.0128205128205128
0.001,0.0,0.0,0.0,0.0,2810,34,True,True,0,0.02550339698791504,{},False,,key0_asymptotic_toeplitz_0.001,7,toeplitz,0.001,asymptotic,0,0.0128205128205128
0.001,0.0,0.0,0.0,0.0,2810,34,True,True,0,0.02140212059020996,{},False,,key0_asymptotic_toeplitz_0.001,8,toeplitz,0.001,asymptotic,0,0.0128205128205128
0.001,0.0,0.0,0.0,0.0,2810,34,True,True,0,0.023436307907104492,{},False,,key0_asymptotic_toeplitz_0.001,9,toeplitz,0.001,asymptotic,0,0.0128205128205128
0.001,0.0,0.0,0.0,0.0,2810,34,True,True,0,0.02350163459777832,{},False,,key0_asymptotic_toeplitz_0.001,10,toeplitz,0.001,asymptotic,0,0.0128205128205128
0.001,0.0,0.0,0.0,0.0,2810,34,True,True,0,0.023054838180541992,{},False,,key0_asymptotic_toeplitz_0.001,11,toeplitz,0.001,asymptotic,0,0.0128205128205128
0.001,0.0,0.0,0.0,0.0,2810,34,True,True,0,0.022286653518676758,{},False,,key0_asymptotic_toeplitz_0.001,12,toeplitz,0.001,asymptotic,0,0.0128205128205128
0.001,0.0,0.0,0.0,0.0,2810,34,True,True,0,0.021843433380126953,{},False,,key0_asymptotic_toeplitz_0.001,13,toeplitz,0.001,asymptotic,0,0.0128205128205128
0.001,0.0,0.0,0.0,0.0,2810,34,True,True,0,0.03645062446594238,{},False,,key0_asymptotic_toeplitz_0.001,14,toeplitz,0.001,asymptotic,0,0.0128205128205128
0.001,0.0,0.0,0.0,0.0,2810,34,True,True,0,0.03769946098327637,{},False,,key0_asymptotic_toeplitz_0.001,15,toeplitz,0.001,asymptotic,0,0.0128205128205128
0.001,0.0,0.0,0.0,0.0,2810,34,True,True,0,0.023081302642822266,{},False,,key0_asymptotic_toeplitz_0.001,16,toeplitz,0.001,asymptotic,0,0.0128205128205128
0.001,0.0,0.0,0.0,0.0,2810,34,True,True,0,0.02083587646484375,{},False,,key0_asymptotic_toeplitz_0.001,17,toeplitz,0.001,asymptotic,0,0.0128205128205128
0.001,0.0,0.0,0.0,0.0,2810,34,True,True,0,0.023250579833984375,{},False,,key0_asymptotic_toeplitz_0.001,18,toeplitz,0.001,asymptotic,0,0.0128205128205128
0.001,0.0,0.0,0.0,0.0,2810,34,True,True,0,0.02330183982849121,{},False,,key0_asymptotic_toeplitz_0.001,19,toeplitz,0.001,asymptotic,0,0.0128205128205128
0.0,0.5,0.0,0.0,0.0,2810,34,True,False,1,0.024319887161254883,{'final_key': 1},False,,key0_asymptotic_final_key_0.5,0,final_key,0.5,asymptotic,0,0.0128205128205128
0.0,0.5,0.0,0.0,0.0,2810,34,True,True,0,0.022127389907836914,{},False,,key0_asymptotic_final_key_0.5,1,final_key,0.5,asymptotic,0,0.0128205128205128
0.0,0.5,0.0,0.0,0.0,2810,34,True,False,1,0.021758556365966797,{'final_key': 1},False,,key0_asymptotic_final_key_0.5,2,final_key,0.5,asymptotic,0,0.0128205128205128
0.0,0.5,0.0,0.0,0.0,2810,34,True,True,0,0.021205902099609375,{},False,,key0_asymptotic_final_key_0.5,3,final_key,0.5,asymptotic,0,0.0128205128205128
0.0,0.5,0.0,0.0,0.0,2810,34,True,True,0,0.021738529205322266,{},False,,key0_asymptotic_final_key_0.5,4,final_key,0.5,asymptotic,0,0.0128205128205128
0.0,0.5,0.0,0.0,0.0,2810,34,True,True,0,0.022018909454345703,{},False,,key0_asymptotic_final_key_0.5,5,final_key,0.5,asymptotic,0,0.0128205128205128
0.0,0.5,0.0,0.0,0.0,2810,34,True,True,0,0.021066665649414062,{},False,,key0_asymptotic_final_key_0.5,6,final_key,0.5,asymptotic,0,0.0128205128205128
0.0,0.5,0.0,0.0,0.0,2810,34,True,True,0,0.02225041389465332,{},False,,key0_asymptotic_final_key_0.5,7,final_key,0.5,asymptotic,0,0.0128205128205128
0.0,0.5,0.0,0.0,0.0,2810,34,True,False,1,0.021939516067504883,{'final_key': 1},False,,key0_asymptotic_final_key_0.5,8,final_key,0.5,asymptotic,0,0.0128205128205128
0.0,0.5,0.0,0.0,0.0,2810,34,True,True,0,0.020994186401367188,{},False,,key0_asymptotic_final_key_0.5,9,final_key,0.5,asymptotic,0,0.0128205128205128
0.0,0.5,0.0,0.0,0.0,2810,34,True,False,1,0.025405406951904297,{'final_key': 1},False,,key0_asymptotic_final_key_0.5,10,final_key,0.5,asymptotic,0,0.0128205128205128
0.0,0.5,0.0,0.0,0.0,2810,34,True,False,1,0.021619558334350586,{'final_key': 1},False,,key0_asymptotic_final_key_0.5,11,final_key,0.5,asymptotic,0,0.0128205128205128
0.0,0.5,0.0,0.0,0.0,2810,34,True,False,1,0.023569822311401367,{'final_key': 1},False,,key0_asymptotic_final_key_0.5,12,final_key,0.5,asymptotic,0,0.0128205128205128
0.0,0.5,0.0,0.0,0.0,2810,34,True,False,1,0.021041154861450195,{'final_key': 1},False,,key0_asymptotic_final_key_0.5,13,final_key,0.5,asymptotic,0,0.0128205128205128
0.0,0.5,0.0,0.0,0.0,2810,34,True,True,0,0.02407526969909668,{},False,,key0_asymptotic_final_key_0.5,14,final_key,0.5,asymptotic,0,0.0128205128205128
0.0,0.5,0.0,0.0,0.0,2810,34,True,True,0,0.023566722869873047,{},False,,key0_asymptotic_final_key_0.5,15,final_key,0.5,asymptotic,0,0.0128205128205128
0.0,0.5,0.0,0.0,0.0,2810,34,True,False,1,0.02285027503967285,{'final_key': 1},False,,key0_asymptotic_final_key_0.5,16,final_key,0.5,asymptotic,0,0.0128205128205128
0.0,0.5,0.0,0.0,0.0,2810,34,True,False,1,0.02698349952697754,{'final_key': 1},False,,key0_asymptotic_final_key_0.5,17,final_key,0.5,asymptotic,0,0.0128205128205128
0.0,0.5,0.0,0.0,0.0,2810,34,True,False,1,0.02135777473449707,{'final_key': 1},False,,key0_asymptotic_final_key_0.5,18,final_key,0.5,asymptotic,0,0.0128205128205128
0.0,0.5,0.0,0.0,0.0,2810,34,True,True,0,0.028925657272338867,{},False,,key0_asymptotic_final_key_0.5,19,final_key,0.5,asymptotic,0,0.0128205128205128
0.0,0.3,0.0,0.0,0.0,2810,34,True,False,1,0.022113800048828125,{'final_key': 1},False,,key0_asymptotic_final_key_0.3,0,final_key,0.3,asymptotic,0,0.0128205128205128
0.0,0.3,0.0,0.0,0.0,2810,34,True,True,0,0.026764392852783203,{},False,,key0_asymptotic_final_key_0.3,1,final_key,0.3,asymptotic,0,0.0128205128205128
0.0,0.3,0.0,0.0,0.0,2810,34,True,True,0,0.02176499366760254,{},False,,key0_asymptotic_final_key_0.3,2,final_key,0.3,asymptotic,0,0.0128205128205128
0.0,0.3,0.0,0.0,0.0,2810,34,True,True,0,0.021024227142333984,{},False,,key0_asymptotic_final_key_0.3,3,final_key,0.3,asymptotic,0,0.0128205128205128
0.0,0.3,0.0,0.0,0.0,2810,34,True,True,0,0.02132582664489746,{},False,,key0_asymptotic_final_key_0.3,4,final_key,0.3,asymptotic,0,0.0128205128205128
0.0,0.3,0.0,0.0,0.0,2810,34,True,True,0,0.02279520034790039,{},False,,key0_asymptotic_final_key_0.3,5,final_key,0.3,asymptotic,0,0.0128205128205128
0.0,0.3,0.0,0.0,0.0,2810,34,True,True,0,0.026770353317260742,{},False,,key0_asymptotic_final_key_0.3,6,final_key,0.3,asymptotic,0,0.0128205128205128
0.0,0.3,0.0,0.0,0.0,2810,34,True,True,0,0.02227306365966797,{},False,,key0_asymptotic_final_key_0.3,7,final_key,0.3,asymptotic,0,0.0128205128205128
0.0,0.3,0.0,0.0,0.0,2810,34,True,True,0,0.02163410186767578,{},False,,key0_asymptotic_final_key_0.3,8,final_key,0.3,asymptotic,0,0.0128205128205128
0.0,0.3,0.0,0.0,0.0,2810,34,True,True,0,0.022465944290161133,{},False,,key0_asymptotic_final_key_0.3,9,final_key,0.3,asymptotic,0,0.0128205128205128
0.0,0.3,0.0,0.0,0.0,2810,34,True,False,1,0.02257251739501953,{'final_key': 1},False,,key0_asymptotic_final_key_0.3,10,final_key,0.3,asymptotic,0,0.0128205128205128
0.0,0.3,0.0,0.0,0.0,2810,34,True,True,0,0.02178359031677246,{},False,,key0_asymptotic_final_key_0.3,11,final_key,0.3,asymptotic,0,0.0128205128205128
0.0,0.3,0.0,0.0,0.0,2810,34,True,False,1,0.02250218391418457,{'final_key': 1},False,,key0_asymptotic_final_key_0.3,12,final_key,0.3,asymptotic,0,0.0128205128205128
0.0,0.3,0.0,0.0,0.0,2810,34,True,False,1,0.021657228469848633,{'final_key': 1},False,,key0_asymptotic_final_key_0.3,13,final_key,0.3,asymptotic,0,0.0128205128205128
0.0,0.3,0.0,0.0,0.0,2810,34,True,True,0,0.025886058807373047,{},False,,key0_asymptotic_final_key_0.3,14,final_key,0.3,asymptotic,0,0.0128205128205128
0.0,0.3,0.0,0.0,0.0,2810,34,True,True,0,0.021712303161621094,{},False,,key0_asymptotic_final_key_0.3,15,final_key,0.3,asymptotic,0,0.0128205128205128
0.0,0.3,0.0,0.0,0.0,2810,34,True,False,1,0.021109580993652344,{'final_key': 1},False,,key0_asymptotic_final_key_0.3,16,final_key,0.3,asymptotic,0,0.0128205128205128
0.0,0.3,0.0,0.0,0.0,2810,34,True,False,1,0.021541118621826172,{'final_key': 1},False,,key0_asymptotic_final_key_0.3,17,final_key,0.3,asymptotic,0,0.0128205128205128
0.0,0.3,0.0,0.0,0.0,2810,34,True,False,1,0.022407054901123047,{'final_key': 1},False,,key0_asymptotic_final_key_0.3,18,final_key,0.3,asymptotic,0,0.0128205128205128
0.0,0.3,0.0,0.0,0.0,2810,34,True,True,0,0.02433609962463379,{},False,,key0_asymptotic_final_key_0.3,19,final_key,0.3,asymptotic,0,0.0128205128205128
0.0,0.1,0.0,0.0,0.0,2810,34,True,True,0,0.021119356155395508,{},False,,key0_asymptotic_final_key_0.1,0,final_key,0.1,asymptotic,0,0.0128205128205128
0.0,0.1,0.0,0.0,0.0,2810,34,True,True,0,0.028104305267333984,{},False,,key0_asymptotic_final_key_0.1,1,final_key,0.1,asymptotic,0,0.0128205128205128
0.0,0.1,0.0,0.0,0.0,2810,34,True,True,0,0.02431654930114746,{},False,,key0_asymptotic_final_key_0.1,2,final_key,0.1,asymptotic,0,0.0128205128205128
0.0,0.1,0.0,0.0,0.0,2810,34,True,True,0,0.024422407150268555,{},False,,key0_asymptotic_final_key_0.1,3,final_key,0.1,asymptotic,0,0.0128205128205128
0.0,0.1,0.0,0.0,0.0,2810,34,True,True,0,0.021964550018310547,{},False,,key0_asymptotic_final_key_0.1,4,final_key,0.1,asymptotic,0,0.0128205128205128
0.0,0.1,0.0,0.0,0.0,2810,34,True,True,0,0.02126026153564453,{},False,,key0_asymptotic_final_key_0.1,5,final_key,0.1,asymptotic,0,0.0128205128205128
0.0,0.1,0.0,0.0,0.0,2810,34,True,True,0,0.02203059196472168,{},False,,key0_asymptotic_final_key_0.1,6,final_key,0.1,asymptotic,0,0.0128205128205128
0.0,0.1,0.0,0.0,0.0,2810,34,True,True,0,0.021861553192138672,{},False,,key0_asymptotic_final_key_0.1,7,final_key,0.1,asymptotic,0,0.0128205128205128
0.0,0.1,0.0,0.0,0.0,2810,34,True,True,0,0.022186756134033203,{},False,,key0_asymptotic_final_key_0.1,8,final_key,0.1,asymptotic,0,0.0128205128205128
0.0,0.1,0.0,0.0,0.0,2810,34,True,True,0,0.02213311195373535,{},False,,key0_asymptotic_final_key_0.1,9,final_key,0.1,asymptotic,0,0.0128205128205128
0.0,0.1,0.0,0.0,0.0,2810,34,True,False,1,0.022182703018188477,{'final_key': 1},False,,key0_asymptotic_final_key_0.1,10,final_key,0.1,asymptotic,0,0.0128205128205128
0.0,0.1,0.0,0.0,0.0,2810,34,True,True,0,0.02235698699951172,{},False,,key0_asymptotic_final_key_0.1,11,final_key,0.1,asymptotic,0,0.0128205128205128
0.0,0.1,0.0,0.0,0.0,2810,34,True,False,1,0.022275209426879883,{'final_key': 1},False,,key0_asymptotic_final_key_0.1,12,final_key,0.1,asymptotic,0,0.0128205128205128
0.0,0.1,0.0,0.0,0.0,2810,34,True,True,0,0.022713422775268555,{},False,,key0_asymptotic_final_key_0.1,13,final_key,0.1,asymptotic,0,0.0128205128205128
0.0,0.1,0.0,0.0,0.0,2810,34,True,True,0,0.021877050399780273,{},False,,key0_asymptotic_final_key_0.1,14,final_key,0.1,asymptotic,0,0.0128205128205128
0.0,0.1,0.0,0.0,0.0,2810,34,True,True,0,0.022948026657104492,{},False,,key0_asymptotic_final_key_0.1,15,final_key,0.1,asymptotic,0,0.0128205128205128
0.0,0.1,0.0,0.0,0.0,2810,34,True,True,0,0.023204803466796875,{},False,,key0_asymptotic_final_key_0.1,16,final_key,0.1,asymptotic,0,0.0128205128205128
0.0,0.1,0.0,0.0,0.0,2810,34,True,True,0,0.023792028427124023,{},False,,key0_asymptotic_final_key_0.1,17,final_key,0.1,asymptotic,0,0.0128205128205128
0.0,0.1,0.0,0.0,0.0,2810,34,True,True,0,0.021364688873291016,{},False,,key0_asymptotic_final_key_0.1,18,final_key,0.1,asymptotic,0,0.0128205128205128
0.0,0.1,0.0,0.0,0.0,2810,34,True,True,0,0.022538185119628906,{},False,,key0_asymptotic_final_key_0.1,19,final_key,0.1,asymptotic,0,0.0128205128205128
0.0,0.05,0.0,0.0,0.0,2810,34,True,True,0,0.024954557418823242,{},False,,key0_asymptotic_final_key_0.05,0,final_key,0.05,asymptotic,0,0.0128205128205128
0.0,0.05,0.0,0.0,0.0,2810,34,True,True,0,0.02980947494506836,{},False,,key0_asymptotic_final_key_0.05,1,final_key,0.05,asymptotic,0,0.0128205128205128
0.0,0.05,0.0,0.0,0.0,2810,34,True,True,0,0.021863937377929688,{},False,,key0_asymptotic_final_key_0.05,2,final_key,0.05,asymptotic,0,0.0128205128205128
0.0,0.05,0.0,0.0,0.0,2810,34,True,True,0,0.021927356719970703,{},False,,key0_asymptotic_final_key_0.05,3,final_key,0.05,asymptotic,0,0.0128205128205128
0.0,0.05,0.0,0.0,0.0,2810,34,True,True,0,0.021163225173950195,{},False,,key0_asymptotic_final_key_0.05,4,final_key,0.05,asymptotic,0,0.0128205128205128
0.0,0.05,0.0,0.0,0.0,2810,34,True,True,0,0.028409957885742188,{},False,,key0_asymptotic_final_key_0.05,5,final_key,0.05,asymptotic,0,0.0128205128205128
0.0,0.05,0.0,0.0,0.0,2810,34,True,True,0,0.02076125144958496,{},False,,key0_asymptotic_final_key_0.05,6,final_key,0.05,asymptotic,0,0.0128205128205128
0.0,0.05,0.0,0.0,0.0,2810,34,True,True,0,0.02101445198059082,{},False,,key0_asymptotic_final_key_0.05,7,final_key,0.05,asymptotic,0,0.0128205128205128
0.0,0.05,0.0,0.0,0.0,2810,34,True,True,0,0.021051406860351562,{},False,,key0_asymptotic_final_key_0.05,8,final_key,0.05,asymptotic,0,0.0128205128205128
0.0,0.05,0.0,0.0,0.0,2810,34,True,True,0,0.022435903549194336,{},False,,key0_asymptotic_final_key_0.05,9,final_key,0.05,asymptotic,0,0.0128205128205128
0.0,0.05,0.0,0.0,0.0,2810,34,True,True,0,0.02890753746032715,{},False,,key0_asymptotic_final_key_0.05,10,final_key,0.05,asymptotic,0,0.0128205128205128
0.0,0.05,0.0,0.0,0.0,2810,34,True,True,0,0.02272820472717285,{},False,,key0_asymptotic_final_key_0.05,11,final_key,0.05,asymptotic,0,0.0128205128205128
0.0,0.05,0.0,0.0,0.0,2810,34,True,True,0,0.022345781326293945,{},False,,key0_asymptotic_final_key_0.05,12,final_key,0.05,asymptotic,0,0.0128205128205128
0.0,0.05,0.0,0.0,0.0,2810,34,True,True,0,0.021589040756225586,{},False,,key0_asymptotic_final_key_0.05,13,final_key,0.05,asymptotic,0,0.0128205128205128
0.0,0.05,0.0,0.0,0.0,2810,34,True,True,0,0.02079463005065918,{},False,,key0_asymptotic_final_key_0.05,14,final_key,0.05,asymptotic,0,0.0128205128205128
0.0,0.05,0.0,0.0,0.0,2810,34,True,True,0,0.02695155143737793,{},False,,key0_asymptotic_final_key_0.05,15,final_key,0.05,asymptotic,0,0.0128205128205128
0.0,0.05,0.0,0.0,0.0,2810,34,True,True,0,0.02573561668395996,{},False,,key0_asymptotic_final_key_0.05,16,final_key,0.05,asymptotic,0,0.0128205128205128
0.0,0.05,0.0,0.0,0.0,2810,34,True,True,0,0.0249941349029541,{},False,,key0_asymptotic_final_key_0.05,17,final_key,0.05,asymptotic,0,0.0128205128205128
0.0,0.05,0.0,0.0,0.0,2810,34,True,True,0,0.025914430618286133,{},False,,key0_asymptotic_final_key_0.05,18,final_key,0.05,asymptotic,0,0.0128205128205128
0.0,0.05,0.0,0.0,0.0,2810,34,True,True,0,0.02374863624572754,{},False,,key0_asymptotic_final_key_0.05,19,final_key,0.05,asymptotic,0,0.0128205128205128
0.0,0.03,0.0,0.0,0.0,2810,34,True,True,0,0.023662805557250977,{},False,,key0_asymptotic_final_key_0.03,0,final_key,0.03,asymptotic,0,0.0128205128205128
0.0,0.03,0.0,0.0,0.0,2810,34,True,True,0,0.025040149688720703,{},False,,key0_asymptotic_final_key_0.03,1,final_key,0.03,asymptotic,0,0.0128205128205128
0.0,0.03,0.0,0.0,0.0,2810,34,True,True,0,0.022074222564697266,{},False,,key0_asymptotic_final_key_0.03,2,final_key,0.03,asymptotic,0,0.0128205128205128
0.0,0.03,0.0,0.0,0.0,2810,34,True,True,0,0.021724462509155273,{},False,,key0_asymptotic_final_key_0.03,3,final_key,0.03,asymptotic,0,0.0128205128205128
0.0,0.03,0.0,0.0,0.0,2810,34,True,True,0,0.022182226181030273,{},False,,key0_asymptotic_final_key_0.03,4,final_key,0.03,asymptotic,0,0.0128205128205128
0.0,0.03,0.0,0.0,0.0,2810,34,True,True,0,0.025577068328857422,{},False,,key0_asymptotic_final_key_0.03,5,final_key,0.03,asymptotic,0,0.0128205128205128
0.0,0.03,0.0,0.0,0.0,2810,34,True,True,0,0.026732683181762695,{},False,,key0_asymptotic_final_key_0.03,6,final_key,0.03,asymptotic,0,0.0128205128205128
0.0,0.03,0.0,0.0,0.0,2810,34,True,True,0,0.024039506912231445,{},False,,key0_asymptotic_final_key_0.03,7,final_key,0.03,asymptotic,0,0.0128205128205128
0.0,0.03,0.0,0.0,0.0,2810,34,True,True,0,0.0239870548248291,{},False,,key0_asymptotic_final_key_0.03,8,final_key,0.03,asymptotic,0,0.0128205128205128
0.0,0.03,0.0,0.0,0.0,2810,34,True,True,0,0.022521018981933594,{},False,,key0_asymptotic_final_key_0.03,9,final_key,0.03,asymptotic,0,0.0128205128205128
0.0,0.03,0.0,0.0,0.0,2810,34,True,True,0,0.022333860397338867,{},False,,key0_asymptotic_final_key_0.03,10,final_key,0.03,asymptotic,0,0.0128205128205128
0.0,0.03,0.0,0.0,0.0,2810,34,True,True,0,0.02149820327758789,{},False,,key0_asymptotic_final_key_0.03,11,final_key,0.03,asymptotic,0,0.0128205128205128
0.0,0.03,0.0,0.0,0.0,2810,34,True,True,0,0.02165842056274414,{},False,,key0_asymptotic_final_key_0.03,12,final_key,0.03,asymptotic,0,0.0128205128205128
0.0,0.03,0.0,0.0,0.0,2810,34,True,True,0,0.022090673446655273,{},False,,key0_asymptotic_final_key_0.03,13,final_key,0.03,asymptotic,0,0.0128205128205128
0.0,0.03,0.0,0.0,0.0,2810,34,True,True,0,0.0249173641204834,{},False,,key0_asymptotic_final_key_0.03,14,final_key,0.03,asymptotic,0,0.0128205128205128
0.0,0.03,0.0,0.0,0.0,2810,34,True,True,0,0.021695613861083984,{},False,,key0_asymptotic_final_key_0.03,15,final_key,0.03,asymptotic,0,0.0128205128205128
0.0,0.03,0.0,0.0,0.0,2810,34,True,True,0,0.02099752426147461,{},False,,key0_asymptotic_final_key_0.03,16,final_key,0.03,asymptotic,0,0.0128205128205128
0.0,0.03,0.0,0.0,0.0,2810,34,True,True,0,0.021367311477661133,{},False,,key0_asymptotic_final_key_0.03,17,final_key,0.03,asymptotic,0,0.0128205128205128
0.0,0.03,0.0,0.0,0.0,2810,34,True,True,0,0.022493839263916016,{},False,,key0_asymptotic_final_key_0.03,18,final_key,0.03,asymptotic,0,0.0128205128205128
0.0,0.03,0.0,0.0,0.0,2810,34,True,True,0,0.024995088577270508,{},False,,key0_asymptotic_final_key_0.03,19,final_key,0.03,asymptotic,0,0.0128205128205128
0.0,0.01,0.0,0.0,0.0,2810,34,True,True,0,0.020745515823364258,{},False,,key0_asymptotic_final_key_0.01,0,final_key,0.01,asymptotic,0,0.0128205128205128
0.0,0.01,0.0,0.0,0.0,2810,34,True,True,0,0.021402835845947266,{},False,,key0_asymptotic_final_key_0.01,1,final_key,0.01,asymptotic,0,0.0128205128205128
0.0,0.01,0.0,0.0,0.0,2810,34,True,True,0,0.02257990837097168,{},False,,key0_asymptotic_final_key_0.01,2,final_key,0.01,asymptotic,0,0.0128205128205128
0.0,0.01,0.0,0.0,0.0,2810,34,True,True,0,0.021189212799072266,{},False,,key0_asymptotic_final_key_0.01,3,final_key,0.01,asymptotic,0,0.0128205128205128
0.0,0.01,0.0,0.0,0.0,2810,34,True,True,0,0.021997451782226562,{},False,,key0_asymptotic_final_key_0.01,4,final_key,0.01,asymptotic,0,0.0128205128205128
0.0,0.01,0.0,0.0,0.0,2810,34,True,True,0,0.021231651306152344,{},False,,key0_asymptotic_final_key_0.01,5,final_key,0.01,asymptotic,0,0.0128205128205128
0.0,0.01,0.0,0.0,0.0,2810,34,True,True,0,0.02189016342163086,{},False,,key0_asymptotic_final_key_0.01,6,final_key,0.01,asymptotic,0,0.0128205128205128
0.0,0.01,0.0,0.0,0.0,2810,34,True,True,0,0.02186870574951172,{},False,,key0_asymptotic_final_key_0.01,7,final_key,0.01,asymptotic,0,0.0128205128205128
0.0,0.01,0.0,0.0,0.0,2810,34,True,True,0,0.021103382110595703,{},False,,key0_asymptotic_final_key_0.01,8,final_key,0.01,asymptotic,0,0.0128205128205128
0.0,0.01,0.0,0.0,0.0,2810,34,True,True,0,0.022510528564453125,{},False,,key0_asymptotic_final_key_0.01,9,final_key,0.01,asymptotic,0,0.0128205128205128
0.0,0.01,0.0,0.0,0.0,2810,34,True,True,0,0.02338695526123047,{},False,,key0_asymptotic_final_key_0.01,10,final_key,0.01,asymptotic,0,0.0128205128205128
0.0,0.01,0.0,0.0,0.0,2810,34,True,True,0,0.029427289962768555,{},False,,key0_asymptotic_final_key_0.01,11,final_key,0.01,asymptotic,0,0.0128205128205128
0.0,0.01,0.0,0.0,0.0,2810,34,True,True,0,0.02503657341003418,{},False,,key0_asymptotic_final_key_0.01,12,final_key,0.01,asymptotic,0,0.0128205128205128
0.0,0.01,0.0,0.0,0.0,2810,34,True,True,0,0.03929591178894043,{},False,,key0_asymptotic_final_key_0.01,13,final_key,0.01,asymptotic,0,0.0128205128205128
0.0,0.01,0.0,0.0,0.0,2810,34,True,True,0,0.040930747985839844,{},False,,key0_asymptotic_final_key_0.01,14,final_key,0.01,asymptotic,0,0.0128205128205128
0.0,0.01,0.0,0.0,0.0,2810,34,True,True,0,0.03252387046813965,{},False,,key0_asymptotic_final_key_0.01,15,final_key,0.01,asymptotic,0,0.0128205128205128
0.0,0.01,0.0,0.0,0.0,2810,34,True,True,0,0.027417659759521484,{},False,,key0_asymptotic_final_key_0.01,16,final_key,0.01,asymptotic,0,0.0128205128205128
0.0,0.01,0.0,0.0,0.0,2810,34,True,True,0,0.03571820259094238,{},False,,key0_asymptotic_final_key_0.01,17,final_key,0.01,asymptotic,0,0.0128205128205128
0.0,0.01,0.0,0.0,0.0,2810,34,True,True,0,0.03033280372619629,{},False,,key0_asymptotic_final_key_0.01,18,final_key,0.01,asymptotic,0,0.0128205128205128
0.0,0.01,0.0,0.0,0.0,2810,34,True,True,0,0.030181169509887695,{},False,,key0_asymptotic_final_key_0.01,19,final_key,0.01,asymptotic,0,0.0128205128205128
0.0,0.003,0.0,0.0,0.0,2810,34,True,True,0,0.030588865280151367,{},False,,key0_asymptotic_final_key_0.003,0,final_key,0.003,asymptotic,0,0.0128205128205128
0.0,0.003,0.0,0.0,0.0,2810,34,True,True,0,0.03477954864501953,{},False,,key0_asymptotic_final_key_0.003,1,final_key,0.003,asymptotic,0,0.0128205128205128
0.0,0.003,0.0,0.0,0.0,2810,34,True,True,0,0.03049302101135254,{},False,,key0_asymptotic_final_key_0.003,2,final_key,0.003,asymptotic,0,0.0128205128205128
0.0,0.003,0.0,0.0,0.0,2810,34,True,True,0,0.02729940414428711,{},False,,key0_asymptotic_final_key_0.003,3,final_key,0.003,asymptotic,0,0.0128205128205128
0.0,0.003,0.0,0.0,0.0,2810,34,True,True,0,0.024973630905151367,{},False,,key0_asymptotic_final_key_0.003,4,final_key,0.003,asymptotic,0,0.0128205128205128
0.0,0.003,0.0,0.0,0.0,2810,34,True,True,0,0.022796154022216797,{},False,,key0_asymptotic_final_key_0.003,5,final_key,0.003,asymptotic,0,0.0128205128205128
0.0,0.003,0.0,0.0,0.0,2810,34,True,True,0,0.021535396575927734,{},False,,key0_asymptotic_final_key_0.003,6,final_key,0.003,asymptotic,0,0.0128205128205128
0.0,0.003,0.0,0.0,0.0,2810,34,True,True,0,0.02172541618347168,{},False,,key0_asymptotic_final_key_0.003,7,final_key,0.003,asymptotic,0,0.0128205128205128
0.0,0.003,0.0,0.0,0.0,2810,34,True,True,0,0.021924972534179688,{},False,,key0_asymptotic_final_key_0.003,8,final_key,0.003,asymptotic,0,0.0128205128205128
0.0,0.003,0.0,0.0,0.0,2810,34,True,True,0,0.021576881408691406,{},False,,key0_asymptotic_final_key_0.003,9,final_key,0.003,asymptotic,0,0.0128205128205128
0.0,0.003,0.0,0.0,0.0,2810,34,True,True,0,0.021964550018310547,{},False,,key0_asymptotic_final_key_0.003,10,final_key,0.003,asymptotic,0,0.0128205128205128
0.0,0.003,0.0,0.0,0.0,2810,34,True,True,0,0.021907806396484375,{},False,,key0_asymptotic_final_key_0.003,11,final_key,0.003,asymptotic,0,0.0128205128205128
0.0,0.003,0.0,0.0,0.0,2810,34,True,True,0,0.024471759796142578,{},False,,key0_asymptotic_final_key_0.003,12,final_key,0.003,asymptotic,0,0.0128205128205128
0.0,0.003,0.0,0.0,0.0,2810,34,True,True,0,0.022948503494262695,{},False,,key0_asymptotic_final_key_0.003,13,final_key,0.003,asymptotic,0,0.0128205128205128
0.0,0.003,0.0,0.0,0.0,2810,34,True,True,0,0.02603292465209961,{},False,,key0_asymptotic_final_key_0.003,14,final_key,0.003,asymptotic,0,0.0128205128205128
0.0,0.003,0.0,0.0,0.0,2810,34,True,True,0,0.04805326461791992,{},False,,key0_asymptotic_final_key_0.003,15,final_key,0.003,asymptotic,0,0.0128205128205128
0.0,0.003,0.0,0.0,0.0,2810,34,True,True,0,0.03798413276672363,{},False,,key0_asymptotic_final_key_0.003,16,final_key,0.003,asymptotic,0,0.0128205128205128
0.0,0.003,0.0,0.0,0.0,2810,34,True,True,0,0.03413987159729004,{},False,,key0_asymptotic_final_key_0.003,17,final_key,0.003,asymptotic,0,0.0128205128205128
0.0,0.003,0.0,0.0,0.0,2810,34,True,True,0,0.027875900268554688,{},False,,key0_asymptotic_final_key_0.003,18,final_key,0.003,asymptotic,0,0.0128205128205128
0.0,0.003,0.0,0.0,0.0,2810,34,True,True,0,0.04010725021362305,{},False,,key0_asymptotic_final_key_0.003,19,final_key,0.003,asymptotic,0,0.0128205128205128
0.0,0.001,0.0,0.0,0.0,2810,34,True,True,0,0.02831888198852539,{},False,,key0_asymptotic_final_key_0.001,0,final_key,0.001,asymptotic,0,0.0128205128205128
0.0,0.001,0.0,0.0,0.0,2810,34,True,True,0,0.030436277389526367,{},False,,key0_asymptotic_final_key_0.001,1,final_key,0.001,asymptotic,0,0.0128205128205128
0.0,0.001,0.0,0.0,0.0,2810,34,True,True,0,0.02507925033569336,{},False,,key0_asymptotic_final_key_0.001,2,final_key,0.001,asymptotic,0,0.0128205128205128
0.0,0.001,0.0,0.0,0.0,2810,34,True,True,0,0.03410053253173828,{},False,,key0_asymptotic_final_key_0.001,3,final_key,0.001,asymptotic,0,0.0128205128205128
0.0,0.001,0.0,0.0,0.0,2810,34,True,True,0,0.03080296516418457,{},False,,key0_asymptotic_final_key_0.001,4,final_key,0.001,asymptotic,0,0.0128205128205128
0.0,0.001,0.0,0.0,0.0,2810,34,True,True,0,0.03624701499938965,{},False,,key0_asymptotic_final_key_0.001,5,final_key,0.001,asymptotic,0,0.0128205128205128
0.0,0.001,0.0,0.0,0.0,2810,34,True,True,0,0.02745795249938965,{},False,,key0_asymptotic_final_key_0.001,6,final_key,0.001,asymptotic,0,0.0128205128205128
0.0,0.001,0.0,0.0,0.0,2810,34,True,True,0,0.02453136444091797,{},False,,key0_asymptotic_final_key_0.001,7,final_key,0.001,asymptotic,0,0.0128205128205128
0.0,0.001,0.0,0.0,0.0,2810,34,True,True,0,0.020980358123779297,{},False,,key0_asymptotic_final_key_0.001,8,final_key,0.001,asymptotic,0,0.0128205128205128
0.0,0.001,0.0,0.0,0.0,2810,34,True,True,0,0.022055387496948242,{},False,,key0_asymptotic_final_key_0.001,9,final_key,0.001,asymptotic,0,0.0128205128205128
0.0,0.001,0.0,0.0,0.0,2810,34,True,True,0,0.024044513702392578,{},False,,key0_asymptotic_final_key_0.001,10,final_key,0.001,asymptotic,0,0.0128205128205128
0.0,0.001,0.0,0.0,0.0,2810,34,True,True,0,0.021798133850097656,{},False,,key0_asymptotic_final_key_0.001,11,final_key,0.001,asymptotic,0,0.0128205128205128
0.0,0.001,0.0,0.0,0.0,2810,34,True,True,0,0.021721839904785156,{},False,,key0_asymptotic_final_key_0.001,12,final_key,0.001,asymptotic,0,0.0128205128205128
0.0,0.001,0.0,0.0,0.0,2810,34,True,True,0,0.02204108238220215,{},False,,key0_asymptotic_final_key_0.001,13,final_key,0.001,asymptotic,0,0.0128205128205128
0.0,0.001,0.0,0.0,0.0,2810,34,True,True,0,0.022620201110839844,{},False,,key0_asymptotic_final_key_0.001,14,final_key,0.001,asymptotic,0,0.0128205128205128
0.0,0.001,0.0,0.0,0.0,2810,34,True,True,0,0.022954702377319336,{},False,,key0_asymptotic_final_key_0.001,15,final_key,0.001,asymptotic,0,0.0128205128205128
0.0,0.001,0.0,0.0,0.0,2810,34,True,True,0,0.02132415771484375,{},False,,key0_asymptotic_final_key_0.001,16,final_key,0.001,asymptotic,0,0.0128205128205128
0.0,0.001,0.0,0.0,0.0,2810,34,True,True,0,0.021468400955200195,{},False,,key0_asymptotic_final_key_0.001,17,final_key,0.001,asymptotic,0,0.0128205128205128
0.0,0.001,0.0,0.0,0.0,2810,34,True,True,0,0.02718329429626465,{},False,,key0_asymptotic_final_key_0.001,18,final_key,0.001,asymptotic,0,0.0128205128205128
0.0,0.001,0.0,0.0,0.0,2810,34,True,True,0,0.039919376373291016,{},False,,key0_asymptotic_final_key_0.001,19,final_key,0.001,asymptotic,0,0.0128205128205128
0.0,0.0,0.5,0.0,0.0045662100456621,2810,34,False,False,1439,0.04254508018493652,{'reconciliation_state': 16},False,,key0_asymptotic_reconciliation_0.5,0,reconciliation,0.5,asymptotic,0,0.0128205128205128
0.0,0.0,0.5,0.0,0.0037100456621004564,2810,34,False,False,1364,0.03829073905944824,{'reconciliation_state': 12},False,,key0_asymptotic_reconciliation_0.5,1,reconciliation,0.5,asymptotic,0,0.0128205128205128
0.0,0.0,0.5,0.0,0.0048515981735159815,2810,34,False,False,1404,0.060311079025268555,{'reconciliation_state': 14},False,,key0_asymptotic_reconciliation_0.5,2,reconciliation,0.5,asymptotic,0,0.0128205128205128
0.0,0.0,0.5,0.0,0.003424657534246575,2810,34,False,False,1383,0.06096982955932617,{'reconciliation_state': 12},False,,key0_asymptotic_reconciliation_0.5,3,reconciliation,0.5,asymptotic,0,0.0128205128205128
0.0,0.0,0.5,0.0,0.005136986301369863,2810,34,False,False,1473,0.05534934997558594,{'reconciliation_state': 14},False,,key0_asymptotic_reconciliation_0.5,4,reconciliation,0.5,asymptotic,0,0.0128205128205128
0.0,0.0,0.5,0.0,0.003995433789954338,2810,34,False,False,1386,0.05086779594421387,{'reconciliation_state': 14},False,,key0_asymptotic_reconciliation_0.5,5,reconciliation,0.5,asymptotic,0,0.0128205128205128
0.0,0.0,0.5,0.0,0.005136986301369863,2810,34,False,False,1442,0.03229832649230957,{'reconciliation_state': 18},False,,key0_asymptotic_reconciliation_0.5,6,reconciliation,0.5,asymptotic,0,0.0128205128205128
0.0,0.0,0.5,0.0,0.0059931506849315065,2810,34,False,False,1425,0.03371405601501465,{'reconciliation_state': 18},False,,key0_asymptotic_reconciliation_0.5,7,reconciliation,0.5,asymptotic,0,0.0128205128205128
0.0,0.0,0.5,0.0,0.005136986301369863,2810,34,False,False,1376,0.05072665214538574,{'reconciliation_state': 17},False,,key0_asymptotic_reconciliation_0.5,8,reconciliation,0.5,asymptotic,0,0.0128205128205128
0.0,0.0,0.5,0.0,0.0037100456621004564,2810,34,False,False,1414,0.04874587059020996,{'reconciliation_state': 13},False,,key0_asymptotic_reconciliation_0.5,9,reconciliation,0.5,asymptotic,0,0.0128205128205128
0.0,0.0,0.5,0.0,0.005136986301369863,2810,34,False,False,1379,0.05550742149353027,{'reconciliation_state': 17},False,,key0_asymptotic_reconciliation_0.5,10,reconciliation,0.5,asymptotic,0,0.0128205128205128
0.0,0.0,0.5,0.0,0.005422374429223744,2810,34,False,False,1408,0.05216097831726074,{'reconciliation_state': 17},False,,key0_asymptotic_reconciliation_0.5,11,reconciliation,0.5,asymptotic,0,0.0128205128205128
0.0,0.0,0.5,0.0,0.004280821917808219,2810,34,False,False,1384,0.05131697654724121,{'reconciliation_state': 13},False,,key0_asymptotic_reconciliation_0.5,12,reconciliation,0.5,asymptotic,0,0.0128205128205128
0.0,0.0,0.5,0.0,0.004280821917808219,2810,34,False,False,1423,0.058818817138671875,{'reconciliation_state': 15},False,,key0_asymptotic_reconciliation_0.5,13,reconciliation,0.5,asymptotic,0,0.0128205128205128
0.0,0.0,0.5,0.0,0.0059931506849315065,2810,34,False,False,1406,0.05336427688598633,{'reconciliation_state': 21},False,,key0_asymptotic_reconciliation_0.5,14,reconciliation,0.5,asymptotic,0,0.0128205128205128
0.0,0.0,0.5,0.0,0.005136986301369863,2810,34,False,False,1410,0.056182861328125,{'reconciliation_state': 18},False,,key0_asymptotic_reconciliation_0.5,15,reconciliation,0.5,asymptotic,0,0.0128205128205128
0.0,0.0,0.5,0.0,0.004280821917808219,2810,34,False,False,1365,0.05019187927246094,{'reconciliation_state': 15},False,,key0_asymptotic_reconciliation_0.5,16,reconciliation,0.5,asymptotic,0,0.0128205128205128
0.0,0.0,0.5,0.0,0.003424657534246575,2810,34,False,False,1422,0.046857357025146484,{'reconciliation_state': 12},False,,key0_asymptotic_reconciliation_0.5,17,reconciliation,0.5,asymptotic,0,0.0128205128205128
0.0,0.0,0.5,0.0,0.0037100456621004564,2810,34,False,False,1372,0.056493520736694336,{'reconciliation_state': 13},False,,key0_asymptotic_reconciliation_0.5,18,reconciliation,0.5,asymptotic,0,0.0128205128205128
0.0,0.0,0.5,0.0,0.006278538812785388,2810,34,False,False,1411,0.058997154235839844,{'reconciliation_state': 21},False,,key0_asymptotic_reconciliation_0.5,19,reconciliation,0.5,asymptotic,0,0.0128205128205128
0.0,0.0,0.3,0.0,0.003424657534246575,2810,34,False,False,1450,0.05020952224731445,{'reconciliation_state': 12},False,,key0_asymptotic_reconciliation_0.3,0,reconciliation,0.3,asymptotic,0,0.0128205128205128
0.0,0.0,0.3,0.0,0.00228310502283105,2810,34,False,False,1376,0.04920244216918945,{'reconciliation_state': 8},False,,key0_asymptotic_reconciliation_0.3,1,reconciliation,0.3,asymptotic,0,0.0128205128205128
0.0,0.0,0.3,0.0,0.003139269406392694,2810,34,False,False,1398,0.052576541900634766,{'reconciliation_state': 10},False,,key0_asymptotic_reconciliation_0.3,2,reconciliation,0.3,asymptotic,0,0.0128205128205128
0.0,0.0,0.3,0.0,0.001997716894977169,2810,34,False,False,1438,0.054155588150024414,{'reconciliation_state': 7},False,,key0_asymptotic_reconciliation_0.3,3,reconciliation,0.3,asymptotic,0,0.0128205128205128
0.0,0.0,0.3,0.0,0.0025684931506849314,2810,34,False,False,1418,0.04812264442443848,{'reconciliation_state': 8},False,,key0_asymptotic_reconciliation_0.3,4,reconciliation,0.3,asymptotic,0,0.0128205128205128
0.0,0.0,0.3,0.0,0.0028538812785388126,2810,34,False,False,1388,0.05082273483276367,{'reconciliation_state': 10},False,,key0_asymptotic_reconciliation_0.3,5,reconciliation,0.3,asymptotic,0,0.0128205128205128
0.0,0.0,0.3,0.0,0.0028538812785388126,2810,34,False,False,1396,0.05995535850524902,{'reconciliation_state': 10},False,,key0_asymptotic_reconciliation_0.3,6,reconciliation,0.3,asymptotic,0,0.0128205128205128
0.0,0.0,0.3,0.0,0.0028538812785388126,2810,34,False,False,1371,0.0532987117767334,{'reconciliation_state': 10},False,,key0_asymptotic_reconciliation_0.3,7,reconciliation,0.3,asymptotic,0,0.0128205128205128
0.0,0.0,0.3,0.0,0.0028538812785388126,2810,34,False,False,1430,0.052075862884521484,{'reconciliation_state': 10},False,,key0_asymptotic_reconciliation_0.3,8,reconciliation,0.3,asymptotic,0,0.0128205128205128
0.0,0.0,0.3,0.0,0.0025684931506849314,2810,34,False,False,1446,0.04827165603637695,{'reconciliation_state': 8},False,,key0_asymptotic_reconciliation_0.3,9,reconciliation,0.3,asymptotic,0,0.0128205128205128
0.0,0.0,0.3,0.0,0.004280821917808219,2810,34,False,False,1486,0.048836469650268555,{'reconciliation_state': 13},False,,key0_asymptotic_reconciliation_0.3,10,reconciliation,0.3,asymptotic,0,0.0128205128205128
0.0,0.0,0.3,0.0,0.00228310502283105,2810,34,False,False,1375,0.046132802963256836,{'reconciliation_state': 8},False,,key0_asymptotic_reconciliation_0.3,11,reconciliation,0.3,asymptotic,0,0.0128205128205128
0.0,0.0,0.3,0.0,0.00228310502283105,2810,34,False,False,1392,0.05010032653808594,{'reconciliation_state': 8},False,,key0_asymptotic_reconciliation_0.3,12,reconciliation,0.3,asymptotic,0,0.0128205128205128
0.0,0.0,0.3,0.0,0.001997716894977169,2810,34,False,False,1396,0.04768180847167969,{'reconciliation_state': 7},False,,key0_asymptotic_reconciliation_0.3,13,reconciliation,0.3,asymptotic,0,0.0128205128205128
0.0,0.0,0.3,0.0,0.003995433789954338,2810,34,False,False,1425,0.050019264221191406,{'reconciliation_state': 14},False,,key0_asymptotic_reconciliation_0.3,14,reconciliation,0.3,asymptotic,0,0.0128205128205128
0.0,0.0,0.3,0.0,0.003995433789954338,2810,34,False,False,1403,0.05041909217834473,{'reconciliation_state': 14},False,,key0_asymptotic_reconciliation_0.3,15,reconciliation,0.3,asymptotic,0,0.0128205128205128
0.0,0.0,0.3,0.0,0.0028538812785388126,2810,34,False,False,1379,0.04944920539855957,{'reconciliation_state': 10},False,,key0_asymptotic_reconciliation_0.3,16,reconciliation,0.3,asymptotic,0,0.0128205128205128
0.0,0.0,0.3,0.0,0.0025684931506849314,2810,34,False,False,1412,0.04715156555175781,{'reconciliation_state': 9},False,,key0_asymptotic_reconciliation_0.3,17,reconciliation,0.3,asymptotic,0,0.0128205128205128
0.0,0.0,0.3,0.0,0.00228310502283105,2810,34,False,False,1422,0.047742366790771484,{'reconciliation_state': 8},False,,key0_asymptotic_reconciliation_0.3,18,reconciliation,0.3,asymptotic,0,0.0128205128205128
0.0,0.0,0.3,0.0,0.0025684931506849314,2810,34,False,False,1419,0.05111813545227051,{'reconciliation_state': 9},False,,key0_asymptotic_reconciliation_0.3,19,reconciliation,0.3,asymptotic,0,0.0128205128205128
0.0,0.0,0.1,0.0,0.0005707762557077625,2810,34,False,False,1387,0.04449152946472168,{'reconciliation_state': 2},False,,key0_asymptotic_reconciliation_0.1,0,reconciliation,0.1,asymptotic,0,0.0128205128205128
0.0,0.0,0.1,0.0,0.0008561643835616438,2810,34,False,False,1396,0.044309377670288086,{'reconciliation_state': 3},False,,key0_asymptotic_reconciliation_0.1,1,reconciliation,0.1,asymptotic,0,0.0128205128205128
0.0,0.0,0.1,0.0,0.001997716894977169,2810,34,False,False,1358,0.04846978187561035,{'reconciliation_state': 6},False,,key0_asymptotic_reconciliation_0.1,2,reconciliation,0.1,asymptotic,0,0.0128205128205128
0.0,0.0,0.1,0.0,0.00028538812785388126,2810,34,False,False,1408,0.04290199279785156,{'reconciliation_state': 1},False,,key0_asymptotic_reconciliation_0.1,3,reconciliation,0.1,asymptotic,0,0.0128205128205128
0.0,0.0,0.1,0.0,0.0008561643835616438,2810,34,False,False,1401,0.039711952209472656,{'reconciliation_state': 3},False,,key0_asymptotic_reconciliation_0.1,4,reconciliation,0.1,asymptotic,0,0.0128205128205128
0.0,0.0,0.1,0.0,0.0017123287671232876,2810,34,False,False,1390,0.04733705520629883,{'reconciliation_state': 6},False,,key0_asymptotic_reconciliation_0.1,5,reconciliation,0.1,asymptotic,0,0.0128205128205128
0.0,0.0,0.1,0.0,0.0008561643835616438,2810,34,False,False,1397,0.04346513748168945,{'reconciliation_state': 3},False,,key0_asymptotic_reconciliation_0.1,6,reconciliation,0.1,asymptotic,0,0.0128205128205128
0.0,0.0,0.1,0.0,0.0008561643835616438,2810,34,False,False,1374,0.044677019119262695,{'reconciliation_state': 3},False,,key0_asymptotic_reconciliation_0.1,7,reconciliation,0.1,asymptotic,0,0.0128205128205128
0.0,0.0,0.1,0.0,0.0014269406392694063,2810,34,False,False,1381,0.04742741584777832,{'reconciliation_state': 5},False,,key0_asymptotic_reconciliation_0.1,8,reconciliation,0.1,asymptotic,0,0.0128205128205128
0.0,0.0,0.1,0.0,0.001141552511415525,2810,34,False,False,1371,0.04633069038391113,{'reconciliation_state': 4},False,,key0_asymptotic_reconciliation_0.1,9,reconciliation,0.1,asymptotic,0,0.0128205128205128
0.0,0.0,0.1,0.0,0.001997716894977169,2810,34,False,False,1395,0.02559685707092285,{'reconciliation_state': 5},False,,key0_asymptotic_reconciliation_0.1,10,reconciliation,0.1,asymptotic,0,0.0128205128205128
0.0,0.0,0.1,0.0,0.0014269406392694063,2810,34,False,False,1416,0.03385210037231445,{'reconciliation_state': 5},False,,key0_asymptotic_reconciliation_0.1,11,reconciliation,0.1,asymptotic,0,0.0128205128205128
0.0,0.0,0.1,0.0,0.0008561643835616438,2810,34,False,False,1379,0.046543121337890625,{'reconciliation_state': 3},False,,key0_asymptotic_reconciliation_0.1,12,reconciliation,0.1,asymptotic,0,0.0128205128205128
0.0,0.0,0.1,0.0,0.0005707762557077625,2810,34,False,False,1395,0.045896053314208984,{'reconciliation_state': 2},False,,key0_asymptotic_reconciliation_0.1,13,reconciliation,0.1,asymptotic,0,0.0128205128205128
0.0,0.0,0.1,0.0,0.0008561643835616438,2810,34,False,False,1391,0.03170132637023926,{'reconciliation_state': 3},False,,key0_asymptotic_reconciliation_0.1,14,reconciliation,0.1,asymptotic,0,0.0128205128205128
0.0,0.0,0.1,0.0,0.0008561643835616438,2810,34,False,False,1374,0.04761219024658203,{'reconciliation_state': 3},False,,key0_asymptotic_reconciliation_0.1,15,reconciliation,0.1,asymptotic,0,0.0128205128205128
0.0,0.0,0.1,0.0,0.0017123287671232876,2810,34,False,False,1398,0.049346208572387695,{'reconciliation_state': 6},False,,key0_asymptotic_reconciliation_0.1,16,reconciliation,0.1,asymptotic,0,0.0128205128205128
0.0,0.0,0.1,0.0,0.001141552511415525,2810,34,False,False,1420,0.04591965675354004,{'reconciliation_state': 4},False,,key0_asymptotic_reconciliation_0.1,17,reconciliation,0.1,asymptotic,0,0.0128205128205128
0.0,0.0,0.1,0.0,0.0005707762557077625,2810,34,False,False,1451,0.045294761657714844,{'reconciliation_state': 2},False,,key0_asymptotic_reconciliation_0.1,18,reconciliation,0.1,asymptotic,0,0.0128205128205128
0.0,0.0,0.1,0.0,0.0005707762557077625,2810,34,False,False,1390,0.04421377182006836,{'reconciliation_state': 2},False,,key0_asymptotic_reconciliation_0.1,19,reconciliation,0.1,asymptotic,0,0.0128205128205128
0.0,0.0,0.05,0.0,0.00028538812785388126,2810,34,False,False,1452,0.04851198196411133,{'reconciliation_state': 1},False,,key0_asymptotic_reconciliation_0.05,0,reconciliation,0.05,asymptotic,0,0.0128205128205128
0.0,0.0,0.05,0.0,0.0005707762557077625,2810,34,False,False,1419,0.039403676986694336,{'reconciliation_state': 2},False,,key0_asymptotic_reconciliation_0.05,1,reconciliation,0.05,asymptotic,0,0.0128205128205128
0.0,0.0,0.05,0.0,0.00028538812785388126,2810,34,False,False,1391,0.043105363845825195,{'reconciliation_state': 1},False,,key0_asymptotic_reconciliation_0.05,2,reconciliation,0.05,asymptotic,0,0.0128205128205128
0.0,0.0,0.05,0.0,0.0,2810,34,True,True,0,0.04265999794006348,{},False,,key0_asymptotic_reconciliation_0.05,3,reconciliation,0.05,asymptotic,0,0.0128205128205128
0.0,0.0,0.05,0.0,0.00028538812785388126,2810,34,False,False,1401,0.04312705993652344,{'reconciliation_state': 1},False,,key0_asymptotic_reconciliation_0.05,4,reconciliation,0.05,asymptotic,0,0.0128205128205128
0.0,0.0,0.05,0.0,0.001141552511415525,2810,34,False,False,1387,0.04839944839477539,{'reconciliation_state': 4},False,,key0_asymptotic_reconciliation_0.05,5,reconciliation,0.05,asymptotic,0,0.0128205128205128
0.0,0.0,0.05,0.0,0.00028538812785388126,2810,34,False,False,1384,0.04266023635864258,{'reconciliation_state': 1},False,,key0_asymptotic_reconciliation_0.05,6,reconciliation,0.05,asymptotic,0,0.0128205128205128
0.0,0.0,0.05,0.0,0.0,2810,34,True,True,0,0.04089474678039551,{},False,,key0_asymptotic_reconciliation_0.05,7,reconciliation,0.05,asymptotic,0,0.0128205128205128
0.0,0.0,0.05,0.0,0.0005707762557077625,2810,34,False,False,1397,0.045886993408203125,{'reconciliation_state': 2},False,,key0_asymptotic_reconciliation_0.05,8,reconciliation,0.05,asymptotic,0,0.0128205128205128
0.0,0.0,0.05,0.0,0.0005707762557077625,2810,34,False,False,1427,0.04500222206115723,{'reconciliation_state': 2},False,,key0_asymptotic_reconciliation_0.05,9,reconciliation,0.05,asymptotic,0,0.0128205128205128
0.0,0.0,0.05,0.0,0.0008561643835616438,2810,34,False,False,1394,0.04368925094604492,{'reconciliation_state': 3},False,,key0_asymptotic_reconciliation_0.05,10,reconciliation,0.05,asymptotic,0,0.0128205128205128
0.0,0.0,0.05,0.0,0.0005707762557077625,2810,34,False,False,1379,0.04309868812561035,{'reconciliation_state': 2},False,,key0_asymptotic_reconciliation_0.05,11,reconciliation,0.05,asymptotic,0,0.0128205128205128
0.0,0.0,0.05,0.0,0.0005707762557077625,2810,34,False,False,1408,0.04753422737121582,{'reconciliation_state': 2},False,,key0_asymptotic_reconciliation_0.05,12,reconciliation,0.05,asymptotic,0,0.0128205128205128
0.0,0.0,0.05,0.0,0.0,2810,34,True,True,0,0.03981637954711914,{},False,,key0_asymptotic_reconciliation_0.05,13,reconciliation,0.05,asymptotic,0,0.0128205128205128
0.0,0.0,0.05,0.0,0.0005707762557077625,2810,34,False,False,1405,0.02414679527282715,{'reconciliation_state': 2},False,,key0_asymptotic_reconciliation_0.05,14,reconciliation,0.05,asymptotic,0,0.0128205128205128
0.0,0.0,0.05,0.0,0.0005707762557077625,2810,34,False,False,1431,0.028830528259277344,{'reconciliation_state': 2},False,,key0_asymptotic_reconciliation_0.05,15,reconciliation,0.05,asymptotic,0,0.0128205128205128
0.0,0.0,0.05,0.0,0.0008561643835616438,2810,34,False,False,1393,0.02812337875366211,{'reconciliation_state': 3},False,,key0_asymptotic_reconciliation_0.05,16,reconciliation,0.05,asymptotic,0,0.0128205128205128
0.0,0.0,0.05,0.0,0.0008561643835616438,2810,34,False,False,1367,0.04027128219604492,{'reconciliation_state': 3},False,,key0_asymptotic_reconciliation_0.05,17,reconciliation,0.05,asymptotic,0,0.0128205128205128
0.0,0.0,0.05,0.0,0.0005707762557077625,2810,34,False,False,1435,0.04355120658874512,{'reconciliation_state': 2},False,,key0_asymptotic_reconciliation_0.05,18,reconciliation,0.05,asymptotic,0,0.0128205128205128
0.0,0.0,0.05,0.0,0.00028538812785388126,2810,34,False,False,1428,0.042885541915893555,{'reconciliation_state': 1},False,,key0_asymptotic_reconciliation_0.05,19,reconciliation,0.05,asymptotic,0,0.0128205128205128
0.0,0.0,0.03,0.0,0.00028538812785388126,2810,34,False,False,1397,0.037483930587768555,{'reconciliation_state': 1},False,,key0_asymptotic_reconciliation_0.03,0,reconciliation,0.03,asymptotic,0,0.0128205128205128
0.0,0.0,0.03,0.0,0.0,2810,34,True,True,0,0.03688693046569824,{},False,,key0_asymptotic_reconciliation_0.03,1,reconciliation,0.03,asymptotic,0,0.0128205128205128
0.0,0.0,0.03,0.0,0.00028538812785388126,2810,34,False,False,1390,0.03863668441772461,{'reconciliation_state': 1},False,,key0_asymptotic_reconciliation_0.03,2,reconciliation,0.03,asymptotic,0,0.0128205128205128
0.0,0.0,0.03,0.0,0.0,2810,34,True,True,0,0.03716111183166504,{},False,,key0_asymptotic_reconciliation_0.03,3,reconciliation,0.03,asymptotic,0,0.0128205128205128
0.0,0.0,0.03,0.0,0.00028538812785388126,2810,34,False,False,1361,0.025641918182373047,{'reconciliation_state': 1},False,,key0_asymptotic_reconciliation_0.03,4,reconciliation,0.03,asymptotic,0,0.0128205128205128
0.0,0.0,0.03,0.0,0.0005707762557077625,2810,34,False,False,1423,0.0238339900970459,{'reconciliation_state': 2},False,,key0_asymptotic_reconciliation_0.03,5,reconciliation,0.03,asymptotic,0,0.0128205128205128
0.0,0.0,0.03,0.0,0.00028538812785388126,2810,34,False,False,1405,0.029352664947509766,{'reconciliation_state': 1},False,,key0_asymptotic_reconciliation_0.03,6,reconciliation,0.03,asymptotic,0,0.0128205128205128
0.0,0.0,0.03,0.0,0.0,2810,34,True,True,0,0.030200958251953125,{},False,,key0_asymptotic_reconciliation_0.03,7,reconciliation,0.03,asymptotic,0,0.0128205128205128
0.0,0.0,0.03,0.0,0.0005707762557077625,2810,34,False,False,1395,0.02555084228515625,{'reconciliation_state': 2},False,,key0_asymptotic_reconciliation_0.03,8,reconciliation,0.03,asymptotic,0,0.0128205128205128
0.0,0.0,0.03,0.0,0.0005707762557077625,2810,34,False,False,1393,0.03622317314147949,{'reconciliation_state': 2},False,,key0_asymptotic_reconciliation_0.03,9,reconciliation,0.03,asymptotic,0,0.0128205128205128
0.0,0.0,0.03,0.0,0.00028538812785388126,2810,34,False,False,1442,0.02635645866394043,{'reconciliation_state': 1},False,,key0_asymptotic_reconciliation_0.03,10,reconciliation,0.03,asymptotic,0,0.0128205128205128
0.0,0.0,0.03,0.0,0.00028538812785388126,2810,34,False,False,1408,0.023324251174926758,{'reconciliation_state': 1},False,,key0_asymptotic_reconciliation_0.03,11,reconciliation,0.03,asymptotic,0,0.0128205128205128
0.0,0.0,0.03,0.0,0.00028538812785388126,2810,34,False,False,1418,0.024419069290161133,{'reconciliation_state': 1},False,,key0_asymptotic_reconciliation_0.03,12,reconciliation,0.03,asymptotic,0,0.0128205128205128
0.0,0.0,0.03,0.0,0.0,2810,34,True,True,0,0.021892070770263672,{},False,,key0_asymptotic_reconciliation_0.03,13,reconciliation,0.03,asymptotic,0,0.0128205128205128
0.0,0.0,0.03,0.0,0.00028538812785388126,2810,34,False,False,1386,0.024811506271362305,{'reconciliation_state': 1},False,,key0_asymptotic_reconciliation_0.03,14,reconciliation,0.03,asymptotic,0,0.0128205128205128
0.0,0.0,0.03,0.0,0.0005707762557077625,2810,34,False,False,1411,0.02562403678894043,{'reconciliation_state': 2},False,,key0_asymptotic_reconciliation_0.03,15,reconciliation,0.03,asymptotic,0,0.0128205128205128
0.0,0.0,0.03,0.0,0.0008561643835616438,2810,34,False,False,1429,0.02519822120666504,{'reconciliation_state': 3},False,,key0_asymptotic_reconciliation_0.03,16,reconciliation,0.03,asymptotic,0,0.0128205128205128
0.0,0.0,0.03,0.0,0.0008561643835616438,2810,34,False,False,1457,0.024904727935791016,{'reconciliation_state': 3},False,,key0_asymptotic_reconciliation_0.03,17,reconciliation,0.03,asymptotic,0,0.0128205128205128
0.0,0.0,0.03,0.0,0.0005707762557077625,2810,34,False,False,1432,0.023765087127685547,{'reconciliation_state': 2},False,,key0_asymptotic_reconciliation_0.03,18,reconciliation,0.03,asymptotic,0,0.0128205128205128
0.0,0.0,0.03,0.0,0.00028538812785388126,2810,34,False,False,1446,0.02249622344970703,{'reconciliation_state': 1},False,,key0_asymptotic_reconciliation_0.03,19,reconciliation,0.03,asymptotic,0,0.0128205128205128
0.0,0.0,0.01,0.0,0.0,2810,34,True,True,0,0.02162003517150879,{},False,,key0_asymptotic_reconciliation_0.01,0,reconciliation,0.01,asymptotic,0,0.0128205128205128
0.0,0.0,0.01,0.0,0.0,2810,34,True,True,0,0.025811433792114258,{},False,,key0_asymptotic_reconciliation_0.01,1,reconciliation,0.01,asymptotic,0,0.0128205128205128
0.0,0.0,0.01,0.0,0.00028538812785388126,2810,34,False,False,1420,0.022065401077270508,{'reconciliation_state': 1},False,,key0_asymptotic_reconciliation_0.01,2,reconciliation,0.01,asymptotic,0,0.0128205128205128
0.0,0.0,0.01,0.0,0.0,2810,34,True,True,0,0.02335977554321289,{},False,,key0_asymptotic_reconciliation_0.01,3,reconciliation,0.01,asymptotic,0,0.0128205128205128
0.0,0.0,0.01,0.0,0.0,2810,34,True,True,0,0.021826982498168945,{},False,,key0_asymptotic_reconciliation_0.01,4,reconciliation,0.01,asymptotic,0,0.0128205128205128
0.0,0.0,0.01,0.0,0.0,2810,34,True,True,0,0.021565675735473633,{},False,,key0_asymptotic_reconciliation_0.01,5,reconciliation,0.01,asymptotic,0,0.0128205128205128
0.0,0.0,0.01,0.0,0.0,2810,34,True,True,0,0.02140021324157715,{},False,,key0_asymptotic_reconciliation_0.01,6,reconciliation,0.01,asymptotic,0,0.0128205128205128
0.0,0.0,0.01,0.0,0.0,2810,34,True,True,0,0.028457164764404297,{},False,,key0_asymptotic_reconciliation_0.01,7,reconciliation,0.01,asymptotic,0,0.0128205128205128
0.0,0.0,0.01,0.0,0.00028538812785388126,2810,34,False,False,1438,0.022134780883789062,{'reconciliation_state': 1},False,,key0_asymptotic_reconciliation_0.01,8,reconciliation,0.01,asymptotic,0,0.0128205128205128
0.0,0.0,0.01,0.0,0.0,2810,34,True,True,0,0.022357702255249023,{},False,,key0_asymptotic_reconciliation_0.01,9,reconciliation,0.01,asymptotic,0,0.0128205128205128
0.0,0.0,0.01,0.0,0.0,2810,34,True,True,0,0.021744966506958008,{},False,,key0_asymptotic_reconciliation_0.01,10,reconciliation,0.01,asymptotic,0,0.0128205128205128
0.0,0.0,0.01,0.0,0.0,2810,34,True,True,0,0.021996498107910156,{},False,,key0_asymptotic_reconciliation_0.01,11,reconciliation,0.01,asymptotic,0,0.0128205128205128
0.0,0.0,0.01,0.0,0.0,2810,34,True,True,0,0.024739503860473633,{},False,,key0_asymptotic_reconciliation_0.01,12,reconciliation,0.01,asymptotic,0,0.0128205128205128
0.0,0.0,0.01,0.0,0.0,2810,34,True,True,0,0.022063255310058594,{},False,,key0_asymptotic_reconciliation_0.01,13,reconciliation,0.01,asymptotic,0,0.0128205128205128
0.0,0.0,0.01,0.0,0.00028538812785388126,2810,34,False,False,1403,0.02228260040283203,{'reconciliation_state': 1},False,,key0_asymptotic_reconciliation_0.01,14,reconciliation,0.01,asymptotic,0,0.0128205128205128
0.0,0.0,0.01,0.0,0.00028538812785388126,2810,34,False,False,1402,0.02293682098388672,{'reconciliation_state': 1},False,,key0_asymptotic_reconciliation_0.01,15,reconciliation,0.01,asymptotic,0,0.0128205128205128
0.0,0.0,0.01,0.0,0.00028538812785388126,2810,34,False,False,1397,0.023419857025146484,{'reconciliation_state': 1},False,,key0_asymptotic_reconciliation_0.01,16,reconciliation,0.01,asymptotic,0,0.0128205128205128
0.0,0.0,0.01,0.0,0.0,2810,34,True,True,0,0.022056102752685547,{},False,,key0_asymptotic_reconciliation_0.01,17,reconciliation,0.01,asymptotic,0,0.0128205128205128
0.0,0.0,0.01,0.0,0.0,2810,34,True,True,0,0.023406028747558594,{},False,,key0_asymptotic_reconciliation_0.01,18,reconciliation,0.01,asymptotic,0,0.0128205128205128
0.0,0.0,0.01,0.0,0.0,2810,34,True,True,0,0.02102351188659668,{},False,,key0_asymptotic_reconciliation_0.01,19,reconciliation,0.01,asymptotic,0,0.0128205128205128
0.0,0.0,0.003,0.0,0.0,2810,34,True,True,0,0.022292137145996094,{},False,,key0_asymptotic_reconciliation_0.003,0,reconciliation,0.003,asymptotic,0,0.0128205128205128
0.0,0.0,0.003,0.0,0.0,2810,34,True,True,0,0.023887157440185547,{},False,,key0_asymptotic_reconciliation_0.003,1,reconciliation,0.003,asymptotic,0,0.0128205128205128
0.0,0.0,0.003,0.0,0.0,2810,34,True,True,0,0.022945404052734375,{},False,,key0_asymptotic_reconciliation_0.003,2,reconciliation,0.003,asymptotic,0,0.0128205128205128
0.0,0.0,0.003,0.0,0.0,2810,34,True,True,0,0.021126747131347656,{},False,,key0_asymptotic_reconciliation_0.003,3,reconciliation,0.003,asymptotic,0,0.0128205128205128
0.0,0.0,0.003,0.0,0.0,2810,34,True,True,0,0.02270340919494629,{},False,,key0_asymptotic_reconciliation_0.003,4,reconciliation,0.003,asymptotic,0,0.0128205128205128
0.0,0.0,0.003,0.0,0.0,2810,34,True,True,0,0.02250504493713379,{},False,,key0_asymptotic_reconciliation_0.003,5,reconciliation,0.003,asymptotic,0,0.0128205128205128
0.0,0.0,0.003,0.0,0.0,2810,34,True,True,0,0.022118806838989258,{},False,,key0_asymptotic_reconciliation_0.003,6,reconciliation,0.003,asymptotic,0,0.0128205128205128
0.0,0.0,0.003,0.0,0.0,2810,34,True,True,0,0.022545337677001953,{},False,,key0_asymptotic_reconciliation_0.003,7,reconciliation,0.003,asymptotic,0,0.0128205128205128
0.0,0.0,0.003,0.0,0.0,2810,34,True,True,0,0.0210721492767334,{},False,,key0_asymptotic_reconciliation_0.003,8,reconciliation,0.003,asymptotic,0,0.0128205128205128
0.0,0.0,0.003,0.0,0.0,2810,34,True,True,0,0.02609395980834961,{},False,,key0_asymptotic_reconciliation_0.003,9,reconciliation,0.003,asymptotic,0,0.0128205128205128
0.0,0.0,0.003,0.0,0.0,2810,34,True,True,0,0.022838354110717773,{},False,,key0_asymptotic_reconciliation_0.003,10,reconciliation,0.003,asymptotic,0,0.0128205128205128
0.0,0.0,0.003,0.0,0.0,2810,34,True,True,0,0.03296971321105957,{},False,,key0_asymptotic_reconciliation_0.003,11,reconciliation,0.003,asymptotic,0,0.0128205128205128
0.0,0.0,0.003,0.0,0.0,2810,34,True,True,0,0.026653051376342773,{},False,,key0_asymptotic_reconciliation_0.003,12,reconciliation,0.003,asymptotic,0,0.0128205128205128
0.0,0.0,0.003,0.0,0.0,2810,34,True,True,0,0.022116661071777344,{},False,,key0_asymptotic_reconciliation_0.003,13,reconciliation,0.003,asymptotic,0,0.0128205128205128
0.0,0.0,0.003,0.0,0.0,2810,34,True,True,0,0.021760940551757812,{},False,,key0_asymptotic_reconciliation_0.003,14,reconciliation,0.003,asymptotic,0,0.0128205128205128
0.0,0.0,0.003,0.0,0.0,2810,34,True,True,0,0.022173166275024414,{},False,,key0_asymptotic_reconciliation_0.003,15,reconciliation,0.003,asymptotic,0,0.0128205128205128
0.0,0.0,0.003,0.0,0.00028538812785388126,2810,34,False,False,1411,0.0222015380859375,{'reconciliation_state': 1},False,,key0_asymptotic_reconciliation_0.003,16,reconciliation,0.003,asymptotic,0,0.0128205128205128
0.0,0.0,0.003,0.0,0.0,2810,34,True,True,0,0.022780895233154297,{},False,,key0_asymptotic_reconciliation_0.003,17,reconciliation,0.003,asymptotic,0,0.0128205128205128
0.0,0.0,0.003,0.0,0.0,2810,34,True,True,0,0.02219700813293457,{},False,,key0_asymptotic_reconciliation_0.003,18,reconciliation,0.003,asymptotic,0,0.0128205128205128
0.0,0.0,0.003,0.0,0.0,2810,34,True,True,0,0.026169776916503906,{},False,,key0_asymptotic_reconciliation_0.003,19,reconciliation,0.003,asymptotic,0,0.0128205128205128
0.0,0.0,0.001,0.0,0.0,2810,34,True,True,0,0.021656513214111328,{},False,,key0_asymptotic_reconciliation_0.001,0,reconciliation,0.001,asymptotic,0,0.0128205128205128
0.0,0.0,0.001,0.0,0.0,2810,34,True,True,0,0.025771141052246094,{},False,,key0_asymptotic_reconciliation_0.001,1,reconciliation,0.001,asymptotic,0,0.0128205128205128
0.0,0.0,0.001,0.0,0.0,2810,34,True,True,0,0.030910491943359375,{},False,,key0_asymptotic_reconciliation_0.001,2,reconciliation,0.001,asymptotic,0,0.0128205128205128
0.0,0.0,0.001,0.0,0.0,2810,34,True,True,0,0.022207975387573242,{},False,,key0_asymptotic_reconciliation_0.001,3,reconciliation,0.001,asymptotic,0,0.0128205128205128
0.0,0.0,0.001,0.0,0.0,2810,34,True,True,0,0.022879838943481445,{},False,,key0_asymptotic_reconciliation_0.001,4,reconciliation,0.001,asymptotic,0,0.0128205128205128
0.0,0.0,0.001,0.0,0.0,2810,34,True,True,0,0.0218813419342041,{},False,,key0_asymptotic_reconciliation_0.001,5,reconciliation,0.001,asymptotic,0,0.0128205128205128
0.0,0.0,0.001,0.0,0.0,2810,34,True,True,0,0.0252225399017334,{},False,,key0_asymptotic_reconciliation_0.001,6,reconciliation,0.001,asymptotic,0,0.0128205128205128
0.0,0.0,0.001,0.0,0.0,2810,34,True,True,0,0.04196667671203613,{},False,,key0_asymptotic_reconciliation_0.001,7,reconciliation,0.001,asymptotic,0,0.0128205128205128
0.0,0.0,0.001,0.0,0.0,2810,34,True,True,0,0.029816865921020508,{},False,,key0_asymptotic_reconciliation_0.001,8,reconciliation,0.001,asymptotic,0,0.0128205128205128
0.0,0.0,0.001,0.0,0.0,2810,34,True,True,0,0.023545026779174805,{},False,,key0_asymptotic_reconciliation_0.001,9,reconciliation,0.001,asymptotic,0,0.0128205128205128
0.0,0.0,0.001,0.0,0.0,2810,34,True,True,0,0.02348494529724121,{},False,,key0_asymptotic_reconciliation_0.001,10,reconciliation,0.001,asymptotic,0,0.0128205128205128
0.0,0.0,0.001,0.0,0.0,2810,34,True,True,0,0.02314925193786621,{},False,,key0_asymptotic_reconciliation_0.001,11,reconciliation,0.001,asymptotic,0,0.0128205128205128
0.0,0.0,0.001,0.0,0.0,2810,34,True,True,0,0.023184537887573242,{},False,,key0_asymptotic_reconciliation_0.001,12,reconciliation,0.001,asymptotic,0,0.0128205128205128
0.0,0.0,0.001,0.0,0.0,2810,34,True,True,0,0.021636247634887695,{},False,,key0_asymptotic_reconciliation_0.001,13,reconciliation,0.001,asymptotic,0,0.0128205128205128
0.0,0.0,0.001,0.0,0.0,2810,34,True,True,0,0.02201390266418457,{},False,,key0_asymptotic_reconciliation_0.001,14,reconciliation,0.001,asymptotic,0,0.0128205128205128
0.0,0.0,0.001,0.0,0.0,2810,34,True,True,0,0.022319555282592773,{},False,,key0_asymptotic_reconciliation_0.001,15,reconciliation,0.001,asymptotic,0,0.0128205128205128
0.0,0.0,0.001,0.0,0.0,2810,34,True,True,0,0.02303147315979004,{},False,,key0_asymptotic_reconciliation_0.001,16,reconciliation,0.001,asymptotic,0,0.0128205128205128
0.0,0.0,0.001,0.0,0.0,2810,34,True,True,0,0.023541927337646484,{},False,,key0_asymptotic_reconciliation_0.001,17,reconciliation,0.001,asymptotic,0,0.0128205128205128
0.0,0.0,0.001,0.0,0.0,2810,34,True,True,0,0.02264118194580078,{},False,,key0_asymptotic_reconciliation_0.001,18,reconciliation,0.001,asymptotic,0,0.0128205128205128
0.0,0.0,0.001,0.0,0.0,2810,34,True,True,0,0.024061203002929688,{},False,,key0_asymptotic_reconciliation_0.001,19,reconciliation,0.001,asymptotic,0,0.0128205128205128
0.5,0.0,0.0,0.0,0.0,1714,34,True,True,0,0.019993066787719727,{'toeplitz_matrix': 1},False,,key0_placeholder_toeplitz_0.5,0,toeplitz,0.5,placeholder,0,0.0128205128205128
0.5,0.0,0.0,0.0,0.0,1714,34,True,True,0,0.02264094352722168,{},False,,key0_placeholder_toeplitz_0.5,1,toeplitz,0.5,placeholder,0,0.0128205128205128
0.5,0.0,0.0,0.0,0.0,1714,34,True,True,0,0.019476890563964844,{},False,,key0_placeholder_toeplitz_0.5,2,toeplitz,0.5,placeholder,0,0.0128205128205128
0.5,0.0,0.0,0.0,0.0,1714,34,True,True,0,0.020097017288208008,{},False,,key0_placeholder_toeplitz_0.5,3,toeplitz,0.5,placeholder,0,0.0128205128205128
0.5,0.0,0.0,0.0,0.0,1714,34,True,False,1,0.019922733306884766,{'toeplitz_matrix': 1},False,,key0_placeholder_toeplitz_0.5,4,toeplitz,0.5,placeholder,0,0.0128205128205128
0.5,0.0,0.0,0.0,0.0,1714,34,True,False,1,0.019873857498168945,{'toeplitz_matrix': 1},False,,key0_placeholder_toeplitz_0.5,5,toeplitz,0.5,placeholder,0,0.0128205128205128
0.5,0.0,0.0,0.0,0.0,1714,34,True,True,0,0.021800756454467773,{},False,,key0_placeholder_toeplitz_0.5,6,toeplitz,0.5,placeholder,0,0.0128205128205128
0.5,0.0,0.0,0.0,0.0,1714,34,True,True,0,0.022982120513916016,{},False,,key0_placeholder_toeplitz_0.5,7,toeplitz,0.5,placeholder,0,0.0128205128205128
0.5,0.0,0.0,0.0,0.0,1714,34,True,True,0,0.02112412452697754,{'toeplitz_matrix': 1},False,,key0_placeholder_toeplitz_0.5,8,toeplitz,0.5,placeholder,0,0.0128205128205128
0.5,0.0,0.0,0.0,0.0,1714,34,True,True,0,0.022282838821411133,{},False,,key0_placeholder_toeplitz_0.5,9,toeplitz,0.5,placeholder,0,0.0128205128205128
0.5,0.0,0.0,0.0,0.0,1714,34,True,False,1,0.019974946975708008,{'toeplitz_matrix': 1},False,,key0_placeholder_toeplitz_0.5,10,toeplitz,0.5,placeholder,0,0.0128205128205128
0.5,0.0,0.0,0.0,0.0,1714,34,True,True,0,0.025181293487548828,{},False,,key0_placeholder_toeplitz_0.5,11,toeplitz,0.5,placeholder,0,0.0128205128205128
0.5,0.0,0.0,0.0,0.0,1714,34,True,True,0,0.026105165481567383,{},False,,key0_placeholder_toeplitz_0.5,12,toeplitz,0.5,placeholder,0,0.0128205128205128
0.5,0.0,0.0,0.0,0.0,1714,34,True,False,1,0.02673816680908203,{'toeplitz_matrix': 1},False,,key0_placeholder_toeplitz_0.5,13,toeplitz,0.5,placeholder,0,0.0128205128205128
0.5,0.0,0.0,0.0,0.0,1714,34,True,False,1,0.02151632308959961,{'toeplitz_matrix': 1},False,,key0_placeholder_toeplitz_0.5,14,toeplitz,0.5,placeholder,0,0.0128205128205128
0.5,0.0,0.0,0.0,0.0,1714,34,True,True,0,0.02183842658996582,{'toeplitz_matrix': 1},False,,key0_placeholder_toeplitz_0.5,15,toeplitz,0.5,placeholder,0,0.0128205128205128
0.5,0.0,0.0,0.0,0.0,1714,34,True,False,1,0.020979881286621094,{'toeplitz_matrix': 1},False,,key0_placeholder_toeplitz_0.5,16,toeplitz,0.5,placeholder,0,0.0128205128205128
0.5,0.0,0.0,0.0,0.0,1714,34,True,False,1,0.02341628074645996,{'toeplitz_matrix': 1},False,,key0_placeholder_toeplitz_0.5,17,toeplitz,0.5,placeholder,0,0.0128205128205128
0.5,0.0,0.0,0.0,0.0,1714,34,True,True,0,0.019787311553955078,{'toeplitz_matrix': 1},False,,key0_placeholder_toeplitz_0.5,18,toeplitz,0.5,placeholder,0,0.0128205128205128
0.5,0.0,0.0,0.0,0.0,1714,34,True,True,0,0.024010181427001953,{},False,,key0_placeholder_toeplitz_0.5,19,toeplitz,0.5,placeholder,0,0.0128205128205128
0.3,0.0,0.0,0.0,0.0,1714,34,True,True,0,0.020512819290161133,{},False,,key0_placeholder_toeplitz_0.3,0,toeplitz,0.3,placeholder,0,0.0128205128205128
0.3,0.0,0.0,0.0,0.0,1714,34,True,True,0,0.02123713493347168,{},False,,key0_placeholder_toeplitz_0.3,1,toeplitz,0.3,placeholder,0,0.0128205128205128
0.3,0.0,0.0,0.0,0.0,1714,34,True,True,0,0.02587890625,{},False,,key0_placeholder_toeplitz_0.3,2,toeplitz,0.3,placeholder,0,0.0128205128205128
0.3,0.0,0.0,0.0,0.0,1714,34,True,True,0,0.02114272117614746,{},False,,key0_placeholder_toeplitz_0.3,3,toeplitz,0.3,placeholder,0,0.0128205128205128
0.3,0.0,0.0,0.0,0.0,1714,34,True,False,1,0.02050185203552246,{'toeplitz_matrix': 1},False,,key0_placeholder_toeplitz_0.3,4,toeplitz,0.3,placeholder,0,0.0128205128205128
0.3,0.0,0.0,0.0,0.0,1714,34,True,False,1,0.021601200103759766,{'toeplitz_matrix': 1},False,,key0_placeholder_toeplitz_0.3,5,toeplitz,0.3,placeholder,0,0.0128205128205128
0.3,0.0,0.0,0.0,0.0,1714,34,True,True,0,0.020444869995117188,{},False,,key0_placeholder_toeplitz_0.3,6,toeplitz,0.3,placeholder,0,0.0128205128205128
0.3,0.0,0.0,0.0,0.0,1714,34,True,True,0,0.022328615188598633,{},False,,key0_placeholder_toeplitz_0.3,7,toeplitz,0.3,placeholder,0,0.0128205128205128
0.3,0.0,0.0,0.0,0.0,1714,34,True,True,0,0.020481586456298828,{},False,,key0_placeholder_toeplitz_0.3,8,toeplitz,0.3,placeholder,0,0.0128205128205128
0.3,0.0,0.0,0.0,0.0,1714,34,True,True,0,0.02005147933959961,{},False,,key0_placeholder_toeplitz_0.3,9,toeplitz,0.3,placeholder,0,0.0128205128205128
0.3,0.0,0.0,0.0,0.0,1714,34,True,False,1,0.020371198654174805,{'toeplitz_matrix': 1},False,,key0_placeholder_toeplitz_0.3,10,toeplitz,0.3,placeholder,0,0.0128205128205128
0.3,0.0,0.0,0.0,0.0,1714,34,True,True,0,0.020566940307617188,{},False,,key0_placeholder_toeplitz_0.3,11,toeplitz,0.3,placeholder,0,0.0128205128205128
0.3,0.0,0.0,0.0,0.0,1714,34,True,True,0,0.023356914520263672,{},False,,key0_placeholder_toeplitz_0.3,12,toeplitz,0.3,placeholder,0,0.0128205128205128
0.3,0.0,0.0,0.0,0.0,1714,34,True,True,0,0.021811962127685547,{},False,,key0_placeholder_toeplitz_0.3,13,toeplitz,0.3,placeholder,0,0.0128205128205128
0.3,0.0,0.0,0.0,0.0,1714,34,True,True,0,0.019517898559570312,{},False,,key0_placeholder_toeplitz_0.3,14,toeplitz,0.3,placeholder,0,0.0128205128205128
0.3,0.0,0.0,0.0,0.0,1714,34,True,True,0,0.021307706832885742,{'toeplitz_matrix': 1},False,,key0_placeholder_toeplitz_0.3,15,toeplitz,0.3,placeholder,0,0.0128205128205128
0.3,0.0,0.0,0.0,0.0,1714,34,True,False,1,0.02099609375,{'toeplitz_matrix': 1},False,,key0_placeholder_toeplitz_0.3,16,toeplitz,0.3,placeholder,0,0.0128205128205128
0.3,0.0,0.0,0.0,0.0,1714,34,True,False,1,0.02112889289855957,{'toeplitz_matrix': 1},False,,key0_placeholder_toeplitz_0.3,17,toeplitz,0.3,placeholder,0,0.0128205128205128
0.3,0.0,0.0,0.0,0.0,1714,34,True,True,0,0.029629945755004883,{},False,,key0_placeholder_toeplitz_0.3,18,toeplitz,0.3,placeholder,0,0.0128205128205128
0.3,0.0,0.0,0.0,0.0,1714,34,True,True,0,0.020969867706298828,{},False,,key0_placeholder_toeplitz_0.3,19,toeplitz,0.3,placeholder,0,0.0128205128205128
0.1,0.0,0.0,0.0,0.0,1714,34,True,True,0,0.022949934005737305,{},False,,key0_placeholder_toeplitz_0.1,0,toeplitz,0.1,placeholder,0,0.0128205128205128
0.1,0.0,0.0,0.0,0.0,1714,34,True,True,0,0.02600240707397461,{},False,,key0_placeholder_toeplitz_0.1,1,toeplitz,0.1,placeholder,0,0.0128205128205128
0.1,0.0,0.0,0.0,0.0,1714,34,True,True,0,0.02341461181640625,{},False,,key0_placeholder_toeplitz_0.1,2,toeplitz,0.1,placeholder,0,0.0128205128205128
0.1,0.0,0.0,0.0,0.0,1714,34,True,True,0,0.02436518669128418,{},False,,key0_placeholder_toeplitz_0.1,3,toeplitz,0.1,placeholder,0,0.0128205128205128
0.1,0.0,0.0,0.0,0.0,1714,34,True,True,0,0.02413034439086914,{},False,,key0_placeholder_toeplitz_0.1,4,toeplitz,0.1,placeholder,0,0.0128205128205128
0.1,0.0,0.0,0.0,0.0,1714,34,True,True,0,0.023417234420776367,{},False,,key0_placeholder_toeplitz_0.1,5,toeplitz,0.1,placeholder,0,0.0128205128205128
0.1,0.0,0.0,0.0,0.0,1714,34,True,True,0,0.02550196647644043,{},False,,key0_placeholder_toeplitz_0.1,6,toeplitz,0.1,placeholder,0,0.0128205128205128
0.1,0.0,0.0,0.0,0.0,1714,34,True,True,0,0.022669315338134766,{},False,,key0_placeholder_toeplitz_0.1,7,toeplitz,0.1,placeholder,0,0.0128205128205128
0.1,0.0,0.0,0.0,0.0,1714,34,True,True,0,0.024039506912231445,{},False,,key0_placeholder_toeplitz_0.1,8,toeplitz,0.1,placeholder,0,0.0128205128205128
0.1,0.0,0.0,0.0,0.0,1714,34,True,True,0,0.026314496994018555,{},False,,key0_placeholder_toeplitz_0.1,9,toeplitz,0.1,placeholder,0,0.0128205128205128
0.1,0.0,0.0,0.0,0.0,1714,34,True,True,0,0.03612875938415527,{},False,,key0_placeholder_toeplitz_0.1,10,toeplitz,0.1,placeholder,0,0.0128205128205128
0.1,0.0,0.0,0.0,0.0,1714,34,True,True,0,0.0328061580657959,{},False,,key0_placeholder_toeplitz_0.1,11,toeplitz,0.1,placeholder,0,0.0128205128205128
0.1,0.0,0.0,0.0,0.0,1714,34,True,True,0,0.035787105560302734,{},False,,key0_placeholder_toeplitz_0.1,12,toeplitz,0.1,placeholder,0,0.0128205128205128
0.1,0.0,0.0,0.0,0.0,1714,34,True,True,0,0.028668642044067383,{},False,,key0_placeholder_toeplitz_0.1,13,toeplitz,0.1,placeholder,0,0.0128205128205128
0.1,0.0,0.0,0.0,0.0,1714,34,True,True,0,0.025650978088378906,{},False,,key0_placeholder_toeplitz_0.1,14,toeplitz,0.1,placeholder,0,0.0128205128205128
0.1,0.0,0.0,0.0,0.0,1714,34,True,True,0,0.02742743492126465,{},False,,key0_placeholder_toeplitz_0.1,15,toeplitz,0.1,placeholder,0,0.0128205128205128
0.1,0.0,0.0,0.0,0.0,1714,34,True,True,0,0.021368026733398438,{},False,,key0_placeholder_toeplitz_0.1,16,toeplitz,0.1,placeholder,0,0.0128205128205128
0.1,0.0,0.0,0.0,0.0,1714,34,True,True,0,0.022066593170166016,{},False,,key0_placeholder_toeplitz_0.1,17,toeplitz,0.1,placeholder,0,0.0128205128205128
0.1,0.0,0.0,0.0,0.0,1714,34,True,True,0,0.021448850631713867,{},False,,key0_placeholder_toeplitz_0.1,18,toeplitz,0.1,placeholder,0,0.0128205128205128
0.1,0.0,0.0,0.0,0.0,1714,34,True,True,0,0.020704030990600586,{},False,,key0_placeholder_toeplitz_0.1,19,toeplitz,0.1,placeholder,0,0.0128205128205128
0.05,0.0,0.0,0.0,0.0,1714,34,True,True,0,0.021502971649169922,{},False,,key0_placeholder_toeplitz_0.05,0,toeplitz,0.05,placeholder,0,0.0128205128205128
0.05,0.0,0.0,0.0,0.0,1714,34,True,True,0,0.023078441619873047,{},False,,key0_placeholder_toeplitz_0.05,1,toeplitz,0.05,placeholder,0,0.0128205128205128
0.05,0.0,0.0,0.0,0.0,1714,34,True,True,0,0.021054983139038086,{},False,,key0_placeholder_toeplitz_0.05,2,toeplitz,0.05,placeholder,0,0.0128205128205128
0.05,0.0,0.0,0.0,0.0,1714,34,True,True,0,0.021393299102783203,{},False,,key0_placeholder_toeplitz_0.05,3,toeplitz,0.05,placeholder,0,0.0128205128205128
0.05,0.0,0.0,0.0,0.0,1714,34,True,True,0,0.020102262496948242,{},False,,key0_placeholder_toeplitz_0.05,4,toeplitz,0.05,placeholder,0,0.0128205128205128
0.05,0.0,0.0,0.0,0.0,1714,34,True,True,0,0.02118229866027832,{},False,,key0_placeholder_toeplitz_0.05,5,toeplitz,0.05,placeholder,0,0.0128205128205128
0.05,0.0,0.0,0.0,0.0,1714,34,True,True,0,0.02034759521484375,{},False,,key0_placeholder_toeplitz_0.05,6,toeplitz,0.05,placeholder,0,0.0128205128205128
0.05,0.0,0.0,0.0,0.0,1714,34,True,True,0,0.021335840225219727,{},False,,key0_placeholder_toeplitz_0.05,7,toeplitz,0.05,placeholder,0,0.0128205128205128
0.05,0.0,0.0,0.0,0.0,1714,34,True,True,0,0.01971435546875,{},False,,key0_placeholder_toeplitz_0.05,8,toeplitz,0.05,placeholder,0,0.0128205128205128
0.05,0.0,0.0,0.0,0.0,1714,34,True,True,0,0.021310091018676758,{},False,,key0_placeholder_toeplitz_0.05,9,toeplitz,0.05,placeholder,0,0.0128205128205128
0.05,0.0,0.0,0.0,0.0,1714,34,True,True,0,0.020322084426879883,{},False,,key0_placeholder_toeplitz_0.05,10,toeplitz,0.05,placeholder,0,0.0128205128205128
0.05,0.0,0.0,0.0,0.0,1714,34,True,True,0,0.022571563720703125,{},False,,key0_placeholder_toeplitz_0.05,11,toeplitz,0.05,placeholder,0,0.0128205128205128
0.05,0.0,0.0,0.0,0.0,1714,34,True,True,0,0.021747589111328125,{},False,,key0_placeholder_toeplitz_0.05,12,toeplitz,0.05,placeholder,0,0.0128205128205128
0.05,0.0,0.0,0.0,0.0,1714,34,True,True,0,0.019593238830566406,{},False,,key0_placeholder_toeplitz_0.05,13,toeplitz,0.05,placeholder,0,0.0128205128205128
0.05,0.0,0.0,0.0,0.0,1714,34,True,True,0,0.019754648208618164,{},False,,key0_placeholder_toeplitz_0.05,14,toeplitz,0.05,placeholder,0,0.0128205128205128
0.05,0.0,0.0,0.0,0.0,1714,34,True,True,0,0.02130293846130371,{},False,,key0_placeholder_toeplitz_0.05,15,toeplitz,0.05,placeholder,0,0.0128205128205128
0.05,0.0,0.0,0.0,0.0,1714,34,True,True,0,0.021705150604248047,{},False,,key0_placeholder_toeplitz_0.05,16,toeplitz,0.05,placeholder,0,0.0128205128205128
0.05,0.0,0.0,0.0,0.0,1714,34,True,True,0,0.020645856857299805,{},False,,key0_placeholder_toeplitz_0.05,17,toeplitz,0.05,placeholder,0,0.0128205128205128
0.05,0.0,0.0,0.0,0.0,1714,34,True,True,0,0.020249366760253906,{},False,,key0_placeholder_toeplitz_0.05,18,toeplitz,0.05,placeholder,0,0.0128205128205128
0.05,0.0,0.0,0.0,0.0,1714,34,True,True,0,0.02231574058532715,{},False,,key0_placeholder_toeplitz_0.05,19,toeplitz,0.05,placeholder,0,0.0128205128205128
0.03,0.0,0.0,0.0,0.0,1714,34,True,True,0,0.021251916885375977,{},False,,key0_placeholder_toeplitz_0.03,0,toeplitz,0.03,placeholder,0,0.0128205128205128
0.03,0.0,0.0,0.0,0.0,1714,34,True,True,0,0.021914005279541016,{},False,,key0_placeholder_toeplitz_0.03,1,toeplitz,0.03,placeholder,0,0.0128205128205128
0.03,0.0,0.0,0.0,0.0,1714,34,True,True,0,0.0237729549407959,{},False,,key0_placeholder_toeplitz_0.03,2,toeplitz,0.03,placeholder,0,0.0128205128205128
0.03,0.0,0.0,0.0,0.0,1714,34,True,True,0,0.020137548446655273,{},False,,key0_placeholder_toeplitz_0.03,3,toeplitz,0.03,placeholder,0,0.0128205128205128
0.03,0.0,0.0,0.0,0.0,1714,34,True,True,0,0.020783662796020508,{},False,,key0_placeholder_toeplitz_0.03,4,toeplitz,0.03,placeholder,0,0.0128205128205128
0.03,0.0,0.0,0.0,0.0,1714,34,True,True,0,0.020488262176513672,{},False,,key0_placeholder_toeplitz_0.03,5,toeplitz,0.03,placeholder,0,0.0128205128205128
0.03,0.0,0.0,0.0,0.0,1714,34,True,True,0,0.02034449577331543,{},False,,key0_placeholder_toeplitz_0.03,6,toeplitz,0.03,placeholder,0,0.0128205128205128
0.03,0.0,0.0,0.0,0.0,1714,34,True,True,0,0.0204927921295166,{},False,,key0_placeholder_toeplitz_0.03,7,toeplitz,0.03,placeholder,0,0.0128205128205128
0.03,0.0,0.0,0.0,0.0,1714,34,True,True,0,0.020875215530395508,{},False,,key0_placeholder_toeplitz_0.03,8,toeplitz,0.03,placeholder,0,0.0128205128205128
0.03,0.0,0.0,0.0,0.0,1714,34,True,True,0,0.026134490966796875,{},False,,key0_placeholder_toeplitz_0.03,9,toeplitz,0.03,placeholder,0,0.0128205128205128
0.03,0.0,0.0,0.0,0.0,1714,34,True,True,0,0.02105259895324707,{},False,,key0_placeholder_toeplitz_0.03,10,toeplitz,0.03,placeholder,0,0.0128205128205128
0.03,0.0,0.0,0.0,0.0,1714,34,True,True,0,0.02350139617919922,{},False,,key0_placeholder_toeplitz_0.03,11,toeplitz,0.03,placeholder,0,0.0128205128205128
0.03,0.0,0.0,0.0,0.0,1714,34,True,True,0,0.02263617515563965,{},False,,key0_placeholder_toeplitz_0.03,12,toeplitz,0.03,placeholder,0,0.0128205128205128
0.03,0.0,0.0,0.0,0.0,1714,34,True,True,0,0.021651268005371094,{},False,,key0_placeholder_toeplitz_0.03,13,toeplitz,0.03,placeholder,0,0.0128205128205128
0.03,0.0,0.0,0.0,0.0,1714,34,True,True,0,0.01976609230041504,{},False,,key0_placeholder_toeplitz_0.03,14,toeplitz,0.03,placeholder,0,0.0128205128205128
0.03,0.0,0.0,0.0,0.0,1714,34,True,True,0,0.02050185203552246,{},False,,key0_placeholder_toeplitz_0.03,15,toeplitz,0.03,placeholder,0,0.0128205128205128
0.03,0.0,0.0,0.0,0.0,1714,34,True,True,0,0.020083904266357422,{},False,,key0_placeholder_toeplitz_0.03,16,toeplitz,0.03,placeholder,0,0.0128205128205128
0.03,0.0,0.0,0.0,0.0,1714,34,True,True,0,0.021753549575805664,{},False,,key0_placeholder_toeplitz_0.03,17,toeplitz,0.03,placeholder,0,0.0128205128205128
0.03,0.0,0.0,0.0,0.0,1714,34,True,True,0,0.022609472274780273,{},False,,key0_placeholder_toeplitz_0.03,18,toeplitz,0.03,placeholder,0,0.0128205128205128
0.03,0.0,0.0,0.0,0.0,1714,34,True,True,0,0.021533966064453125,{},False,,key0_placeholder_toeplitz_0.03,19,toeplitz,0.03,placeholder,0,0.0128205128205128
0.01,0.0,0.0,0.0,0.0,1714,34,True,True,0,0.022542953491210938,{},False,,key0_placeholder_toeplitz_0.01,0,toeplitz,0.01,placeholder,0,0.0128205128205128
0.01,0.0,0.0,0.0,0.0,1714,34,True,True,0,0.030208826065063477,{},False,,key0_placeholder_toeplitz_0.01,1,toeplitz,0.01,placeholder,0,0.0128205128205128
0.01,0.0,0.0,0.0,0.0,1714,34,True,True,0,0.021335601806640625,{},False,,key0_placeholder_toeplitz_0.01,2,toeplitz,0.01,placeholder,0,0.0128205128205128
0.01,0.0,0.0,0.0,0.0,1714,34,True,True,0,0.019539594650268555,{},False,,key0_placeholder_toeplitz_0.01,3,toeplitz,0.01,placeholder,0,0.0128205128205128
0.01,0.0,0.0,0.0,0.0,1714,34,True,True,0,0.01965641975402832,{},False,,key0_placeholder_toeplitz_0.01,4,toeplitz,0.01,placeholder,0,0.0128205128205128
0.01,0.0,0.0,0.0,0.0,1714,34,True,True,0,0.0202944278717041,{},False,,key0_placeholder_toeplitz_0.01,5,toeplitz,0.01,placeholder,0,0.0128205128205128
0.01,0.0,0.0,0.0,0.0,1714,34,True,True,0,0.019446611404418945,{},False,,key0_placeholder_toeplitz_0.01,6,toeplitz,0.01,placeholder,0,0.0128205128205128
0.01,0.0,0.0,0.0,0.0,1714,34,True,True,0,0.021073341369628906,{},False,,key0_placeholder_toeplitz_0.01,7,toeplitz,0.01,placeholder,0,0.0128205128205128
0.01,0.0,0.0,0.0,0.0,1714,34,True,True,0,0.01947927474975586,{},False,,key0_placeholder_toeplitz_0.01,8,toeplitz,0.01,placeholder,0,0.0128205128205128
0.01,0.0,0.0,0.0,0.0,1714,34,True,True,0,0.01979827880859375,{},False,,key0_placeholder_toeplitz_0.01,9,toeplitz,0.01,placeholder,0,0.0128205128205128
0.01,0.0,0.0,0.0,0.0,1714,34,True,True,0,0.020978212356567383,{},False,,key0_placeholder_toeplitz_0.01,10,toeplitz,0.01,placeholder,0,0.0128205128205128
0.01,0.0,0.0,0.0,0.0,1714,34,True,True,0,0.021933317184448242,{},False,,key0_placeholder_toeplitz_0.01,11,toeplitz,0.01,placeholder,0,0.0128205128205128
0.01,0.0,0.0,0.0,0.0,1714,34,True,True,0,0.021741628646850586,{},False,,key0_placeholder_toeplitz_0.01,12,toeplitz,0.01,placeholder,0,0.0128205128205128
0.01,0.0,0.0,0.0,0.0,1714,34,True,True,0,0.01955389976501465,{},False,,key0_placeholder_toeplitz_0.01,13,toeplitz,0.01,placeholder,0,0.0128205128205128
0.01,0.0,0.0,0.0,0.0,1714,34,True,True,0,0.020232677459716797,{},False,,key0_placeholder_toeplitz_0.01,14,toeplitz,0.01,placeholder,0,0.0128205128205128
0.01,0.0,0.0,0.0,0.0,1714,34,True,True,0,0.020236492156982422,{},False,,key0_placeholder_toeplitz_0.01,15,toeplitz,0.01,placeholder,0,0.0128205128205128
0.01,0.0,0.0,0.0,0.0,1714,34,True,True,0,0.02062249183654785,{},False,,key0_placeholder_toeplitz_0.01,16,toeplitz,0.01,placeholder,0,0.0128205128205128
0.01,0.0,0.0,0.0,0.0,1714,34,True,True,0,0.019985437393188477,{},False,,key0_placeholder_toeplitz_0.01,17,toeplitz,0.01,placeholder,0,0.0128205128205128
0.01,0.0,0.0,0.0,0.0,1714,34,True,True,0,0.02054429054260254,{},False,,key0_placeholder_toeplitz_0.01,18,toeplitz,0.01,placeholder,0,0.0128205128205128
0.01,0.0,0.0,0.0,0.0,1714,34,True,True,0,0.02672433853149414,{},False,,key0_placeholder_toeplitz_0.01,19,toeplitz,0.01,placeholder,0,0.0128205128205128
0.003,0.0,0.0,0.0,0.0,1714,34,True,True,0,0.020087480545043945,{},False,,key0_placeholder_toeplitz_0.003,0,toeplitz,0.003,placeholder,0,0.0128205128205128
0.003,0.0,0.0,0.0,0.0,1714,34,True,True,0,0.02257537841796875,{},False,,key0_placeholder_toeplitz_0.003,1,toeplitz,0.003,placeholder,0,0.0128205128205128
0.003,0.0,0.0,0.0,0.0,1714,34,True,True,0,0.022122621536254883,{},False,,key0_placeholder_toeplitz_0.003,2,toeplitz,0.003,placeholder,0,0.0128205128205128
0.003,0.0,0.0,0.0,0.0,1714,34,True,True,0,0.019827604293823242,{},False,,key0_placeholder_toeplitz_0.003,3,toeplitz,0.003,placeholder,0,0.0128205128205128
0.003,0.0,0.0,0.0,0.0,1714,34,True,True,0,0.022457599639892578,{},False,,key0_placeholder_toeplitz_0.003,4,toeplitz,0.003,placeholder,0,0.0128205128205128
0.003,0.0,0.0,0.0,0.0,1714,34,True,True,0,0.02047133445739746,{},False,,key0_placeholder_toeplitz_0.003,5,toeplitz,0.003,placeholder,0,0.0128205128205128
0.003,0.0,0.0,0.0,0.0,1714,34,True,True,0,0.02150130271911621,{},False,,key0_placeholder_toeplitz_0.003,6,toeplitz,0.003,placeholder,0,0.0128205128205128
0.003,0.0,0.0,0.0,0.0,1714,34,True,True,0,0.02132725715637207,{},False,,key0_placeholder_toeplitz_0.003,7,toeplitz,0.003,placeholder,0,0.0128205128205128
0.003,0.0,0.0,0.0,0.0,1714,34,True,True,0,0.019717693328857422,{},False,,key0_placeholder_toeplitz_0.003,8,toeplitz,0.003,placeholder,0,0.0128205128205128
0.003,0.0,0.0,0.0,0.0,1714,34,True,True,0,0.025393009185791016,{},False,,key0_placeholder_toeplitz_0.003,9,toeplitz,0.003,placeholder,0,0.0128205128205128
0.003,0.0,0.0,0.0,0.0,1714,34,True,True,0,0.053624629974365234,{},False,,key0_placeholder_toeplitz_0.003,10,toeplitz,0.003,placeholder,0,0.0128205128205128
0.003,0.0,0.0,0.0,0.0,1714,34,True,True,0,0.027695894241333008,{},False,,key0_placeholder_toeplitz_0.003,11,toeplitz,0.003,placeholder,0,0.0128205128205128
0.003,0.0,0.0,0.0,0.0,1714,34,True,True,0,0.021451473236083984,{},False,,key0_placeholder_toeplitz_0.003,12,toeplitz,0.003,placeholder,0,0.0128205128205128
0.003,0.0,0.0,0.0,0.0,1714,34,True,True,0,0.025333642959594727,{},False,,key0_placeholder_toeplitz_0.003,13,toeplitz,0.003,placeholder,0,0.0128205128205128
0.003,0.0,0.0,0.0,0.0,1714,34,True,True,0,0.028832197189331055,{},False,,key0_placeholder_toeplitz_0.003,14,toeplitz,0.003,placeholder,0,0.0128205128205128
0.003,0.0,0.0,0.0,0.0,1714,34,True,True,0,0.02633070945739746,{},False,,key0_placeholder_toeplitz_0.003,15,toeplitz,0.003,placeholder,0,0.0128205128205128
0.003,0.0,0.0,0.0,0.0,1714,34,True,True,0,0.02459573745727539,{},False,,key0_placeholder_toeplitz_0.003,16,toeplitz,0.003,placeholder,0,0.0128205128205128
0.003,0.0,0.0,0.0,0.0,1714,34,True,True,0,0.030541658401489258,{},False,,key0_placeholder_toeplitz_0.003,17,toeplitz,0.003,placeholder,0,0.0128205128205128
0.003,0.0,0.0,0.0,0.0,1714,34,True,True,0,0.025591611862182617,{},False,,key0_placeholder_toeplitz_0.003,18,toeplitz,0.003,placeholder,0,0.0128205128205128
0.003,0.0,0.0,0.0,0.0,1714,34,True,True,0,0.02680826187133789,{},False,,key0_placeholder_toeplitz_0.003,19,toeplitz,0.003,placeholder,0,0.0128205128205128
0.001,0.0,0.0,0.0,0.0,1714,34,True,True,0,0.02015972137451172,{},False,,key0_placeholder_toeplitz_0.001,0,toeplitz,0.001,placeholder,0,0.0128205128205128
0.001,0.0,0.0,0.0,0.0,1714,34,True,True,0,0.020354032516479492,{},False,,key0_placeholder_toeplitz_0.001,1,toeplitz,0.001,placeholder,0,0.0128205128205128
0.001,0.0,0.0,0.0,0.0,1714,34,True,True,0,0.024088382720947266,{},False,,key0_placeholder_toeplitz_0.001,2,toeplitz,0.001,placeholder,0,0.0128205128205128
0.001,0.0,0.0,0.0,0.0,1714,34,True,True,0,0.022518634796142578,{},False,,key0_placeholder_toeplitz_0.001,3,toeplitz,0.001,placeholder,0,0.0128205128205128
0.001,0.0,0.0,0.0,0.0,1714,34,True,True,0,0.024470090866088867,{},False,,key0_placeholder_toeplitz_0.001,4,toeplitz,0.001,placeholder,0,0.0128205128205128
0.001,0.0,0.0,0.0,0.0,1714,34,True,True,0,0.021541595458984375,{},False,,key0_placeholder_toeplitz_0.001,5,toeplitz,0.001,placeholder,0,0.0128205128205128
0.001,0.0,0.0,0.0,0.0,1714,34,True,True,0,0.020623207092285156,{},False,,key0_placeholder_toeplitz_0.001,6,toeplitz,0.001,placeholder,0,0.0128205128205128
0.001,0.0,0.0,0.0,0.0,1714,34,True,True,0,0.020838499069213867,{},False,,key0_placeholder_toeplitz_0.001,7,toeplitz,0.001,placeholder,0,0.0128205128205128
0.001,0.0,0.0,0.0,0.0,1714,34,True,True,0,0.023148775100708008,{},False,,key0_placeholder_toeplitz_0.001,8,toeplitz,0.001,placeholder,0,0.0128205128205128
0.001,0.0,0.0,0.0,0.0,1714,34,True,True,0,0.02114105224609375,{},False,,key0_placeholder_toeplitz_0.001,9,toeplitz,0.001,placeholder,0,0.0128205128205128
0.001,0.0,0.0,0.0,0.0,1714,34,True,True,0,0.020638227462768555,{},False,,key0_placeholder_toeplitz_0.001,10,toeplitz,0.001,placeholder,0,0.0128205128205128
0.001,0.0,0.0,0.0,0.0,1714,34,True,True,0,0.02176952362060547,{},False,,key0_placeholder_toeplitz_0.001,11,toeplitz,0.001,placeholder,0,0.0128205128205128
0.001,0.0,0.0,0.0,0.0,1714,34,True,True,0,0.024611473083496094,{},False,,key0_placeholder_toeplitz_0.001,12,toeplitz,0.001,placeholder,0,0.0128205128205128
0.001,0.0,0.0,0.0,0.0,1714,34,True,True,0,0.021113157272338867,{},False,,key0_placeholder_toeplitz_0.001,13,toeplitz,0.001,placeholder,0,0.0128205128205128
0.001,0.0,0.0,0.0,0.0,1714,34,True,True,0,0.0218198299407959,{},False,,key0_placeholder_toeplitz_0.001,14,toeplitz,0.001,placeholder,0,0.0128205128205128
0.001,0.0,0.0,0.0,0.0,1714,34,True,True,0,0.020856380462646484,{},False,,key0_placeholder_toeplitz_0.001,15,toeplitz,0.001,placeholder,0,0.0128205128205128
0.001,0.0,0.0,0.0,0.0,1714,34,True,True,0,0.020952224731445312,{},False,,key0_placeholder_toeplitz_0.001,16,toeplitz,0.001,placeholder,0,0.0128205128205128
0.001,0.0,0.0,0.0,0.0,1714,34,True,True,0,0.02159905433654785,{},False,,key0_placeholder_toeplitz_0.001,17,toeplitz,0.001,placeholder,0,0.0128205128205128
0.001,0.0,0.0,0.0,0.0,1714,34,True,True,0,0.021709442138671875,{},False,,key0_placeholder_toeplitz_0.001,18,toeplitz,0.001,placeholder,0,0.0128205128205128
0.001,0.0,0.0,0.0,0.0,1714,34,True,True,0,0.02155613899230957,{},False,,key0_placeholder_toeplitz_0.001,19,toeplitz,0.001,placeholder,0,0.0128205128205128
0.0,0.5,0.0,0.0,0.0,1714,34,True,False,1,0.020224332809448242,{'final_key': 1},False,,key0_placeholder_final_key_0.5,0,final_key,0.5,placeholder,0,0.0128205128205128
0.0,0.5,0.0,0.0,0.0,1714,34,True,True,0,0.022052764892578125,{},False,,key0_placeholder_final_key_0.5,1,final_key,0.5,placeholder,0,0.0128205128205128
0.0,0.5,0.0,0.0,0.0,1714,34,True,False,1,0.02086925506591797,{'final_key': 1},False,,key0_placeholder_final_key_0.5,2,final_key,0.5,placeholder,0,0.0128205128205128
0.0,0.5,0.0,0.0,0.0,1714,34,True,True,0,0.02073502540588379,{},False,,key0_placeholder_final_key_0.5,3,final_key,0.5,placeholder,0,0.0128205128205128
0.0,0.5,0.0,0.0,0.0,1714,34,True,True,0,0.021471261978149414,{},False,,key0_placeholder_final_key_0.5,4,final_key,0.5,placeholder,0,0.0128205128205128
0.0,0.5,0.0,0.0,0.0,1714,34,True,True,0,0.020844459533691406,{},False,,key0_placeholder_final_key_0.5,5,final_key,0.5,placeholder,0,0.0128205128205128
0.0,0.5,0.0,0.0,0.0,1714,34,True,True,0,0.021103382110595703,{},False,,key0_placeholder_final_key_0.5,6,final_key,0.5,placeholder,0,0.0128205128205128
0.0,0.5,0.0,0.0,0.0,1714,34,True,True,0,0.021512746810913086,{},False,,key0_placeholder_final_key_0.5,7,final_key,0.5,placeholder,0,0.0128205128205128
0.0,0.5,0.0,0.0,0.0,1714,34,True,False,1,0.02152729034423828,{'final_key': 1},False,,key0_placeholder_final_key_0.5,8,final_key,0.5,placeholder,0,0.0128205128205128
0.0,0.5,0.0,0.0,0.0,1714,34,True,True,0,0.021770238876342773,{},False,,key0_placeholder_final_key_0.5,9,final_key,0.5,placeholder,0,0.0128205128205128
0.0,0.5,0.0,0.0,0.0,1714,34,True,False,1,0.02104949951171875,{'final_key': 1},False,,key0_placeholder_final_key_0.5,10,final_key,0.5,placeholder,0,0.0128205128205128
0.0,0.5,0.0,0.0,0.0,1714,34,True,False,1,0.02147078514099121,{'final_key': 1},False,,key0_placeholder_final_key_0.5,11,final_key,0.5,placeholder,0,0.0128205128205128
0.0,0.5,0.0,0.0,0.0,1714,34,True,False,1,0.02126336097717285,{'final_key': 1},False,,key0_placeholder_final_key_0.5,12,final_key,0.5,placeholder,0,0.0128205128205128
0.0,0.5,0.0,0.0,0.0,1714,34,True,False,1,0.020706892013549805,{'final_key': 1},False,,key0_placeholder_final_key_0.5,13,final_key,0.5,placeholder,0,0.0128205128205128
0.0,0.5,0.0,0.0,0.0,1714,34,True,True,0,0.021633625030517578,{},False,,key0_placeholder_final_key_0.5,14,final_key,0.5,placeholder,0,0.0128205128205128
0.0,0.5,0.0,0.0,0.0,1714,34,True,True,0,0.021097660064697266,{},False,,key0_placeholder_final_key_0.5,15,final_key,0.5,placeholder,0,0.0128205128205128
0.0,0.5,0.0,0.0,0.0,1714,34,True,False,1,0.02027153968811035,{'final_key': 1},False,,key0_placeholder_final_key_0.5,16,final_key,0.5,placeholder,0,0.0128205128205128
0.0,0.5,0.0,0.0,0.0,1714,34,True,False,1,0.02042675018310547,{'final_key': 1},False,,key0_placeholder_final_key_0.5,17,final_key,0.5,placeholder,0,0.0128205128205128
0.0,0.5,0.0,0.0,0.0,1714,34,True,False,1,0.02257061004638672,{'final_key': 1},False,,key0_placeholder_final_key_0.5,18,final_key,0.5,placeholder,0,0.0128205128205128
0.0,0.5,0.0,0.0,0.0,1714,34,True,True,0,0.02198958396911621,{},False,,key0_placeholder_final_key_0.5,19,final_key,0.5,placeholder,0,0.0128205128205128
0.0,0.3,0.0,0.0,0.0,1714,34,True,False,1,0.019794225692749023,{'final_key': 1},False,,key0_placeholder_final_key_0.3,0,final_key,0.3,placeholder,0,0.0128205128205128
0.0,0.3,0.0,0.0,0.0,1714,34,True,True,0,0.020512104034423828,{},False,,key0_placeholder_final_key_0.3,1,final_key,0.3,placeholder,0,0.0128205128205128
0.0,0.3,0.0,0.0,0.0,1714,34,True,True,0,0.020716428756713867,{},False,,key0_placeholder_final_key_0.3,2,final_key,0.3,placeholder,0,0.0128205128205128
0.0,0.3,0.0,0.0,0.0,1714,34,True,True,0,0.019438505172729492,{},False,,key0_placeholder_final_key_0.3,3,final_key,0.3,placeholder,0,0.0128205128205128
0.0,0.3,0.0,0.0,0.0,1714,34,True,True,0,0.019799232482910156,{},False,,key0_placeholder_final_key_0.3,4,final_key,0.3,placeholder,0,0.0128205128205128
0.0,0.3,0.0,0.0,0.0,1714,34,True,True,0,0.020125627517700195,{},False,,key0_placeholder_final_key_0.3,5,final_key,0.3,placeholder,0,0.0128205128205128
0.0,0.3,0.0,0.0,0.0,1714,34,True,True,0,0.02015542984008789,{},False,,key0_placeholder_final_key_0.3,6,final_key,0.3,placeholder,0,0.0128205128205128
0.0,0.3,0.0,0.0,0.0,1714,34,True,True,0,0.02173328399658203,{},False,,key0_placeholder_final_key_0.3,7,final_key,0.3,placeholder,0,0.0128205128205128
0.0,0.3,0.0,0.0,0.0,1714,34,True,True,0,0.02082371711730957,{},False,,key0_placeholder_final_key_0.3,8,final_key,0.3,placeholder,0,0.0128205128205128
0.0,0.3,0.0,0.0,0.0,1714,34,True,True,0,0.02257227897644043,{},False,,key0_placeholder_final_key_0.3,9,final_key,0.3,placeholder,0,0.0128205128205128
0.0,0.3,0.0,0.0,0.0,1714,34,True,False,1,0.03947019577026367,{'final_key': 1},False,,key0_placeholder_final_key_0.3,10,final_key,0.3,placeholder,0,0.0128205128205128
0.0,0.3,0.0,0.0,0.0,1714,34,True,True,0,0.04411149024963379,{},False,,key0_placeholder_final_key_0.3,11,final_key,0.3,placeholder,0,0.0128205128205128
0.0,0.3,0.0,0.0,0.0,1714,34,True,False,1,0.022745370864868164,{'final_key': 1},False,,key0_placeholder_final_key_0.3,12,final_key,0.3,placeholder,0,0.0128205128205128
0.0,0.3,0.0,0.0,0.0,1714,34,True,False,1,0.02115607261657715,{'final_key': 1},False,,key0_placeholder_final_key_0.3,13,final_key,0.3,placeholder,0,0.0128205128205128
0.0,0.3,0.0,0.0,0.0,1714,34,True,True,0,0.02025294303894043,{},False,,key0_placeholder_final_key_0.3,14,final_key,0.3,placeholder,0,0.0128205128205128
0.0,0.3,0.0,0.0,0.0,1714,34,True,True,0,0.02100229263305664,{},False,,key0_placeholder_final_key_0.3,15,final_key,0.3,placeholder,0,0.0128205128205128
0.0,0.3,0.0,0.0,0.0,1714,34,True,False,1,0.0210268497467041,{'final_key': 1},False,,key0_placeholder_final_key_0.3,16,final_key,0.3,placeholder,0,0.0128205128205128
0.0,0.3,0.0,0.0,0.0,1714,34,True,False,1,0.02078557014465332,{'final_key': 1},False,,key0_placeholder_final_key_0.3,17,final_key,0.3,placeholder,0,0.0128205128205128
0.0,0.3,0.0,0.0,0.0,1714,34,True,False,1,0.020017147064208984,{'final_key': 1},False,,key0_placeholder_final_key_0.3,18,final_key,0.3,placeholder,0,0.0128205128205128
0.0,0.3,0.0,0.0,0.0,1714,34,True,True,0,0.020612001419067383,{},False,,key0_placeholder_final_key_0.3,19,final_key,0.3,placeholder,0,0.0128205128205128
0.0,0.1,0.0,0.0,0.0,1714,34,True,True,0,0.02018260955810547,{},False,,key0_placeholder_final_key_0.1,0,final_key,0.1,placeholder,0,0.0128205128205128
0.0,0.1,0.0,0.0,0.0,1714,34,True,True,0,0.020426511764526367,{},False,,key0_placeholder_final_key_0.1,1,final_key,0.1,placeholder,0,0.0128205128205128
0.0,0.1,0.0,0.0,0.0,1714,34,True,True,0,0.020224571228027344,{},False,,key0_placeholder_final_key_0.1,2,final_key,0.1,placeholder,0,0.0128205128205128
0.0,0.1,0.0,0.0,0.0,1714,34,True,True,0,0.021510601043701172,{},False,,key0_placeholder_final_key_0.1,3,final_key,0.1,placeholder,0,0.0128205128205128
0.0,0.1,0.0,0.0,0.0,1714,34,True,True,0,0.02277994155883789,{},False,,key0_placeholder_final_key_0.1,4,final_key,0.1,placeholder,0,0.0128205128205128
0.0,0.1,0.0,0.0,0.0,1714,34,True,True,0,0.020113229751586914,{},False,,key0_placeholder_final_key_0.1,5,final_key,0.1,placeholder,0,0.0128205128205128
0.0,0.1,0.0,0.0,0.0,1714,34,True,True,0,0.021683692932128906,{},False,,key0_placeholder_final_key_0.1,6,final_key,0.1,placeholder,0,0.0128205128205128
0.0,0.1,0.0,0.0,0.0,1714,34,True,True,0,0.022638559341430664,{},False,,key0_placeholder_final_key_0.1,7,final_key,0.1,placeholder,0,0.0128205128205128
0.0,0.1,0.0,0.0,0.0,1714,34,True,True,0,0.04372692108154297,{},False,,key0_placeholder_final_key_0.1,8,final_key,0.1,placeholder,0,0.0128205128205128
0.0,0.1,0.0,0.0,0.0,1714,34,True,True,0,0.022444963455200195,{},False,,key0_placeholder_final_key_0.1,9,final_key,0.1,placeholder,0,0.0128205128205128
0.0,0.1,0.0,0.0,0.0,1714,34,True,False,1,0.021207809448242188,{'final_key': 1},False,,key0_placeholder_final_key_0.1,10,final_key,0.1,placeholder,0,0.0128205128205128
0.0,0.1,0.0,0.0,0.0,1714,34,True,True,0,0.02092599868774414,{},False,,key0_placeholder_final_key_0.1,11,final_key,0.1,placeholder,0,0.0128205128205128
0.0,0.1,0.0,0.0,0.0,1714,34,True,False,1,0.023051738739013672,{'final_key': 1},False,,key0_placeholder_final_key_0.1,12,final_key,0.1,placeholder,0,0.0128205128205128
0.0,0.1,0.0,0.0,0.0,1714,34,True,True,0,0.026798009872436523,{},False,,key0_placeholder_final_key_0.1,13,final_key,0.1,placeholder,0,0.0128205128205128
0.0,0.1,0.0,0.0,0.0,1714,34,True,True,0,0.03873300552368164,{},False,,key0_placeholder_final_key_0.1,14,final_key,0.1,placeholder,0,0.0128205128205128
0.0,0.1,0.0,0.0,0.0,1714,34,True,True,0,0.02512359619140625,{},False,,key0_placeholder_final_key_0.1,15,final_key,0.1,placeholder,0,0.0128205128205128
0.0,0.1,0.0,0.0,0.0,1714,34,True,True,0,0.022162437438964844,{},False,,key0_placeholder_final_key_0.1,16,final_key,0.1,placeholder,0,0.0128205128205128
0.0,0.1,0.0,0.0,0.0,1714,34,True,True,0,0.02286505699157715,{},False,,key0_placeholder_final_key_0.1,17,final_key,0.1,placeholder,0,0.0128205128205128
0.0,0.1,0.0,0.0,0.0,1714,34,True,True,0,0.020740270614624023,{},False,,key0_placeholder_final_key_0.1,18,final_key,0.1,placeholder,0,0.0128205128205128
0.0,0.1,0.0,0.0,0.0,1714,34,True,True,0,0.02037215232849121,{},False,,key0_placeholder_final_key_0.1,19,final_key,0.1,placeholder,0,0.0128205128205128
0.0,0.05,0.0,0.0,0.0,1714,34,True,True,0,0.020644187927246094,{},False,,key0_placeholder_final_key_0.05,0,final_key,0.05,placeholder,0,0.0128205128205128
0.0,0.05,0.0,0.0,0.0,1714,34,True,True,0,0.02063918113708496,{},False,,key0_placeholder_final_key_0.05,1,final_key,0.05,placeholder,0,0.0128205128205128
0.0,0.05,0.0,0.0,0.0,1714,34,True,True,0,0.02047562599182129,{},False,,key0_placeholder_final_key_0.05,2,final_key,0.05,placeholder,0,0.0128205128205128
0.0,0.05,0.0,0.0,0.0,1714,34,True,True,0,0.019626379013061523,{},False,,key0_placeholder_final_key_0.05,3,final_key,0.05,placeholder,0,0.0128205128205128
0.0,0.05,0.0,0.0,0.0,1714,34,True,True,0,0.021453142166137695,{},False,,key0_placeholder_final_key_0.05,4,final_key,0.05,placeholder,0,0.0128205128205128
0.0,0.05,0.0,0.0,0.0,1714,34,True,True,0,0.02209758758544922,{},False,,key0_placeholder_final_key_0.05,5,final_key,0.05,placeholder,0,0.0128205128205128
0.0,0.05,0.0,0.0,0.0,1714,34,True,True,0,0.01980113983154297,{},False,,key0_placeholder_final_key_0.05,6,final_key,0.05,placeholder,0,0.0128205128205128
0.0,0.05,0.0,0.0,0.0,1714,34,True,True,0,0.020361900329589844,{},False,,key0_placeholder_final_key_0.05,7,final_key,0.05,placeholder,0,0.0128205128205128
0.0,0.05,0.0,0.0,0.0,1714,34,True,True,0,0.020479917526245117,{},False,,key0_placeholder_final_key_0.05,8,final_key,0.05,placeholder,0,0.0128205128205128
0.0,0.05,0.0,0.0,0.0,1714,34,True,True,0,0.020429372787475586,{},False,,key0_placeholder_final_key_0.05,9,final_key,0.05,placeholder,0,0.0128205128205128
0.0,0.05,0.0,0.0,0.0,1714,34,True,True,0,0.020582914352416992,{},False,,key0_placeholder_final_key_0.05,10,final_key,0.05,placeholder,0,0.0128205128205128
0.0,0.05,0.0,0.0,0.0,1714,34,True,True,0,0.02159881591796875,{},False,,key0_placeholder_final_key_0.05,11,final_key,0.05,placeholder,0,0.0128205128205128
0.0,0.05,0.0,0.0,0.0,1714,34,True,True,0,0.02364492416381836,{},False,,key0_placeholder_final_key_0.05,12,final_key,0.05,placeholder,0,0.0128205128205128
0.0,0.05,0.0,0.0,0.0,1714,34,True,True,0,0.024428129196166992,{},False,,key0_placeholder_final_key_0.05,13,final_key,0.05,placeholder,0,0.0128205128205128
0.0,0.05,0.0,0.0,0.0,1714,34,True,True,0,0.02183055877685547,{},False,,key0_placeholder_final_key_0.05,14,final_key,0.05,placeholder,0,0.0128205128205128
0.0,0.05,0.0,0.0,0.0,1714,34,True,True,0,0.020008563995361328,{},False,,key0_placeholder_final_key_0.05,15,final_key,0.05,placeholder,0,0.0128205128205128
0.0,0.05,0.0,0.0,0.0,1714,34,True,True,0,0.019436120986938477,{},False,,key0_placeholder_final_key_0.05,16,final_key,0.05,placeholder,0,0.0128205128205128
0.0,0.05,0.0,0.0,0.0,1714,34,True,True,0,0.019579648971557617,{},False,,key0_placeholder_final_key_0.05,17,final_key,0.05,placeholder,0,0.0128205128205128
0.0,0.05,0.0,0.0,0.0,1714,34,True,True,0,0.020231008529663086,{},False,,key0_placeholder_final_key_0.05,18,final_key,0.05,placeholder,0,0.0128205128205128
0.0,0.05,0.0,0.0,0.0,1714,34,True,True,0,0.02124166488647461,{},False,,key0_placeholder_final_key_0.05,19,final_key,0.05,placeholder,0,0.0128205128205128
0.0,0.03,0.0,0.0,0.0,1714,34,True,True,0,0.02018427848815918,{},False,,key0_placeholder_final_key_0.03,0,final_key,0.03,placeholder,0,0.0128205128205128
0.0,0.03,0.0,0.0,0.0,1714,34,True,True,0,0.0200502872467041,{},False,,key0_placeholder_final_key_0.03,1,final_key,0.03,placeholder,0,0.0128205128205128
0.0,0.03,0.0,0.0,0.0,1714,34,True,True,0,0.021172046661376953,{},False,,key0_placeholder_final_key_0.03,2,final_key,0.03,placeholder,0,0.0128205128205128
0.0,0.03,0.0,0.0,0.0,1714,34,True,True,0,0.019768714904785156,{},False,,key0_placeholder_final_key_0.03,3,final_key,0.03,placeholder,0,0.0128205128205128
0.0,0.03,0.0,0.0,0.0,1714,34,True,True,0,0.022031784057617188,{},False,,key0_placeholder_final_key_0.03,4,final_key,0.03,placeholder,0,0.0128205128205128
0.0,0.03,0.0,0.0,0.0,1714,34,True,True,0,0.020700454711914062,{},False,,key0_placeholder_final_key_0.03,5,final_key,0.03,placeholder,0,0.0128205128205128
0.0,0.03,0.0,0.0,0.0,1714,34,True,True,0,0.020550012588500977,{},False,,key0_placeholder_final_key_0.03,6,final_key,0.03,placeholder,0,0.0128205128205128
0.0,0.03,0.0,0.0,0.0,1714,34,True,True,0,0.020569324493408203,{},False,,key0_placeholder_final_key_0.03,7,final_key,0.03,placeholder,0,0.0128205128205128
0.0,0.03,0.0,0.0,0.0,1714,34,True,True,0,0.019686222076416016,{},False,,key0_placeholder_final_key_0.03,8,final_key,0.03,placeholder,0,0.0128205128205128
0.0,0.03,0.0,0.0,0.0,1714,34,True,True,0,0.032917022705078125,{},False,,key0_placeholder_final_key_0.03,9,final_key,0.03,placeholder,0,0.0128205128205128
0.0,0.03,0.0,0.0,0.0,1714,34,True,True,0,0.021097898483276367,{},False,,key0_placeholder_final_key_0.03,10,final_key,0.03,placeholder,0,0.0128205128205128
0.0,0.03,0.0,0.0,0.0,1714,34,True,True,0,0.02068471908569336,{},False,,key0_placeholder_final_key_0.03,11,final_key,0.03,placeholder,0,0.0128205128205128
0.0,0.03,0.0,0.0,0.0,1714,34,True,True,0,0.0212404727935791,{},False,,key0_placeholder_final_key_0.03,12,final_key,0.03,placeholder,0,0.0128205128205128
0.0,0.03,0.0,0.0,0.0,1714,34,True,True,0,0.020818710327148438,{},False,,key0_placeholder_final_key_0.03,13,final_key,0.03,placeholder,0,0.0128205128205128
0.0,0.03,0.0,0.0,0.0,1714,34,True,True,0,0.021152496337890625,{},False,,key0_placeholder_final_key_0.03,14,final_key,0.03,placeholder,0,0.0128205128205128
0.0,0.03,0.0,0.0,0.0,1714,34,True,True,0,0.022749900817871094,{},False,,key0_placeholder_final_key_0.03,15,final_key,0.03,placeholder,0,0.0128205128205128
0.0,0.03,0.0,0.0,0.0,1714,34,True,True,0,0.019417524337768555,{},False,,key0_placeholder_final_key_0.03,16,final_key,0.03,placeholder,0,0.0128205128205128
0.0,0.03,0.0,0.0,0.0,1714,34,True,True,0,0.019982576370239258,{},False,,key0_placeholder_final_key_0.03,17,final_key,0.03,placeholder,0,0.0128205128205128
0.0,0.03,0.0,0.0,0.0,1714,34,True,True,0,0.019904375076293945,{},False,,key0_placeholder_final_key_0.03,18,final_key,0.03,placeholder,0,0.0128205128205128
0.0,0.03,0.0,0.0,0.0,1714,34,True,True,0,0.020040512084960938,{},False,,key0_placeholder_final_key_0.03,19,final_key,0.03,placeholder,0,0.0128205128205128
0.0,0.01,0.0,0.0,0.0,1714,34,True,True,0,0.01947164535522461,{},False,,key0_placeholder_final_key_0.01,0,final_key,0.01,placeholder,0,0.0128205128205128
0.0,0.01,0.0,0.0,0.0,1714,34,True,True,0,0.02010345458984375,{},False,,key0_placeholder_final_key_0.01,1,final_key,0.01,placeholder,0,0.0128205128205128
0.0,0.01,0.0,0.0,0.0,1714,34,True,True,0,0.020253896713256836,{},False,,key0_placeholder_final_key_0.01,2,final_key,0.01,placeholder,0,0.0128205128205128
0.0,0.01,0.0,0.0,0.0,1714,34,True,True,0,0.019992351531982422,{},False,,key0_placeholder_final_key_0.01,3,final_key,0.01,placeholder,0,0.0128205128205128
0.0,0.01,0.0,0.0,0.0,1714,34,True,True,0,0.022184371948242188,{},False,,key0_placeholder_final_key_0.01,4,final_key,0.01,placeholder,0,0.0128205128205128
0.0,0.01,0.0,0.0,0.0,1714,34,True,True,0,0.020276784896850586,{},False,,key0_placeholder_final_key_0.01,5,final_key,0.01,placeholder,0,0.0128205128205128
0.0,0.01,0.0,0.0,0.0,1714,34,True,True,0,0.019707679748535156,{},False,,key0_placeholder_final_key_0.01,6,final_key,0.01,placeholder,0,0.0128205128205128
0.0,0.01,0.0,0.0,0.0,1714,34,True,True,0,0.02229762077331543,{},False,,key0_placeholder_final_key_0.01,7,final_key,0.01,placeholder,0,0.0128205128205128
0.0,0.01,0.0,0.0,0.0,1714,34,True,True,0,0.02016448974609375,{},False,,key0_placeholder_final_key_0.01,8,final_key,0.01,placeholder,0,0.0128205128205128
0.0,0.01,0.0,0.0,0.0,1714,34,True,True,0,0.02004718780517578,{},False,,key0_placeholder_final_key_0.01,9,final_key,0.01,placeholder,0,0.0128205128205128
0.0,0.01,0.0,0.0,0.0,1714,34,True,True,0,0.02021479606628418,{},False,,key0_placeholder_final_key_0.01,10,final_key,0.01,placeholder,0,0.0128205128205128
0.0,0.01,0.0,0.0,0.0,1714,34,True,True,0,0.0204010009765625,{},False,,key0_placeholder_final_key_0.01,11,final_key,0.01,placeholder,0,0.0128205128205128
0.0,0.01,0.0,0.0,0.0,1714,34,True,True,0,0.021917343139648438,{},False,,key0_placeholder_final_key_0.01,12,final_key,0.01,placeholder,0,0.0128205128205128
0.0,0.01,0.0,0.0,0.0,1714,34,True,True,0,0.019728422164916992,{},False,,key0_placeholder_final_key_0.01,13,final_key,0.01,placeholder,0,0.0128205128205128
0.0,0.01,0.0,0.0,0.0,1714,34,True,True,0,0.02135634422302246,{},False,,key0_placeholder_final_key_0.01,14,final_key,0.01,placeholder,0,0.0128205128205128
0.0,0.01,0.0,0.0,0.0,1714,34,True,True,0,0.02010941505432129,{},False,,key0_placeholder_final_key_0.01,15,final_key,0.01,placeholder,0,0.0128205128205128
0.0,0.01,0.0,0.0,0.0,1714,34,True,True,0,0.019861221313476562,{},False,,key0_placeholder_final_key_0.01,16,final_key,0.01,placeholder,0,0.0128205128205128
0.0,0.01,0.0,0.0,0.0,1714,34,True,True,0,0.020892858505249023,{},False,,key0_placeholder_final_key_0.01,17,final_key,0.01,placeholder,0,0.0128205128205128
0.0,0.01,0.0,0.0,0.0,1714,34,True,True,0,0.019792556762695312,{},False,,key0_placeholder_final_key_0.01,18,final_key,0.01,placeholder,0,0.0128205128205128
0.0,0.01,0.0,0.0,0.0,1714,34,True,True,0,0.022874116897583008,{},False,,key0_placeholder_final_key_0.01,19,final_key,0.01,placeholder,0,0.0128205128205128
0.0,0.003,0.0,0.0,0.0,1714,34,True,True,0,0.02350020408630371,{},False,,key0_placeholder_final_key_0.003,0,final_key,0.003,placeholder,0,0.0128205128205128
0.0,0.003,0.0,0.0,0.0,1714,34,True,True,0,0.02056097984313965,{},False,,key0_placeholder_final_key_0.003,1,final_key,0.003,placeholder,0,0.0128205128205128
0.0,0.003,0.0,0.0,0.0,1714,34,True,True,0,0.020334243774414062,{},False,,key0_placeholder_final_key_0.003,2,final_key,0.003,placeholder,0,0.0128205128205128
0.0,0.003,0.0,0.0,0.0,1714,34,True,True,0,0.01914525032043457,{},False,,key0_placeholder_final_key_0.003,3,final_key,0.003,placeholder,0,0.0128205128205128
0.0,0.003,0.0,0.0,0.0,1714,34,True,True,0,0.02056264877319336,{},False,,key0_placeholder_final_key_0.003,4,final_key,0.003,placeholder,0,0.0128205128205128
0.0,0.003,0.0,0.0,0.0,1714,34,True,True,0,0.020900487899780273,{},False,,key0_placeholder_final_key_0.003,5,final_key,0.003,placeholder,0,0.0128205128205128
0.0,0.003,0.0,0.0,0.0,1714,34,True,True,0,0.019911766052246094,{},False,,key0_placeholder_final_key_0.003,6,final_key,0.003,placeholder,0,0.0128205128205128
0.0,0.003,0.0,0.0,0.0,1714,34,True,True,0,0.020967960357666016,{},False,,key0_placeholder_final_key_0.003,7,final_key,0.003,placeholder,0,0.0128205128205128
0.0,0.003,0.0,0.0,0.0,1714,34,True,True,0,0.020156145095825195,{},False,,key0_placeholder_final_key_0.003,8,final_key,0.003,placeholder,0,0.0128205128205128
0.0,0.003,0.0,0.0,0.0,1714,34,True,True,0,0.020272493362426758,{},False,,key0_placeholder_final_key_0.003,9,final_key,0.003,placeholder,0,0.0128205128205128
0.0,0.003,0.0,0.0,0.0,1714,34,True,True,0,0.019799232482910156,{},False,,key0_placeholder_final_key_0.003,10,final_key,0.003,placeholder,0,0.0128205128205128
0.0,0.003,0.0,0.0,0.0,1714,34,True,True,0,0.01990222930908203,{},False,,key0_placeholder_final_key_0.003,11,final_key,0.003,placeholder,0,0.0128205128205128
0.0,0.003,0.0,0.0,0.0,1714,34,True,True,0,0.020911216735839844,{},False,,key0_placeholder_final_key_0.003,12,final_key,0.003,placeholder,0,0.0128205128205128
0.0,0.003,0.0,0.0,0.0,1714,34,True,True,0,0.01946091651916504,{},False,,key0_placeholder_final_key_0.003,13,final_key,0.003,placeholder,0,0.0128205128205128
0.0,0.003,0.0,0.0,0.0,1714,34,True,True,0,0.02124166488647461,{},False,,key0_placeholder_final_key_0.003,14,final_key,0.003,placeholder,0,0.0128205128205128
0.0,0.003,0.0,0.0,0.0,1714,34,True,True,0,0.023073434829711914,{},False,,key0_placeholder_final_key_0.003,15,final_key,0.003,placeholder,0,0.0128205128205128
0.0,0.003,0.0,0.0,0.0,1714,34,True,True,0,0.019564390182495117,{},False,,key0_placeholder_final_key_0.003,16,final_key,0.003,placeholder,0,0.0128205128205128
0.0,0.003,0.0,0.0,0.0,1714,34,True,True,0,0.02032160758972168,{},False,,key0_placeholder_final_key_0.003,17,final_key,0.003,placeholder,0,0.0128205128205128
0.0,0.003,0.0,0.0,0.0,1714,34,True,True,0,0.02122664451599121,{},False,,key0_placeholder_final_key_0.003,18,final_key,0.003,placeholder,0,0.0128205128205128
0.0,0.003,0.0,0.0,0.0,1714,34,True,True,0,0.020205020904541016,{},False,,key0_placeholder_final_key_0.003,19,final_key,0.003,placeholder,0,0.0128205128205128
0.0,0.001,0.0,0.0,0.0,1714,34,True,True,0,0.019565820693969727,{},False,,key0_placeholder_final_key_0.001,0,final_key,0.001,placeholder,0,0.0128205128205128
0.0,0.001,0.0,0.0,0.0,1714,34,True,True,0,0.020890474319458008,{},False,,key0_placeholder_final_key_0.001,1,final_key,0.001,placeholder,0,0.0128205128205128
0.0,0.001,0.0,0.0,0.0,1714,34,True,True,0,0.02165389060974121,{},False,,key0_placeholder_final_key_0.001,2,final_key,0.001,placeholder,0,0.0128205128205128
0.0,0.001,0.0,0.0,0.0,1714,34,True,True,0,0.019588470458984375,{},False,,key0_placeholder_final_key_0.001,3,final_key,0.001,placeholder,0,0.0128205128205128
0.0,0.001,0.0,0.0,0.0,1714,34,True,True,0,0.022079944610595703,{},False,,key0_placeholder_final_key_0.001,4,final_key,0.001,placeholder,0,0.0128205128205128
0.0,0.001,0.0,0.0,0.0,1714,34,True,True,0,0.02028822898864746,{},False,,key0_placeholder_final_key_0.001,5,final_key,0.001,placeholder,0,0.0128205128205128
0.0,0.001,0.0,0.0,0.0,1714,34,True,True,0,0.023808002471923828,{},False,,key0_placeholder_final_key_0.001,6,final_key,0.001,placeholder,0,0.0128205128205128
0.0,0.001,0.0,0.0,0.0,1714,34,True,True,0,0.020015716552734375,{},False,,key0_placeholder_final_key_0.001,7,final_key,0.001,placeholder,0,0.0128205128205128
0.0,0.001,0.0,0.0,0.0,1714,34,True,True,0,0.019343137741088867,{},False,,key0_placeholder_final_key_0.001,8,final_key,0.001,placeholder,0,0.0128205128205128
0.0,0.001,0.0,0.0,0.0,1714,34,True,True,0,0.020300626754760742,{},False,,key0_placeholder_final_key_0.001,9,final_key,0.001,placeholder,0,0.0128205128205128
0.0,0.001,0.0,0.0,0.0,1714,34,True,True,0,0.0200502872467041,{},False,,key0_placeholder_final_key_0.001,10,final_key,0.001,placeholder,0,0.0128205128205128
0.0,0.001,0.0,0.0,0.0,1714,34,True,True,0,0.021522998809814453,{},False,,key0_placeholder_final_key_0.001,11,final_key,0.001,placeholder,0,0.0128205128205128
0.0,0.001,0.0,0.0,0.0,1714,34,True,True,0,0.020653247833251953,{},False,,key0_placeholder_final_key_0.001,12,final_key,0.001,placeholder,0,0.0128205128205128
0.0,0.001,0.0,0.0,0.0,1714,34,True,True,0,0.019895315170288086,{},False,,key0_placeholder_final_key_0.001,13,final_key,0.001,placeholder,0,0.0128205128205128
0.0,0.001,0.0,0.0,0.0,1714,34,True,True,0,0.020702123641967773,{},False,,key0_placeholder_final_key_0.001,14,final_key,0.001,placeholder,0,0.0128205128205128
0.0,0.001,0.0,0.0,0.0,1714,34,True,True,0,0.02118229866027832,{},False,,key0_placeholder_final_key_0.001,15,final_key,0.001,placeholder,0,0.0128205128205128
0.0,0.001,0.0,0.0,0.0,1714,34,True,True,0,0.020998239517211914,{},False,,key0_placeholder_final_key_0.001,16,final_key,0.001,placeholder,0,0.0128205128205128
0.0,0.001,0.0,0.0,0.0,1714,34,True,True,0,0.020000219345092773,{},False,,key0_placeholder_final_key_0.001,17,final_key,0.001,placeholder,0,0.0128205128205128
0.0,0.001,0.0,0.0,0.0,1714,34,True,True,0,0.01926398277282715,{},False,,key0_placeholder_final_key_0.001,18,final_key,0.001,placeholder,0,0.0128205128205128
0.0,0.001,0.0,0.0,0.0,1714,34,True,True,0,0.021236181259155273,{},False,,key0_placeholder_final_key_0.001,19,final_key,0.001,placeholder,0,0.0128205128205128
0.0,0.0,0.5,0.0,0.0045662100456621,1714,34,False,False,872,0.02530694007873535,{'reconciliation_state': 16},False,,key0_placeholder_reconciliation_0.5,0,reconciliation,0.5,placeholder,0,0.0128205128205128
0.0,0.0,0.5,0.0,0.0037100456621004564,1714,34,False,False,886,0.02413010597229004,{'reconciliation_state': 12},False,,key0_placeholder_reconciliation_0.5,1,reconciliation,0.5,placeholder,0,0.0128205128205128
0.0,0.0,0.5,0.0,0.0048515981735159815,1714,34,False,False,865,0.026128053665161133,{'reconciliation_state': 14},False,,key0_placeholder_reconciliation_0.5,2,reconciliation,0.5,placeholder,0,0.0128205128205128
0.0,0.0,0.5,0.0,0.003424657534246575,1714,34,False,False,876,0.027624130249023438,{'reconciliation_state': 12},False,,key0_placeholder_reconciliation_0.5,3,reconciliation,0.5,placeholder,0,0.0128205128205128
0.0,0.0,0.5,0.0,0.005136986301369863,1714,34,False,False,858,0.024566650390625,{'reconciliation_state': 14},False,,key0_placeholder_reconciliation_0.5,4,reconciliation,0.5,placeholder,0,0.0128205128205128
0.0,0.0,0.5,0.0,0.003995433789954338,1714,34,False,False,869,0.024152755737304688,{'reconciliation_state': 14},False,,key0_placeholder_reconciliation_0.5,5,reconciliation,0.5,placeholder,0,0.0128205128205128
0.0,0.0,0.5,0.0,0.005136986301369863,1714,34,False,False,858,0.0304107666015625,{'reconciliation_state': 18},False,,key0_placeholder_reconciliation_0.5,6,reconciliation,0.5,placeholder,0,0.0128205128205128
0.0,0.0,0.5,0.0,0.0059931506849315065,1714,34,False,False,864,0.025104045867919922,{'reconciliation_state': 18},False,,key0_placeholder_reconciliation_0.5,7,reconciliation,0.5,placeholder,0,0.0128205128205128
0.0,0.0,0.5,0.0,0.005136986301369863,1714,34,False,False,879,0.023879289627075195,{'reconciliation_state': 17},False,,key0_placeholder_reconciliation_0.5,8,reconciliation,0.5,placeholder,0,0.0128205128205128
0.0,0.0,0.5,0.0,0.0037100456621004564,1714,34,False,False,848,0.023052453994750977,{'reconciliation_state': 13},False,,key0_placeholder_reconciliation_0.5,9,reconciliation,0.5,placeholder,0,0.0128205128205128
0.0,0.0,0.5,0.0,0.005136986301369863,1714,34,False,False,859,0.024956703186035156,{'reconciliation_state': 17},False,,key0_placeholder_reconciliation_0.5,10,reconciliation,0.5,placeholder,0,0.0128205128205128
0.0,0.0,0.5,0.0,0.005422374429223744,1714,34,False,False,870,0.025638341903686523,{'reconciliation_state': 17},False,,key0_placeholder_reconciliation_0.5,11,reconciliation,0.5,placeholder,0,0.0128205128205128
0.0,0.0,0.5,0.0,0.004280821917808219,1714,34,False,False,869,0.02489781379699707,{'reconciliation_state': 13},False,,key0_placeholder_reconciliation_0.5,12,reconciliation,0.5,placeholder,0,0.0128205128205128
0.0,0.0,0.5,0.0,0.004280821917808219,1714,34,False,False,822,0.025249719619750977,{'reconciliation_state': 15},False,,key0_placeholder_reconciliation_0.5,13,reconciliation,0.5,placeholder,0,0.0128205128205128
0.0,0.0,0.5,0.0,0.0059931506849315065,1714,34,False,False,824,0.02533245086669922,{'reconciliation_state': 21},False,,key0_placeholder_reconciliation_0.5,14,reconciliation,0.5,placeholder,0,0.0128205128205128
0.0,0.0,0.5,0.0,0.005136986301369863,1714,34,False,False,847,0.025295495986938477,{'reconciliation_state': 18},False,,key0_placeholder_reconciliation_0.5,15,reconciliation,0.5,placeholder,0,0.0128205128205128
0.0,0.0,0.5,0.0,0.004280821917808219,1714,34,False,False,885,0.0268247127532959,{'reconciliation_state': 15},False,,key0_placeholder_reconciliation_0.5,16,reconciliation,0.5,placeholder,0,0.0128205128205128
0.0,0.0,0.5,0.0,0.003424657534246575,1714,34,False,False,843,0.05300498008728027,{'reconciliation_state': 12},False,,key0_placeholder_reconciliation_0.5,17,reconciliation,0.5,placeholder,0,0.0128205128205128
0.0,0.0,0.5,0.0,0.0037100456621004564,1714,34,False,False,793,0.04976344108581543,{'reconciliation_state': 13},False,,key0_placeholder_reconciliation_0.5,18,reconciliation,0.5,placeholder,0,0.0128205128205128
0.0,0.0,0.5,0.0,0.006278538812785388,1714,34,False,False,842,0.05518507957458496,{'reconciliation_state': 21},False,,key0_placeholder_reconciliation_0.5,19,reconciliation,0.5,placeholder,0,0.0128205128205128
0.0,0.0,0.3,0.0,0.003424657534246575,1714,34,False,False,871,0.025017976760864258,{'reconciliation_state': 12},False,,key0_placeholder_reconciliation_0.3,0,reconciliation,0.3,placeholder,0,0.0128205128205128
0.0,0.0,0.3,0.0,0.00228310502283105,1714,34,False,False,913,0.0240786075592041,{'reconciliation_state': 8},False,,key0_placeholder_reconciliation_0.3,1,reconciliation,0.3,placeholder,0,0.0128205128205128
0.0,0.0,0.3,0.0,0.003139269406392694,1714,34,False,False,844,0.026369810104370117,{'reconciliation_state': 10},False,,key0_placeholder_reconciliation_0.3,2,reconciliation,0.3,placeholder,0,0.0128205128205128
0.0,0.0,0.3,0.0,0.001997716894977169,1714,34,False,False,841,0.030184268951416016,{'reconciliation_state': 7},False,,key0_placeholder_reconciliation_0.3,3,reconciliation,0.3,placeholder,0,0.0128205128205128
0.0,0.0,0.3,0.0,0.0025684931506849314,1714,34,False,False,915,0.02229905128479004,{'reconciliation_state': 8},False,,key0_placeholder_reconciliation_0.3,4,reconciliation,0.3,placeholder,0,0.0128205128205128
0.0,0.0,0.3,0.0,0.0028538812785388126,1714,34,False,False,813,0.024646997451782227,{'reconciliation_state': 10},False,,key0_placeholder_reconciliation_0.3,5,reconciliation,0.3,placeholder,0,0.0128205128205128
0.0,0.0,0.3,0.0,0.0028538812785388126,1714,34,False,False,856,0.026070117950439453,{'reconciliation_state': 10},False,,key0_placeholder_reconciliation_0.3,6,reconciliation,0.3,placeholder,0,0.0128205128205128
0.0,0.0,0.3,0.0,0.0028538812785388126,1714,34,False,False,864,0.028548002243041992,{'reconciliation_state': 10},False,,key0_placeholder_reconciliation_0.3,7,reconciliation,0.3,placeholder,0,0.0128205128205128
0.0,0.0,0.3,0.0,0.0028538812785388126,1714,34,False,False,877,0.025831937789916992,{'reconciliation_state': 10},False,,key0_placeholder_reconciliation_0.3,8,reconciliation,0.3,placeholder,0,0.0128205128205128
0.0,0.0,0.3,0.0,0.0025684931506849314,1714,34,False,False,862,0.023311614990234375,{'reconciliation_state': 8},False,,key0_placeholder_reconciliation_0.3,9,reconciliation,0.3,placeholder,0,0.0128205128205128
0.0,0.0,0.3,0.0,0.004280821917808219,1714,34,False,False,892,0.025426387786865234,{'reconciliation_state': 13},False,,key0_placeholder_reconciliation_0.3,10,reconciliation,0.3,placeholder,0,0.0128205128205128
0.0,0.0,0.3,0.0,0.00228310502283105,1714,34,False,False,872,0.022397518157958984,{'reconciliation_state': 8},False,,key0_placeholder_reconciliation_0.3,11,reconciliation,0.3,placeholder,0,0.0128205128205128
0.0,0.0,0.3,0.0,0.00228310502283105,1714,34,False,False,849,0.023262500762939453,{'reconciliation_state': 8},False,,key0_placeholder_reconciliation_0.3,12,reconciliation,0.3,placeholder,0,0.0128205128205128
0.0,0.0,0.3,0.0,0.001997716894977169,1714,34,False,False,825,0.023833274841308594,{'reconciliation_state': 7},False,,key0_placeholder_reconciliation_0.3,13,reconciliation,0.3,placeholder,0,0.0128205128205128
0.0,0.0,0.3,0.0,0.003995433789954338,1714,34,False,False,848,0.025730371475219727,{'reconciliation_state': 14},False,,key0_placeholder_reconciliation_0.3,14,reconciliation,0.3,placeholder,0,0.0128205128205128
0.0,0.0,0.3,0.0,0.003995433789954338,1714,34,False,False,849,0.02526545524597168,{'reconciliation_state': 14},False,,key0_placeholder_reconciliation_0.3,15,reconciliation,0.3,placeholder,0,0.0128205128205128
0.0,0.0,0.3,0.0,0.0028538812785388126,1714,34,False,False,860,0.024790048599243164,{'reconciliation_state': 10},False,,key0_placeholder_reconciliation_0.3,16,reconciliation,0.3,placeholder,0,0.0128205128205128
0.0,0.0,0.3,0.0,0.0025684931506849314,1714,34,False,False,834,0.023557186126708984,{'reconciliation_state': 9},False,,key0_placeholder_reconciliation_0.3,17,reconciliation,0.3,placeholder,0,0.0128205128205128
0.0,0.0,0.3,0.0,0.00228310502283105,1714,34,False,False,832,0.022155284881591797,{'reconciliation_state': 8},False,,key0_placeholder_reconciliation_0.3,18,reconciliation,0.3,placeholder,0,0.0128205128205128
0.0,0.0,0.3,0.0,0.0025684931506849314,1714,34,False,False,854,0.025560617446899414,{'reconciliation_state': 9},False,,key0_placeholder_reconciliation_0.3,19,reconciliation,0.3,placeholder,0,0.0128205128205128
0.0,0.0,0.1,0.0,0.0005707762557077625,1714,34,False,False,825,0.02251744270324707,{'reconciliation_state': 2},False,,key0_placeholder_reconciliation_0.1,0,reconciliation,0.1,placeholder,0,0.0128205128205128
0.0,0.0,0.1,0.0,0.0008561643835616438,1714,34,False,False,862,0.022529125213623047,{'reconciliation_state': 3},False,,key0_placeholder_reconciliation_0.1,1,reconciliation,0.1,placeholder,0,0.0128205128205128
0.0,0.0,0.1,0.0,0.001997716894977169,1714,34,False,False,886,0.02562236785888672,{'reconciliation_state': 6},False,,key0_placeholder_reconciliation_0.1,2,reconciliation,0.1,placeholder,0,0.0128205128205128
0.0,0.0,0.1,0.0,0.00028538812785388126,1714,34,False,False,918,0.02556896209716797,{'reconciliation_state': 1},False,,key0_placeholder_reconciliation_0.1,3,reconciliation,0.1,placeholder,0,0.0128205128205128
0.0,0.0,0.1,0.0,0.0008561643835616438,1714,34,False,False,862,0.022799968719482422,{'reconciliation_state': 3},False,,key0_placeholder_reconciliation_0.1,4,reconciliation,0.1,placeholder,0,0.0128205128205128
0.0,0.0,0.1,0.0,0.0017123287671232876,1714,34,False,False,880,0.02190709114074707,{'reconciliation_state': 6},False,,key0_placeholder_reconciliation_0.1,5,reconciliation,0.1,placeholder,0,0.0128205128205128
0.0,0.0,0.1,0.0,0.0008561643835616438,1714,34,False,False,828,0.02047252655029297,{'reconciliation_state': 3},False,,key0_placeholder_reconciliation_0.1,6,reconciliation,0.1,placeholder,0,0.0128205128205128
0.0,0.0,0.1,0.0,0.0008561643835616438,1714,34,False,False,831,0.02334737777709961,{'reconciliation_state': 3},False,,key0_placeholder_reconciliation_0.1,7,reconciliation,0.1,placeholder,0,0.0128205128205128
0.0,0.0,0.1,0.0,0.0014269406392694063,1714,34,False,False,880,0.023145675659179688,{'reconciliation_state': 5},False,,key0_placeholder_reconciliation_0.1,8,reconciliation,0.1,placeholder,0,0.0128205128205128
0.0,0.0,0.1,0.0,0.001141552511415525,1714,34,False,False,852,0.022631168365478516,{'reconciliation_state': 4},False,,key0_placeholder_reconciliation_0.1,9,reconciliation,0.1,placeholder,0,0.0128205128205128
0.0,0.0,0.1,0.0,0.001997716894977169,1714,34,False,False,881,0.02385091781616211,{'reconciliation_state': 5},False,,key0_placeholder_reconciliation_0.1,10,reconciliation,0.1,placeholder,0,0.0128205128205128
0.0,0.0,0.1,0.0,0.0014269406392694063,1714,34,False,False,846,0.024230003356933594,{'reconciliation_state': 5},False,,key0_placeholder_reconciliation_0.1,11,reconciliation,0.1,placeholder,0,0.0128205128205128
0.0,0.0,0.1,0.0,0.0008561643835616438,1714,34,False,False,832,0.024892568588256836,{'reconciliation_state': 3},False,,key0_placeholder_reconciliation_0.1,12,reconciliation,0.1,placeholder,0,0.0128205128205128
0.0,0.0,0.1,0.0,0.0005707762557077625,1714,34,False,False,856,0.022454023361206055,{'reconciliation_state': 2},False,,key0_placeholder_reconciliation_0.1,13,reconciliation,0.1,placeholder,0,0.0128205128205128
0.0,0.0,0.1,0.0,0.0008561643835616438,1714,34,False,False,852,0.023906230926513672,{'reconciliation_state': 3},False,,key0_placeholder_reconciliation_0.1,14,reconciliation,0.1,placeholder,0,0.0128205128205128
0.0,0.0,0.1,0.0,0.0008561643835616438,1714,34,False,False,829,0.024392127990722656,{'reconciliation_state': 3},False,,key0_placeholder_reconciliation_0.1,15,reconciliation,0.1,placeholder,0,0.0128205128205128
0.0,0.0,0.1,0.0,0.0017123287671232876,1714,34,False,False,876,0.026910066604614258,{'reconciliation_state': 6},False,,key0_placeholder_reconciliation_0.1,16,reconciliation,0.1,placeholder,0,0.0128205128205128
0.0,0.0,0.1,0.0,0.001141552511415525,1714,34,False,False,868,0.022162437438964844,{'reconciliation_state': 4},False,,key0_placeholder_reconciliation_0.1,17,reconciliation,0.1,placeholder,0,0.0128205128205128
0.0,0.0,0.1,0.0,0.0005707762557077625,1714,34,False,False,827,0.02187490463256836,{'reconciliation_state': 2},False,,key0_placeholder_reconciliation_0.1,18,reconciliation,0.1,placeholder,0,0.0128205128205128
0.0,0.0,0.1,0.0,0.0005707762557077625,1714,34,False,False,856,0.021135568618774414,{'reconciliation_state': 2},False,,key0_placeholder_reconciliation_0.1,19,reconciliation,0.1,placeholder,0,0.0128205128205128
0.0,0.0,0.05,0.0,0.00028538812785388126,1714,34,False,False,834,0.020549774169921875,{'reconciliation_state': 1},False,,key0_placeholder_reconciliation_0.05,0,reconciliation,0.05,placeholder,0,0.0128205128205128
0.0,0.0,0.05,0.0,0.0005707762557077625,1714,34,False,False,831,0.023350000381469727,{'reconciliation_state': 2},False,,key0_placeholder_reconciliation_0.05,1,reconciliation,0.05,placeholder,0,0.0128205128205128
0.0,0.0,0.05,0.0,0.00028538812785388126,1714,34,False,False,862,0.021837711334228516,{'reconciliation_state': 1},False,,key0_placeholder_reconciliation_0.05,2,reconciliation,0.05,placeholder,0,0.0128205128205128
0.0,0.0,0.05,0.0,0.0,1714,34,True,True,0,0.019603490829467773,{},False,,key0_placeholder_reconciliation_0.05,3,reconciliation,0.05,placeholder,0,0.0128205128205128
0.0,0.0,0.05,0.0,0.00028538812785388126,1714,34,False,False,860,0.020752906799316406,{'reconciliation_state': 1},False,,key0_placeholder_reconciliation_0.05,4,reconciliation,0.05,placeholder,0,0.0128205128205128
0.0,0.0,0.05,0.0,0.001141552511415525,1714,34,False,False,842,0.0238494873046875,{'reconciliation_state': 4},False,,key0_placeholder_reconciliation_0.05,5,reconciliation,0.05,placeholder,0,0.0128205128205128
0.0,0.0,0.05,0.0,0.00028538812785388126,1714,34,False,False,854,0.02161860466003418,{'reconciliation_state': 1},False,,key0_placeholder_reconciliation_0.05,6,reconciliation,0.05,placeholder,0,0.0128205128205128
0.0,0.0,0.05,0.0,0.0,1714,34,True,True,0,0.020152568817138672,{},False,,key0_placeholder_reconciliation_0.05,7,reconciliation,0.05,placeholder,0,0.0128205128205128
0.0,0.0,0.05,0.0,0.0005707762557077625,1714,34,False,False,879,0.021445274353027344,{'reconciliation_state': 2},False,,key0_placeholder_reconciliation_0.05,8,reconciliation,0.05,placeholder,0,0.0128205128205128
0.0,0.0,0.05,0.0,0.0005707762557077625,1714,34,False,False,868,0.025476694107055664,{'reconciliation_state': 2},False,,key0_placeholder_reconciliation_0.05,9,reconciliation,0.05,placeholder,0,0.0128205128205128
0.0,0.0,0.05,0.0,0.0008561643835616438,1714,34,False,False,860,0.021575212478637695,{'reconciliation_state': 3},False,,key0_placeholder_reconciliation_0.05,10,reconciliation,0.05,placeholder,0,0.0128205128205128
0.0,0.0,0.05,0.0,0.0005707762557077625,1714,34,False,False,883,0.022333145141601562,{'reconciliation_state': 2},False,,key0_placeholder_reconciliation_0.05,11,reconciliation,0.05,placeholder,0,0.0128205128205128
0.0,0.0,0.05,0.0,0.0005707762557077625,1714,34,False,False,821,0.02290487289428711,{'reconciliation_state': 2},False,,key0_placeholder_reconciliation_0.05,12,reconciliation,0.05,placeholder,0,0.0128205128205128
0.0,0.0,0.05,0.0,0.0,1714,34,True,True,0,0.02054882049560547,{},False,,key0_placeholder_reconciliation_0.05,13,reconciliation,0.05,placeholder,0,0.0128205128205128
0.0,0.0,0.05,0.0,0.0005707762557077625,1714,34,False,False,857,0.02232980728149414,{'reconciliation_state': 2},False,,key0_placeholder_reconciliation_0.05,14,reconciliation,0.05,placeholder,0,0.0128205128205128
0.0,0.0,0.05,0.0,0.0005707762557077625,1714,34,False,False,869,0.022510290145874023,{'reconciliation_state': 2},False,,key0_placeholder_reconciliation_0.05,15,reconciliation,0.05,placeholder,0,0.0128205128205128
0.0,0.0,0.05,0.0,0.0008561643835616438,1714,34,False,False,863,0.02281928062438965,{'reconciliation_state': 3},False,,key0_placeholder_reconciliation_0.05,16,reconciliation,0.05,placeholder,0,0.0128205128205128
0.0,0.0,0.05,0.0,0.0008561643835616438,1714,34,False,False,829,0.023169994354248047,{'reconciliation_state': 3},False,,key0_placeholder_reconciliation_0.05,17,reconciliation,0.05,placeholder,0,0.0128205128205128
0.0,0.0,0.05,0.0,0.0005707762557077625,1714,34,False,False,880,0.021390438079833984,{'reconciliation_state': 2},False,,key0_placeholder_reconciliation_0.05,18,reconciliation,0.05,placeholder,0,0.0128205128205128
0.0,0.0,0.05,0.0,0.00028538812785388126,1714,34,False,False,858,0.02193140983581543,{'reconciliation_state': 1},False,,key0_placeholder_reconciliation_0.05,19,reconciliation,0.05,placeholder,0,0.0128205128205128
0.0,0.0,0.03,0.0,0.00028538812785388126,1714,34,False,False,883,0.02199530601501465,{'reconciliation_state': 1},False,,key0_placeholder_reconciliation_0.03,0,reconciliation,0.03,placeholder,0,0.0128205128205128
0.0,0.0,0.03,0.0,0.0,1714,34,True,True,0,0.0209963321685791,{},False,,key0_placeholder_reconciliation_0.03,1,reconciliation,0.03,placeholder,0,0.0128205128205128
0.0,0.0,0.03,0.0,0.00028538812785388126,1714,34,False,False,864,0.02065253257751465,{'reconciliation_state': 1},False,,key0_placeholder_reconciliation_0.03,2,reconciliation,0.03,placeholder,0,0.0128205128205128
0.0,0.0,0.03,0.0,0.0,1714,34,True,True,0,0.019405126571655273,{},False,,key0_placeholder_reconciliation_0.03,3,reconciliation,0.03,placeholder,0,0.0128205128205128
0.0,0.0,0.03,0.0,0.00028538812785388126,1714,34,False,False,875,0.021243810653686523,{'reconciliation_state': 1},False,,key0_placeholder_reconciliation_0.03,4,reconciliation,0.03,placeholder,0,0.0128205128205128
0.0,0.0,0.03,0.0,0.0005707762557077625,1714,34,False,False,837,0.02325749397277832,{'reconciliation_state': 2},False,,key0_placeholder_reconciliation_0.03,5,reconciliation,0.03,placeholder,0,0.0128205128205128
0.0,0.0,0.03,0.0,0.00028538812785388126,1714,34,False,False,868,0.024320363998413086,{'reconciliation_state': 1},False,,key0_placeholder_reconciliation_0.03,6,reconciliation,0.03,placeholder,0,0.0128205128205128
0.0,0.0,0.03,0.0,0.0,1714,34,True,True,0,0.02121710777282715,{},False,,key0_placeholder_reconciliation_0.03,7,reconciliation,0.03,placeholder,0,0.0128205128205128
0.0,0.0,0.03,0.0,0.0005707762557077625,1714,34,False,False,833,0.029427766799926758,{'reconciliation_state': 2},False,,key0_placeholder_reconciliation_0.03,8,reconciliation,0.03,placeholder,0,0.0128205128205128
0.0,0.0,0.03,0.0,0.0005707762557077625,1714,34,False,False,867,0.024941205978393555,{'reconciliation_state': 2},False,,key0_placeholder_reconciliation_0.03,9,reconciliation,0.03,placeholder,0,0.0128205128205128
0.0,0.0,0.03,0.0,0.00028538812785388126,1714,34,False,False,882,0.020652294158935547,{'reconciliation_state': 1},False,,key0_placeholder_reconciliation_0.03,10,reconciliation,0.03,placeholder,0,0.0128205128205128
0.0,0.0,0.03,0.0,0.00028538812785388126,1714,34,False,False,844,0.023073196411132812,{'reconciliation_state': 1},False,,key0_placeholder_reconciliation_0.03,11,reconciliation,0.03,placeholder,0,0.0128205128205128
0.0,0.0,0.03,0.0,0.00028538812785388126,1714,34,False,False,809,0.021251201629638672,{'reconciliation_state': 1},False,,key0_placeholder_reconciliation_0.03,12,reconciliation,0.03,placeholder,0,0.0128205128205128
0.0,0.0,0.03,0.0,0.0,1714,34,True,True,0,0.02067875862121582,{},False,,key0_placeholder_reconciliation_0.03,13,reconciliation,0.03,placeholder,0,0.0128205128205128
0.0,0.0,0.03,0.0,0.00028538812785388126,1714,34,False,False,868,0.020273208618164062,{'reconciliation_state': 1},False,,key0_placeholder_reconciliation_0.03,14,reconciliation,0.03,placeholder,0,0.0128205128205128
0.0,0.0,0.03,0.0,0.0005707762557077625,1714,34,False,False,872,0.02250838279724121,{'reconciliation_state': 2},False,,key0_placeholder_reconciliation_0.03,15,reconciliation,0.03,placeholder,0,0.0128205128205128
0.0,0.0,0.03,0.0,0.0008561643835616438,1714,34,False,False,877,0.02192544937133789,{'reconciliation_state': 3},False,,key0_placeholder_reconciliation_0.03,16,reconciliation,0.03,placeholder,0,0.0128205128205128
0.0,0.0,0.03,0.0,0.0008561643835616438,1714,34,False,False,863,0.02330803871154785,{'reconciliation_state': 3},False,,key0_placeholder_reconciliation_0.03,17,reconciliation,0.03,placeholder,0,0.0128205128205128
0.0,0.0,0.03,0.0,0.0005707762557077625,1714,34,False,False,835,0.02176499366760254,{'reconciliation_state': 2},False,,key0_placeholder_reconciliation_0.03,18,reconciliation,0.03,placeholder,0,0.0128205128205128
0.0,0.0,0.03,0.0,0.00028538812785388126,1714,34,False,False,855,0.021793365478515625,{'reconciliation_state': 1},False,,key0_placeholder_reconciliation_0.03,19,reconciliation,0.03,placeholder,0,0.0128205128205128
0.0,0.0,0.01,0.0,0.0,1714,34,True,True,0,0.020383119583129883,{},False,,key0_placeholder_reconciliation_0.01,0,reconciliation,0.01,placeholder,0,0.0128205128205128
0.0,0.0,0.01,0.0,0.0,1714,34,True,True,0,0.020308256149291992,{},False,,key0_placeholder_reconciliation_0.01,1,reconciliation,0.01,placeholder,0,0.0128205128205128
0.0,0.0,0.01,0.0,0.00028538812785388126,1714,34,False,False,877,0.021894454956054688,{'reconciliation_state': 1},False,,key0_placeholder_reconciliation_0.01,2,reconciliation,0.01,placeholder,0,0.0128205128205128
0.0,0.0,0.01,0.0,0.0,1714,34,True,True,0,0.021023988723754883,{},False,,key0_placeholder_reconciliation_0.01,3,reconciliation,0.01,placeholder,0,0.0128205128205128
0.0,0.0,0.01,0.0,0.0,1714,34,True,True,0,0.01982402801513672,{},False,,key0_placeholder_reconciliation_0.01,4,reconciliation,0.01,placeholder,0,0.0128205128205128
0.0,0.0,0.01,0.0,0.0,1714,34,True,True,0,0.02024388313293457,{},False,,key0_placeholder_reconciliation_0.01,5,reconciliation,0.01,placeholder,0,0.0128205128205128
0.0,0.0,0.01,0.0,0.0,1714,34,True,True,0,0.021331310272216797,{},False,,key0_placeholder_reconciliation_0.01,6,reconciliation,0.01,placeholder,0,0.0128205128205128
0.0,0.0,0.01,0.0,0.0,1714,34,True,True,0,0.020517587661743164,{},False,,key0_placeholder_reconciliation_0.01,7,reconciliation,0.01,placeholder,0,0.0128205128205128
0.0,0.0,0.01,0.0,0.00028538812785388126,1714,34,False,False,864,0.020046472549438477,{'reconciliation_state': 1},False,,key0_placeholder_reconciliation_0.01,8,reconciliation,0.01,placeholder,0,0.0128205128205128
0.0,0.0,0.01,0.0,0.0,1714,34,True,True,0,0.022344112396240234,{},False,,key0_placeholder_reconciliation_0.01,9,reconciliation,0.01,placeholder,0,0.0128205128205128
0.0,0.0,0.01,0.0,0.0,1714,34,True,True,0,0.02066779136657715,{},False,,key0_placeholder_reconciliation_0.01,10,reconciliation,0.01,placeholder,0,0.0128205128205128
0.0,0.0,0.01,0.0,0.0,1714,34,True,True,0,0.019854307174682617,{},False,,key0_placeholder_reconciliation_0.01,11,reconciliation,0.01,placeholder,0,0.0128205128205128
0.0,0.0,0.01,0.0,0.0,1714,34,True,True,0,0.021378517150878906,{},False,,key0_placeholder_reconciliation_0.01,12,reconciliation,0.01,placeholder,0,0.0128205128205128
0.0,0.0,0.01,0.0,0.0,1714,34,True,True,0,0.021157026290893555,{},False,,key0_placeholder_reconciliation_0.01,13,reconciliation,0.01,placeholder,0,0.0128205128205128
0.0,0.0,0.01,0.0,0.00028538812785388126,1714,34,False,False,865,0.02146601676940918,{'reconciliation_state': 1},False,,key0_placeholder_reconciliation_0.01,14,reconciliation,0.01,placeholder,0,0.0128205128205128
0.0,0.0,0.01,0.0,0.00028538812785388126,1714,34,False,False,875,0.02289605140686035,{'reconciliation_state': 1},False,,key0_placeholder_reconciliation_0.01,15,reconciliation,0.01,placeholder,0,0.0128205128205128
0.0,0.0,0.01,0.0,0.00028538812785388126,1714,34,False,False,812,0.02097916603088379,{'reconciliation_state': 1},False,,key0_placeholder_reconciliation_0.01,16,reconciliation,0.01,placeholder,0,0.0128205128205128
0.0,0.0,0.01,0.0,0.0,1714,34,True,True,0,0.021204710006713867,{},False,,key0_placeholder_reconciliation_0.01,17,reconciliation,0.01,placeholder,0,0.0128205128205128
0.0,0.0,0.01,0.0,0.0,1714,34,True,True,0,0.02280879020690918,{},False,,key0_placeholder_reconciliation_0.01,18,reconciliation,0.01,placeholder,0,0.0128205128205128
0.0,0.0,0.01,0.0,0.0,1714,34,True,True,0,0.02072620391845703,{},False,,key0_placeholder_reconciliation_0.01,19,reconciliation,0.01,placeholder,0,0.0128205128205128
0.0,0.0,0.003,0.0,0.0,1714,34,True,True,0,0.020505905151367188,{},False,,key0_placeholder_reconciliation_0.003,0,reconciliation,0.003,placeholder,0,0.0128205128205128
0.0,0.0,0.003,0.0,0.0,1714,34,True,True,0,0.020531415939331055,{},False,,key0_placeholder_reconciliation_0.003,1,reconciliation,0.003,placeholder,0,0.0128205128205128
0.0,0.0,0.003,0.0,0.0,1714,34,True,True,0,0.021199464797973633,{},False,,key0_placeholder_reconciliation_0.003,2,reconciliation,0.003,placeholder,0,0.0128205128205128
0.0,0.0,0.003,0.0,0.0,1714,34,True,True,0,0.02103710174560547,{},False,,key0_placeholder_reconciliation_0.003,3,reconciliation,0.003,placeholder,0,0.0128205128205128
0.0,0.0,0.003,0.0,0.0,1714,34,True,True,0,0.022564411163330078,{},False,,key0_placeholder_reconciliation_0.003,4,reconciliation,0.003,placeholder,0,0.0128205128205128
0.0,0.0,0.003,0.0,0.0,1714,34,True,True,0,0.019582509994506836,{},False,,key0_placeholder_reconciliation_0.003,5,reconciliation,0.003,placeholder,0,0.0128205128205128
0.0,0.0,0.003,0.0,0.0,1714,34,True,True,0,0.021089553833007812,{},False,,key0_placeholder_reconciliation_0.003,6,reconciliation,0.003,placeholder,0,0.0128205128205128
0.0,0.0,0.003,0.0,0.0,1714,34,True,True,0,0.020355701446533203,{},False,,key0_placeholder_reconciliation_0.003,7,reconciliation,0.003,placeholder,0,0.0128205128205128
0.0,0.0,0.003,0.0,0.0,1714,34,True,True,0,0.019384384155273438,{},False,,key0_placeholder_reconciliation_0.003,8,reconciliation,0.003,placeholder,0,0.0128205128205128
0.0,0.0,0.003,0.0,0.0,1714,34,True,True,0,0.020567655563354492,{},False,,key0_placeholder_reconciliation_0.003,9,reconciliation,0.003,placeholder,0,0.0128205128205128
0.0,0.0,0.003,0.0,0.0,1714,34,True,True,0,0.02179884910583496,{},False,,key0_placeholder_reconciliation_0.003,10,reconciliation,0.003,placeholder,0,0.0128205128205128
0.0,0.0,0.003,0.0,0.0,1714,34,True,True,0,0.020813465118408203,{},False,,key0_placeholder_reconciliation_0.003,11,reconciliation,0.003,placeholder,0,0.0128205128205128
0.0,0.0,0.003,0.0,0.0,1714,34,True,True,0,0.02103424072265625,{},False,,key0_placeholder_reconciliation_0.003,12,reconciliation,0.003,placeholder,0,0.0128205128205128
0.0,0.0,0.003,0.0,0.0,1714,34,True,True,0,0.02451014518737793,{},False,,key0_placeholder_reconciliation_0.003,13,reconciliation,0.003,placeholder,0,0.0128205128205128
0.0,0.0,0.003,0.0,0.0,1714,34,True,True,0,0.019951820373535156,{},False,,key0_placeholder_reconciliation_0.003,14,reconciliation,0.003,placeholder,0,0.0128205128205128
0.0,0.0,0.003,0.0,0.0,1714,34,True,True,0,0.020870208740234375,{},False,,key0_placeholder_reconciliation_0.003,15,reconciliation,0.003,placeholder,0,0.0128205128205128
0.0,0.0,0.003,0.0,0.00028538812785388126,1714,34,False,False,854,0.0214998722076416,{'reconciliation_state': 1},False,,key0_placeholder_reconciliation_0.003,16,reconciliation,0.003,placeholder,0,0.0128205128205128
0.0,0.0,0.003,0.0,0.0,1714,34,True,True,0,0.01974654197692871,{},False,,key0_placeholder_reconciliation_0.003,17,reconciliation,0.003,placeholder,0,0.0128205128205128
0.0,0.0,0.003,0.0,0.0,1714,34,True,True,0,0.019425153732299805,{},False,,key0_placeholder_reconciliation_0.003,18,reconciliation,0.003,placeholder,0,0.0128205128205128
0.0,0.0,0.003,0.0,0.0,1714,34,True,True,0,0.0237274169921875,{},False,,key0_placeholder_reconciliation_0.003,19,reconciliation,0.003,placeholder,0,0.0128205128205128
0.0,0.0,0.001,0.0,0.0,1714,34,True,True,0,0.021291255950927734,{},False,,key0_placeholder_reconciliation_0.001,0,reconciliation,0.001,placeholder,0,0.0128205128205128
0.0,0.0,0.001,0.0,0.0,1714,34,True,True,0,0.0280911922454834,{},False,,key0_placeholder_reconciliation_0.001,1,reconciliation,0.001,placeholder,0,0.0128205128205128
0.0,0.0,0.001,0.0,0.0,1714,34,True,True,0,0.01985955238342285,{},False,,key0_placeholder_reconciliation_0.001,2,reconciliation,0.001,placeholder,0,0.0128205128205128
0.0,0.0,0.001,0.0,0.0,1714,34,True,True,0,0.02030205726623535,{},False,,key0_placeholder_reconciliation_0.001,3,reconciliation,0.001,placeholder,0,0.0128205128205128
0.0,0.0,0.001,0.0,0.0,1714,34,True,True,0,0.021620988845825195,{},False,,key0_placeholder_reconciliation_0.001,4,reconciliation,0.001,placeholder,0,0.0128205128205128
0.0,0.0,0.001,0.0,0.0,1714,34,True,True,0,0.020747661590576172,{},False,,key0_placeholder_reconciliation_0.001,5,reconciliation,0.001,placeholder,0,0.0128205128205128
0.0,0.0,0.001,0.0,0.0,1714,34,True,True,0,0.019585371017456055,{},False,,key0_placeholder_reconciliation_0.001,6,reconciliation,0.001,placeholder,0,0.0128205128205128
0.0,0.0,0.001,0.0,0.0,1714,34,True,True,0,0.023977041244506836,{},False,,key0_placeholder_reconciliation_0.001,7,reconciliation,0.001,placeholder,0,0.0128205128205128
0.0,0.0,0.001,0.0,0.0,1714,34,True,True,0,0.019773006439208984,{},False,,key0_placeholder_reconciliation_0.001,8,reconciliation,0.001,placeholder,0,0.0128205128205128
0.0,0.0,0.001,0.0,0.0,1714,34,True,True,0,0.02056574821472168,{},False,,key0_placeholder_reconciliation_0.001,9,reconciliation,0.001,placeholder,0,0.0128205128205128
0.0,0.0,0.001,0.0,0.0,1714,34,True,True,0,0.020731210708618164,{},False,,key0_placeholder_reconciliation_0.001,10,reconciliation,0.001,placeholder,0,0.0128205128205128
0.0,0.0,0.001,0.0,0.0,1714,34,True,True,0,0.020958662033081055,{},False,,key0_placeholder_reconciliation_0.001,11,reconciliation,0.001,placeholder,0,0.0128205128205128
0.0,0.0,0.001,0.0,0.0,1714,34,True,True,0,0.02115154266357422,{},False,,key0_placeholder_reconciliation_0.001,12,reconciliation,0.001,placeholder,0,0.0128205128205128
0.0,0.0,0.001,0.0,0.0,1714,34,True,True,0,0.01956009864807129,{},False,,key0_placeholder_reconciliation_0.001,13,reconciliation,0.001,placeholder,0,0.0128205128205128
0.0,0.0,0.001,0.0,0.0,1714,34,True,True,0,0.019663572311401367,{},False,,key0_placeholder_reconciliation_0.001,14,reconciliation,0.001,placeholder,0,0.0128205128205128
0.0,0.0,0.001,0.0,0.0,1714,34,True,True,0,0.02019786834716797,{},False,,key0_placeholder_reconciliation_0.001,15,reconciliation,0.001,placeholder,0,0.0128205128205128
0.0,0.0,0.001,0.0,0.0,1714,34,True,True,0,0.020557165145874023,{},False,,key0_placeholder_reconciliation_0.001,16,reconciliation,0.001,placeholder,0,0.0128205128205128
0.0,0.0,0.001,0.0,0.0,1714,34,True,True,0,0.020825624465942383,{},False,,key0_placeholder_reconciliation_0.001,17,reconciliation,0.001,placeholder,0,0.0128205128205128
0.0,0.0,0.001,0.0,0.0,1714,34,True,True,0,0.019636154174804688,{},False,,key0_placeholder_reconciliation_0.001,18,reconciliation,0.001,placeholder,0,0.0128205128205128
0.0,0.0,0.001,0.0,0.0,1714,34,True,True,0,0.021442890167236328,{},False,,key0_placeholder_reconciliation_0.001,19,reconciliation,0.001,placeholder,0,0.0128205128205128
0.5,0.0,0.0,0.0,0.0,2608,34,True,False,1,0.020558834075927734,{'toeplitz_matrix': 1},False,,key1_asymptotic_toeplitz_0.5,0,toeplitz,0.5,asymptotic,1,0.0158311345646438
0.5,0.0,0.0,0.0,0.0,2608,34,True,True,0,0.018857717514038086,{},False,,key1_asymptotic_toeplitz_0.5,1,toeplitz,0.5,asymptotic,1,0.0158311345646438
0.5,0.0,0.0,0.0,0.0,2608,34,True,True,0,0.01837944984436035,{},False,,key1_asymptotic_toeplitz_0.5,2,toeplitz,0.5,asymptotic,1,0.0158311345646438
0.5,0.0,0.0,0.0,0.0,2608,34,True,True,0,0.01834869384765625,{},False,,key1_asymptotic_toeplitz_0.5,3,toeplitz,0.5,asymptotic,1,0.0158311345646438
0.5,0.0,0.0,0.0,0.0,2608,34,True,True,0,0.019764184951782227,{},False,,key1_asymptotic_toeplitz_0.5,4,toeplitz,0.5,asymptotic,1,0.0158311345646438
0.5,0.0,0.0,0.0,0.0,2608,34,True,True,0,0.0198366641998291,{},False,,key1_asymptotic_toeplitz_0.5,5,toeplitz,0.5,asymptotic,1,0.0158311345646438
0.5,0.0,0.0,0.0,0.0,2608,34,True,False,1,0.019090890884399414,{'toeplitz_matrix': 1},False,,key1_asymptotic_toeplitz_0.5,6,toeplitz,0.5,asymptotic,1,0.0158311345646438
0.5,0.0,0.0,0.0,0.0,2608,34,True,False,1,0.01842975616455078,{'toeplitz_matrix': 1},False,,key1_asymptotic_toeplitz_0.5,7,toeplitz,0.5,asymptotic,1,0.0158311345646438
0.5,0.0,0.0,0.0,0.0,2608,34,True,True,0,0.023348093032836914,{},False,,key1_asymptotic_toeplitz_0.5,8,toeplitz,0.5,asymptotic,1,0.0158311345646438
0.5,0.0,0.0,0.0,0.0,2608,34,True,True,0,0.019646883010864258,{'toeplitz_matrix': 1},False,,key1_asymptotic_toeplitz_0.5,9,toeplitz,0.5,asymptotic,1,0.0158311345646438
0.5,0.0,0.0,0.0,0.0,2608,34,True,True,0,0.02094292640686035,{'toeplitz_matrix': 1},False,,key1_asymptotic_toeplitz_0.5,10,toeplitz,0.5,asymptotic,1,0.0158311345646438
0.5,0.0,0.0,0.0,0.0,2608,34,True,True,0,0.018872499465942383,{},False,,key1_asymptotic_toeplitz_0.5,11,toeplitz,0.5,asymptotic,1,0.0158311345646438
0.5,0.0,0.0,0.0,0.0,2608,34,True,True,0,0.019371747970581055,{},False,,key1_asymptotic_toeplitz_0.5,12,toeplitz,0.5,asymptotic,1,0.0158311345646438
0.5,0.0,0.0,0.0,0.0,2608,34,True,True,0,0.01912546157836914,{},False,,key1_asymptotic_toeplitz_0.5,13,toeplitz,0.5,asymptotic,1,0.0158311345646438
0.5,0.0,0.0,0.0,0.0,2608,34,True,True,0,0.01856851577758789,{},False,,key1_asymptotic_toeplitz_0.5,14,toeplitz,0.5,asymptotic,1,0.0158311345646438
0.5,0.0,0.0,0.0,0.0,2608,34,True,True,0,0.019698619842529297,{'toeplitz_matrix': 1},False,,key1_asymptotic_toeplitz_0.5,15,toeplitz,0.5,asymptotic,1,0.0158311345646438
0.5,0.0,0.0,0.0,0.0,2608,34,True,True,0,0.019486665725708008,{},False,,key1_asymptotic_toeplitz_0.5,16,toeplitz,0.5,asymptotic,1,0.0158311345646438
0.5,0.0,0.0,0.0,0.0,2608,34,True,True,0,0.018399953842163086,{},False,,key1_asymptotic_toeplitz_0.5,17,toeplitz,0.5,asymptotic,1,0.0158311345646438
0.5,0.0,0.0,0.0,0.0,2608,34,True,True,0,0.019031047821044922,{},False,,key1_asymptotic_toeplitz_0.5,18,toeplitz,0.5,asymptotic,1,0.0158311345646438
0.5,0.0,0.0,0.0,0.0,2608,34,True,True,0,0.019391298294067383,{'toeplitz_matrix': 1},False,,key1_asymptotic_toeplitz_0.5,19,toeplitz,0.5,asymptotic,1,0.0158311345646438
0.3,0.0,0.0,0.0,0.0,2608,34,True,False,1,0.022124290466308594,{'toeplitz_matrix': 1},False,,key1_asymptotic_toeplitz_0.3,0,toeplitz,0.3,asymptotic,1,0.0158311345646438
0.3,0.0,0.0,0.0,0.0,2608,34,True,True,0,0.024977445602416992,{},False,,key1_asymptotic_toeplitz_0.3,1,toeplitz,0.3,asymptotic,1,0.0158311345646438
0.3,0.0,0.0,0.0,0.0,2608,34,True,True,0,0.01990962028503418,{},False,,key1_asymptotic_toeplitz_0.3,2,toeplitz,0.3,asymptotic,1,0.0158311345646438
0.3,0.0,0.0,0.0,0.0,2608,34,True,True,0,0.019640445709228516,{},False,,key1_asymptotic_toeplitz_0.3,3,toeplitz,0.3,asymptotic,1,0.0158311345646438
0.3,0.0,0.0,0.0,0.0,2608,34,True,True,0,0.02012324333190918,{},False,,key1_asymptotic_toeplitz_0.3,4,toeplitz,0.3,asymptotic,1,0.0158311345646438
0.3,0.0,0.0,0.0,0.0,2608,34,True,True,0,0.018891096115112305,{},False,,key1_asymptotic_toeplitz_0.3,5,toeplitz,0.3,asymptotic,1,0.0158311345646438
0.3,0.0,0.0,0.0,0.0,2608,34,True,False,1,0.01852560043334961,{'toeplitz_matrix': 1},False,,key1_asymptotic_toeplitz_0.3,6,toeplitz,0.3,asymptotic,1,0.0158311345646438
0.3,0.0,0.0,0.0,0.0,2608,34,True,False,1,0.01776599884033203,{'toeplitz_matrix': 1},False,,key1_asymptotic_toeplitz_0.3,7,toeplitz,0.3,asymptotic,1,0.0158311345646438
0.3,0.0,0.0,0.0,0.0,2608,34,True,True,0,0.019516706466674805,{},False,,key1_asymptotic_toeplitz_0.3,8,toeplitz,0.3,asymptotic,1,0.0158311345646438
0.3,0.0,0.0,0.0,0.0,2608,34,True,True,0,0.020488500595092773,{'toeplitz_matrix': 1},False,,key1_asymptotic_toeplitz_0.3,9,toeplitz,0.3,asymptotic,1,0.0158311345646438
0.3,0.0,0.0,0.0,0.0,2608,34,True,True,0,0.01948261260986328,{'toeplitz_matrix': 1},False,,key1_asymptotic_toeplitz_0.3,10,toeplitz,0.3,asymptotic,1,0.0158311345646438
0.3,0.0,0.0,0.0,0.0,2608,34,True,True,0,0.020321130752563477,{},False,,key1_asymptotic_toeplitz_0.3,11,toeplitz,0.3,asymptotic,1,0.0158311345646438
0.3,0.0,0.0,0.0,0.0,2608,34,True,True,0,0.019595861434936523,{},False,,key1_asymptotic_toeplitz_0.3,12,toeplitz,0.3,asymptotic,1,0.0158311345646438
0.3,0.0,0.0,0.0,0.0,2608,34,True,True,0,0.01918339729309082,{},False,,key1_asymptotic_toeplitz_0.3,13,toeplitz,0.3,asymptotic,1,0.0158311345646438
0.3,0.0,0.0,0.0,0.0,2608,34,True,True,0,0.01960611343383789,{},False,,key1_asymptotic_toeplitz_0.3,14,toeplitz,0.3,asymptotic,1,0.0158311345646438
0.3,0.0,0.0,0.0,0.0,2608,34,True,True,0,0.018244028091430664,{'toeplitz_matrix': 1},False,,key1_asymptotic_toeplitz_0.3,15,toeplitz,0.3,asymptotic,1,0.0158311345646438
0.3,0.0,0.0,0.0,0.0,2608,34,True,True,0,0.019531726837158203,{},False,,key1_asymptotic_toeplitz_0.3,16,toeplitz,0.3,asymptotic,1,0.0158311345646438
0.3,0.0,0.0,0.0,0.0,2608,34,True,True,0,0.018581151962280273,{},False,,key1_asymptotic_toeplitz_0.3,17,toeplitz,0.3,asymptotic,1,0.0158311345646438
0.3,0.0,0.0,0.0,0.0,2608,34,True,True,0,0.01880025863647461,{},False,,key1_asymptotic_toeplitz_0.3,18,toeplitz,0.3,asymptotic,1,0.0158311345646438
0.3,0.0,0.0,0.0,0.0,2608,34,True,True,0,0.018613576889038086,{},False,,key1_asymptotic_toeplitz_0.3,19,toeplitz,0.3,asymptotic,1,0.0158311345646438
0.1,0.0,0.0,0.0,0.0,2608,34,True,True,0,0.01940321922302246,{},False,,key1_asymptotic_toeplitz_0.1,0,toeplitz,0.1,asymptotic,1,0.0158311345646438
0.1,0.0,0.0,0.0,0.0,2608,34,True,True,0,0.018817424774169922,{},False,,key1_asymptotic_toeplitz_0.1,1,toeplitz,0.1,asymptotic,1,0.0158311345646438
0.1,0.0,0.0,0.0,0.0,2608,34,True,True,0,0.019873619079589844,{},False,,key1_asymptotic_toeplitz_0.1,2,toeplitz,0.1,asymptotic,1,0.0158311345646438
0.1,0.0,0.0,0.0,0.0,2608,34,True,True,0,0.018384456634521484,{},False,,key1_asymptotic_toeplitz_0.1,3,toeplitz,0.1,asymptotic,1,0.0158311345646438
0.1,0.0,0.0,0.0,0.0,2608,34,True,True,0,0.01931023597717285,{},False,,key1_asymptotic_toeplitz_0.1,4,toeplitz,0.1,asymptotic,1,0.0158311345646438
0.1,0.0,0.0,0.0,0.0,2608,34,True,True,0,0.018961429595947266,{},False,,key1_asymptotic_toeplitz_0.1,5,toeplitz,0.1,asymptotic,1,0.0158311345646438
0.1,0.0,0.0,0.0,0.0,2608,34,True,False,1,0.019998550415039062,{'toeplitz_matrix': 1},False,,key1_asymptotic_toeplitz_0.1,6,toeplitz,0.1,asymptotic,1,0.0158311345646438
0.1,0.0,0.0,0.0,0.0,2608,34,True,False,1,0.01806926727294922,{'toeplitz_matrix': 1},False,,key1_asymptotic_toeplitz_0.1,7,toeplitz,0.1,asymptotic,1,0.0158311345646438
0.1,0.0,0.0,0.0,0.0,2608,34,True,True,0,0.019203662872314453,{},False,,key1_asymptotic_toeplitz_0.1,8,toeplitz,0.1,asymptotic,1,0.0158311345646438
0.1,0.0,0.0,0.0,0.0,2608,34,True,True,0,0.01943373680114746,{'toeplitz_matrix': 1},False,,key1_asymptotic_toeplitz_0.1,9,toeplitz,0.1,asymptotic,1,0.0158311345646438
0.1,0.0,0.0,0.0,0.0,2608,34,True,True,0,0.017941951751708984,{},False,,key1_asymptotic_toeplitz_0.1,10,toeplitz,0.1,asymptotic,1,0.0158311345646438
0.1,0.0,0.0,0.0,0.0,2608,34,True,True,0,0.01864147186279297,{},False,,key1_asymptotic_toeplitz_0.1,11,toeplitz,0.1,asymptotic,1,0.0158311345646438
0.1,0.0,0.0,0.0,0.0,2608,34,True,True,0,0.01940464973449707,{},False,,key1_asymptotic_toeplitz_0.1,12,toeplitz,0.1,asymptotic,1,0.0158311345646438
0.1,0.0,0.0,0.0,0.0,2608,34,True,True,0,0.020766258239746094,{},False,,key1_asymptotic_toeplitz_0.1,13,toeplitz,0.1,asymptotic,1,0.0158311345646438
0.1,0.0,0.0,0.0,0.0,2608,34,True,True,0,0.01917266845703125,{},False,,key1_asymptotic_toeplitz_0.1,14,toeplitz,0.1,asymptotic,1,0.0158311345646438
0.1,0.0,0.0,0.0,0.0,2608,34,True,True,0,0.020183563232421875,{},False,,key1_asymptotic_toeplitz_0.1,15,toeplitz,0.1,asymptotic,1,0.0158311345646438
0.1,0.0,0.0,0.0,0.0,2608,34,True,True,0,0.022040605545043945,{},False,,key1_asymptotic_toeplitz_0.1,16,toeplitz,0.1,asymptotic,1,0.0158311345646438
0.1,0.0,0.0,0.0,0.0,2608,34,True,True,0,0.018599748611450195,{},False,,key1_asymptotic_toeplitz_0.1,17,toeplitz,0.1,asymptotic,1,0.0158311345646438
0.1,0.0,0.0,0.0,0.0,2608,34,True,True,0,0.020395517349243164,{},False,,key1_asymptotic_toeplitz_0.1,18,toeplitz,0.1,asymptotic,1,0.0158311345646438
0.1,0.0,0.0,0.0,0.0,2608,34,True,True,0,0.0200345516204834,{},False,,key1_asymptotic_toeplitz_0.1,19,toeplitz,0.1,asymptotic,1,0.0158311345646438
0.05,0.0,0.0,0.0,0.0,2608,34,True,True,0,0.01996445655822754,{},False,,key1_asymptotic_toeplitz_0.05,0,toeplitz,0.05,asymptotic,1,0.0158311345646438
0.05,0.0,0.0,0.0,0.0,2608,34,True,True,0,0.019841432571411133,{},False,,key1_asymptotic_toeplitz_0.05,1,toeplitz,0.05,asymptotic,1,0.0158311345646438
0.05,0.0,0.0,0.0,0.0,2608,34,True,True,0,0.0243070125579834,{},False,,key1_asymptotic_toeplitz_0.05,2,toeplitz,0.05,asymptotic,1,0.0158311345646438
0.05,0.0,0.0,0.0,0.0,2608,34,True,True,0,0.020104646682739258,{},False,,key1_asymptotic_toeplitz_0.05,3,toeplitz,0.05,asymptotic,1,0.0158311345646438
0.05,0.0,0.0,0.0,0.0,2608,34,True,True,0,0.019874095916748047,{},False,,key1_asymptotic_toeplitz_0.05,4,toeplitz,0.05,asymptotic,1,0.0158311345646438
0.05,0.0,0.0,0.0,0.0,2608,34,True,True,0,0.018474817276000977,{},False,,key1_asymptotic_toeplitz_0.05,5,toeplitz,0.05,asymptotic,1,0.0158311345646438
0.05,0.0,0.0,0.0,0.0,2608,34,True,False,1,0.019044160842895508,{'toeplitz_matrix': 1},False,,key1_asymptotic_toeplitz_0.05,6,toeplitz,0.05,asymptotic,1,0.0158311345646438
0.05,0.0,0.0,0.0,0.0,2608,34,True,False,1,0.018116474151611328,{'toeplitz_matrix': 1},False,,key1_asymptotic_toeplitz_0.05,7,toeplitz,0.05,asymptotic,1,0.0158311345646438
0.05,0.0,0.0,0.0,0.0,2608,34,True,True,0,0.019268035888671875,{},False,,key1_asymptotic_toeplitz_0.05,8,toeplitz,0.05,asymptotic,1,0.0158311345646438
0.05,0.0,0.0,0.0,0.0,2608,34,True,True,0,0.019430160522460938,{'toeplitz_matrix': 1},False,,key1_asymptotic_toeplitz_0.05,9,toeplitz,0.05,asymptotic,1,0.0158311345646438
0.05,0.0,0.0,0.0,0.0,2608,34,True,True,0,0.020179271697998047,{},False,,key1_asymptotic_toeplitz_0.05,10,toeplitz,0.05,asymptotic,1,0.0158311345646438
0.05,0.0,0.0,0.0,0.0,2608,34,True,True,0,0.020763397216796875,{},False,,key1_asymptotic_toeplitz_0.05,11,toeplitz,0.05,asymptotic,1,0.0158311345646438
0.05,0.0,0.0,0.0,0.0,2608,34,True,True,0,0.0244293212890625,{},False,,key1_asymptotic_toeplitz_0.05,12,toeplitz,0.05,asymptotic,1,0.0158311345646438
0.05,0.0,0.0,0.0,0.0,2608,34,True,True,0,0.020601511001586914,{},False,,key1_asymptotic_toeplitz_0.05,13,toeplitz,0.05,asymptotic,1,0.0158311345646438
0.05,0.0,0.0,0.0,0.0,2608,34,True,True,0,0.019659757614135742,{},False,,key1_asymptotic_toeplitz_0.05,14,toeplitz,0.05,asymptotic,1,0.0158311345646438
0.05,0.0,0.0,0.0,0.0,2608,34,True,True,0,0.01856374740600586,{},False,,key1_asymptotic_toeplitz_0.05,15,toeplitz,0.05,asymptotic,1,0.0158311345646438
0.05,0.0,0.0,0.0,0.0,2608,34,True,True,0,0.020285844802856445,{},False,,key1_asymptotic_toeplitz_0.05,16,toeplitz,0.05,asymptotic,1,0.0158311345646438
0.05,0.0,0.0,0.0,0.0,2608,34,True,True,0,0.019117116928100586,{},False,,key1_asymptotic_toeplitz_0.05,17,toeplitz,0.05,asymptotic,1,0.0158311345646438
0.05,0.0,0.0,0.0,0.0,2608,34,True,True,0,0.018791675567626953,{},False,,key1_asymptotic_toeplitz_0.05,18,toeplitz,0.05,asymptotic,1,0.0158311345646438
0.05,0.0,0.0,0.0,0.0,2608,34,True,True,0,0.018519878387451172,{},False,,key1_asymptotic_toeplitz_0.05,19,toeplitz,0.05,asymptotic,1,0.0158311345646438
0.03,0.0,0.0,0.0,0.0,2608,34,True,True,0,0.018856287002563477,{},False,,key1_asymptotic_toeplitz_0.03,0,toeplitz,0.03,asymptotic,1,0.0158311345646438
0.03,0.0,0.0,0.0,0.0,2608,34,True,True,0,0.019643306732177734,{},False,,key1_asymptotic_toeplitz_0.03,1,toeplitz,0.03,asymptotic,1,0.0158311345646438
0.03,0.0,0.0,0.0,0.0,2608,34,True,True,0,0.019084453582763672,{},False,,key1_asymptotic_toeplitz_0.03,2,toeplitz,0.03,asymptotic,1,0.0158311345646438
0.03,0.0,0.0,0.0,0.0,2608,34,True,True,0,0.018529891967773438,{},False,,key1_asymptotic_toeplitz_0.03,3,toeplitz,0.03,asymptotic,1,0.0158311345646438
0.03,0.0,0.0,0.0,0.0,2608,34,True,True,0,0.02179741859436035,{},False,,key1_asymptotic_toeplitz_0.03,4,toeplitz,0.03,asymptotic,1,0.0158311345646438
0.03,0.0,0.0,0.0,0.0,2608,34,True,True,0,0.01846766471862793,{},False,,key1_asymptotic_toeplitz_0.03,5,toeplitz,0.03,asymptotic,1,0.0158311345646438
0.03,0.0,0.0,0.0,0.0,2608,34,True,True,0,0.018543004989624023,{},False,,key1_asymptotic_toeplitz_0.03,6,toeplitz,0.03,asymptotic,1,0.0158311345646438
0.03,0.0,0.0,0.0,0.0,2608,34,True,True,0,0.020279407501220703,{},False,,key1_asymptotic_toeplitz_0.03,7,toeplitz,0.03,asymptotic,1,0.0158311345646438
0.03,0.0,0.0,0.0,0.0,2608,34,True,True,0,0.01840043067932129,{},False,,key1_asymptotic_toeplitz_0.03,8,toeplitz,0.03,asymptotic,1,0.0158311345646438
0.03,0.0,0.0,0.0,0.0,2608,34,True,True,0,0.01900482177734375,{},False,,key1_asymptotic_toeplitz_0.03,9,toeplitz,0.03,asymptotic,1,0.0158311345646438
0.03,0.0,0.0,0.0,0.0,2608,34,True,True,0,0.01835179328918457,{},False,,key1_asymptotic_toeplitz_0.03,10,toeplitz,0.03,asymptotic,1,0.0158311345646438
0.03,0.0,0.0,0.0,0.0,2608,34,True,True,0,0.019115447998046875,{},False,,key1_asymptotic_toeplitz_0.03,11,toeplitz,0.03,asymptotic,1,0.0158311345646438
0.03,0.0,0.0,0.0,0.0,2608,34,True,True,0,0.01860189437866211,{},False,,key1_asymptotic_toeplitz_0.03,12,toeplitz,0.03,asymptotic,1,0.0158311345646438
0.03,0.0,0.0,0.0,0.0,2608,34,True,True,0,0.018982410430908203,{},False,,key1_asymptotic_toeplitz_0.03,13,toeplitz,0.03,asymptotic,1,0.0158311345646438
0.03,0.0,0.0,0.0,0.0,2608,34,True,True,0,0.018718719482421875,{},False,,key1_asymptotic_toeplitz_0.03,14,toeplitz,0.03,asymptotic,1,0.0158311345646438
0.03,0.0,0.0,0.0,0.0,2608,34,True,True,0,0.019613027572631836,{},False,,key1_asymptotic_toeplitz_0.03,15,toeplitz,0.03,asymptotic,1,0.0158311345646438
0.03,0.0,0.0,0.0,0.0,2608,34,True,True,0,0.018646717071533203,{},False,,key1_asymptotic_toeplitz_0.03,16,toeplitz,0.03,asymptotic,1,0.0158311345646438
0.03,0.0,0.0,0.0,0.0,2608,34,True,True,0,0.019553422927856445,{},False,,key1_asymptotic_toeplitz_0.03,17,toeplitz,0.03,asymptotic,1,0.0158311345646438
0.03,0.0,0.0,0.0,0.0,2608,34,True,True,0,0.018893957138061523,{},False,,key1_asymptotic_toeplitz_0.03,18,toeplitz,0.03,asymptotic,1,0.0158311345646438
0.03,0.0,0.0,0.0,0.0,2608,34,True,True,0,0.018251657485961914,{},False,,key1_asymptotic_toeplitz_0.03,19,toeplitz,0.03,asymptotic,1,0.0158311345646438
0.01,0.0,0.0,0.0,0.0,2608,34,True,True,0,0.018882036209106445,{},False,,key1_asymptotic_toeplitz_0.01,0,toeplitz,0.01,asymptotic,1,0.0158311345646438
0.01,0.0,0.0,0.0,0.0,2608,34,True,True,0,0.018580913543701172,{},False,,key1_asymptotic_toeplitz_0.01,1,toeplitz,0.01,asymptotic,1,0.0158311345646438
0.01,0.0,0.0,0.0,0.0,2608,34,True,True,0,0.0193026065826416,{},False,,key1_asymptotic_toeplitz_0.01,2,toeplitz,0.01,asymptotic,1,0.0158311345646438
0.01,0.0,0.0,0.0,0.0,2608,34,True,True,0,0.019863605499267578,{},False,,key1_asymptotic_toeplitz_0.01,3,toeplitz,0.01,asymptotic,1,0.0158311345646438
0.01,0.0,0.0,0.0,0.0,2608,34,True,True,0,0.02264404296875,{},False,,key1_asymptotic_toeplitz_0.01,4,toeplitz,0.01,asymptotic,1,0.0158311345646438
0.01,0.0,0.0,0.0,0.0,2608,34,True,True,0,0.021498918533325195,{},False,,key1_asymptotic_toeplitz_0.01,5,toeplitz,0.01,asymptotic,1,0.0158311345646438
0.01,0.0,0.0,0.0,0.0,2608,34,True,True,0,0.022449254989624023,{},False,,key1_asymptotic_toeplitz_0.01,6,toeplitz,0.01,asymptotic,1,0.0158311345646438
0.01,0.0,0.0,0.0,0.0,2608,34,True,True,0,0.019113540649414062,{},False,,key1_asymptotic_toeplitz_0.01,7,toeplitz,0.01,asymptotic,1,0.0158311345646438
0.01,0.0,0.0,0.0,0.0,2608,34,True,True,0,0.020251989364624023,{},False,,key1_asymptotic_toeplitz_0.01,8,toeplitz,0.01,asymptotic,1,0.0158311345646438
0.01,0.0,0.0,0.0,0.0,2608,34,True,True,0,0.021537065505981445,{},False,,key1_asymptotic_toeplitz_0.01,9,toeplitz,0.01,asymptotic,1,0.0158311345646438
0.01,0.0,0.0,0.0,0.0,2608,34,True,True,0,0.018973350524902344,{},False,,key1_asymptotic_toeplitz_0.01,10,toeplitz,0.01,asymptotic,1,0.0158311345646438
0.01,0.0,0.0,0.0,0.0,2608,34,True,True,0,0.01846933364868164,{},False,,key1_asymptotic_toeplitz_0.01,11,toeplitz,0.01,asymptotic,1,0.0158311345646438
0.01,0.0,0.0,0.0,0.0,2608,34,True,True,0,0.018608570098876953,{},False,,key1_asymptotic_toeplitz_0.01,12,toeplitz,0.01,asymptotic,1,0.0158311345646438
0.01,0.0,0.0,0.0,0.0,2608,34,True,True,0,0.02033543586730957,{},False,,key1_asymptotic_toeplitz_0.01,13,toeplitz,0.01,asymptotic,1,0.0158311345646438
0.01,0.0,0.0,0.0,0.0,2608,34,True,True,0,0.01883387565612793,{},False,,key1_asymptotic_toeplitz_0.01,14,toeplitz,0.01,asymptotic,1,0.0158311345646438
0.01,0.0,0.0,0.0,0.0,2608,34,True,True,0,0.019069910049438477,{},False,,key1_asymptotic_toeplitz_0.01,15,toeplitz,0.01,asymptotic,1,0.0158311345646438
0.01,0.0,0.0,0.0,0.0,2608,34,True,True,0,0.018486499786376953,{},False,,key1_asymptotic_toeplitz_0.01,16,toeplitz,0.01,asymptotic,1,0.0158311345646438
0.01,0.0,0.0,0.0,0.0,2608,34,True,True,0,0.02031230926513672,{},False,,key1_asymptotic_toeplitz_0.01,17,toeplitz,0.01,asymptotic,1,0.0158311345646438
0.01,0.0,0.0,0.0,0.0,2608,34,True,True,0,0.024036169052124023,{},False,,key1_asymptotic_toeplitz_0.01,18,toeplitz,0.01,asymptotic,1,0.0158311345646438
0.01,0.0,0.0,0.0,0.0,2608,34,True,True,0,0.021924257278442383,{},False,,key1_asymptotic_toeplitz_0.01,19,toeplitz,0.01,asymptotic,1,0.0158311345646438
0.003,0.0,0.0,0.0,0.0,2608,34,True,True,0,0.021604061126708984,{},False,,key1_asymptotic_toeplitz_0.003,0,toeplitz,0.003,asymptotic,1,0.0158311345646438
0.003,0.0,0.0,0.0,0.0,2608,34,True,True,0,0.022392988204956055,{},False,,key1_asymptotic_toeplitz_0.003,1,toeplitz,0.003,asymptotic,1,0.0158311345646438
0.003,0.0,0.0,0.0,0.0,2608,34,True,True,0,0.022742033004760742,{},False,,key1_asymptotic_toeplitz_0.003,2,toeplitz,0.003,asymptotic,1,0.0158311345646438
0.003,0.0,0.0,0.0,0.0,2608,34,True,True,0,0.018337488174438477,{},False,,key1_asymptotic_toeplitz_0.003,3,toeplitz,0.003,asymptotic,1,0.0158311345646438
0.003,0.0,0.0,0.0,0.0,2608,34,True,True,0,0.01860833168029785,{},False,,key1_asymptotic_toeplitz_0.003,4,toeplitz,0.003,asymptotic,1,0.0158311345646438
0.003,0.0,0.0,0.0,0.0,2608,34,True,True,0,0.01942729949951172,{},False,,key1_asymptotic_toeplitz_0.003,5,toeplitz,0.003,asymptotic,1,0.0158311345646438
0.003,0.0,0.0,0.0,0.0,2608,34,True,True,0,0.019928455352783203,{},False,,key1_asymptotic_toeplitz_0.003,6,toeplitz,0.003,asymptotic,1,0.0158311345646438
0.003,0.0,0.0,0.0,0.0,2608,34,True,True,0,0.018793582916259766,{},False,,key1_asymptotic_toeplitz_0.003,7,toeplitz,0.003,asymptotic,1,0.0158311345646438
0.003,0.0,0.0,0.0,0.0,2608,34,True,True,0,0.01939558982849121,{},False,,key1_asymptotic_toeplitz_0.003,8,toeplitz,0.003,asymptotic,1,0.0158311345646438
0.003,0.0,0.0,0.0,0.0,2608,34,True,True,0,0.022029876708984375,{},False,,key1_asymptotic_toeplitz_0.003,9,toeplitz,0.003,asymptotic,1,0.0158311345646438
0.003,0.0,0.0,0.0,0.0,2608,34,True,True,0,0.018588542938232422,{},False,,key1_asymptotic_toeplitz_0.003,10,toeplitz,0.003,asymptotic,1,0.0158311345646438
0.003,0.0,0.0,0.0,0.0,2608,34,True,True,0,0.018769502639770508,{},False,,key1_asymptotic_toeplitz_0.003,11,toeplitz,0.003,asymptotic,1,0.0158311345646438
0.003,0.0,0.0,0.0,0.0,2608,34,True,True,0,0.018358230590820312,{},False,,key1_asymptotic_toeplitz_0.003,12,toeplitz,0.003,asymptotic,1,0.0158311345646438
0.003,0.0,0.0,0.0,0.0,2608,34,True,True,0,0.019388675689697266,{},False,,key1_asymptotic_toeplitz_0.003,13,toeplitz,0.003,asymptotic,1,0.0158311345646438
0.003,0.0,0.0,0.0,0.0,2608,34,True,True,0,0.02020263671875,{},False,,key1_asymptotic_toeplitz_0.003,14,toeplitz,0.003,asymptotic,1,0.0158311345646438
0.003,0.0,0.0,0.0,0.0,2608,34,True,True,0,0.018580198287963867,{},False,,key1_asymptotic_toeplitz_0.003,15,toeplitz,0.003,asymptotic,1,0.0158311345646438
0.003,0.0,0.0,0.0,0.0,2608,34,True,True,0,0.018426179885864258,{},False,,key1_asymptotic_toeplitz_0.003,16,toeplitz,0.003,asymptotic,1,0.0158311345646438
0.003,0.0,0.0,0.0,0.0,2608,34,True,True,0,0.02034473419189453,{},False,,key1_asymptotic_toeplitz_0.003,17,toeplitz,0.003,asymptotic,1,0.0158311345646438
0.003,0.0,0.0,0.0,0.0,2608,34,True,True,0,0.01981329917907715,{},False,,key1_asymptotic_toeplitz_0.003,18,toeplitz,0.003,asymptotic,1,0.0158311345646438
0.003,0.0,0.0,0.0,0.0,2608,34,True,True,0,0.0195620059967041,{},False,,key1_asymptotic_toeplitz_0.003,19,toeplitz,0.003,asymptotic,1,0.0158311345646438
0.001,0.0,0.0,0.0,0.0,2608,34,True,True,0,0.018627643585205078,{},False,,key1_asymptotic_toeplitz_0.001,0,toeplitz,0.001,asymptotic,1,0.0158311345646438
0.001,0.0,0.0,0.0,0.0,2608,34,True,True,0,0.021062135696411133,{},False,,key1_asymptotic_toeplitz_0.001,1,toeplitz,0.001,asymptotic,1,0.0158311345646438
0.001,0.0,0.0,0.0,0.0,2608,34,True,True,0,0.018156766891479492,{},False,,key1_asymptotic_toeplitz_0.001,2,toeplitz,0.001,asymptotic,1,0.0158311345646438
0.001,0.0,0.0,0.0,0.0,2608,34,True,True,0,0.02138352394104004,{},False,,key1_asymptotic_toeplitz_0.001,3,toeplitz,0.001,asymptotic,1,0.0158311345646438
0.001,0.0,0.0,0.0,0.0,2608,34,True,True,0,0.01923537254333496,{},False,,key1_asymptotic_toeplitz_0.001,4,toeplitz,0.001,asymptotic,1,0.0158311345646438
0.001,0.0,0.0,0.0,0.0,2608,34,True,True,0,0.023211240768432617,{},False,,key1_asymptotic_toeplitz_0.001,5,toeplitz,0.001,asymptotic,1,0.0158311345646438
0.001,0.0,0.0,0.0,0.0,2608,34,True,True,0,0.022806167602539062,{},False,,key1_asymptotic_toeplitz_0.001,6,toeplitz,0.001,asymptotic,1,0.0158311345646438
0.001,0.0,0.0,0.0,0.0,2608,34,True,True,0,0.01873612403869629,{},False,,key1_asymptotic_toeplitz_0.001,7,toeplitz,0.001,asymptotic,1,0.0158311345646438
0.001,0.0,0.0,0.0,0.0,2608,34,True,True,0,0.01965951919555664,{},False,,key1_asymptotic_toeplitz_0.001,8,toeplitz,0.001,asymptotic,1,0.0158311345646438
0.001,0.0,0.0,0.0,0.0,2608,34,True,True,0,0.01970839500427246,{},False,,key1_asymptotic_toeplitz_0.001,9,toeplitz,0.001,asymptotic,1,0.0158311345646438
0.001,0.0,0.0,0.0,0.0,2608,34,True,True,0,0.01819753646850586,{},False,,key1_asymptotic_toeplitz_0.001,10,toeplitz,0.001,asymptotic,1,0.0158311345646438
0.001,0.0,0.0,0.0,0.0,2608,34,True,True,0,0.018392086029052734,{},False,,key1_asymptotic_toeplitz_0.001,11,toeplitz,0.001,asymptotic,1,0.0158311345646438
0.001,0.0,0.0,0.0,0.0,2608,34,True,True,0,0.018644094467163086,{},False,,key1_asymptotic_toeplitz_0.001,12,toeplitz,0.001,asymptotic,1,0.0158311345646438
0.001,0.0,0.0,0.0,0.0,2608,34,True,True,0,0.02118086814880371,{},False,,key1_asymptotic_toeplitz_0.001,13,toeplitz,0.001,asymptotic,1,0.0158311345646438
0.001,0.0,0.0,0.0,0.0,2608,34,True,True,0,0.019324779510498047,{},False,,key1_asymptotic_toeplitz_0.001,14,toeplitz,0.001,asymptotic,1,0.0158311345646438
0.001,0.0,0.0,0.0,0.0,2608,34,True,True,0,0.018304109573364258,{},False,,key1_asymptotic_toeplitz_0.001,15,toeplitz,0.001,asymptotic,1,0.0158311345646438
0.001,0.0,0.0,0.0,0.0,2608,34,True,True,0,0.018236875534057617,{},False,,key1_asymptotic_toeplitz_0.001,16,toeplitz,0.001,asymptotic,1,0.0158311345646438
0.001,0.0,0.0,0.0,0.0,2608,34,True,True,0,0.01918506622314453,{},False,,key1_asymptotic_toeplitz_0.001,17,toeplitz,0.001,asymptotic,1,0.0158311345646438
0.001,0.0,0.0,0.0,0.0,2608,34,True,True,0,0.017919540405273438,{},False,,key1_asymptotic_toeplitz_0.001,18,toeplitz,0.001,asymptotic,1,0.0158311345646438
0.001,0.0,0.0,0.0,0.0,2608,34,True,True,0,0.020531415939331055,{},False,,key1_asymptotic_toeplitz_0.001,19,toeplitz,0.001,asymptotic,1,0.0158311345646438
0.0,0.5,0.0,0.0,0.0,2608,34,True,True,0,0.018152713775634766,{},False,,key1_asymptotic_final_key_0.5,0,final_key,0.5,asymptotic,1,0.0158311345646438
0.0,0.5,0.0,0.0,0.0,2608,34,True,False,1,0.01904582977294922,{'final_key': 1},False,,key1_asymptotic_final_key_0.5,1,final_key,0.5,asymptotic,1,0.0158311345646438
0.0,0.5,0.0,0.0,0.0,2608,34,True,False,1,0.01858830451965332,{'final_key': 1},False,,key1_asymptotic_final_key_0.5,2,final_key,0.5,asymptotic,1,0.0158311345646438
0.0,0.5,0.0,0.0,0.0,2608,34,True,True,0,0.018020153045654297,{},False,,key1_asymptotic_final_key_0.5,3,final_key,0.5,asymptotic,1,0.0158311345646438
0.0,0.5,0.0,0.0,0.0,2608,34,True,True,0,0.018233299255371094,{},False,,key1_asymptotic_final_key_0.5,4,final_key,0.5,asymptotic,1,0.0158311345646438
0.0,0.5,0.0,0.0,0.0,2608,34,True,True,0,0.019580841064453125,{},False,,key1_asymptotic_final_key_0.5,5,final_key,0.5,asymptotic,1,0.0158311345646438
0.0,0.5,0.0,0.0,0.0,2608,34,True,False,1,0.018459558486938477,{'final_key': 1},False,,key1_asymptotic_final_key_0.5,6,final_key,0.5,asymptotic,1,0.0158311345646438
0.0,0.5,0.0,0.0,0.0,2608,34,True,True,0,0.01854705810546875,{},False,,key1_asymptotic_final_key_0.5,7,final_key,0.5,asymptotic,1,0.0158311345646438
0.0,0.5,0.0,0.0,0.0,2608,34,True,True,0,0.01962566375732422,{},False,,key1_asymptotic_final_key_0.5,8,final_key,0.5,asymptotic,1,0.0158311345646438
0.0,0.5,0.0,0.0,0.0,2608,34,True,True,0,0.019631385803222656,{},False,,key1_asymptotic_final_key_0.5,9,final_key,0.5,asymptotic,1,0.0158311345646438
0.0,0.5,0.0,0.0,0.0,2608,34,True,False,1,0.020771503448486328,{'final_key': 1},False,,key1_asymptotic_final_key_0.5,10,final_key,0.5,asymptotic,1,0.0158311345646438
0.0,0.5,0.0,0.0,0.0,2608,34,True,False,1,0.01897406578063965,{'final_key': 1},False,,key1_asymptotic_final_key_0.5,11,final_key,0.5,asymptotic,1,0.0158311345646438
0.0,0.5,0.0,0.0,0.0,2608,34,True,True,0,0.022492647171020508,{},False,,key1_asymptotic_final_key_0.5,12,final_key,0.5,asymptotic,1,0.0158311345646438
0.0,0.5,0.0,0.0,0.0,2608,34,True,True,0,0.023586511611938477,{},False,,key1_asymptotic_final_key_0.5,13,final_key,0.5,asymptotic,1,0.0158311345646438
0.0,0.5,0.0,0.0,0.0,2608,34,True,True,0,0.018677949905395508,{},False,,key1_asymptotic_final_key_0.5,14,final_key,0.5,asymptotic,1,0.0158311345646438
0.0,0.5,0.0,0.0,0.0,2608,34,True,True,0,0.019247770309448242,{},False,,key1_asymptotic_final_key_0.5,15,final_key,0.5,asymptotic,1,0.0158311345646438
0.0,0.5,0.0,0.0,0.0,2608,34,True,False,1,0.01873922348022461,{'final_key': 1},False,,key1_asymptotic_final_key_0.5,16,final_key,0.5,asymptotic,1,0.0158311345646438
0.0,0.5,0.0,0.0,0.0,2608,34,True,False,1,0.019434452056884766,{'final_key': 1},False,,key1_asymptotic_final_key_0.5,17,final_key,0.5,asymptotic,1,0.0158311345646438
0.0,0.5,0.0,0.0,0.0,2608,34,True,True,0,0.01873636245727539,{},False,,key1_asymptotic_final_key_0.5,18,final_key,0.5,asymptotic,1,0.0158311345646438
0.0,0.5,0.0,0.0,0.0,2608,34,True,False,1,0.01819014549255371,{'final_key': 1},False,,key1_asymptotic_final_key_0.5,19,final_key,0.5,asymptotic,1,0.0158311345646438
0.0,0.3,0.0,0.0,0.0,2608,34,True,True,0,0.022051334381103516,{},False,,key1_asymptotic_final_key_0.3,0,final_key,0.3,asymptotic,1,0.0158311345646438
0.0,0.3,0.0,0.0,0.0,2608,34,True,True,0,0.020031452178955078,{},False,,key1_asymptotic_final_key_0.3,1,final_key,0.3,asymptotic,1,0.0158311345646438
0.0,0.3,0.0,0.0,0.0,2608,34,True,False,1,0.01926279067993164,{'final_key': 1},False,,key1_asymptotic_final_key_0.3,2,final_key,0.3,asymptotic,1,0.0158311345646438
0.0,0.3,0.0,0.0,0.0,2608,34,True,True,0,0.018344640731811523,{},False,,key1_asymptotic_final_key_0.3,3,final_key,0.3,asymptotic,1,0.0158311345646438
0.0,0.3,0.0,0.0,0.0,2608,34,True,True,0,0.019427061080932617,{},False,,key1_asymptotic_final_key_0.3,4,final_key,0.3,asymptotic,1,0.0158311345646438
0.0,0.3,0.0,0.0,0.0,2608,34,True,True,0,0.02012038230895996,{},False,,key1_asymptotic_final_key_0.3,5,final_key,0.3,asymptotic,1,0.0158311345646438
0.0,0.3,0.0,0.0,0.0,2608,34,True,False,1,0.018297433853149414,{'final_key': 1},False,,key1_asymptotic_final_key_0.3,6,final_key,0.3,asymptotic,1,0.0158311345646438
0.0,0.3,0.0,0.0,0.0,2608,34,True,True,0,0.017893075942993164,{},False,,key1_asymptotic_final_key_0.3,7,final_key,0.3,asymptotic,1,0.0158311345646438
0.0,0.3,0.0,0.0,0.0,2608,34,True,True,0,0.02209329605102539,{},False,,key1_asymptotic_final_key_0.3,8,final_key,0.3,asymptotic,1,0.0158311345646438
0.0,0.3,0.0,0.0,0.0,2608,34,True,True,0,0.018683910369873047,{},False,,key1_asymptotic_final_key_0.3,9,final_key,0.3,asymptotic,1,0.0158311345646438
0.0,0.3,0.0,0.0,0.0,2608,34,True,False,1,0.019440174102783203,{'final_key': 1},False,,key1_asymptotic_final_key_0.3,10,final_key,0.3,asymptotic,1,0.0158311345646438
0.0,0.3,0.0,0.0,0.0,2608,34,True,False,1,0.019762039184570312,{'final_key': 1},False,,key1_asymptotic_final_key_0.3,11,final_key,0.3,asymptotic,1,0.0158311345646438
0.0,0.3,0.0,0.0,0.0,2608,34,True,True,0,0.018702983856201172,{},False,,key1_asymptotic_final_key_0.3,12,final_key,0.3,asymptotic,1,0.0158311345646438
0.0,0.3,0.0,0.0,0.0,2608,34,True,True,0,0.019713401794433594,{},False,,key1_asymptotic_final_key_0.3,13,final_key,0.3,asymptotic,1,0.0158311345646438
0.0,0.3,0.0,0.0,0.0,2608,34,True,True,0,0.01828479766845703,{},False,,key1_asymptotic_final_key_0.3,14,final_key,0.3,asymptotic,1,0.0158311345646438
0.0,0.3,0.0,0.0,0.0,2608,34,True,True,0,0.01873159408569336,{},False,,key1_asymptotic_final_key_0.3,15,final_key,0.3,asymptotic,1,0.0158311345646438
0.0,0.3,0.0,0.0,0.0,2608,34,True,False,1,0.03799009323120117,{'final_key': 1},False,,key1_asymptotic_final_key_0.3,16,final_key,0.3,asymptotic,1,0.0158311345646438
0.0,0.3,0.0,0.0,0.0,2608,34,True,False,1,0.0378880500793457,{'final_key': 1},False,,key1_asymptotic_final_key_0.3,17,final_key,0.3,asymptotic,1,0.0158311345646438
0.0,0.3,0.0,0.0,0.0,2608,34,True,True,0,0.01859593391418457,{},False,,key1_asymptotic_final_key_0.3,18,final_key,0.3,asymptotic,1,0.0158311345646438
0.0,0.3,0.0,0.0,0.0,2608,34,True,False,1,0.019199609756469727,{'final_key': 1},False,,key1_asymptotic_final_key_0.3,19,final_key,0.3,asymptotic,1,0.0158311345646438
0.0,0.1,0.0,0.0,0.0,2608,34,True,True,0,0.019312381744384766,{},False,,key1_asymptotic_final_key_0.1,0,final_key,0.1,asymptotic,1,0.0158311345646438
0.0,0.1,0.0,0.0,0.0,2608,34,True,True,0,0.023171663284301758,{},False,,key1_asymptotic_final_key_0.1,1,final_key,0.1,asymptotic,1,0.0158311345646438
0.0,0.1,0.0,0.0,0.0,2608,34,True,False,1,0.019628286361694336,{'final_key': 1},False,,key1_asymptotic_final_key_0.1,2,final_key,0.1,asymptotic,1,0.0158311345646438
0.0,0.1,0.0,0.0,0.0,2608,34,True,True,0,0.01985788345336914,{},False,,key1_asymptotic_final_key_0.1,3,final_key,0.1,asymptotic,1,0.0158311345646438
0.0,0.1,0.0,0.0,0.0,2608,34,True,True,0,0.019957542419433594,{},False,,key1_asymptotic_final_key_0.1,4,final_key,0.1,asymptotic,1,0.0158311345646438
0.0,0.1,0.0,0.0,0.0,2608,34,True,True,0,0.02081894874572754,{},False,,key1_asymptotic_final_key_0.1,5,final_key,0.1,asymptotic,1,0.0158311345646438
0.0,0.1,0.0,0.0,0.0,2608,34,True,True,0,0.0194852352142334,{},False,,key1_asymptotic_final_key_0.1,6,final_key,0.1,asymptotic,1,0.0158311345646438
0.0,0.1,0.0,0.0,0.0,2608,34,True,True,0,0.019464731216430664,{},False,,key1_asymptotic_final_key_0.1,7,final_key,0.1,asymptotic,1,0.0158311345646438
0.0,0.1,0.0,0.0,0.0,2608,34,True,True,0,0.019095659255981445,{},False,,key1_asymptotic_final_key_0.1,8,final_key,0.1,asymptotic,1,0.0158311345646438
0.0,0.1,0.0,0.0,0.0,2608,34,True,True,0,0.019481658935546875,{},False,,key1_asymptotic_final_key_0.1,9,final_key,0.1,asymptotic,1,0.0158311345646438
0.0,0.1,0.0,0.0,0.0,2608,34,True,False,1,0.018320798873901367,{'final_key': 1},False,,key1_asymptotic_final_key_0.1,10,final_key,0.1,asymptotic,1,0.0158311345646438
0.0,0.1,0.0,0.0,0.0,2608,34,True,True,0,0.019702911376953125,{},False,,key1_asymptotic_final_key_0.1,11,final_key,0.1,asymptotic,1,0.0158311345646438
0.0,0.1,0.0,0.0,0.0,2608,34,True,True,0,0.018787384033203125,{},False,,key1_asymptotic_final_key_0.1,12,final_key,0.1,asymptotic,1,0.0158311345646438
0.0,0.1,0.0,0.0,0.0,2608,34,True,True,0,0.019213438034057617,{},False,,key1_asymptotic_final_key_0.1,13,final_key,0.1,asymptotic,1,0.0158311345646438
0.0,0.1,0.0,0.0,0.0,2608,34,True,True,0,0.020114421844482422,{},False,,key1_asymptotic_final_key_0.1,14,final_key,0.1,asymptotic,1,0.0158311345646438
0.0,0.1,0.0,0.0,0.0,2608,34,True,True,0,0.018094301223754883,{},False,,key1_asymptotic_final_key_0.1,15,final_key,0.1,asymptotic,1,0.0158311345646438
0.0,0.1,0.0,0.0,0.0,2608,34,True,False,1,0.018256425857543945,{'final_key': 1},False,,key1_asymptotic_final_key_0.1,16,final_key,0.1,asymptotic,1,0.0158311345646438
0.0,0.1,0.0,0.0,0.0,2608,34,True,True,0,0.018936872482299805,{},False,,key1_asymptotic_final_key_0.1,17,final_key,0.1,asymptotic,1,0.0158311345646438
0.0,0.1,0.0,0.0,0.0,2608,34,True,True,0,0.01905965805053711,{},False,,key1_asymptotic_final_key_0.1,18,final_key,0.1,asymptotic,1,0.0158311345646438
0.0,0.1,0.0,0.0,0.0,2608,34,True,True,0,0.018819570541381836,{},False,,key1_asymptotic_final_key_0.1,19,final_key,0.1,asymptotic,1,0.0158311345646438
0.0,0.05,0.0,0.0,0.0,2608,34,True,True,0,0.020366907119750977,{},False,,key1_asymptotic_final_key_0.05,0,final_key,0.05,asymptotic,1,0.0158311345646438
0.0,0.05,0.0,0.0,0.0,2608,34,True,True,0,0.024494171142578125,{},False,,key1_asymptotic_final_key_0.05,1,final_key,0.05,asymptotic,1,0.0158311345646438
0.0,0.05,0.0,0.0,0.0,2608,34,True,False,1,0.021271228790283203,{'final_key': 1},False,,key1_asymptotic_final_key_0.05,2,final_key,0.05,asymptotic,1,0.0158311345646438
0.0,0.05,0.0,0.0,0.0,2608,34,True,True,0,0.018548011779785156,{},False,,key1_asymptotic_final_key_0.05,3,final_key,0.05,asymptotic,1,0.0158311345646438
0.0,0.05,0.0,0.0,0.0,2608,34,True,True,0,0.01884746551513672,{},False,,key1_asymptotic_final_key_0.05,4,final_key,0.05,asymptotic,1,0.0158311345646438
0.0,0.05,0.0,0.0,0.0,2608,34,True,True,0,0.01917576789855957,{},False,,key1_asymptotic_final_key_0.05,5,final_key,0.05,asymptotic,1,0.0158311345646438
0.0,0.05,0.0,0.0,0.0,2608,34,True,True,0,0.018813610076904297,{},False,,key1_asymptotic_final_key_0.05,6,final_key,0.05,asymptotic,1,0.0158311345646438
0.0,0.05,0.0,0.0,0.0,2608,34,True,True,0,0.020357131958007812,{},False,,key1_asymptotic_final_key_0.05,7,final_key,0.05,asymptotic,1,0.0158311345646438
0.0,0.05,0.0,0.0,0.0,2608,34,True,True,0,0.019011735916137695,{},False,,key1_asymptotic_final_key_0.05,8,final_key,0.05,asymptotic,1,0.0158311345646438
0.0,0.05,0.0,0.0,0.0,2608,34,True,True,0,0.0196990966796875,{},False,,key1_asymptotic_final_key_0.05,9,final_key,0.05,asymptotic,1,0.0158311345646438
0.0,0.05,0.0,0.0,0.0,2608,34,True,True,0,0.019236326217651367,{},False,,key1_asymptotic_final_key_0.05,10,final_key,0.05,asymptotic,1,0.0158311345646438
0.0,0.05,0.0,0.0,0.0,2608,34,True,True,0,0.02026987075805664,{},False,,key1_asymptotic_final_key_0.05,11,final_key,0.05,asymptotic,1,0.0158311345646438
0.0,0.05,0.0,0.0,0.0,2608,34,True,True,0,0.021061182022094727,{},False,,key1_asymptotic_final_key_0.05,12,final_key,0.05,asymptotic,1,0.0158311345646438
0.0,0.05,0.0,0.0,0.0,2608,34,True,True,0,0.022051334381103516,{},False,,key1_asymptotic_final_key_0.05,13,final_key,0.05,asymptotic,1,0.0158311345646438
0.0,0.05,0.0,0.0,0.0,2608,34,True,True,0,0.020653486251831055,{},False,,key1_asymptotic_final_key_0.05,14,final_key,0.05,asymptotic,1,0.0158311345646438
0.0,0.05,0.0,0.0,0.0,2608,34,True,True,0,0.018973350524902344,{},False,,key1_asymptotic_final_key_0.05,15,final_key,0.05,asymptotic,1,0.0158311345646438
0.0,0.05,0.0,0.0,0.0,2608,34,True,True,0,0.018390178680419922,{},False,,key1_asymptotic_final_key_0.05,16,final_key,0.05,asymptotic,1,0.0158311345646438
0.0,0.05,0.0,0.0,0.0,2608,34,True,True,0,0.01922130584716797,{},False,,key1_asymptotic_final_key_0.05,17,final_key,0.05,asymptotic,1,0.0158311345646438
0.0,0.05,0.0,0.0,0.0,2608,34,True,True,0,0.028501510620117188,{},False,,key1_asymptotic_final_key_0.05,18,final_key,0.05,asymptotic,1,0.0158311345646438
0.0,0.05,0.0,0.0,0.0,2608,34,True,True,0,0.025507211685180664,{},False,,key1_asymptotic_final_key_0.05,19,final_key,0.05,asymptotic,1,0.0158311345646438
0.0,0.03,0.0,0.0,0.0,2608,34,True,True,0,0.018408775329589844,{},False,,key1_asymptotic_final_key_0.03,0,final_key,0.03,asymptotic,1,0.0158311345646438
0.0,0.03,0.0,0.0,0.0,2608,34,True,True,0,0.020165443420410156,{},False,,key1_asymptotic_final_key_0.03,1,final_key,0.03,asymptotic,1,0.0158311345646438
0.0,0.03,0.0,0.0,0.0,2608,34,True,True,0,0.018059968948364258,{},False,,key1_asymptotic_final_key_0.03,2,final_key,0.03,asymptotic,1,0.0158311345646438
0.0,0.03,0.0,0.0,0.0,2608,34,True,True,0,0.021210908889770508,{},False,,key1_asymptotic_final_key_0.03,3,final_key,0.03,asymptotic,1,0.0158311345646438
0.0,0.03,0.0,0.0,0.0,2608,34,True,True,0,0.018861055374145508,{},False,,key1_asymptotic_final_key_0.03,4,final_key,0.03,asymptotic,1,0.0158311345646438
0.0,0.03,0.0,0.0,0.0,2608,34,True,True,0,0.01923680305480957,{},False,,key1_asymptotic_final_key_0.03,5,final_key,0.03,asymptotic,1,0.0158311345646438
0.0,0.03,0.0,0.0,0.0,2608,34,True,True,0,0.019499778747558594,{},False,,key1_asymptotic_final_key_0.03,6,final_key,0.03,asymptotic,1,0.0158311345646438
0.0,0.03,0.0,0.0,0.0,2608,34,True,True,0,0.017696857452392578,{},False,,key1_asymptotic_final_key_0.03,7,final_key,0.03,asymptotic,1,0.0158311345646438
0.0,0.03,0.0,0.0,0.0,2608,34,True,True,0,0.019406795501708984,{},False,,key1_asymptotic_final_key_0.03,8,final_key,0.03,asymptotic,1,0.0158311345646438
0.0,0.03,0.0,0.0,0.0,2608,34,True,True,0,0.02219247817993164,{},False,,key1_asymptotic_final_key_0.03,9,final_key,0.03,asymptotic,1,0.0158311345646438
0.0,0.03,0.0,0.0,0.0,2608,34,True,True,0,0.018510103225708008,{},False,,key1_asymptotic_final_key_0.03,10,final_key,0.03,asymptotic,1,0.0158311345646438
0.0,0.03,0.0,0.0,0.0,2608,34,True,True,0,0.019933223724365234,{},False,,key1_asymptotic_final_key_0.03,11,final_key,0.03,asymptotic,1,0.0158311345646438
0.0,0.03,0.0,0.0,0.0,2608,34,True,True,0,0.018573999404907227,{},False,,key1_asymptotic_final_key_0.03,12,final_key,0.03,asymptotic,1,0.0158311345646438
0.0,0.03,0.0,0.0,0.0,2608,34,True,True,0,0.020255088806152344,{},False,,key1_asymptotic_final_key_0.03,13,final_key,0.03,asymptotic,1,0.0158311345646438
0.0,0.03,0.0,0.0,0.0,2608,34,True,True,0,0.019242525100708008,{},False,,key1_asymptotic_final_key_0.03,14,final_key,0.03,asymptotic,1,0.0158311345646438
0.0,0.03,0.0,0.0,0.0,2608,34,True,True,0,0.019873619079589844,{},False,,key1_asymptotic_final_key_0.03,15,final_key,0.03,asymptotic,1,0.0158311345646438
0.0,0.03,0.0,0.0,0.0,2608,34,True,True,0,0.018994569778442383,{},False,,key1_asymptotic_final_key_0.03,16,final_key,0.03,asymptotic,1,0.0158311345646438
0.0,0.03,0.0,0.0,0.0,2608,34,True,True,0,0.019798755645751953,{},False,,key1_asymptotic_final_key_0.03,17,final_key,0.03,asymptotic,1,0.0158311345646438
0.0,0.03,0.0,0.0,0.0,2608,34,True,True,0,0.0183565616607666,{},False,,key1_asymptotic_final_key_0.03,18,final_key,0.03,asymptotic,1,0.0158311345646438
0.0,0.03,0.0,0.0,0.0,2608,34,True,True,0,0.018323659896850586,{},False,,key1_asymptotic_final_key_0.03,19,final_key,0.03,asymptotic,1,0.0158311345646438
0.0,0.01,0.0,0.0,0.0,2608,34,True,True,0,0.019016027450561523,{},False,,key1_asymptotic_final_key_0.01,0,final_key,0.01,asymptotic,1,0.0158311345646438
0.0,0.01,0.0,0.0,0.0,2608,34,True,True,0,0.01927661895751953,{},False,,key1_asymptotic_final_key_0.01,1,final_key,0.01,asymptotic,1,0.0158311345646438
0.0,0.01,0.0,0.0,0.0,2608,34,True,True,0,0.01900768280029297,{},False,,key1_asymptotic_final_key_0.01,2,final_key,0.01,asymptotic,1,0.0158311345646438
0.0,0.01,0.0,0.0,0.0,2608,34,True,True,0,0.01863241195678711,{},False,,key1_asymptotic_final_key_0.01,3,final_key,0.01,asymptotic,1,0.0158311345646438
0.0,0.01,0.0,0.0,0.0,2608,34,True,True,0,0.01865983009338379,{},False,,key1_asymptotic_final_key_0.01,4,final_key,0.01,asymptotic,1,0.0158311345646438
0.0,0.01,0.0,0.0,0.0,2608,34,True,True,0,0.02004408836364746,{},False,,key1_asymptotic_final_key_0.01,5,final_key,0.01,asymptotic,1,0.0158311345646438
0.0,0.01,0.0,0.0,0.0,2608,34,True,True,0,0.01937389373779297,{},False,,key1_asymptotic_final_key_0.01,6,final_key,0.01,asymptotic,1,0.0158311345646438
0.0,0.01,0.0,0.0,0.0,2608,34,True,True,0,0.01802682876586914,{},False,,key1_asymptotic_final_key_0.01,7,final_key,0.01,asymptotic,1,0.0158311345646438
0.0,0.01,0.0,0.0,0.0,2608,34,True,True,0,0.018257617950439453,{},False,,key1_asymptotic_final_key_0.01,8,final_key,0.01,asymptotic,1,0.0158311345646438
0.0,0.01,0.0,0.0,0.0,2608,34,True,True,0,0.019286632537841797,{},False,,key1_asymptotic_final_key_0.01,9,final_key,0.01,asymptotic,1,0.0158311345646438
0.0,0.01,0.0,0.0,0.0,2608,34,True,True,0,0.019712209701538086,{},False,,key1_asymptotic_final_key_0.01,10,final_key,0.01,asymptotic,1,0.0158311345646438
0.0,0.01,0.0,0.0,0.0,2608,34,True,True,0,0.022855281829833984,{},False,,key1_asymptotic_final_key_0.01,11,final_key,0.01,asymptotic,1,0.0158311345646438
0.0,0.01,0.0,0.0,0.0,2608,34,True,True,0,0.022105932235717773,{},False,,key1_asymptotic_final_key_0.01,12,final_key,0.01,asymptotic,1,0.0158311345646438
0.0,0.01,0.0,0.0,0.0,2608,34,True,True,0,0.019805192947387695,{},False,,key1_asymptotic_final_key_0.01,13,final_key,0.01,asymptotic,1,0.0158311345646438
0.0,0.01,0.0,0.0,0.0,2608,34,True,True,0,0.01833486557006836,{},False,,key1_asymptotic_final_key_0.01,14,final_key,0.01,asymptotic,1,0.0158311345646438
0.0,0.01,0.0,0.0,0.0,2608,34,True,True,0,0.017747879028320312,{},False,,key1_asymptotic_final_key_0.01,15,final_key,0.01,asymptotic,1,0.0158311345646438
0.0,0.01,0.0,0.0,0.0,2608,34,True,True,0,0.019583940505981445,{},False,,key1_asymptotic_final_key_0.01,16,final_key,0.01,asymptotic,1,0.0158311345646438
0.0,0.01,0.0,0.0,0.0,2608,34,True,True,0,0.01942133903503418,{},False,,key1_asymptotic_final_key_0.01,17,final_key,0.01,asymptotic,1,0.0158311345646438
0.0,0.01,0.0,0.0,0.0,2608,34,True,True,0,0.018679141998291016,{},False,,key1_asymptotic_final_key_0.01,18,final_key,0.01,asymptotic,1,0.0158311345646438
0.0,0.01,0.0,0.0,0.0,2608,34,True,True,0,0.018728971481323242,{},False,,key1_asymptotic_final_key_0.01,19,final_key,0.01,asymptotic,1,0.0158311345646438
0.0,0.003,0.0,0.0,0.0,2608,34,True,True,0,0.018094778060913086,{},False,,key1_asymptotic_final_key_0.003,0,final_key,0.003,asymptotic,1,0.0158311345646438
0.0,0.003,0.0,0.0,0.0,2608,34,True,True,0,0.0196075439453125,{},False,,key1_asymptotic_final_key_0.003,1,final_key,0.003,asymptotic,1,0.0158311345646438
0.0,0.003,0.0,0.0,0.0,2608,34,True,True,0,0.01951456069946289,{},False,,key1_asymptotic_final_key_0.003,2,final_key,0.003,asymptotic,1,0.0158311345646438
0.0,0.003,0.0,0.0,0.0,2608,34,True,True,0,0.019359111785888672,{},False,,key1_asymptotic_final_key_0.003,3,final_key,0.003,asymptotic,1,0.0158311345646438
0.0,0.003,0.0,0.0,0.0,2608,34,True,True,0,0.018338918685913086,{},False,,key1_asymptotic_final_key_0.003,4,final_key,0.003,asymptotic,1,0.0158311345646438
0.0,0.003,0.0,0.0,0.0,2608,34,True,True,0,0.02009415626525879,{},False,,key1_asymptotic_final_key_0.003,5,final_key,0.003,asymptotic,1,0.0158311345646438
0.0,0.003,0.0,0.0,0.0,2608,34,True,True,0,0.018805742263793945,{},False,,key1_asymptotic_final_key_0.003,6,final_key,0.003,asymptotic,1,0.0158311345646438
0.0,0.003,0.0,0.0,0.0,2608,34,True,True,0,0.02248668670654297,{},False,,key1_asymptotic_final_key_0.003,7,final_key,0.003,asymptotic,1,0.0158311345646438
0.0,0.003,0.0,0.0,0.0,2608,34,True,True,0,0.019895076751708984,{},False,,key1_asymptotic_final_key_0.003,8,final_key,0.003,asymptotic,1,0.0158311345646438
0.0,0.003,0.0,0.0,0.0,2608,34,True,True,0,0.020465612411499023,{},False,,key1_asymptotic_final_key_0.003,9,final_key,0.003,asymptotic,1,0.0158311345646438
0.0,0.003,0.0,0.0,0.0,2608,34,True,True,0,0.018996477127075195,{},False,,key1_asymptotic_final_key_0.003,10,final_key,0.003,asymptotic,1,0.0158311345646438
0.0,0.003,0.0,0.0,0.0,2608,34,True,True,0,0.01890087127685547,{},False,,key1_asymptotic_final_key_0.003,11,final_key,0.003,asymptotic,1,0.0158311345646438
0.0,0.003,0.0,0.0,0.0,2608,34,True,True,0,0.02055954933166504,{},False,,key1_asymptotic_final_key_0.003,12,final_key,0.003,asymptotic,1,0.0158311345646438
0.0,0.003,0.0,0.0,0.0,2608,34,True,True,0,0.020689725875854492,{},False,,key1_asymptotic_final_key_0.003,13,final_key,0.003,asymptotic,1,0.0158311345646438
0.0,0.003,0.0,0.0,0.0,2608,34,True,True,0,0.018338680267333984,{},False,,key1_asymptotic_final_key_0.003,14,final_key,0.003,asymptotic,1,0.0158311345646438
0.0,0.003,0.0,0.0,0.0,2608,34,True,True,0,0.02035975456237793,{},False,,key1_asymptotic_final_key_0.003,15,final_key,0.003,asymptotic,1,0.0158311345646438
0.0,0.003,0.0,0.0,0.0,2608,34,True,True,0,0.01861858367919922,{},False,,key1_asymptotic_final_key_0.003,16,final_key,0.003,asymptotic,1,0.0158311345646438
0.0,0.003,0.0,0.0,0.0,2608,34,True,True,0,0.021893978118896484,{},False,,key1_asymptotic_final_key_0.003,17,final_key,0.003,asymptotic,1,0.0158311345646438
0.0,0.003,0.0,0.0,0.0,2608,34,True,True,0,0.02192378044128418,{},False,,key1_asymptotic_final_key_0.003,18,final_key,0.003,asymptotic,1,0.0158311345646438
0.0,0.003,0.0,0.0,0.0,2608,34,True,True,0,0.0188143253326416,{},False,,key1_asymptotic_final_key_0.003,19,final_key,0.003,asymptotic,1,0.0158311345646438
0.0,0.001,0.0,0.0,0.0,2608,34,True,True,0,0.01832413673400879,{},False,,key1_asymptotic_final_key_0.001,0,final_key,0.001,asymptotic,1,0.0158311345646438
0.0,0.001,0.0,0.0,0.0,2608,34,True,True,0,0.019601821899414062,{},False,,key1_asymptotic_final_key_0.001,1,final_key,0.001,asymptotic,1,0.0158311345646438
0.0,0.001,0.0,0.0,0.0,2608,34,True,True,0,0.01939988136291504,{},False,,key1_asymptotic_final_key_0.001,2,final_key,0.001,asymptotic,1,0.0158311345646438
0.0,0.001,0.0,0.0,0.0,2608,34,True,True,0,0.01842522621154785,{},False,,key1_asymptotic_final_key_0.001,3,final_key,0.001,asymptotic,1,0.0158311345646438
0.0,0.001,0.0,0.0,0.0,2608,34,True,True,0,0.01955127716064453,{},False,,key1_asymptotic_final_key_0.001,4,final_key,0.001,asymptotic,1,0.0158311345646438
0.0,0.001,0.0,0.0,0.0,2608,34,True,True,0,0.0195925235748291,{},False,,key1_asymptotic_final_key_0.001,5,final_key,0.001,asymptotic,1,0.0158311345646438
0.0,0.001,0.0,0.0,0.0,2608,34,True,True,0,0.020152568817138672,{},False,,key1_asymptotic_final_key_0.001,6,final_key,0.001,asymptotic,1,0.0158311345646438
0.0,0.001,0.0,0.0,0.0,2608,34,True,True,0,0.0191500186920166,{},False,,key1_asymptotic_final_key_0.001,7,final_key,0.001,asymptotic,1,0.0158311345646438
0.0,0.001,0.0,0.0,0.0,2608,34,True,True,0,0.03706479072570801,{},False,,key1_asymptotic_final_key_0.001,8,final_key,0.001,asymptotic,1,0.0158311345646438
0.0,0.001,0.0,0.0,0.0,2608,34,True,True,0,0.02486395835876465,{},False,,key1_asymptotic_final_key_0.001,9,final_key,0.001,asymptotic,1,0.0158311345646438
0.0,0.001,0.0,0.0,0.0,2608,34,True,True,0,0.018708467483520508,{},False,,key1_asymptotic_final_key_0.001,10,final_key,0.001,asymptotic,1,0.0158311345646438
0.0,0.001,0.0,0.0,0.0,2608,34,True,True,0,0.018921613693237305,{},False,,key1_asymptotic_final_key_0.001,11,final_key,0.001,asymptotic,1,0.0158311345646438
0.0,0.001,0.0,0.0,0.0,2608,34,True,True,0,0.020308494567871094,{},False,,key1_asymptotic_final_key_0.001,12,final_key,0.001,asymptotic,1,0.0158311345646438
0.0,0.001,0.0,0.0,0.0,2608,34,True,True,0,0.02024984359741211,{},False,,key1_asymptotic_final_key_0.001,13,final_key,0.001,asymptotic,1,0.0158311345646438
0.0,0.001,0.0,0.0,0.0,2608,34,True,True,0,0.019226551055908203,{},False,,key1_asymptotic_final_key_0.001,14,final_key,0.001,asymptotic,1,0.0158311345646438
0.0,0.001,0.0,0.0,0.0,2608,34,True,True,0,0.01859450340270996,{},False,,key1_asymptotic_final_key_0.001,15,final_key,0.001,asymptotic,1,0.0158311345646438
0.0,0.001,0.0,0.0,0.0,2608,34,True,True,0,0.019480466842651367,{},False,,key1_asymptotic_final_key_0.001,16,final_key,0.001,asymptotic,1,0.0158311345646438
0.0,0.001,0.0,0.0,0.0,2608,34,True,True,0,0.020165681838989258,{},False,,key1_asymptotic_final_key_0.001,17,final_key,0.001,asymptotic,1,0.0158311345646438
0.0,0.001,0.0,0.0,0.0,2608,34,True,True,0,0.018807411193847656,{},False,,key1_asymptotic_final_key_0.001,18,final_key,0.001,asymptotic,1,0.0158311345646438
0.0,0.001,0.0,0.0,0.0,2608,34,True,True,0,0.020205020904541016,{},False,,key1_asymptotic_final_key_0.001,19,final_key,0.001,asymptotic,1,0.0158311345646438
0.0,0.0,0.5,0.0,0.005280140803754767,2608,34,False,False,1353,0.02714705467224121,{'reconciliation_state': 18},False,,key1_asymptotic_reconciliation_0.5,0,reconciliation,0.5,asymptotic,1,0.0158311345646438
0.0,0.0,0.5,0.0,0.0035200938691698444,2608,34,False,False,1334,0.025207042694091797,{'reconciliation_state': 12},False,,key1_asymptotic_reconciliation_0.5,1,reconciliation,0.5,asymptotic,1,0.0158311345646438
0.0,0.0,0.5,0.0,0.004400117336462305,2608,34,False,False,1306,0.02558422088623047,{'reconciliation_state': 15},False,,key1_asymptotic_reconciliation_0.5,2,reconciliation,0.5,asymptotic,1,0.0158311345646438
0.0,0.0,0.5,0.0,0.0035200938691698444,2608,34,False,False,1293,0.02384161949157715,{'reconciliation_state': 12},False,,key1_asymptotic_reconciliation_0.5,3,reconciliation,0.5,asymptotic,1,0.0158311345646438
0.0,0.0,0.5,0.0,0.005573481959518921,2608,34,False,False,1282,0.03341197967529297,{'reconciliation_state': 18},False,,key1_asymptotic_reconciliation_0.5,4,reconciliation,0.5,asymptotic,1,0.0158311345646438
0.0,0.0,0.5,0.0,0.004400117336462305,2608,34,False,False,1318,0.02430415153503418,{'reconciliation_state': 15},False,,key1_asymptotic_reconciliation_0.5,5,reconciliation,0.5,asymptotic,1,0.0158311345646438
0.0,0.0,0.5,0.0,0.005573481959518921,2608,34,False,False,1244,0.025908231735229492,{'reconciliation_state': 18},False,,key1_asymptotic_reconciliation_0.5,6,reconciliation,0.5,asymptotic,1,0.0158311345646438
0.0,0.0,0.5,0.0,0.006160164271047228,2608,34,False,False,1330,0.025588035583496094,{'reconciliation_state': 19},False,,key1_asymptotic_reconciliation_0.5,7,reconciliation,0.5,asymptotic,1,0.0158311345646438
0.0,0.0,0.5,0.0,0.005866823115283074,2608,34,False,False,1319,0.02335500717163086,{'reconciliation_state': 17},False,,key1_asymptotic_reconciliation_0.5,8,reconciliation,0.5,asymptotic,1,0.0158311345646438
0.0,0.0,0.5,0.0,0.004106776180698152,2608,34,False,False,1272,0.038636207580566406,{'reconciliation_state': 13},False,,key1_asymptotic_reconciliation_0.5,9,reconciliation,0.5,asymptotic,1,0.0158311345646438
0.0,0.0,0.5,0.0,0.005573481959518921,2608,34,False,False,1288,0.0449833869934082,{'reconciliation_state': 19},False,,key1_asymptotic_reconciliation_0.5,10,reconciliation,0.5,asymptotic,1,0.0158311345646438
0.0,0.0,0.5,0.0,0.005866823115283074,2608,34,False,False,1332,0.04273176193237305,{'reconciliation_state': 19},False,,key1_asymptotic_reconciliation_0.5,11,reconciliation,0.5,asymptotic,1,0.0158311345646438
0.0,0.0,0.5,0.0,0.004400117336462305,2608,34,False,False,1307,0.042763471603393555,{'reconciliation_state': 15},False,,key1_asymptotic_reconciliation_0.5,12,reconciliation,0.5,asymptotic,1,0.0158311345646438
0.0,0.0,0.5,0.0,0.004986799647990613,2608,34,False,False,1317,0.043021440505981445,{'reconciliation_state': 16},False,,key1_asymptotic_reconciliation_0.5,13,reconciliation,0.5,asymptotic,1,0.0158311345646438
0.0,0.0,0.5,0.0,0.0067468465825755355,2608,34,False,False,1294,0.0402374267578125,{'reconciliation_state': 22},False,,key1_asymptotic_reconciliation_0.5,14,reconciliation,0.5,asymptotic,1,0.0158311345646438
0.0,0.0,0.5,0.0,0.005866823115283074,2608,34,False,False,1299,0.044803619384765625,{'reconciliation_state': 19},False,,key1_asymptotic_reconciliation_0.5,15,reconciliation,0.5,asymptotic,1,0.0158311345646438
0.0,0.0,0.5,0.0,0.004986799647990613,2608,34,False,False,1262,0.04526400566101074,{'reconciliation_state': 17},False,,key1_asymptotic_reconciliation_0.5,16,reconciliation,0.5,asymptotic,1,0.0158311345646438
0.0,0.0,0.5,0.0,0.004106776180698152,2608,34,False,False,1255,0.044881343841552734,{'reconciliation_state': 14},False,,key1_asymptotic_reconciliation_0.5,17,reconciliation,0.5,asymptotic,1,0.0158311345646438
0.0,0.0,0.5,0.0,0.004400117336462305,2608,34,False,False,1333,0.05195188522338867,{'reconciliation_state': 15},False,,key1_asymptotic_reconciliation_0.5,18,reconciliation,0.5,asymptotic,1,0.0158311345646438
0.0,0.0,0.5,0.0,0.006160164271047228,2608,34,False,False,1322,0.04724884033203125,{'reconciliation_state': 21},False,,key1_asymptotic_reconciliation_0.5,19,reconciliation,0.5,asymptotic,1,0.0158311345646438
0.0,0.0,0.3,0.0,0.0038134350249339984,2608,34,False,False,1336,0.046335458755493164,{'reconciliation_state': 13},False,,key1_asymptotic_reconciliation_0.3,0,reconciliation,0.3,asymptotic,1,0.0158311345646438
0.0,0.0,0.3,0.0,0.0023467292461132297,2608,34,False,False,1275,0.04311180114746094,{'reconciliation_state': 8},False,,key1_asymptotic_reconciliation_0.3,1,reconciliation,0.3,asymptotic,1,0.0158311345646438
0.0,0.0,0.3,0.0,0.002933411557641537,2608,34,False,False,1337,0.046170949935913086,{'reconciliation_state': 10},False,,key1_asymptotic_reconciliation_0.3,2,reconciliation,0.3,asymptotic,1,0.0158311345646438
0.0,0.0,0.3,0.0,0.002053388090349076,2608,34,False,False,1294,0.043427467346191406,{'reconciliation_state': 7},False,,key1_asymptotic_reconciliation_0.3,3,reconciliation,0.3,asymptotic,1,0.0158311345646438
0.0,0.0,0.3,0.0,0.0026400704018773834,2608,34,False,False,1323,0.04511404037475586,{'reconciliation_state': 9},False,,key1_asymptotic_reconciliation_0.3,4,reconciliation,0.3,asymptotic,1,0.0158311345646438
0.0,0.0,0.3,0.0,0.0032267527134056907,2608,34,False,False,1310,0.045113325119018555,{'reconciliation_state': 11},False,,key1_asymptotic_reconciliation_0.3,5,reconciliation,0.3,asymptotic,1,0.0158311345646438
0.0,0.0,0.3,0.0,0.002933411557641537,2608,34,False,False,1301,0.04514122009277344,{'reconciliation_state': 10},False,,key1_asymptotic_reconciliation_0.3,6,reconciliation,0.3,asymptotic,1,0.0158311345646438
0.0,0.0,0.3,0.0,0.002933411557641537,2608,34,False,False,1335,0.04099154472351074,{'reconciliation_state': 10},False,,key1_asymptotic_reconciliation_0.3,7,reconciliation,0.3,asymptotic,1,0.0158311345646438
0.0,0.0,0.3,0.0,0.002933411557641537,2608,34,False,False,1297,0.040688514709472656,{'reconciliation_state': 10},False,,key1_asymptotic_reconciliation_0.3,8,reconciliation,0.3,asymptotic,1,0.0158311345646438
0.0,0.0,0.3,0.0,0.0023467292461132297,2608,34,False,False,1299,0.046732187271118164,{'reconciliation_state': 8},False,,key1_asymptotic_reconciliation_0.3,9,reconciliation,0.3,asymptotic,1,0.0158311345646438
0.0,0.0,0.3,0.0,0.004693458492226459,2608,34,False,False,1314,0.04454469680786133,{'reconciliation_state': 13},False,,key1_asymptotic_reconciliation_0.3,10,reconciliation,0.3,asymptotic,1,0.0158311345646438
0.0,0.0,0.3,0.0,0.0023467292461132297,2608,34,False,False,1339,0.04675793647766113,{'reconciliation_state': 8},False,,key1_asymptotic_reconciliation_0.3,11,reconciliation,0.3,asymptotic,1,0.0158311345646438
0.0,0.0,0.3,0.0,0.0026400704018773834,2608,34,False,False,1335,0.04290413856506348,{'reconciliation_state': 9},False,,key1_asymptotic_reconciliation_0.3,12,reconciliation,0.3,asymptotic,1,0.0158311345646438
0.0,0.0,0.3,0.0,0.0023467292461132297,2608,34,False,False,1280,0.042713165283203125,{'reconciliation_state': 8},False,,key1_asymptotic_reconciliation_0.3,13,reconciliation,0.3,asymptotic,1,0.0158311345646438
0.0,0.0,0.3,0.0,0.004106776180698152,2608,34,False,False,1295,0.047943830490112305,{'reconciliation_state': 14},False,,key1_asymptotic_reconciliation_0.3,14,reconciliation,0.3,asymptotic,1,0.0158311345646438
0.0,0.0,0.3,0.0,0.004693458492226459,2608,34,False,False,1312,0.04288625717163086,{'reconciliation_state': 15},False,,key1_asymptotic_reconciliation_0.3,15,reconciliation,0.3,asymptotic,1,0.0158311345646438
0.0,0.0,0.3,0.0,0.0035200938691698444,2608,34,False,False,1301,0.044327735900878906,{'reconciliation_state': 12},False,,key1_asymptotic_reconciliation_0.3,16,reconciliation,0.3,asymptotic,1,0.0158311345646438
0.0,0.0,0.3,0.0,0.0032267527134056907,2608,34,False,False,1279,0.044597625732421875,{'reconciliation_state': 11},False,,key1_asymptotic_reconciliation_0.3,17,reconciliation,0.3,asymptotic,1,0.0158311345646438
0.0,0.0,0.3,0.0,0.0026400704018773834,2608,34,False,False,1277,0.04370546340942383,{'reconciliation_state': 9},False,,key1_asymptotic_reconciliation_0.3,18,reconciliation,0.3,asymptotic,1,0.0158311345646438
0.0,0.0,0.3,0.0,0.0026400704018773834,2608,34,False,False,1316,0.04269099235534668,{'reconciliation_state': 9},False,,key1_asymptotic_reconciliation_0.3,19,reconciliation,0.3,asymptotic,1,0.0158311345646438
0.0,0.0,0.1,0.0,0.0005866823115283074,2608,34,False,False,1299,0.0387723445892334,{'reconciliation_state': 2},False,,key1_asymptotic_reconciliation_0.1,0,reconciliation,0.1,asymptotic,1,0.0158311345646438
0.0,0.0,0.1,0.0,0.0008800234672924611,2608,34,False,False,1316,0.04164743423461914,{'reconciliation_state': 3},False,,key1_asymptotic_reconciliation_0.1,1,reconciliation,0.1,asymptotic,1,0.0158311345646438
0.0,0.0,0.1,0.0,0.0017600469345849222,2608,34,False,False,1314,0.02905893325805664,{'reconciliation_state': 6},False,,key1_asymptotic_reconciliation_0.1,2,reconciliation,0.1,asymptotic,1,0.0158311345646438
0.0,0.0,0.1,0.0,0.0002933411557641537,2608,34,False,False,1328,0.019446372985839844,{'reconciliation_state': 1},False,,key1_asymptotic_reconciliation_0.1,3,reconciliation,0.1,asymptotic,1,0.0158311345646438
0.0,0.0,0.1,0.0,0.0008800234672924611,2608,34,False,False,1283,0.020694732666015625,{'reconciliation_state': 3},False,,key1_asymptotic_reconciliation_0.1,4,reconciliation,0.1,asymptotic,1,0.0158311345646438
0.0,0.0,0.1,0.0,0.0017600469345849222,2608,34,False,False,1307,0.02493762969970703,{'reconciliation_state': 6},False,,key1_asymptotic_reconciliation_0.1,5,reconciliation,0.1,asymptotic,1,0.0158311345646438
0.0,0.0,0.1,0.0,0.0008800234672924611,2608,34,False,False,1381,0.021426916122436523,{'reconciliation_state': 3},False,,key1_asymptotic_reconciliation_0.1,6,reconciliation,0.1,asymptotic,1,0.0158311345646438
0.0,0.0,0.1,0.0,0.0008800234672924611,2608,34,False,False,1273,0.020493507385253906,{'reconciliation_state': 3},False,,key1_asymptotic_reconciliation_0.1,7,reconciliation,0.1,asymptotic,1,0.0158311345646438
0.0,0.0,0.1,0.0,0.0014667057788207685,2608,34,False,False,1283,0.022284507751464844,{'reconciliation_state': 5},False,,key1_asymptotic_reconciliation_0.1,8,reconciliation,0.1,asymptotic,1,0.0158311345646438
0.0,0.0,0.1,0.0,0.0011733646230566149,2608,34,False,False,1322,0.0222928524017334,{'reconciliation_state': 4},False,,key1_asymptotic_reconciliation_0.1,9,reconciliation,0.1,asymptotic,1,0.0158311345646438
0.0,0.0,0.1,0.0,0.0017600469345849222,2608,34,False,False,1372,0.02217388153076172,{'reconciliation_state': 6},False,,key1_asymptotic_reconciliation_0.1,10,reconciliation,0.1,asymptotic,1,0.0158311345646438
0.0,0.0,0.1,0.0,0.0014667057788207685,2608,34,False,False,1293,0.026880264282226562,{'reconciliation_state': 5},False,,key1_asymptotic_reconciliation_0.1,11,reconciliation,0.1,asymptotic,1,0.0158311345646438
0.0,0.0,0.1,0.0,0.0011733646230566149,2608,34,False,False,1316,0.023434877395629883,{'reconciliation_state': 4},False,,key1_asymptotic_reconciliation_0.1,12,reconciliation,0.1,asymptotic,1,0.0158311345646438
0.0,0.0,0.1,0.0,0.0005866823115283074,2608,34,False,False,1300,0.021785259246826172,{'reconciliation_state': 2},False,,key1_asymptotic_reconciliation_0.1,13,reconciliation,0.1,asymptotic,1,0.0158311345646438
0.0,0.0,0.1,0.0,0.0008800234672924611,2608,34,False,False,1355,0.030284881591796875,{'reconciliation_state': 3},False,,key1_asymptotic_reconciliation_0.1,14,reconciliation,0.1,asymptotic,1,0.0158311345646438
0.0,0.0,0.1,0.0,0.0008800234672924611,2608,34,False,False,1297,0.04730582237243652,{'reconciliation_state': 3},False,,key1_asymptotic_reconciliation_0.1,15,reconciliation,0.1,asymptotic,1,0.0158311345646438
0.0,0.0,0.1,0.0,0.0017600469345849222,2608,34,False,False,1264,0.03145647048950195,{'reconciliation_state': 6},False,,key1_asymptotic_reconciliation_0.1,16,reconciliation,0.1,asymptotic,1,0.0158311345646438
0.0,0.0,0.1,0.0,0.0011733646230566149,2608,34,False,False,1323,0.02348470687866211,{'reconciliation_state': 4},False,,key1_asymptotic_reconciliation_0.1,17,reconciliation,0.1,asymptotic,1,0.0158311345646438
0.0,0.0,0.1,0.0,0.0005866823115283074,2608,34,False,False,1339,0.02098536491394043,{'reconciliation_state': 2},False,,key1_asymptotic_reconciliation_0.1,18,reconciliation,0.1,asymptotic,1,0.0158311345646438
0.0,0.0,0.1,0.0,0.0005866823115283074,2608,34,False,False,1330,0.020548582077026367,{'reconciliation_state': 2},False,,key1_asymptotic_reconciliation_0.1,19,reconciliation,0.1,asymptotic,1,0.0158311345646438
0.0,0.0,0.05,0.0,0.0002933411557641537,2608,34,False,False,1305,0.022215604782104492,{'reconciliation_state': 1},False,,key1_asymptotic_reconciliation_0.05,0,reconciliation,0.05,asymptotic,1,0.0158311345646438
0.0,0.0,0.05,0.0,0.0005866823115283074,2608,34,False,False,1310,0.02137160301208496,{'reconciliation_state': 2},False,,key1_asymptotic_reconciliation_0.05,1,reconciliation,0.05,asymptotic,1,0.0158311345646438
0.0,0.0,0.05,0.0,0.0002933411557641537,2608,34,False,False,1300,0.02203655242919922,{'reconciliation_state': 1},False,,key1_asymptotic_reconciliation_0.05,2,reconciliation,0.05,asymptotic,1,0.0158311345646438
0.0,0.0,0.05,0.0,0.0,2608,34,True,True,0,0.020238637924194336,{},False,,key1_asymptotic_reconciliation_0.05,3,reconciliation,0.05,asymptotic,1,0.0158311345646438
0.0,0.0,0.05,0.0,0.0002933411557641537,2608,34,False,False,1284,0.020076513290405273,{'reconciliation_state': 1},False,,key1_asymptotic_reconciliation_0.05,4,reconciliation,0.05,asymptotic,1,0.0158311345646438
0.0,0.0,0.05,0.0,0.0011733646230566149,2608,34,False,False,1293,0.023881196975708008,{'reconciliation_state': 4},False,,key1_asymptotic_reconciliation_0.05,5,reconciliation,0.05,asymptotic,1,0.0158311345646438
0.0,0.0,0.05,0.0,0.0002933411557641537,2608,34,False,False,1363,0.02040719985961914,{'reconciliation_state': 1},False,,key1_asymptotic_reconciliation_0.05,6,reconciliation,0.05,asymptotic,1,0.0158311345646438
0.0,0.0,0.05,0.0,0.0,2608,34,True,True,0,0.019229412078857422,{},False,,key1_asymptotic_reconciliation_0.05,7,reconciliation,0.05,asymptotic,1,0.0158311345646438
0.0,0.0,0.05,0.0,0.0005866823115283074,2608,34,False,False,1282,0.021318912506103516,{'reconciliation_state': 2},False,,key1_asymptotic_reconciliation_0.05,8,reconciliation,0.05,asymptotic,1,0.0158311345646438
0.0,0.0,0.05,0.0,0.0005866823115283074,2608,34,False,False,1285,0.021246671676635742,{'reconciliation_state': 2},False,,key1_asymptotic_reconciliation_0.05,9,reconciliation,0.05,asymptotic,1,0.0158311345646438
0.0,0.0,0.05,0.0,0.0008800234672924611,2608,34,False,False,1301,0.02208995819091797,{'reconciliation_state': 3},False,,key1_asymptotic_reconciliation_0.05,10,reconciliation,0.05,asymptotic,1,0.0158311345646438
0.0,0.0,0.05,0.0,0.0005866823115283074,2608,34,False,False,1326,0.021378755569458008,{'reconciliation_state': 2},False,,key1_asymptotic_reconciliation_0.05,11,reconciliation,0.05,asymptotic,1,0.0158311345646438
0.0,0.0,0.05,0.0,0.0005866823115283074,2608,34,False,False,1365,0.02299976348876953,{'reconciliation_state': 2},False,,key1_asymptotic_reconciliation_0.05,12,reconciliation,0.05,asymptotic,1,0.0158311345646438
0.0,0.0,0.05,0.0,0.0,2608,34,True,True,0,0.019687414169311523,{},False,,key1_asymptotic_reconciliation_0.05,13,reconciliation,0.05,asymptotic,1,0.0158311345646438
0.0,0.0,0.05,0.0,0.0005866823115283074,2608,34,False,False,1347,0.020705223083496094,{'reconciliation_state': 2},False,,key1_asymptotic_reconciliation_0.05,14,reconciliation,0.05,asymptotic,1,0.0158311345646438
0.0,0.0,0.05,0.0,0.0005866823115283074,2608,34,False,False,1303,0.02034592628479004,{'reconciliation_state': 2},False,,key1_asymptotic_reconciliation_0.05,15,reconciliation,0.05,asymptotic,1,0.0158311345646438
0.0,0.0,0.05,0.0,0.0008800234672924611,2608,34,False,False,1314,0.024962663650512695,{'reconciliation_state': 3},False,,key1_asymptotic_reconciliation_0.05,16,reconciliation,0.05,asymptotic,1,0.0158311345646438
0.0,0.0,0.05,0.0,0.0008800234672924611,2608,34,False,False,1292,0.03603672981262207,{'reconciliation_state': 3},False,,key1_asymptotic_reconciliation_0.05,17,reconciliation,0.05,asymptotic,1,0.0158311345646438
0.0,0.0,0.05,0.0,0.0005866823115283074,2608,34,False,False,1291,0.03594803810119629,{'reconciliation_state': 2},False,,key1_asymptotic_reconciliation_0.05,18,reconciliation,0.05,asymptotic,1,0.0158311345646438
0.0,0.0,0.05,0.0,0.0002933411557641537,2608,34,False,False,1258,0.03621554374694824,{'reconciliation_state': 1},False,,key1_asymptotic_reconciliation_0.05,19,reconciliation,0.05,asymptotic,1,0.0158311345646438
0.0,0.0,0.03,0.0,0.0002933411557641537,2608,34,False,False,1276,0.02517223358154297,{'reconciliation_state': 1},False,,key1_asymptotic_reconciliation_0.03,0,reconciliation,0.03,asymptotic,1,0.0158311345646438
0.0,0.0,0.03,0.0,0.0,2608,34,True,True,0,0.020523548126220703,{},False,,key1_asymptotic_reconciliation_0.03,1,reconciliation,0.03,asymptotic,1,0.0158311345646438
0.0,0.0,0.03,0.0,0.0002933411557641537,2608,34,False,False,1314,0.02034902572631836,{'reconciliation_state': 1},False,,key1_asymptotic_reconciliation_0.03,2,reconciliation,0.03,asymptotic,1,0.0158311345646438
0.0,0.0,0.03,0.0,0.0,2608,34,True,True,0,0.020317554473876953,{},False,,key1_asymptotic_reconciliation_0.03,3,reconciliation,0.03,asymptotic,1,0.0158311345646438
0.0,0.0,0.03,0.0,0.0002933411557641537,2608,34,False,False,1303,0.019097089767456055,{'reconciliation_state': 1},False,,key1_asymptotic_reconciliation_0.03,4,reconciliation,0.03,asymptotic,1,0.0158311345646438
0.0,0.0,0.03,0.0,0.0005866823115283074,2608,34,False,False,1332,0.0219724178314209,{'reconciliation_state': 2},False,,key1_asymptotic_reconciliation_0.03,5,reconciliation,0.03,asymptotic,1,0.0158311345646438
0.0,0.0,0.03,0.0,0.0002933411557641537,2608,34,False,False,1299,0.020257949829101562,{'reconciliation_state': 1},False,,key1_asymptotic_reconciliation_0.03,6,reconciliation,0.03,asymptotic,1,0.0158311345646438
0.0,0.0,0.03,0.0,0.0,2608,34,True,True,0,0.021378755569458008,{},False,,key1_asymptotic_reconciliation_0.03,7,reconciliation,0.03,asymptotic,1,0.0158311345646438
0.0,0.0,0.03,0.0,0.0005866823115283074,2608,34,False,False,1253,0.026433467864990234,{'reconciliation_state': 2},False,,key1_asymptotic_reconciliation_0.03,8,reconciliation,0.03,asymptotic,1,0.0158311345646438
0.0,0.0,0.03,0.0,0.0005866823115283074,2608,34,False,False,1342,0.046611785888671875,{'reconciliation_state': 2},False,,key1_asymptotic_reconciliation_0.03,9,reconciliation,0.03,asymptotic,1,0.0158311345646438
0.0,0.0,0.03,0.0,0.0002933411557641537,2608,34,False,False,1353,0.03291916847229004,{'reconciliation_state': 1},False,,key1_asymptotic_reconciliation_0.03,10,reconciliation,0.03,asymptotic,1,0.0158311345646438
0.0,0.0,0.03,0.0,0.0002933411557641537,2608,34,False,False,1327,0.021569013595581055,{'reconciliation_state': 1},False,,key1_asymptotic_reconciliation_0.03,11,reconciliation,0.03,asymptotic,1,0.0158311345646438
0.0,0.0,0.03,0.0,0.0002933411557641537,2608,34,False,False,1274,0.019219398498535156,{'reconciliation_state': 1},False,,key1_asymptotic_reconciliation_0.03,12,reconciliation,0.03,asymptotic,1,0.0158311345646438
0.0,0.0,0.03,0.0,0.0,2608,34,True,True,0,0.021803855895996094,{},False,,key1_asymptotic_reconciliation_0.03,13,reconciliation,0.03,asymptotic,1,0.0158311345646438
0.0,0.0,0.03,0.0,0.0002933411557641537,2608,34,False,False,1300,0.022043228149414062,{'reconciliation_state': 1},False,,key1_asymptotic_reconciliation_0.03,14,reconciliation,0.03,asymptotic,1,0.0158311345646438
0.0,0.0,0.03,0.0,0.0005866823115283074,2608,34,False,False,1312,0.027898073196411133,{'reconciliation_state': 2},False,,key1_asymptotic_reconciliation_0.03,15,reconciliation,0.03,asymptotic,1,0.0158311345646438
0.0,0.0,0.03,0.0,0.0008800234672924611,2608,34,False,False,1287,0.024290084838867188,{'reconciliation_state': 3},False,,key1_asymptotic_reconciliation_0.03,16,reconciliation,0.03,asymptotic,1,0.0158311345646438
0.0,0.0,0.03,0.0,0.0008800234672924611,2608,34,False,False,1316,0.02618718147277832,{'reconciliation_state': 3},False,,key1_asymptotic_reconciliation_0.03,17,reconciliation,0.03,asymptotic,1,0.0158311345646438
0.0,0.0,0.03,0.0,0.0005866823115283074,2608,34,False,False,1317,0.03646349906921387,{'reconciliation_state': 2},False,,key1_asymptotic_reconciliation_0.03,18,reconciliation,0.03,asymptotic,1,0.0158311345646438
0.0,0.0,0.03,0.0,0.0002933411557641537,2608,34,False,False,1251,0.029924869537353516,{'reconciliation_state': 1},False,,key1_asymptotic_reconciliation_0.03,19,reconciliation,0.03,asymptotic,1,0.0158311345646438
0.0,0.0,0.01,0.0,0.0,2608,34,True,True,0,0.018805980682373047,{},False,,key1_asymptotic_reconciliation_0.01,0,reconciliation,0.01,asymptotic,1,0.0158311345646438
0.0,0.0,0.01,0.0,0.0,2608,34,True,True,0,0.01929497718811035,{},False,,key1_asymptotic_reconciliation_0.01,1,reconciliation,0.01,asymptotic,1,0.0158311345646438
0.0,0.0,0.01,0.0,0.0002933411557641537,2608,34,False,False,1328,0.020328283309936523,{'reconciliation_state': 1},False,,key1_asymptotic_reconciliation_0.01,2,reconciliation,0.01,asymptotic,1,0.0158311345646438
0.0,0.0,0.01,0.0,0.0,2608,34,True,True,0,0.018836498260498047,{},False,,key1_asymptotic_reconciliation_0.01,3,reconciliation,0.01,asymptotic,1,0.0158311345646438
0.0,0.0,0.01,0.0,0.0,2608,34,True,True,0,0.018885374069213867,{},False,,key1_asymptotic_reconciliation_0.01,4,reconciliation,0.01,asymptotic,1,0.0158311345646438
0.0,0.0,0.01,0.0,0.0,2608,34,True,True,0,0.01999044418334961,{},False,,key1_asymptotic_reconciliation_0.01,5,reconciliation,0.01,asymptotic,1,0.0158311345646438
0.0,0.0,0.01,0.0,0.0,2608,34,True,True,0,0.019624710083007812,{},False,,key1_asymptotic_reconciliation_0.01,6,reconciliation,0.01,asymptotic,1,0.0158311345646438
0.0,0.0,0.01,0.0,0.0,2608,34,True,True,0,0.01882624626159668,{},False,,key1_asymptotic_reconciliation_0.01,7,reconciliation,0.01,asymptotic,1,0.0158311345646438
0.0,0.0,0.01,0.0,0.0002933411557641537,2608,34,False,False,1285,0.02164316177368164,{'reconciliation_state': 1},False,,key1_asymptotic_reconciliation_0.01,8,reconciliation,0.01,asymptotic,1,0.0158311345646438
0.0,0.0,0.01,0.0,0.0,2608,34,True,True,0,0.024502038955688477,{},False,,key1_asymptotic_reconciliation_0.01,9,reconciliation,0.01,asymptotic,1,0.0158311345646438
0.0,0.0,0.01,0.0,0.0,2608,34,True,True,0,0.01981973648071289,{},False,,key1_asymptotic_reconciliation_0.01,10,reconciliation,0.01,asymptotic,1,0.0158311345646438
0.0,0.0,0.01,0.0,0.0,2608,34,True,True,0,0.020162343978881836,{},False,,key1_asymptotic_reconciliation_0.01,11,reconciliation,0.01,asymptotic,1,0.0158311345646438
0.0,0.0,0.01,0.0,0.0,2608,34,True,True,0,0.01885223388671875,{},False,,key1_asymptotic_reconciliation_0.01,12,reconciliation,0.01,asymptotic,1,0.0158311345646438
0.0,0.0,0.01,0.0,0.0,2608,34,True,True,0,0.019307613372802734,{},False,,key1_asymptotic_reconciliation_0.01,13,reconciliation,0.01,asymptotic,1,0.0158311345646438
0.0,0.0,0.01,0.0,0.0002933411557641537,2608,34,False,False,1283,0.02006983757019043,{'reconciliation_state': 1},False,,key1_asymptotic_reconciliation_0.01,14,reconciliation,0.01,asymptotic,1,0.0158311345646438
0.0,0.0,0.01,0.0,0.0002933411557641537,2608,34,False,False,1297,0.019305944442749023,{'reconciliation_state': 1},False,,key1_asymptotic_reconciliation_0.01,15,reconciliation,0.01,asymptotic,1,0.0158311345646438
0.0,0.0,0.01,0.0,0.0002933411557641537,2608,34,False,False,1282,0.019549846649169922,{'reconciliation_state': 1},False,,key1_asymptotic_reconciliation_0.01,16,reconciliation,0.01,asymptotic,1,0.0158311345646438
0.0,0.0,0.01,0.0,0.0,2608,34,True,True,0,0.019254684448242188,{},False,,key1_asymptotic_reconciliation_0.01,17,reconciliation,0.01,asymptotic,1,0.0158311345646438
0.0,0.0,0.01,0.0,0.0,2608,34,True,True,0,0.022523164749145508,{},False,,key1_asymptotic_reconciliation_0.01,18,reconciliation,0.01,asymptotic,1,0.0158311345646438
0.0,0.0,0.01,0.0,0.0,2608,34,True,True,0,0.01960301399230957,{},False,,key1_asymptotic_reconciliation_0.01,19,reconciliation,0.01,asymptotic,1,0.0158311345646438
0.0,0.0,0.003,0.0,0.0,2608,34,True,True,0,0.018999576568603516,{},False,,key1_asymptotic_reconciliation_0.003,0,reconciliation,0.003,asymptotic,1,0.0158311345646438
0.0,0.0,0.003,0.0,0.0,2608,34,True,True,0,0.019193649291992188,{},False,,key1_asymptotic_reconciliation_0.003,1,reconciliation,0.003,asymptotic,1,0.0158311345646438
0.0,0.0,0.003,0.0,0.0,2608,34,True,True,0,0.019777774810791016,{},False,,key1_asymptotic_reconciliation_0.003,2,reconciliation,0.003,asymptotic,1,0.0158311345646438
0.0,0.0,0.003,0.0,0.0,2608,34,True,True,0,0.020035505294799805,{},False,,key1_asymptotic_reconciliation_0.003,3,reconciliation,0.003,asymptotic,1,0.0158311345646438
0.0,0.0,0.003,0.0,0.0,2608,34,True,True,0,0.019174814224243164,{},False,,key1_asymptotic_reconciliation_0.003,4,reconciliation,0.003,asymptotic,1,0.0158311345646438
0.0,0.0,0.003,0.0,0.0,2608,34,True,True,0,0.019362211227416992,{},False,,key1_asymptotic_reconciliation_0.003,5,reconciliation,0.003,asymptotic,1,0.0158311345646438
0.0,0.0,0.003,0.0,0.0,2608,34,True,True,0,0.020803213119506836,{},False,,key1_asymptotic_reconciliation_0.003,6,reconciliation,0.003,asymptotic,1,0.0158311345646438
0.0,0.0,0.003,0.0,0.0,2608,34,True,True,0,0.01951909065246582,{},False,,key1_asymptotic_reconciliation_0.003,7,reconciliation,0.003,asymptotic,1,0.0158311345646438
0.0,0.0,0.003,0.0,0.0,2608,34,True,True,0,0.019799232482910156,{},False,,key1_asymptotic_reconciliation_0.003,8,reconciliation,0.003,asymptotic,1,0.0158311345646438
0.0,0.0,0.003,0.0,0.0,2608,34,True,True,0,0.02165508270263672,{},False,,key1_asymptotic_reconciliation_0.003,9,reconciliation,0.003,asymptotic,1,0.0158311345646438
0.0,0.0,0.003,0.0,0.0,2608,34,True,True,0,0.020476102828979492,{},False,,key1_asymptotic_reconciliation_0.003,10,reconciliation,0.003,asymptotic,1,0.0158311345646438
0.0,0.0,0.003,0.0,0.0,2608,34,True,True,0,0.01992011070251465,{},False,,key1_asymptotic_reconciliation_0.003,11,reconciliation,0.003,asymptotic,1,0.0158311345646438
0.0,0.0,0.003,0.0,0.0,2608,34,True,True,0,0.01923966407775879,{},False,,key1_asymptotic_reconciliation_0.003,12,reconciliation,0.003,asymptotic,1,0.0158311345646438
0.0,0.0,0.003,0.0,0.0,2608,34,True,True,0,0.020808935165405273,{},False,,key1_asymptotic_reconciliation_0.003,13,reconciliation,0.003,asymptotic,1,0.0158311345646438
0.0,0.0,0.003,0.0,0.0,2608,34,True,True,0,0.020265579223632812,{},False,,key1_asymptotic_reconciliation_0.003,14,reconciliation,0.003,asymptotic,1,0.0158311345646438
0.0,0.0,0.003,0.0,0.0,2608,34,True,True,0,0.01935124397277832,{},False,,key1_asymptotic_reconciliation_0.003,15,reconciliation,0.003,asymptotic,1,0.0158311345646438
0.0,0.0,0.003,0.0,0.0002933411557641537,2608,34,False,False,1315,0.021013975143432617,{'reconciliation_state': 1},False,,key1_asymptotic_reconciliation_0.003,16,reconciliation,0.003,asymptotic,1,0.0158311345646438
0.0,0.0,0.003,0.0,0.0,2608,34,True,True,0,0.019163846969604492,{},False,,key1_asymptotic_reconciliation_0.003,17,reconciliation,0.003,asymptotic,1,0.0158311345646438
0.0,0.0,0.003,0.0,0.0,2608,34,True,True,0,0.019968271255493164,{},False,,key1_asymptotic_reconciliation_0.003,18,reconciliation,0.003,asymptotic,1,0.0158311345646438
0.0,0.0,0.003,0.0,0.0,2608,34,True,True,0,0.01925349235534668,{},False,,key1_asymptotic_reconciliation_0.003,19,reconciliation,0.003,asymptotic,1,0.0158311345646438
0.0,0.0,0.001,0.0,0.0,2608,34,True,True,0,0.019913196563720703,{},False,,key1_asymptotic_reconciliation_0.001,0,reconciliation,0.001,asymptotic,1,0.0158311345646438
0.0,0.0,0.001,0.0,0.0,2608,34,True,True,0,0.022278785705566406,{},False,,key1_asymptotic_reconciliation_0.001,1,reconciliation,0.001,asymptotic,1,0.0158311345646438
0.0,0.0,0.001,0.0,0.0,2608,34,True,True,0,0.025971651077270508,{},False,,key1_asymptotic_reconciliation_0.001,2,reconciliation,0.001,asymptotic,1,0.0158311345646438
0.0,0.0,0.001,0.0,0.0,2608,34,True,True,0,0.02094292640686035,{},False,,key1_asymptotic_reconciliation_0.001,3,reconciliation,0.001,asymptotic,1,0.0158311345646438
0.0,0.0,0.001,0.0,0.0,2608,34,True,True,0,0.019258737564086914,{},False,,key1_asymptotic_reconciliation_0.001,4,reconciliation,0.001,asymptotic,1,0.0158311345646438
0.0,0.0,0.001,0.0,0.0,2608,34,True,True,0,0.02720928192138672,{},False,,key1_asymptotic_reconciliation_0.001,5,reconciliation,0.001,asymptotic,1,0.0158311345646438
0.0,0.0,0.001,0.0,0.0,2608,34,True,True,0,0.023457765579223633,{},False,,key1_asymptotic_reconciliation_0.001,6,reconciliation,0.001,asymptotic,1,0.0158311345646438
0.0,0.0,0.001,0.0,0.0,2608,34,True,True,0,0.019018173217773438,{},False,,key1_asymptotic_reconciliation_0.001,7,reconciliation,0.001,asymptotic,1,0.0158311345646438
0.0,0.0,0.001,0.0,0.0,2608,34,True,True,0,0.02497720718383789,{},False,,key1_asymptotic_reconciliation_0.001,8,reconciliation,0.001,asymptotic,1,0.0158311345646438
0.0,0.0,0.001,0.0,0.0,2608,34,True,True,0,0.02112293243408203,{},False,,key1_asymptotic_reconciliation_0.001,9,reconciliation,0.001,asymptotic,1,0.0158311345646438
0.0,0.0,0.001,0.0,0.0,2608,34,True,True,0,0.021015167236328125,{},False,,key1_asymptotic_reconciliation_0.001,10,reconciliation,0.001,asymptotic,1,0.0158311345646438
0.0,0.0,0.001,0.0,0.0,2608,34,True,True,0,0.01927661895751953,{},False,,key1_asymptotic_reconciliation_0.001,11,reconciliation,0.001,asymptotic,1,0.0158311345646438
0.0,0.0,0.001,0.0,0.0,2608,34,True,True,0,0.019545316696166992,{},False,,key1_asymptotic_reconciliation_0.001,12,reconciliation,0.001,asymptotic,1,0.0158311345646438
0.0,0.0,0.001,0.0,0.0,2608,34,True,True,0,0.019507646560668945,{},False,,key1_asymptotic_reconciliation_0.001,13,reconciliation,0.001,asymptotic,1,0.0158311345646438
0.0,0.0,0.001,0.0,0.0,2608,34,True,True,0,0.021257877349853516,{},False,,key1_asymptotic_reconciliation_0.001,14,reconciliation,0.001,asymptotic,1,0.0158311345646438
0.0,0.0,0.001,0.0,0.0,2608,34,True,True,0,0.01909327507019043,{},False,,key1_asymptotic_reconciliation_0.001,15,reconciliation,0.001,asymptotic,1,0.0158311345646438
0.0,0.0,0.001,0.0,0.0,2608,34,True,True,0,0.01863408088684082,{},False,,key1_asymptotic_reconciliation_0.001,16,reconciliation,0.001,asymptotic,1,0.0158311345646438
0.0,0.0,0.001,0.0,0.0,2608,34,True,True,0,0.01934504508972168,{},False,,key1_asymptotic_reconciliation_0.001,17,reconciliation,0.001,asymptotic,1,0.0158311345646438
0.0,0.0,0.001,0.0,0.0,2608,34,True,True,0,0.020486831665039062,{},False,,key1_asymptotic_reconciliation_0.001,18,reconciliation,0.001,asymptotic,1,0.0158311345646438
0.0,0.0,0.001,0.0,0.0,2608,34,True,True,0,0.019605159759521484,{},False,,key1_asymptotic_reconciliation_0.001,19,reconciliation,0.001,asymptotic,1,0.0158311345646438
0.5,0.0,0.0,0.0,0.0,1666,34,True,False,1,0.02150750160217285,{'toeplitz_matrix': 1},False,,key1_placeholder_toeplitz_0.5,0,toeplitz,0.5,placeholder,1,0.0158311345646438
0.5,0.0,0.0,0.0,0.0,1666,34,True,True,0,0.01988673210144043,{},False,,key1_placeholder_toeplitz_0.5,1,toeplitz,0.5,placeholder,1,0.0158311345646438
0.5,0.0,0.0,0.0,0.0,1666,34,True,True,0,0.02066826820373535,{},False,,key1_placeholder_toeplitz_0.5,2,toeplitz,0.5,placeholder,1,0.0158311345646438
0.5,0.0,0.0,0.0,0.0,1666,34,True,True,0,0.02308368682861328,{},False,,key1_placeholder_toeplitz_0.5,3,toeplitz,0.5,placeholder,1,0.0158311345646438
0.5,0.0,0.0,0.0,0.0,1666,34,True,True,0,0.019404172897338867,{},False,,key1_placeholder_toeplitz_0.5,4,toeplitz,0.5,placeholder,1,0.0158311345646438
0.5,0.0,0.0,0.0,0.0,1666,34,True,True,0,0.021230220794677734,{},False,,key1_placeholder_toeplitz_0.5,5,toeplitz,0.5,placeholder,1,0.0158311345646438
0.5,0.0,0.0,0.0,0.0,1666,34,True,False,1,0.02089405059814453,{'toeplitz_matrix': 1},False,,key1_placeholder_toeplitz_0.5,6,toeplitz,0.5,placeholder,1,0.0158311345646438
0.5,0.0,0.0,0.0,0.0,1666,34,True,False,1,0.018365144729614258,{'toeplitz_matrix': 1},False,,key1_placeholder_toeplitz_0.5,7,toeplitz,0.5,placeholder,1,0.0158311345646438
0.5,0.0,0.0,0.0,0.0,1666,34,True,True,0,0.020100116729736328,{},False,,key1_placeholder_toeplitz_0.5,8,toeplitz,0.5,placeholder,1,0.0158311345646438
0.5,0.0,0.0,0.0,0.0,1666,34,True,True,0,0.019116878509521484,{'toeplitz_matrix': 1},False,,key1_placeholder_toeplitz_0.5,9,toeplitz,0.5,placeholder,1,0.0158311345646438
0.5,0.0,0.0,0.0,0.0,1666,34,True,True,0,0.021470308303833008,{'toeplitz_matrix': 1},False,,key1_placeholder_toeplitz_0.5,10,toeplitz,0.5,placeholder,1,0.0158311345646438
0.5,0.0,0.0,0.0,0.0,1666,34,True,True,0,0.020154476165771484,{},False,,key1_placeholder_toeplitz_0.5,11,toeplitz,0.5,placeholder,1,0.0158311345646438
0.5,0.0,0.0,0.0,0.0,1666,34,True,True,0,0.018803834915161133,{},False,,key1_placeholder_toeplitz_0.5,12,toeplitz,0.5,placeholder,1,0.0158311345646438
0.5,0.0,0.0,0.0,0.0,1666,34,True,True,0,0.020152807235717773,{},False,,key1_placeholder_toeplitz_0.5,13,toeplitz,0.5,placeholder,1,0.0158311345646438
0.5,0.0,0.0,0.0,0.0,1666,34,True,True,0,0.021343708038330078,{},False,,key1_placeholder_toeplitz_0.5,14,toeplitz,0.5,placeholder,1,0.0158311345646438
0.5,0.0,0.0,0.0,0.0,1666,34,True,True,0,0.0191037654876709,{'toeplitz_matrix': 1},False,,key1_placeholder_toeplitz_0.5,15,toeplitz,0.5,placeholder,1,0.0158311345646438
0.5,0.0,0.0,0.0,0.0,1666,34,True,True,0,0.018892526626586914,{},False,,key1_placeholder_toeplitz_0.5,16,toeplitz,0.5,placeholder,1,0.0158311345646438
0.5,0.0,0.0,0.0,0.0,1666,34,True,True,0,0.018616914749145508,{},False,,key1_placeholder_toeplitz_0.5,17,toeplitz,0.5,placeholder,1,0.0158311345646438
0.5,0.0,0.0,0.0,0.0,1666,34,True,True,0,0.02166461944580078,{},False,,key1_placeholder_toeplitz_0.5,18,toeplitz,0.5,placeholder,1,0.0158311345646438
0.5,0.0,0.0,0.0,0.0,1666,34,True,True,0,0.0196378231048584,{'toeplitz_matrix': 1},False,,key1_placeholder_toeplitz_0.5,19,toeplitz,0.5,placeholder,1,0.0158311345646438
0.3,0.0,0.0,0.0,0.0,1666,34,True,False,1,0.021035432815551758,{'toeplitz_matrix': 1},False,,key1_placeholder_toeplitz_0.3,0,toeplitz,0.3,placeholder,1,0.0158311345646438
0.3,0.0,0.0,0.0,0.0,1666,34,True,True,0,0.028693675994873047,{},False,,key1_placeholder_toeplitz_0.3,1,toeplitz,0.3,placeholder,1,0.0158311345646438
0.3,0.0,0.0,0.0,0.0,1666,34,True,True,0,0.020153522491455078,{},False,,key1_placeholder_toeplitz_0.3,2,toeplitz,0.3,placeholder,1,0.0158311345646438
0.3,0.0,0.0,0.0,0.0,1666,34,True,True,0,0.02094578742980957,{},False,,key1_placeholder_toeplitz_0.3,3,toeplitz,0.3,placeholder,1,0.0158311345646438
0.3,0.0,0.0,0.0,0.0,1666,34,True,True,0,0.0198514461517334,{},False,,key1_placeholder_toeplitz_0.3,4,toeplitz,0.3,placeholder,1,0.0158311345646438
0.3,0.0,0.0,0.0,0.0,1666,34,True,True,0,0.019356250762939453,{},False,,key1_placeholder_toeplitz_0.3,5,toeplitz,0.3,placeholder,1,0.0158311345646438
0.3,0.0,0.0,0.0,0.0,1666,34,True,False,1,0.01979684829711914,{'toeplitz_matrix': 1},False,,key1_placeholder_toeplitz_0.3,6,toeplitz,0.3,placeholder,1,0.0158311345646438
0.3,0.0,0.0,0.0,0.0,1666,34,True,False,1,0.01869654655456543,{'toeplitz_matrix': 1},False,,key1_placeholder_toeplitz_0.3,7,toeplitz,0.3,placeholder,1,0.0158311345646438
0.3,0.0,0.0,0.0,0.0,1666,34,True,True,0,0.019750595092773438,{},False,,key1_placeholder_toeplitz_0.3,8,toeplitz,0.3,placeholder,1,0.0158311345646438
0.3,0.0,0.0,0.0,0.0,1666,34,True,True,0,0.020401954650878906,{'toeplitz_matrix': 1},False,,key1_placeholder_toeplitz_0.3,9,toeplitz,0.3,placeholder,1,0.0158311345646438
0.3,0.0,0.0,0.0,0.0,1666,34,True,True,0,0.026283979415893555,{'toeplitz_matrix': 1},False,,key1_placeholder_toeplitz_0.3,10,toeplitz,0.3,placeholder,1,0.0158311345646438
0.3,0.0,0.0,0.0,0.0,1666,34,True,True,0,0.02106642723083496,{},False,,key1_placeholder_toeplitz_0.3,11,toeplitz,0.3,placeholder,1,0.0158311345646438
0.3,0.0,0.0,0.0,0.0,1666,34,True,True,0,0.019618511199951172,{},False,,key1_placeholder_toeplitz_0.3,12,toeplitz,0.3,placeholder,1,0.0158311345646438
0.3,0.0,0.0,0.0,0.0,1666,34,True,True,0,0.02131032943725586,{},False,,key1_placeholder_toeplitz_0.3,13,toeplitz,0.3,placeholder,1,0.0158311345646438
0.3,0.0,0.0,0.0,0.0,1666,34,True,True,0,0.022815704345703125,{},False,,key1_placeholder_toeplitz_0.3,14,toeplitz,0.3,placeholder,1,0.0158311345646438
0.3,0.0,0.0,0.0,0.0,1666,34,True,True,0,0.01951003074645996,{'toeplitz_matrix': 1},False,,key1_placeholder_toeplitz_0.3,15,toeplitz,0.3,placeholder,1,0.0158311345646438
0.3,0.0,0.0,0.0,0.0,1666,34,True,True,0,0.018886327743530273,{},False,,key1_placeholder_toeplitz_0.3,16,toeplitz,0.3,placeholder,1,0.0158311345646438
0.3,0.0,0.0,0.0,0.0,1666,34,True,True,0,0.018993377685546875,{},False,,key1_placeholder_toeplitz_0.3,17,toeplitz,0.3,placeholder,1,0.0158311345646438
0.3,0.0,0.0,0.0,0.0,1666,34,True,True,0,0.020131587982177734,{},False,,key1_placeholder_toeplitz_0.3,18,toeplitz,0.3,placeholder,1,0.0158311345646438
0.3,0.0,0.0,0.0,0.0,1666,34,True,True,0,0.018671035766601562,{},False,,key1_placeholder_toeplitz_0.3,19,toeplitz,0.3,placeholder,1,0.0158311345646438
0.1,0.0,0.0,0.0,0.0,1666,34,True,True,0,0.02066659927368164,{},False,,key1_placeholder_toeplitz_0.1,0,toeplitz,0.1,placeholder,1,0.0158311345646438
0.1,0.0,0.0,0.0,0.0,1666,34,True,True,0,0.01906871795654297,{},False,,key1_placeholder_toeplitz_0.1,1,toeplitz,0.1,placeholder,1,0.0158311345646438
0.1,0.0,0.0,0.0,0.0,1666,34,True,True,0,0.020211458206176758,{},False,,key1_placeholder_toeplitz_0.1,2,toeplitz,0.1,placeholder,1,0.0158311345646438
0.1,0.0,0.0,0.0,0.0,1666,34,True,True,0,0.019255399703979492,{},False,,key1_placeholder_toeplitz_0.1,3,toeplitz,0.1,placeholder,1,0.0158311345646438
0.1,0.0,0.0,0.0,0.0,1666,34,True,True,0,0.01867198944091797,{},False,,key1_placeholder_toeplitz_0.1,4,toeplitz,0.1,placeholder,1,0.0158311345646438
0.1,0.0,0.0,0.0,0.0,1666,34,True,True,0,0.020421266555786133,{},False,,key1_placeholder_toeplitz_0.1,5,toeplitz,0.1,placeholder,1,0.0158311345646438
0.1,0.0,0.0,0.0,0.0,1666,34,True,False,1,0.019495248794555664,{'toeplitz_matrix': 1},False,,key1_placeholder_toeplitz_0.1,6,toeplitz,0.1,placeholder,1,0.0158311345646438
0.1,0.0,0.0,0.0,0.0,1666,34,True,False,1,0.01865363121032715,{'toeplitz_matrix': 1},False,,key1_placeholder_toeplitz_0.1,7,toeplitz,0.1,placeholder,1,0.0158311345646438
0.1,0.0,0.0,0.0,0.0,1666,34,True,True,0,0.020653247833251953,{},False,,key1_placeholder_toeplitz_0.1,8,toeplitz,0.1,placeholder,1,0.0158311345646438
0.1,0.0,0.0,0.0,0.0,1666,34,True,True,0,0.019549846649169922,{'toeplitz_matrix': 1},False,,key1_placeholder_toeplitz_0.1,9,toeplitz,0.1,placeholder,1,0.0158311345646438
0.1,0.0,0.0,0.0,0.0,1666,34,True,True,0,0.020178794860839844,{},False,,key1_placeholder_toeplitz_0.1,10,toeplitz,0.1,placeholder,1,0.0158311345646438
0.1,0.0,0.0,0.0,0.0,1666,34,True,True,0,0.02088332176208496,{},False,,key1_placeholder_toeplitz_0.1,11,toeplitz,0.1,placeholder,1,0.0158311345646438
0.1,0.0,0.0,0.0,0.0,1666,34,True,True,0,0.019450664520263672,{},False,,key1_placeholder_toeplitz_0.1,12,toeplitz,0.1,placeholder,1,0.0158311345646438
0.1,0.0,0.0,0.0,0.0,1666,34,True,True,0,0.019980192184448242,{},False,,key1_placeholder_toeplitz_0.1,13,toeplitz,0.1,placeholder,1,0.0158311345646438
0.1,0.0,0.0,0.0,0.0,1666,34,True,True,0,0.020047664642333984,{},False,,key1_placeholder_toeplitz_0.1,14,toeplitz,0.1,placeholder,1,0.0158311345646438
0.1,0.0,0.0,0.0,0.0,1666,34,True,True,0,0.01880168914794922,{},False,,key1_placeholder_toeplitz_0.1,15,toeplitz,0.1,placeholder,1,0.0158311345646438
0.1,0.0,0.0,0.0,0.0,1666,34,True,True,0,0.0186464786529541,{},False,,key1_placeholder_toeplitz_0.1,16,toeplitz,0.1,placeholder,1,0.0158311345646438
0.1,0.0,0.0,0.0,0.0,1666,34,True,True,0,0.01952075958251953,{},False,,key1_placeholder_toeplitz_0.1,17,toeplitz,0.1,placeholder,1,0.0158311345646438
0.1,0.0,0.0,0.0,0.0,1666,34,True,True,0,0.020302534103393555,{},False,,key1_placeholder_toeplitz_0.1,18,toeplitz,0.1,placeholder,1,0.0158311345646438
0.1,0.0,0.0,0.0,0.0,1666,34,True,True,0,0.01932692527770996,{},False,,key1_placeholder_toeplitz_0.1,19,toeplitz,0.1,placeholder,1,0.0158311345646438
0.05,0.0,0.0,0.0,0.0,1666,34,True,True,0,0.019202709197998047,{},False,,key1_placeholder_toeplitz_0.05,0,toeplitz,0.05,placeholder,1,0.0158311345646438
0.05,0.0,0.0,0.0,0.0,1666,34,True,True,0,0.020203590393066406,{},False,,key1_placeholder_toeplitz_0.05,1,toeplitz,0.05,placeholder,1,0.0158311345646438
0.05,0.0,0.0,0.0,0.0,1666,34,True,True,0,0.02051520347595215,{},False,,key1_placeholder_toeplitz_0.05,2,toeplitz,0.05,placeholder,1,0.0158311345646438
0.05,0.0,0.0,0.0,0.0,1666,34,True,True,0,0.02064371109008789,{},False,,key1_placeholder_toeplitz_0.05,3,toeplitz,0.05,placeholder,1,0.0158311345646438
0.05,0.0,0.0,0.0,0.0,1666,34,True,True,0,0.019768238067626953,{},False,,key1_placeholder_toeplitz_0.05,4,toeplitz,0.05,placeholder,1,0.0158311345646438
0.05,0.0,0.0,0.0,0.0,1666,34,True,True,0,0.01952958106994629,{},False,,key1_placeholder_toeplitz_0.05,5,toeplitz,0.05,placeholder,1,0.0158311345646438
0.05,0.0,0.0,0.0,0.0,1666,34,True,False,1,0.020215272903442383,{'toeplitz_matrix': 1},False,,key1_placeholder_toeplitz_0.05,6,toeplitz,0.05,placeholder,1,0.0158311345646438
0.05,0.0,0.0,0.0,0.0,1666,34,True,False,1,0.018194913864135742,{'toeplitz_matrix': 1},False,,key1_placeholder_toeplitz_0.05,7,toeplitz,0.05,placeholder,1,0.0158311345646438
0.05,0.0,0.0,0.0,0.0,1666,34,True,True,0,0.020269393920898438,{},False,,key1_placeholder_toeplitz_0.05,8,toeplitz,0.05,placeholder,1,0.0158311345646438
0.05,0.0,0.0,0.0,0.0,1666,34,True,True,0,0.01989150047302246,{'toeplitz_matrix': 1},False,,key1_placeholder_toeplitz_0.05,9,toeplitz,0.05,placeholder,1,0.0158311345646438
0.05,0.0,0.0,0.0,0.0,1666,34,True,True,0,0.01939558982849121,{},False,,key1_placeholder_toeplitz_0.05,10,toeplitz,0.05,placeholder,1,0.0158311345646438
0.05,0.0,0.0,0.0,0.0,1666,34,True,True,0,0.01936817169189453,{},False,,key1_placeholder_toeplitz_0.05,11,toeplitz,0.05,placeholder,1,0.0158311345646438
0.05,0.0,0.0,0.0,0.0,1666,34,True,True,0,0.01857733726501465,{},False,,key1_placeholder_toeplitz_0.05,12,toeplitz,0.05,placeholder,1,0.0158311345646438
0.05,0.0,0.0,0.0,0.0,1666,34,True,True,0,0.02158951759338379,{},False,,key1_placeholder_toeplitz_0.05,13,toeplitz,0.05,placeholder,1,0.0158311345646438
0.05,0.0,0.0,0.0,0.0,1666,34,True,True,0,0.02070331573486328,{},False,,key1_placeholder_toeplitz_0.05,14,toeplitz,0.05,placeholder,1,0.0158311345646438
0.05,0.0,0.0,0.0,0.0,1666,34,True,True,0,0.01858067512512207,{},False,,key1_placeholder_toeplitz_0.05,15,toeplitz,0.05,placeholder,1,0.0158311345646438
0.05,0.0,0.0,0.0,0.0,1666,34,True,True,0,0.01869821548461914,{},False,,key1_placeholder_toeplitz_0.05,16,toeplitz,0.05,placeholder,1,0.0158311345646438
0.05,0.0,0.0,0.0,0.0,1666,34,True,True,0,0.018702983856201172,{},False,,key1_placeholder_toeplitz_0.05,17,toeplitz,0.05,placeholder,1,0.0158311345646438
0.05,0.0,0.0,0.0,0.0,1666,34,True,True,0,0.01994800567626953,{},False,,key1_placeholder_toeplitz_0.05,18,toeplitz,0.05,placeholder,1,0.0158311345646438
0.05,0.0,0.0,0.0,0.0,1666,34,True,True,0,0.020775794982910156,{},False,,key1_placeholder_toeplitz_0.05,19,toeplitz,0.05,placeholder,1,0.0158311345646438
0.03,0.0,0.0,0.0,0.0,1666,34,True,True,0,0.023624658584594727,{},False,,key1_placeholder_toeplitz_0.03,0,toeplitz,0.03,placeholder,1,0.0158311345646438
0.03,0.0,0.0,0.0,0.0,1666,34,True,True,0,0.020847082138061523,{},False,,key1_placeholder_toeplitz_0.03,1,toeplitz,0.03,placeholder,1,0.0158311345646438
0.03,0.0,0.0,0.0,0.0,1666,34,True,True,0,0.021556377410888672,{},False,,key1_placeholder_toeplitz_0.03,2,toeplitz,0.03,placeholder,1,0.0158311345646438
0.03,0.0,0.0,0.0,0.0,1666,34,True,True,0,0.027070045471191406,{},False,,key1_placeholder_toeplitz_0.03,3,toeplitz,0.03,placeholder,1,0.0158311345646438
0.03,0.0,0.0,0.0,0.0,1666,34,True,True,0,0.020563125610351562,{},False,,key1_placeholder_toeplitz_0.03,4,toeplitz,0.03,placeholder,1,0.0158311345646438
0.03,0.0,0.0,0.0,0.0,1666,34,True,True,0,0.019098997116088867,{},False,,key1_placeholder_toeplitz_0.03,5,toeplitz,0.03,placeholder,1,0.0158311345646438
0.03,0.0,0.0,0.0,0.0,1666,34,True,True,0,0.019737720489501953,{},False,,key1_placeholder_toeplitz_0.03,6,toeplitz,0.03,placeholder,1,0.0158311345646438
0.03,0.0,0.0,0.0,0.0,1666,34,True,True,0,0.020003557205200195,{},False,,key1_placeholder_toeplitz_0.03,7,toeplitz,0.03,placeholder,1,0.0158311345646438
0.03,0.0,0.0,0.0,0.0,1666,34,True,True,0,0.020083189010620117,{},False,,key1_placeholder_toeplitz_0.03,8,toeplitz,0.03,placeholder,1,0.0158311345646438
0.03,0.0,0.0,0.0,0.0,1666,34,True,True,0,0.01915574073791504,{},False,,key1_placeholder_toeplitz_0.03,9,toeplitz,0.03,placeholder,1,0.0158311345646438
0.03,0.0,0.0,0.0,0.0,1666,34,True,True,0,0.019872665405273438,{},False,,key1_placeholder_toeplitz_0.03,10,toeplitz,0.03,placeholder,1,0.0158311345646438
0.03,0.0,0.0,0.0,0.0,1666,34,True,True,0,0.019809484481811523,{},False,,key1_placeholder_toeplitz_0.03,11,toeplitz,0.03,placeholder,1,0.0158311345646438
0.03,0.0,0.0,0.0,0.0,1666,34,True,True,0,0.01949620246887207,{},False,,key1_placeholder_toeplitz_0.03,12,toeplitz,0.03,placeholder,1,0.0158311345646438
0.03,0.0,0.0,0.0,0.0,1666,34,True,True,0,0.020502567291259766,{},False,,key1_placeholder_toeplitz_0.03,13,toeplitz,0.03,placeholder,1,0.0158311345646438
0.03,0.0,0.0,0.0,0.0,1666,34,True,True,0,0.022285938262939453,{},False,,key1_placeholder_toeplitz_0.03,14,toeplitz,0.03,placeholder,1,0.0158311345646438
0.03,0.0,0.0,0.0,0.0,1666,34,True,True,0,0.019160032272338867,{},False,,key1_placeholder_toeplitz_0.03,15,toeplitz,0.03,placeholder,1,0.0158311345646438
0.03,0.0,0.0,0.0,0.0,1666,34,True,True,0,0.018461227416992188,{},False,,key1_placeholder_toeplitz_0.03,16,toeplitz,0.03,placeholder,1,0.0158311345646438
0.03,0.0,0.0,0.0,0.0,1666,34,True,True,0,0.019176006317138672,{},False,,key1_placeholder_toeplitz_0.03,17,toeplitz,0.03,placeholder,1,0.0158311345646438
0.03,0.0,0.0,0.0,0.0,1666,34,True,True,0,0.022301435470581055,{},False,,key1_placeholder_toeplitz_0.03,18,toeplitz,0.03,placeholder,1,0.0158311345646438
0.03,0.0,0.0,0.0,0.0,1666,34,True,True,0,0.018853187561035156,{},False,,key1_placeholder_toeplitz_0.03,19,toeplitz,0.03,placeholder,1,0.0158311345646438
0.01,0.0,0.0,0.0,0.0,1666,34,True,True,0,0.019082069396972656,{},False,,key1_placeholder_toeplitz_0.01,0,toeplitz,0.01,placeholder,1,0.0158311345646438
0.01,0.0,0.0,0.0,0.0,1666,34,True,True,0,0.01912689208984375,{},False,,key1_placeholder_toeplitz_0.01,1,toeplitz,0.01,placeholder,1,0.0158311345646438
0.01,0.0,0.0,0.0,0.0,1666,34,True,True,0,0.020272016525268555,{},False,,key1_placeholder_toeplitz_0.01,2,toeplitz,0.01,placeholder,1,0.0158311345646438
0.01,0.0,0.0,0.0,0.0,1666,34,True,True,0,0.01994800567626953,{},False,,key1_placeholder_toeplitz_0.01,3,toeplitz,0.01,placeholder,1,0.0158311345646438
0.01,0.0,0.0,0.0,0.0,1666,34,True,True,0,0.019704103469848633,{},False,,key1_placeholder_toeplitz_0.01,4,toeplitz,0.01,placeholder,1,0.0158311345646438
0.01,0.0,0.0,0.0,0.0,1666,34,True,True,0,0.02099752426147461,{},False,,key1_placeholder_toeplitz_0.01,5,toeplitz,0.01,placeholder,1,0.0158311345646438
0.01,0.0,0.0,0.0,0.0,1666,34,True,True,0,0.02039647102355957,{},False,,key1_placeholder_toeplitz_0.01,6,toeplitz,0.01,placeholder,1,0.0158311345646438
0.01,0.0,0.0,0.0,0.0,1666,34,True,True,0,0.018438339233398438,{},False,,key1_placeholder_toeplitz_0.01,7,toeplitz,0.01,placeholder,1,0.0158311345646438
0.01,0.0,0.0,0.0,0.0,1666,34,True,True,0,0.020487070083618164,{},False,,key1_placeholder_toeplitz_0.01,8,toeplitz,0.01,placeholder,1,0.0158311345646438
0.01,0.0,0.0,0.0,0.0,1666,34,True,True,0,0.019314289093017578,{},False,,key1_placeholder_toeplitz_0.01,9,toeplitz,0.01,placeholder,1,0.0158311345646438
0.01,0.0,0.0,0.0,0.0,1666,34,True,True,0,0.01962113380432129,{},False,,key1_placeholder_toeplitz_0.01,10,toeplitz,0.01,placeholder,1,0.0158311345646438
0.01,0.0,0.0,0.0,0.0,1666,34,True,True,0,0.02577805519104004,{},False,,key1_placeholder_toeplitz_0.01,11,toeplitz,0.01,placeholder,1,0.0158311345646438
0.01,0.0,0.0,0.0,0.0,1666,34,True,True,0,0.020842790603637695,{},False,,key1_placeholder_toeplitz_0.01,12,toeplitz,0.01,placeholder,1,0.0158311345646438
0.01,0.0,0.0,0.0,0.0,1666,34,True,True,0,0.020963668823242188,{},False,,key1_placeholder_toeplitz_0.01,13,toeplitz,0.01,placeholder,1,0.0158311345646438
0.01,0.0,0.0,0.0,0.0,1666,34,True,True,0,0.025001049041748047,{},False,,key1_placeholder_toeplitz_0.01,14,toeplitz,0.01,placeholder,1,0.0158311345646438
0.01,0.0,0.0,0.0,0.0,1666,34,True,True,0,0.01948690414428711,{},False,,key1_placeholder_toeplitz_0.01,15,toeplitz,0.01,placeholder,1,0.0158311345646438
0.01,0.0,0.0,0.0,0.0,1666,34,True,True,0,0.01896071434020996,{},False,,key1_placeholder_toeplitz_0.01,16,toeplitz,0.01,placeholder,1,0.0158311345646438
0.01,0.0,0.0,0.0,0.0,1666,34,True,True,0,0.02230525016784668,{},False,,key1_placeholder_toeplitz_0.01,17,toeplitz,0.01,placeholder,1,0.0158311345646438
0.01,0.0,0.0,0.0,0.0,1666,34,True,True,0,0.019945144653320312,{},False,,key1_placeholder_toeplitz_0.01,18,toeplitz,0.01,placeholder,1,0.0158311345646438
0.01,0.0,0.0,0.0,0.0,1666,34,True,True,0,0.021109342575073242,{},False,,key1_placeholder_toeplitz_0.01,19,toeplitz,0.01,placeholder,1,0.0158311345646438
0.003,0.0,0.0,0.0,0.0,1666,34,True,True,0,0.021788597106933594,{},False,,key1_placeholder_toeplitz_0.003,0,toeplitz,0.003,placeholder,1,0.0158311345646438
0.003,0.0,0.0,0.0,0.0,1666,34,True,True,0,0.020316362380981445,{},False,,key1_placeholder_toeplitz_0.003,1,toeplitz,0.003,placeholder,1,0.0158311345646438
0.003,0.0,0.0,0.0,0.0,1666,34,True,True,0,0.02221393585205078,{},False,,key1_placeholder_toeplitz_0.003,2,toeplitz,0.003,placeholder,1,0.0158311345646438
0.003,0.0,0.0,0.0,0.0,1666,34,True,True,0,0.019861936569213867,{},False,,key1_placeholder_toeplitz_0.003,3,toeplitz,0.003,placeholder,1,0.0158311345646438
0.003,0.0,0.0,0.0,0.0,1666,34,True,True,0,0.020992040634155273,{},False,,key1_placeholder_toeplitz_0.003,4,toeplitz,0.003,placeholder,1,0.0158311345646438
0.003,0.0,0.0,0.0,0.0,1666,34,True,True,0,0.0271453857421875,{},False,,key1_placeholder_toeplitz_0.003,5,toeplitz,0.003,placeholder,1,0.0158311345646438
0.003,0.0,0.0,0.0,0.0,1666,34,True,True,0,0.021204710006713867,{},False,,key1_placeholder_toeplitz_0.003,6,toeplitz,0.003,placeholder,1,0.0158311345646438
0.003,0.0,0.0,0.0,0.0,1666,34,True,True,0,0.030323266983032227,{},False,,key1_placeholder_toeplitz_0.003,7,toeplitz,0.003,placeholder,1,0.0158311345646438
0.003,0.0,0.0,0.0,0.0,1666,34,True,True,0,0.023721933364868164,{},False,,key1_placeholder_toeplitz_0.003,8,toeplitz,0.003,placeholder,1,0.0158311345646438
0.003,0.0,0.0,0.0,0.0,1666,34,True,True,0,0.021933317184448242,{},False,,key1_placeholder_toeplitz_0.003,9,toeplitz,0.003,placeholder,1,0.0158311345646438
0.003,0.0,0.0,0.0,0.0,1666,34,True,True,0,0.02427077293395996,{},False,,key1_placeholder_toeplitz_0.003,10,toeplitz,0.003,placeholder,1,0.0158311345646438
0.003,0.0,0.0,0.0,0.0,1666,34,True,True,0,0.021636247634887695,{},False,,key1_placeholder_toeplitz_0.003,11,toeplitz,0.003,placeholder,1,0.0158311345646438
0.003,0.0,0.0,0.0,0.0,1666,34,True,True,0,0.019655704498291016,{},False,,key1_placeholder_toeplitz_0.003,12,toeplitz,0.003,placeholder,1,0.0158311345646438
0.003,0.0,0.0,0.0,0.0,1666,34,True,True,0,0.019593477249145508,{},False,,key1_placeholder_toeplitz_0.003,13,toeplitz,0.003,placeholder,1,0.0158311345646438
0.003,0.0,0.0,0.0,0.0,1666,34,True,True,0,0.023179054260253906,{},False,,key1_placeholder_toeplitz_0.003,14,toeplitz,0.003,placeholder,1,0.0158311345646438
0.003,0.0,0.0,0.0,0.0,1666,34,True,True,0,0.018944978713989258,{},False,,key1_placeholder_toeplitz_0.003,15,toeplitz,0.003,placeholder,1,0.0158311345646438
0.003,0.0,0.0,0.0,0.0,1666,34,True,True,0,0.020569801330566406,{},False,,key1_placeholder_toeplitz_0.003,16,toeplitz,0.003,placeholder,1,0.0158311345646438
0.003,0.0,0.0,0.0,0.0,1666,34,True,True,0,0.022057056427001953,{},False,,key1_placeholder_toeplitz_0.003,17,toeplitz,0.003,placeholder,1,0.0158311345646438
0.003,0.0,0.0,0.0,0.0,1666,34,True,True,0,0.021373748779296875,{},False,,key1_placeholder_toeplitz_0.003,18,toeplitz,0.003,placeholder,1,0.0158311345646438
0.003,0.0,0.0,0.0,0.0,1666,34,True,True,0,0.020122289657592773,{},False,,key1_placeholder_toeplitz_0.003,19,toeplitz,0.003,placeholder,1,0.0158311345646438
0.001,0.0,0.0,0.0,0.0,1666,34,True,True,0,0.019565582275390625,{},False,,key1_placeholder_toeplitz_0.001,0,toeplitz,0.001,placeholder,1,0.0158311345646438
0.001,0.0,0.0,0.0,0.0,1666,34,True,True,0,0.021800518035888672,{},False,,key1_placeholder_toeplitz_0.001,1,toeplitz,0.001,placeholder,1,0.0158311345646438
0.001,0.0,0.0,0.0,0.0,1666,34,True,True,0,0.019498825073242188,{},False,,key1_placeholder_toeplitz_0.001,2,toeplitz,0.001,placeholder,1,0.0158311345646438
0.001,0.0,0.0,0.0,0.0,1666,34,True,True,0,0.018500566482543945,{},False,,key1_placeholder_toeplitz_0.001,3,toeplitz,0.001,placeholder,1,0.0158311345646438
0.001,0.0,0.0,0.0,0.0,1666,34,True,True,0,0.020383358001708984,{},False,,key1_placeholder_toeplitz_0.001,4,toeplitz,0.001,placeholder,1,0.0158311345646438
0.001,0.0,0.0,0.0,0.0,1666,34,True,True,0,0.01958322525024414,{},False,,key1_placeholder_toeplitz_0.001,5,toeplitz,0.001,placeholder,1,0.0158311345646438
0.001,0.0,0.0,0.0,0.0,1666,34,True,True,0,0.02042865753173828,{},False,,key1_placeholder_toeplitz_0.001,6,toeplitz,0.001,placeholder,1,0.0158311345646438
0.001,0.0,0.0,0.0,0.0,1666,34,True,True,0,0.01912665367126465,{},False,,key1_placeholder_toeplitz_0.001,7,toeplitz,0.001,placeholder,1,0.0158311345646438
0.001,0.0,0.0,0.0,0.0,1666,34,True,True,0,0.018811941146850586,{},False,,key1_placeholder_toeplitz_0.001,8,toeplitz,0.001,placeholder,1,0.0158311345646438
0.001,0.0,0.0,0.0,0.0,1666,34,True,True,0,0.01856088638305664,{},False,,key1_placeholder_toeplitz_0.001,9,toeplitz,0.001,placeholder,1,0.0158311345646438
0.001,0.0,0.0,0.0,0.0,1666,34,True,True,0,0.019207000732421875,{},False,,key1_placeholder_toeplitz_0.001,10,toeplitz,0.001,placeholder,1,0.0158311345646438
0.001,0.0,0.0,0.0,0.0,1666,34,True,True,0,0.020133495330810547,{},False,,key1_placeholder_toeplitz_0.001,11,toeplitz,0.001,placeholder,1,0.0158311345646438
0.001,0.0,0.0,0.0,0.0,1666,34,True,True,0,0.019086599349975586,{},False,,key1_placeholder_toeplitz_0.001,12,toeplitz,0.001,placeholder,1,0.0158311345646438
0.001,0.0,0.0,0.0,0.0,1666,34,True,True,0,0.03692793846130371,{},False,,key1_placeholder_toeplitz_0.001,13,toeplitz,0.001,placeholder,1,0.0158311345646438
0.001,0.0,0.0,0.0,0.0,1666,34,True,True,0,0.028344392776489258,{},False,,key1_placeholder_toeplitz_0.001,14,toeplitz,0.001,placeholder,1,0.0158311345646438
0.001,0.0,0.0,0.0,0.0,1666,34,True,True,0,0.020102977752685547,{},False,,key1_placeholder_toeplitz_0.001,15,toeplitz,0.001,placeholder,1,0.0158311345646438
0.001,0.0,0.0,0.0,0.0,1666,34,True,True,0,0.018634796142578125,{},False,,key1_placeholder_toeplitz_0.001,16,toeplitz,0.001,placeholder,1,0.0158311345646438
0.001,0.0,0.0,0.0,0.0,1666,34,True,True,0,0.018765687942504883,{},False,,key1_placeholder_toeplitz_0.001,17,toeplitz,0.001,placeholder,1,0.0158311345646438
0.001,0.0,0.0,0.0,0.0,1666,34,True,True,0,0.019222497940063477,{},False,,key1_placeholder_toeplitz_0.001,18,toeplitz,0.001,placeholder,1,0.0158311345646438
0.001,0.0,0.0,0.0,0.0,1666,34,True,True,0,0.020891666412353516,{},False,,key1_placeholder_toeplitz_0.001,19,toeplitz,0.001,placeholder,1,0.0158311345646438
0.0,0.5,0.0,0.0,0.0,1666,34,True,True,0,0.019620656967163086,{},False,,key1_placeholder_final_key_0.5,0,final_key,0.5,placeholder,1,0.0158311345646438
0.0,0.5,0.0,0.0,0.0,1666,34,True,False,1,0.020058870315551758,{'final_key': 1},False,,key1_placeholder_final_key_0.5,1,final_key,0.5,placeholder,1,0.0158311345646438
0.0,0.5,0.0,0.0,0.0,1666,34,True,False,1,0.019323348999023438,{'final_key': 1},False,,key1_placeholder_final_key_0.5,2,final_key,0.5,placeholder,1,0.0158311345646438
0.0,0.5,0.0,0.0,0.0,1666,34,True,True,0,0.01834702491760254,{},False,,key1_placeholder_final_key_0.5,3,final_key,0.5,placeholder,1,0.0158311345646438
0.0,0.5,0.0,0.0,0.0,1666,34,True,True,0,0.019745588302612305,{},False,,key1_placeholder_final_key_0.5,4,final_key,0.5,placeholder,1,0.0158311345646438
0.0,0.5,0.0,0.0,0.0,1666,34,True,True,0,0.020432472229003906,{},False,,key1_placeholder_final_key_0.5,5,final_key,0.5,placeholder,1,0.0158311345646438
0.0,0.5,0.0,0.0,0.0,1666,34,True,False,1,0.019887447357177734,{'final_key': 1},False,,key1_placeholder_final_key_0.5,6,final_key,0.5,placeholder,1,0.0158311345646438
0.0,0.5,0.0,0.0,0.0,1666,34,True,True,0,0.018965482711791992,{},False,,key1_placeholder_final_key_0.5,7,final_key,0.5,placeholder,1,0.0158311345646438
0.0,0.5,0.0,0.0,0.0,1666,34,True,True,0,0.01940751075744629,{},False,,key1_placeholder_final_key_0.5,8,final_key,0.5,placeholder,1,0.0158311345646438
0.0,0.5,0.0,0.0,0.0,1666,34,True,True,0,0.019351720809936523,{},False,,key1_placeholder_final_key_0.5,9,final_key,0.5,placeholder,1,0.0158311345646438
0.0,0.5,0.0,0.0,0.0,1666,34,True,False,1,0.019160985946655273,{'final_key': 1},False,,key1_placeholder_final_key_0.5,10,final_key,0.5,placeholder,1,0.0158311345646438
0.0,0.5,0.0,0.0,0.0,1666,34,True,False,1,0.02014946937561035,{'final_key': 1},False,,key1_placeholder_final_key_0.5,11,final_key,0.5,placeholder,1,0.0158311345646438
0.0,0.5,0.0,0.0,0.0,1666,34,True,True,0,0.019062280654907227,{},False,,key1_placeholder_final_key_0.5,12,final_key,0.5,placeholder,1,0.0158311345646438
0.0,0.5,0.0,0.0,0.0,1666,34,True,True,0,0.018633127212524414,{},False,,key1_placeholder_final_key_0.5,13,final_key,0.5,placeholder,1,0.0158311345646438
0.0,0.5,0.0,0.0,0.0,1666,34,True,True,0,0.021082639694213867,{},False,,key1_placeholder_final_key_0.5,14,final_key,0.5,placeholder,1,0.0158311345646438
0.0,0.5,0.0,0.0,0.0,1666,34,True,True,0,0.025744199752807617,{},False,,key1_placeholder_final_key_0.5,15,final_key,0.5,placeholder,1,0.0158311345646438
0.0,0.5,0.0,0.0,0.0,1666,34,True,False,1,0.020286083221435547,{'final_key': 1},False,,key1_placeholder_final_key_0.5,16,final_key,0.5,placeholder,1,0.0158311345646438
0.0,0.5,0.0,0.0,0.0,1666,34,True,False,1,0.019922494888305664,{'final_key': 1},False,,key1_placeholder_final_key_0.5,17,final_key,0.5,placeholder,1,0.0158311345646438
0.0,0.5,0.0,0.0,0.0,1666,34,True,True,0,0.019620895385742188,{},False,,key1_placeholder_final_key_0.5,18,final_key,0.5,placeholder,1,0.0158311345646438
0.0,0.5,0.0,0.0,0.0,1666,34,True,False,1,0.02339649200439453,{'final_key': 1},False,,key1_placeholder_final_key_0.5,19,final_key,0.5,placeholder,1,0.0158311345646438
0.0,0.3,0.0,0.0,0.0,1666,34,True,True,0,0.019939422607421875,{},False,,key1_placeholder_final_key_0.3,0,final_key,0.3,placeholder,1,0.0158311345646438
0.0,0.3,0.0,0.0,0.0,1666,34,True,True,0,0.019391775131225586,{},False,,key1_placeholder_final_key_0.3,1,final_key,0.3,placeholder,1,0.0158311345646438
0.0,0.3,0.0,0.0,0.0,1666,34,True,False,1,0.01893472671508789,{'final_key': 1},False,,key1_placeholder_final_key_0.3,2,final_key,0.3,placeholder,1,0.0158311345646438
0.0,0.3,0.0,0.0,0.0,1666,34,True,True,0,0.02089238166809082,{},False,,key1_placeholder_final_key_0.3,3,final_key,0.3,placeholder,1,0.0158311345646438
0.0,0.3,0.0,0.0,0.0,1666,34,True,True,0,0.019989728927612305,{},False,,key1_placeholder_final_key_0.3,4,final_key,0.3,placeholder,1,0.0158311345646438
0.0,0.3,0.0,0.0,0.0,1666,34,True,True,0,0.02153921127319336,{},False,,key1_placeholder_final_key_0.3,5,final_key,0.3,placeholder,1,0.0158311345646438
0.0,0.3,0.0,0.0,0.0,1666,34,True,False,1,0.01929450035095215,{'final_key': 1},False,,key1_placeholder_final_key_0.3,6,final_key,0.3,placeholder,1,0.0158311345646438
0.0,0.3,0.0,0.0,0.0,1666,34,True,True,0,0.019060850143432617,{},False,,key1_placeholder_final_key_0.3,7,final_key,0.3,placeholder,1,0.0158311345646438
0.0,0.3,0.0,0.0,0.0,1666,34,True,True,0,0.019471168518066406,{},False,,key1_placeholder_final_key_0.3,8,final_key,0.3,placeholder,1,0.0158311345646438
0.0,0.3,0.0,0.0,0.0,1666,34,True,True,0,0.01891636848449707,{},False,,key1_placeholder_final_key_0.3,9,final_key,0.3,placeholder,1,0.0158311345646438
0.0,0.3,0.0,0.0,0.0,1666,34,True,False,1,0.021116971969604492,{'final_key': 1},False,,key1_placeholder_final_key_0.3,10,final_key,0.3,placeholder,1,0.0158311345646438
0.0,0.3,0.0,0.0,0.0,1666,34,True,False,1,0.02097916603088379,{'final_key': 1},False,,key1_placeholder_final_key_0.3,11,final_key,0.3,placeholder,1,0.0158311345646438
0.0,0.3,0.0,0.0,0.0,1666,34,True,True,0,0.033803462982177734,{},False,,key1_placeholder_final_key_0.3,12,final_key,0.3,placeholder,1,0.0158311345646438
0.0,0.3,0.0,0.0,0.0,1666,34,True,True,0,0.021303415298461914,{},False,,key1_placeholder_final_key_0.3,13,final_key,0.3,placeholder,1,0.0158311345646438
0.0,0.3,0.0,0.0,0.0,1666,34,True,True,0,0.019209623336791992,{},False,,key1_placeholder_final_key_0.3,14,final_key,0.3,placeholder,1,0.0158311345646438
0.0,0.3,0.0,0.0,0.0,1666,34,True,True,0,0.02068328857421875,{},False,,key1_placeholder_final_key_0.3,15,final_key,0.3,placeholder,1,0.0158311345646438
0.0,0.3,0.0,0.0,0.0,1666,34,True,False,1,0.018613815307617188,{'final_key': 1},False,,key1_placeholder_final_key_0.3,16,final_key,0.3,placeholder,1,0.0158311345646438
0.0,0.3,0.0,0.0,0.0,1666,34,True,False,1,0.019449949264526367,{'final_key': 1},False,,key1_placeholder_final_key_0.3,17,final_key,0.3,placeholder,1,0.0158311345646438
0.0,0.3,0.0,0.0,0.0,1666,34,True,True,0,0.019632816314697266,{},False,,key1_placeholder_final_key_0.3,18,final_key,0.3,placeholder,1,0.0158311345646438
0.0,0.3,0.0,0.0,0.0,1666,34,True,False,1,0.02032327651977539,{'final_key': 1},False,,key1_placeholder_final_key_0.3,19,final_key,0.3,placeholder,1,0.0158311345646438
0.0,0.1,0.0,0.0,0.0,1666,34,True,True,0,0.018767833709716797,{},False,,key1_placeholder_final_key_0.1,0,final_key,0.1,placeholder,1,0.0158311345646438
0.0,0.1,0.0,0.0,0.0,1666,34,True,True,0,0.019826412200927734,{},False,,key1_placeholder_final_key_0.1,1,final_key,0.1,placeholder,1,0.0158311345646438
0.0,0.1,0.0,0.0,0.0,1666,34,True,False,1,0.020445585250854492,{'final_key': 1},False,,key1_placeholder_final_key_0.1,2,final_key,0.1,placeholder,1,0.0158311345646438
0.0,0.1,0.0,0.0,0.0,1666,34,True,True,0,0.01981210708618164,{},False,,key1_placeholder_final_key_0.1,3,final_key,0.1,placeholder,1,0.0158311345646438
0.0,0.1,0.0,0.0,0.0,1666,34,True,True,0,0.019039392471313477,{},False,,key1_placeholder_final_key_0.1,4,final_key,0.1,placeholder,1,0.0158311345646438
0.0,0.1,0.0,0.0,0.0,1666,34,True,True,0,0.018902301788330078,{},False,,key1_placeholder_final_key_0.1,5,final_key,0.1,placeholder,1,0.0158311345646438
0.0,0.1,0.0,0.0,0.0,1666,34,True,True,0,0.02062225341796875,{},False,,key1_placeholder_final_key_0.1,6,final_key,0.1,placeholder,1,0.0158311345646438
0.0,0.1,0.0,0.0,0.0,1666,34,True,True,0,0.019863128662109375,{},False,,key1_placeholder_final_key_0.1,7,final_key,0.1,placeholder,1,0.0158311345646438
0.0,0.1,0.0,0.0,0.0,1666,34,True,True,0,0.019684314727783203,{},False,,key1_placeholder_final_key_0.1,8,final_key,0.1,placeholder,1,0.0158311345646438
0.0,0.1,0.0,0.0,0.0,1666,34,True,True,0,0.019608259201049805,{},False,,key1_placeholder_final_key_0.1,9,final_key,0.1,placeholder,1,0.0158311345646438
0.0,0.1,0.0,0.0,0.0,1666,34,True,False,1,0.019765615463256836,{'final_key': 1},False,,key1_placeholder_final_key_0.1,10,final_key,0.1,placeholder,1,0.0158311345646438
0.0,0.1,0.0,0.0,0.0,1666,34,True,True,0,0.020582199096679688,{},False,,key1_placeholder_final_key_0.1,11,final_key,0.1,placeholder,1,0.0158311345646438
0.0,0.1,0.0,0.0,0.0,1666,34,True,True,0,0.018997907638549805,{},False,,key1_placeholder_final_key_0.1,12,final_key,0.1,placeholder,1,0.0158311345646438
0.0,0.1,0.0,0.0,0.0,1666,34,True,True,0,0.01944875717163086,{},False,,key1_placeholder_final_key_0.1,13,final_key,0.1,placeholder,1,0.0158311345646438
0.0,0.1,0.0,0.0,0.0,1666,34,True,True,0,0.019597530364990234,{},False,,key1_placeholder_final_key_0.1,14,final_key,0.1,placeholder,1,0.0158311345646438
0.0,0.1,0.0,0.0,0.0,1666,34,True,True,0,0.021291017532348633,{},False,,key1_placeholder_final_key_0.1,15,final_key,0.1,placeholder,1,0.0158311345646438
0.0,0.1,0.0,0.0,0.0,1666,34,True,False,1,0.02158379554748535,{'final_key': 1},False,,key1_placeholder_final_key_0.1,16,final_key,0.1,placeholder,1,0.0158311345646438
0.0,0.1,0.0,0.0,0.0,1666,34,True,True,0,0.020350933074951172,{},False,,key1_placeholder_final_key_0.1,17,final_key,0.1,placeholder,1,0.0158311345646438
0.0,0.1,0.0,0.0,0.0,1666,34,True,True,0,0.018886804580688477,{},False,,key1_placeholder_final_key_0.1,18,final_key,0.1,placeholder,1,0.0158311345646438
0.0,0.1,0.0,0.0,0.0,1666,34,True,True,0,0.020313024520874023,{},False,,key1_placeholder_final_key_0.1,19,final_key,0.1,placeholder,1,0.0158311345646438
0.0,0.05,0.0,0.0,0.0,1666,34,True,True,0,0.019141435623168945,{},False,,key1_placeholder_final_key_0.05,0,final_key,0.05,placeholder,1,0.0158311345646438
0.0,0.05,0.0,0.0,0.0,1666,34,True,True,0,0.019217967987060547,{},False,,key1_placeholder_final_key_0.05,1,final_key,0.05,placeholder,1,0.0158311345646438
0.0,0.05,0.0,0.0,0.0,1666,34,True,False,1,0.019956111907958984,{'final_key': 1},False,,key1_placeholder_final_key_0.05,2,final_key,0.05,placeholder,1,0.0158311345646438
0.0,0.05,0.0,0.0,0.0,1666,34,True,True,0,0.02323317527770996,{},False,,key1_placeholder_final_key_0.05,3,final_key,0.05,placeholder,1,0.0158311345646438
0.0,0.05,0.0,0.0,0.0,1666,34,True,True,0,0.02191948890686035,{},False,,key1_placeholder_final_key_0.05,4,final_key,0.05,placeholder,1,0.0158311345646438
0.0,0.05,0.0,0.0,0.0,1666,34,True,True,0,0.019104480743408203,{},False,,key1_placeholder_final_key_0.05,5,final_key,0.05,placeholder,1,0.0158311345646438
0.0,0.05,0.0,0.0,0.0,1666,34,True,True,0,0.021008014678955078,{},False,,key1_placeholder_final_key_0.05,6,final_key,0.05,placeholder,1,0.0158311345646438
0.0,0.05,0.0,0.0,0.0,1666,34,True,True,0,0.023706912994384766,{},False,,key1_placeholder_final_key_0.05,7,final_key,0.05,placeholder,1,0.0158311345646438
0.0,0.05,0.0,0.0,0.0,1666,34,True,True,0,0.020982980728149414,{},False,,key1_placeholder_final_key_0.05,8,final_key,0.05,placeholder,1,0.0158311345646438
0.0,0.05,0.0,0.0,0.0,1666,34,True,True,0,0.02094721794128418,{},False,,key1_placeholder_final_key_0.05,9,final_key,0.05,placeholder,1,0.0158311345646438
0.0,0.05,0.0,0.0,0.0,1666,34,True,True,0,0.019652366638183594,{},False,,key1_placeholder_final_key_0.05,10,final_key,0.05,placeholder,1,0.0158311345646438
0.0,0.05,0.0,0.0,0.0,1666,34,True,True,0,0.02056288719177246,{},False,,key1_placeholder_final_key_0.05,11,final_key,0.05,placeholder,1,0.0158311345646438
0.0,0.05,0.0,0.0,0.0,1666,34,True,True,0,0.019552230834960938,{},False,,key1_placeholder_final_key_0.05,12,final_key,0.05,placeholder,1,0.0158311345646438
0.0,0.05,0.0,0.0,0.0,1666,34,True,True,0,0.02058720588684082,{},False,,key1_placeholder_final_key_0.05,13,final_key,0.05,placeholder,1,0.0158311345646438
0.0,0.05,0.0,0.0,0.0,1666,34,True,True,0,0.019689083099365234,{},False,,key1_placeholder_final_key_0.05,14,final_key,0.05,placeholder,1,0.0158311345646438
0.0,0.05,0.0,0.0,0.0,1666,34,True,True,0,0.019771099090576172,{},False,,key1_placeholder_final_key_0.05,15,final_key,0.05,placeholder,1,0.0158311345646438
0.0,0.05,0.0,0.0,0.0,1666,34,True,True,0,0.020591020584106445,{},False,,key1_placeholder_final_key_0.05,16,final_key,0.05,placeholder,1,0.0158311345646438
0.0,0.05,0.0,0.0,0.0,1666,34,True,True,0,0.019446611404418945,{},False,,key1_placeholder_final_key_0.05,17,final_key,0.05,placeholder,1,0.0158311345646438
0.0,0.05,0.0,0.0,0.0,1666,34,True,True,0,0.02135491371154785,{},False,,key1_placeholder_final_key_0.05,18,final_key,0.05,placeholder,1,0.0158311345646438
0.0,0.05,0.0,0.0,0.0,1666,34,True,True,0,0.01917099952697754,{},False,,key1_placeholder_final_key_0.05,19,final_key,0.05,placeholder,1,0.0158311345646438
0.0,0.03,0.0,0.0,0.0,1666,34,True,True,0,0.018807172775268555,{},False,,key1_placeholder_final_key_0.03,0,final_key,0.03,placeholder,1,0.0158311345646438
0.0,0.03,0.0,0.0,0.0,1666,34,True,True,0,0.018681764602661133,{},False,,key1_placeholder_final_key_0.03,1,final_key,0.03,placeholder,1,0.0158311345646438
0.0,0.03,0.0,0.0,0.0,1666,34,True,True,0,0.019280195236206055,{},False,,key1_placeholder_final_key_0.03,2,final_key,0.03,placeholder,1,0.0158311345646438
0.0,0.03,0.0,0.0,0.0,1666,34,True,True,0,0.0191650390625,{},False,,key1_placeholder_final_key_0.03,3,final_key,0.03,placeholder,1,0.0158311345646438
0.0,0.03,0.0,0.0,0.0,1666,34,True,True,0,0.018548965454101562,{},False,,key1_placeholder_final_key_0.03,4,final_key,0.03,placeholder,1,0.0158311345646438
0.0,0.03,0.0,0.0,0.0,1666,34,True,True,0,0.019619226455688477,{},False,,key1_placeholder_final_key_0.03,5,final_key,0.03,placeholder,1,0.0158311345646438
0.0,0.03,0.0,0.0,0.0,1666,34,True,True,0,0.01883673667907715,{},False,,key1_placeholder_final_key_0.03,6,final_key,0.03,placeholder,1,0.0158311345646438
0.0,0.03,0.0,0.0,0.0,1666,34,True,True,0,0.021508455276489258,{},False,,key1_placeholder_final_key_0.03,7,final_key,0.03,placeholder,1,0.0158311345646438
0.0,0.03,0.0,0.0,0.0,1666,34,True,True,0,0.019489526748657227,{},False,,key1_placeholder_final_key_0.03,8,final_key,0.03,placeholder,1,0.0158311345646438
0.0,0.03,0.0,0.0,0.0,1666,34,True,True,0,0.0187530517578125,{},False,,key1_placeholder_final_key_0.03,9,final_key,0.03,placeholder,1,0.0158311345646438
0.0,0.03,0.0,0.0,0.0,1666,34,True,True,0,0.02037811279296875,{},False,,key1_placeholder_final_key_0.03,10,final_key,0.03,placeholder,1,0.0158311345646438
0.0,0.03,0.0,0.0,0.0,1666,34,True,True,0,0.019695281982421875,{},False,,key1_placeholder_final_key_0.03,11,final_key,0.03,placeholder,1,0.0158311345646438
0.0,0.03,0.0,0.0,0.0,1666,34,True,True,0,0.01934528350830078,{},False,,key1_placeholder_final_key_0.03,12,final_key,0.03,placeholder,1,0.0158311345646438
0.0,0.03,0.0,0.0,0.0,1666,34,True,True,0,0.02000904083251953,{},False,,key1_placeholder_final_key_0.03,13,final_key,0.03,placeholder,1,0.0158311345646438
0.0,0.03,0.0,0.0,0.0,1666,34,True,True,0,0.019616127014160156,{},False,,key1_placeholder_final_key_0.03,14,final_key,0.03,placeholder,1,0.0158311345646438
0.0,0.03,0.0,0.0,0.0,1666,34,True,True,0,0.019763708114624023,{},False,,key1_placeholder_final_key_0.03,15,final_key,0.03,placeholder,1,0.0158311345646438
0.0,0.03,0.0,0.0,0.0,1666,34,True,True,0,0.01944732666015625,{},False,,key1_placeholder_final_key_0.03,16,final_key,0.03,placeholder,1,0.0158311345646438
0.0,0.03,0.0,0.0,0.0,1666,34,True,True,0,0.01955103874206543,{},False,,key1_placeholder_final_key_0.03,17,final_key,0.03,placeholder,1,0.0158311345646438
0.0,0.03,0.0,0.0,0.0,1666,34,True,True,0,0.020458698272705078,{},False,,key1_placeholder_final_key_0.03,18,final_key,0.03,placeholder,1,0.0158311345646438
0.0,0.03,0.0,0.0,0.0,1666,34,True,True,0,0.021207809448242188,{},False,,key1_placeholder_final_key_0.03,19,final_key,0.03,placeholder,1,0.0158311345646438
0.0,0.01,0.0,0.0,0.0,1666,34,True,True,0,0.019097328186035156,{},False,,key1_placeholder_final_key_0.01,0,final_key,0.01,placeholder,1,0.0158311345646438
0.0,0.01,0.0,0.0,0.0,1666,34,True,True,0,0.019240856170654297,{},False,,key1_placeholder_final_key_0.01,1,final_key,0.01,placeholder,1,0.0158311345646438
0.0,0.01,0.0,0.0,0.0,1666,34,True,True,0,0.019652605056762695,{},False,,key1_placeholder_final_key_0.01,2,final_key,0.01,placeholder,1,0.0158311345646438
0.0,0.01,0.0,0.0,0.0,1666,34,True,True,0,0.0190889835357666,{},False,,key1_placeholder_final_key_0.01,3,final_key,0.01,placeholder,1,0.0158311345646438
0.0,0.01,0.0,0.0,0.0,1666,34,True,True,0,0.019115924835205078,{},False,,key1_placeholder_final_key_0.01,4,final_key,0.01,placeholder,1,0.0158311345646438
0.0,0.01,0.0,0.0,0.0,1666,34,True,True,0,0.018396854400634766,{},False,,key1_placeholder_final_key_0.01,5,final_key,0.01,placeholder,1,0.0158311345646438
0.0,0.01,0.0,0.0,0.0,1666,34,True,True,0,0.019788503646850586,{},False,,key1_placeholder_final_key_0.01,6,final_key,0.01,placeholder,1,0.0158311345646438
0.0,0.01,0.0,0.0,0.0,1666,34,True,True,0,0.020029544830322266,{},False,,key1_placeholder_final_key_0.01,7,final_key,0.01,placeholder,1,0.0158311345646438
0.0,0.01,0.0,0.0,0.0,1666,34,True,True,0,0.01953601837158203,{},False,,key1_placeholder_final_key_0.01,8,final_key,0.01,placeholder,1,0.0158311345646438
0.0,0.01,0.0,0.0,0.0,1666,34,True,True,0,0.020404815673828125,{},False,,key1_placeholder_final_key_0.01,9,final_key,0.01,placeholder,1,0.0158311345646438
0.0,0.01,0.0,0.0,0.0,1666,34,True,True,0,0.018842220306396484,{},False,,key1_placeholder_final_key_0.01,10,final_key,0.01,placeholder,1,0.0158311345646438
0.0,0.01,0.0,0.0,0.0,1666,34,True,True,0,0.02027726173400879,{},False,,key1_placeholder_final_key_0.01,11,final_key,0.01,placeholder,1,0.0158311345646438
0.0,0.01,0.0,0.0,0.0,1666,34,True,True,0,0.020577430725097656,{},False,,key1_placeholder_final_key_0.01,12,final_key,0.01,placeholder,1,0.0158311345646438
0.0,0.01,0.0,0.0,0.0,1666,34,True,True,0,0.02288055419921875,{},False,,key1_placeholder_final_key_0.01,13,final_key,0.01,placeholder,1,0.0158311345646438
0.0,0.01,0.0,0.0,0.0,1666,34,True,True,0,0.0204470157623291,{},False,,key1_placeholder_final_key_0.01,14,final_key,0.01,placeholder,1,0.0158311345646438
0.0,0.01,0.0,0.0,0.0,1666,34,True,True,0,0.02160501480102539,{},False,,key1_placeholder_final_key_0.01,15,final_key,0.01,placeholder,1,0.0158311345646438
0.0,0.01,0.0,0.0,0.0,1666,34,True,True,0,0.018778324127197266,{},False,,key1_placeholder_final_key_0.01,16,final_key,0.01,placeholder,1,0.0158311345646438
0.0,0.01,0.0,0.0,0.0,1666,34,True,True,0,0.018901586532592773,{},False,,key1_placeholder_final_key_0.01,17,final_key,0.01,placeholder,1,0.0158311345646438
0.0,0.01,0.0,0.0,0.0,1666,34,True,True,0,0.02145075798034668,{},False,,key1_placeholder_final_key_0.01,18,final_key,0.01,placeholder,1,0.0158311345646438
0.0,0.01,0.0,0.0,0.0,1666,34,True,True,0,0.020968914031982422,{},False,,key1_placeholder_final_key_0.01,19,final_key,0.01,placeholder,1,0.0158311345646438
0.0,0.003,0.0,0.0,0.0,1666,34,True,True,0,0.01870417594909668,{},False,,key1_placeholder_final_key_0.003,0,final_key,0.003,placeholder,1,0.0158311345646438
0.0,0.003,0.0,0.0,0.0,1666,34,True,True,0,0.020209312438964844,{},False,,key1_placeholder_final_key_0.003,1,final_key,0.003,placeholder,1,0.0158311345646438
0.0,0.003,0.0,0.0,0.0,1666,34,True,True,0,0.019264936447143555,{},False,,key1_placeholder_final_key_0.003,2,final_key,0.003,placeholder,1,0.0158311345646438
0.0,0.003,0.0,0.0,0.0,1666,34,True,True,0,0.020394086837768555,{},False,,key1_placeholder_final_key_0.003,3,final_key,0.003,placeholder,1,0.0158311345646438
0.0,0.003,0.0,0.0,0.0,1666,34,True,True,0,0.018877744674682617,{},False,,key1_placeholder_final_key_0.003,4,final_key,0.003,placeholder,1,0.0158311345646438
0.0,0.003,0.0,0.0,0.0,1666,34,True,True,0,0.019228696823120117,{},False,,key1_placeholder_final_key_0.003,5,final_key,0.003,placeholder,1,0.0158311345646438
0.0,0.003,0.0,0.0,0.0,1666,34,True,True,0,0.01895880699157715,{},False,,key1_placeholder_final_key_0.003,6,final_key,0.003,placeholder,1,0.0158311345646438
0.0,0.003,0.0,0.0,0.0,1666,34,True,True,0,0.019287586212158203,{},False,,key1_placeholder_final_key_0.003,7,final_key,0.003,placeholder,1,0.0158311345646438
0.0,0.003,0.0,0.0,0.0,1666,34,True,True,0,0.019155263900756836,{},False,,key1_placeholder_final_key_0.003,8,final_key,0.003,placeholder,1,0.0158311345646438
0.0,0.003,0.0,0.0,0.0,1666,34,True,True,0,0.019185543060302734,{},False,,key1_placeholder_final_key_0.003,9,final_key,0.003,placeholder,1,0.0158311345646438
0.0,0.003,0.0,0.0,0.0,1666,34,True,True,0,0.021031856536865234,{},False,,key1_placeholder_final_key_0.003,10,final_key,0.003,placeholder,1,0.0158311345646438
0.0,0.003,0.0,0.0,0.0,1666,34,True,True,0,0.020652055740356445,{},False,,key1_placeholder_final_key_0.003,11,final_key,0.003,placeholder,1,0.0158311345646438
0.0,0.003,0.0,0.0,0.0,1666,34,True,True,0,0.01955246925354004,{},False,,key1_placeholder_final_key_0.003,12,final_key,0.003,placeholder,1,0.0158311345646438
0.0,0.003,0.0,0.0,0.0,1666,34,True,True,0,0.019310712814331055,{},False,,key1_placeholder_final_key_0.003,13,final_key,0.003,placeholder,1,0.0158311345646438
0.0,0.003,0.0,0.0,0.0,1666,34,True,True,0,0.018821239471435547,{},False,,key1_placeholder_final_key_0.003,14,final_key,0.003,placeholder,1,0.0158311345646438
0.0,0.003,0.0,0.0,0.0,1666,34,True,True,0,0.018934249877929688,{},False,,key1_placeholder_final_key_0.003,15,final_key,0.003,placeholder,1,0.0158311345646438
0.0,0.003,0.0,0.0,0.0,1666,34,True,True,0,0.018738269805908203,{},False,,key1_placeholder_final_key_0.003,16,final_key,0.003,placeholder,1,0.0158311345646438
0.0,0.003,0.0,0.0,0.0,1666,34,True,True,0,0.019715309143066406,{},False,,key1_placeholder_final_key_0.003,17,final_key,0.003,placeholder,1,0.0158311345646438
0.0,0.003,0.0,0.0,0.0,1666,34,True,True,0,0.019132614135742188,{},False,,key1_placeholder_final_key_0.003,18,final_key,0.003,placeholder,1,0.0158311345646438
0.0,0.003,0.0,0.0,0.0,1666,34,True,True,0,0.019439220428466797,{},False,,key1_placeholder_final_key_0.003,19,final_key,0.003,placeholder,1,0.0158311345646438
0.0,0.001,0.0,0.0,0.0,1666,34,True,True,0,0.018952608108520508,{},False,,key1_placeholder_final_key_0.001,0,final_key,0.001,placeholder,1,0.0158311345646438
0.0,0.001,0.0,0.0,0.0,1666,34,True,True,0,0.020474910736083984,{},False,,key1_placeholder_final_key_0.001,1,final_key,0.001,placeholder,1,0.0158311345646438
0.0,0.001,0.0,0.0,0.0,1666,34,True,True,0,0.019639253616333008,{},False,,key1_placeholder_final_key_0.001,2,final_key,0.001,placeholder,1,0.0158311345646438
0.0,0.001,0.0,0.0,0.0,1666,34,True,True,0,0.01978754997253418,{},False,,key1_placeholder_final_key_0.001,3,final_key,0.001,placeholder,1,0.0158311345646438
0.0,0.001,0.0,0.0,0.0,1666,34,True,True,0,0.019202709197998047,{},False,,key1_placeholder_final_key_0.001,4,final_key,0.001,placeholder,1,0.0158311345646438
0.0,0.001,0.0,0.0,0.0,1666,34,True,True,0,0.018733501434326172,{},False,,key1_placeholder_final_key_0.001,5,final_key,0.001,placeholder,1,0.0158311345646438
0.0,0.001,0.0,0.0,0.0,1666,34,True,True,0,0.01963949203491211,{},False,,key1_placeholder_final_key_0.001,6,final_key,0.001,placeholder,1,0.0158311345646438
0.0,0.001,0.0,0.0,0.0,1666,34,True,True,0,0.0196073055267334,{},False,,key1_placeholder_final_key_0.001,7,final_key,0.001,placeholder,1,0.0158311345646438
0.0,0.001,0.0,0.0,0.0,1666,34,True,True,0,0.01909351348876953,{},False,,key1_placeholder_final_key_0.001,8,final_key,0.001,placeholder,1,0.0158311345646438
0.0,0.001,0.0,0.0,0.0,1666,34,True,True,0,0.018894672393798828,{},False,,key1_placeholder_final_key_0.001,9,final_key,0.001,placeholder,1,0.0158311345646438
0.0,0.001,0.0,0.0,0.0,1666,34,True,True,0,0.018984317779541016,{},False,,key1_placeholder_final_key_0.001,10,final_key,0.001,placeholder,1,0.0158311345646438
0.0,0.001,0.0,0.0,0.0,1666,34,True,True,0,0.01962113380432129,{},False,,key1_placeholder_final_key_0.001,11,final_key,0.001,placeholder,1,0.0158311345646438
0.0,0.001,0.0,0.0,0.0,1666,34,True,True,0,0.020708799362182617,{},False,,key1_placeholder_final_key_0.001,12,final_key,0.001,placeholder,1,0.0158311345646438
0.0,0.001,0.0,0.0,0.0,1666,34,True,True,0,0.019499778747558594,{},False,,key1_placeholder_final_key_0.001,13,final_key,0.001,placeholder,1,0.0158311345646438
0.0,0.001,0.0,0.0,0.0,1666,34,True,True,0,0.01892852783203125,{},False,,key1_placeholder_final_key_0.001,14,final_key,0.001,placeholder,1,0.0158311345646438
0.0,0.001,0.0,0.0,0.0,1666,34,True,True,0,0.019313812255859375,{},False,,key1_placeholder_final_key_0.001,15,final_key,0.001,placeholder,1,0.0158311345646438
0.0,0.001,0.0,0.0,0.0,1666,34,True,True,0,0.01857304573059082,{},False,,key1_placeholder_final_key_0.001,16,final_key,0.001,placeholder,1,0.0158311345646438
0.0,0.001,0.0,0.0,0.0,1666,34,True,True,0,0.0200958251953125,{},False,,key1_placeholder_final_key_0.001,17,final_key,0.001,placeholder,1,0.0158311345646438
0.0,0.001,0.0,0.0,0.0,1666,34,True,True,0,0.018939495086669922,{},False,,key1_placeholder_final_key_0.001,18,final_key,0.001,placeholder,1,0.0158311345646438
0.0,0.001,0.0,0.0,0.0,1666,34,True,True,0,0.021895170211791992,{},False,,key1_placeholder_final_key_0.001,19,final_key,0.001,placeholder,1,0.0158311345646438
0.0,0.0,0.5,0.0,0.005280140803754767,1666,34,False,False,837,0.023076534271240234,{'reconciliation_state': 18},False,,key1_placeholder_reconciliation_0.5,0,reconciliation,0.5,placeholder,1,0.0158311345646438
0.0,0.0,0.5,0.0,0.0035200938691698444,1666,34,False,False,854,0.02190685272216797,{'reconciliation_state': 12},False,,key1_placeholder_reconciliation_0.5,1,reconciliation,0.5,placeholder,1,0.0158311345646438
0.0,0.0,0.5,0.0,0.004400117336462305,1666,34,False,False,838,0.03177380561828613,{'reconciliation_state': 15},False,,key1_placeholder_reconciliation_0.5,2,reconciliation,0.5,placeholder,1,0.0158311345646438
0.0,0.0,0.5,0.0,0.0035200938691698444,1666,34,False,False,833,0.025365591049194336,{'reconciliation_state': 12},False,,key1_placeholder_reconciliation_0.5,3,reconciliation,0.5,placeholder,1,0.0158311345646438
0.0,0.0,0.5,0.0,0.005573481959518921,1666,34,False,False,820,0.024180173873901367,{'reconciliation_state': 18},False,,key1_placeholder_reconciliation_0.5,4,reconciliation,0.5,placeholder,1,0.0158311345646438
0.0,0.0,0.5,0.0,0.004400117336462305,1666,34,False,False,838,0.24190020561218262,{'reconciliation_state': 15},False,,key1_placeholder_reconciliation_0.5,5,reconciliation,0.5,placeholder,1,0.0158311345646438
0.0,0.0,0.5,0.0,0.005573481959518921,1666,34,False,False,825,0.02951359748840332,{'reconciliation_state': 18},False,,key1_placeholder_reconciliation_0.5,6,reconciliation,0.5,placeholder,1,0.0158311345646438
0.0,0.0,0.5,0.0,0.006160164271047228,1666,34,False,False,834,0.026345014572143555,{'reconciliation_state': 19},False,,key1_placeholder_reconciliation_0.5,7,reconciliation,0.5,placeholder,1,0.0158311345646438
0.0,0.0,0.5,0.0,0.005866823115283074,1666,34,False,False,850,0.024038314819335938,{'reconciliation_state': 17},False,,key1_placeholder_reconciliation_0.5,8,reconciliation,0.5,placeholder,1,0.0158311345646438
0.0,0.0,0.5,0.0,0.004106776180698152,1666,34,False,False,815,0.025032758712768555,{'reconciliation_state': 13},False,,key1_placeholder_reconciliation_0.5,9,reconciliation,0.5,placeholder,1,0.0158311345646438
0.0,0.0,0.5,0.0,0.005573481959518921,1666,34,False,False,836,0.0241701602935791,{'reconciliation_state': 19},False,,key1_placeholder_reconciliation_0.5,10,reconciliation,0.5,placeholder,1,0.0158311345646438
0.0,0.0,0.5,0.0,0.005866823115283074,1666,34,False,False,834,0.023267507553100586,{'reconciliation_state': 19},False,,key1_placeholder_reconciliation_0.5,11,reconciliation,0.5,placeholder,1,0.0158311345646438
0.0,0.0,0.5,0.0,0.004400117336462305,1666,34,False,False,828,0.022948503494262695,{'reconciliation_state': 15},False,,key1_placeholder_reconciliation_0.5,12,reconciliation,0.5,placeholder,1,0.0158311345646438
0.0,0.0,0.5,0.0,0.004986799647990613,1666,34,False,False,866,0.024552583694458008,{'reconciliation_state': 16},False,,key1_placeholder_reconciliation_0.5,13,reconciliation,0.5,placeholder,1,0.0158311345646438
0.0,0.0,0.5,0.0,0.0067468465825755355,1666,34,False,False,848,0.023557662963867188,{'reconciliation_state': 22},False,,key1_placeholder_reconciliation_0.5,14,reconciliation,0.5,placeholder,1,0.0158311345646438
0.0,0.0,0.5,0.0,0.005866823115283074,1666,34,False,False,858,0.02394556999206543,{'reconciliation_state': 19},False,,key1_placeholder_reconciliation_0.5,15,reconciliation,0.5,placeholder,1,0.0158311345646438
0.0,0.0,0.5,0.0,0.004986799647990613,1666,34,False,False,829,0.024169206619262695,{'reconciliation_state': 17},False,,key1_placeholder_reconciliation_0.5,16,reconciliation,0.5,placeholder,1,0.0158311345646438
0.0,0.0,0.5,0.0,0.004106776180698152,1666,34,False,False,853,0.024359703063964844,{'reconciliation_state': 14},False,,key1_placeholder_reconciliation_0.5,17,reconciliation,0.5,placeholder,1,0.0158311345646438
0.0,0.0,0.5,0.0,0.004400117336462305,1666,34,False,False,803,0.02405858039855957,{'reconciliation_state': 15},False,,key1_placeholder_reconciliation_0.5,18,reconciliation,0.5,placeholder,1,0.0158311345646438
0.0,0.0,0.5,0.0,0.006160164271047228,1666,34,False,False,864,0.02442145347595215,{'reconciliation_state': 21},False,,key1_placeholder_reconciliation_0.5,19,reconciliation,0.5,placeholder,1,0.0158311345646438
0.0,0.0,0.3,0.0,0.0038134350249339984,1666,34,False,False,832,0.023682594299316406,{'reconciliation_state': 13},False,,key1_placeholder_reconciliation_0.3,0,reconciliation,0.3,placeholder,1,0.0158311345646438
0.0,0.0,0.3,0.0,0.0023467292461132297,1666,34,False,False,882,0.024454593658447266,{'reconciliation_state': 8},False,,key1_placeholder_reconciliation_0.3,1,reconciliation,0.3,placeholder,1,0.0158311345646438
0.0,0.0,0.3,0.0,0.002933411557641537,1666,34,False,False,844,0.02473139762878418,{'reconciliation_state': 10},False,,key1_placeholder_reconciliation_0.3,2,reconciliation,0.3,placeholder,1,0.0158311345646438
0.0,0.0,0.3,0.0,0.002053388090349076,1666,34,False,False,866,0.021660566329956055,{'reconciliation_state': 7},False,,key1_placeholder_reconciliation_0.3,3,reconciliation,0.3,placeholder,1,0.0158311345646438
0.0,0.0,0.3,0.0,0.0026400704018773834,1666,34,False,False,811,0.023641347885131836,{'reconciliation_state': 9},False,,key1_placeholder_reconciliation_0.3,4,reconciliation,0.3,placeholder,1,0.0158311345646438
0.0,0.0,0.3,0.0,0.0032267527134056907,1666,34,False,False,828,0.024275541305541992,{'reconciliation_state': 11},False,,key1_placeholder_reconciliation_0.3,5,reconciliation,0.3,placeholder,1,0.0158311345646438
0.0,0.0,0.3,0.0,0.002933411557641537,1666,34,False,False,834,0.023017168045043945,{'reconciliation_state': 10},False,,key1_placeholder_reconciliation_0.3,6,reconciliation,0.3,placeholder,1,0.0158311345646438
0.0,0.0,0.3,0.0,0.002933411557641537,1666,34,False,False,865,0.02185797691345215,{'reconciliation_state': 10},False,,key1_placeholder_reconciliation_0.3,7,reconciliation,0.3,placeholder,1,0.0158311345646438
0.0,0.0,0.3,0.0,0.002933411557641537,1666,34,False,False,851,0.02383112907409668,{'reconciliation_state': 10},False,,key1_placeholder_reconciliation_0.3,8,reconciliation,0.3,placeholder,1,0.0158311345646438
0.0,0.0,0.3,0.0,0.0023467292461132297,1666,34,False,False,829,0.02364969253540039,{'reconciliation_state': 8},False,,key1_placeholder_reconciliation_0.3,9,reconciliation,0.3,placeholder,1,0.0158311345646438
0.0,0.0,0.3,0.0,0.004693458492226459,1666,34,False,False,848,0.024871826171875,{'reconciliation_state': 13},False,,key1_placeholder_reconciliation_0.3,10,reconciliation,0.3,placeholder,1,0.0158311345646438
0.0,0.0,0.3,0.0,0.0023467292461132297,1666,34,False,False,841,0.02563166618347168,{'reconciliation_state': 8},False,,key1_placeholder_reconciliation_0.3,11,reconciliation,0.3,placeholder,1,0.0158311345646438
0.0,0.0,0.3,0.0,0.0026400704018773834,1666,34,False,False,845,0.021889209747314453,{'reconciliation_state': 9},False,,key1_placeholder_reconciliation_0.3,12,reconciliation,0.3,placeholder,1,0.0158311345646438
0.0,0.0,0.3,0.0,0.0023467292461132297,1666,34,False,False,821,0.023421049118041992,{'reconciliation_state': 8},False,,key1_placeholder_reconciliation_0.3,13,reconciliation,0.3,placeholder,1,0.0158311345646438
0.0,0.0,0.3,0.0,0.004106776180698152,1666,34,False,False,833,0.03214311599731445,{'reconciliation_state': 14},False,,key1_placeholder_reconciliation_0.3,14,reconciliation,0.3,placeholder,1,0.0158311345646438
0.0,0.0,0.3,0.0,0.004693458492226459,1666,34,False,False,828,0.026155948638916016,{'reconciliation_state': 15},False,,key1_placeholder_reconciliation_0.3,15,reconciliation,0.3,placeholder,1,0.0158311345646438
0.0,0.0,0.3,0.0,0.0035200938691698444,1666,34,False,False,809,0.02340078353881836,{'reconciliation_state': 12},False,,key1_placeholder_reconciliation_0.3,16,reconciliation,0.3,placeholder,1,0.0158311345646438
0.0,0.0,0.3,0.0,0.0032267527134056907,1666,34,False,False,825,0.023819684982299805,{'reconciliation_state': 11},False,,key1_placeholder_reconciliation_0.3,17,reconciliation,0.3,placeholder,1,0.0158311345646438
0.0,0.0,0.3,0.0,0.0026400704018773834,1666,34,False,False,857,0.024805068969726562,{'reconciliation_state': 9},False,,key1_placeholder_reconciliation_0.3,18,reconciliation,0.3,placeholder,1,0.0158311345646438
0.0,0.0,0.3,0.0,0.0026400704018773834,1666,34,False,False,825,0.028629541397094727,{'reconciliation_state': 9},False,,key1_placeholder_reconciliation_0.3,19,reconciliation,0.3,placeholder,1,0.0158311345646438
0.0,0.0,0.1,0.0,0.0005866823115283074,1666,34,False,False,837,0.02117753028869629,{'reconciliation_state': 2},False,,key1_placeholder_reconciliation_0.1,0,reconciliation,0.1,placeholder,1,0.0158311345646438
0.0,0.0,0.1,0.0,0.0008800234672924611,1666,34,False,False,860,0.02131795883178711,{'reconciliation_state': 3},False,,key1_placeholder_reconciliation_0.1,1,reconciliation,0.1,placeholder,1,0.0158311345646438
0.0,0.0,0.1,0.0,0.0017600469345849222,1666,34,False,False,840,0.02471923828125,{'reconciliation_state': 6},False,,key1_placeholder_reconciliation_0.1,2,reconciliation,0.1,placeholder,1,0.0158311345646438
0.0,0.0,0.1,0.0,0.0002933411557641537,1666,34,False,False,854,0.020621299743652344,{'reconciliation_state': 1},False,,key1_placeholder_reconciliation_0.1,3,reconciliation,0.1,placeholder,1,0.0158311345646438
0.0,0.0,0.1,0.0,0.0008800234672924611,1666,34,False,False,828,0.020208358764648438,{'reconciliation_state': 3},False,,key1_placeholder_reconciliation_0.1,4,reconciliation,0.1,placeholder,1,0.0158311345646438
0.0,0.0,0.1,0.0,0.0017600469345849222,1666,34,False,False,821,0.0236966609954834,{'reconciliation_state': 6},False,,key1_placeholder_reconciliation_0.1,5,reconciliation,0.1,placeholder,1,0.0158311345646438
0.0,0.0,0.1,0.0,0.0008800234672924611,1666,34,False,False,827,0.021629810333251953,{'reconciliation_state': 3},False,,key1_placeholder_reconciliation_0.1,6,reconciliation,0.1,placeholder,1,0.0158311345646438
0.0,0.0,0.1,0.0,0.0008800234672924611,1666,34,False,False,863,0.02050018310546875,{'reconciliation_state': 3},False,,key1_placeholder_reconciliation_0.1,7,reconciliation,0.1,placeholder,1,0.0158311345646438
0.0,0.0,0.1,0.0,0.0014667057788207685,1666,34,False,False,847,0.021363496780395508,{'reconciliation_state': 5},False,,key1_placeholder_reconciliation_0.1,8,reconciliation,0.1,placeholder,1,0.0158311345646438
0.0,0.0,0.1,0.0,0.0011733646230566149,1666,34,False,False,796,0.023846149444580078,{'reconciliation_state': 4},False,,key1_placeholder_reconciliation_0.1,9,reconciliation,0.1,placeholder,1,0.0158311345646438
0.0,0.0,0.1,0.0,0.0017600469345849222,1666,34,False,False,800,0.02234625816345215,{'reconciliation_state': 6},False,,key1_placeholder_reconciliation_0.1,10,reconciliation,0.1,placeholder,1,0.0158311345646438
0.0,0.0,0.1,0.0,0.0014667057788207685,1666,34,False,False,801,0.024468183517456055,{'reconciliation_state': 5},False,,key1_placeholder_reconciliation_0.1,11,reconciliation,0.1,placeholder,1,0.0158311345646438
0.0,0.0,0.1,0.0,0.0011733646230566149,1666,34,False,False,828,0.02152562141418457,{'reconciliation_state': 4},False,,key1_placeholder_reconciliation_0.1,12,reconciliation,0.1,placeholder,1,0.0158311345646438
0.0,0.0,0.1,0.0,0.0005866823115283074,1666,34,False,False,816,0.020481586456298828,{'reconciliation_state': 2},False,,key1_placeholder_reconciliation_0.1,13,reconciliation,0.1,placeholder,1,0.0158311345646438
0.0,0.0,0.1,0.0,0.0008800234672924611,1666,34,False,False,843,0.01953911781311035,{'reconciliation_state': 3},False,,key1_placeholder_reconciliation_0.1,14,reconciliation,0.1,placeholder,1,0.0158311345646438
0.0,0.0,0.1,0.0,0.0008800234672924611,1666,34,False,False,806,0.020789384841918945,{'reconciliation_state': 3},False,,key1_placeholder_reconciliation_0.1,15,reconciliation,0.1,placeholder,1,0.0158311345646438
0.0,0.0,0.1,0.0,0.0017600469345849222,1666,34,False,False,797,0.021919727325439453,{'reconciliation_state': 6},False,,key1_placeholder_reconciliation_0.1,16,reconciliation,0.1,placeholder,1,0.0158311345646438
0.0,0.0,0.1,0.0,0.0011733646230566149,1666,34,False,False,830,0.02048349380493164,{'reconciliation_state': 4},False,,key1_placeholder_reconciliation_0.1,17,reconciliation,0.1,placeholder,1,0.0158311345646438
0.0,0.0,0.1,0.0,0.0005866823115283074,1666,34,False,False,844,0.019564151763916016,{'reconciliation_state': 2},False,,key1_placeholder_reconciliation_0.1,18,reconciliation,0.1,placeholder,1,0.0158311345646438
0.0,0.0,0.1,0.0,0.0005866823115283074,1666,34,False,False,828,0.02255082130432129,{'reconciliation_state': 2},False,,key1_placeholder_reconciliation_0.1,19,reconciliation,0.1,placeholder,1,0.0158311345646438
0.0,0.0,0.05,0.0,0.0002933411557641537,1666,34,False,False,861,0.02034282684326172,{'reconciliation_state': 1},False,,key1_placeholder_reconciliation_0.05,0,reconciliation,0.05,placeholder,1,0.0158311345646438
0.0,0.0,0.05,0.0,0.0005866823115283074,1666,34,False,False,830,0.021596908569335938,{'reconciliation_state': 2},False,,key1_placeholder_reconciliation_0.05,1,reconciliation,0.05,placeholder,1,0.0158311345646438
0.0,0.0,0.05,0.0,0.0002933411557641537,1666,34,False,False,835,0.02077460289001465,{'reconciliation_state': 1},False,,key1_placeholder_reconciliation_0.05,2,reconciliation,0.05,placeholder,1,0.0158311345646438
0.0,0.0,0.05,0.0,0.0,1666,34,True,True,0,0.01999974250793457,{},False,,key1_placeholder_reconciliation_0.05,3,reconciliation,0.05,placeholder,1,0.0158311345646438
0.0,0.0,0.05,0.0,0.0002933411557641537,1666,34,False,False,849,0.019905805587768555,{'reconciliation_state': 1},False,,key1_placeholder_reconciliation_0.05,4,reconciliation,0.05,placeholder,1,0.0158311345646438
0.0,0.0,0.05,0.0,0.0011733646230566149,1666,34,False,False,865,0.022321462631225586,{'reconciliation_state': 4},False,,key1_placeholder_reconciliation_0.05,5,reconciliation,0.05,placeholder,1,0.0158311345646438
0.0,0.0,0.05,0.0,0.0002933411557641537,1666,34,False,False,821,0.02064967155456543,{'reconciliation_state': 1},False,,key1_placeholder_reconciliation_0.05,6,reconciliation,0.05,placeholder,1,0.0158311345646438
0.0,0.0,0.05,0.0,0.0,1666,34,True,True,0,0.019741535186767578,{},False,,key1_placeholder_reconciliation_0.05,7,reconciliation,0.05,placeholder,1,0.0158311345646438
0.0,0.0,0.05,0.0,0.0005866823115283074,1666,34,False,False,839,0.02096247673034668,{'reconciliation_state': 2},False,,key1_placeholder_reconciliation_0.05,8,reconciliation,0.05,placeholder,1,0.0158311345646438
0.0,0.0,0.05,0.0,0.0005866823115283074,1666,34,False,False,826,0.02229022979736328,{'reconciliation_state': 2},False,,key1_placeholder_reconciliation_0.05,9,reconciliation,0.05,placeholder,1,0.0158311345646438
0.0,0.0,0.05,0.0,0.0008800234672924611,1666,34,False,False,783,0.022925615310668945,{'reconciliation_state': 3},False,,key1_placeholder_reconciliation_0.05,10,reconciliation,0.05,placeholder,1,0.0158311345646438
0.0,0.0,0.05,0.0,0.0005866823115283074,1666,34,False,False,849,0.020991802215576172,{'reconciliation_state': 2},False,,key1_placeholder_reconciliation_0.05,11,reconciliation,0.05,placeholder,1,0.0158311345646438
0.0,0.0,0.05,0.0,0.0005866823115283074,1666,34,False,False,817,0.019234895706176758,{'reconciliation_state': 2},False,,key1_placeholder_reconciliation_0.05,12,reconciliation,0.05,placeholder,1,0.0158311345646438
0.0,0.0,0.05,0.0,0.0,1666,34,True,True,0,0.019579648971557617,{},False,,key1_placeholder_reconciliation_0.05,13,reconciliation,0.05,placeholder,1,0.0158311345646438
0.0,0.0,0.05,0.0,0.0005866823115283074,1666,34,False,False,852,0.02056145668029785,{'reconciliation_state': 2},False,,key1_placeholder_reconciliation_0.05,14,reconciliation,0.05,placeholder,1,0.0158311345646438
0.0,0.0,0.05,0.0,0.0005866823115283074,1666,34,False,False,800,0.020140886306762695,{'reconciliation_state': 2},False,,key1_placeholder_reconciliation_0.05,15,reconciliation,0.05,placeholder,1,0.0158311345646438
0.0,0.0,0.05,0.0,0.0008800234672924611,1666,34,False,False,830,0.02129530906677246,{'reconciliation_state': 3},False,,key1_placeholder_reconciliation_0.05,16,reconciliation,0.05,placeholder,1,0.0158311345646438
0.0,0.0,0.05,0.0,0.0008800234672924611,1666,34,False,False,818,0.021443843841552734,{'reconciliation_state': 3},False,,key1_placeholder_reconciliation_0.05,17,reconciliation,0.05,placeholder,1,0.0158311345646438
0.0,0.0,0.05,0.0,0.0005866823115283074,1666,34,False,False,839,0.019176959991455078,{'reconciliation_state': 2},False,,key1_placeholder_reconciliation_0.05,18,reconciliation,0.05,placeholder,1,0.0158311345646438
0.0,0.0,0.05,0.0,0.0002933411557641537,1666,34,False,False,816,0.022405147552490234,{'reconciliation_state': 1},False,,key1_placeholder_reconciliation_0.05,19,reconciliation,0.05,placeholder,1,0.0158311345646438
0.0,0.0,0.03,0.0,0.0002933411557641537,1666,34,False,False,824,0.02513289451599121,{'reconciliation_state': 1},False,,key1_placeholder_reconciliation_0.03,0,reconciliation,0.03,placeholder,1,0.0158311345646438
0.0,0.0,0.03,0.0,0.0,1666,34,True,True,0,0.019530057907104492,{},False,,key1_placeholder_reconciliation_0.03,1,reconciliation,0.03,placeholder,1,0.0158311345646438
0.0,0.0,0.03,0.0,0.0002933411557641537,1666,34,False,False,840,0.01975727081298828,{'reconciliation_state': 1},False,,key1_placeholder_reconciliation_0.03,2,reconciliation,0.03,placeholder,1,0.0158311345646438
0.0,0.0,0.03,0.0,0.0,1666,34,True,True,0,0.018376827239990234,{},False,,key1_placeholder_reconciliation_0.03,3,reconciliation,0.03,placeholder,1,0.0158311345646438
0.0,0.0,0.03,0.0,0.0002933411557641537,1666,34,False,False,799,0.02207159996032715,{'reconciliation_state': 1},False,,key1_placeholder_reconciliation_0.03,4,reconciliation,0.03,placeholder,1,0.0158311345646438
0.0,0.0,0.03,0.0,0.0005866823115283074,1666,34,False,False,826,0.022689104080200195,{'reconciliation_state': 2},False,,key1_placeholder_reconciliation_0.03,5,reconciliation,0.03,placeholder,1,0.0158311345646438
0.0,0.0,0.03,0.0,0.0002933411557641537,1666,34,False,False,812,0.020915508270263672,{'reconciliation_state': 1},False,,key1_placeholder_reconciliation_0.03,6,reconciliation,0.03,placeholder,1,0.0158311345646438
0.0,0.0,0.03,0.0,0.0,1666,34,True,True,0,0.01853179931640625,{},False,,key1_placeholder_reconciliation_0.03,7,reconciliation,0.03,placeholder,1,0.0158311345646438
0.0,0.0,0.03,0.0,0.0005866823115283074,1666,34,False,False,827,0.02185821533203125,{'reconciliation_state': 2},False,,key1_placeholder_reconciliation_0.03,8,reconciliation,0.03,placeholder,1,0.0158311345646438
0.0,0.0,0.03,0.0,0.0005866823115283074,1666,34,False,False,831,0.021991491317749023,{'reconciliation_state': 2},False,,key1_placeholder_reconciliation_0.03,9,reconciliation,0.03,placeholder,1,0.0158311345646438
0.0,0.0,0.03,0.0,0.0002933411557641537,1666,34,False,False,843,0.0209195613861084,{'reconciliation_state': 1},False,,key1_placeholder_reconciliation_0.03,10,reconciliation,0.03,placeholder,1,0.0158311345646438
0.0,0.0,0.03,0.0,0.0002933411557641537,1666,34,False,False,837,0.020460844039916992,{'reconciliation_state': 1},False,,key1_placeholder_reconciliation_0.03,11,reconciliation,0.03,placeholder,1,0.0158311345646438
0.0,0.0,0.03,0.0,0.0002933411557641537,1666,34,False,False,789,0.020488977432250977,{'reconciliation_state': 1},False,,key1_placeholder_reconciliation_0.03,12,reconciliation,0.03,placeholder,1,0.0158311345646438
0.0,0.0,0.03,0.0,0.0,1666,34,True,True,0,0.01930856704711914,{},False,,key1_placeholder_reconciliation_0.03,13,reconciliation,0.03,placeholder,1,0.0158311345646438
0.0,0.0,0.03,0.0,0.0002933411557641537,1666,34,False,False,822,0.021312236785888672,{'reconciliation_state': 1},False,,key1_placeholder_reconciliation_0.03,14,reconciliation,0.03,placeholder,1,0.0158311345646438
0.0,0.0,0.03,0.0,0.0005866823115283074,1666,34,False,False,846,0.02060532569885254,{'reconciliation_state': 2},False,,key1_placeholder_reconciliation_0.03,15,reconciliation,0.03,placeholder,1,0.0158311345646438
0.0,0.0,0.03,0.0,0.0008800234672924611,1666,34,False,False,808,0.022194862365722656,{'reconciliation_state': 3},False,,key1_placeholder_reconciliation_0.03,16,reconciliation,0.03,placeholder,1,0.0158311345646438
0.0,0.0,0.03,0.0,0.0008800234672924611,1666,34,False,False,841,0.02084207534790039,{'reconciliation_state': 3},False,,key1_placeholder_reconciliation_0.03,17,reconciliation,0.03,placeholder,1,0.0158311345646438
0.0,0.0,0.03,0.0,0.0005866823115283074,1666,34,False,False,819,0.019739627838134766,{'reconciliation_state': 2},False,,key1_placeholder_reconciliation_0.03,18,reconciliation,0.03,placeholder,1,0.0158311345646438
0.0,0.0,0.03,0.0,0.0002933411557641537,1666,34,False,False,837,0.023621320724487305,{'reconciliation_state': 1},False,,key1_placeholder_reconciliation_0.03,19,reconciliation,0.03,placeholder,1,0.0158311345646438
0.0,0.0,0.01,0.0,0.0,1666,34,True,True,0,0.02016282081604004,{},False,,key1_placeholder_reconciliation_0.01,0,reconciliation,0.01,placeholder,1,0.0158311345646438
0.0,0.0,0.01,0.0,0.0,1666,34,True,True,0,0.019050121307373047,{},False,,key1_placeholder_reconciliation_0.01,1,reconciliation,0.01,placeholder,1,0.0158311345646438
0.0,0.0,0.01,0.0,0.0002933411557641537,1666,34,False,False,828,0.01987934112548828,{'reconciliation_state': 1},False,,key1_placeholder_reconciliation_0.01,2,reconciliation,0.01,placeholder,1,0.0158311345646438
0.0,0.0,0.01,0.0,0.0,1666,34,True,True,0,0.020143985748291016,{},False,,key1_placeholder_reconciliation_0.01,3,reconciliation,0.01,placeholder,1,0.0158311345646438
0.0,0.0,0.01,0.0,0.0,1666,34,True,True,0,0.019059181213378906,{},False,,key1_placeholder_reconciliation_0.01,4,reconciliation,0.01,placeholder,1,0.0158311345646438
0.0,0.0,0.01,0.0,0.0,1666,34,True,True,0,0.01881241798400879,{},False,,key1_placeholder_reconciliation_0.01,5,reconciliation,0.01,placeholder,1,0.0158311345646438
0.0,0.0,0.01,0.0,0.0,1666,34,True,True,0,0.019803285598754883,{},False,,key1_placeholder_reconciliation_0.01,6,reconciliation,0.01,placeholder,1,0.0158311345646438
0.0,0.0,0.01,0.0,0.0,1666,34,True,True,0,0.019204378128051758,{},False,,key1_placeholder_reconciliation_0.01,7,reconciliation,0.01,placeholder,1,0.0158311345646438
0.0,0.0,0.01,0.0,0.0002933411557641537,1666,34,False,False,832,0.02055978775024414,{'reconciliation_state': 1},False,,key1_placeholder_reconciliation_0.01,8,reconciliation,0.01,placeholder,1,0.0158311345646438
0.0,0.0,0.01,0.0,0.0,1666,34,True,True,0,0.0200345516204834,{},False,,key1_placeholder_reconciliation_0.01,9,reconciliation,0.01,placeholder,1,0.0158311345646438
0.0,0.0,0.01,0.0,0.0,1666,34,True,True,0,0.021494626998901367,{},False,,key1_placeholder_reconciliation_0.01,10,reconciliation,0.01,placeholder,1,0.0158311345646438
0.0,0.0,0.01,0.0,0.0,1666,34,True,True,0,0.021502971649169922,{},False,,key1_placeholder_reconciliation_0.01,11,reconciliation,0.01,placeholder,1,0.0158311345646438
0.0,0.0,0.01,0.0,0.0,1666,34,True,True,0,0.01936817169189453,{},False,,key1_placeholder_reconciliation_0.01,12,reconciliation,0.01,placeholder,1,0.0158311345646438
0.0,0.0,0.01,0.0,0.0,1666,34,True,True,0,0.02037787437438965,{},False,,key1_placeholder_reconciliation_0.01,13,reconciliation,0.01,placeholder,1,0.0158311345646438
0.0,0.0,0.01,0.0,0.0002933411557641537,1666,34,False,False,801,0.019927501678466797,{'reconciliation_state': 1},False,,key1_placeholder_reconciliation_0.01,14,reconciliation,0.01,placeholder,1,0.0158311345646438
0.0,0.0,0.01,0.0,0.0002933411557641537,1666,34,False,False,833,0.02234053611755371,{'reconciliation_state': 1},False,,key1_placeholder_reconciliation_0.01,15,reconciliation,0.01,placeholder,1,0.0158311345646438
0.0,0.0,0.01,0.0,0.0002933411557641537,1666,34,False,False,803,0.019500732421875,{'reconciliation_state': 1},False,,key1_placeholder_reconciliation_0.01,16,reconciliation,0.01,placeholder,1,0.0158311345646438
0.0,0.0,0.01,0.0,0.0,1666,34,True,True,0,0.0189363956451416,{},False,,key1_placeholder_reconciliation_0.01,17,reconciliation,0.01,placeholder,1,0.0158311345646438
0.0,0.0,0.01,0.0,0.0,1666,34,True,True,0,0.019097089767456055,{},False,,key1_placeholder_reconciliation_0.01,18,reconciliation,0.01,placeholder,1,0.0158311345646438
0.0,0.0,0.01,0.0,0.0,1666,34,True,True,0,0.020501136779785156,{},False,,key1_placeholder_reconciliation_0.01,19,reconciliation,0.01,placeholder,1,0.0158311345646438
0.0,0.0,0.003,0.0,0.0,1666,34,True,True,0,0.0216066837310791,{},False,,key1_placeholder_reconciliation_0.003,0,reconciliation,0.003,placeholder,1,0.0158311345646438
0.0,0.0,0.003,0.0,0.0,1666,34,True,True,0,0.019543886184692383,{},False,,key1_placeholder_reconciliation_0.003,1,reconciliation,0.003,placeholder,1,0.0158311345646438
0.0,0.0,0.003,0.0,0.0,1666,34,True,True,0,0.019533872604370117,{},False,,key1_placeholder_reconciliation_0.003,2,reconciliation,0.003,placeholder,1,0.0158311345646438
0.0,0.0,0.003,0.0,0.0,1666,34,True,True,0,0.01971721649169922,{},False,,key1_placeholder_reconciliation_0.003,3,reconciliation,0.003,placeholder,1,0.0158311345646438
0.0,0.0,0.003,0.0,0.0,1666,34,True,True,0,0.018668174743652344,{},False,,key1_placeholder_reconciliation_0.003,4,reconciliation,0.003,placeholder,1,0.0158311345646438
0.0,0.0,0.003,0.0,0.0,1666,34,True,True,0,0.0192718505859375,{},False,,key1_placeholder_reconciliation_0.003,5,reconciliation,0.003,placeholder,1,0.0158311345646438
0.0,0.0,0.003,0.0,0.0,1666,34,True,True,0,0.01860189437866211,{},False,,key1_placeholder_reconciliation_0.003,6,reconciliation,0.003,placeholder,1,0.0158311345646438
0.0,0.0,0.003,0.0,0.0,1666,34,True,True,0,0.02330613136291504,{},False,,key1_placeholder_reconciliation_0.003,7,reconciliation,0.003,placeholder,1,0.0158311345646438
0.0,0.0,0.003,0.0,0.0,1666,34,True,True,0,0.022096633911132812,{},False,,key1_placeholder_reconciliation_0.003,8,reconciliation,0.003,placeholder,1,0.0158311345646438
0.0,0.0,0.003,0.0,0.0,1666,34,True,True,0,0.02069401741027832,{},False,,key1_placeholder_reconciliation_0.003,9,reconciliation,0.003,placeholder,1,0.0158311345646438
0.0,0.0,0.003,0.0,0.0,1666,34,True,True,0,0.0211942195892334,{},False,,key1_placeholder_reconciliation_0.003,10,reconciliation,0.003,placeholder,1,0.0158311345646438
0.0,0.0,0.003,0.0,0.0,1666,34,True,True,0,0.02066326141357422,{},False,,key1_placeholder_reconciliation_0.003,11,reconciliation,0.003,placeholder,1,0.0158311345646438
0.0,0.0,0.003,0.0,0.0,1666,34,True,True,0,0.019320249557495117,{},False,,key1_placeholder_reconciliation_0.003,12,reconciliation,0.003,placeholder,1,0.0158311345646438
0.0,0.0,0.003,0.0,0.0,1666,34,True,True,0,0.02109813690185547,{},False,,key1_placeholder_reconciliation_0.003,13,reconciliation,0.003,placeholder,1,0.0158311345646438
0.0,0.0,0.003,0.0,0.0,1666,34,True,True,0,0.020218372344970703,{},False,,key1_placeholder_reconciliation_0.003,14,reconciliation,0.003,placeholder,1,0.0158311345646438
0.0,0.0,0.003,0.0,0.0,1666,34,True,True,0,0.019997835159301758,{},False,,key1_placeholder_reconciliation_0.003,15,reconciliation,0.003,placeholder,1,0.0158311345646438
0.0,0.0,0.003,0.0,0.0002933411557641537,1666,34,False,False,871,0.020501375198364258,{'reconciliation_state': 1},False,,key1_placeholder_reconciliation_0.003,16,reconciliation,0.003,placeholder,1,0.0158311345646438
0.0,0.0,0.003,0.0,0.0,1666,34,True,True,0,0.019805908203125,{},False,,key1_placeholder_reconciliation_0.003,17,reconciliation,0.003,placeholder,1,0.0158311345646438
0.0,0.0,0.003,0.0,0.0,1666,34,True,True,0,0.019582271575927734,{},False,,key1_placeholder_reconciliation_0.003,18,reconciliation,0.003,placeholder,1,0.0158311345646438
0.0,0.0,0.003,0.0,0.0,1666,34,True,True,0,0.01895737648010254,{},False,,key1_placeholder_reconciliation_0.003,19,reconciliation,0.003,placeholder,1,0.0158311345646438
0.0,0.0,0.001,0.0,0.0,1666,34,True,True,0,0.021924257278442383,{},False,,key1_placeholder_reconciliation_0.001,0,reconciliation,0.001,placeholder,1,0.0158311345646438
0.0,0.0,0.001,0.0,0.0,1666,34,True,True,0,0.020365238189697266,{},False,,key1_placeholder_reconciliation_0.001,1,reconciliation,0.001,placeholder,1,0.0158311345646438
0.0,0.0,0.001,0.0,0.0,1666,34,True,True,0,0.018961668014526367,{},False,,key1_placeholder_reconciliation_0.001,2,reconciliation,0.001,placeholder,1,0.0158311345646438
0.0,0.0,0.001,0.0,0.0,1666,34,True,True,0,0.02016162872314453,{},False,,key1_placeholder_reconciliation_0.001,3,reconciliation,0.001,placeholder,1,0.0158311345646438
0.0,0.0,0.001,0.0,0.0,1666,34,True,True,0,0.01882338523864746,{},False,,key1_placeholder_reconciliation_0.001,4,reconciliation,0.001,placeholder,1,0.0158311345646438
0.0,0.0,0.001,0.0,0.0,1666,34,True,True,0,0.019673824310302734,{},False,,key1_placeholder_reconciliation_0.001,5,reconciliation,0.001,placeholder,1,0.0158311345646438
0.0,0.0,0.001,0.0,0.0,1666,34,True,True,0,0.01931619644165039,{},False,,key1_placeholder_reconciliation_0.001,6,reconciliation,0.001,placeholder,1,0.0158311345646438
0.0,0.0,0.001,0.0,0.0,1666,34,True,True,0,0.019680500030517578,{},False,,key1_placeholder_reconciliation_0.001,7,reconciliation,0.001,placeholder,1,0.0158311345646438
0.0,0.0,0.001,0.0,0.0,1666,34,True,True,0,0.019308805465698242,{},False,,key1_placeholder_reconciliation_0.001,8,reconciliation,0.001,placeholder,1,0.0158311345646438
0.0,0.0,0.001,0.0,0.0,1666,34,True,True,0,0.019037723541259766,{},False,,key1_placeholder_reconciliation_0.001,9,reconciliation,0.001,placeholder,1,0.0158311345646438
0.0,0.0,0.001,0.0,0.0,1666,34,True,True,0,0.020164966583251953,{},False,,key1_placeholder_reconciliation_0.001,10,reconciliation,0.001,placeholder,1,0.0158311345646438
0.0,0.0,0.001,0.0,0.0,1666,34,True,True,0,0.021464109420776367,{},False,,key1_placeholder_reconciliation_0.001,11,reconciliation,0.001,placeholder,1,0.0158311345646438
0.0,0.0,0.001,0.0,0.0,1666,34,True,True,0,0.01974773406982422,{},False,,key1_placeholder_reconciliation_0.001,12,reconciliation,0.001,placeholder,1,0.0158311345646438
0.0,0.0,0.001,0.0,0.0,1666,34,True,True,0,0.0191800594329834,{},False,,key1_placeholder_reconciliation_0.001,13,reconciliation,0.001,placeholder,1,0.0158311345646438
0.0,0.0,0.001,0.0,0.0,1666,34,True,True,0,0.01863884925842285,{},False,,key1_placeholder_reconciliation_0.001,14,reconciliation,0.001,placeholder,1,0.0158311345646438
0.0,0.0,0.001,0.0,0.0,1666,34,True,True,0,0.020406484603881836,{},False,,key1_placeholder_reconciliation_0.001,15,reconciliation,0.001,placeholder,1,0.0158311345646438
0.0,0.0,0.001,0.0,0.0,1666,34,True,True,0,0.01871514320373535,{},False,,key1_placeholder_reconciliation_0.001,16,reconciliation,0.001,placeholder,1,0.0158311345646438
0.0,0.0,0.001,0.0,0.0,1666,34,True,True,0,0.01937270164489746,{},False,,key1_placeholder_reconciliation_0.001,17,reconciliation,0.001,placeholder,1,0.0158311345646438
0.0,0.0,0.001,0.0,0.0,1666,34,True,True,0,0.019423961639404297,{},False,,key1_placeholder_reconciliation_0.001,18,reconciliation,0.001,placeholder,1,0.0158311345646438
0.0,0.0,0.001,0.0,0.0,1666,34,True,True,0,0.019896745681762695,{},False,,key1_placeholder_reconciliation_0.001,19,reconciliation,0.001,placeholder,1,0.0158311345646438
0.5,0.0,0.0,0.0,0.0,3180,34,True,True,0,0.033582210540771484,{},False,,key2_asymptotic_toeplitz_0.5,0,toeplitz,0.5,asymptotic,2,0.0026737967914438
0.5,0.0,0.0,0.0,0.0,3180,34,True,True,0,0.036515235900878906,{'toeplitz_matrix': 1},False,,key2_asymptotic_toeplitz_0.5,1,toeplitz,0.5,asymptotic,2,0.0026737967914438
0.5,0.0,0.0,0.0,0.0005952380952380953,3180,34,False,False,1536,0.035979270935058594,{},False,,key2_asymptotic_toeplitz_0.5,2,toeplitz,0.5,asymptotic,2,0.0026737967914438
0.5,0.0,0.0,0.0,0.0005952380952380953,3180,34,False,False,1629,0.039911508560180664,{},False,,key2_asymptotic_toeplitz_0.5,3,toeplitz,0.5,asymptotic,2,0.0026737967914438
0.5,0.0,0.0,0.0,0.0,3180,34,True,True,0,0.03907632827758789,{'toeplitz_matrix': 1},False,,key2_asymptotic_toeplitz_0.5,4,toeplitz,0.5,asymptotic,2,0.0026737967914438
0.5,0.0,0.0,0.0,0.0,3180,34,True,True,0,0.028369665145874023,{},False,,key2_asymptotic_toeplitz_0.5,5,toeplitz,0.5,asymptotic,2,0.0026737967914438
0.5,0.0,0.0,0.0,0.0,3180,34,True,True,0,0.03443288803100586,{},False,,key2_asymptotic_toeplitz_0.5,6,toeplitz,0.5,asymptotic,2,0.0026737967914438
0.5,0.0,0.0,0.0,0.0,3180,34,True,False,1,0.03098917007446289,{'toeplitz_matrix': 1},False,,key2_asymptotic_toeplitz_0.5,7,toeplitz,0.5,asymptotic,2,0.0026737967914438
0.5,0.0,0.0,0.0,0.0,3180,34,True,False,1,0.028647184371948242,{'toeplitz_matrix': 1},False,,key2_asymptotic_toeplitz_0.5,8,toeplitz,0.5,asymptotic,2,0.0026737967914438
0.5,0.0,0.0,0.0,0.0,3180,34,True,True,0,0.03380584716796875,{},False,,key2_asymptotic_toeplitz_0.5,9,toeplitz,0.5,asymptotic,2,0.0026737967914438
0.5,0.0,0.0,0.0,0.0,3180,34,True,True,0,0.038839101791381836,{},False,,key2_asymptotic_toeplitz_0.5,10,toeplitz,0.5,asymptotic,2,0.0026737967914438
0.5,0.0,0.0,0.0,0.0,3180,34,True,True,0,0.03407025337219238,{},False,,key2_asymptotic_toeplitz_0.5,11,toeplitz,0.5,asymptotic,2,0.0026737967914438
0.5,0.0,0.0,0.0,0.0,3180,34,True,True,0,0.03664422035217285,{'toeplitz_matrix': 1},False,,key2_asymptotic_toeplitz_0.5,12,toeplitz,0.5,asymptotic,2,0.0026737967914438
0.5,0.0,0.0,0.0,0.0,3180,34,True,True,0,0.03667426109313965,{'toeplitz_matrix': 1},False,,key2_asymptotic_toeplitz_0.5,13,toeplitz,0.5,asymptotic,2,0.0026737967914438
0.5,0.0,0.0,0.0,0.0,3180,34,True,True,0,0.03609466552734375,{'toeplitz_matrix': 1},False,,key2_asymptotic_toeplitz_0.5,14,toeplitz,0.5,asymptotic,2,0.0026737967914438
0.5,0.0,0.0,0.0,0.0,3180,34,True,True,0,0.03768181800842285,{},False,,key2_asymptotic_toeplitz_0.5,15,toeplitz,0.5,asymptotic,2,0.0026737967914438
0.5,0.0,0.0,0.0,0.0,3180,34,True,True,0,0.02852487564086914,{},False,,key2_asymptotic_toeplitz_0.5,16,toeplitz,0.5,asymptotic,2,0.0026737967914438
0.5,0.0,0.0,0.0,0.0,3180,34,True,True,0,0.03480863571166992,{'toeplitz_matrix': 1},False,,key2_asymptotic_toeplitz_0.5,17,toeplitz,0.5,asymptotic,2,0.0026737967914438
0.5,0.0,0.0,0.0,0.0,3180,34,True,True,0,0.029425859451293945,{},False,,key2_asymptotic_toeplitz_0.5,18,toeplitz,0.5,asymptotic,2,0.0026737967914438
0.5,0.0,0.0,0.0,0.0,3180,34,True,True,0,0.03773975372314453,{},False,,key2_asymptotic_toeplitz_0.5,19,toeplitz,0.5,asymptotic,2,0.0026737967914438
0.3,0.0,0.0,0.0,0.0,3180,34,True,True,0,0.03256344795227051,{},False,,key2_asymptotic_toeplitz_0.3,0,toeplitz,0.3,asymptotic,2,0.0026737967914438
0.3,0.0,0.0,0.0,0.0,3180,34,True,True,0,0.03565478324890137,{'toeplitz_matrix': 1},False,,key2_asymptotic_toeplitz_0.3,1,toeplitz,0.3,asymptotic,2,0.0026737967914438
0.3,0.0,0.0,0.0,0.0005952380952380953,3180,34,False,False,1623,0.03216052055358887,{},False,,key2_asymptotic_toeplitz_0.3,2,toeplitz,0.3,asymptotic,2,0.0026737967914438
0.3,0.0,0.0,0.0,0.0005952380952380953,3180,34,False,False,1590,0.034020423889160156,{},False,,key2_asymptotic_toeplitz_0.3,3,toeplitz,0.3,asymptotic,2,0.0026737967914438
0.3,0.0,0.0,0.0,0.0,3180,34,True,True,0,0.03253006935119629,{},False,,key2_asymptotic_toeplitz_0.3,4,toeplitz,0.3,asymptotic,2,0.0026737967914438
0.3,0.0,0.0,0.0,0.0,3180,34,True,True,0,0.02868938446044922,{},False,,key2_asymptotic_toeplitz_0.3,5,toeplitz,0.3,asymptotic,2,0.0026737967914438
0.3,0.0,0.0,0.0,0.0,3180,34,True,True,0,0.034061431884765625,{},False,,key2_asymptotic_toeplitz_0.3,6,toeplitz,0.3,asymptotic,2,0.0026737967914438
0.3,0.0,0.0,0.0,0.0,3180,34,True,True,0,0.028881549835205078,{},False,,key2_asymptotic_toeplitz_0.3,7,toeplitz,0.3,asymptotic,2,0.0026737967914438
0.3,0.0,0.0,0.0,0.0,3180,34,True,True,0,0.029361963272094727,{},False,,key2_asymptotic_toeplitz_0.3,8,toeplitz,0.3,asymptotic,2,0.0026737967914438
0.3,0.0,0.0,0.0,0.0,3180,34,True,True,0,0.03310823440551758,{},False,,key2_asymptotic_toeplitz_0.3,9,toeplitz,0.3,asymptotic,2,0.0026737967914438
0.3,0.0,0.0,0.0,0.0,3180,34,True,True,0,0.0336151123046875,{},False,,key2_asymptotic_toeplitz_0.3,10,toeplitz,0.3,asymptotic,2,0.0026737967914438
0.3,0.0,0.0,0.0,0.0,3180,34,True,True,0,0.03395891189575195,{},False,,key2_asymptotic_toeplitz_0.3,11,toeplitz,0.3,asymptotic,2,0.0026737967914438
0.3,0.0,0.0,0.0,0.0,3180,34,True,True,0,0.03490614891052246,{},False,,key2_asymptotic_toeplitz_0.3,12,toeplitz,0.3,asymptotic,2,0.0026737967914438
0.3,0.0,0.0,0.0,0.0,3180,34,True,True,0,0.03638315200805664,{'toeplitz_matrix': 1},False,,key2_asymptotic_toeplitz_0.3,13,toeplitz,0.3,asymptotic,2,0.0026737967914438
0.3,0.0,0.0,0.0,0.0,3180,34,True,True,0,0.03117823600769043,{'toeplitz_matrix': 1},False,,key2_asymptotic_toeplitz_0.3,14,toeplitz,0.3,asymptotic,2,0.0026737967914438
0.3,0.0,0.0,0.0,0.0,3180,34,True,True,0,0.03244137763977051,{},False,,key2_asymptotic_toeplitz_0.3,15,toeplitz,0.3,asymptotic,2,0.0026737967914438
0.3,0.0,0.0,0.0,0.0,3180,34,True,True,0,0.031046390533447266,{},False,,key2_asymptotic_toeplitz_0.3,16,toeplitz,0.3,asymptotic,2,0.0026737967914438
0.3,0.0,0.0,0.0,0.0,3180,34,True,True,0,0.03471255302429199,{'toeplitz_matrix': 1},False,,key2_asymptotic_toeplitz_0.3,17,toeplitz,0.3,asymptotic,2,0.0026737967914438
0.3,0.0,0.0,0.0,0.0,3180,34,True,True,0,0.02825140953063965,{},False,,key2_asymptotic_toeplitz_0.3,18,toeplitz,0.3,asymptotic,2,0.0026737967914438
0.3,0.0,0.0,0.0,0.0,3180,34,True,True,0,0.04007458686828613,{},False,,key2_asymptotic_toeplitz_0.3,19,toeplitz,0.3,asymptotic,2,0.0026737967914438
0.1,0.0,0.0,0.0,0.0,3180,34,True,True,0,0.0369110107421875,{},False,,key2_asymptotic_toeplitz_0.1,0,toeplitz,0.1,asymptotic,2,0.0026737967914438
0.1,0.0,0.0,0.0,0.0,3180,34,True,True,0,0.03493690490722656,{'toeplitz_matrix': 1},False,,key2_asymptotic_toeplitz_0.1,1,toeplitz,0.1,asymptotic,2,0.0026737967914438
0.1,0.0,0.0,0.0,0.0005952380952380953,3180,34,False,False,1569,0.033490657806396484,{},False,,key2_asymptotic_toeplitz_0.1,2,toeplitz,0.1,asymptotic,2,0.0026737967914438
0.1,0.0,0.0,0.0,0.0005952380952380953,3180,34,False,False,1564,0.036876678466796875,{},False,,key2_asymptotic_toeplitz_0.1,3,toeplitz,0.1,asymptotic,2,0.0026737967914438
0.1,0.0,0.0,0.0,0.0,3180,34,True,True,0,0.03167724609375,{},False,,key2_asymptotic_toeplitz_0.1,4,toeplitz,0.1,asymptotic,2,0.0026737967914438
0.1,0.0,0.0,0.0,0.0,3180,34,True,True,0,0.029672622680664062,{},False,,key2_asymptotic_toeplitz_0.1,5,toeplitz,0.1,asymptotic,2,0.0026737967914438
0.1,0.0,0.0,0.0,0.0,3180,34,True,True,0,0.0355379581451416,{},False,,key2_asymptotic_toeplitz_0.1,6,toeplitz,0.1,asymptotic,2,0.0026737967914438
0.1,0.0,0.0,0.0,0.0,3180,34,True,True,0,0.030747175216674805,{},False,,key2_asymptotic_toeplitz_0.1,7,toeplitz,0.1,asymptotic,2,0.0026737967914438
0.1,0.0,0.0,0.0,0.0,3180,34,True,True,0,0.029314756393432617,{},False,,key2_asymptotic_toeplitz_0.1,8,toeplitz,0.1,asymptotic,2,0.0026737967914438
0.1,0.0,0.0,0.0,0.0,3180,34,True,True,0,0.03492379188537598,{},False,,key2_asymptotic_toeplitz_0.1,9,toeplitz,0.1,asymptotic,2,0.0026737967914438
0.1,0.0,0.0,0.0,0.0,3180,34,True,True,0,0.034410953521728516,{},False,,key2_asymptotic_toeplitz_0.1,10,toeplitz,0.1,asymptotic,2,0.0026737967914438
0.1,0.0,0.0,0.0,0.0,3180,34,True,True,0,0.03670549392700195,{},False,,key2_asymptotic_toeplitz_0.1,11,toeplitz,0.1,asymptotic,2,0.0026737967914438
0.1,0.0,0.0,0.0,0.0,3180,34,True,True,0,0.03725743293762207,{},False,,key2_asymptotic_toeplitz_0.1,12,toeplitz,0.1,asymptotic,2,0.0026737967914438
0.1,0.0,0.0,0.0,0.0,3180,34,True,True,0,0.036437273025512695,{},False,,key2_asymptotic_toeplitz_0.1,13,toeplitz,0.1,asymptotic,2,0.0026737967914438
0.1,0.0,0.0,0.0,0.0,3180,34,True,True,0,0.032735347747802734,{'toeplitz_matrix': 1},False,,key2_asymptotic_toeplitz_0.1,14,toeplitz,0.1,asymptotic,2,0.0026737967914438
0.1,0.0,0.0,0.0,0.0,3180,34,True,True,0,0.032323598861694336,{},False,,key2_asymptotic_toeplitz_0.1,15,toeplitz,0.1,asymptotic,2,0.0026737967914438
0.1,0.0,0.0,0.0,0.0,3180,34,True,True,0,0.02864527702331543,{},False,,key2_asymptotic_toeplitz_0.1,16,toeplitz,0.1,asymptotic,2,0.0026737967914438
0.1,0.0,0.0,0.0,0.0,3180,34,True,True,0,0.033896684646606445,{'toeplitz_matrix': 1},False,,key2_asymptotic_toeplitz_0.1,17,toeplitz,0.1,asymptotic,2,0.0026737967914438
0.1,0.0,0.0,0.0,0.0,3180,34,True,True,0,0.03168129920959473,{},False,,key2_asymptotic_toeplitz_0.1,18,toeplitz,0.1,asymptotic,2,0.0026737967914438
0.1,0.0,0.0,0.0,0.0,3180,34,True,True,0,0.03684186935424805,{},False,,key2_asymptotic_toeplitz_0.1,19,toeplitz,0.1,asymptotic,2,0.0026737967914438
0.05,0.0,0.0,0.0,0.0,3180,34,True,True,0,0.033899784088134766,{},False,,key2_asymptotic_toeplitz_0.05,0,toeplitz,0.05,asymptotic,2,0.0026737967914438
0.05,0.0,0.0,0.0,0.0,3180,34,True,True,0,0.034364938735961914,{'toeplitz_matrix': 1},False,,key2_asymptotic_toeplitz_0.05,1,toeplitz,0.05,asymptotic,2,0.0026737967914438
0.05,0.0,0.0,0.0,0.0005952380952380953,3180,34,False,False,1588,0.0327911376953125,{},False,,key2_asymptotic_toeplitz_0.05,2,toeplitz,0.05,asymptotic,2,0.0026737967914438
0.05,0.0,0.0,0.0,0.0005952380952380953,3180,34,False,False,1637,0.034478187561035156,{},False,,key2_asymptotic_toeplitz_0.05,3,toeplitz,0.05,asymptotic,2,0.0026737967914438
0.05,0.0,0.0,0.0,0.0,3180,34,True,True,0,0.03127455711364746,{},False,,key2_asymptotic_toeplitz_0.05,4,toeplitz,0.05,asymptotic,2,0.0026737967914438
0.05,0.0,0.0,0.0,0.0,3180,34,True,True,0,0.029219388961791992,{},False,,key2_asymptotic_toeplitz_0.05,5,toeplitz,0.05,asymptotic,2,0.0026737967914438
0.05,0.0,0.0,0.0,0.0,3180,34,True,True,0,0.034657955169677734,{},False,,key2_asymptotic_toeplitz_0.05,6,toeplitz,0.05,asymptotic,2,0.0026737967914438
0.05,0.0,0.0,0.0,0.0,3180,34,True,True,0,0.02813863754272461,{},False,,key2_asymptotic_toeplitz_0.05,7,toeplitz,0.05,asymptotic,2,0.0026737967914438
0.05,0.0,0.0,0.0,0.0,3180,34,True,True,0,0.02853250503540039,{},False,,key2_asymptotic_toeplitz_0.05,8,toeplitz,0.05,asymptotic,2,0.0026737967914438
0.05,0.0,0.0,0.0,0.0,3180,34,True,True,0,0.04749798774719238,{},False,,key2_asymptotic_toeplitz_0.05,9,toeplitz,0.05,asymptotic,2,0.0026737967914438
0.05,0.0,0.0,0.0,0.0,3180,34,True,True,0,0.048839569091796875,{},False,,key2_asymptotic_toeplitz_0.05,10,toeplitz,0.05,asymptotic,2,0.0026737967914438
0.05,0.0,0.0,0.0,0.0,3180,34,True,True,0,0.03496193885803223,{},False,,key2_asymptotic_toeplitz_0.05,11,toeplitz,0.05,asymptotic,2,0.0026737967914438
0.05,0.0,0.0,0.0,0.0,3180,34,True,True,0,0.04009866714477539,{},False,,key2_asymptotic_toeplitz_0.05,12,toeplitz,0.05,asymptotic,2,0.0026737967914438
0.05,0.0,0.0,0.0,0.0,3180,34,True,True,0,0.03464102745056152,{},False,,key2_asymptotic_toeplitz_0.05,13,toeplitz,0.05,asymptotic,2,0.0026737967914438
0.05,0.0,0.0,0.0,0.0,3180,34,True,True,0,0.030407190322875977,{},False,,key2_asymptotic_toeplitz_0.05,14,toeplitz,0.05,asymptotic,2,0.0026737967914438
0.05,0.0,0.0,0.0,0.0,3180,34,True,True,0,0.03281688690185547,{},False,,key2_asymptotic_toeplitz_0.05,15,toeplitz,0.05,asymptotic,2,0.0026737967914438
0.05,0.0,0.0,0.0,0.0,3180,34,True,True,0,0.02839350700378418,{},False,,key2_asymptotic_toeplitz_0.05,16,toeplitz,0.05,asymptotic,2,0.0026737967914438
0.05,0.0,0.0,0.0,0.0,3180,34,True,True,0,0.03793525695800781,{},False,,key2_asymptotic_toeplitz_0.05,17,toeplitz,0.05,asymptotic,2,0.0026737967914438
0.05,0.0,0.0,0.0,0.0,3180,34,True,True,0,0.031804561614990234,{},False,,key2_asymptotic_toeplitz_0.05,18,toeplitz,0.05,asymptotic,2,0.0026737967914438
0.05,0.0,0.0,0.0,0.0,3180,34,True,True,0,0.03703141212463379,{},False,,key2_asymptotic_toeplitz_0.05,19,toeplitz,0.05,asymptotic,2,0.0026737967914438
0.03,0.0,0.0,0.0,0.0,3180,34,True,True,0,0.03398394584655762,{},False,,key2_asymptotic_toeplitz_0.03,0,toeplitz,0.03,asymptotic,2,0.0026737967914438
0.03,0.0,0.0,0.0,0.0,3180,34,True,True,0,0.03715324401855469,{},False,,key2_asymptotic_toeplitz_0.03,1,toeplitz,0.03,asymptotic,2,0.0026737967914438
0.03,0.0,0.0,0.0,0.0005952380952380953,3180,34,False,False,1619,0.03274130821228027,{},False,,key2_asymptotic_toeplitz_0.03,2,toeplitz,0.03,asymptotic,2,0.0026737967914438
0.03,0.0,0.0,0.0,0.0005952380952380953,3180,34,False,False,1570,0.03481936454772949,{},False,,key2_asymptotic_toeplitz_0.03,3,toeplitz,0.03,asymptotic,2,0.0026737967914438
0.03,0.0,0.0,0.0,0.0,3180,34,True,True,0,0.03145337104797363,{},False,,key2_asymptotic_toeplitz_0.03,4,toeplitz,0.03,asymptotic,2,0.0026737967914438
0.03,0.0,0.0,0.0,0.0,3180,34,True,True,0,0.028201818466186523,{},False,,key2_asymptotic_toeplitz_0.03,5,toeplitz,0.03,asymptotic,2,0.0026737967914438
0.03,0.0,0.0,0.0,0.0,3180,34,True,True,0,0.0603785514831543,{},False,,key2_asymptotic_toeplitz_0.03,6,toeplitz,0.03,asymptotic,2,0.0026737967914438
0.03,0.0,0.0,0.0,0.0,3180,34,True,True,0,0.033339500427246094,{},False,,key2_asymptotic_toeplitz_0.03,7,toeplitz,0.03,asymptotic,2,0.0026737967914438
0.03,0.0,0.0,0.0,0.0,3180,34,True,True,0,0.028815269470214844,{},False,,key2_asymptotic_toeplitz_0.03,8,toeplitz,0.03,asymptotic,2,0.0026737967914438
0.03,0.0,0.0,0.0,0.0,3180,34,True,True,0,0.03348898887634277,{},False,,key2_asymptotic_toeplitz_0.03,9,toeplitz,0.03,asymptotic,2,0.0026737967914438
0.03,0.0,0.0,0.0,0.0,3180,34,True,True,0,0.03388047218322754,{},False,,key2_asymptotic_toeplitz_0.03,10,toeplitz,0.03,asymptotic,2,0.0026737967914438
0.03,0.0,0.0,0.0,0.0,3180,34,True,True,0,0.03491091728210449,{},False,,key2_asymptotic_toeplitz_0.03,11,toeplitz,0.03,asymptotic,2,0.0026737967914438
0.03,0.0,0.0,0.0,0.0,3180,34,True,True,0,0.03493475914001465,{},False,,key2_asymptotic_toeplitz_0.03,12,toeplitz,0.03,asymptotic,2,0.0026737967914438
0.03,0.0,0.0,0.0,0.0,3180,34,True,True,0,0.03589820861816406,{},False,,key2_asymptotic_toeplitz_0.03,13,toeplitz,0.03,asymptotic,2,0.0026737967914438
0.03,0.0,0.0,0.0,0.0,3180,34,True,True,0,0.031142234802246094,{},False,,key2_asymptotic_toeplitz_0.03,14,toeplitz,0.03,asymptotic,2,0.0026737967914438
0.03,0.0,0.0,0.0,0.0,3180,34,True,True,0,0.03319954872131348,{},False,,key2_asymptotic_toeplitz_0.03,15,toeplitz,0.03,asymptotic,2,0.0026737967914438
0.03,0.0,0.0,0.0,0.0,3180,34,True,True,0,0.02848219871520996,{},False,,key2_asymptotic_toeplitz_0.03,16,toeplitz,0.03,asymptotic,2,0.0026737967914438
0.03,0.0,0.0,0.0,0.0,3180,34,True,True,0,0.038619279861450195,{},False,,key2_asymptotic_toeplitz_0.03,17,toeplitz,0.03,asymptotic,2,0.0026737967914438
0.03,0.0,0.0,0.0,0.0,3180,34,True,True,0,0.03140878677368164,{},False,,key2_asymptotic_toeplitz_0.03,18,toeplitz,0.03,asymptotic,2,0.0026737967914438
0.03,0.0,0.0,0.0,0.0,3180,34,True,True,0,0.035471439361572266,{},False,,key2_asymptotic_toeplitz_0.03,19,toeplitz,0.03,asymptotic,2,0.0026737967914438
0.01,0.0,0.0,0.0,0.0,3180,34,True,True,0,0.034810781478881836,{},False,,key2_asymptotic_toeplitz_0.01,0,toeplitz,0.01,asymptotic,2,0.0026737967914438
0.01,0.0,0.0,0.0,0.0,3180,34,True,True,0,0.04103994369506836,{},False,,key2_asymptotic_toeplitz_0.01,1,toeplitz,0.01,asymptotic,2,0.0026737967914438
0.01,0.0,0.0,0.0,0.0005952380952380953,3180,34,False,False,1546,0.034442901611328125,{},False,,key2_asymptotic_toeplitz_0.01,2,toeplitz,0.01,asymptotic,2,0.0026737967914438
0.01,0.0,0.0,0.0,0.0005952380952380953,3180,34,False,False,1548,0.03477621078491211,{},False,,key2_asymptotic_toeplitz_0.01,3,toeplitz,0.01,asymptotic,2,0.0026737967914438
0.01,0.0,0.0,0.0,0.0,3180,34,True,True,0,0.03213953971862793,{},False,,key2_asymptotic_toeplitz_0.01,4,toeplitz,0.01,asymptotic,2,0.0026737967914438
0.01,0.0,0.0,0.0,0.0,3180,34,True,True,0,0.029350757598876953,{},False,,key2_asymptotic_toeplitz_0.01,5,toeplitz,0.01,asymptotic,2,0.0026737967914438
0.01,0.0,0.0,0.0,0.0,3180,34,True,True,0,0.038785457611083984,{},False,,key2_asymptotic_toeplitz_0.01,6,toeplitz,0.01,asymptotic,2,0.0026737967914438
0.01,0.0,0.0,0.0,0.0,3180,34,True,True,0,0.03185462951660156,{},False,,key2_asymptotic_toeplitz_0.01,7,toeplitz,0.01,asymptotic,2,0.0026737967914438
0.01,0.0,0.0,0.0,0.0,3180,34,True,True,0,0.042053937911987305,{},False,,key2_asymptotic_toeplitz_0.01,8,toeplitz,0.01,asymptotic,2,0.0026737967914438
0.01,0.0,0.0,0.0,0.0,3180,34,True,True,0,0.03395986557006836,{},False,,key2_asymptotic_toeplitz_0.01,9,toeplitz,0.01,asymptotic,2,0.0026737967914438
0.01,0.0,0.0,0.0,0.0,3180,34,True,True,0,0.03420662879943848,{},False,,key2_asymptotic_toeplitz_0.01,10,toeplitz,0.01,asymptotic,2,0.0026737967914438
0.01,0.0,0.0,0.0,0.0,3180,34,True,True,0,0.03574991226196289,{},False,,key2_asymptotic_toeplitz_0.01,11,toeplitz,0.01,asymptotic,2,0.0026737967914438
0.01,0.0,0.0,0.0,0.0,3180,34,True,True,0,0.03575897216796875,{},False,,key2_asymptotic_toeplitz_0.01,12,toeplitz,0.01,asymptotic,2,0.0026737967914438
0.01,0.0,0.0,0.0,0.0,3180,34,True,True,0,0.03455686569213867,{},False,,key2_asymptotic_toeplitz_0.01,13,toeplitz,0.01,asymptotic,2,0.0026737967914438
0.01,0.0,0.0,0.0,0.0,3180,34,True,True,0,0.03153824806213379,{},False,,key2_asymptotic_toeplitz_0.01,14,toeplitz,0.01,asymptotic,2,0.0026737967914438
0.01,0.0,0.0,0.0,0.0,3180,34,True,True,0,0.033133506774902344,{},False,,key2_asymptotic_toeplitz_0.01,15,toeplitz,0.01,asymptotic,2,0.0026737967914438
0.01,0.0,0.0,0.0,0.0,3180,34,True,True,0,0.029495716094970703,{},False,,key2_asymptotic_toeplitz_0.01,16,toeplitz,0.01,asymptotic,2,0.0026737967914438
0.01,0.0,0.0,0.0,0.0,3180,34,True,True,0,0.03519940376281738,{},False,,key2_asymptotic_toeplitz_0.01,17,toeplitz,0.01,asymptotic,2,0.0026737967914438
0.01,0.0,0.0,0.0,0.0,3180,34,True,True,0,0.028250932693481445,{},False,,key2_asymptotic_toeplitz_0.01,18,toeplitz,0.01,asymptotic,2,0.0026737967914438
0.01,0.0,0.0,0.0,0.0,3180,34,True,True,0,0.038625240325927734,{},False,,key2_asymptotic_toeplitz_0.01,19,toeplitz,0.01,asymptotic,2,0.0026737967914438
0.003,0.0,0.0,0.0,0.0,3180,34,True,True,0,0.035127878189086914,{},False,,key2_asymptotic_toeplitz_0.003,0,toeplitz,0.003,asymptotic,2,0.0026737967914438
0.003,0.0,0.0,0.0,0.0,3180,34,True,True,0,0.034307241439819336,{},False,,key2_asymptotic_toeplitz_0.003,1,toeplitz,0.003,asymptotic,2,0.0026737967914438
0.003,0.0,0.0,0.0,0.0005952380952380953,3180,34,False,False,1572,0.03413677215576172,{},False,,key2_asymptotic_toeplitz_0.003,2,toeplitz,0.003,asymptotic,2,0.0026737967914438
0.003,0.0,0.0,0.0,0.0005952380952380953,3180,34,False,False,1553,0.03413081169128418,{},False,,key2_asymptotic_toeplitz_0.003,3,toeplitz,0.003,asymptotic,2,0.0026737967914438
0.003,0.0,0.0,0.0,0.0,3180,34,True,True,0,0.03029632568359375,{},False,,key2_asymptotic_toeplitz_0.003,4,toeplitz,0.003,asymptotic,2,0.0026737967914438
0.003,0.0,0.0,0.0,0.0,3180,34,True,True,0,0.02875804901123047,{},False,,key2_asymptotic_toeplitz_0.003,5,toeplitz,0.003,asymptotic,2,0.0026737967914438
0.003,0.0,0.0,0.0,0.0,3180,34,True,True,0,0.03853416442871094,{},False,,key2_asymptotic_toeplitz_0.003,6,toeplitz,0.003,asymptotic,2,0.0026737967914438
0.003,0.0,0.0,0.0,0.0,3180,34,True,True,0,0.03143954277038574,{},False,,key2_asymptotic_toeplitz_0.003,7,toeplitz,0.003,asymptotic,2,0.0026737967914438
0.003,0.0,0.0,0.0,0.0,3180,34,True,True,0,0.02920365333557129,{},False,,key2_asymptotic_toeplitz_0.003,8,toeplitz,0.003,asymptotic,2,0.0026737967914438
0.003,0.0,0.0,0.0,0.0,3180,34,True,True,0,0.03318309783935547,{},False,,key2_asymptotic_toeplitz_0.003,9,toeplitz,0.003,asymptotic,2,0.0026737967914438
0.003,0.0,0.0,0.0,0.0,3180,34,True,True,0,0.033008575439453125,{},False,,key2_asymptotic_toeplitz_0.003,10,toeplitz,0.003,asymptotic,2,0.0026737967914438
0.003,0.0,0.0,0.0,0.0,3180,34,True,True,0,0.037084341049194336,{},False,,key2_asymptotic_toeplitz_0.003,11,toeplitz,0.003,asymptotic,2,0.0026737967914438
0.003,0.0,0.0,0.0,0.0,3180,34,True,True,0,0.03571271896362305,{},False,,key2_asymptotic_toeplitz_0.003,12,toeplitz,0.003,asymptotic,2,0.0026737967914438
0.003,0.0,0.0,0.0,0.0,3180,34,True,True,0,0.03502535820007324,{},False,,key2_asymptotic_toeplitz_0.003,13,toeplitz,0.003,asymptotic,2,0.0026737967914438
0.003,0.0,0.0,0.0,0.0,3180,34,True,True,0,0.0327913761138916,{},False,,key2_asymptotic_toeplitz_0.003,14,toeplitz,0.003,asymptotic,2,0.0026737967914438
0.003,0.0,0.0,0.0,0.0,3180,34,True,True,0,0.0326995849609375,{},False,,key2_asymptotic_toeplitz_0.003,15,toeplitz,0.003,asymptotic,2,0.0026737967914438
0.003,0.0,0.0,0.0,0.0,3180,34,True,True,0,0.0290982723236084,{},False,,key2_asymptotic_toeplitz_0.003,16,toeplitz,0.003,asymptotic,2,0.0026737967914438
0.003,0.0,0.0,0.0,0.0,3180,34,True,True,0,0.03327178955078125,{},False,,key2_asymptotic_toeplitz_0.003,17,toeplitz,0.003,asymptotic,2,0.0026737967914438
0.003,0.0,0.0,0.0,0.0,3180,34,True,True,0,0.029552459716796875,{},False,,key2_asymptotic_toeplitz_0.003,18,toeplitz,0.003,asymptotic,2,0.0026737967914438
0.003,0.0,0.0,0.0,0.0,3180,34,True,True,0,0.03404736518859863,{},False,,key2_asymptotic_toeplitz_0.003,19,toeplitz,0.003,asymptotic,2,0.0026737967914438
0.001,0.0,0.0,0.0,0.0,3180,34,True,True,0,0.03364086151123047,{},False,,key2_asymptotic_toeplitz_0.001,0,toeplitz,0.001,asymptotic,2,0.0026737967914438
0.001,0.0,0.0,0.0,0.0,3180,34,True,True,0,0.035340309143066406,{},False,,key2_asymptotic_toeplitz_0.001,1,toeplitz,0.001,asymptotic,2,0.0026737967914438
0.001,0.0,0.0,0.0,0.0005952380952380953,3180,34,False,False,1570,0.0325775146484375,{},False,,key2_asymptotic_toeplitz_0.001,2,toeplitz,0.001,asymptotic,2,0.0026737967914438
0.001,0.0,0.0,0.0,0.0005952380952380953,3180,34,False,False,1586,0.035003662109375,{},False,,key2_asymptotic_toeplitz_0.001,3,toeplitz,0.001,asymptotic,2,0.0026737967914438
0.001,0.0,0.0,0.0,0.0,3180,34,True,True,0,0.031612396240234375,{},False,,key2_asymptotic_toeplitz_0.001,4,toeplitz,0.001,asymptotic,2,0.0026737967914438
0.001,0.0,0.0,0.0,0.0,3180,34,True,True,0,0.03279995918273926,{},False,,key2_asymptotic_toeplitz_0.001,5,toeplitz,0.001,asymptotic,2,0.0026737967914438
0.001,0.0,0.0,0.0,0.0,3180,34,True,True,0,0.03639626502990723,{},False,,key2_asymptotic_toeplitz_0.001,6,toeplitz,0.001,asymptotic,2,0.0026737967914438
0.001,0.0,0.0,0.0,0.0,3180,34,True,True,0,0.029612064361572266,{},False,,key2_asymptotic_toeplitz_0.001,7,toeplitz,0.001,asymptotic,2,0.0026737967914438
0.001,0.0,0.0,0.0,0.0,3180,34,True,True,0,0.028521299362182617,{},False,,key2_asymptotic_toeplitz_0.001,8,toeplitz,0.001,asymptotic,2,0.0026737967914438
0.001,0.0,0.0,0.0,0.0,3180,34,True,True,0,0.033858299255371094,{},False,,key2_asymptotic_toeplitz_0.001,9,toeplitz,0.001,asymptotic,2,0.0026737967914438
0.001,0.0,0.0,0.0,0.0,3180,34,True,True,0,0.03366899490356445,{},False,,key2_asymptotic_toeplitz_0.001,10,toeplitz,0.001,asymptotic,2,0.0026737967914438
0.001,0.0,0.0,0.0,0.0,3180,34,True,True,0,0.03449249267578125,{},False,,key2_asymptotic_toeplitz_0.001,11,toeplitz,0.001,asymptotic,2,0.0026737967914438
0.001,0.0,0.0,0.0,0.0,3180,34,True,True,0,0.03455018997192383,{},False,,key2_asymptotic_toeplitz_0.001,12,toeplitz,0.001,asymptotic,2,0.0026737967914438
0.001,0.0,0.0,0.0,0.0,3180,34,True,True,0,0.03728485107421875,{},False,,key2_asymptotic_toeplitz_0.001,13,toeplitz,0.001,asymptotic,2,0.0026737967914438
0.001,0.0,0.0,0.0,0.0,3180,34,True,True,0,0.03029036521911621,{},False,,key2_asymptotic_toeplitz_0.001,14,toeplitz,0.001,asymptotic,2,0.0026737967914438
0.001,0.0,0.0,0.0,0.0,3180,34,True,True,0,0.03206992149353027,{},False,,key2_asymptotic_toeplitz_0.001,15,toeplitz,0.001,asymptotic,2,0.0026737967914438
0.001,0.0,0.0,0.0,0.0,3180,34,True,True,0,0.03518939018249512,{},False,,key2_asymptotic_toeplitz_0.001,16,toeplitz,0.001,asymptotic,2,0.0026737967914438
0.001,0.0,0.0,0.0,0.0,3180,34,True,True,0,0.03717494010925293,{},False,,key2_asymptotic_toeplitz_0.001,17,toeplitz,0.001,asymptotic,2,0.0026737967914438
0.001,0.0,0.0,0.0,0.0,3180,34,True,True,0,0.029221057891845703,{},False,,key2_asymptotic_toeplitz_0.001,18,toeplitz,0.001,asymptotic,2,0.0026737967914438
0.001,0.0,0.0,0.0,0.0,3180,34,True,True,0,0.0382382869720459,{},False,,key2_asymptotic_toeplitz_0.001,19,toeplitz,0.001,asymptotic,2,0.0026737967914438
0.0,0.5,0.0,0.0,0.0,3180,34,True,True,0,0.035652875900268555,{},False,,key2_asymptotic_final_key_0.5,0,final_key,0.5,asymptotic,2,0.0026737967914438
0.0,0.5,0.0,0.0,0.0,3180,34,True,False,1,0.03463625907897949,{'final_key': 1},False,,key2_asymptotic_final_key_0.5,1,final_key,0.5,asymptotic,2,0.0026737967914438
0.0,0.5,0.0,0.0,0.0005952380952380953,3180,34,False,False,1632,0.03346085548400879,{'final_key': 1},False,,key2_asymptotic_final_key_0.5,2,final_key,0.5,asymptotic,2,0.0026737967914438
0.0,0.5,0.0,0.0,0.0005952380952380953,3180,34,False,False,1607,0.033978939056396484,{},False,,key2_asymptotic_final_key_0.5,3,final_key,0.5,asymptotic,2,0.0026737967914438
0.0,0.5,0.0,0.0,0.0,3180,34,True,False,1,0.03244733810424805,{'final_key': 1},False,,key2_asymptotic_final_key_0.5,4,final_key,0.5,asymptotic,2,0.0026737967914438
0.0,0.5,0.0,0.0,0.0,3180,34,True,True,0,0.028458356857299805,{},False,,key2_asymptotic_final_key_0.5,5,final_key,0.5,asymptotic,2,0.0026737967914438
0.0,0.5,0.0,0.0,0.0,3180,34,True,False,1,0.0348818302154541,{'final_key': 1},False,,key2_asymptotic_final_key_0.5,6,final_key,0.5,asymptotic,2,0.0026737967914438
0.0,0.5,0.0,0.0,0.0,3180,34,True,False,1,0.028690338134765625,{'final_key': 1},False,,key2_asymptotic_final_key_0.5,7,final_key,0.5,asymptotic,2,0.0026737967914438
0.0,0.5,0.0,0.0,0.0,3180,34,True,False,1,0.028736591339111328,{'final_key': 1},False,,key2_asymptotic_final_key_0.5,8,final_key,0.5,asymptotic,2,0.0026737967914438
0.0,0.5,0.0,0.0,0.0,3180,34,True,False,1,0.03380560874938965,{'final_key': 1},False,,key2_asymptotic_final_key_0.5,9,final_key,0.5,asymptotic,2,0.0026737967914438
0.0,0.5,0.0,0.0,0.0,3180,34,True,True,0,0.03226137161254883,{},False,,key2_asymptotic_final_key_0.5,10,final_key,0.5,asymptotic,2,0.0026737967914438
0.0,0.5,0.0,0.0,0.0,3180,34,True,True,0,0.03491640090942383,{},False,,key2_asymptotic_final_key_0.5,11,final_key,0.5,asymptotic,2,0.0026737967914438
0.0,0.5,0.0,0.0,0.0,3180,34,True,True,0,0.03325319290161133,{},False,,key2_asymptotic_final_key_0.5,12,final_key,0.5,asymptotic,2,0.0026737967914438
0.0,0.5,0.0,0.0,0.0,3180,34,True,True,0,0.03488755226135254,{},False,,key2_asymptotic_final_key_0.5,13,final_key,0.5,asymptotic,2,0.0026737967914438
0.0,0.5,0.0,0.0,0.0,3180,34,True,False,1,0.031293630599975586,{'final_key': 1},False,,key2_asymptotic_final_key_0.5,14,final_key,0.5,asymptotic,2,0.0026737967914438
0.0,0.5,0.0,0.0,0.0,3180,34,True,True,0,0.033809661865234375,{},False,,key2_asymptotic_final_key_0.5,15,final_key,0.5,asymptotic,2,0.0026737967914438
0.0,0.5,0.0,0.0,0.0,3180,34,True,False,1,0.02816629409790039,{'final_key': 1},False,,key2_asymptotic_final_key_0.5,16,final_key,0.5,asymptotic,2,0.0026737967914438
0.0,0.5,0.0,0.0,0.0,3180,34,True,True,0,0.03434491157531738,{},False,,key2_asymptotic_final_key_0.5,17,final_key,0.5,asymptotic,2,0.0026737967914438
0.0,0.5,0.0,0.0,0.0,3180,34,True,False,1,0.02877521514892578,{'final_key': 1},False,,key2_asymptotic_final_key_0.5,18,final_key,0.5,asymptotic,2,0.0026737967914438
0.0,0.5,0.0,0.0,0.0,3180,34,True,True,0,0.03401470184326172,{},False,,key2_asymptotic_final_key_0.5,19,final_key,0.5,asymptotic,2,0.0026737967914438
0.0,0.3,0.0,0.0,0.0,3180,34,True,True,0,0.03437209129333496,{},False,,key2_asymptotic_final_key_0.3,0,final_key,0.3,asymptotic,2,0.0026737967914438
0.0,0.3,0.0,0.0,0.0,3180,34,True,True,0,0.037041425704956055,{},False,,key2_asymptotic_final_key_0.3,1,final_key,0.3,asymptotic,2,0.0026737967914438
0.0,0.3,0.0,0.0,0.0005952380952380953,3180,34,False,False,1605,0.034174203872680664,{'final_key': 1},False,,key2_asymptotic_final_key_0.3,2,final_key,0.3,asymptotic,2,0.0026737967914438
0.0,0.3,0.0,0.0,0.0005952380952380953,3180,34,False,False,1615,0.03433537483215332,{},False,,key2_asymptotic_final_key_0.3,3,final_key,0.3,asymptotic,2,0.0026737967914438
0.0,0.3,0.0,0.0,0.0,3180,34,True,False,1,0.03149747848510742,{'final_key': 1},False,,key2_asymptotic_final_key_0.3,4,final_key,0.3,asymptotic,2,0.0026737967914438
0.0,0.3,0.0,0.0,0.0,3180,34,True,True,0,0.027374744415283203,{},False,,key2_asymptotic_final_key_0.3,5,final_key,0.3,asymptotic,2,0.0026737967914438
0.0,0.3,0.0,0.0,0.0,3180,34,True,False,1,0.04036712646484375,{'final_key': 1},False,,key2_asymptotic_final_key_0.3,6,final_key,0.3,asymptotic,2,0.0026737967914438
0.0,0.3,0.0,0.0,0.0,3180,34,True,False,1,0.0304110050201416,{'final_key': 1},False,,key2_asymptotic_final_key_0.3,7,final_key,0.3,asymptotic,2,0.0026737967914438
0.0,0.3,0.0,0.0,0.0,3180,34,True,False,1,0.028675556182861328,{'final_key': 1},False,,key2_asymptotic_final_key_0.3,8,final_key,0.3,asymptotic,2,0.0026737967914438
0.0,0.3,0.0,0.0,0.0,3180,34,True,True,0,0.036893367767333984,{},False,,key2_asymptotic_final_key_0.3,9,final_key,0.3,asymptotic,2,0.0026737967914438
0.0,0.3,0.0,0.0,0.0,3180,34,True,True,0,0.03345465660095215,{},False,,key2_asymptotic_final_key_0.3,10,final_key,0.3,asymptotic,2,0.0026737967914438
0.0,0.3,0.0,0.0,0.0,3180,34,True,True,0,0.03676199913024902,{},False,,key2_asymptotic_final_key_0.3,11,final_key,0.3,asymptotic,2,0.0026737967914438
0.0,0.3,0.0,0.0,0.0,3180,34,True,True,0,0.036519765853881836,{},False,,key2_asymptotic_final_key_0.3,12,final_key,0.3,asymptotic,2,0.0026737967914438
0.0,0.3,0.0,0.0,0.0,3180,34,True,True,0,0.03584122657775879,{},False,,key2_asymptotic_final_key_0.3,13,final_key,0.3,asymptotic,2,0.0026737967914438
0.0,0.3,0.0,0.0,0.0,3180,34,True,True,0,0.030601024627685547,{},False,,key2_asymptotic_final_key_0.3,14,final_key,0.3,asymptotic,2,0.0026737967914438
0.0,0.3,0.0,0.0,0.0,3180,34,True,True,0,0.03574848175048828,{},False,,key2_asymptotic_final_key_0.3,15,final_key,0.3,asymptotic,2,0.0026737967914438
0.0,0.3,0.0,0.0,0.0,3180,34,True,False,1,0.027030229568481445,{'final_key': 1},False,,key2_asymptotic_final_key_0.3,16,final_key,0.3,asymptotic,2,0.0026737967914438
0.0,0.3,0.0,0.0,0.0,3180,34,True,True,0,0.03426957130432129,{},False,,key2_asymptotic_final_key_0.3,17,final_key,0.3,asymptotic,2,0.0026737967914438
0.0,0.3,0.0,0.0,0.0,3180,34,True,False,1,0.02864551544189453,{'final_key': 1},False,,key2_asymptotic_final_key_0.3,18,final_key,0.3,asymptotic,2,0.0026737967914438
0.0,0.3,0.0,0.0,0.0,3180,34,True,True,0,0.03643941879272461,{},False,,key2_asymptotic_final_key_0.3,19,final_key,0.3,asymptotic,2,0.0026737967914438
0.0,0.1,0.0,0.0,0.0,3180,34,True,True,0,0.034151315689086914,{},False,,key2_asymptotic_final_key_0.1,0,final_key,0.1,asymptotic,2,0.0026737967914438
0.0,0.1,0.0,0.0,0.0,3180,34,True,True,0,0.03595876693725586,{},False,,key2_asymptotic_final_key_0.1,1,final_key,0.1,asymptotic,2,0.0026737967914438
0.0,0.1,0.0,0.0,0.0005952380952380953,3180,34,False,False,1602,0.03385043144226074,{'final_key': 1},False,,key2_asymptotic_final_key_0.1,2,final_key,0.1,asymptotic,2,0.0026737967914438
0.0,0.1,0.0,0.0,0.0005952380952380953,3180,34,False,False,1627,0.03422355651855469,{},False,,key2_asymptotic_final_key_0.1,3,final_key,0.1,asymptotic,2,0.0026737967914438
0.0,0.1,0.0,0.0,0.0,3180,34,True,False,1,0.03204798698425293,{'final_key': 1},False,,key2_asymptotic_final_key_0.1,4,final_key,0.1,asymptotic,2,0.0026737967914438
0.0,0.1,0.0,0.0,0.0,3180,34,True,True,0,0.028203248977661133,{},False,,key2_asymptotic_final_key_0.1,5,final_key,0.1,asymptotic,2,0.0026737967914438
0.0,0.1,0.0,0.0,0.0,3180,34,True,True,0,0.03576159477233887,{},False,,key2_asymptotic_final_key_0.1,6,final_key,0.1,asymptotic,2,0.0026737967914438
0.0,0.1,0.0,0.0,0.0,3180,34,True,True,0,0.029574871063232422,{},False,,key2_asymptotic_final_key_0.1,7,final_key,0.1,asymptotic,2,0.0026737967914438
0.0,0.1,0.0,0.0,0.0,3180,34,True,True,0,0.03023505210876465,{},False,,key2_asymptotic_final_key_0.1,8,final_key,0.1,asymptotic,2,0.0026737967914438
0.0,0.1,0.0,0.0,0.0,3180,34,True,True,0,0.03337979316711426,{},False,,key2_asymptotic_final_key_0.1,9,final_key,0.1,asymptotic,2,0.0026737967914438
0.0,0.1,0.0,0.0,0.0,3180,34,True,True,0,0.033756256103515625,{},False,,key2_asymptotic_final_key_0.1,10,final_key,0.1,asymptotic,2,0.0026737967914438
0.0,0.1,0.0,0.0,0.0,3180,34,True,True,0,0.03526139259338379,{},False,,key2_asymptotic_final_key_0.1,11,final_key,0.1,asymptotic,2,0.0026737967914438
0.0,0.1,0.0,0.0,0.0,3180,34,True,True,0,0.03567171096801758,{},False,,key2_asymptotic_final_key_0.1,12,final_key,0.1,asymptotic,2,0.0026737967914438
0.0,0.1,0.0,0.0,0.0,3180,34,True,True,0,0.03586459159851074,{},False,,key2_asymptotic_final_key_0.1,13,final_key,0.1,asymptotic,2,0.0026737967914438
0.0,0.1,0.0,0.0,0.0,3180,34,True,True,0,0.03158116340637207,{},False,,key2_asymptotic_final_key_0.1,14,final_key,0.1,asymptotic,2,0.0026737967914438
0.0,0.1,0.0,0.0,0.0,3180,34,True,True,0,0.033944129943847656,{},False,,key2_asymptotic_final_key_0.1,15,final_key,0.1,asymptotic,2,0.0026737967914438
0.0,0.1,0.0,0.0,0.0,3180,34,True,False,1,0.03250265121459961,{'final_key': 1},False,,key2_asymptotic_final_key_0.1,16,final_key,0.1,asymptotic,2,0.0026737967914438
0.0,0.1,0.0,0.0,0.0,3180,34,True,True,0,0.03545236587524414,{},False,,key2_asymptotic_final_key_0.1,17,final_key,0.1,asymptotic,2,0.0026737967914438
0.0,0.1,0.0,0.0,0.0,3180,34,True,False,1,0.029701709747314453,{'final_key': 1},False,,key2_asymptotic_final_key_0.1,18,final_key,0.1,asymptotic,2,0.0026737967914438
0.0,0.1,0.0,0.0,0.0,3180,34,True,True,0,0.03699803352355957,{},False,,key2_asymptotic_final_key_0.1,19,final_key,0.1,asymptotic,2,0.0026737967914438
0.0,0.05,0.0,0.0,0.0,3180,34,True,True,0,0.03329014778137207,{},False,,key2_asymptotic_final_key_0.05,0,final_key,0.05,asymptotic,2,0.0026737967914438
0.0,0.05,0.0,0.0,0.0,3180,34,True,True,0,0.0369114875793457,{},False,,key2_asymptotic_final_key_0.05,1,final_key,0.05,asymptotic,2,0.0026737967914438
0.0,0.05,0.0,0.0,0.0005952380952380953,3180,34,False,False,1560,0.03430938720703125,{'final_key': 1},False,,key2_asymptotic_final_key_0.05,2,final_key,0.05,asymptotic,2,0.0026737967914438
0.0,0.05,0.0,0.0,0.0005952380952380953,3180,34,False,False,1625,0.034149885177612305,{},False,,key2_asymptotic_final_key_0.05,3,final_key,0.05,asymptotic,2,0.0026737967914438
0.0,0.05,0.0,0.0,0.0,3180,34,True,True,0,0.03146100044250488,{},False,,key2_asymptotic_final_key_0.05,4,final_key,0.05,asymptotic,2,0.0026737967914438
0.0,0.05,0.0,0.0,0.0,3180,34,True,True,0,0.029205322265625,{},False,,key2_asymptotic_final_key_0.05,5,final_key,0.05,asymptotic,2,0.0026737967914438
0.0,0.05,0.0,0.0,0.0,3180,34,True,True,0,0.038857460021972656,{},False,,key2_asymptotic_final_key_0.05,6,final_key,0.05,asymptotic,2,0.0026737967914438
0.0,0.05,0.0,0.0,0.0,3180,34,True,True,0,0.02819037437438965,{},False,,key2_asymptotic_final_key_0.05,7,final_key,0.05,asymptotic,2,0.0026737967914438
0.0,0.05,0.0,0.0,0.0,3180,34,True,True,0,0.029349803924560547,{},False,,key2_asymptotic_final_key_0.05,8,final_key,0.05,asymptotic,2,0.0026737967914438
0.0,0.05,0.0,0.0,0.0,3180,34,True,True,0,0.03372478485107422,{},False,,key2_asymptotic_final_key_0.05,9,final_key,0.05,asymptotic,2,0.0026737967914438
0.0,0.05,0.0,0.0,0.0,3180,34,True,True,0,0.03455209732055664,{},False,,key2_asymptotic_final_key_0.05,10,final_key,0.05,asymptotic,2,0.0026737967914438
0.0,0.05,0.0,0.0,0.0,3180,34,True,True,0,0.0348658561706543,{},False,,key2_asymptotic_final_key_0.05,11,final_key,0.05,asymptotic,2,0.0026737967914438
0.0,0.05,0.0,0.0,0.0,3180,34,True,True,0,0.03421616554260254,{},False,,key2_asymptotic_final_key_0.05,12,final_key,0.05,asymptotic,2,0.0026737967914438
0.0,0.05,0.0,0.0,0.0,3180,34,True,True,0,0.038970947265625,{},False,,key2_asymptotic_final_key_0.05,13,final_key,0.05,asymptotic,2,0.0026737967914438
0.0,0.05,0.0,0.0,0.0,3180,34,True,True,0,0.03157448768615723,{},False,,key2_asymptotic_final_key_0.05,14,final_key,0.05,asymptotic,2,0.0026737967914438
0.0,0.05,0.0,0.0,0.0,3180,34,True,True,0,0.03348970413208008,{},False,,key2_asymptotic_final_key_0.05,15,final_key,0.05,asymptotic,2,0.0026737967914438
0.0,0.05,0.0,0.0,0.0,3180,34,True,False,1,0.02938365936279297,{'final_key': 1},False,,key2_asymptotic_final_key_0.05,16,final_key,0.05,asymptotic,2,0.0026737967914438
0.0,0.05,0.0,0.0,0.0,3180,34,True,True,0,0.03583073616027832,{},False,,key2_asymptotic_final_key_0.05,17,final_key,0.05,asymptotic,2,0.0026737967914438
0.0,0.05,0.0,0.0,0.0,3180,34,True,True,0,0.02933502197265625,{},False,,key2_asymptotic_final_key_0.05,18,final_key,0.05,asymptotic,2,0.0026737967914438
0.0,0.05,0.0,0.0,0.0,3180,34,True,True,0,0.036153316497802734,{},False,,key2_asymptotic_final_key_0.05,19,final_key,0.05,asymptotic,2,0.0026737967914438
0.0,0.03,0.0,0.0,0.0,3180,34,True,True,0,0.03947281837463379,{},False,,key2_asymptotic_final_key_0.03,0,final_key,0.03,asymptotic,2,0.0026737967914438
0.0,0.03,0.0,0.0,0.0,3180,34,True,True,0,0.034951210021972656,{},False,,key2_asymptotic_final_key_0.03,1,final_key,0.03,asymptotic,2,0.0026737967914438
0.0,0.03,0.0,0.0,0.0005952380952380953,3180,34,False,False,1610,0.03298163414001465,{},False,,key2_asymptotic_final_key_0.03,2,final_key,0.03,asymptotic,2,0.0026737967914438
0.0,0.03,0.0,0.0,0.0005952380952380953,3180,34,False,False,1654,0.033128976821899414,{},False,,key2_asymptotic_final_key_0.03,3,final_key,0.03,asymptotic,2,0.0026737967914438
0.0,0.03,0.0,0.0,0.0,3180,34,True,True,0,0.03204011917114258,{},False,,key2_asymptotic_final_key_0.03,4,final_key,0.03,asymptotic,2,0.0026737967914438
0.0,0.03,0.0,0.0,0.0,3180,34,True,True,0,0.02902841567993164,{},False,,key2_asymptotic_final_key_0.03,5,final_key,0.03,asymptotic,2,0.0026737967914438
0.0,0.03,0.0,0.0,0.0,3180,34,True,True,0,0.036231040954589844,{},False,,key2_asymptotic_final_key_0.03,6,final_key,0.03,asymptotic,2,0.0026737967914438
0.0,0.03,0.0,0.0,0.0,3180,34,True,True,0,0.028845787048339844,{},False,,key2_asymptotic_final_key_0.03,7,final_key,0.03,asymptotic,2,0.0026737967914438
0.0,0.03,0.0,0.0,0.0,3180,34,True,True,0,0.029848575592041016,{},False,,key2_asymptotic_final_key_0.03,8,final_key,0.03,asymptotic,2,0.0026737967914438
0.0,0.03,0.0,0.0,0.0,3180,34,True,True,0,0.03348875045776367,{},False,,key2_asymptotic_final_key_0.03,9,final_key,0.03,asymptotic,2,0.0026737967914438
0.0,0.03,0.0,0.0,0.0,3180,34,True,True,0,0.037353515625,{},False,,key2_asymptotic_final_key_0.03,10,final_key,0.03,asymptotic,2,0.0026737967914438
0.0,0.03,0.0,0.0,0.0,3180,34,True,True,0,0.03480195999145508,{},False,,key2_asymptotic_final_key_0.03,11,final_key,0.03,asymptotic,2,0.0026737967914438
0.0,0.03,0.0,0.0,0.0,3180,34,True,True,0,0.0353238582611084,{},False,,key2_asymptotic_final_key_0.03,12,final_key,0.03,asymptotic,2,0.0026737967914438
0.0,0.03,0.0,0.0,0.0,3180,34,True,True,0,0.0368654727935791,{},False,,key2_asymptotic_final_key_0.03,13,final_key,0.03,asymptotic,2,0.0026737967914438
0.0,0.03,0.0,0.0,0.0,3180,34,True,True,0,0.03218483924865723,{},False,,key2_asymptotic_final_key_0.03,14,final_key,0.03,asymptotic,2,0.0026737967914438
0.0,0.03,0.0,0.0,0.0,3180,34,True,True,0,0.03525090217590332,{},False,,key2_asymptotic_final_key_0.03,15,final_key,0.03,asymptotic,2,0.0026737967914438
0.0,0.03,0.0,0.0,0.0,3180,34,True,True,0,0.02786707878112793,{},False,,key2_asymptotic_final_key_0.03,16,final_key,0.03,asymptotic,2,0.0026737967914438
0.0,0.03,0.0,0.0,0.0,3180,34,True,True,0,0.03445768356323242,{},False,,key2_asymptotic_final_key_0.03,17,final_key,0.03,asymptotic,2,0.0026737967914438
0.0,0.03,0.0,0.0,0.0,3180,34,True,True,0,0.02847743034362793,{},False,,key2_asymptotic_final_key_0.03,18,final_key,0.03,asymptotic,2,0.0026737967914438
0.0,0.03,0.0,0.0,0.0,3180,34,True,True,0,0.034891366958618164,{},False,,key2_asymptotic_final_key_0.03,19,final_key,0.03,asymptotic,2,0.0026737967914438
0.0,0.01,0.0,0.0,0.0,3180,34,True,True,0,0.03467106819152832,{},False,,key2_asymptotic_final_key_0.01,0,final_key,0.01,asymptotic,2,0.0026737967914438
0.0,0.01,0.0,0.0,0.0,3180,34,True,True,0,0.034906625747680664,{},False,,key2_asymptotic_final_key_0.01,1,final_key,0.01,asymptotic,2,0.0026737967914438
0.0,0.01,0.0,0.0,0.0005952380952380953,3180,34,False,False,1605,0.0328364372253418,{},False,,key2_asymptotic_final_key_0.01,2,final_key,0.01,asymptotic,2,0.0026737967914438
0.0,0.01,0.0,0.0,0.0005952380952380953,3180,34,False,False,1556,0.03407025337219238,{},False,,key2_asymptotic_final_key_0.01,3,final_key,0.01,asymptotic,2,0.0026737967914438
0.0,0.01,0.0,0.0,0.0,3180,34,True,True,0,0.03168845176696777,{},False,,key2_asymptotic_final_key_0.01,4,final_key,0.01,asymptotic,2,0.0026737967914438
0.0,0.01,0.0,0.0,0.0,3180,34,True,True,0,0.02793574333190918,{},False,,key2_asymptotic_final_key_0.01,5,final_key,0.01,asymptotic,2,0.0026737967914438
0.0,0.01,0.0,0.0,0.0,3180,34,True,True,0,0.03460121154785156,{},False,,key2_asymptotic_final_key_0.01,6,final_key,0.01,asymptotic,2,0.0026737967914438
0.0,0.01,0.0,0.0,0.0,3180,34,True,True,0,0.030768156051635742,{},False,,key2_asymptotic_final_key_0.01,7,final_key,0.01,asymptotic,2,0.0026737967914438
0.0,0.01,0.0,0.0,0.0,3180,34,True,True,0,0.030433177947998047,{},False,,key2_asymptotic_final_key_0.01,8,final_key,0.01,asymptotic,2,0.0026737967914438
0.0,0.01,0.0,0.0,0.0,3180,34,True,True,0,0.03337359428405762,{},False,,key2_asymptotic_final_key_0.01,9,final_key,0.01,asymptotic,2,0.0026737967914438
0.0,0.01,0.0,0.0,0.0,3180,34,True,True,0,0.035665273666381836,{},False,,key2_asymptotic_final_key_0.01,10,final_key,0.01,asymptotic,2,0.0026737967914438
0.0,0.01,0.0,0.0,0.0,3180,34,True,True,0,0.034088134765625,{},False,,key2_asymptotic_final_key_0.01,11,final_key,0.01,asymptotic,2,0.0026737967914438
0.0,0.01,0.0,0.0,0.0,3180,34,True,True,0,0.03466987609863281,{},False,,key2_asymptotic_final_key_0.01,12,final_key,0.01,asymptotic,2,0.0026737967914438
0.0,0.01,0.0,0.0,0.0,3180,34,True,True,0,0.03722047805786133,{},False,,key2_asymptotic_final_key_0.01,13,final_key,0.01,asymptotic,2,0.0026737967914438
0.0,0.01,0.0,0.0,0.0,3180,34,True,True,0,0.030294418334960938,{},False,,key2_asymptotic_final_key_0.01,14,final_key,0.01,asymptotic,2,0.0026737967914438
0.0,0.01,0.0,0.0,0.0,3180,34,True,True,0,0.03645014762878418,{},False,,key2_asymptotic_final_key_0.01,15,final_key,0.01,asymptotic,2,0.0026737967914438
0.0,0.01,0.0,0.0,0.0,3180,34,True,True,0,0.03540205955505371,{},False,,key2_asymptotic_final_key_0.01,16,final_key,0.01,asymptotic,2,0.0026737967914438
0.0,0.01,0.0,0.0,0.0,3180,34,True,True,0,0.037370920181274414,{},False,,key2_asymptotic_final_key_0.01,17,final_key,0.01,asymptotic,2,0.0026737967914438
0.0,0.01,0.0,0.0,0.0,3180,34,True,True,0,0.027788639068603516,{},False,,key2_asymptotic_final_key_0.01,18,final_key,0.01,asymptotic,2,0.0026737967914438
0.0,0.01,0.0,0.0,0.0,3180,34,True,True,0,0.03853297233581543,{},False,,key2_asymptotic_final_key_0.01,19,final_key,0.01,asymptotic,2,0.0026737967914438
0.0,0.003,0.0,0.0,0.0,3180,34,True,True,0,0.034940242767333984,{},False,,key2_asymptotic_final_key_0.003,0,final_key,0.003,asymptotic,2,0.0026737967914438
0.0,0.003,0.0,0.0,0.0,3180,34,True,True,0,0.035581111907958984,{},False,,key2_asymptotic_final_key_0.003,1,final_key,0.003,asymptotic,2,0.0026737967914438
0.0,0.003,0.0,0.0,0.0005952380952380953,3180,34,False,False,1616,0.03336620330810547,{},False,,key2_asymptotic_final_key_0.003,2,final_key,0.003,asymptotic,2,0.0026737967914438
0.0,0.003,0.0,0.0,0.0005952380952380953,3180,34,False,False,1555,0.03488421440124512,{},False,,key2_asymptotic_final_key_0.003,3,final_key,0.003,asymptotic,2,0.0026737967914438
0.0,0.003,0.0,0.0,0.0,3180,34,True,True,0,0.0324549674987793,{},False,,key2_asymptotic_final_key_0.003,4,final_key,0.003,asymptotic,2,0.0026737967914438
0.0,0.003,0.0,0.0,0.0,3180,34,True,True,0,0.028893470764160156,{},False,,key2_asymptotic_final_key_0.003,5,final_key,0.003,asymptotic,2,0.0026737967914438
0.0,0.003,0.0,0.0,0.0,3180,34,True,True,0,0.03450465202331543,{},False,,key2_asymptotic_final_key_0.003,6,final_key,0.003,asymptotic,2,0.0026737967914438
0.0,0.003,0.0,0.0,0.0,3180,34,True,True,0,0.028206825256347656,{},False,,key2_asymptotic_final_key_0.003,7,final_key,0.003,asymptotic,2,0.0026737967914438
0.0,0.003,0.0,0.0,0.0,3180,34,True,True,0,0.029485225677490234,{},False,,key2_asymptotic_final_key_0.003,8,final_key,0.003,asymptotic,2,0.0026737967914438
0.0,0.003,0.0,0.0,0.0,3180,34,True,True,0,0.034603118896484375,{},False,,key2_asymptotic_final_key_0.003,9,final_key,0.003,asymptotic,2,0.0026737967914438
0.0,0.003,0.0,0.0,0.0,3180,34,True,True,0,0.03363966941833496,{},False,,key2_asymptotic_final_key_0.003,10,final_key,0.003,asymptotic,2,0.0026737967914438
0.0,0.003,0.0,0.0,0.0,3180,34,True,True,0,0.0343174934387207,{},False,,key2_asymptotic_final_key_0.003,11,final_key,0.003,asymptotic,2,0.0026737967914438
0.0,0.003,0.0,0.0,0.0,3180,34,True,True,0,0.03509998321533203,{},False,,key2_asymptotic_final_key_0.003,12,final_key,0.003,asymptotic,2,0.0026737967914438
0.0,0.003,0.0,0.0,0.0,3180,34,True,True,0,0.035178184509277344,{},False,,key2_asymptotic_final_key_0.003,13,final_key,0.003,asymptotic,2,0.0026737967914438
0.0,0.003,0.0,0.0,0.0,3180,34,True,True,0,0.03224468231201172,{},False,,key2_asymptotic_final_key_0.003,14,final_key,0.003,asymptotic,2,0.0026737967914438
0.0,0.003,0.0,0.0,0.0,3180,34,True,True,0,0.03448963165283203,{},False,,key2_asymptotic_final_key_0.003,15,final_key,0.003,asymptotic,2,0.0026737967914438
0.0,0.003,0.0,0.0,0.0,3180,34,True,True,0,0.028607845306396484,{},False,,key2_asymptotic_final_key_0.003,16,final_key,0.003,asymptotic,2,0.0026737967914438
0.0,0.003,0.0,0.0,0.0,3180,34,True,True,0,0.037245988845825195,{},False,,key2_asymptotic_final_key_0.003,17,final_key,0.003,asymptotic,2,0.0026737967914438
0.0,0.003,0.0,0.0,0.0,3180,34,True,True,0,0.02982497215270996,{},False,,key2_asymptotic_final_key_0.003,18,final_key,0.003,asymptotic,2,0.0026737967914438
0.0,0.003,0.0,0.0,0.0,3180,34,True,True,0,0.03630948066711426,{},False,,key2_asymptotic_final_key_0.003,19,final_key,0.003,asymptotic,2,0.0026737967914438
0.0,0.001,0.0,0.0,0.0,3180,34,True,True,0,0.03598761558532715,{},False,,key2_asymptotic_final_key_0.001,0,final_key,0.001,asymptotic,2,0.0026737967914438
0.0,0.001,0.0,0.0,0.0,3180,34,True,True,0,0.03513050079345703,{},False,,key2_asymptotic_final_key_0.001,1,final_key,0.001,asymptotic,2,0.0026737967914438
0.0,0.001,0.0,0.0,0.0005952380952380953,3180,34,False,False,1613,0.03280282020568848,{},False,,key2_asymptotic_final_key_0.001,2,final_key,0.001,asymptotic,2,0.0026737967914438
0.0,0.001,0.0,0.0,0.0005952380952380953,3180,34,False,False,1614,0.03512263298034668,{},False,,key2_asymptotic_final_key_0.001,3,final_key,0.001,asymptotic,2,0.0026737967914438
0.0,0.001,0.0,0.0,0.0,3180,34,True,True,0,0.031107425689697266,{},False,,key2_asymptotic_final_key_0.001,4,final_key,0.001,asymptotic,2,0.0026737967914438
0.0,0.001,0.0,0.0,0.0,3180,34,True,True,0,0.03660988807678223,{},False,,key2_asymptotic_final_key_0.001,5,final_key,0.001,asymptotic,2,0.0026737967914438
0.0,0.001,0.0,0.0,0.0,3180,34,True,True,0,0.03642868995666504,{},False,,key2_asymptotic_final_key_0.001,6,final_key,0.001,asymptotic,2,0.0026737967914438
0.0,0.001,0.0,0.0,0.0,3180,34,True,True,0,0.028548002243041992,{},False,,key2_asymptotic_final_key_0.001,7,final_key,0.001,asymptotic,2,0.0026737967914438
0.0,0.001,0.0,0.0,0.0,3180,34,True,True,0,0.028754472732543945,{},False,,key2_asymptotic_final_key_0.001,8,final_key,0.001,asymptotic,2,0.0026737967914438
0.0,0.001,0.0,0.0,0.0,3180,34,True,True,0,0.03471636772155762,{},False,,key2_asymptotic_final_key_0.001,9,final_key,0.001,asymptotic,2,0.0026737967914438
0.0,0.001,0.0,0.0,0.0,3180,34,True,True,0,0.03547191619873047,{},False,,key2_asymptotic_final_key_0.001,10,final_key,0.001,asymptotic,2,0.0026737967914438
0.0,0.001,0.0,0.0,0.0,3180,34,True,True,0,0.0342564582824707,{},False,,key2_asymptotic_final_key_0.001,11,final_key,0.001,asymptotic,2,0.0026737967914438
0.0,0.001,0.0,0.0,0.0,3180,34,True,True,0,0.0353846549987793,{},False,,key2_asymptotic_final_key_0.001,12,final_key,0.001,asymptotic,2,0.0026737967914438
0.0,0.001,0.0,0.0,0.0,3180,34,True,True,0,0.03601264953613281,{},False,,key2_asymptotic_final_key_0.001,13,final_key,0.001,asymptotic,2,0.0026737967914438
0.0,0.001,0.0,0.0,0.0,3180,34,True,True,0,0.03322029113769531,{},False,,key2_asymptotic_final_key_0.001,14,final_key,0.001,asymptotic,2,0.0026737967914438
0.0,0.001,0.0,0.0,0.0,3180,34,True,True,0,0.03294873237609863,{},False,,key2_asymptotic_final_key_0.001,15,final_key,0.001,asymptotic,2,0.0026737967914438
0.0,0.001,0.0,0.0,0.0,3180,34,True,True,0,0.027675390243530273,{},False,,key2_asymptotic_final_key_0.001,16,final_key,0.001,asymptotic,2,0.0026737967914438
0.0,0.001,0.0,0.0,0.0,3180,34,True,True,0,0.03475332260131836,{},False,,key2_asymptotic_final_key_0.001,17,final_key,0.001,asymptotic,2,0.0026737967914438
0.0,0.001,0.0,0.0,0.0,3180,34,True,True,0,0.028085947036743164,{},False,,key2_asymptotic_final_key_0.001,18,final_key,0.001,asymptotic,2,0.0026737967914438
0.0,0.001,0.0,0.0,0.0,3180,34,True,True,0,0.03484487533569336,{},False,,key2_asymptotic_final_key_0.001,19,final_key,0.001,asymptotic,2,0.0026737967914438
0.0,0.0,0.5,0.0,0.007142857142857143,3180,34,False,False,1619,0.03264641761779785,{'reconciliation_state': 11},False,,key2_asymptotic_reconciliation_0.5,0,reconciliation,0.5,asymptotic,2,0.0026737967914438
0.0,0.0,0.5,0.0,0.005357142857142857,3180,34,False,False,1576,0.039409637451171875,{'reconciliation_state': 8},False,,key2_asymptotic_reconciliation_0.5,1,reconciliation,0.5,asymptotic,2,0.0026737967914438
0.0,0.0,0.5,0.0,0.007738095238095238,3180,34,False,False,1582,0.024132490158081055,{'reconciliation_state': 9},False,,key2_asymptotic_reconciliation_0.5,2,reconciliation,0.5,asymptotic,2,0.0026737967914438
0.0,0.0,0.5,0.0,0.005654761904761905,3180,34,False,False,1626,0.0351560115814209,{'reconciliation_state': 10},False,,key2_asymptotic_reconciliation_0.5,3,reconciliation,0.5,asymptotic,2,0.0026737967914438
0.0,0.0,0.5,0.0,0.008630952380952382,3180,34,False,False,1560,0.025502920150756836,{'reconciliation_state': 6},False,,key2_asymptotic_reconciliation_0.5,4,reconciliation,0.5,asymptotic,2,0.0026737967914438
0.0,0.0,0.5,0.0,0.007142857142857143,3180,34,False,False,1581,0.030434608459472656,{'reconciliation_state': 9},False,,key2_asymptotic_reconciliation_0.5,5,reconciliation,0.5,asymptotic,2,0.0026737967914438
0.0,0.0,0.5,0.0,0.00744047619047619,3180,34,False,False,1523,0.0306093692779541,{'reconciliation_state': 12},False,,key2_asymptotic_reconciliation_0.5,6,reconciliation,0.5,asymptotic,2,0.0026737967914438
0.0,0.0,0.5,0.0,0.00744047619047619,3180,34,False,False,1547,0.03224754333496094,{'reconciliation_state': 11},False,,key2_asymptotic_reconciliation_0.5,7,reconciliation,0.5,asymptotic,2,0.0026737967914438
0.0,0.0,0.5,0.0,0.008630952380952382,3180,34,False,False,1623,0.030860185623168945,{'reconciliation_state': 10},False,,key2_asymptotic_reconciliation_0.5,8,reconciliation,0.5,asymptotic,2,0.0026737967914438
0.0,0.0,0.5,0.0,0.007142857142857143,3180,34,False,False,1564,0.027472734451293945,{'reconciliation_state': 7},False,,key2_asymptotic_reconciliation_0.5,9,reconciliation,0.5,asymptotic,2,0.0026737967914438
0.0,0.0,0.5,0.0,0.00744047619047619,3180,34,False,False,1575,0.031200408935546875,{'reconciliation_state': 13},False,,key2_asymptotic_reconciliation_0.5,10,reconciliation,0.5,asymptotic,2,0.0026737967914438
0.0,0.0,0.5,0.0,0.008035714285714285,3180,34,False,False,1595,0.03273439407348633,{'reconciliation_state': 10},False,,key2_asymptotic_reconciliation_0.5,11,reconciliation,0.5,asymptotic,2,0.0026737967914438
0.0,0.0,0.5,0.0,0.006547619047619048,3180,34,False,False,1585,0.035932302474975586,{'reconciliation_state': 13},False,,key2_asymptotic_reconciliation_0.5,12,reconciliation,0.5,asymptotic,2,0.0026737967914438
0.0,0.0,0.5,0.0,0.008630952380952382,3180,34,False,False,1559,0.03313851356506348,{'reconciliation_state': 13},False,,key2_asymptotic_reconciliation_0.5,13,reconciliation,0.5,asymptotic,2,0.0026737967914438
0.0,0.0,0.5,0.0,0.00744047619047619,3180,34,False,False,1603,0.037953853607177734,{'reconciliation_state': 17},False,,key2_asymptotic_reconciliation_0.5,14,reconciliation,0.5,asymptotic,2,0.0026737967914438
0.0,0.0,0.5,0.0,0.008928571428571428,3180,34,False,False,1562,0.03012681007385254,{'reconciliation_state': 12},False,,key2_asymptotic_reconciliation_0.5,15,reconciliation,0.5,asymptotic,2,0.0026737967914438
0.0,0.0,0.5,0.0,0.008928571428571428,3180,34,False,False,1563,0.027163982391357422,{'reconciliation_state': 6},False,,key2_asymptotic_reconciliation_0.5,16,reconciliation,0.5,asymptotic,2,0.0026737967914438
0.0,0.0,0.5,0.0,0.00505952380952381,3180,34,False,False,1575,0.03770852088928223,{'reconciliation_state': 11},False,,key2_asymptotic_reconciliation_0.5,17,reconciliation,0.5,asymptotic,2,0.0026737967914438
0.0,0.0,0.5,0.0,0.006845238095238095,3180,34,False,False,1530,0.03479790687561035,{'reconciliation_state': 11},False,,key2_asymptotic_reconciliation_0.5,18,reconciliation,0.5,asymptotic,2,0.0026737967914438
0.0,0.0,0.5,0.0,0.009821428571428571,3180,34,False,False,1596,0.029314041137695312,{'reconciliation_state': 12},False,,key2_asymptotic_reconciliation_0.5,19,reconciliation,0.5,asymptotic,2,0.0026737967914438
0.0,0.0,0.3,0.0,0.005654761904761905,3180,34,False,False,1558,0.03569459915161133,{'reconciliation_state': 10},False,,key2_asymptotic_reconciliation_0.3,0,reconciliation,0.3,asymptotic,2,0.0026737967914438
0.0,0.0,0.3,0.0,0.003869047619047619,3180,34,False,False,1611,0.037311553955078125,{'reconciliation_state': 7},False,,key2_asymptotic_reconciliation_0.3,1,reconciliation,0.3,asymptotic,2,0.0026737967914438
0.0,0.0,0.3,0.0,0.003869047619047619,3180,34,False,False,1615,0.03822660446166992,{'reconciliation_state': 10},False,,key2_asymptotic_reconciliation_0.3,2,reconciliation,0.3,asymptotic,2,0.0026737967914438
0.0,0.0,0.3,0.0,0.00625,3180,34,False,False,1616,0.02958965301513672,{'reconciliation_state': 4},False,,key2_asymptotic_reconciliation_0.3,3,reconciliation,0.3,asymptotic,2,0.0026737967914438
0.0,0.0,0.3,0.0,0.004464285714285714,3180,34,False,False,1599,0.032259464263916016,{'reconciliation_state': 7},False,,key2_asymptotic_reconciliation_0.3,4,reconciliation,0.3,asymptotic,2,0.0026737967914438
0.0,0.0,0.3,0.0,0.004464285714285714,3180,34,False,False,1578,0.034745216369628906,{'reconciliation_state': 8},False,,key2_asymptotic_reconciliation_0.3,5,reconciliation,0.3,asymptotic,2,0.0026737967914438
0.0,0.0,0.3,0.0,0.003869047619047619,3180,34,False,False,1645,0.03749275207519531,{'reconciliation_state': 10},False,,key2_asymptotic_reconciliation_0.3,6,reconciliation,0.3,asymptotic,2,0.0026737967914438
0.0,0.0,0.3,0.0,0.0035714285714285713,3180,34,False,False,1587,0.0398714542388916,{'reconciliation_state': 11},False,,key2_asymptotic_reconciliation_0.3,7,reconciliation,0.3,asymptotic,2,0.0026737967914438
0.0,0.0,0.3,0.0,0.00505952380952381,3180,34,False,False,1567,0.03397488594055176,{'reconciliation_state': 10},False,,key2_asymptotic_reconciliation_0.3,8,reconciliation,0.3,asymptotic,2,0.0026737967914438
0.0,0.0,0.3,0.0,0.0026785714285714286,3180,34,False,False,1547,0.04107475280761719,{'reconciliation_state': 9},False,,key2_asymptotic_reconciliation_0.3,9,reconciliation,0.3,asymptotic,2,0.0026737967914438
0.0,0.0,0.3,0.0,0.005654761904761905,3180,34,False,False,1497,0.0349726676940918,{'reconciliation_state': 11},False,,key2_asymptotic_reconciliation_0.3,10,reconciliation,0.3,asymptotic,2,0.0026737967914438
0.0,0.0,0.3,0.0,0.004166666666666667,3180,34,False,False,1526,0.0378870964050293,{'reconciliation_state': 8},False,,key2_asymptotic_reconciliation_0.3,11,reconciliation,0.3,asymptotic,2,0.0026737967914438
0.0,0.0,0.3,0.0,0.002976190476190476,3180,34,False,False,1580,0.03855252265930176,{'reconciliation_state': 9},False,,key2_asymptotic_reconciliation_0.3,12,reconciliation,0.3,asymptotic,2,0.0026737967914438
0.0,0.0,0.3,0.0,0.002976190476190476,3180,34,False,False,1592,0.03797125816345215,{'reconciliation_state': 7},False,,key2_asymptotic_reconciliation_0.3,13,reconciliation,0.3,asymptotic,2,0.0026737967914438
0.0,0.0,0.3,0.0,0.006547619047619048,3180,34,False,False,1577,0.032884836196899414,{'reconciliation_state': 10},False,,key2_asymptotic_reconciliation_0.3,14,reconciliation,0.3,asymptotic,2,0.0026737967914438
0.0,0.0,0.3,0.0,0.007738095238095238,3180,34,False,False,1552,0.03238487243652344,{'reconciliation_state': 10},False,,key2_asymptotic_reconciliation_0.3,15,reconciliation,0.3,asymptotic,2,0.0026737967914438
0.0,0.0,0.3,0.0,0.004166666666666667,3180,34,False,False,1625,0.03758406639099121,{'reconciliation_state': 10},False,,key2_asymptotic_reconciliation_0.3,16,reconciliation,0.3,asymptotic,2,0.0026737967914438
0.0,0.0,0.3,0.0,0.004761904761904762,3180,34,False,False,1577,0.030807018280029297,{'reconciliation_state': 6},False,,key2_asymptotic_reconciliation_0.3,17,reconciliation,0.3,asymptotic,2,0.0026737967914438
0.0,0.0,0.3,0.0,0.003273809523809524,3180,34,False,False,1627,0.03618359565734863,{'reconciliation_state': 9},False,,key2_asymptotic_reconciliation_0.3,18,reconciliation,0.3,asymptotic,2,0.0026737967914438
0.0,0.0,0.3,0.0,0.005952380952380952,3180,34,False,False,1590,0.03320646286010742,{'reconciliation_state': 9},False,,key2_asymptotic_reconciliation_0.3,19,reconciliation,0.3,asymptotic,2,0.0026737967914438
0.0,0.0,0.1,0.0,0.004761904761904762,3180,34,False,False,1585,0.025927305221557617,{'reconciliation_state': 2},False,,key2_asymptotic_reconciliation_0.1,0,reconciliation,0.1,asymptotic,2,0.0026737967914438
0.0,0.0,0.1,0.0,0.0008928571428571428,3180,34,False,False,1566,0.0349268913269043,{'reconciliation_state': 3},False,,key2_asymptotic_reconciliation_0.1,1,reconciliation,0.1,asymptotic,2,0.0026737967914438
0.0,0.0,0.1,0.0,0.004166666666666667,3180,34,False,False,1628,0.031764984130859375,{'reconciliation_state': 6},False,,key2_asymptotic_reconciliation_0.1,2,reconciliation,0.1,asymptotic,2,0.0026737967914438
0.0,0.0,0.1,0.0,0.00029761904761904765,3180,34,False,False,1541,0.037566423416137695,{'reconciliation_state': 1},False,,key2_asymptotic_reconciliation_0.1,3,reconciliation,0.1,asymptotic,2,0.0026737967914438
0.0,0.0,0.1,0.0,0.0008928571428571428,3180,34,False,False,1610,0.04288744926452637,{'reconciliation_state': 3},False,,key2_asymptotic_reconciliation_0.1,4,reconciliation,0.1,asymptotic,2,0.0026737967914438
0.0,0.0,0.1,0.0,0.0017857142857142857,3180,34,False,False,1581,0.03484392166137695,{'reconciliation_state': 6},False,,key2_asymptotic_reconciliation_0.1,5,reconciliation,0.1,asymptotic,2,0.0026737967914438
0.0,0.0,0.1,0.0,0.001488095238095238,3180,34,False,False,1599,0.035076141357421875,{'reconciliation_state': 3},False,,key2_asymptotic_reconciliation_0.1,6,reconciliation,0.1,asymptotic,2,0.0026737967914438
0.0,0.0,0.1,0.0,0.0011904761904761906,3180,34,False,False,1533,0.03476309776306152,{'reconciliation_state': 4},False,,key2_asymptotic_reconciliation_0.1,7,reconciliation,0.1,asymptotic,2,0.0026737967914438
0.0,0.0,0.1,0.0,0.0017857142857142857,3180,34,False,False,1590,0.03406524658203125,{'reconciliation_state': 5},False,,key2_asymptotic_reconciliation_0.1,8,reconciliation,0.1,asymptotic,2,0.0026737967914438
0.0,0.0,0.1,0.0,0.0026785714285714286,3180,34,False,False,1618,0.03853106498718262,{'reconciliation_state': 4},False,,key2_asymptotic_reconciliation_0.1,9,reconciliation,0.1,asymptotic,2,0.0026737967914438
0.0,0.0,0.1,0.0,0.003273809523809524,3180,34,False,False,1623,0.03628420829772949,{'reconciliation_state': 5},False,,key2_asymptotic_reconciliation_0.1,10,reconciliation,0.1,asymptotic,2,0.0026737967914438
0.0,0.0,0.1,0.0,0.0017857142857142857,3180,34,False,False,1571,0.040190935134887695,{'reconciliation_state': 5},False,,key2_asymptotic_reconciliation_0.1,11,reconciliation,0.1,asymptotic,2,0.0026737967914438
0.0,0.0,0.1,0.0,0.006547619047619048,3180,34,False,False,1566,0.029129743576049805,{'reconciliation_state': 3},False,,key2_asymptotic_reconciliation_0.1,12,reconciliation,0.1,asymptotic,2,0.0026737967914438
0.0,0.0,0.1,0.0,0.0005952380952380953,3180,34,False,False,1571,0.03761410713195801,{'reconciliation_state': 2},False,,key2_asymptotic_reconciliation_0.1,13,reconciliation,0.1,asymptotic,2,0.0026737967914438
0.0,0.0,0.1,0.0,0.0020833333333333333,3180,34,False,False,1615,0.03681349754333496,{'reconciliation_state': 3},False,,key2_asymptotic_reconciliation_0.1,14,reconciliation,0.1,asymptotic,2,0.0026737967914438
0.0,0.0,0.1,0.0,0.0008928571428571428,3180,34,False,False,1570,0.03417468070983887,{'reconciliation_state': 3},False,,key2_asymptotic_reconciliation_0.1,15,reconciliation,0.1,asymptotic,2,0.0026737967914438
0.0,0.0,0.1,0.0,0.0020833333333333333,3180,34,False,False,1615,0.03664135932922363,{'reconciliation_state': 7},False,,key2_asymptotic_reconciliation_0.1,16,reconciliation,0.1,asymptotic,2,0.0026737967914438
0.0,0.0,0.1,0.0,0.0011904761904761906,3180,34,False,False,1625,0.03841352462768555,{'reconciliation_state': 4},False,,key2_asymptotic_reconciliation_0.1,17,reconciliation,0.1,asymptotic,2,0.0026737967914438
0.0,0.0,0.1,0.0,0.0005952380952380953,3180,34,False,False,1592,0.03348374366760254,{'reconciliation_state': 2},False,,key2_asymptotic_reconciliation_0.1,18,reconciliation,0.1,asymptotic,2,0.0026737967914438
0.0,0.0,0.1,0.0,0.0005952380952380953,3180,34,False,False,1630,0.038277626037597656,{'reconciliation_state': 2},False,,key2_asymptotic_reconciliation_0.1,19,reconciliation,0.1,asymptotic,2,0.0026737967914438
0.0,0.0,0.05,0.0,0.00029761904761904765,3180,34,False,False,1588,0.031696319580078125,{'reconciliation_state': 1},False,,key2_asymptotic_reconciliation_0.05,0,reconciliation,0.05,asymptotic,2,0.0026737967914438
0.0,0.0,0.05,0.0,0.0005952380952380953,3180,34,False,False,1593,0.03606009483337402,{'reconciliation_state': 2},False,,key2_asymptotic_reconciliation_0.05,1,reconciliation,0.05,asymptotic,2,0.0026737967914438
0.0,0.0,0.05,0.0,0.0005952380952380953,3180,34,False,False,1551,0.05833768844604492,{'reconciliation_state': 2},False,,key2_asymptotic_reconciliation_0.05,2,reconciliation,0.05,asymptotic,2,0.0026737967914438
0.0,0.0,0.05,0.0,0.0005952380952380953,3180,34,False,False,1579,0.04057168960571289,{},False,,key2_asymptotic_reconciliation_0.05,3,reconciliation,0.05,asymptotic,2,0.0026737967914438
0.0,0.0,0.05,0.0,0.00029761904761904765,3180,34,False,False,1566,0.03552508354187012,{'reconciliation_state': 1},False,,key2_asymptotic_reconciliation_0.05,4,reconciliation,0.05,asymptotic,2,0.0026737967914438
0.0,0.0,0.05,0.0,0.0011904761904761906,3180,34,False,False,1554,0.037050485610961914,{'reconciliation_state': 4},False,,key2_asymptotic_reconciliation_0.05,5,reconciliation,0.05,asymptotic,2,0.0026737967914438
0.0,0.0,0.05,0.0,0.0005952380952380953,3180,34,False,False,1575,0.03666067123413086,{'reconciliation_state': 2},False,,key2_asymptotic_reconciliation_0.05,6,reconciliation,0.05,asymptotic,2,0.0026737967914438
0.0,0.0,0.05,0.0,0.00029761904761904765,3180,34,False,False,1665,0.03258228302001953,{'reconciliation_state': 1},False,,key2_asymptotic_reconciliation_0.05,7,reconciliation,0.05,asymptotic,2,0.0026737967914438
0.0,0.0,0.05,0.0,0.0005952380952380953,3180,34,False,False,1541,0.037813425064086914,{'reconciliation_state': 2},False,,key2_asymptotic_reconciliation_0.05,8,reconciliation,0.05,asymptotic,2,0.0026737967914438
0.0,0.0,0.05,0.0,0.0008928571428571428,3180,34,False,False,1563,0.03855133056640625,{'reconciliation_state': 3},False,,key2_asymptotic_reconciliation_0.05,9,reconciliation,0.05,asymptotic,2,0.0026737967914438
0.0,0.0,0.05,0.0,0.004166666666666667,3180,34,False,False,1602,0.028244972229003906,{'reconciliation_state': 1},False,,key2_asymptotic_reconciliation_0.05,10,reconciliation,0.05,asymptotic,2,0.0026737967914438
0.0,0.0,0.05,0.0,0.006547619047619048,3180,34,False,False,1544,0.026297569274902344,{'reconciliation_state': 1},False,,key2_asymptotic_reconciliation_0.05,11,reconciliation,0.05,asymptotic,2,0.0026737967914438
0.0,0.0,0.05,0.0,0.0005952380952380953,3180,34,False,False,1622,0.038156747817993164,{'reconciliation_state': 2},False,,key2_asymptotic_reconciliation_0.05,12,reconciliation,0.05,asymptotic,2,0.0026737967914438
0.0,0.0,0.05,0.0,0.0,3180,34,True,True,0,0.03490853309631348,{},False,,key2_asymptotic_reconciliation_0.05,13,reconciliation,0.05,asymptotic,2,0.0026737967914438
0.0,0.0,0.05,0.0,0.0008928571428571428,3180,34,False,False,1566,0.040677547454833984,{'reconciliation_state': 2},False,,key2_asymptotic_reconciliation_0.05,14,reconciliation,0.05,asymptotic,2,0.0026737967914438
0.0,0.0,0.05,0.0,0.0005952380952380953,3180,34,False,False,1581,0.03746390342712402,{'reconciliation_state': 2},False,,key2_asymptotic_reconciliation_0.05,15,reconciliation,0.05,asymptotic,2,0.0026737967914438
0.0,0.0,0.05,0.0,0.0008928571428571428,3180,34,False,False,1550,0.038213253021240234,{'reconciliation_state': 3},False,,key2_asymptotic_reconciliation_0.05,16,reconciliation,0.05,asymptotic,2,0.0026737967914438
0.0,0.0,0.05,0.0,0.0008928571428571428,3180,34,False,False,1537,0.037843942642211914,{'reconciliation_state': 3},False,,key2_asymptotic_reconciliation_0.05,17,reconciliation,0.05,asymptotic,2,0.0026737967914438
0.0,0.0,0.05,0.0,0.0005952380952380953,3180,34,False,False,1587,0.03475332260131836,{'reconciliation_state': 2},False,,key2_asymptotic_reconciliation_0.05,18,reconciliation,0.05,asymptotic,2,0.0026737967914438
0.0,0.0,0.05,0.0,0.00029761904761904765,3180,34,False,False,1543,0.03719592094421387,{'reconciliation_state': 1},False,,key2_asymptotic_reconciliation_0.05,19,reconciliation,0.05,asymptotic,2,0.0026737967914438
0.0,0.0,0.03,0.0,0.00029761904761904765,3180,34,False,False,1540,0.031804561614990234,{'reconciliation_state': 1},False,,key2_asymptotic_reconciliation_0.03,0,reconciliation,0.03,asymptotic,2,0.0026737967914438
0.0,0.0,0.03,0.0,0.0,3180,34,True,True,0,0.05111980438232422,{},False,,key2_asymptotic_reconciliation_0.03,1,reconciliation,0.03,asymptotic,2,0.0026737967914438
0.0,0.0,0.03,0.0,0.00029761904761904765,3180,34,False,False,1615,0.036447763442993164,{'reconciliation_state': 1},False,,key2_asymptotic_reconciliation_0.03,2,reconciliation,0.03,asymptotic,2,0.0026737967914438
0.0,0.0,0.03,0.0,0.0005952380952380953,3180,34,False,False,1583,0.03422141075134277,{},False,,key2_asymptotic_reconciliation_0.03,3,reconciliation,0.03,asymptotic,2,0.0026737967914438
0.0,0.0,0.03,0.0,0.00029761904761904765,3180,34,False,False,1587,0.035263776779174805,{'reconciliation_state': 1},False,,key2_asymptotic_reconciliation_0.03,4,reconciliation,0.03,asymptotic,2,0.0026737967914438
0.0,0.0,0.03,0.0,0.0005952380952380953,3180,34,False,False,1580,0.03137683868408203,{'reconciliation_state': 2},False,,key2_asymptotic_reconciliation_0.03,5,reconciliation,0.03,asymptotic,2,0.0026737967914438
0.0,0.0,0.03,0.0,0.00029761904761904765,3180,34,False,False,1537,0.037110328674316406,{'reconciliation_state': 1},False,,key2_asymptotic_reconciliation_0.03,6,reconciliation,0.03,asymptotic,2,0.0026737967914438
0.0,0.0,0.03,0.0,0.0,3180,34,True,True,0,0.02958226203918457,{},False,,key2_asymptotic_reconciliation_0.03,7,reconciliation,0.03,asymptotic,2,0.0026737967914438
0.0,0.0,0.03,0.0,0.0005952380952380953,3180,34,False,False,1604,0.03785061836242676,{'reconciliation_state': 2},False,,key2_asymptotic_reconciliation_0.03,8,reconciliation,0.03,asymptotic,2,0.0026737967914438
0.0,0.0,0.03,0.0,0.0005952380952380953,3180,34,False,False,1601,0.03488731384277344,{'reconciliation_state': 2},False,,key2_asymptotic_reconciliation_0.03,9,reconciliation,0.03,asymptotic,2,0.0026737967914438
0.0,0.0,0.03,0.0,0.004166666666666667,3180,34,False,False,1679,0.027584552764892578,{'reconciliation_state': 1},False,,key2_asymptotic_reconciliation_0.03,10,reconciliation,0.03,asymptotic,2,0.0026737967914438
0.0,0.0,0.03,0.0,0.00029761904761904765,3180,34,False,False,1605,0.0362238883972168,{'reconciliation_state': 1},False,,key2_asymptotic_reconciliation_0.03,11,reconciliation,0.03,asymptotic,2,0.0026737967914438
0.0,0.0,0.03,0.0,0.00029761904761904765,3180,34,False,False,1587,0.03564190864562988,{'reconciliation_state': 1},False,,key2_asymptotic_reconciliation_0.03,12,reconciliation,0.03,asymptotic,2,0.0026737967914438
0.0,0.0,0.03,0.0,0.0,3180,34,True,True,0,0.036065101623535156,{},False,,key2_asymptotic_reconciliation_0.03,13,reconciliation,0.03,asymptotic,2,0.0026737967914438
0.0,0.0,0.03,0.0,0.00029761904761904765,3180,34,False,False,1574,0.03946232795715332,{'reconciliation_state': 1},False,,key2_asymptotic_reconciliation_0.03,14,reconciliation,0.03,asymptotic,2,0.0026737967914438
0.0,0.0,0.03,0.0,0.0005952380952380953,3180,34,False,False,1602,0.04202914237976074,{'reconciliation_state': 2},False,,key2_asymptotic_reconciliation_0.03,15,reconciliation,0.03,asymptotic,2,0.0026737967914438
0.0,0.0,0.03,0.0,0.0008928571428571428,3180,34,False,False,1594,0.03588151931762695,{'reconciliation_state': 3},False,,key2_asymptotic_reconciliation_0.03,16,reconciliation,0.03,asymptotic,2,0.0026737967914438
0.0,0.0,0.03,0.0,0.0008928571428571428,3180,34,False,False,1561,0.03561830520629883,{'reconciliation_state': 3},False,,key2_asymptotic_reconciliation_0.03,17,reconciliation,0.03,asymptotic,2,0.0026737967914438
0.0,0.0,0.03,0.0,0.0005952380952380953,3180,34,False,False,1603,0.035398244857788086,{'reconciliation_state': 2},False,,key2_asymptotic_reconciliation_0.03,18,reconciliation,0.03,asymptotic,2,0.0026737967914438
0.0,0.0,0.03,0.0,0.00029761904761904765,3180,34,False,False,1618,0.045007944107055664,{'reconciliation_state': 1},False,,key2_asymptotic_reconciliation_0.03,19,reconciliation,0.03,asymptotic,2,0.0026737967914438
0.0,0.0,0.01,0.0,0.0,3180,34,True,True,0,0.03327202796936035,{},False,,key2_asymptotic_reconciliation_0.01,0,reconciliation,0.01,asymptotic,2,0.0026737967914438
0.0,0.0,0.01,0.0,0.0,3180,34,True,True,0,0.040429115295410156,{},False,,key2_asymptotic_reconciliation_0.01,1,reconciliation,0.01,asymptotic,2,0.0026737967914438
0.0,0.0,0.01,0.0,0.00029761904761904765,3180,34,False,False,1576,0.03684258460998535,{'reconciliation_state': 1},False,,key2_asymptotic_reconciliation_0.01,2,reconciliation,0.01,asymptotic,2,0.0026737967914438
0.0,0.0,0.01,0.0,0.0005952380952380953,3180,34,False,False,1516,0.03538155555725098,{},False,,key2_asymptotic_reconciliation_0.01,3,reconciliation,0.01,asymptotic,2,0.0026737967914438
0.0,0.0,0.01,0.0,0.0,3180,34,True,True,0,0.03395724296569824,{},False,,key2_asymptotic_reconciliation_0.01,4,reconciliation,0.01,asymptotic,2,0.0026737967914438
0.0,0.0,0.01,0.0,0.0,3180,34,True,True,0,0.03052234649658203,{},False,,key2_asymptotic_reconciliation_0.01,5,reconciliation,0.01,asymptotic,2,0.0026737967914438
0.0,0.0,0.01,0.0,0.0,3180,34,True,True,0,0.03592228889465332,{},False,,key2_asymptotic_reconciliation_0.01,6,reconciliation,0.01,asymptotic,2,0.0026737967914438
0.0,0.0,0.01,0.0,0.0,3180,34,True,True,0,0.03078293800354004,{},False,,key2_asymptotic_reconciliation_0.01,7,reconciliation,0.01,asymptotic,2,0.0026737967914438
0.0,0.0,0.01,0.0,0.00029761904761904765,3180,34,False,False,1620,0.0328068733215332,{'reconciliation_state': 1},False,,key2_asymptotic_reconciliation_0.01,8,reconciliation,0.01,asymptotic,2,0.0026737967914438
0.0,0.0,0.01,0.0,0.0,3180,34,True,True,0,0.03506755828857422,{},False,,key2_asymptotic_reconciliation_0.01,9,reconciliation,0.01,asymptotic,2,0.0026737967914438
0.0,0.0,0.01,0.0,0.0,3180,34,True,True,0,0.03539609909057617,{},False,,key2_asymptotic_reconciliation_0.01,10,reconciliation,0.01,asymptotic,2,0.0026737967914438
0.0,0.0,0.01,0.0,0.0,3180,34,True,True,0,0.03692460060119629,{},False,,key2_asymptotic_reconciliation_0.01,11,reconciliation,0.01,asymptotic,2,0.0026737967914438
0.0,0.0,0.01,0.0,0.0,3180,34,True,True,0,0.03577566146850586,{},False,,key2_asymptotic_reconciliation_0.01,12,reconciliation,0.01,asymptotic,2,0.0026737967914438
0.0,0.0,0.01,0.0,0.0,3180,34,True,True,0,0.03550362586975098,{},False,,key2_asymptotic_reconciliation_0.01,13,reconciliation,0.01,asymptotic,2,0.0026737967914438
0.0,0.0,0.01,0.0,0.00029761904761904765,3180,34,False,False,1558,0.03974175453186035,{'reconciliation_state': 1},False,,key2_asymptotic_reconciliation_0.01,14,reconciliation,0.01,asymptotic,2,0.0026737967914438
0.0,0.0,0.01,0.0,0.00029761904761904765,3180,34,False,False,1593,0.035448551177978516,{'reconciliation_state': 1},False,,key2_asymptotic_reconciliation_0.01,15,reconciliation,0.01,asymptotic,2,0.0026737967914438
0.0,0.0,0.01,0.0,0.00029761904761904765,3180,34,False,False,1583,0.03259444236755371,{'reconciliation_state': 1},False,,key2_asymptotic_reconciliation_0.01,16,reconciliation,0.01,asymptotic,2,0.0026737967914438
0.0,0.0,0.01,0.0,0.0,3180,34,True,True,0,0.03708291053771973,{},False,,key2_asymptotic_reconciliation_0.01,17,reconciliation,0.01,asymptotic,2,0.0026737967914438
0.0,0.0,0.01,0.0,0.0,3180,34,True,True,0,0.03752732276916504,{},False,,key2_asymptotic_reconciliation_0.01,18,reconciliation,0.01,asymptotic,2,0.0026737967914438
0.0,0.0,0.01,0.0,0.0,3180,34,True,True,0,0.03860616683959961,{},False,,key2_asymptotic_reconciliation_0.01,19,reconciliation,0.01,asymptotic,2,0.0026737967914438
0.0,0.0,0.003,0.0,0.0,3180,34,True,True,0,0.03357553482055664,{},False,,key2_asymptotic_reconciliation_0.003,0,reconciliation,0.003,asymptotic,2,0.0026737967914438
0.0,0.0,0.003,0.0,0.0,3180,34,True,True,0,0.034804344177246094,{},False,,key2_asymptotic_reconciliation_0.003,1,reconciliation,0.003,asymptotic,2,0.0026737967914438
0.0,0.0,0.003,0.0,0.0005952380952380953,3180,34,False,False,1535,0.03311729431152344,{},False,,key2_asymptotic_reconciliation_0.003,2,reconciliation,0.003,asymptotic,2,0.0026737967914438
0.0,0.0,0.003,0.0,0.0005952380952380953,3180,34,False,False,1649,0.034781455993652344,{},False,,key2_asymptotic_reconciliation_0.003,3,reconciliation,0.003,asymptotic,2,0.0026737967914438
0.0,0.0,0.003,0.0,0.0,3180,34,True,True,0,0.03668069839477539,{},False,,key2_asymptotic_reconciliation_0.003,4,reconciliation,0.003,asymptotic,2,0.0026737967914438
0.0,0.0,0.003,0.0,0.0,3180,34,True,True,0,0.02921891212463379,{},False,,key2_asymptotic_reconciliation_0.003,5,reconciliation,0.003,asymptotic,2,0.0026737967914438
0.0,0.0,0.003,0.0,0.0,3180,34,True,True,0,0.0352320671081543,{},False,,key2_asymptotic_reconciliation_0.003,6,reconciliation,0.003,asymptotic,2,0.0026737967914438
0.0,0.0,0.003,0.0,0.0,3180,34,True,True,0,0.0313107967376709,{},False,,key2_asymptotic_reconciliation_0.003,7,reconciliation,0.003,asymptotic,2,0.0026737967914438
0.0,0.0,0.003,0.0,0.0,3180,34,True,True,0,0.029310941696166992,{},False,,key2_asymptotic_reconciliation_0.003,8,reconciliation,0.003,asymptotic,2,0.0026737967914438
0.0,0.0,0.003,0.0,0.0,3180,34,True,True,0,0.033705949783325195,{},False,,key2_asymptotic_reconciliation_0.003,9,reconciliation,0.003,asymptotic,2,0.0026737967914438
0.0,0.0,0.003,0.0,0.0,3180,34,True,True,0,0.03500962257385254,{},False,,key2_asymptotic_reconciliation_0.003,10,reconciliation,0.003,asymptotic,2,0.0026737967914438
0.0,0.0,0.003,0.0,0.0,3180,34,True,True,0,0.035070180892944336,{},False,,key2_asymptotic_reconciliation_0.003,11,reconciliation,0.003,asymptotic,2,0.0026737967914438
0.0,0.0,0.003,0.0,0.0,3180,34,True,True,0,0.03571677207946777,{},False,,key2_asymptotic_reconciliation_0.003,12,reconciliation,0.003,asymptotic,2,0.0026737967914438
0.0,0.0,0.003,0.0,0.0,3180,34,True,True,0,0.036596059799194336,{},False,,key2_asymptotic_reconciliation_0.003,13,reconciliation,0.003,asymptotic,2,0.0026737967914438
0.0,0.0,0.003,0.0,0.0,3180,34,True,True,0,0.03286004066467285,{},False,,key2_asymptotic_reconciliation_0.003,14,reconciliation,0.003,asymptotic,2,0.0026737967914438
0.0,0.0,0.003,0.0,0.0,3180,34,True,True,0,0.03559589385986328,{},False,,key2_asymptotic_reconciliation_0.003,15,reconciliation,0.003,asymptotic,2,0.0026737967914438
0.0,0.0,0.003,0.0,0.00029761904761904765,3180,34,False,False,1623,0.0374906063079834,{'reconciliation_state': 1},False,,key2_asymptotic_reconciliation_0.003,16,reconciliation,0.003,asymptotic,2,0.0026737967914438
0.0,0.0,0.003,0.0,0.0,3180,34,True,True,0,0.03439736366271973,{},False,,key2_asymptotic_reconciliation_0.003,17,reconciliation,0.003,asymptotic,2,0.0026737967914438
0.0,0.0,0.003,0.0,0.0,3180,34,True,True,0,0.02956700325012207,{},False,,key2_asymptotic_reconciliation_0.003,18,reconciliation,0.003,asymptotic,2,0.0026737967914438
0.0,0.0,0.003,0.0,0.0,3180,34,True,True,0,0.03956723213195801,{},False,,key2_asymptotic_reconciliation_0.003,19,reconciliation,0.003,asymptotic,2,0.0026737967914438
0.0,0.0,0.001,0.0,0.0,3180,34,True,True,0,0.03272199630737305,{},False,,key2_asymptotic_reconciliation_0.001,0,reconciliation,0.001,asymptotic,2,0.0026737967914438
0.0,0.0,0.001,0.0,0.0,3180,34,True,True,0,0.0354766845703125,{},False,,key2_asymptotic_reconciliation_0.001,1,reconciliation,0.001,asymptotic,2,0.0026737967914438
0.0,0.0,0.001,0.0,0.0005952380952380953,3180,34,False,False,1544,0.035384416580200195,{},False,,key2_asymptotic_reconciliation_0.001,2,reconciliation,0.001,asymptotic,2,0.0026737967914438
0.0,0.0,0.001,0.0,0.0005952380952380953,3180,34,False,False,1584,0.0338747501373291,{},False,,key2_asymptotic_reconciliation_0.001,3,reconciliation,0.001,asymptotic,2,0.0026737967914438
0.0,0.0,0.001,0.0,0.0,3180,34,True,True,0,0.03202414512634277,{},False,,key2_asymptotic_reconciliation_0.001,4,reconciliation,0.001,asymptotic,2,0.0026737967914438
0.0,0.0,0.001,0.0,0.0,3180,34,True,True,0,0.02917337417602539,{},False,,key2_asymptotic_reconciliation_0.001,5,reconciliation,0.001,asymptotic,2,0.0026737967914438
0.0,0.0,0.001,0.0,0.0,3180,34,True,True,0,0.03473091125488281,{},False,,key2_asymptotic_reconciliation_0.001,6,reconciliation,0.001,asymptotic,2,0.0026737967914438
0.0,0.0,0.001,0.0,0.0,3180,34,True,True,0,0.029002666473388672,{},False,,key2_asymptotic_reconciliation_0.001,7,reconciliation,0.001,asymptotic,2,0.0026737967914438
0.0,0.0,0.001,0.0,0.0,3180,34,True,True,0,0.029217958450317383,{},False,,key2_asymptotic_reconciliation_0.001,8,reconciliation,0.001,asymptotic,2,0.0026737967914438
0.0,0.0,0.001,0.0,0.0,3180,34,True,True,0,0.034338951110839844,{},False,,key2_asymptotic_reconciliation_0.001,9,reconciliation,0.001,asymptotic,2,0.0026737967914438
0.0,0.0,0.001,0.0,0.0,3180,34,True,True,0,0.0346522331237793,{},False,,key2_asymptotic_reconciliation_0.001,10,reconciliation,0.001,asymptotic,2,0.0026737967914438
0.0,0.0,0.001,0.0,0.0,3180,34,True,True,0,0.0343167781829834,{},False,,key2_asymptotic_reconciliation_0.001,11,reconciliation,0.001,asymptotic,2,0.0026737967914438
0.0,0.0,0.001,0.0,0.0,3180,34,True,True,0,0.03459358215332031,{},False,,key2_asymptotic_reconciliation_0.001,12,reconciliation,0.001,asymptotic,2,0.0026737967914438
0.0,0.0,0.001,0.0,0.0,3180,34,True,True,0,0.03516745567321777,{},False,,key2_asymptotic_reconciliation_0.001,13,reconciliation,0.001,asymptotic,2,0.0026737967914438
0.0,0.0,0.001,0.0,0.0,3180,34,True,True,0,0.03153872489929199,{},False,,key2_asymptotic_reconciliation_0.001,14,reconciliation,0.001,asymptotic,2,0.0026737967914438
0.0,0.0,0.001,0.0,0.0,3180,34,True,True,0,0.03531050682067871,{},False,,key2_asymptotic_reconciliation_0.001,15,reconciliation,0.001,asymptotic,2,0.0026737967914438
0.0,0.0,0.001,0.0,0.0,3180,34,True,True,0,0.03207206726074219,{},False,,key2_asymptotic_reconciliation_0.001,16,reconciliation,0.001,asymptotic,2,0.0026737967914438
0.0,0.0,0.001,0.0,0.0,3180,34,True,True,0,0.03714752197265625,{},False,,key2_asymptotic_reconciliation_0.001,17,reconciliation,0.001,asymptotic,2,0.0026737967914438
0.0,0.0,0.001,0.0,0.0,3180,34,True,True,0,0.028378963470458984,{},False,,key2_asymptotic_reconciliation_0.001,18,reconciliation,0.001,asymptotic,2,0.0026737967914438
0.0,0.0,0.001,0.0,0.0,3180,34,True,True,0,0.035321712493896484,{},False,,key2_asymptotic_reconciliation_0.001,19,reconciliation,0.001,asymptotic,2,0.0026737967914438
0.5,0.0,0.0,0.0,0.0,1642,34,True,True,0,0.033470869064331055,{},False,,key2_placeholder_toeplitz_0.5,0,toeplitz,0.5,placeholder,2,0.0026737967914438
0.5,0.0,0.0,0.0,0.0,1642,34,True,True,0,0.034780263900756836,{'toeplitz_matrix': 1},False,,key2_placeholder_toeplitz_0.5,1,toeplitz,0.5,placeholder,2,0.0026737967914438
0.5,0.0,0.0,0.0,0.0005952380952380953,1642,34,False,False,820,0.03463625907897949,{},False,,key2_placeholder_toeplitz_0.5,2,toeplitz,0.5,placeholder,2,0.0026737967914438
0.5,0.0,0.0,0.0,0.0005952380952380953,1642,34,False,False,811,0.03293609619140625,{},False,,key2_placeholder_toeplitz_0.5,3,toeplitz,0.5,placeholder,2,0.0026737967914438
0.5,0.0,0.0,0.0,0.0,1642,34,True,True,0,0.031192302703857422,{'toeplitz_matrix': 1},False,,key2_placeholder_toeplitz_0.5,4,toeplitz,0.5,placeholder,2,0.0026737967914438
0.5,0.0,0.0,0.0,0.0,1642,34,True,True,0,0.028446197509765625,{},False,,key2_placeholder_toeplitz_0.5,5,toeplitz,0.5,placeholder,2,0.0026737967914438
0.5,0.0,0.0,0.0,0.0,1642,34,True,True,0,0.03669881820678711,{},False,,key2_placeholder_toeplitz_0.5,6,toeplitz,0.5,placeholder,2,0.0026737967914438
0.5,0.0,0.0,0.0,0.0,1642,34,True,False,1,0.02772998809814453,{'toeplitz_matrix': 1},False,,key2_placeholder_toeplitz_0.5,7,toeplitz,0.5,placeholder,2,0.0026737967914438
0.5,0.0,0.0,0.0,0.0,1642,34,True,False,1,0.03069138526916504,{'toeplitz_matrix': 1},False,,key2_placeholder_toeplitz_0.5,8,toeplitz,0.5,placeholder,2,0.0026737967914438
0.5,0.0,0.0,0.0,0.0,1642,34,True,True,0,0.032946109771728516,{},False,,key2_placeholder_toeplitz_0.5,9,toeplitz,0.5,placeholder,2,0.0026737967914438
0.5,0.0,0.0,0.0,0.0,1642,34,True,True,0,0.03261065483093262,{},False,,key2_placeholder_toeplitz_0.5,10,toeplitz,0.5,placeholder,2,0.0026737967914438
0.5,0.0,0.0,0.0,0.0,1642,34,True,True,0,0.03381824493408203,{},False,,key2_placeholder_toeplitz_0.5,11,toeplitz,0.5,placeholder,2,0.0026737967914438
0.5,0.0,0.0,0.0,0.0,1642,34,True,True,0,0.0333099365234375,{'toeplitz_matrix': 1},False,,key2_placeholder_toeplitz_0.5,12,toeplitz,0.5,placeholder,2,0.0026737967914438
0.5,0.0,0.0,0.0,0.0,1642,34,True,True,0,0.03333640098571777,{'toeplitz_matrix': 1},False,,key2_placeholder_toeplitz_0.5,13,toeplitz,0.5,placeholder,2,0.0026737967914438
0.5,0.0,0.0,0.0,0.0,1642,34,True,True,0,0.034758567810058594,{'toeplitz_matrix': 1},False,,key2_placeholder_toeplitz_0.5,14,toeplitz,0.5,placeholder,2,0.0026737967914438
0.5,0.0,0.0,0.0,0.0,1642,34,True,True,0,0.032024383544921875,{},False,,key2_placeholder_toeplitz_0.5,15,toeplitz,0.5,placeholder,2,0.0026737967914438
0.5,0.0,0.0,0.0,0.0,1642,34,True,True,0,0.02695941925048828,{},False,,key2_placeholder_toeplitz_0.5,16,toeplitz,0.5,placeholder,2,0.0026737967914438
0.5,0.0,0.0,0.0,0.0,1642,34,True,True,0,0.03231620788574219,{'toeplitz_matrix': 1},False,,key2_placeholder_toeplitz_0.5,17,toeplitz,0.5,placeholder,2,0.0026737967914438
0.5,0.0,0.0,0.0,0.0,1642,34,True,True,0,0.026375770568847656,{},False,,key2_placeholder_toeplitz_0.5,18,toeplitz,0.5,placeholder,2,0.0026737967914438
0.5,0.0,0.0,0.0,0.0,1642,34,True,True,0,0.034195661544799805,{},False,,key2_placeholder_toeplitz_0.5,19,toeplitz,0.5,placeholder,2,0.0026737967914438
0.3,0.0,0.0,0.0,0.0,1642,34,True,True,0,0.03113698959350586,{},False,,key2_placeholder_toeplitz_0.3,0,toeplitz,0.3,placeholder,2,0.0026737967914438
0.3,0.0,0.0,0.0,0.0,1642,34,True,True,0,0.03399825096130371,{'toeplitz_matrix': 1},False,,key2_placeholder_toeplitz_0.3,1,toeplitz,0.3,placeholder,2,0.0026737967914438
0.3,0.0,0.0,0.0,0.0005952380952380953,1642,34,False,False,804,0.036176204681396484,{},False,,key2_placeholder_toeplitz_0.3,2,toeplitz,0.3,placeholder,2,0.0026737967914438
0.3,0.0,0.0,0.0,0.0005952380952380953,1642,34,False,False,818,0.03245830535888672,{},False,,key2_placeholder_toeplitz_0.3,3,toeplitz,0.3,placeholder,2,0.0026737967914438
0.3,0.0,0.0,0.0,0.0,1642,34,True,True,0,0.029600858688354492,{},False,,key2_placeholder_toeplitz_0.3,4,toeplitz,0.3,placeholder,2,0.0026737967914438
0.3,0.0,0.0,0.0,0.0,1642,34,True,True,0,0.026746034622192383,{},False,,key2_placeholder_toeplitz_0.3,5,toeplitz,0.3,placeholder,2,0.0026737967914438
0.3,0.0,0.0,0.0,0.0,1642,34,True,True,0,0.03316307067871094,{},False,,key2_placeholder_toeplitz_0.3,6,toeplitz,0.3,placeholder,2,0.0026737967914438
0.3,0.0,0.0,0.0,0.0,1642,34,True,True,0,0.04808235168457031,{},False,,key2_placeholder_toeplitz_0.3,7,toeplitz,0.3,placeholder,2,0.0026737967914438
0.3,0.0,0.0,0.0,0.0,1642,34,True,True,0,0.04016470909118652,{},False,,key2_placeholder_toeplitz_0.3,8,toeplitz,0.3,placeholder,2,0.0026737967914438
0.3,0.0,0.0,0.0,0.0,1642,34,True,True,0,0.0333709716796875,{},False,,key2_placeholder_toeplitz_0.3,9,toeplitz,0.3,placeholder,2,0.0026737967914438
0.3,0.0,0.0,0.0,0.0,1642,34,True,True,0,0.03387331962585449,{},False,,key2_placeholder_toeplitz_0.3,10,toeplitz,0.3,placeholder,2,0.0026737967914438
0.3,0.0,0.0,0.0,0.0,1642,34,True,True,0,0.03244495391845703,{},False,,key2_placeholder_toeplitz_0.3,11,toeplitz,0.3,placeholder,2,0.0026737967914438
0.3,0.0,0.0,0.0,0.0,1642,34,True,True,0,0.03454089164733887,{},False,,key2_placeholder_toeplitz_0.3,12,toeplitz,0.3,placeholder,2,0.0026737967914438
0.3,0.0,0.0,0.0,0.0,1642,34,True,True,0,0.035600900650024414,{'toeplitz_matrix': 1},False,,key2_placeholder_toeplitz_0.3,13,toeplitz,0.3,placeholder,2,0.0026737967914438
0.3,0.0,0.0,0.0,0.0,1642,34,True,True,0,0.032941579818725586,{'toeplitz_matrix': 1},False,,key2_placeholder_toeplitz_0.3,14,toeplitz,0.3,placeholder,2,0.0026737967914438
0.3,0.0,0.0,0.0,0.0,1642,34,True,True,0,0.037576913833618164,{},False,,key2_placeholder_toeplitz_0.3,15,toeplitz,0.3,placeholder,2,0.0026737967914438
0.3,0.0,0.0,0.0,0.0,1642,34,True,True,0,0.028553009033203125,{},False,,key2_placeholder_toeplitz_0.3,16,toeplitz,0.3,placeholder,2,0.0026737967914438
0.3,0.0,0.0,0.0,0.0,1642,34,True,True,0,0.03290081024169922,{'toeplitz_matrix': 1},False,,key2_placeholder_toeplitz_0.3,17,toeplitz,0.3,placeholder,2,0.0026737967914438
0.3,0.0,0.0,0.0,0.0,1642,34,True,True,0,0.028795480728149414,{},False,,key2_placeholder_toeplitz_0.3,18,toeplitz,0.3,placeholder,2,0.0026737967914438
0.3,0.0,0.0,0.0,0.0,1642,34,True,True,0,0.03391242027282715,{},False,,key2_placeholder_toeplitz_0.3,19,toeplitz,0.3,placeholder,2,0.0026737967914438
0.1,0.0,0.0,0.0,0.0,1642,34,True,True,0,0.03259897232055664,{},False,,key2_placeholder_toeplitz_0.1,0,toeplitz,0.1,placeholder,2,0.0026737967914438
0.1,0.0,0.0,0.0,0.0,1642,34,True,True,0,0.03502178192138672,{'toeplitz_matrix': 1},False,,key2_placeholder_toeplitz_0.1,1,toeplitz,0.1,placeholder,2,0.0026737967914438
0.1,0.0,0.0,0.0,0.0005952380952380953,1642,34,False,False,791,0.03325653076171875,{},False,,key2_placeholder_toeplitz_0.1,2,toeplitz,0.1,placeholder,2,0.0026737967914438
0.1,0.0,0.0,0.0,0.0005952380952380953,1642,34,False,False,827,0.0322573184967041,{},False,,key2_placeholder_toeplitz_0.1,3,toeplitz,0.1,placeholder,2,0.0026737967914438
0.1,0.0,0.0,0.0,0.0,1642,34,True,True,0,0.03083205223083496,{},False,,key2_placeholder_toeplitz_0.1,4,toeplitz,0.1,placeholder,2,0.0026737967914438
0.1,0.0,0.0,0.0,0.0,1642,34,True,True,0,0.026709318161010742,{},False,,key2_placeholder_toeplitz_0.1,5,toeplitz,0.1,placeholder,2,0.0026737967914438
0.1,0.0,0.0,0.0,0.0,1642,34,True,True,0,0.03234362602233887,{},False,,key2_placeholder_toeplitz_0.1,6,toeplitz,0.1,placeholder,2,0.0026737967914438
0.1,0.0,0.0,0.0,0.0,1642,34,True,True,0,0.028410911560058594,{},False,,key2_placeholder_toeplitz_0.1,7,toeplitz,0.1,placeholder,2,0.0026737967914438
0.1,0.0,0.0,0.0,0.0,1642,34,True,True,0,0.028664827346801758,{},False,,key2_placeholder_toeplitz_0.1,8,toeplitz,0.1,placeholder,2,0.0026737967914438
0.1,0.0,0.0,0.0,0.0,1642,34,True,True,0,0.03351163864135742,{},False,,key2_placeholder_toeplitz_0.1,9,toeplitz,0.1,placeholder,2,0.0026737967914438
0.1,0.0,0.0,0.0,0.0,1642,34,True,True,0,0.03149271011352539,{},False,,key2_placeholder_toeplitz_0.1,10,toeplitz,0.1,placeholder,2,0.0026737967914438
0.1,0.0,0.0,0.0,0.0,1642,34,True,True,0,0.037550926208496094,{},False,,key2_placeholder_toeplitz_0.1,11,toeplitz,0.1,placeholder,2,0.0026737967914438
0.1,0.0,0.0,0.0,0.0,1642,34,True,True,0,0.07344412803649902,{},False,,key2_placeholder_toeplitz_0.1,12,toeplitz,0.1,placeholder,2,0.0026737967914438
0.1,0.0,0.0,0.0,0.0,1642,34,True,True,0,0.033377885818481445,{},False,,key2_placeholder_toeplitz_0.1,13,toeplitz,0.1,placeholder,2,0.0026737967914438
0.1,0.0,0.0,0.0,0.0,1642,34,True,True,0,0.029436588287353516,{'toeplitz_matrix': 1},False,,key2_placeholder_toeplitz_0.1,14,toeplitz,0.1,placeholder,2,0.0026737967914438
0.1,0.0,0.0,0.0,0.0,1642,34,True,True,0,0.03469276428222656,{},False,,key2_placeholder_toeplitz_0.1,15,toeplitz,0.1,placeholder,2,0.0026737967914438
0.1,0.0,0.0,0.0,0.0,1642,34,True,True,0,0.030957460403442383,{},False,,key2_placeholder_toeplitz_0.1,16,toeplitz,0.1,placeholder,2,0.0026737967914438
0.1,0.0,0.0,0.0,0.0,1642,34,True,True,0,0.032654523849487305,{'toeplitz_matrix': 1},False,,key2_placeholder_toeplitz_0.1,17,toeplitz,0.1,placeholder,2,0.0026737967914438
0.1,0.0,0.0,0.0,0.0,1642,34,True,True,0,0.026625871658325195,{},False,,key2_placeholder_toeplitz_0.1,18,toeplitz,0.1,placeholder,2,0.0026737967914438
0.1,0.0,0.0,0.0,0.0,1642,34,True,True,0,0.03542375564575195,{},False,,key2_placeholder_toeplitz_0.1,19,toeplitz,0.1,placeholder,2,0.0026737967914438
0.05,0.0,0.0,0.0,0.0,1642,34,True,True,0,0.03190469741821289,{},False,,key2_placeholder_toeplitz_0.05,0,toeplitz,0.05,placeholder,2,0.0026737967914438
0.05,0.0,0.0,0.0,0.0,1642,34,True,True,0,0.032145023345947266,{'toeplitz_matrix': 1},False,,key2_placeholder_toeplitz_0.05,1,toeplitz,0.05,placeholder,2,0.0026737967914438
0.05,0.0,0.0,0.0,0.0005952380952380953,1642,34,False,False,818,0.03543591499328613,{},False,,key2_placeholder_toeplitz_0.05,2,toeplitz,0.05,placeholder,2,0.0026737967914438
0.05,0.0,0.0,0.0,0.0005952380952380953,1642,34,False,False,813,0.032901763916015625,{},False,,key2_placeholder_toeplitz_0.05,3,toeplitz,0.05,placeholder,2,0.0026737967914438
0.05,0.0,0.0,0.0,0.0,1642,34,True,True,0,0.031140565872192383,{},False,,key2_placeholder_toeplitz_0.05,4,toeplitz,0.05,placeholder,2,0.0026737967914438
0.05,0.0,0.0,0.0,0.0,1642,34,True,True,0,0.028463125228881836,{},False,,key2_placeholder_toeplitz_0.05,5,toeplitz,0.05,placeholder,2,0.0026737967914438
0.05,0.0,0.0,0.0,0.0,1642,34,True,True,0,0.0370945930480957,{},False,,key2_placeholder_toeplitz_0.05,6,toeplitz,0.05,placeholder,2,0.0026737967914438
0.05,0.0,0.0,0.0,0.0,1642,34,True,True,0,0.026625871658325195,{},False,,key2_placeholder_toeplitz_0.05,7,toeplitz,0.05,placeholder,2,0.0026737967914438
0.05,0.0,0.0,0.0,0.0,1642,34,True,True,0,0.02712726593017578,{},False,,key2_placeholder_toeplitz_0.05,8,toeplitz,0.05,placeholder,2,0.0026737967914438
0.05,0.0,0.0,0.0,0.0,1642,34,True,True,0,0.03274226188659668,{},False,,key2_placeholder_toeplitz_0.05,9,toeplitz,0.05,placeholder,2,0.0026737967914438
0.05,0.0,0.0,0.0,0.0,1642,34,True,True,0,0.03221869468688965,{},False,,key2_placeholder_toeplitz_0.05,10,toeplitz,0.05,placeholder,2,0.0026737967914438
0.05,0.0,0.0,0.0,0.0,1642,34,True,True,0,0.036202430725097656,{},False,,key2_placeholder_toeplitz_0.05,11,toeplitz,0.05,placeholder,2,0.0026737967914438
0.05,0.0,0.0,0.0,0.0,1642,34,True,True,0,0.033058881759643555,{},False,,key2_placeholder_toeplitz_0.05,12,toeplitz,0.05,placeholder,2,0.0026737967914438
0.05,0.0,0.0,0.0,0.0,1642,34,True,True,0,0.0337979793548584,{},False,,key2_placeholder_toeplitz_0.05,13,toeplitz,0.05,placeholder,2,0.0026737967914438
0.05,0.0,0.0,0.0,0.0,1642,34,True,True,0,0.03085780143737793,{},False,,key2_placeholder_toeplitz_0.05,14,toeplitz,0.05,placeholder,2,0.0026737967914438
0.05,0.0,0.0,0.0,0.0,1642,34,True,True,0,0.03136777877807617,{},False,,key2_placeholder_toeplitz_0.05,15,toeplitz,0.05,placeholder,2,0.0026737967914438
0.05,0.0,0.0,0.0,0.0,1642,34,True,True,0,0.02687525749206543,{},False,,key2_placeholder_toeplitz_0.05,16,toeplitz,0.05,placeholder,2,0.0026737967914438
0.05,0.0,0.0,0.0,0.0,1642,34,True,True,0,0.032773494720458984,{},False,,key2_placeholder_toeplitz_0.05,17,toeplitz,0.05,placeholder,2,0.0026737967914438
0.05,0.0,0.0,0.0,0.0,1642,34,True,True,0,0.028987407684326172,{},False,,key2_placeholder_toeplitz_0.05,18,toeplitz,0.05,placeholder,2,0.0026737967914438
0.05,0.0,0.0,0.0,0.0,1642,34,True,True,0,0.034201860427856445,{},False,,key2_placeholder_toeplitz_0.05,19,toeplitz,0.05,placeholder,2,0.0026737967914438
0.03,0.0,0.0,0.0,0.0,1642,34,True,True,0,0.032889604568481445,{},False,,key2_placeholder_toeplitz_0.03,0,toeplitz,0.03,placeholder,2,0.0026737967914438
0.03,0.0,0.0,0.0,0.0,1642,34,True,True,0,0.03406715393066406,{},False,,key2_placeholder_toeplitz_0.03,1,toeplitz,0.03,placeholder,2,0.0026737967914438
0.03,0.0,0.0,0.0,0.0005952380952380953,1642,34,False,False,828,0.03270888328552246,{},False,,key2_placeholder_toeplitz_0.03,2,toeplitz,0.03,placeholder,2,0.0026737967914438
0.03,0.0,0.0,0.0,0.0005952380952380953,1642,34,False,False,803,0.03203725814819336,{},False,,key2_placeholder_toeplitz_0.03,3,toeplitz,0.03,placeholder,2,0.0026737967914438
0.03,0.0,0.0,0.0,0.0,1642,34,True,True,0,0.03000020980834961,{},False,,key2_placeholder_toeplitz_0.03,4,toeplitz,0.03,placeholder,2,0.0026737967914438
0.03,0.0,0.0,0.0,0.0,1642,34,True,True,0,0.027495145797729492,{},False,,key2_placeholder_toeplitz_0.03,5,toeplitz,0.03,placeholder,2,0.0026737967914438
0.03,0.0,0.0,0.0,0.0,1642,34,True,True,0,0.0337831974029541,{},False,,key2_placeholder_toeplitz_0.03,6,toeplitz,0.03,placeholder,2,0.0026737967914438
0.03,0.0,0.0,0.0,0.0,1642,34,True,True,0,0.03141021728515625,{},False,,key2_placeholder_toeplitz_0.03,7,toeplitz,0.03,placeholder,2,0.0026737967914438
0.03,0.0,0.0,0.0,0.0,1642,34,True,True,0,0.03201174736022949,{},False,,key2_placeholder_toeplitz_0.03,8,toeplitz,0.03,placeholder,2,0.0026737967914438
0.03,0.0,0.0,0.0,0.0,1642,34,True,True,0,0.03198957443237305,{},False,,key2_placeholder_toeplitz_0.03,9,toeplitz,0.03,placeholder,2,0.0026737967914438
0.03,0.0,0.0,0.0,0.0,1642,34,True,True,0,0.03235054016113281,{},False,,key2_placeholder_toeplitz_0.03,10,toeplitz,0.03,placeholder,2,0.0026737967914438
0.03,0.0,0.0,0.0,0.0,1642,34,True,True,0,0.03286576271057129,{},False,,key2_placeholder_toeplitz_0.03,11,toeplitz,0.03,placeholder,2,0.0026737967914438
0.03,0.0,0.0,0.0,0.0,1642,34,True,True,0,0.03346419334411621,{},False,,key2_placeholder_toeplitz_0.03,12,toeplitz,0.03,placeholder,2,0.0026737967914438
0.03,0.0,0.0,0.0,0.0,1642,34,True,True,0,0.03373885154724121,{},False,,key2_placeholder_toeplitz_0.03,13,toeplitz,0.03,placeholder,2,0.0026737967914438
0.03,0.0,0.0,0.0,0.0,1642,34,True,True,0,0.0314178466796875,{},False,,key2_placeholder_toeplitz_0.03,14,toeplitz,0.03,placeholder,2,0.0026737967914438
0.03,0.0,0.0,0.0,0.0,1642,34,True,True,0,0.031130313873291016,{},False,,key2_placeholder_toeplitz_0.03,15,toeplitz,0.03,placeholder,2,0.0026737967914438
0.03,0.0,0.0,0.0,0.0,1642,34,True,True,0,0.029013395309448242,{},False,,key2_placeholder_toeplitz_0.03,16,toeplitz,0.03,placeholder,2,0.0026737967914438
0.03,0.0,0.0,0.0,0.0,1642,34,True,True,0,0.034479618072509766,{},False,,key2_placeholder_toeplitz_0.03,17,toeplitz,0.03,placeholder,2,0.0026737967914438
0.03,0.0,0.0,0.0,0.0,1642,34,True,True,0,0.027257919311523438,{},False,,key2_placeholder_toeplitz_0.03,18,toeplitz,0.03,placeholder,2,0.0026737967914438
0.03,0.0,0.0,0.0,0.0,1642,34,True,True,0,0.034081459045410156,{},False,,key2_placeholder_toeplitz_0.03,19,toeplitz,0.03,placeholder,2,0.0026737967914438
0.01,0.0,0.0,0.0,0.0,1642,34,True,True,0,0.031748294830322266,{},False,,key2_placeholder_toeplitz_0.01,0,toeplitz,0.01,placeholder,2,0.0026737967914438
0.01,0.0,0.0,0.0,0.0,1642,34,True,True,0,0.03471493721008301,{},False,,key2_placeholder_toeplitz_0.01,1,toeplitz,0.01,placeholder,2,0.0026737967914438
0.01,0.0,0.0,0.0,0.0005952380952380953,1642,34,False,False,769,0.032004356384277344,{},False,,key2_placeholder_toeplitz_0.01,2,toeplitz,0.01,placeholder,2,0.0026737967914438
0.01,0.0,0.0,0.0,0.0005952380952380953,1642,34,False,False,836,0.032749176025390625,{},False,,key2_placeholder_toeplitz_0.01,3,toeplitz,0.01,placeholder,2,0.0026737967914438
0.01,0.0,0.0,0.0,0.0,1642,34,True,True,0,0.029892444610595703,{},False,,key2_placeholder_toeplitz_0.01,4,toeplitz,0.01,placeholder,2,0.0026737967914438
0.01,0.0,0.0,0.0,0.0,1642,34,True,True,0,0.025986433029174805,{},False,,key2_placeholder_toeplitz_0.01,5,toeplitz,0.01,placeholder,2,0.0026737967914438
0.01,0.0,0.0,0.0,0.0,1642,34,True,True,0,0.03192543983459473,{},False,,key2_placeholder_toeplitz_0.01,6,toeplitz,0.01,placeholder,2,0.0026737967914438
0.01,0.0,0.0,0.0,0.0,1642,34,True,True,0,0.031041860580444336,{},False,,key2_placeholder_toeplitz_0.01,7,toeplitz,0.01,placeholder,2,0.0026737967914438
0.01,0.0,0.0,0.0,0.0,1642,34,True,True,0,0.028539657592773438,{},False,,key2_placeholder_toeplitz_0.01,8,toeplitz,0.01,placeholder,2,0.0026737967914438
0.01,0.0,0.0,0.0,0.0,1642,34,True,True,0,0.03193998336791992,{},False,,key2_placeholder_toeplitz_0.01,9,toeplitz,0.01,placeholder,2,0.0026737967914438
0.01,0.0,0.0,0.0,0.0,1642,34,True,True,0,0.0399477481842041,{},False,,key2_placeholder_toeplitz_0.01,10,toeplitz,0.01,placeholder,2,0.0026737967914438
0.01,0.0,0.0,0.0,0.0,1642,34,True,True,0,0.03941679000854492,{},False,,key2_placeholder_toeplitz_0.01,11,toeplitz,0.01,placeholder,2,0.0026737967914438
0.01,0.0,0.0,0.0,0.0,1642,34,True,True,0,0.034784793853759766,{},False,,key2_placeholder_toeplitz_0.01,12,toeplitz,0.01,placeholder,2,0.0026737967914438
0.01,0.0,0.0,0.0,0.0,1642,34,True,True,0,0.03400397300720215,{},False,,key2_placeholder_toeplitz_0.01,13,toeplitz,0.01,placeholder,2,0.0026737967914438
0.01,0.0,0.0,0.0,0.0,1642,34,True,True,0,0.03142213821411133,{},False,,key2_placeholder_toeplitz_0.01,14,toeplitz,0.01,placeholder,2,0.0026737967914438
0.01,0.0,0.0,0.0,0.0,1642,34,True,True,0,0.031839609146118164,{},False,,key2_placeholder_toeplitz_0.01,15,toeplitz,0.01,placeholder,2,0.0026737967914438
0.01,0.0,0.0,0.0,0.0,1642,34,True,True,0,0.027057647705078125,{},False,,key2_placeholder_toeplitz_0.01,16,toeplitz,0.01,placeholder,2,0.0026737967914438
0.01,0.0,0.0,0.0,0.0,1642,34,True,True,0,0.03446817398071289,{},False,,key2_placeholder_toeplitz_0.01,17,toeplitz,0.01,placeholder,2,0.0026737967914438
0.01,0.0,0.0,0.0,0.0,1642,34,True,True,0,0.03261518478393555,{},False,,key2_placeholder_toeplitz_0.01,18,toeplitz,0.01,placeholder,2,0.0026737967914438
0.01,0.0,0.0,0.0,0.0,1642,34,True,True,0,0.03433656692504883,{},False,,key2_placeholder_toeplitz_0.01,19,toeplitz,0.01,placeholder,2,0.0026737967914438
0.003,0.0,0.0,0.0,0.0,1642,34,True,True,0,0.031046152114868164,{},False,,key2_placeholder_toeplitz_0.003,0,toeplitz,0.003,placeholder,2,0.0026737967914438
0.003,0.0,0.0,0.0,0.0,1642,34,True,True,0,0.03507828712463379,{},False,,key2_placeholder_toeplitz_0.003,1,toeplitz,0.003,placeholder,2,0.0026737967914438
0.003,0.0,0.0,0.0,0.0005952380952380953,1642,34,False,False,817,0.031185150146484375,{},False,,key2_placeholder_toeplitz_0.003,2,toeplitz,0.003,placeholder,2,0.0026737967914438
0.003,0.0,0.0,0.0,0.0005952380952380953,1642,34,False,False,819,0.032766103744506836,{},False,,key2_placeholder_toeplitz_0.003,3,toeplitz,0.003,placeholder,2,0.0026737967914438
0.003,0.0,0.0,0.0,0.0,1642,34,True,True,0,0.03183126449584961,{},False,,key2_placeholder_toeplitz_0.003,4,toeplitz,0.003,placeholder,2,0.0026737967914438
0.003,0.0,0.0,0.0,0.0,1642,34,True,True,0,0.027960538864135742,{},False,,key2_placeholder_toeplitz_0.003,5,toeplitz,0.003,placeholder,2,0.0026737967914438
0.003,0.0,0.0,0.0,0.0,1642,34,True,True,0,0.03405404090881348,{},False,,key2_placeholder_toeplitz_0.003,6,toeplitz,0.003,placeholder,2,0.0026737967914438
0.003,0.0,0.0,0.0,0.0,1642,34,True,True,0,0.027841567993164062,{},False,,key2_placeholder_toeplitz_0.003,7,toeplitz,0.003,placeholder,2,0.0026737967914438
0.003,0.0,0.0,0.0,0.0,1642,34,True,True,0,0.028127193450927734,{},False,,key2_placeholder_toeplitz_0.003,8,toeplitz,0.003,placeholder,2,0.0026737967914438
0.003,0.0,0.0,0.0,0.0,1642,34,True,True,0,0.0329127311706543,{},False,,key2_placeholder_toeplitz_0.003,9,toeplitz,0.003,placeholder,2,0.0026737967914438
0.003,0.0,0.0,0.0,0.0,1642,34,True,True,0,0.03192329406738281,{},False,,key2_placeholder_toeplitz_0.003,10,toeplitz,0.003,placeholder,2,0.0026737967914438
0.003,0.0,0.0,0.0,0.0,1642,34,True,True,0,0.032689809799194336,{},False,,key2_placeholder_toeplitz_0.003,11,toeplitz,0.003,placeholder,2,0.0026737967914438
0.003,0.0,0.0,0.0,0.0,1642,34,True,True,0,0.03332853317260742,{},False,,key2_placeholder_toeplitz_0.003,12,toeplitz,0.003,placeholder,2,0.0026737967914438
0.003,0.0,0.0,0.0,0.0,1642,34,True,True,0,0.03600192070007324,{},False,,key2_placeholder_toeplitz_0.003,13,toeplitz,0.003,placeholder,2,0.0026737967914438
0.003,0.0,0.0,0.0,0.0,1642,34,True,True,0,0.03091120719909668,{},False,,key2_placeholder_toeplitz_0.003,14,toeplitz,0.003,placeholder,2,0.0026737967914438
0.003,0.0,0.0,0.0,0.0,1642,34,True,True,0,0.03233170509338379,{},False,,key2_placeholder_toeplitz_0.003,15,toeplitz,0.003,placeholder,2,0.0026737967914438
0.003,0.0,0.0,0.0,0.0,1642,34,True,True,0,0.02780437469482422,{},False,,key2_placeholder_toeplitz_0.003,16,toeplitz,0.003,placeholder,2,0.0026737967914438
0.003,0.0,0.0,0.0,0.0,1642,34,True,True,0,0.03422117233276367,{},False,,key2_placeholder_toeplitz_0.003,17,toeplitz,0.003,placeholder,2,0.0026737967914438
0.003,0.0,0.0,0.0,0.0,1642,34,True,True,0,0.02838444709777832,{},False,,key2_placeholder_toeplitz_0.003,18,toeplitz,0.003,placeholder,2,0.0026737967914438
0.003,0.0,0.0,0.0,0.0,1642,34,True,True,0,0.03605961799621582,{},False,,key2_placeholder_toeplitz_0.003,19,toeplitz,0.003,placeholder,2,0.0026737967914438
0.001,0.0,0.0,0.0,0.0,1642,34,True,True,0,0.03245186805725098,{},False,,key2_placeholder_toeplitz_0.001,0,toeplitz,0.001,placeholder,2,0.0026737967914438
0.001,0.0,0.0,0.0,0.0,1642,34,True,True,0,0.033313751220703125,{},False,,key2_placeholder_toeplitz_0.001,1,toeplitz,0.001,placeholder,2,0.0026737967914438
0.001,0.0,0.0,0.0,0.0005952380952380953,1642,34,False,False,829,0.0322721004486084,{},False,,key2_placeholder_toeplitz_0.001,2,toeplitz,0.001,placeholder,2,0.0026737967914438
0.001,0.0,0.0,0.0,0.0005952380952380953,1642,34,False,False,808,0.03445601463317871,{},False,,key2_placeholder_toeplitz_0.001,3,toeplitz,0.001,placeholder,2,0.0026737967914438
0.001,0.0,0.0,0.0,0.0,1642,34,True,True,0,0.030993938446044922,{},False,,key2_placeholder_toeplitz_0.001,4,toeplitz,0.001,placeholder,2,0.0026737967914438
0.001,0.0,0.0,0.0,0.0,1642,34,True,True,0,0.027667760848999023,{},False,,key2_placeholder_toeplitz_0.001,5,toeplitz,0.001,placeholder,2,0.0026737967914438
0.001,0.0,0.0,0.0,0.0,1642,34,True,True,0,0.03243517875671387,{},False,,key2_placeholder_toeplitz_0.001,6,toeplitz,0.001,placeholder,2,0.0026737967914438
0.001,0.0,0.0,0.0,0.0,1642,34,True,True,0,0.028158187866210938,{},False,,key2_placeholder_toeplitz_0.001,7,toeplitz,0.001,placeholder,2,0.0026737967914438
0.001,0.0,0.0,0.0,0.0,1642,34,True,True,0,0.027332544326782227,{},False,,key2_placeholder_toeplitz_0.001,8,toeplitz,0.001,placeholder,2,0.0026737967914438
0.001,0.0,0.0,0.0,0.0,1642,34,True,True,0,0.04075455665588379,{},False,,key2_placeholder_toeplitz_0.001,9,toeplitz,0.001,placeholder,2,0.0026737967914438
0.001,0.0,0.0,0.0,0.0,1642,34,True,True,0,0.032233238220214844,{},False,,key2_placeholder_toeplitz_0.001,10,toeplitz,0.001,placeholder,2,0.0026737967914438
0.001,0.0,0.0,0.0,0.0,1642,34,True,True,0,0.037180185317993164,{},False,,key2_placeholder_toeplitz_0.001,11,toeplitz,0.001,placeholder,2,0.0026737967914438
0.001,0.0,0.0,0.0,0.0,1642,34,True,True,0,0.03272533416748047,{},False,,key2_placeholder_toeplitz_0.001,12,toeplitz,0.001,placeholder,2,0.0026737967914438
0.001,0.0,0.0,0.0,0.0,1642,34,True,True,0,0.03304553031921387,{},False,,key2_placeholder_toeplitz_0.001,13,toeplitz,0.001,placeholder,2,0.0026737967914438
0.001,0.0,0.0,0.0,0.0,1642,34,True,True,0,0.031507015228271484,{},False,,key2_placeholder_toeplitz_0.001,14,toeplitz,0.001,placeholder,2,0.0026737967914438
0.001,0.0,0.0,0.0,0.0,1642,34,True,True,0,0.03400611877441406,{},False,,key2_placeholder_toeplitz_0.001,15,toeplitz,0.001,placeholder,2,0.0026737967914438
0.001,0.0,0.0,0.0,0.0,1642,34,True,True,0,0.027826309204101562,{},False,,key2_placeholder_toeplitz_0.001,16,toeplitz,0.001,placeholder,2,0.0026737967914438
0.001,0.0,0.0,0.0,0.0,1642,34,True,True,0,0.034011125564575195,{},False,,key2_placeholder_toeplitz_0.001,17,toeplitz,0.001,placeholder,2,0.0026737967914438
0.001,0.0,0.0,0.0,0.0,1642,34,True,True,0,0.028869152069091797,{},False,,key2_placeholder_toeplitz_0.001,18,toeplitz,0.001,placeholder,2,0.0026737967914438
0.001,0.0,0.0,0.0,0.0,1642,34,True,True,0,0.033371925354003906,{},False,,key2_placeholder_toeplitz_0.001,19,toeplitz,0.001,placeholder,2,0.0026737967914438
0.0,0.5,0.0,0.0,0.0,1642,34,True,True,0,0.030959367752075195,{},False,,key2_placeholder_final_key_0.5,0,final_key,0.5,placeholder,2,0.0026737967914438
0.0,0.5,0.0,0.0,0.0,1642,34,True,False,1,0.03393054008483887,{'final_key': 1},False,,key2_placeholder_final_key_0.5,1,final_key,0.5,placeholder,2,0.0026737967914438
0.0,0.5,0.0,0.0,0.0005952380952380953,1642,34,False,False,843,0.034796953201293945,{'final_key': 1},False,,key2_placeholder_final_key_0.5,2,final_key,0.5,placeholder,2,0.0026737967914438
0.0,0.5,0.0,0.0,0.0005952380952380953,1642,34,False,False,827,0.0325016975402832,{},False,,key2_placeholder_final_key_0.5,3,final_key,0.5,placeholder,2,0.0026737967914438
0.0,0.5,0.0,0.0,0.0,1642,34,True,False,1,0.033007144927978516,{'final_key': 1},False,,key2_placeholder_final_key_0.5,4,final_key,0.5,placeholder,2,0.0026737967914438
0.0,0.5,0.0,0.0,0.0,1642,34,True,True,0,0.028013944625854492,{},False,,key2_placeholder_final_key_0.5,5,final_key,0.5,placeholder,2,0.0026737967914438
0.0,0.5,0.0,0.0,0.0,1642,34,True,False,1,0.03330564498901367,{'final_key': 1},False,,key2_placeholder_final_key_0.5,6,final_key,0.5,placeholder,2,0.0026737967914438
0.0,0.5,0.0,0.0,0.0,1642,34,True,False,1,0.02729487419128418,{'final_key': 1},False,,key2_placeholder_final_key_0.5,7,final_key,0.5,placeholder,2,0.0026737967914438
0.0,0.5,0.0,0.0,0.0,1642,34,True,False,1,0.02732992172241211,{'final_key': 1},False,,key2_placeholder_final_key_0.5,8,final_key,0.5,placeholder,2,0.0026737967914438
0.0,0.5,0.0,0.0,0.0,1642,34,True,False,1,0.034958600997924805,{'final_key': 1},False,,key2_placeholder_final_key_0.5,9,final_key,0.5,placeholder,2,0.0026737967914438
0.0,0.5,0.0,0.0,0.0,1642,34,True,True,0,0.03174138069152832,{},False,,key2_placeholder_final_key_0.5,10,final_key,0.5,placeholder,2,0.0026737967914438
0.0,0.5,0.0,0.0,0.0,1642,34,True,True,0,0.0327603816986084,{},False,,key2_placeholder_final_key_0.5,11,final_key,0.5,placeholder,2,0.0026737967914438
0.0,0.5,0.0,0.0,0.0,1642,34,True,True,0,0.03358149528503418,{},False,,key2_placeholder_final_key_0.5,12,final_key,0.5,placeholder,2,0.0026737967914438
0.0,0.5,0.0,0.0,0.0,1642,34,True,True,0,0.034401655197143555,{},False,,key2_placeholder_final_key_0.5,13,final_key,0.5,placeholder,2,0.0026737967914438
0.0,0.5,0.0,0.0,0.0,1642,34,True,False,1,0.030063390731811523,{'final_key': 1},False,,key2_placeholder_final_key_0.5,14,final_key,0.5,placeholder,2,0.0026737967914438
0.0,0.5,0.0,0.0,0.0,1642,34,True,True,0,0.03192400932312012,{},False,,key2_placeholder_final_key_0.5,15,final_key,0.5,placeholder,2,0.0026737967914438
0.0,0.5,0.0,0.0,0.0,1642,34,True,False,1,0.02950739860534668,{'final_key': 1},False,,key2_placeholder_final_key_0.5,16,final_key,0.5,placeholder,2,0.0026737967914438
0.0,0.5,0.0,0.0,0.0,1642,34,True,True,0,0.03365635871887207,{},False,,key2_placeholder_final_key_0.5,17,final_key,0.5,placeholder,2,0.0026737967914438
0.0,0.5,0.0,0.0,0.0,1642,34,True,False,1,0.02732110023498535,{'final_key': 1},False,,key2_placeholder_final_key_0.5,18,final_key,0.5,placeholder,2,0.0026737967914438
0.0,0.5,0.0,0.0,0.0,1642,34,True,True,0,0.03536105155944824,{},False,,key2_placeholder_final_key_0.5,19,final_key,0.5,placeholder,2,0.0026737967914438
0.0,0.3,0.0,0.0,0.0,1642,34,True,True,0,0.03783535957336426,{},False,,key2_placeholder_final_key_0.3,0,final_key,0.3,placeholder,2,0.0026737967914438
0.0,0.3,0.0,0.0,0.0,1642,34,True,True,0,0.03409528732299805,{},False,,key2_placeholder_final_key_0.3,1,final_key,0.3,placeholder,2,0.0026737967914438
0.0,0.3,0.0,0.0,0.0005952380952380953,1642,34,False,False,824,0.03229236602783203,{'final_key': 1},False,,key2_placeholder_final_key_0.3,2,final_key,0.3,placeholder,2,0.0026737967914438
0.0,0.3,0.0,0.0,0.0005952380952380953,1642,34,False,False,812,0.03392171859741211,{},False,,key2_placeholder_final_key_0.3,3,final_key,0.3,placeholder,2,0.0026737967914438
0.0,0.3,0.0,0.0,0.0,1642,34,True,False,1,0.029901981353759766,{'final_key': 1},False,,key2_placeholder_final_key_0.3,4,final_key,0.3,placeholder,2,0.0026737967914438
0.0,0.3,0.0,0.0,0.0,1642,34,True,True,0,0.02609848976135254,{},False,,key2_placeholder_final_key_0.3,5,final_key,0.3,placeholder,2,0.0026737967914438
0.0,0.3,0.0,0.0,0.0,1642,34,True,False,1,0.03185701370239258,{'final_key': 1},False,,key2_placeholder_final_key_0.3,6,final_key,0.3,placeholder,2,0.0026737967914438
0.0,0.3,0.0,0.0,0.0,1642,34,True,False,1,0.02949357032775879,{'final_key': 1},False,,key2_placeholder_final_key_0.3,7,final_key,0.3,placeholder,2,0.0026737967914438
0.0,0.3,0.0,0.0,0.0,1642,34,True,False,1,0.02718520164489746,{'final_key': 1},False,,key2_placeholder_final_key_0.3,8,final_key,0.3,placeholder,2,0.0026737967914438
0.0,0.3,0.0,0.0,0.0,1642,34,True,True,0,0.03679609298706055,{},False,,key2_placeholder_final_key_0.3,9,final_key,0.3,placeholder,2,0.0026737967914438
0.0,0.3,0.0,0.0,0.0,1642,34,True,True,0,0.031653642654418945,{},False,,key2_placeholder_final_key_0.3,10,final_key,0.3,placeholder,2,0.0026737967914438
0.0,0.3,0.0,0.0,0.0,1642,34,True,True,0,0.032878875732421875,{},False,,key2_placeholder_final_key_0.3,11,final_key,0.3,placeholder,2,0.0026737967914438
0.0,0.3,0.0,0.0,0.0,1642,34,True,True,0,0.03238534927368164,{},False,,key2_placeholder_final_key_0.3,12,final_key,0.3,placeholder,2,0.0026737967914438
0.0,0.3,0.0,0.0,0.0,1642,34,True,True,0,0.03359413146972656,{},False,,key2_placeholder_final_key_0.3,13,final_key,0.3,placeholder,2,0.0026737967914438
0.0,0.3,0.0,0.0,0.0,1642,34,True,True,0,0.02991771697998047,{},False,,key2_placeholder_final_key_0.3,14,final_key,0.3,placeholder,2,0.0026737967914438
0.0,0.3,0.0,0.0,0.0,1642,34,True,True,0,0.030790090560913086,{},False,,key2_placeholder_final_key_0.3,15,final_key,0.3,placeholder,2,0.0026737967914438
0.0,0.3,0.0,0.0,0.0,1642,34,True,False,1,0.02862262725830078,{'final_key': 1},False,,key2_placeholder_final_key_0.3,16,final_key,0.3,placeholder,2,0.0026737967914438
0.0,0.3,0.0,0.0,0.0,1642,34,True,True,0,0.033396005630493164,{},False,,key2_placeholder_final_key_0.3,17,final_key,0.3,placeholder,2,0.0026737967914438
0.0,0.3,0.0,0.0,0.0,1642,34,True,False,1,0.029691457748413086,{'final_key': 1},False,,key2_placeholder_final_key_0.3,18,final_key,0.3,placeholder,2,0.0026737967914438
0.0,0.3,0.0,0.0,0.0,1642,34,True,True,0,0.03417468070983887,{},False,,key2_placeholder_final_key_0.3,19,final_key,0.3,placeholder,2,0.0026737967914438
0.0,0.1,0.0,0.0,0.0,1642,34,True,True,0,0.03598642349243164,{},False,,key2_placeholder_final_key_0.1,0,final_key,0.1,placeholder,2,0.0026737967914438
0.0,0.1,0.0,0.0,0.0,1642,34,True,True,0,0.0332789421081543,{},False,,key2_placeholder_final_key_0.1,1,final_key,0.1,placeholder,2,0.0026737967914438
0.0,0.1,0.0,0.0,0.0005952380952380953,1642,34,False,False,824,0.05844545364379883,{'final_key': 1},False,,key2_placeholder_final_key_0.1,2,final_key,0.1,placeholder,2,0.0026737967914438
0.0,0.1,0.0,0.0,0.0005952380952380953,1642,34,False,False,857,0.03236675262451172,{},False,,key2_placeholder_final_key_0.1,3,final_key,0.1,placeholder,2,0.0026737967914438
0.0,0.1,0.0,0.0,0.0,1642,34,True,False,1,0.029649734497070312,{'final_key': 1},False,,key2_placeholder_final_key_0.1,4,final_key,0.1,placeholder,2,0.0026737967914438
0.0,0.1,0.0,0.0,0.0,1642,34,True,True,0,0.027936220169067383,{},False,,key2_placeholder_final_key_0.1,5,final_key,0.1,placeholder,2,0.0026737967914438
0.0,0.1,0.0,0.0,0.0,1642,34,True,True,0,0.031557321548461914,{},False,,key2_placeholder_final_key_0.1,6,final_key,0.1,placeholder,2,0.0026737967914438
0.0,0.1,0.0,0.0,0.0,1642,34,True,True,0,0.026104450225830078,{},False,,key2_placeholder_final_key_0.1,7,final_key,0.1,placeholder,2,0.0026737967914438
0.0,0.1,0.0,0.0,0.0,1642,34,True,True,0,0.028887033462524414,{},False,,key2_placeholder_final_key_0.1,8,final_key,0.1,placeholder,2,0.0026737967914438
0.0,0.1,0.0,0.0,0.0,1642,34,True,True,0,0.03545546531677246,{},False,,key2_placeholder_final_key_0.1,9,final_key,0.1,placeholder,2,0.0026737967914438
0.0,0.1,0.0,0.0,0.0,1642,34,True,True,0,0.04188203811645508,{},False,,key2_placeholder_final_key_0.1,10,final_key,0.1,placeholder,2,0.0026737967914438
0.0,0.1,0.0,0.0,0.0,1642,34,True,True,0,0.03387641906738281,{},False,,key2_placeholder_final_key_0.1,11,final_key,0.1,placeholder,2,0.0026737967914438
0.0,0.1,0.0,0.0,0.0,1642,34,True,True,0,0.03322339057922363,{},False,,key2_placeholder_final_key_0.1,12,final_key,0.1,placeholder,2,0.0026737967914438
0.0,0.1,0.0,0.0,0.0,1642,34,True,True,0,0.0330045223236084,{},False,,key2_placeholder_final_key_0.1,13,final_key,0.1,placeholder,2,0.0026737967914438
0.0,0.1,0.0,0.0,0.0,1642,34,True,True,0,0.030399084091186523,{},False,,key2_placeholder_final_key_0.1,14,final_key,0.1,placeholder,2,0.0026737967914438
0.0,0.1,0.0,0.0,0.0,1642,34,True,True,0,0.03512310981750488,{},False,,key2_placeholder_final_key_0.1,15,final_key,0.1,placeholder,2,0.0026737967914438
0.0,0.1,0.0,0.0,0.0,1642,34,True,False,1,0.027317047119140625,{'final_key': 1},False,,key2_placeholder_final_key_0.1,16,final_key,0.1,placeholder,2,0.0026737967914438
0.0,0.1,0.0,0.0,0.0,1642,34,True,True,0,0.03544425964355469,{},False,,key2_placeholder_final_key_0.1,17,final_key,0.1,placeholder,2,0.0026737967914438
0.0,0.1,0.0,0.0,0.0,1642,34,True,False,1,0.02726006507873535,{'final_key': 1},False,,key2_placeholder_final_key_0.1,18,final_key,0.1,placeholder,2,0.0026737967914438
0.0,0.1,0.0,0.0,0.0,1642,34,True,True,0,0.032968759536743164,{},False,,key2_placeholder_final_key_0.1,19,final_key,0.1,placeholder,2,0.0026737967914438
0.0,0.05,0.0,0.0,0.0,1642,34,True,True,0,0.03423476219177246,{},False,,key2_placeholder_final_key_0.05,0,final_key,0.05,placeholder,2,0.0026737967914438
0.0,0.05,0.0,0.0,0.0,1642,34,True,True,0,0.05576324462890625,{},False,,key2_placeholder_final_key_0.05,1,final_key,0.05,placeholder,2,0.0026737967914438
0.0,0.05,0.0,0.0,0.0005952380952380953,1642,34,False,False,855,0.03143453598022461,{'final_key': 1},False,,key2_placeholder_final_key_0.05,2,final_key,0.05,placeholder,2,0.0026737967914438
0.0,0.05,0.0,0.0,0.0005952380952380953,1642,34,False,False,771,0.03257584571838379,{},False,,key2_placeholder_final_key_0.05,3,final_key,0.05,placeholder,2,0.0026737967914438
0.0,0.05,0.0,0.0,0.0,1642,34,True,True,0,0.030431032180786133,{},False,,key2_placeholder_final_key_0.05,4,final_key,0.05,placeholder,2,0.0026737967914438
0.0,0.05,0.0,0.0,0.0,1642,34,True,True,0,0.026827335357666016,{},False,,key2_placeholder_final_key_0.05,5,final_key,0.05,placeholder,2,0.0026737967914438
0.0,0.05,0.0,0.0,0.0,1642,34,True,True,0,0.031899213790893555,{},False,,key2_placeholder_final_key_0.05,6,final_key,0.05,placeholder,2,0.0026737967914438
0.0,0.05,0.0,0.0,0.0,1642,34,True,True,0,0.027655839920043945,{},False,,key2_placeholder_final_key_0.05,7,final_key,0.05,placeholder,2,0.0026737967914438
0.0,0.05,0.0,0.0,0.0,1642,34,True,True,0,0.028547286987304688,{},False,,key2_placeholder_final_key_0.05,8,final_key,0.05,placeholder,2,0.0026737967914438
0.0,0.05,0.0,0.0,0.0,1642,34,True,True,0,0.033182621002197266,{},False,,key2_placeholder_final_key_0.05,9,final_key,0.05,placeholder,2,0.0026737967914438
0.0,0.05,0.0,0.0,0.0,1642,34,True,True,0,0.033091068267822266,{},False,,key2_placeholder_final_key_0.05,10,final_key,0.05,placeholder,2,0.0026737967914438
0.0,0.05,0.0,0.0,0.0,1642,34,True,True,0,0.033071279525756836,{},False,,key2_placeholder_final_key_0.05,11,final_key,0.05,placeholder,2,0.0026737967914438
0.0,0.05,0.0,0.0,0.0,1642,34,True,True,0,0.033393144607543945,{},False,,key2_placeholder_final_key_0.05,12,final_key,0.05,placeholder,2,0.0026737967914438
0.0,0.05,0.0,0.0,0.0,1642,34,True,True,0,0.033066511154174805,{},False,,key2_placeholder_final_key_0.05,13,final_key,0.05,placeholder,2,0.0026737967914438
0.0,0.05,0.0,0.0,0.0,1642,34,True,True,0,0.028759479522705078,{},False,,key2_placeholder_final_key_0.05,14,final_key,0.05,placeholder,2,0.0026737967914438
0.0,0.05,0.0,0.0,0.0,1642,34,True,True,0,0.03390622138977051,{},False,,key2_placeholder_final_key_0.05,15,final_key,0.05,placeholder,2,0.0026737967914438
0.0,0.05,0.0,0.0,0.0,1642,34,True,False,1,0.026920795440673828,{'final_key': 1},False,,key2_placeholder_final_key_0.05,16,final_key,0.05,placeholder,2,0.0026737967914438
0.0,0.05,0.0,0.0,0.0,1642,34,True,True,0,0.03263258934020996,{},False,,key2_placeholder_final_key_0.05,17,final_key,0.05,placeholder,2,0.0026737967914438
0.0,0.05,0.0,0.0,0.0,1642,34,True,True,0,0.027489662170410156,{},False,,key2_placeholder_final_key_0.05,18,final_key,0.05,placeholder,2,0.0026737967914438
0.0,0.05,0.0,0.0,0.0,1642,34,True,True,0,0.033074140548706055,{},False,,key2_placeholder_final_key_0.05,19,final_key,0.05,placeholder,2,0.0026737967914438
0.0,0.03,0.0,0.0,0.0,1642,34,True,True,0,0.03439831733703613,{},False,,key2_placeholder_final_key_0.03,0,final_key,0.03,placeholder,2,0.0026737967914438
0.0,0.03,0.0,0.0,0.0,1642,34,True,True,0,0.03659701347351074,{},False,,key2_placeholder_final_key_0.03,1,final_key,0.03,placeholder,2,0.0026737967914438
0.0,0.03,0.0,0.0,0.0005952380952380953,1642,34,False,False,832,0.03626203536987305,{},False,,key2_placeholder_final_key_0.03,2,final_key,0.03,placeholder,2,0.0026737967914438
0.0,0.03,0.0,0.0,0.0005952380952380953,1642,34,False,False,807,0.03272724151611328,{},False,,key2_placeholder_final_key_0.03,3,final_key,0.03,placeholder,2,0.0026737967914438
0.0,0.03,0.0,0.0,0.0,1642,34,True,True,0,0.03058338165283203,{},False,,key2_placeholder_final_key_0.03,4,final_key,0.03,placeholder,2,0.0026737967914438
0.0,0.03,0.0,0.0,0.0,1642,34,True,True,0,0.026381731033325195,{},False,,key2_placeholder_final_key_0.03,5,final_key,0.03,placeholder,2,0.0026737967914438
0.0,0.03,0.0,0.0,0.0,1642,34,True,True,0,0.032657623291015625,{},False,,key2_placeholder_final_key_0.03,6,final_key,0.03,placeholder,2,0.0026737967914438
0.0,0.03,0.0,0.0,0.0,1642,34,True,True,0,0.026026248931884766,{},False,,key2_placeholder_final_key_0.03,7,final_key,0.03,placeholder,2,0.0026737967914438
0.0,0.03,0.0,0.0,0.0,1642,34,True,True,0,0.028966426849365234,{},False,,key2_placeholder_final_key_0.03,8,final_key,0.03,placeholder,2,0.0026737967914438
0.0,0.03,0.0,0.0,0.0,1642,34,True,True,0,0.03459310531616211,{},False,,key2_placeholder_final_key_0.03,9,final_key,0.03,placeholder,2,0.0026737967914438
0.0,0.03,0.0,0.0,0.0,1642,34,True,True,0,0.03489542007446289,{},False,,key2_placeholder_final_key_0.03,10,final_key,0.03,placeholder,2,0.0026737967914438
0.0,0.03,0.0,0.0,0.0,1642,34,True,True,0,0.03410506248474121,{},False,,key2_placeholder_final_key_0.03,11,final_key,0.03,placeholder,2,0.0026737967914438
0.0,0.03,0.0,0.0,0.0,1642,34,True,True,0,0.03322124481201172,{},False,,key2_placeholder_final_key_0.03,12,final_key,0.03,placeholder,2,0.0026737967914438
0.0,0.03,0.0,0.0,0.0,1642,34,True,True,0,0.03386521339416504,{},False,,key2_placeholder_final_key_0.03,13,final_key,0.03,placeholder,2,0.0026737967914438
0.0,0.03,0.0,0.0,0.0,1642,34,True,True,0,0.029470443725585938,{},False,,key2_placeholder_final_key_0.03,14,final_key,0.03,placeholder,2,0.0026737967914438
0.0,0.03,0.0,0.0,0.0,1642,34,True,True,0,0.030660152435302734,{},False,,key2_placeholder_final_key_0.03,15,final_key,0.03,placeholder,2,0.0026737967914438
0.0,0.03,0.0,0.0,0.0,1642,34,True,True,0,0.02842116355895996,{},False,,key2_placeholder_final_key_0.03,16,final_key,0.03,placeholder,2,0.0026737967914438
0.0,0.03,0.0,0.0,0.0,1642,34,True,True,0,0.03361940383911133,{},False,,key2_placeholder_final_key_0.03,17,final_key,0.03,placeholder,2,0.0026737967914438
0.0,0.03,0.0,0.0,0.0,1642,34,True,True,0,0.027141094207763672,{},False,,key2_placeholder_final_key_0.03,18,final_key,0.03,placeholder,2,0.0026737967914438
0.0,0.03,0.0,0.0,0.0,1642,34,True,True,0,0.03318214416503906,{},False,,key2_placeholder_final_key_0.03,19,final_key,0.03,placeholder,2,0.0026737967914438
0.0,0.01,0.0,0.0,0.0,1642,34,True,True,0,0.034931182861328125,{},False,,key2_placeholder_final_key_0.01,0,final_key,0.01,placeholder,2,0.0026737967914438
0.0,0.01,0.0,0.0,0.0,1642,34,True,True,0,0.03494834899902344,{},False,,key2_placeholder_final_key_0.01,1,final_key,0.01,placeholder,2,0.0026737967914438
0.0,0.01,0.0,0.0,0.0005952380952380953,1642,34,False,False,832,0.032517433166503906,{},False,,key2_placeholder_final_key_0.01,2,final_key,0.01,placeholder,2,0.0026737967914438
0.0,0.01,0.0,0.0,0.0005952380952380953,1642,34,False,False,832,0.035926103591918945,{},False,,key2_placeholder_final_key_0.01,3,final_key,0.01,placeholder,2,0.0026737967914438
0.0,0.01,0.0,0.0,0.0,1642,34,True,True,0,0.031158447265625,{},False,,key2_placeholder_final_key_0.01,4,final_key,0.01,placeholder,2,0.0026737967914438
0.0,0.01,0.0,0.0,0.0,1642,34,True,True,0,0.028006792068481445,{},False,,key2_placeholder_final_key_0.01,5,final_key,0.01,placeholder,2,0.0026737967914438
0.0,0.01,0.0,0.0,0.0,1642,34,True,True,0,0.032208919525146484,{},False,,key2_placeholder_final_key_0.01,6,final_key,0.01,placeholder,2,0.0026737967914438
0.0,0.01,0.0,0.0,0.0,1642,34,True,True,0,0.0265505313873291,{},False,,key2_placeholder_final_key_0.01,7,final_key,0.01,placeholder,2,0.0026737967914438
0.0,0.01,0.0,0.0,0.0,1642,34,True,True,0,0.02848052978515625,{},False,,key2_placeholder_final_key_0.01,8,final_key,0.01,placeholder,2,0.0026737967914438
0.0,0.01,0.0,0.0,0.0,1642,34,True,True,0,0.03282523155212402,{},False,,key2_placeholder_final_key_0.01,9,final_key,0.01,placeholder,2,0.0026737967914438
0.0,0.01,0.0,0.0,0.0,1642,34,True,True,0,0.035187482833862305,{},False,,key2_placeholder_final_key_0.01,10,final_key,0.01,placeholder,2,0.0026737967914438
0.0,0.01,0.0,0.0,0.0,1642,34,True,True,0,0.03550887107849121,{},False,,key2_placeholder_final_key_0.01,11,final_key,0.01,placeholder,2,0.0026737967914438
0.0,0.01,0.0,0.0,0.0,1642,34,True,True,0,0.03764700889587402,{},False,,key2_placeholder_final_key_0.01,12,final_key,0.01,placeholder,2,0.0026737967914438
0.0,0.01,0.0,0.0,0.0,1642,34,True,True,0,0.032674312591552734,{},False,,key2_placeholder_final_key_0.01,13,final_key,0.01,placeholder,2,0.0026737967914438
0.0,0.01,0.0,0.0,0.0,1642,34,True,True,0,0.02857351303100586,{},False,,key2_placeholder_final_key_0.01,14,final_key,0.01,placeholder,2,0.0026737967914438
0.0,0.01,0.0,0.0,0.0,1642,34,True,True,0,0.03200054168701172,{},False,,key2_placeholder_final_key_0.01,15,final_key,0.01,placeholder,2,0.0026737967914438
0.0,0.01,0.0,0.0,0.0,1642,34,True,True,0,0.026274919509887695,{},False,,key2_placeholder_final_key_0.01,16,final_key,0.01,placeholder,2,0.0026737967914438
0.0,0.01,0.0,0.0,0.0,1642,34,True,True,0,0.03349447250366211,{},False,,key2_placeholder_final_key_0.01,17,final_key,0.01,placeholder,2,0.0026737967914438
0.0,0.01,0.0,0.0,0.0,1642,34,True,True,0,0.02753162384033203,{},False,,key2_placeholder_final_key_0.01,18,final_key,0.01,placeholder,2,0.0026737967914438
0.0,0.01,0.0,0.0,0.0,1642,34,True,True,0,0.03680539131164551,{},False,,key2_placeholder_final_key_0.01,19,final_key,0.01,placeholder,2,0.0026737967914438
0.0,0.003,0.0,0.0,0.0,1642,34,True,True,0,0.031285762786865234,{},False,,key2_placeholder_final_key_0.003,0,final_key,0.003,placeholder,2,0.0026737967914438
0.0,0.003,0.0,0.0,0.0,1642,34,True,True,0,0.03313279151916504,{},False,,key2_placeholder_final_key_0.003,1,final_key,0.003,placeholder,2,0.0026737967914438
0.0,0.003,0.0,0.0,0.0005952380952380953,1642,34,False,False,843,0.032051801681518555,{},False,,key2_placeholder_final_key_0.003,2,final_key,0.003,placeholder,2,0.0026737967914438
0.0,0.003,0.0,0.0,0.0005952380952380953,1642,34,False,False,836,0.031993865966796875,{},False,,key2_placeholder_final_key_0.003,3,final_key,0.003,placeholder,2,0.0026737967914438
0.0,0.003,0.0,0.0,0.0,1642,34,True,True,0,0.03197073936462402,{},False,,key2_placeholder_final_key_0.003,4,final_key,0.003,placeholder,2,0.0026737967914438
0.0,0.003,0.0,0.0,0.0,1642,34,True,True,0,0.027119874954223633,{},False,,key2_placeholder_final_key_0.003,5,final_key,0.003,placeholder,2,0.0026737967914438
0.0,0.003,0.0,0.0,0.0,1642,34,True,True,0,0.035364389419555664,{},False,,key2_placeholder_final_key_0.003,6,final_key,0.003,placeholder,2,0.0026737967914438
0.0,0.003,0.0,0.0,0.0,1642,34,True,True,0,0.02780938148498535,{},False,,key2_placeholder_final_key_0.003,7,final_key,0.003,placeholder,2,0.0026737967914438
0.0,0.003,0.0,0.0,0.0,1642,34,True,True,0,0.02699446678161621,{},False,,key2_placeholder_final_key_0.003,8,final_key,0.003,placeholder,2,0.0026737967914438
0.0,0.003,0.0,0.0,0.0,1642,34,True,True,0,0.03184652328491211,{},False,,key2_placeholder_final_key_0.003,9,final_key,0.003,placeholder,2,0.0026737967914438
0.0,0.003,0.0,0.0,0.0,1642,34,True,True,0,0.032540082931518555,{},False,,key2_placeholder_final_key_0.003,10,final_key,0.003,placeholder,2,0.0026737967914438
0.0,0.003,0.0,0.0,0.0,1642,34,True,True,0,0.03489255905151367,{},False,,key2_placeholder_final_key_0.003,11,final_key,0.003,placeholder,2,0.0026737967914438
0.0,0.003,0.0,0.0,0.0,1642,34,True,True,0,0.03368997573852539,{},False,,key2_placeholder_final_key_0.003,12,final_key,0.003,placeholder,2,0.0026737967914438
0.0,0.003,0.0,0.0,0.0,1642,34,True,True,0,0.03390979766845703,{},False,,key2_placeholder_final_key_0.003,13,final_key,0.003,placeholder,2,0.0026737967914438
0.0,0.003,0.0,0.0,0.0,1642,34,True,True,0,0.029415369033813477,{},False,,key2_placeholder_final_key_0.003,14,final_key,0.003,placeholder,2,0.0026737967914438
0.0,0.003,0.0,0.0,0.0,1642,34,True,True,0,0.03213310241699219,{},False,,key2_placeholder_final_key_0.003,15,final_key,0.003,placeholder,2,0.0026737967914438
0.0,0.003,0.0,0.0,0.0,1642,34,True,True,0,0.026488065719604492,{},False,,key2_placeholder_final_key_0.003,16,final_key,0.003,placeholder,2,0.0026737967914438
0.0,0.003,0.0,0.0,0.0,1642,34,True,True,0,0.03423023223876953,{},False,,key2_placeholder_final_key_0.003,17,final_key,0.003,placeholder,2,0.0026737967914438
0.0,0.003,0.0,0.0,0.0,1642,34,True,True,0,0.028677940368652344,{},False,,key2_placeholder_final_key_0.003,18,final_key,0.003,placeholder,2,0.0026737967914438
0.0,0.003,0.0,0.0,0.0,1642,34,True,True,0,0.034155845642089844,{},False,,key2_placeholder_final_key_0.003,19,final_key,0.003,placeholder,2,0.0026737967914438
0.0,0.001,0.0,0.0,0.0,1642,34,True,True,0,0.03236126899719238,{},False,,key2_placeholder_final_key_0.001,0,final_key,0.001,placeholder,2,0.0026737967914438
0.0,0.001,0.0,0.0,0.0,1642,34,True,True,0,0.03300762176513672,{},False,,key2_placeholder_final_key_0.001,1,final_key,0.001,placeholder,2,0.0026737967914438
0.0,0.001,0.0,0.0,0.0005952380952380953,1642,34,False,False,818,0.03087139129638672,{},False,,key2_placeholder_final_key_0.001,2,final_key,0.001,placeholder,2,0.0026737967914438
0.0,0.001,0.0,0.0,0.0005952380952380953,1642,34,False,False,837,0.0383455753326416,{},False,,key2_placeholder_final_key_0.001,3,final_key,0.001,placeholder,2,0.0026737967914438
0.0,0.001,0.0,0.0,0.0,1642,34,True,True,0,0.0326848030090332,{},False,,key2_placeholder_final_key_0.001,4,final_key,0.001,placeholder,2,0.0026737967914438
0.0,0.001,0.0,0.0,0.0,1642,34,True,True,0,0.027770042419433594,{},False,,key2_placeholder_final_key_0.001,5,final_key,0.001,placeholder,2,0.0026737967914438
0.0,0.001,0.0,0.0,0.0,1642,34,True,True,0,0.0322568416595459,{},False,,key2_placeholder_final_key_0.001,6,final_key,0.001,placeholder,2,0.0026737967914438
0.0,0.001,0.0,0.0,0.0,1642,34,True,True,0,0.026949405670166016,{},False,,key2_placeholder_final_key_0.001,7,final_key,0.001,placeholder,2,0.0026737967914438
0.0,0.001,0.0,0.0,0.0,1642,34,True,True,0,0.028515338897705078,{},False,,key2_placeholder_final_key_0.001,8,final_key,0.001,placeholder,2,0.0026737967914438
0.0,0.001,0.0,0.0,0.0,1642,34,True,True,0,0.033799171447753906,{},False,,key2_placeholder_final_key_0.001,9,final_key,0.001,placeholder,2,0.0026737967914438
0.0,0.001,0.0,0.0,0.0,1642,34,True,True,0,0.03206181526184082,{},False,,key2_placeholder_final_key_0.001,10,final_key,0.001,placeholder,2,0.0026737967914438
0.0,0.001,0.0,0.0,0.0,1642,34,True,True,0,0.038176536560058594,{},False,,key2_placeholder_final_key_0.001,11,final_key,0.001,placeholder,2,0.0026737967914438
0.0,0.001,0.0,0.0,0.0,1642,34,True,True,0,0.03650069236755371,{},False,,key2_placeholder_final_key_0.001,12,final_key,0.001,placeholder,2,0.0026737967914438
0.0,0.001,0.0,0.0,0.0,1642,34,True,True,0,0.03297710418701172,{},False,,key2_placeholder_final_key_0.001,13,final_key,0.001,placeholder,2,0.0026737967914438
0.0,0.001,0.0,0.0,0.0,1642,34,True,True,0,0.02932000160217285,{},False,,key2_placeholder_final_key_0.001,14,final_key,0.001,placeholder,2,0.0026737967914438
0.0,0.001,0.0,0.0,0.0,1642,34,True,True,0,0.03280138969421387,{},False,,key2_placeholder_final_key_0.001,15,final_key,0.001,placeholder,2,0.0026737967914438
0.0,0.001,0.0,0.0,0.0,1642,34,True,True,0,0.026976823806762695,{},False,,key2_placeholder_final_key_0.001,16,final_key,0.001,placeholder,2,0.0026737967914438
0.0,0.001,0.0,0.0,0.0,1642,34,True,True,0,0.03270530700683594,{},False,,key2_placeholder_final_key_0.001,17,final_key,0.001,placeholder,2,0.0026737967914438
0.0,0.001,0.0,0.0,0.0,1642,34,True,True,0,0.028740406036376953,{},False,,key2_placeholder_final_key_0.001,18,final_key,0.001,placeholder,2,0.0026737967914438
0.0,0.001,0.0,0.0,0.0,1642,34,True,True,0,0.034609079360961914,{},False,,key2_placeholder_final_key_0.001,19,final_key,0.001,placeholder,2,0.0026737967914438
0.0,0.0,0.5,0.0,0.007142857142857143,1642,34,False,False,801,0.029883623123168945,{'reconciliation_state': 11},False,,key2_placeholder_reconciliation_0.5,0,reconciliation,0.5,placeholder,2,0.0026737967914438
0.0,0.0,0.5,0.0,0.005357142857142857,1642,34,False,False,828,0.03330564498901367,{'reconciliation_state': 8},False,,key2_placeholder_reconciliation_0.5,1,reconciliation,0.5,placeholder,2,0.0026737967914438
0.0,0.0,0.5,0.0,0.007738095238095238,1642,34,False,False,851,0.02248072624206543,{'reconciliation_state': 9},False,,key2_placeholder_reconciliation_0.5,2,reconciliation,0.5,placeholder,2,0.0026737967914438
0.0,0.0,0.5,0.0,0.005654761904761905,1642,34,False,False,861,0.03394317626953125,{'reconciliation_state': 10},False,,key2_placeholder_reconciliation_0.5,3,reconciliation,0.5,placeholder,2,0.0026737967914438
0.0,0.0,0.5,0.0,0.008630952380952382,1642,34,False,False,800,0.02487039566040039,{'reconciliation_state': 6},False,,key2_placeholder_reconciliation_0.5,4,reconciliation,0.5,placeholder,2,0.0026737967914438
0.0,0.0,0.5,0.0,0.007142857142857143,1642,34,False,False,818,0.030652284622192383,{'reconciliation_state': 9},False,,key2_placeholder_reconciliation_0.5,5,reconciliation,0.5,placeholder,2,0.0026737967914438
0.0,0.0,0.5,0.0,0.00744047619047619,1642,34,False,False,812,0.02910447120666504,{'reconciliation_state': 12},False,,key2_placeholder_reconciliation_0.5,6,reconciliation,0.5,placeholder,2,0.0026737967914438
0.0,0.0,0.5,0.0,0.00744047619047619,1642,34,False,False,770,0.02870488166809082,{'reconciliation_state': 11},False,,key2_placeholder_reconciliation_0.5,7,reconciliation,0.5,placeholder,2,0.0026737967914438
0.0,0.0,0.5,0.0,0.008630952380952382,1642,34,False,False,810,0.02866959571838379,{'reconciliation_state': 10},False,,key2_placeholder_reconciliation_0.5,8,reconciliation,0.5,placeholder,2,0.0026737967914438
0.0,0.0,0.5,0.0,0.007142857142857143,1642,34,False,False,835,0.025668859481811523,{'reconciliation_state': 7},False,,key2_placeholder_reconciliation_0.5,9,reconciliation,0.5,placeholder,2,0.0026737967914438
0.0,0.0,0.5,0.0,0.00744047619047619,1642,34,False,False,774,0.029448270797729492,{'reconciliation_state': 13},False,,key2_placeholder_reconciliation_0.5,10,reconciliation,0.5,placeholder,2,0.0026737967914438
0.0,0.0,0.5,0.0,0.008035714285714285,1642,34,False,False,811,0.031716108322143555,{'reconciliation_state': 10},False,,key2_placeholder_reconciliation_0.5,11,reconciliation,0.5,placeholder,2,0.0026737967914438
0.0,0.0,0.5,0.0,0.006547619047619048,1642,34,False,False,819,0.034760475158691406,{'reconciliation_state': 13},False,,key2_placeholder_reconciliation_0.5,12,reconciliation,0.5,placeholder,2,0.0026737967914438
0.0,0.0,0.5,0.0,0.008630952380952382,1642,34,False,False,826,0.03180122375488281,{'reconciliation_state': 13},False,,key2_placeholder_reconciliation_0.5,13,reconciliation,0.5,placeholder,2,0.0026737967914438
0.0,0.0,0.5,0.0,0.00744047619047619,1642,34,False,False,818,0.04185128211975098,{'reconciliation_state': 17},False,,key2_placeholder_reconciliation_0.5,14,reconciliation,0.5,placeholder,2,0.0026737967914438
0.0,0.0,0.5,0.0,0.008928571428571428,1642,34,False,False,818,0.03045654296875,{'reconciliation_state': 12},False,,key2_placeholder_reconciliation_0.5,15,reconciliation,0.5,placeholder,2,0.0026737967914438
0.0,0.0,0.5,0.0,0.008928571428571428,1642,34,False,False,830,0.020759105682373047,{'reconciliation_state': 6},False,,key2_placeholder_reconciliation_0.5,16,reconciliation,0.5,placeholder,2,0.0026737967914438
0.0,0.0,0.5,0.0,0.00505952380952381,1642,34,False,False,833,0.03625917434692383,{'reconciliation_state': 11},False,,key2_placeholder_reconciliation_0.5,17,reconciliation,0.5,placeholder,2,0.0026737967914438
0.0,0.0,0.5,0.0,0.006845238095238095,1642,34,False,False,787,0.033555030822753906,{'reconciliation_state': 11},False,,key2_placeholder_reconciliation_0.5,18,reconciliation,0.5,placeholder,2,0.0026737967914438
0.0,0.0,0.5,0.0,0.009821428571428571,1642,34,False,False,845,0.032027482986450195,{'reconciliation_state': 12},False,,key2_placeholder_reconciliation_0.5,19,reconciliation,0.5,placeholder,2,0.0026737967914438
0.0,0.0,0.3,0.0,0.005654761904761905,1642,34,False,False,817,0.0347898006439209,{'reconciliation_state': 10},False,,key2_placeholder_reconciliation_0.3,0,reconciliation,0.3,placeholder,2,0.0026737967914438
0.0,0.0,0.3,0.0,0.003869047619047619,1642,34,False,False,823,0.030836820602416992,{'reconciliation_state': 7},False,,key2_placeholder_reconciliation_0.3,1,reconciliation,0.3,placeholder,2,0.0026737967914438
0.0,0.0,0.3,0.0,0.003869047619047619,1642,34,False,False,819,0.037986040115356445,{'reconciliation_state': 10},False,,key2_placeholder_reconciliation_0.3,2,reconciliation,0.3,placeholder,2,0.0026737967914438
0.0,0.0,0.3,0.0,0.00625,1642,34,False,False,822,0.03019547462463379,{'reconciliation_state': 4},False,,key2_placeholder_reconciliation_0.3,3,reconciliation,0.3,placeholder,2,0.0026737967914438
0.0,0.0,0.3,0.0,0.004464285714285714,1642,34,False,False,789,0.031796932220458984,{'reconciliation_state': 7},False,,key2_placeholder_reconciliation_0.3,4,reconciliation,0.3,placeholder,2,0.0026737967914438
0.0,0.0,0.3,0.0,0.004464285714285714,1642,34,False,False,816,0.03714704513549805,{'reconciliation_state': 8},False,,key2_placeholder_reconciliation_0.3,5,reconciliation,0.3,placeholder,2,0.0026737967914438
0.0,0.0,0.3,0.0,0.003869047619047619,1642,34,False,False,796,0.03654670715332031,{'reconciliation_state': 10},False,,key2_placeholder_reconciliation_0.3,6,reconciliation,0.3,placeholder,2,0.0026737967914438
0.0,0.0,0.3,0.0,0.0035714285714285713,1642,34,False,False,753,0.03665781021118164,{'reconciliation_state': 11},False,,key2_placeholder_reconciliation_0.3,7,reconciliation,0.3,placeholder,2,0.0026737967914438
0.0,0.0,0.3,0.0,0.00505952380952381,1642,34,False,False,821,0.03202223777770996,{'reconciliation_state': 10},False,,key2_placeholder_reconciliation_0.3,8,reconciliation,0.3,placeholder,2,0.0026737967914438
0.0,0.0,0.3,0.0,0.0026785714285714286,1642,34,False,False,826,0.03887653350830078,{'reconciliation_state': 9},False,,key2_placeholder_reconciliation_0.3,9,reconciliation,0.3,placeholder,2,0.0026737967914438
0.0,0.0,0.3,0.0,0.005654761904761905,1642,34,False,False,823,0.03203725814819336,{'reconciliation_state': 11},False,,key2_placeholder_reconciliation_0.3,10,reconciliation,0.3,placeholder,2,0.0026737967914438
0.0,0.0,0.3,0.0,0.004166666666666667,1642,34,False,False,797,0.03944802284240723,{'reconciliation_state': 8},False,,key2_placeholder_reconciliation_0.3,11,reconciliation,0.3,placeholder,2,0.0026737967914438
0.0,0.0,0.3,0.0,0.002976190476190476,1642,34,False,False,831,0.03800630569458008,{'reconciliation_state': 9},False,,key2_placeholder_reconciliation_0.3,12,reconciliation,0.3,placeholder,2,0.0026737967914438
0.0,0.0,0.3,0.0,0.002976190476190476,1642,34,False,False,801,0.03641176223754883,{'reconciliation_state': 7},False,,key2_placeholder_reconciliation_0.3,13,reconciliation,0.3,placeholder,2,0.0026737967914438
0.0,0.0,0.3,0.0,0.006547619047619048,1642,34,False,False,842,0.03240656852722168,{'reconciliation_state': 10},False,,key2_placeholder_reconciliation_0.3,14,reconciliation,0.3,placeholder,2,0.0026737967914438
0.0,0.0,0.3,0.0,0.007738095238095238,1642,34,False,False,808,0.03131866455078125,{'reconciliation_state': 10},False,,key2_placeholder_reconciliation_0.3,15,reconciliation,0.3,placeholder,2,0.0026737967914438
0.0,0.0,0.3,0.0,0.004166666666666667,1642,34,False,False,852,0.038605451583862305,{'reconciliation_state': 10},False,,key2_placeholder_reconciliation_0.3,16,reconciliation,0.3,placeholder,2,0.0026737967914438
0.0,0.0,0.3,0.0,0.004761904761904762,1642,34,False,False,831,0.030275821685791016,{'reconciliation_state': 6},False,,key2_placeholder_reconciliation_0.3,17,reconciliation,0.3,placeholder,2,0.0026737967914438
0.0,0.0,0.3,0.0,0.003273809523809524,1642,34,False,False,821,0.0386507511138916,{'reconciliation_state': 9},False,,key2_placeholder_reconciliation_0.3,18,reconciliation,0.3,placeholder,2,0.0026737967914438
0.0,0.0,0.3,0.0,0.005952380952380952,1642,34,False,False,829,0.03052806854248047,{'reconciliation_state': 9},False,,key2_placeholder_reconciliation_0.3,19,reconciliation,0.3,placeholder,2,0.0026737967914438
0.0,0.0,0.1,0.0,0.004761904761904762,1642,34,False,False,830,0.024081707000732422,{'reconciliation_state': 2},False,,key2_placeholder_reconciliation_0.1,0,reconciliation,0.1,placeholder,2,0.0026737967914438
0.0,0.0,0.1,0.0,0.0008928571428571428,1642,34,False,False,822,0.03237414360046387,{'reconciliation_state': 3},False,,key2_placeholder_reconciliation_0.1,1,reconciliation,0.1,placeholder,2,0.0026737967914438
0.0,0.0,0.1,0.0,0.004166666666666667,1642,34,False,False,819,0.03027033805847168,{'reconciliation_state': 6},False,,key2_placeholder_reconciliation_0.1,2,reconciliation,0.1,placeholder,2,0.0026737967914438
0.0,0.0,0.1,0.0,0.00029761904761904765,1642,34,False,False,802,0.03613591194152832,{'reconciliation_state': 1},False,,key2_placeholder_reconciliation_0.1,3,reconciliation,0.1,placeholder,2,0.0026737967914438
0.0,0.0,0.1,0.0,0.0008928571428571428,1642,34,False,False,796,0.04389333724975586,{'reconciliation_state': 3},False,,key2_placeholder_reconciliation_0.1,4,reconciliation,0.1,placeholder,2,0.0026737967914438
0.0,0.0,0.1,0.0,0.0017857142857142857,1642,34,False,False,813,0.03152942657470703,{'reconciliation_state': 6},False,,key2_placeholder_reconciliation_0.1,5,reconciliation,0.1,placeholder,2,0.0026737967914438
0.0,0.0,0.1,0.0,0.001488095238095238,1642,34,False,False,849,0.0334475040435791,{'reconciliation_state': 3},False,,key2_placeholder_reconciliation_0.1,6,reconciliation,0.1,placeholder,2,0.0026737967914438
0.0,0.0,0.1,0.0,0.0011904761904761906,1642,34,False,False,830,0.03128981590270996,{'reconciliation_state': 4},False,,key2_placeholder_reconciliation_0.1,7,reconciliation,0.1,placeholder,2,0.0026737967914438
0.0,0.0,0.1,0.0,0.0017857142857142857,1642,34,False,False,811,0.03195500373840332,{'reconciliation_state': 5},False,,key2_placeholder_reconciliation_0.1,8,reconciliation,0.1,placeholder,2,0.0026737967914438
0.0,0.0,0.1,0.0,0.0026785714285714286,1642,34,False,False,808,0.0340886116027832,{'reconciliation_state': 4},False,,key2_placeholder_reconciliation_0.1,9,reconciliation,0.1,placeholder,2,0.0026737967914438
0.0,0.0,0.1,0.0,0.003273809523809524,1642,34,False,False,830,0.0337216854095459,{'reconciliation_state': 5},False,,key2_placeholder_reconciliation_0.1,10,reconciliation,0.1,placeholder,2,0.0026737967914438
0.0,0.0,0.1,0.0,0.0017857142857142857,1642,34,False,False,804,0.03970766067504883,{'reconciliation_state': 5},False,,key2_placeholder_reconciliation_0.1,11,reconciliation,0.1,placeholder,2,0.0026737967914438
0.0,0.0,0.1,0.0,0.006547619047619048,1642,34,False,False,792,0.02248215675354004,{'reconciliation_state': 3},False,,key2_placeholder_reconciliation_0.1,12,reconciliation,0.1,placeholder,2,0.0026737967914438
0.0,0.0,0.1,0.0,0.0005952380952380953,1642,34,False,False,810,0.032781362533569336,{'reconciliation_state': 2},False,,key2_placeholder_reconciliation_0.1,13,reconciliation,0.1,placeholder,2,0.0026737967914438
0.0,0.0,0.1,0.0,0.0020833333333333333,1642,34,False,False,802,0.03598427772521973,{'reconciliation_state': 3},False,,key2_placeholder_reconciliation_0.1,14,reconciliation,0.1,placeholder,2,0.0026737967914438
0.0,0.0,0.1,0.0,0.0008928571428571428,1642,34,False,False,818,0.0319361686706543,{'reconciliation_state': 3},False,,key2_placeholder_reconciliation_0.1,15,reconciliation,0.1,placeholder,2,0.0026737967914438
0.0,0.0,0.1,0.0,0.0020833333333333333,1642,34,False,False,836,0.03577995300292969,{'reconciliation_state': 7},False,,key2_placeholder_reconciliation_0.1,16,reconciliation,0.1,placeholder,2,0.0026737967914438
0.0,0.0,0.1,0.0,0.0011904761904761906,1642,34,False,False,785,0.03564000129699707,{'reconciliation_state': 4},False,,key2_placeholder_reconciliation_0.1,17,reconciliation,0.1,placeholder,2,0.0026737967914438
0.0,0.0,0.1,0.0,0.0005952380952380953,1642,34,False,False,800,0.032804250717163086,{'reconciliation_state': 2},False,,key2_placeholder_reconciliation_0.1,18,reconciliation,0.1,placeholder,2,0.0026737967914438
0.0,0.0,0.1,0.0,0.0005952380952380953,1642,34,False,False,805,0.03550362586975098,{'reconciliation_state': 2},False,,key2_placeholder_reconciliation_0.1,19,reconciliation,0.1,placeholder,2,0.0026737967914438
0.0,0.0,0.05,0.0,0.00029761904761904765,1642,34,False,False,850,0.030471324920654297,{'reconciliation_state': 1},False,,key2_placeholder_reconciliation_0.05,0,reconciliation,0.05,placeholder,2,0.0026737967914438
0.0,0.0,0.05,0.0,0.0005952380952380953,1642,34,False,False,826,0.03824901580810547,{'reconciliation_state': 2},False,,key2_placeholder_reconciliation_0.05,1,reconciliation,0.05,placeholder,2,0.0026737967914438
0.0,0.0,0.05,0.0,0.0005952380952380953,1642,34,False,False,833,0.03136396408081055,{'reconciliation_state': 2},False,,key2_placeholder_reconciliation_0.05,2,reconciliation,0.05,placeholder,2,0.0026737967914438
0.0,0.0,0.05,0.0,0.0005952380952380953,1642,34,False,False,839,0.03255057334899902,{},False,,key2_placeholder_reconciliation_0.05,3,reconciliation,0.05,placeholder,2,0.0026737967914438
0.0,0.0,0.05,0.0,0.00029761904761904765,1642,34,False,False,843,0.03457999229431152,{'reconciliation_state': 1},False,,key2_placeholder_reconciliation_0.05,4,reconciliation,0.05,placeholder,2,0.0026737967914438
0.0,0.0,0.05,0.0,0.0011904761904761906,1642,34,False,False,793,0.03575754165649414,{'reconciliation_state': 4},False,,key2_placeholder_reconciliation_0.05,5,reconciliation,0.05,placeholder,2,0.0026737967914438
0.0,0.0,0.05,0.0,0.0005952380952380953,1642,34,False,False,801,0.034893035888671875,{'reconciliation_state': 2},False,,key2_placeholder_reconciliation_0.05,6,reconciliation,0.05,placeholder,2,0.0026737967914438
0.0,0.0,0.05,0.0,0.00029761904761904765,1642,34,False,False,832,0.0316309928894043,{'reconciliation_state': 1},False,,key2_placeholder_reconciliation_0.05,7,reconciliation,0.05,placeholder,2,0.0026737967914438
0.0,0.0,0.05,0.0,0.0005952380952380953,1642,34,False,False,805,0.036179304122924805,{'reconciliation_state': 2},False,,key2_placeholder_reconciliation_0.05,8,reconciliation,0.05,placeholder,2,0.0026737967914438
0.0,0.0,0.05,0.0,0.0008928571428571428,1642,34,False,False,836,0.03731417655944824,{'reconciliation_state': 3},False,,key2_placeholder_reconciliation_0.05,9,reconciliation,0.05,placeholder,2,0.0026737967914438
0.0,0.0,0.05,0.0,0.004166666666666667,1642,34,False,False,844,0.026523351669311523,{'reconciliation_state': 1},False,,key2_placeholder_reconciliation_0.05,10,reconciliation,0.05,placeholder,2,0.0026737967914438
0.0,0.0,0.05,0.0,0.006547619047619048,1642,34,False,False,840,0.021123409271240234,{'reconciliation_state': 1},False,,key2_placeholder_reconciliation_0.05,11,reconciliation,0.05,placeholder,2,0.0026737967914438
0.0,0.0,0.05,0.0,0.0005952380952380953,1642,34,False,False,836,0.03320908546447754,{'reconciliation_state': 2},False,,key2_placeholder_reconciliation_0.05,12,reconciliation,0.05,placeholder,2,0.0026737967914438
0.0,0.0,0.05,0.0,0.0,1642,34,True,True,0,0.03430461883544922,{},False,,key2_placeholder_reconciliation_0.05,13,reconciliation,0.05,placeholder,2,0.0026737967914438
0.0,0.0,0.05,0.0,0.0008928571428571428,1642,34,False,False,823,0.044671058654785156,{'reconciliation_state': 2},False,,key2_placeholder_reconciliation_0.05,14,reconciliation,0.05,placeholder,2,0.0026737967914438
0.0,0.0,0.05,0.0,0.0005952380952380953,1642,34,False,False,786,0.03521156311035156,{'reconciliation_state': 2},False,,key2_placeholder_reconciliation_0.05,15,reconciliation,0.05,placeholder,2,0.0026737967914438
0.0,0.0,0.05,0.0,0.0008928571428571428,1642,34,False,False,832,0.035393714904785156,{'reconciliation_state': 3},False,,key2_placeholder_reconciliation_0.05,16,reconciliation,0.05,placeholder,2,0.0026737967914438
0.0,0.0,0.05,0.0,0.0008928571428571428,1642,34,False,False,790,0.03478360176086426,{'reconciliation_state': 3},False,,key2_placeholder_reconciliation_0.05,17,reconciliation,0.05,placeholder,2,0.0026737967914438
0.0,0.0,0.05,0.0,0.0005952380952380953,1642,34,False,False,801,0.03202414512634277,{'reconciliation_state': 2},False,,key2_placeholder_reconciliation_0.05,18,reconciliation,0.05,placeholder,2,0.0026737967914438
0.0,0.0,0.05,0.0,0.00029761904761904765,1642,34,False,False,839,0.036004066467285156,{'reconciliation_state': 1},False,,key2_placeholder_reconciliation_0.05,19,reconciliation,0.05,placeholder,2,0.0026737967914438
0.0,0.0,0.03,0.0,0.00029761904761904765,1642,34,False,False,813,0.029497861862182617,{'reconciliation_state': 1},False,,key2_placeholder_reconciliation_0.03,0,reconciliation,0.03,placeholder,2,0.0026737967914438
0.0,0.0,0.03,0.0,0.0,1642,34,True,True,0,0.0348052978515625,{},False,,key2_placeholder_reconciliation_0.03,1,reconciliation,0.03,placeholder,2,0.0026737967914438
0.0,0.0,0.03,0.0,0.00029761904761904765,1642,34,False,False,818,0.03641223907470703,{'reconciliation_state': 1},False,,key2_placeholder_reconciliation_0.03,2,reconciliation,0.03,placeholder,2,0.0026737967914438
0.0,0.0,0.03,0.0,0.0005952380952380953,1642,34,False,False,791,0.03253769874572754,{},False,,key2_placeholder_reconciliation_0.03,3,reconciliation,0.03,placeholder,2,0.0026737967914438
0.0,0.0,0.03,0.0,0.00029761904761904765,1642,34,False,False,847,0.032321929931640625,{'reconciliation_state': 1},False,,key2_placeholder_reconciliation_0.03,4,reconciliation,0.03,placeholder,2,0.0026737967914438
0.0,0.0,0.03,0.0,0.0005952380952380953,1642,34,False,False,821,0.03207993507385254,{'reconciliation_state': 2},False,,key2_placeholder_reconciliation_0.03,5,reconciliation,0.03,placeholder,2,0.0026737967914438
0.0,0.0,0.03,0.0,0.00029761904761904765,1642,34,False,False,832,0.03781485557556152,{'reconciliation_state': 1},False,,key2_placeholder_reconciliation_0.03,6,reconciliation,0.03,placeholder,2,0.0026737967914438
0.0,0.0,0.03,0.0,0.0,1642,34,True,True,0,0.02720928192138672,{},False,,key2_placeholder_reconciliation_0.03,7,reconciliation,0.03,placeholder,2,0.0026737967914438
0.0,0.0,0.03,0.0,0.0005952380952380953,1642,34,False,False,811,0.03990745544433594,{'reconciliation_state': 2},False,,key2_placeholder_reconciliation_0.03,8,reconciliation,0.03,placeholder,2,0.0026737967914438
0.0,0.0,0.03,0.0,0.0005952380952380953,1642,34,False,False,818,0.033896684646606445,{'reconciliation_state': 2},False,,key2_placeholder_reconciliation_0.03,9,reconciliation,0.03,placeholder,2,0.0026737967914438
0.0,0.0,0.03,0.0,0.004166666666666667,1642,34,False,False,802,0.025047779083251953,{'reconciliation_state': 1},False,,key2_placeholder_reconciliation_0.03,10,reconciliation,0.03,placeholder,2,0.0026737967914438
0.0,0.0,0.03,0.0,0.00029761904761904765,1642,34,False,False,778,0.03440999984741211,{'reconciliation_state': 1},False,,key2_placeholder_reconciliation_0.03,11,reconciliation,0.03,placeholder,2,0.0026737967914438
0.0,0.0,0.03,0.0,0.00029761904761904765,1642,34,False,False,845,0.033640384674072266,{'reconciliation_state': 1},False,,key2_placeholder_reconciliation_0.03,12,reconciliation,0.03,placeholder,2,0.0026737967914438
0.0,0.0,0.03,0.0,0.0,1642,34,True,True,0,0.03385663032531738,{},False,,key2_placeholder_reconciliation_0.03,13,reconciliation,0.03,placeholder,2,0.0026737967914438
0.0,0.0,0.03,0.0,0.00029761904761904765,1642,34,False,False,822,0.03731703758239746,{'reconciliation_state': 1},False,,key2_placeholder_reconciliation_0.03,14,reconciliation,0.03,placeholder,2,0.0026737967914438
0.0,0.0,0.03,0.0,0.0005952380952380953,1642,34,False,False,807,0.03897452354431152,{'reconciliation_state': 2},False,,key2_placeholder_reconciliation_0.03,15,reconciliation,0.03,placeholder,2,0.0026737967914438
0.0,0.0,0.03,0.0,0.0008928571428571428,1642,34,False,False,777,0.03543853759765625,{'reconciliation_state': 3},False,,key2_placeholder_reconciliation_0.03,16,reconciliation,0.03,placeholder,2,0.0026737967914438
0.0,0.0,0.03,0.0,0.0008928571428571428,1642,34,False,False,838,0.0369257926940918,{'reconciliation_state': 3},False,,key2_placeholder_reconciliation_0.03,17,reconciliation,0.03,placeholder,2,0.0026737967914438
0.0,0.0,0.03,0.0,0.0005952380952380953,1642,34,False,False,781,0.033194541931152344,{'reconciliation_state': 2},False,,key2_placeholder_reconciliation_0.03,18,reconciliation,0.03,placeholder,2,0.0026737967914438
0.0,0.0,0.03,0.0,0.00029761904761904765,1642,34,False,False,882,0.035822153091430664,{'reconciliation_state': 1},False,,key2_placeholder_reconciliation_0.03,19,reconciliation,0.03,placeholder,2,0.0026737967914438
0.0,0.0,0.01,0.0,0.0,1642,34,True,True,0,0.032524824142456055,{},False,,key2_placeholder_reconciliation_0.01,0,reconciliation,0.01,placeholder,2,0.0026737967914438
0.0,0.0,0.01,0.0,0.0,1642,34,True,True,0,0.033293962478637695,{},False,,key2_placeholder_reconciliation_0.01,1,reconciliation,0.01,placeholder,2,0.0026737967914438
0.0,0.0,0.01,0.0,0.00029761904761904765,1642,34,False,False,804,0.03574681282043457,{'reconciliation_state': 1},False,,key2_placeholder_reconciliation_0.01,2,reconciliation,0.01,placeholder,2,0.0026737967914438
0.0,0.0,0.01,0.0,0.0005952380952380953,1642,34,False,False,822,0.0374300479888916,{},False,,key2_placeholder_reconciliation_0.01,3,reconciliation,0.01,placeholder,2,0.0026737967914438
0.0,0.0,0.01,0.0,0.0,1642,34,True,True,0,0.03335881233215332,{},False,,key2_placeholder_reconciliation_0.01,4,reconciliation,0.01,placeholder,2,0.0026737967914438
0.0,0.0,0.01,0.0,0.0,1642,34,True,True,0,0.026491641998291016,{},False,,key2_placeholder_reconciliation_0.01,5,reconciliation,0.01,placeholder,2,0.0026737967914438
0.0,0.0,0.01,0.0,0.0,1642,34,True,True,0,0.03133392333984375,{},False,,key2_placeholder_reconciliation_0.01,6,reconciliation,0.01,placeholder,2,0.0026737967914438
0.0,0.0,0.01,0.0,0.0,1642,34,True,True,0,0.026974201202392578,{},False,,key2_placeholder_reconciliation_0.01,7,reconciliation,0.01,placeholder,2,0.0026737967914438
0.0,0.0,0.01,0.0,0.00029761904761904765,1642,34,False,False,821,0.03143715858459473,{'reconciliation_state': 1},False,,key2_placeholder_reconciliation_0.01,8,reconciliation,0.01,placeholder,2,0.0026737967914438
0.0,0.0,0.01,0.0,0.0,1642,34,True,True,0,0.03494715690612793,{},False,,key2_placeholder_reconciliation_0.01,9,reconciliation,0.01,placeholder,2,0.0026737967914438
0.0,0.0,0.01,0.0,0.0,1642,34,True,True,0,0.03300666809082031,{},False,,key2_placeholder_reconciliation_0.01,10,reconciliation,0.01,placeholder,2,0.0026737967914438
0.0,0.0,0.01,0.0,0.0,1642,34,True,True,0,0.0368502140045166,{},False,,key2_placeholder_reconciliation_0.01,11,reconciliation,0.01,placeholder,2,0.0026737967914438
0.0,0.0,0.01,0.0,0.0,1642,34,True,True,0,0.03595542907714844,{},False,,key2_placeholder_reconciliation_0.01,12,reconciliation,0.01,placeholder,2,0.0026737967914438
0.0,0.0,0.01,0.0,0.0,1642,34,True,True,0,0.03407764434814453,{},False,,key2_placeholder_reconciliation_0.01,13,reconciliation,0.01,placeholder,2,0.0026737967914438
0.0,0.0,0.01,0.0,0.00029761904761904765,1642,34,False,False,806,0.04191160202026367,{'reconciliation_state': 1},False,,key2_placeholder_reconciliation_0.01,14,reconciliation,0.01,placeholder,2,0.0026737967914438
0.0,0.0,0.01,0.0,0.00029761904761904765,1642,34,False,False,810,0.03347492218017578,{'reconciliation_state': 1},False,,key2_placeholder_reconciliation_0.01,15,reconciliation,0.01,placeholder,2,0.0026737967914438
0.0,0.0,0.01,0.0,0.00029761904761904765,1642,34,False,False,823,0.03168654441833496,{'reconciliation_state': 1},False,,key2_placeholder_reconciliation_0.01,16,reconciliation,0.01,placeholder,2,0.0026737967914438
0.0,0.0,0.01,0.0,0.0,1642,34,True,True,0,0.03350996971130371,{},False,,key2_placeholder_reconciliation_0.01,17,reconciliation,0.01,placeholder,2,0.0026737967914438
0.0,0.0,0.01,0.0,0.0,1642,34,True,True,0,0.027863502502441406,{},False,,key2_placeholder_reconciliation_0.01,18,reconciliation,0.01,placeholder,2,0.0026737967914438
0.0,0.0,0.01,0.0,0.0,1642,34,True,True,0,0.03378653526306152,{},False,,key2_placeholder_reconciliation_0.01,19,reconciliation,0.01,placeholder,2,0.0026737967914438
0.0,0.0,0.003,0.0,0.0,1642,34,True,True,0,0.030860185623168945,{},False,,key2_placeholder_reconciliation_0.003,0,reconciliation,0.003,placeholder,2,0.0026737967914438
0.0,0.0,0.003,0.0,0.0,1642,34,True,True,0,0.034143924713134766,{},False,,key2_placeholder_reconciliation_0.003,1,reconciliation,0.003,placeholder,2,0.0026737967914438
0.0,0.0,0.003,0.0,0.0005952380952380953,1642,34,False,False,818,0.032637596130371094,{},False,,key2_placeholder_reconciliation_0.003,2,reconciliation,0.003,placeholder,2,0.0026737967914438
0.0,0.0,0.003,0.0,0.0005952380952380953,1642,34,False,False,869,0.03272604942321777,{},False,,key2_placeholder_reconciliation_0.003,3,reconciliation,0.003,placeholder,2,0.0026737967914438
0.0,0.0,0.003,0.0,0.0,1642,34,True,True,0,0.030736684799194336,{},False,,key2_placeholder_reconciliation_0.003,4,reconciliation,0.003,placeholder,2,0.0026737967914438
0.0,0.0,0.003,0.0,0.0,1642,34,True,True,0,0.02986454963684082,{},False,,key2_placeholder_reconciliation_0.003,5,reconciliation,0.003,placeholder,2,0.0026737967914438
0.0,0.0,0.003,0.0,0.0,1642,34,True,True,0,0.03204035758972168,{},False,,key2_placeholder_reconciliation_0.003,6,reconciliation,0.003,placeholder,2,0.0026737967914438
0.0,0.0,0.003,0.0,0.0,1642,34,True,True,0,0.028431177139282227,{},False,,key2_placeholder_reconciliation_0.003,7,reconciliation,0.003,placeholder,2,0.0026737967914438
0.0,0.0,0.003,0.0,0.0,1642,34,True,True,0,0.029813766479492188,{},False,,key2_placeholder_reconciliation_0.003,8,reconciliation,0.003,placeholder,2,0.0026737967914438
0.0,0.0,0.003,0.0,0.0,1642,34,True,True,0,0.035222530364990234,{},False,,key2_placeholder_reconciliation_0.003,9,reconciliation,0.003,placeholder,2,0.0026737967914438
0.0,0.0,0.003,0.0,0.0,1642,34,True,True,0,0.0331878662109375,{},False,,key2_placeholder_reconciliation_0.003,10,reconciliation,0.003,placeholder,2,0.0026737967914438
0.0,0.0,0.003,0.0,0.0,1642,34,True,True,0,0.03233671188354492,{},False,,key2_placeholder_reconciliation_0.003,11,reconciliation,0.003,placeholder,2,0.0026737967914438
0.0,0.0,0.003,0.0,0.0,1642,34,True,True,0,0.03401899337768555,{},False,,key2_placeholder_reconciliation_0.003,12,reconciliation,0.003,placeholder,2,0.0026737967914438
0.0,0.0,0.003,0.0,0.0,1642,34,True,True,0,0.039322853088378906,{},False,,key2_placeholder_reconciliation_0.003,13,reconciliation,0.003,placeholder,2,0.0026737967914438
0.0,0.0,0.003,0.0,0.0,1642,34,True,True,0,0.03229928016662598,{},False,,key2_placeholder_reconciliation_0.003,14,reconciliation,0.003,placeholder,2,0.0026737967914438
0.0,0.0,0.003,0.0,0.0,1642,34,True,True,0,0.03343820571899414,{},False,,key2_placeholder_reconciliation_0.003,15,reconciliation,0.003,placeholder,2,0.0026737967914438
0.0,0.0,0.003,0.0,0.00029761904761904765,1642,34,False,False,804,0.03293347358703613,{'reconciliation_state': 1},False,,key2_placeholder_reconciliation_0.003,16,reconciliation,0.003,placeholder,2,0.0026737967914438
0.0,0.0,0.003,0.0,0.0,1642,34,True,True,0,0.04498910903930664,{},False,,key2_placeholder_reconciliation_0.003,17,reconciliation,0.003,placeholder,2,0.0026737967914438
0.0,0.0,0.003,0.0,0.0,1642,34,True,True,0,0.029799938201904297,{},False,,key2_placeholder_reconciliation_0.003,18,reconciliation,0.003,placeholder,2,0.0026737967914438
0.0,0.0,0.003,0.0,0.0,1642,34,True,True,0,0.03382730484008789,{},False,,key2_placeholder_reconciliation_0.003,19,reconciliation,0.003,placeholder,2,0.0026737967914438
0.0,0.0,0.001,0.0,0.0,1642,34,True,True,0,0.03447890281677246,{},False,,key2_placeholder_reconciliation_0.001,0,reconciliation,0.001,placeholder,2,0.0026737967914438
0.0,0.0,0.001,0.0,0.0,1642,34,True,True,0,0.03629183769226074,{},False,,key2_placeholder_reconciliation_0.001,1,reconciliation,0.001,placeholder,2,0.0026737967914438
0.0,0.0,0.001,0.0,0.0005952380952380953,1642,34,False,False,822,0.032442331314086914,{},False,,key2_placeholder_reconciliation_0.001,2,reconciliation,0.001,placeholder,2,0.0026737967914438
0.0,0.0,0.001,0.0,0.0005952380952380953,1642,34,False,False,809,0.03280019760131836,{},False,,key2_placeholder_reconciliation_0.001,3,reconciliation,0.001,placeholder,2,0.0026737967914438
0.0,0.0,0.001,0.0,0.0,1642,34,True,True,0,0.030073881149291992,{},False,,key2_placeholder_reconciliation_0.001,4,reconciliation,0.001,placeholder,2,0.0026737967914438
0.0,0.0,0.001,0.0,0.0,1642,34,True,True,0,0.027506589889526367,{},False,,key2_placeholder_reconciliation_0.001,5,reconciliation,0.001,placeholder,2,0.0026737967914438
0.0,0.0,0.001,0.0,0.0,1642,34,True,True,0,0.03337407112121582,{},False,,key2_placeholder_reconciliation_0.001,6,reconciliation,0.001,placeholder,2,0.0026737967914438
0.0,0.0,0.001,0.0,0.0,1642,34,True,True,0,0.03186750411987305,{},False,,key2_placeholder_reconciliation_0.001,7,reconciliation,0.001,placeholder,2,0.0026737967914438
0.0,0.0,0.001,0.0,0.0,1642,34,True,True,0,0.027722835540771484,{},False,,key2_placeholder_reconciliation_0.001,8,reconciliation,0.001,placeholder,2,0.0026737967914438
0.0,0.0,0.001,0.0,0.0,1642,34,True,True,0,0.03257417678833008,{},False,,key2_placeholder_reconciliation_0.001,9,reconciliation,0.001,placeholder,2,0.0026737967914438
0.0,0.0,0.001,0.0,0.0,1642,34,True,True,0,0.03209972381591797,{},False,,key2_placeholder_reconciliation_0.001,10,reconciliation,0.001,placeholder,2,0.0026737967914438
0.0,0.0,0.001,0.0,0.0,1642,34,True,True,0,0.03405332565307617,{},False,,key2_placeholder_reconciliation_0.001,11,reconciliation,0.001,placeholder,2,0.0026737967914438
0.0,0.0,0.001,0.0,0.0,1642,34,True,True,0,0.03246617317199707,{},False,,key2_placeholder_reconciliation_0.001,12,reconciliation,0.001,placeholder,2,0.0026737967914438
0.0,0.0,0.001,0.0,0.0,1642,34,True,True,0,0.03391098976135254,{},False,,key2_placeholder_reconciliation_0.001,13,reconciliation,0.001,placeholder,2,0.0026737967914438
0.0,0.0,0.001,0.0,0.0,1642,34,True,True,0,0.030508041381835938,{},False,,key2_placeholder_reconciliation_0.001,14,reconciliation,0.001,placeholder,2,0.0026737967914438
0.0,0.0,0.001,0.0,0.0,1642,34,True,True,0,0.03350472450256348,{},False,,key2_placeholder_reconciliation_0.001,15,reconciliation,0.001,placeholder,2,0.0026737967914438
0.0,0.0,0.001,0.0,0.0,1642,34,True,True,0,0.026695966720581055,{},False,,key2_placeholder_reconciliation_0.001,16,reconciliation,0.001,placeholder,2,0.0026737967914438
0.0,0.0,0.001,0.0,0.0,1642,34,True,True,0,0.03299355506896973,{},False,,key2_placeholder_reconciliation_0.001,17,reconciliation,0.001,placeholder,2,0.0026737967914438
0.0,0.0,0.001,0.0,0.0,1642,34,True,True,0,0.02854442596435547,{},False,,key2_placeholder_reconciliation_0.001,18,reconciliation,0.001,placeholder,2,0.0026737967914438
0.0,0.0,0.001,0.0,0.0,1642,34,True,True,0,0.033664703369140625,{},False,,key2_placeholder_reconciliation_0.001,19,reconciliation,0.001,placeholder,2,0.0026737967914438
0.5,0.0,0.0,0.0,0.0,3251,34,True,True,0,0.03348660469055176,{},False,,key3_asymptotic_toeplitz_0.5,0,toeplitz,0.5,asymptotic,3,0.0026178010471204
0.5,0.0,0.0,0.0,0.0,3251,34,True,False,1,0.031054019927978516,{'toeplitz_matrix': 1},False,,key3_asymptotic_toeplitz_0.5,1,toeplitz,0.5,asymptotic,3,0.0026178010471204
0.5,0.0,0.0,0.0,0.0,3251,34,True,False,1,0.029595136642456055,{'toeplitz_matrix': 1},False,,key3_asymptotic_toeplitz_0.5,2,toeplitz,0.5,asymptotic,3,0.0026178010471204
0.5,0.0,0.0,0.0,0.0,3251,34,True,True,0,0.046814918518066406,{},False,,key3_asymptotic_toeplitz_0.5,3,toeplitz,0.5,asymptotic,3,0.0026178010471204
0.5,0.0,0.0,0.0,0.0,3251,34,True,True,0,0.05895280838012695,{},False,,key3_asymptotic_toeplitz_0.5,4,toeplitz,0.5,asymptotic,3,0.0026178010471204
0.5,0.0,0.0,0.0,0.0,3251,34,True,True,0,0.030965089797973633,{},False,,key3_asymptotic_toeplitz_0.5,5,toeplitz,0.5,asymptotic,3,0.0026178010471204
0.5,0.0,0.0,0.0,0.0005829204313611193,3251,34,False,False,1605,0.0290219783782959,{},False,,key3_asymptotic_toeplitz_0.5,6,toeplitz,0.5,asymptotic,3,0.0026178010471204
0.5,0.0,0.0,0.0,0.0,3251,34,True,True,0,0.02938985824584961,{},False,,key3_asymptotic_toeplitz_0.5,7,toeplitz,0.5,asymptotic,3,0.0026178010471204
0.5,0.0,0.0,0.0,0.0017487612940833576,3251,34,False,False,1590,0.025310516357421875,{},False,,key3_asymptotic_toeplitz_0.5,8,toeplitz,0.5,asymptotic,3,0.0026178010471204
0.5,0.0,0.0,0.0,0.0,3251,34,True,True,0,0.0360102653503418,{},False,,key3_asymptotic_toeplitz_0.5,9,toeplitz,0.5,asymptotic,3,0.0026178010471204
0.5,0.0,0.0,0.0,0.0,3251,34,True,True,0,0.03903484344482422,{'toeplitz_matrix': 1},False,,key3_asymptotic_toeplitz_0.5,10,toeplitz,0.5,asymptotic,3,0.0026178010471204
0.5,0.0,0.0,0.0,0.0,3251,34,True,False,1,0.03425288200378418,{'toeplitz_matrix': 1},False,,key3_asymptotic_toeplitz_0.5,11,toeplitz,0.5,asymptotic,3,0.0026178010471204
0.5,0.0,0.0,0.0,0.0,3251,34,True,True,0,0.03311324119567871,{},False,,key3_asymptotic_toeplitz_0.5,12,toeplitz,0.5,asymptotic,3,0.0026178010471204
0.5,0.0,0.0,0.0,0.0,3251,34,True,True,0,0.031200885772705078,{},False,,key3_asymptotic_toeplitz_0.5,13,toeplitz,0.5,asymptotic,3,0.0026178010471204
0.5,0.0,0.0,0.0,0.002331681725444477,3251,34,False,False,1660,0.027361631393432617,{'toeplitz_matrix': 1},False,,key3_asymptotic_toeplitz_0.5,14,toeplitz,0.5,asymptotic,3,0.0026178010471204
0.5,0.0,0.0,0.0,0.0,3251,34,True,True,0,0.03165268898010254,{},False,,key3_asymptotic_toeplitz_0.5,15,toeplitz,0.5,asymptotic,3,0.0026178010471204
0.5,0.0,0.0,0.0,0.0,3251,34,True,False,1,0.035257577896118164,{'toeplitz_matrix': 1},False,,key3_asymptotic_toeplitz_0.5,16,toeplitz,0.5,asymptotic,3,0.0026178010471204
0.5,0.0,0.0,0.0,0.0,3251,34,True,False,1,0.027125835418701172,{'toeplitz_matrix': 1},False,,key3_asymptotic_toeplitz_0.5,17,toeplitz,0.5,asymptotic,3,0.0026178010471204
0.5,0.0,0.0,0.0,0.0,3251,34,True,True,0,0.03384542465209961,{},False,,key3_asymptotic_toeplitz_0.5,18,toeplitz,0.5,asymptotic,3,0.0026178010471204
0.5,0.0,0.0,0.0,0.0,3251,34,True,False,1,0.0312957763671875,{'toeplitz_matrix': 1},False,,key3_asymptotic_toeplitz_0.5,19,toeplitz,0.5,asymptotic,3,0.0026178010471204
0.3,0.0,0.0,0.0,0.0,3251,34,True,True,0,0.06026315689086914,{},False,,key3_asymptotic_toeplitz_0.3,0,toeplitz,0.3,asymptotic,3,0.0026178010471204
0.3,0.0,0.0,0.0,0.0,3251,34,True,True,0,0.03180670738220215,{},False,,key3_asymptotic_toeplitz_0.3,1,toeplitz,0.3,asymptotic,3,0.0026178010471204
0.3,0.0,0.0,0.0,0.0,3251,34,True,False,1,0.029561519622802734,{'toeplitz_matrix': 1},False,,key3_asymptotic_toeplitz_0.3,2,toeplitz,0.3,asymptotic,3,0.0026178010471204
0.3,0.0,0.0,0.0,0.0,3251,34,True,True,0,0.03179931640625,{},False,,key3_asymptotic_toeplitz_0.3,3,toeplitz,0.3,asymptotic,3,0.0026178010471204
0.3,0.0,0.0,0.0,0.0,3251,34,True,True,0,0.030824899673461914,{},False,,key3_asymptotic_toeplitz_0.3,4,toeplitz,0.3,asymptotic,3,0.0026178010471204
0.3,0.0,0.0,0.0,0.0,3251,34,True,True,0,0.0317385196685791,{},False,,key3_asymptotic_toeplitz_0.3,5,toeplitz,0.3,asymptotic,3,0.0026178010471204
0.3,0.0,0.0,0.0,0.0005829204313611193,3251,34,False,False,1563,0.05505084991455078,{},False,,key3_asymptotic_toeplitz_0.3,6,toeplitz,0.3,asymptotic,3,0.0026178010471204
0.3,0.0,0.0,0.0,0.0,3251,34,True,True,0,0.028596878051757812,{},False,,key3_asymptotic_toeplitz_0.3,7,toeplitz,0.3,asymptotic,3,0.0026178010471204
0.3,0.0,0.0,0.0,0.0017487612940833576,3251,34,False,False,1636,0.025881290435791016,{},False,,key3_asymptotic_toeplitz_0.3,8,toeplitz,0.3,asymptotic,3,0.0026178010471204
0.3,0.0,0.0,0.0,0.0,3251,34,True,True,0,0.035433292388916016,{},False,,key3_asymptotic_toeplitz_0.3,9,toeplitz,0.3,asymptotic,3,0.0026178010471204
0.3,0.0,0.0,0.0,0.0,3251,34,True,True,0,0.03894948959350586,{'toeplitz_matrix': 1},False,,key3_asymptotic_toeplitz_0.3,10,toeplitz,0.3,asymptotic,3,0.0026178010471204
0.3,0.0,0.0,0.0,0.0,3251,34,True,False,1,0.032102108001708984,{'toeplitz_matrix': 1},False,,key3_asymptotic_toeplitz_0.3,11,toeplitz,0.3,asymptotic,3,0.0026178010471204
0.3,0.0,0.0,0.0,0.0,3251,34,True,True,0,0.03717970848083496,{},False,,key3_asymptotic_toeplitz_0.3,12,toeplitz,0.3,asymptotic,3,0.0026178010471204
0.3,0.0,0.0,0.0,0.0,3251,34,True,True,0,0.03436994552612305,{},False,,key3_asymptotic_toeplitz_0.3,13,toeplitz,0.3,asymptotic,3,0.0026178010471204
0.3,0.0,0.0,0.0,0.002331681725444477,3251,34,False,False,1639,0.025053977966308594,{'toeplitz_matrix': 1},False,,key3_asymptotic_toeplitz_0.3,14,toeplitz,0.3,asymptotic,3,0.0026178010471204
0.3,0.0,0.0,0.0,0.0,3251,34,True,True,0,0.030701875686645508,{},False,,key3_asymptotic_toeplitz_0.3,15,toeplitz,0.3,asymptotic,3,0.0026178010471204
0.3,0.0,0.0,0.0,0.0,3251,34,True,False,1,0.03693580627441406,{'toeplitz_matrix': 1},False,,key3_asymptotic_toeplitz_0.3,16,toeplitz,0.3,asymptotic,3,0.0026178010471204
0.3,0.0,0.0,0.0,0.0,3251,34,True,False,1,0.02855658531188965,{'toeplitz_matrix': 1},False,,key3_asymptotic_toeplitz_0.3,17,toeplitz,0.3,asymptotic,3,0.0026178010471204
0.3,0.0,0.0,0.0,0.0,3251,34,True,True,0,0.03275871276855469,{},False,,key3_asymptotic_toeplitz_0.3,18,toeplitz,0.3,asymptotic,3,0.0026178010471204
0.3,0.0,0.0,0.0,0.0,3251,34,True,False,1,0.03177285194396973,{'toeplitz_matrix': 1},False,,key3_asymptotic_toeplitz_0.3,19,toeplitz,0.3,asymptotic,3,0.0026178010471204
0.1,0.0,0.0,0.0,0.0,3251,34,True,True,0,0.03688311576843262,{},False,,key3_asymptotic_toeplitz_0.1,0,toeplitz,0.1,asymptotic,3,0.0026178010471204
0.1,0.0,0.0,0.0,0.0,3251,34,True,True,0,0.03098893165588379,{},False,,key3_asymptotic_toeplitz_0.1,1,toeplitz,0.1,asymptotic,3,0.0026178010471204
0.1,0.0,0.0,0.0,0.0,3251,34,True,False,1,0.0273282527923584,{'toeplitz_matrix': 1},False,,key3_asymptotic_toeplitz_0.1,2,toeplitz,0.1,asymptotic,3,0.0026178010471204
0.1,0.0,0.0,0.0,0.0,3251,34,True,True,0,0.04749441146850586,{},False,,key3_asymptotic_toeplitz_0.1,3,toeplitz,0.1,asymptotic,3,0.0026178010471204
0.1,0.0,0.0,0.0,0.0,3251,34,True,True,0,0.02990245819091797,{},False,,key3_asymptotic_toeplitz_0.1,4,toeplitz,0.1,asymptotic,3,0.0026178010471204
0.1,0.0,0.0,0.0,0.0,3251,34,True,True,0,0.029557466506958008,{},False,,key3_asymptotic_toeplitz_0.1,5,toeplitz,0.1,asymptotic,3,0.0026178010471204
0.1,0.0,0.0,0.0,0.0005829204313611193,3251,34,False,False,1669,0.02690267562866211,{},False,,key3_asymptotic_toeplitz_0.1,6,toeplitz,0.1,asymptotic,3,0.0026178010471204
0.1,0.0,0.0,0.0,0.0,3251,34,True,True,0,0.030414342880249023,{},False,,key3_asymptotic_toeplitz_0.1,7,toeplitz,0.1,asymptotic,3,0.0026178010471204
0.1,0.0,0.0,0.0,0.0017487612940833576,3251,34,False,False,1631,0.02567267417907715,{},False,,key3_asymptotic_toeplitz_0.1,8,toeplitz,0.1,asymptotic,3,0.0026178010471204
0.1,0.0,0.0,0.0,0.0,3251,34,True,True,0,0.03628349304199219,{},False,,key3_asymptotic_toeplitz_0.1,9,toeplitz,0.1,asymptotic,3,0.0026178010471204
0.1,0.0,0.0,0.0,0.0,3251,34,True,True,0,0.037096500396728516,{'toeplitz_matrix': 1},False,,key3_asymptotic_toeplitz_0.1,10,toeplitz,0.1,asymptotic,3,0.0026178010471204
0.1,0.0,0.0,0.0,0.0,3251,34,True,True,0,0.032517194747924805,{},False,,key3_asymptotic_toeplitz_0.1,11,toeplitz,0.1,asymptotic,3,0.0026178010471204
0.1,0.0,0.0,0.0,0.0,3251,34,True,True,0,0.0323634147644043,{},False,,key3_asymptotic_toeplitz_0.1,12,toeplitz,0.1,asymptotic,3,0.0026178010471204
0.1,0.0,0.0,0.0,0.0,3251,34,True,True,0,0.0308077335357666,{},False,,key3_asymptotic_toeplitz_0.1,13,toeplitz,0.1,asymptotic,3,0.0026178010471204
0.1,0.0,0.0,0.0,0.002331681725444477,3251,34,False,False,1580,0.02661752700805664,{'toeplitz_matrix': 1},False,,key3_asymptotic_toeplitz_0.1,14,toeplitz,0.1,asymptotic,3,0.0026178010471204
0.1,0.0,0.0,0.0,0.0,3251,34,True,True,0,0.03167271614074707,{},False,,key3_asymptotic_toeplitz_0.1,15,toeplitz,0.1,asymptotic,3,0.0026178010471204
0.1,0.0,0.0,0.0,0.0,3251,34,True,False,1,0.035080671310424805,{'toeplitz_matrix': 1},False,,key3_asymptotic_toeplitz_0.1,16,toeplitz,0.1,asymptotic,3,0.0026178010471204
0.1,0.0,0.0,0.0,0.0,3251,34,True,True,0,0.028313875198364258,{},False,,key3_asymptotic_toeplitz_0.1,17,toeplitz,0.1,asymptotic,3,0.0026178010471204
0.1,0.0,0.0,0.0,0.0,3251,34,True,True,0,0.032610177993774414,{},False,,key3_asymptotic_toeplitz_0.1,18,toeplitz,0.1,asymptotic,3,0.0026178010471204
0.1,0.0,0.0,0.0,0.0,3251,34,True,True,0,0.03252220153808594,{},False,,key3_asymptotic_toeplitz_0.1,19,toeplitz,0.1,asymptotic,3,0.0026178010471204
0.05,0.0,0.0,0.0,0.0,3251,34,True,True,0,0.03393816947937012,{},False,,key3_asymptotic_toeplitz_0.05,0,toeplitz,0.05,asymptotic,3,0.0026178010471204
0.05,0.0,0.0,0.0,0.0,3251,34,True,True,0,0.030759096145629883,{},False,,key3_asymptotic_toeplitz_0.05,1,toeplitz,0.05,asymptotic,3,0.0026178010471204
0.05,0.0,0.0,0.0,0.0,3251,34,True,False,1,0.02771902084350586,{'toeplitz_matrix': 1},False,,key3_asymptotic_toeplitz_0.05,2,toeplitz,0.05,asymptotic,3,0.0026178010471204
0.05,0.0,0.0,0.0,0.0,3251,34,True,True,0,0.038086891174316406,{},False,,key3_asymptotic_toeplitz_0.05,3,toeplitz,0.05,asymptotic,3,0.0026178010471204
0.05,0.0,0.0,0.0,0.0,3251,34,True,True,0,0.03121638298034668,{},False,,key3_asymptotic_toeplitz_0.05,4,toeplitz,0.05,asymptotic,3,0.0026178010471204
0.05,0.0,0.0,0.0,0.0,3251,34,True,True,0,0.02880859375,{},False,,key3_asymptotic_toeplitz_0.05,5,toeplitz,0.05,asymptotic,3,0.0026178010471204
0.05,0.0,0.0,0.0,0.0005829204313611193,3251,34,False,False,1639,0.026875019073486328,{},False,,key3_asymptotic_toeplitz_0.05,6,toeplitz,0.05,asymptotic,3,0.0026178010471204
0.05,0.0,0.0,0.0,0.0,3251,34,True,True,0,0.027605533599853516,{},False,,key3_asymptotic_toeplitz_0.05,7,toeplitz,0.05,asymptotic,3,0.0026178010471204
0.05,0.0,0.0,0.0,0.0017487612940833576,3251,34,False,False,1636,0.02883291244506836,{},False,,key3_asymptotic_toeplitz_0.05,8,toeplitz,0.05,asymptotic,3,0.0026178010471204
0.05,0.0,0.0,0.0,0.0,3251,34,True,True,0,0.03595876693725586,{},False,,key3_asymptotic_toeplitz_0.05,9,toeplitz,0.05,asymptotic,3,0.0026178010471204
0.05,0.0,0.0,0.0,0.0,3251,34,True,True,0,0.0375666618347168,{},False,,key3_asymptotic_toeplitz_0.05,10,toeplitz,0.05,asymptotic,3,0.0026178010471204
0.05,0.0,0.0,0.0,0.0,3251,34,True,True,0,0.03408408164978027,{},False,,key3_asymptotic_toeplitz_0.05,11,toeplitz,0.05,asymptotic,3,0.0026178010471204
0.05,0.0,0.0,0.0,0.0,3251,34,True,True,0,0.03299140930175781,{},False,,key3_asymptotic_toeplitz_0.05,12,toeplitz,0.05,asymptotic,3,0.0026178010471204
0.05,0.0,0.0,0.0,0.0,3251,34,True,True,0,0.03000640869140625,{},False,,key3_asymptotic_toeplitz_0.05,13,toeplitz,0.05,asymptotic,3,0.0026178010471204
0.05,0.0,0.0,0.0,0.002331681725444477,3251,34,False,False,1671,0.025447607040405273,{'toeplitz_matrix': 1},False,,key3_asymptotic_toeplitz_0.05,14,toeplitz,0.05,asymptotic,3,0.0026178010471204
0.05,0.0,0.0,0.0,0.0,3251,34,True,True,0,0.03183484077453613,{},False,,key3_asymptotic_toeplitz_0.05,15,toeplitz,0.05,asymptotic,3,0.0026178010471204
0.05,0.0,0.0,0.0,0.0,3251,34,True,True,0,0.03604435920715332,{},False,,key3_asymptotic_toeplitz_0.05,16,toeplitz,0.05,asymptotic,3,0.0026178010471204
0.05,0.0,0.0,0.0,0.0,3251,34,True,True,0,0.027425289154052734,{},False,,key3_asymptotic_toeplitz_0.05,17,toeplitz,0.05,asymptotic,3,0.0026178010471204
0.05,0.0,0.0,0.0,0.0,3251,34,True,True,0,0.032700538635253906,{},False,,key3_asymptotic_toeplitz_0.05,18,toeplitz,0.05,asymptotic,3,0.0026178010471204
0.05,0.0,0.0,0.0,0.0,3251,34,True,True,0,0.030599594116210938,{},False,,key3_asymptotic_toeplitz_0.05,19,toeplitz,0.05,asymptotic,3,0.0026178010471204
0.03,0.0,0.0,0.0,0.0,3251,34,True,True,0,0.03343796730041504,{},False,,key3_asymptotic_toeplitz_0.03,0,toeplitz,0.03,asymptotic,3,0.0026178010471204
0.03,0.0,0.0,0.0,0.0,3251,34,True,True,0,0.02945399284362793,{},False,,key3_asymptotic_toeplitz_0.03,1,toeplitz,0.03,asymptotic,3,0.0026178010471204
0.03,0.0,0.0,0.0,0.0,3251,34,True,True,0,0.029257535934448242,{},False,,key3_asymptotic_toeplitz_0.03,2,toeplitz,0.03,asymptotic,3,0.0026178010471204
0.03,0.0,0.0,0.0,0.0,3251,34,True,True,0,0.03327131271362305,{},False,,key3_asymptotic_toeplitz_0.03,3,toeplitz,0.03,asymptotic,3,0.0026178010471204
0.03,0.0,0.0,0.0,0.0,3251,34,True,True,0,0.031069040298461914,{},False,,key3_asymptotic_toeplitz_0.03,4,toeplitz,0.03,asymptotic,3,0.0026178010471204
0.03,0.0,0.0,0.0,0.0,3251,34,True,True,0,0.028846025466918945,{},False,,key3_asymptotic_toeplitz_0.03,5,toeplitz,0.03,asymptotic,3,0.0026178010471204
0.03,0.0,0.0,0.0,0.0005829204313611193,3251,34,False,False,1653,0.028398990631103516,{},False,,key3_asymptotic_toeplitz_0.03,6,toeplitz,0.03,asymptotic,3,0.0026178010471204
0.03,0.0,0.0,0.0,0.0,3251,34,True,True,0,0.029386520385742188,{},False,,key3_asymptotic_toeplitz_0.03,7,toeplitz,0.03,asymptotic,3,0.0026178010471204
0.03,0.0,0.0,0.0,0.0017487612940833576,3251,34,False,False,1588,0.025092124938964844,{},False,,key3_asymptotic_toeplitz_0.03,8,toeplitz,0.03,asymptotic,3,0.0026178010471204
0.03,0.0,0.0,0.0,0.0,3251,34,True,True,0,0.03850245475769043,{},False,,key3_asymptotic_toeplitz_0.03,9,toeplitz,0.03,asymptotic,3,0.0026178010471204
0.03,0.0,0.0,0.0,0.0,3251,34,True,True,0,0.03968977928161621,{},False,,key3_asymptotic_toeplitz_0.03,10,toeplitz,0.03,asymptotic,3,0.0026178010471204
0.03,0.0,0.0,0.0,0.0,3251,34,True,True,0,0.03279399871826172,{},False,,key3_asymptotic_toeplitz_0.03,11,toeplitz,0.03,asymptotic,3,0.0026178010471204
0.03,0.0,0.0,0.0,0.0,3251,34,True,True,0,0.029877185821533203,{},False,,key3_asymptotic_toeplitz_0.03,12,toeplitz,0.03,asymptotic,3,0.0026178010471204
0.03,0.0,0.0,0.0,0.0,3251,34,True,True,0,0.02910137176513672,{},False,,key3_asymptotic_toeplitz_0.03,13,toeplitz,0.03,asymptotic,3,0.0026178010471204
0.03,0.0,0.0,0.0,0.002331681725444477,3251,34,False,False,1621,0.02756953239440918,{},False,,key3_asymptotic_toeplitz_0.03,14,toeplitz,0.03,asymptotic,3,0.0026178010471204
0.03,0.0,0.0,0.0,0.0,3251,34,True,True,0,0.035310983657836914,{},False,,key3_asymptotic_toeplitz_0.03,15,toeplitz,0.03,asymptotic,3,0.0026178010471204
0.03,0.0,0.0,0.0,0.0,3251,34,True,True,0,0.03625988960266113,{},False,,key3_asymptotic_toeplitz_0.03,16,toeplitz,0.03,asymptotic,3,0.0026178010471204
0.03,0.0,0.0,0.0,0.0,3251,34,True,True,0,0.027672529220581055,{},False,,key3_asymptotic_toeplitz_0.03,17,toeplitz,0.03,asymptotic,3,0.0026178010471204
0.03,0.0,0.0,0.0,0.0,3251,34,True,True,0,0.03180813789367676,{},False,,key3_asymptotic_toeplitz_0.03,18,toeplitz,0.03,asymptotic,3,0.0026178010471204
0.03,0.0,0.0,0.0,0.0,3251,34,True,True,0,0.031914472579956055,{},False,,key3_asymptotic_toeplitz_0.03,19,toeplitz,0.03,asymptotic,3,0.0026178010471204
0.01,0.0,0.0,0.0,0.0,3251,34,True,True,0,0.03319406509399414,{},False,,key3_asymptotic_toeplitz_0.01,0,toeplitz,0.01,asymptotic,3,0.0026178010471204
0.01,0.0,0.0,0.0,0.0,3251,34,True,True,0,0.029417753219604492,{},False,,key3_asymptotic_toeplitz_0.01,1,toeplitz,0.01,asymptotic,3,0.0026178010471204
0.01,0.0,0.0,0.0,0.0,3251,34,True,True,0,0.03139162063598633,{},False,,key3_asymptotic_toeplitz_0.01,2,toeplitz,0.01,asymptotic,3,0.0026178010471204
0.01,0.0,0.0,0.0,0.0,3251,34,True,True,0,0.07195496559143066,{},False,,key3_asymptotic_toeplitz_0.01,3,toeplitz,0.01,asymptotic,3,0.0026178010471204
0.01,0.0,0.0,0.0,0.0,3251,34,True,True,0,0.061234474182128906,{},False,,key3_asymptotic_toeplitz_0.01,4,toeplitz,0.01,asymptotic,3,0.0026178010471204
0.01,0.0,0.0,0.0,0.0,3251,34,True,True,0,0.04410576820373535,{},False,,key3_asymptotic_toeplitz_0.01,5,toeplitz,0.01,asymptotic,3,0.0026178010471204
0.01,0.0,0.0,0.0,0.0005829204313611193,3251,34,False,False,1625,0.027415990829467773,{},False,,key3_asymptotic_toeplitz_0.01,6,toeplitz,0.01,asymptotic,3,0.0026178010471204
0.01,0.0,0.0,0.0,0.0,3251,34,True,True,0,0.02763676643371582,{},False,,key3_asymptotic_toeplitz_0.01,7,toeplitz,0.01,asymptotic,3,0.0026178010471204
0.01,0.0,0.0,0.0,0.0017487612940833576,3251,34,False,False,1670,0.026280879974365234,{},False,,key3_asymptotic_toeplitz_0.01,8,toeplitz,0.01,asymptotic,3,0.0026178010471204
0.01,0.0,0.0,0.0,0.0,3251,34,True,True,0,0.0370328426361084,{},False,,key3_asymptotic_toeplitz_0.01,9,toeplitz,0.01,asymptotic,3,0.0026178010471204
0.01,0.0,0.0,0.0,0.0,3251,34,True,True,0,0.038504600524902344,{},False,,key3_asymptotic_toeplitz_0.01,10,toeplitz,0.01,asymptotic,3,0.0026178010471204
0.01,0.0,0.0,0.0,0.0,3251,34,True,True,0,0.0329136848449707,{},False,,key3_asymptotic_toeplitz_0.01,11,toeplitz,0.01,asymptotic,3,0.0026178010471204
0.01,0.0,0.0,0.0,0.0,3251,34,True,True,0,0.029467344284057617,{},False,,key3_asymptotic_toeplitz_0.01,12,toeplitz,0.01,asymptotic,3,0.0026178010471204
0.01,0.0,0.0,0.0,0.0,3251,34,True,True,0,0.03005075454711914,{},False,,key3_asymptotic_toeplitz_0.01,13,toeplitz,0.01,asymptotic,3,0.0026178010471204
0.01,0.0,0.0,0.0,0.002331681725444477,3251,34,False,False,1592,0.024965524673461914,{},False,,key3_asymptotic_toeplitz_0.01,14,toeplitz,0.01,asymptotic,3,0.0026178010471204
0.01,0.0,0.0,0.0,0.0,3251,34,True,True,0,0.031403541564941406,{},False,,key3_asymptotic_toeplitz_0.01,15,toeplitz,0.01,asymptotic,3,0.0026178010471204
0.01,0.0,0.0,0.0,0.0,3251,34,True,True,0,0.03594207763671875,{},False,,key3_asymptotic_toeplitz_0.01,16,toeplitz,0.01,asymptotic,3,0.0026178010471204
0.01,0.0,0.0,0.0,0.0,3251,34,True,True,0,0.027482032775878906,{},False,,key3_asymptotic_toeplitz_0.01,17,toeplitz,0.01,asymptotic,3,0.0026178010471204
0.01,0.0,0.0,0.0,0.0,3251,34,True,True,0,0.032393455505371094,{},False,,key3_asymptotic_toeplitz_0.01,18,toeplitz,0.01,asymptotic,3,0.0026178010471204
0.01,0.0,0.0,0.0,0.0,3251,34,True,True,0,0.03094792366027832,{},False,,key3_asymptotic_toeplitz_0.01,19,toeplitz,0.01,asymptotic,3,0.0026178010471204
0.003,0.0,0.0,0.0,0.0,3251,34,True,True,0,0.03304576873779297,{},False,,key3_asymptotic_toeplitz_0.003,0,toeplitz,0.003,asymptotic,3,0.0026178010471204
0.003,0.0,0.0,0.0,0.0,3251,34,True,True,0,0.029825687408447266,{},False,,key3_asymptotic_toeplitz_0.003,1,toeplitz,0.003,asymptotic,3,0.0026178010471204
0.003,0.0,0.0,0.0,0.0,3251,34,True,True,0,0.028362512588500977,{},False,,key3_asymptotic_toeplitz_0.003,2,toeplitz,0.003,asymptotic,3,0.0026178010471204
0.003,0.0,0.0,0.0,0.0,3251,34,True,True,0,0.03543376922607422,{},False,,key3_asymptotic_toeplitz_0.003,3,toeplitz,0.003,asymptotic,3,0.0026178010471204
0.003,0.0,0.0,0.0,0.0,3251,34,True,True,0,0.0348210334777832,{},False,,key3_asymptotic_toeplitz_0.003,4,toeplitz,0.003,asymptotic,3,0.0026178010471204
0.003,0.0,0.0,0.0,0.0,3251,34,True,True,0,0.029094219207763672,{},False,,key3_asymptotic_toeplitz_0.003,5,toeplitz,0.003,asymptotic,3,0.0026178010471204
0.003,0.0,0.0,0.0,0.0005829204313611193,3251,34,False,False,1651,0.03026270866394043,{},False,,key3_asymptotic_toeplitz_0.003,6,toeplitz,0.003,asymptotic,3,0.0026178010471204
0.003,0.0,0.0,0.0,0.0,3251,34,True,True,0,0.026926517486572266,{},False,,key3_asymptotic_toeplitz_0.003,7,toeplitz,0.003,asymptotic,3,0.0026178010471204
0.003,0.0,0.0,0.0,0.0017487612940833576,3251,34,False,False,1666,0.025588274002075195,{},False,,key3_asymptotic_toeplitz_0.003,8,toeplitz,0.003,asymptotic,3,0.0026178010471204
0.003,0.0,0.0,0.0,0.0,3251,34,True,True,0,0.035651445388793945,{},False,,key3_asymptotic_toeplitz_0.003,9,toeplitz,0.003,asymptotic,3,0.0026178010471204
0.003,0.0,0.0,0.0,0.0,3251,34,True,True,0,0.04099678993225098,{},False,,key3_asymptotic_toeplitz_0.003,10,toeplitz,0.003,asymptotic,3,0.0026178010471204
0.003,0.0,0.0,0.0,0.0,3251,34,True,True,0,0.03471040725708008,{},False,,key3_asymptotic_toeplitz_0.003,11,toeplitz,0.003,asymptotic,3,0.0026178010471204
0.003,0.0,0.0,0.0,0.0,3251,34,True,True,0,0.030762910842895508,{},False,,key3_asymptotic_toeplitz_0.003,12,toeplitz,0.003,asymptotic,3,0.0026178010471204
0.003,0.0,0.0,0.0,0.0,3251,34,True,True,0,0.033632755279541016,{},False,,key3_asymptotic_toeplitz_0.003,13,toeplitz,0.003,asymptotic,3,0.0026178010471204
0.003,0.0,0.0,0.0,0.002331681725444477,3251,34,False,False,1672,0.026136159896850586,{},False,,key3_asymptotic_toeplitz_0.003,14,toeplitz,0.003,asymptotic,3,0.0026178010471204
0.003,0.0,0.0,0.0,0.0,3251,34,True,True,0,0.030068635940551758,{},False,,key3_asymptotic_toeplitz_0.003,15,toeplitz,0.003,asymptotic,3,0.0026178010471204
0.003,0.0,0.0,0.0,0.0,3251,34,True,True,0,0.03494000434875488,{},False,,key3_asymptotic_toeplitz_0.003,16,toeplitz,0.003,asymptotic,3,0.0026178010471204
0.003,0.0,0.0,0.0,0.0,3251,34,True,True,0,0.02872443199157715,{},False,,key3_asymptotic_toeplitz_0.003,17,toeplitz,0.003,asymptotic,3,0.0026178010471204
0.003,0.0,0.0,0.0,0.0,3251,34,True,True,0,0.03382730484008789,{},False,,key3_asymptotic_toeplitz_0.003,18,toeplitz,0.003,asymptotic,3,0.0026178010471204
0.003,0.0,0.0,0.0,0.0,3251,34,True,True,0,0.033359527587890625,{},False,,key3_asymptotic_toeplitz_0.003,19,toeplitz,0.003,asymptotic,3,0.0026178010471204
0.001,0.0,0.0,0.0,0.0,3251,34,True,True,0,0.03345298767089844,{},False,,key3_asymptotic_toeplitz_0.001,0,toeplitz,0.001,asymptotic,3,0.0026178010471204
0.001,0.0,0.0,0.0,0.0,3251,34,True,True,0,0.030547142028808594,{},False,,key3_asymptotic_toeplitz_0.001,1,toeplitz,0.001,asymptotic,3,0.0026178010471204
0.001,0.0,0.0,0.0,0.0,3251,34,True,True,0,0.027582168579101562,{},False,,key3_asymptotic_toeplitz_0.001,2,toeplitz,0.001,asymptotic,3,0.0026178010471204
0.001,0.0,0.0,0.0,0.0,3251,34,True,True,0,0.03196215629577637,{},False,,key3_asymptotic_toeplitz_0.001,3,toeplitz,0.001,asymptotic,3,0.0026178010471204
0.001,0.0,0.0,0.0,0.0,3251,34,True,True,0,0.03323197364807129,{},False,,key3_asymptotic_toeplitz_0.001,4,toeplitz,0.001,asymptotic,3,0.0026178010471204
0.001,0.0,0.0,0.0,0.0,3251,34,True,True,0,0.03066873550415039,{},False,,key3_asymptotic_toeplitz_0.001,5,toeplitz,0.001,asymptotic,3,0.0026178010471204
0.001,0.0,0.0,0.0,0.0005829204313611193,3251,34,False,False,1644,0.02712249755859375,{},False,,key3_asymptotic_toeplitz_0.001,6,toeplitz,0.001,asymptotic,3,0.0026178010471204
0.001,0.0,0.0,0.0,0.0,3251,34,True,True,0,0.027689218521118164,{},False,,key3_asymptotic_toeplitz_0.001,7,toeplitz,0.001,asymptotic,3,0.0026178010471204
0.001,0.0,0.0,0.0,0.0017487612940833576,3251,34,False,False,1594,0.02608036994934082,{},False,,key3_asymptotic_toeplitz_0.001,8,toeplitz,0.001,asymptotic,3,0.0026178010471204
0.001,0.0,0.0,0.0,0.0,3251,34,True,True,0,0.03634381294250488,{},False,,key3_asymptotic_toeplitz_0.001,9,toeplitz,0.001,asymptotic,3,0.0026178010471204
0.001,0.0,0.0,0.0,0.0,3251,34,True,True,0,0.04004502296447754,{},False,,key3_asymptotic_toeplitz_0.001,10,toeplitz,0.001,asymptotic,3,0.0026178010471204
0.001,0.0,0.0,0.0,0.0,3251,34,True,True,0,0.03399348258972168,{},False,,key3_asymptotic_toeplitz_0.001,11,toeplitz,0.001,asymptotic,3,0.0026178010471204
0.001,0.0,0.0,0.0,0.0,3251,34,True,True,0,0.030588150024414062,{},False,,key3_asymptotic_toeplitz_0.001,12,toeplitz,0.001,asymptotic,3,0.0026178010471204
0.001,0.0,0.0,0.0,0.0,3251,34,True,True,0,0.03177475929260254,{},False,,key3_asymptotic_toeplitz_0.001,13,toeplitz,0.001,asymptotic,3,0.0026178010471204
0.001,0.0,0.0,0.0,0.002331681725444477,3251,34,False,False,1649,0.026038646697998047,{},False,,key3_asymptotic_toeplitz_0.001,14,toeplitz,0.001,asymptotic,3,0.0026178010471204
0.001,0.0,0.0,0.0,0.0,3251,34,True,True,0,0.03466486930847168,{},False,,key3_asymptotic_toeplitz_0.001,15,toeplitz,0.001,asymptotic,3,0.0026178010471204
0.001,0.0,0.0,0.0,0.0,3251,34,True,True,0,0.036397457122802734,{},False,,key3_asymptotic_toeplitz_0.001,16,toeplitz,0.001,asymptotic,3,0.0026178010471204
0.001,0.0,0.0,0.0,0.0,3251,34,True,True,0,0.03220224380493164,{},False,,key3_asymptotic_toeplitz_0.001,17,toeplitz,0.001,asymptotic,3,0.0026178010471204
0.001,0.0,0.0,0.0,0.0,3251,34,True,True,0,0.03377699851989746,{},False,,key3_asymptotic_toeplitz_0.001,18,toeplitz,0.001,asymptotic,3,0.0026178010471204
0.001,0.0,0.0,0.0,0.0,3251,34,True,True,0,0.03296947479248047,{},False,,key3_asymptotic_toeplitz_0.001,19,toeplitz,0.001,asymptotic,3,0.0026178010471204
0.0,0.5,0.0,0.0,0.0,3251,34,True,True,0,0.03303170204162598,{},False,,key3_asymptotic_final_key_0.5,0,final_key,0.5,asymptotic,3,0.0026178010471204
0.0,0.5,0.0,0.0,0.0,3251,34,True,False,1,0.030230283737182617,{'final_key': 1},False,,key3_asymptotic_final_key_0.5,1,final_key,0.5,asymptotic,3,0.0026178010471204
0.0,0.5,0.0,0.0,0.0,3251,34,True,False,1,0.027614355087280273,{'final_key': 1},False,,key3_asymptotic_final_key_0.5,2,final_key,0.5,asymptotic,3,0.0026178010471204
0.0,0.5,0.0,0.0,0.0,3251,34,True,False,1,0.03217816352844238,{'final_key': 1},False,,key3_asymptotic_final_key_0.5,3,final_key,0.5,asymptotic,3,0.0026178010471204
0.0,0.5,0.0,0.0,0.0,3251,34,True,False,1,0.0309906005859375,{'final_key': 1},False,,key3_asymptotic_final_key_0.5,4,final_key,0.5,asymptotic,3,0.0026178010471204
0.0,0.5,0.0,0.0,0.0,3251,34,True,True,0,0.03716707229614258,{},False,,key3_asymptotic_final_key_0.5,5,final_key,0.5,asymptotic,3,0.0026178010471204
0.0,0.5,0.0,0.0,0.0005829204313611193,3251,34,False,False,1625,0.027362823486328125,{'final_key': 1},False,,key3_asymptotic_final_key_0.5,6,final_key,0.5,asymptotic,3,0.0026178010471204
0.0,0.5,0.0,0.0,0.0,3251,34,True,False,1,0.027724266052246094,{'final_key': 1},False,,key3_asymptotic_final_key_0.5,7,final_key,0.5,asymptotic,3,0.0026178010471204
0.0,0.5,0.0,0.0,0.0017487612940833576,3251,34,False,False,1626,0.02581000328063965,{'final_key': 1},False,,key3_asymptotic_final_key_0.5,8,final_key,0.5,asymptotic,3,0.0026178010471204
0.0,0.5,0.0,0.0,0.0,3251,34,True,True,0,0.037155866622924805,{},False,,key3_asymptotic_final_key_0.5,9,final_key,0.5,asymptotic,3,0.0026178010471204
0.0,0.5,0.0,0.0,0.0,3251,34,True,True,0,0.03724479675292969,{},False,,key3_asymptotic_final_key_0.5,10,final_key,0.5,asymptotic,3,0.0026178010471204
0.0,0.5,0.0,0.0,0.0,3251,34,True,True,0,0.032506704330444336,{},False,,key3_asymptotic_final_key_0.5,11,final_key,0.5,asymptotic,3,0.0026178010471204
0.0,0.5,0.0,0.0,0.0,3251,34,True,False,1,0.034325599670410156,{'final_key': 1},False,,key3_asymptotic_final_key_0.5,12,final_key,0.5,asymptotic,3,0.0026178010471204
0.0,0.5,0.0,0.0,0.0,3251,34,True,False,1,0.02919936180114746,{'final_key': 1},False,,key3_asymptotic_final_key_0.5,13,final_key,0.5,asymptotic,3,0.0026178010471204
0.0,0.5,0.0,0.0,0.002331681725444477,3251,34,False,False,1628,0.02479100227355957,{'final_key': 1},False,,key3_asymptotic_final_key_0.5,14,final_key,0.5,asymptotic,3,0.0026178010471204
0.0,0.5,0.0,0.0,0.0,3251,34,True,True,0,0.03022480010986328,{},False,,key3_asymptotic_final_key_0.5,15,final_key,0.5,asymptotic,3,0.0026178010471204
0.0,0.5,0.0,0.0,0.0,3251,34,True,True,0,0.03538060188293457,{},False,,key3_asymptotic_final_key_0.5,16,final_key,0.5,asymptotic,3,0.0026178010471204
0.0,0.5,0.0,0.0,0.0,3251,34,True,False,1,0.028135061264038086,{'final_key': 1},False,,key3_asymptotic_final_key_0.5,17,final_key,0.5,asymptotic,3,0.0026178010471204
0.0,0.5,0.0,0.0,0.0,3251,34,True,True,0,0.03298616409301758,{},False,,key3_asymptotic_final_key_0.5,18,final_key,0.5,asymptotic,3,0.0026178010471204
0.0,0.5,0.0,0.0,0.0,3251,34,True,True,0,0.03325319290161133,{},False,,key3_asymptotic_final_key_0.5,19,final_key,0.5,asymptotic,3,0.0026178010471204
0.0,0.3,0.0,0.0,0.0,3251,34,True,True,0,0.03570961952209473,{},False,,key3_asymptotic_final_key_0.3,0,final_key,0.3,asymptotic,3,0.0026178010471204
0.0,0.3,0.0,0.0,0.0,3251,34,True,False,1,0.029897212982177734,{'final_key': 1},False,,key3_asymptotic_final_key_0.3,1,final_key,0.3,asymptotic,3,0.0026178010471204
0.0,0.3,0.0,0.0,0.0,3251,34,True,False,1,0.028818845748901367,{'final_key': 1},False,,key3_asymptotic_final_key_0.3,2,final_key,0.3,asymptotic,3,0.0026178010471204
0.0,0.3,0.0,0.0,0.0,3251,34,True,True,0,0.03169822692871094,{},False,,key3_asymptotic_final_key_0.3,3,final_key,0.3,asymptotic,3,0.0026178010471204
0.0,0.3,0.0,0.0,0.0,3251,34,True,True,0,0.031149864196777344,{},False,,key3_asymptotic_final_key_0.3,4,final_key,0.3,asymptotic,3,0.0026178010471204
0.0,0.3,0.0,0.0,0.0,3251,34,True,True,0,0.02854609489440918,{},False,,key3_asymptotic_final_key_0.3,5,final_key,0.3,asymptotic,3,0.0026178010471204
0.0,0.3,0.0,0.0,0.0005829204313611193,3251,34,False,False,1600,0.030299901962280273,{'final_key': 1},False,,key3_asymptotic_final_key_0.3,6,final_key,0.3,asymptotic,3,0.0026178010471204
0.0,0.3,0.0,0.0,0.0,3251,34,True,True,0,0.03025364875793457,{},False,,key3_asymptotic_final_key_0.3,7,final_key,0.3,asymptotic,3,0.0026178010471204
0.0,0.3,0.0,0.0,0.0017487612940833576,3251,34,False,False,1653,0.026270151138305664,{},False,,key3_asymptotic_final_key_0.3,8,final_key,0.3,asymptotic,3,0.0026178010471204
0.0,0.3,0.0,0.0,0.0,3251,34,True,True,0,0.037383079528808594,{},False,,key3_asymptotic_final_key_0.3,9,final_key,0.3,asymptotic,3,0.0026178010471204
0.0,0.3,0.0,0.0,0.0,3251,34,True,True,0,0.037886857986450195,{},False,,key3_asymptotic_final_key_0.3,10,final_key,0.3,asymptotic,3,0.0026178010471204
0.0,0.3,0.0,0.0,0.0,3251,34,True,True,0,0.03306388854980469,{},False,,key3_asymptotic_final_key_0.3,11,final_key,0.3,asymptotic,3,0.0026178010471204
0.0,0.3,0.0,0.0,0.0,3251,34,True,True,0,0.03115248680114746,{},False,,key3_asymptotic_final_key_0.3,12,final_key,0.3,asymptotic,3,0.0026178010471204
0.0,0.3,0.0,0.0,0.0,3251,34,True,False,1,0.030987977981567383,{'final_key': 1},False,,key3_asymptotic_final_key_0.3,13,final_key,0.3,asymptotic,3,0.0026178010471204
0.0,0.3,0.0,0.0,0.002331681725444477,3251,34,False,False,1633,0.025686264038085938,{},False,,key3_asymptotic_final_key_0.3,14,final_key,0.3,asymptotic,3,0.0026178010471204
0.0,0.3,0.0,0.0,0.0,3251,34,True,True,0,0.029768943786621094,{},False,,key3_asymptotic_final_key_0.3,15,final_key,0.3,asymptotic,3,0.0026178010471204
0.0,0.3,0.0,0.0,0.0,3251,34,True,True,0,0.038819313049316406,{},False,,key3_asymptotic_final_key_0.3,16,final_key,0.3,asymptotic,3,0.0026178010471204
0.0,0.3,0.0,0.0,0.0,3251,34,True,False,1,0.028738975524902344,{'final_key': 1},False,,key3_asymptotic_final_key_0.3,17,final_key,0.3,asymptotic,3,0.0026178010471204
0.0,0.3,0.0,0.0,0.0,3251,34,True,True,0,0.03231525421142578,{},False,,key3_asymptotic_final_key_0.3,18,final_key,0.3,asymptotic,3,0.0026178010471204
0.0,0.3,0.0,0.0,0.0,3251,34,True,True,0,0.031534433364868164,{},False,,key3_asymptotic_final_key_0.3,19,final_key,0.3,asymptotic,3,0.0026178010471204
0.0,0.1,0.0,0.0,0.0,3251,34,True,True,0,0.03512382507324219,{},False,,key3_asymptotic_final_key_0.1,0,final_key,0.1,asymptotic,3,0.0026178010471204
0.0,0.1,0.0,0.0,0.0,3251,34,True,False,1,0.030469179153442383,{'final_key': 1},False,,key3_asymptotic_final_key_0.1,1,final_key,0.1,asymptotic,3,0.0026178010471204
0.0,0.1,0.0,0.0,0.0,3251,34,True,True,0,0.027324199676513672,{},False,,key3_asymptotic_final_key_0.1,2,final_key,0.1,asymptotic,3,0.0026178010471204
0.0,0.1,0.0,0.0,0.0,3251,34,True,True,0,0.03238844871520996,{},False,,key3_asymptotic_final_key_0.1,3,final_key,0.1,asymptotic,3,0.0026178010471204
0.0,0.1,0.0,0.0,0.0,3251,34,True,True,0,0.03149127960205078,{},False,,key3_asymptotic_final_key_0.1,4,final_key,0.1,asymptotic,3,0.0026178010471204
0.0,0.1,0.0,0.0,0.0,3251,34,True,True,0,0.0286715030670166,{},False,,key3_asymptotic_final_key_0.1,5,final_key,0.1,asymptotic,3,0.0026178010471204
0.0,0.1,0.0,0.0,0.0005829204313611193,3251,34,False,False,1653,0.027512311935424805,{'final_key': 1},False,,key3_asymptotic_final_key_0.1,6,final_key,0.1,asymptotic,3,0.0026178010471204
0.0,0.1,0.0,0.0,0.0,3251,34,True,True,0,0.03481650352478027,{},False,,key3_asymptotic_final_key_0.1,7,final_key,0.1,asymptotic,3,0.0026178010471204
0.0,0.1,0.0,0.0,0.0017487612940833576,3251,34,False,False,1665,0.026369333267211914,{},False,,key3_asymptotic_final_key_0.1,8,final_key,0.1,asymptotic,3,0.0026178010471204
0.0,0.1,0.0,0.0,0.0,3251,34,True,True,0,0.03593158721923828,{},False,,key3_asymptotic_final_key_0.1,9,final_key,0.1,asymptotic,3,0.0026178010471204
0.0,0.1,0.0,0.0,0.0,3251,34,True,True,0,0.03914022445678711,{},False,,key3_asymptotic_final_key_0.1,10,final_key,0.1,asymptotic,3,0.0026178010471204
0.0,0.1,0.0,0.0,0.0,3251,34,True,True,0,0.032747507095336914,{},False,,key3_asymptotic_final_key_0.1,11,final_key,0.1,asymptotic,3,0.0026178010471204
0.0,0.1,0.0,0.0,0.0,3251,34,True,True,0,0.030785799026489258,{},False,,key3_asymptotic_final_key_0.1,12,final_key,0.1,asymptotic,3,0.0026178010471204
0.0,0.1,0.0,0.0,0.0,3251,34,True,True,0,0.029938220977783203,{},False,,key3_asymptotic_final_key_0.1,13,final_key,0.1,asymptotic,3,0.0026178010471204
0.0,0.1,0.0,0.0,0.002331681725444477,3251,34,False,False,1617,0.026615619659423828,{},False,,key3_asymptotic_final_key_0.1,14,final_key,0.1,asymptotic,3,0.0026178010471204
0.0,0.1,0.0,0.0,0.0,3251,34,True,True,0,0.031311750411987305,{},False,,key3_asymptotic_final_key_0.1,15,final_key,0.1,asymptotic,3,0.0026178010471204
0.0,0.1,0.0,0.0,0.0,3251,34,True,True,0,0.036089181900024414,{},False,,key3_asymptotic_final_key_0.1,16,final_key,0.1,asymptotic,3,0.0026178010471204
0.0,0.1,0.0,0.0,0.0,3251,34,True,False,1,0.0291748046875,{'final_key': 1},False,,key3_asymptotic_final_key_0.1,17,final_key,0.1,asymptotic,3,0.0026178010471204
0.0,0.1,0.0,0.0,0.0,3251,34,True,True,0,0.036750078201293945,{},False,,key3_asymptotic_final_key_0.1,18,final_key,0.1,asymptotic,3,0.0026178010471204
0.0,0.1,0.0,0.0,0.0,3251,34,True,True,0,0.03766751289367676,{},False,,key3_asymptotic_final_key_0.1,19,final_key,0.1,asymptotic,3,0.0026178010471204
0.0,0.05,0.0,0.0,0.0,3251,34,True,True,0,0.0339655876159668,{},False,,key3_asymptotic_final_key_0.05,0,final_key,0.05,asymptotic,3,0.0026178010471204
0.0,0.05,0.0,0.0,0.0,3251,34,True,False,1,0.03136324882507324,{'final_key': 1},False,,key3_asymptotic_final_key_0.05,1,final_key,0.05,asymptotic,3,0.0026178010471204
0.0,0.05,0.0,0.0,0.0,3251,34,True,True,0,0.027237415313720703,{},False,,key3_asymptotic_final_key_0.05,2,final_key,0.05,asymptotic,3,0.0026178010471204
0.0,0.05,0.0,0.0,0.0,3251,34,True,True,0,0.033403873443603516,{},False,,key3_asymptotic_final_key_0.05,3,final_key,0.05,asymptotic,3,0.0026178010471204
0.0,0.05,0.0,0.0,0.0,3251,34,True,True,0,0.030629873275756836,{},False,,key3_asymptotic_final_key_0.05,4,final_key,0.05,asymptotic,3,0.0026178010471204
0.0,0.05,0.0,0.0,0.0,3251,34,True,True,0,0.030074357986450195,{},False,,key3_asymptotic_final_key_0.05,5,final_key,0.05,asymptotic,3,0.0026178010471204
0.0,0.05,0.0,0.0,0.0005829204313611193,3251,34,False,False,1655,0.027807235717773438,{'final_key': 1},False,,key3_asymptotic_final_key_0.05,6,final_key,0.05,asymptotic,3,0.0026178010471204
0.0,0.05,0.0,0.0,0.0,3251,34,True,True,0,0.029773235321044922,{},False,,key3_asymptotic_final_key_0.05,7,final_key,0.05,asymptotic,3,0.0026178010471204
0.0,0.05,0.0,0.0,0.0017487612940833576,3251,34,False,False,1675,0.028109312057495117,{},False,,key3_asymptotic_final_key_0.05,8,final_key,0.05,asymptotic,3,0.0026178010471204
0.0,0.05,0.0,0.0,0.0,3251,34,True,True,0,0.03586578369140625,{},False,,key3_asymptotic_final_key_0.05,9,final_key,0.05,asymptotic,3,0.0026178010471204
0.0,0.05,0.0,0.0,0.0,3251,34,True,True,0,0.037661075592041016,{},False,,key3_asymptotic_final_key_0.05,10,final_key,0.05,asymptotic,3,0.0026178010471204
0.0,0.05,0.0,0.0,0.0,3251,34,True,True,0,0.03338003158569336,{},False,,key3_asymptotic_final_key_0.05,11,final_key,0.05,asymptotic,3,0.0026178010471204
0.0,0.05,0.0,0.0,0.0,3251,34,True,True,0,0.03204464912414551,{},False,,key3_asymptotic_final_key_0.05,12,final_key,0.05,asymptotic,3,0.0026178010471204
0.0,0.05,0.0,0.0,0.0,3251,34,True,True,0,0.02945709228515625,{},False,,key3_asymptotic_final_key_0.05,13,final_key,0.05,asymptotic,3,0.0026178010471204
0.0,0.05,0.0,0.0,0.002331681725444477,3251,34,False,False,1615,0.027213573455810547,{},False,,key3_asymptotic_final_key_0.05,14,final_key,0.05,asymptotic,3,0.0026178010471204
0.0,0.05,0.0,0.0,0.0,3251,34,True,True,0,0.031824350357055664,{},False,,key3_asymptotic_final_key_0.05,15,final_key,0.05,asymptotic,3,0.0026178010471204
0.0,0.05,0.0,0.0,0.0,3251,34,True,True,0,0.03454422950744629,{},False,,key3_asymptotic_final_key_0.05,16,final_key,0.05,asymptotic,3,0.0026178010471204
0.0,0.05,0.0,0.0,0.0,3251,34,True,True,0,0.027759552001953125,{},False,,key3_asymptotic_final_key_0.05,17,final_key,0.05,asymptotic,3,0.0026178010471204
0.0,0.05,0.0,0.0,0.0,3251,34,True,True,0,0.03348588943481445,{},False,,key3_asymptotic_final_key_0.05,18,final_key,0.05,asymptotic,3,0.0026178010471204
0.0,0.05,0.0,0.0,0.0,3251,34,True,True,0,0.03180241584777832,{},False,,key3_asymptotic_final_key_0.05,19,final_key,0.05,asymptotic,3,0.0026178010471204
0.0,0.03,0.0,0.0,0.0,3251,34,True,True,0,0.03422808647155762,{},False,,key3_asymptotic_final_key_0.03,0,final_key,0.03,asymptotic,3,0.0026178010471204
0.0,0.03,0.0,0.0,0.0,3251,34,True,True,0,0.03474307060241699,{},False,,key3_asymptotic_final_key_0.03,1,final_key,0.03,asymptotic,3,0.0026178010471204
0.0,0.03,0.0,0.0,0.0,3251,34,True,True,0,0.0327761173248291,{},False,,key3_asymptotic_final_key_0.03,2,final_key,0.03,asymptotic,3,0.0026178010471204
0.0,0.03,0.0,0.0,0.0,3251,34,True,True,0,0.0398409366607666,{},False,,key3_asymptotic_final_key_0.03,3,final_key,0.03,asymptotic,3,0.0026178010471204
0.0,0.03,0.0,0.0,0.0,3251,34,True,True,0,0.031363487243652344,{},False,,key3_asymptotic_final_key_0.03,4,final_key,0.03,asymptotic,3,0.0026178010471204
0.0,0.03,0.0,0.0,0.0,3251,34,True,True,0,0.029616594314575195,{},False,,key3_asymptotic_final_key_0.03,5,final_key,0.03,asymptotic,3,0.0026178010471204
0.0,0.03,0.0,0.0,0.0005829204313611193,3251,34,False,False,1611,0.02895069122314453,{},False,,key3_asymptotic_final_key_0.03,6,final_key,0.03,asymptotic,3,0.0026178010471204
0.0,0.03,0.0,0.0,0.0,3251,34,True,True,0,0.0279996395111084,{},False,,key3_asymptotic_final_key_0.03,7,final_key,0.03,asymptotic,3,0.0026178010471204
0.0,0.03,0.0,0.0,0.0017487612940833576,3251,34,False,False,1664,0.028531312942504883,{},False,,key3_asymptotic_final_key_0.03,8,final_key,0.03,asymptotic,3,0.0026178010471204
0.0,0.03,0.0,0.0,0.0,3251,34,True,True,0,0.03997969627380371,{},False,,key3_asymptotic_final_key_0.03,9,final_key,0.03,asymptotic,3,0.0026178010471204
0.0,0.03,0.0,0.0,0.0,3251,34,True,True,0,0.03907585144042969,{},False,,key3_asymptotic_final_key_0.03,10,final_key,0.03,asymptotic,3,0.0026178010471204
0.0,0.03,0.0,0.0,0.0,3251,34,True,True,0,0.033442020416259766,{},False,,key3_asymptotic_final_key_0.03,11,final_key,0.03,asymptotic,3,0.0026178010471204
0.0,0.03,0.0,0.0,0.0,3251,34,True,True,0,0.030434370040893555,{},False,,key3_asymptotic_final_key_0.03,12,final_key,0.03,asymptotic,3,0.0026178010471204
0.0,0.03,0.0,0.0,0.0,3251,34,True,True,0,0.030445098876953125,{},False,,key3_asymptotic_final_key_0.03,13,final_key,0.03,asymptotic,3,0.0026178010471204
0.0,0.03,0.0,0.0,0.002331681725444477,3251,34,False,False,1619,0.026534080505371094,{},False,,key3_asymptotic_final_key_0.03,14,final_key,0.03,asymptotic,3,0.0026178010471204
0.0,0.03,0.0,0.0,0.0,3251,34,True,True,0,0.03231358528137207,{},False,,key3_asymptotic_final_key_0.03,15,final_key,0.03,asymptotic,3,0.0026178010471204
0.0,0.03,0.0,0.0,0.0,3251,34,True,True,0,0.03947758674621582,{},False,,key3_asymptotic_final_key_0.03,16,final_key,0.03,asymptotic,3,0.0026178010471204
0.0,0.03,0.0,0.0,0.0,3251,34,True,True,0,0.02844715118408203,{},False,,key3_asymptotic_final_key_0.03,17,final_key,0.03,asymptotic,3,0.0026178010471204
0.0,0.03,0.0,0.0,0.0,3251,34,True,True,0,0.034278154373168945,{},False,,key3_asymptotic_final_key_0.03,18,final_key,0.03,asymptotic,3,0.0026178010471204
0.0,0.03,0.0,0.0,0.0,3251,34,True,True,0,0.03383326530456543,{},False,,key3_asymptotic_final_key_0.03,19,final_key,0.03,asymptotic,3,0.0026178010471204
0.0,0.01,0.0,0.0,0.0,3251,34,True,True,0,0.03362298011779785,{},False,,key3_asymptotic_final_key_0.01,0,final_key,0.01,asymptotic,3,0.0026178010471204
0.0,0.01,0.0,0.0,0.0,3251,34,True,True,0,0.03209424018859863,{},False,,key3_asymptotic_final_key_0.01,1,final_key,0.01,asymptotic,3,0.0026178010471204
0.0,0.01,0.0,0.0,0.0,3251,34,True,True,0,0.02804088592529297,{},False,,key3_asymptotic_final_key_0.01,2,final_key,0.01,asymptotic,3,0.0026178010471204
0.0,0.01,0.0,0.0,0.0,3251,34,True,True,0,0.03349494934082031,{},False,,key3_asymptotic_final_key_0.01,3,final_key,0.01,asymptotic,3,0.0026178010471204
0.0,0.01,0.0,0.0,0.0,3251,34,True,True,0,0.030501127243041992,{},False,,key3_asymptotic_final_key_0.01,4,final_key,0.01,asymptotic,3,0.0026178010471204
0.0,0.01,0.0,0.0,0.0,3251,34,True,True,0,0.0317838191986084,{},False,,key3_asymptotic_final_key_0.01,5,final_key,0.01,asymptotic,3,0.0026178010471204
0.0,0.01,0.0,0.0,0.0005829204313611193,3251,34,False,False,1611,0.027929306030273438,{},False,,key3_asymptotic_final_key_0.01,6,final_key,0.01,asymptotic,3,0.0026178010471204
0.0,0.01,0.0,0.0,0.0,3251,34,True,True,0,0.026865720748901367,{},False,,key3_asymptotic_final_key_0.01,7,final_key,0.01,asymptotic,3,0.0026178010471204
0.0,0.01,0.0,0.0,0.0017487612940833576,3251,34,False,False,1656,0.02709221839904785,{},False,,key3_asymptotic_final_key_0.01,8,final_key,0.01,asymptotic,3,0.0026178010471204
0.0,0.01,0.0,0.0,0.0,3251,34,True,True,0,0.037357330322265625,{},False,,key3_asymptotic_final_key_0.01,9,final_key,0.01,asymptotic,3,0.0026178010471204
0.0,0.01,0.0,0.0,0.0,3251,34,True,True,0,0.03749871253967285,{},False,,key3_asymptotic_final_key_0.01,10,final_key,0.01,asymptotic,3,0.0026178010471204
0.0,0.01,0.0,0.0,0.0,3251,34,True,True,0,0.032867431640625,{},False,,key3_asymptotic_final_key_0.01,11,final_key,0.01,asymptotic,3,0.0026178010471204
0.0,0.01,0.0,0.0,0.0,3251,34,True,True,0,0.0319979190826416,{},False,,key3_asymptotic_final_key_0.01,12,final_key,0.01,asymptotic,3,0.0026178010471204
0.0,0.01,0.0,0.0,0.0,3251,34,True,True,0,0.030061006546020508,{},False,,key3_asymptotic_final_key_0.01,13,final_key,0.01,asymptotic,3,0.0026178010471204
0.0,0.01,0.0,0.0,0.002331681725444477,3251,34,False,False,1643,0.025247812271118164,{},False,,key3_asymptotic_final_key_0.01,14,final_key,0.01,asymptotic,3,0.0026178010471204
0.0,0.01,0.0,0.0,0.0,3251,34,True,True,0,0.03183889389038086,{},False,,key3_asymptotic_final_key_0.01,15,final_key,0.01,asymptotic,3,0.0026178010471204
0.0,0.01,0.0,0.0,0.0,3251,34,True,True,0,0.03666496276855469,{},False,,key3_asymptotic_final_key_0.01,16,final_key,0.01,asymptotic,3,0.0026178010471204
0.0,0.01,0.0,0.0,0.0,3251,34,True,True,0,0.03280472755432129,{},False,,key3_asymptotic_final_key_0.01,17,final_key,0.01,asymptotic,3,0.0026178010471204
0.0,0.01,0.0,0.0,0.0,3251,34,True,True,0,0.03152799606323242,{},False,,key3_asymptotic_final_key_0.01,18,final_key,0.01,asymptotic,3,0.0026178010471204
0.0,0.01,0.0,0.0,0.0,3251,34,True,True,0,0.03289628028869629,{},False,,key3_asymptotic_final_key_0.01,19,final_key,0.01,asymptotic,3,0.0026178010471204
0.0,0.003,0.0,0.0,0.0,3251,34,True,True,0,0.03700685501098633,{},False,,key3_asymptotic_final_key_0.003,0,final_key,0.003,asymptotic,3,0.0026178010471204
0.0,0.003,0.0,0.0,0.0,3251,34,True,True,0,0.03265047073364258,{},False,,key3_asymptotic_final_key_0.003,1,final_key,0.003,asymptotic,3,0.0026178010471204
0.0,0.003,0.0,0.0,0.0,3251,34,True,True,0,0.028563499450683594,{},False,,key3_asymptotic_final_key_0.003,2,final_key,0.003,asymptotic,3,0.0026178010471204
0.0,0.003,0.0,0.0,0.0,3251,34,True,True,0,0.031819820404052734,{},False,,key3_asymptotic_final_key_0.003,3,final_key,0.003,asymptotic,3,0.0026178010471204
0.0,0.003,0.0,0.0,0.0,3251,34,True,True,0,0.03163743019104004,{},False,,key3_asymptotic_final_key_0.003,4,final_key,0.003,asymptotic,3,0.0026178010471204
0.0,0.003,0.0,0.0,0.0,3251,34,True,True,0,0.03301382064819336,{},False,,key3_asymptotic_final_key_0.003,5,final_key,0.003,asymptotic,3,0.0026178010471204
0.0,0.003,0.0,0.0,0.0005829204313611193,3251,34,False,False,1645,0.027875900268554688,{},False,,key3_asymptotic_final_key_0.003,6,final_key,0.003,asymptotic,3,0.0026178010471204
0.0,0.003,0.0,0.0,0.0,3251,34,True,True,0,0.028940200805664062,{},False,,key3_asymptotic_final_key_0.003,7,final_key,0.003,asymptotic,3,0.0026178010471204
0.0,0.003,0.0,0.0,0.0017487612940833576,3251,34,False,False,1646,0.026957988739013672,{},False,,key3_asymptotic_final_key_0.003,8,final_key,0.003,asymptotic,3,0.0026178010471204
0.0,0.003,0.0,0.0,0.0,3251,34,True,True,0,0.0384373664855957,{},False,,key3_asymptotic_final_key_0.003,9,final_key,0.003,asymptotic,3,0.0026178010471204
0.0,0.003,0.0,0.0,0.0,3251,34,True,True,0,0.04393434524536133,{},False,,key3_asymptotic_final_key_0.003,10,final_key,0.003,asymptotic,3,0.0026178010471204
0.0,0.003,0.0,0.0,0.0,3251,34,True,True,0,0.04045701026916504,{},False,,key3_asymptotic_final_key_0.003,11,final_key,0.003,asymptotic,3,0.0026178010471204
0.0,0.003,0.0,0.0,0.0,3251,34,True,True,0,0.030547142028808594,{},False,,key3_asymptotic_final_key_0.003,12,final_key,0.003,asymptotic,3,0.0026178010471204
0.0,0.003,0.0,0.0,0.0,3251,34,True,True,0,0.030740022659301758,{},False,,key3_asymptotic_final_key_0.003,13,final_key,0.003,asymptotic,3,0.0026178010471204
0.0,0.003,0.0,0.0,0.002331681725444477,3251,34,False,False,1624,0.026017189025878906,{},False,,key3_asymptotic_final_key_0.003,14,final_key,0.003,asymptotic,3,0.0026178010471204
0.0,0.003,0.0,0.0,0.0,3251,34,True,True,0,0.03031611442565918,{},False,,key3_asymptotic_final_key_0.003,15,final_key,0.003,asymptotic,3,0.0026178010471204
0.0,0.003,0.0,0.0,0.0,3251,34,True,True,0,0.035306453704833984,{},False,,key3_asymptotic_final_key_0.003,16,final_key,0.003,asymptotic,3,0.0026178010471204
0.0,0.003,0.0,0.0,0.0,3251,34,True,True,0,0.028423547744750977,{},False,,key3_asymptotic_final_key_0.003,17,final_key,0.003,asymptotic,3,0.0026178010471204
0.0,0.003,0.0,0.0,0.0,3251,34,True,True,0,0.03185105323791504,{},False,,key3_asymptotic_final_key_0.003,18,final_key,0.003,asymptotic,3,0.0026178010471204
0.0,0.003,0.0,0.0,0.0,3251,34,True,True,0,0.03157854080200195,{},False,,key3_asymptotic_final_key_0.003,19,final_key,0.003,asymptotic,3,0.0026178010471204
0.0,0.001,0.0,0.0,0.0,3251,34,True,True,0,0.034243106842041016,{},False,,key3_asymptotic_final_key_0.001,0,final_key,0.001,asymptotic,3,0.0026178010471204
0.0,0.001,0.0,0.0,0.0,3251,34,True,True,0,0.030566692352294922,{},False,,key3_asymptotic_final_key_0.001,1,final_key,0.001,asymptotic,3,0.0026178010471204
0.0,0.001,0.0,0.0,0.0,3251,34,True,True,0,0.027631044387817383,{},False,,key3_asymptotic_final_key_0.001,2,final_key,0.001,asymptotic,3,0.0026178010471204
0.0,0.001,0.0,0.0,0.0,3251,34,True,True,0,0.032173871994018555,{},False,,key3_asymptotic_final_key_0.001,3,final_key,0.001,asymptotic,3,0.0026178010471204
0.0,0.001,0.0,0.0,0.0,3251,34,True,True,0,0.031084775924682617,{},False,,key3_asymptotic_final_key_0.001,4,final_key,0.001,asymptotic,3,0.0026178010471204
0.0,0.001,0.0,0.0,0.0,3251,34,True,True,0,0.03064441680908203,{},False,,key3_asymptotic_final_key_0.001,5,final_key,0.001,asymptotic,3,0.0026178010471204
0.0,0.001,0.0,0.0,0.0005829204313611193,3251,34,False,False,1634,0.027123451232910156,{},False,,key3_asymptotic_final_key_0.001,6,final_key,0.001,asymptotic,3,0.0026178010471204
0.0,0.001,0.0,0.0,0.0,3251,34,True,True,0,0.02767634391784668,{},False,,key3_asymptotic_final_key_0.001,7,final_key,0.001,asymptotic,3,0.0026178010471204
0.0,0.001,0.0,0.0,0.0017487612940833576,3251,34,False,False,1596,0.02650618553161621,{},False,,key3_asymptotic_final_key_0.001,8,final_key,0.001,asymptotic,3,0.0026178010471204
0.0,0.001,0.0,0.0,0.0,3251,34,True,True,0,0.035491943359375,{},False,,key3_asymptotic_final_key_0.001,9,final_key,0.001,asymptotic,3,0.0026178010471204
0.0,0.001,0.0,0.0,0.0,3251,34,True,True,0,0.03888082504272461,{},False,,key3_asymptotic_final_key_0.001,10,final_key,0.001,asymptotic,3,0.0026178010471204
0.0,0.001,0.0,0.0,0.0,3251,34,True,True,0,0.03549647331237793,{},False,,key3_asymptotic_final_key_0.001,11,final_key,0.001,asymptotic,3,0.0026178010471204
0.0,0.001,0.0,0.0,0.0,3251,34,True,True,0,0.0348663330078125,{},False,,key3_asymptotic_final_key_0.001,12,final_key,0.001,asymptotic,3,0.0026178010471204
0.0,0.001,0.0,0.0,0.0,3251,34,True,True,0,0.03182220458984375,{},False,,key3_asymptotic_final_key_0.001,13,final_key,0.001,asymptotic,3,0.0026178010471204
0.0,0.001,0.0,0.0,0.002331681725444477,3251,34,False,False,1607,0.026097536087036133,{},False,,key3_asymptotic_final_key_0.001,14,final_key,0.001,asymptotic,3,0.0026178010471204
0.0,0.001,0.0,0.0,0.0,3251,34,True,True,0,0.031806230545043945,{},False,,key3_asymptotic_final_key_0.001,15,final_key,0.001,asymptotic,3,0.0026178010471204
0.0,0.001,0.0,0.0,0.0,3251,34,True,True,0,0.037390947341918945,{},False,,key3_asymptotic_final_key_0.001,16,final_key,0.001,asymptotic,3,0.0026178010471204
0.0,0.001,0.0,0.0,0.0,3251,34,True,True,0,0.02779245376586914,{},False,,key3_asymptotic_final_key_0.001,17,final_key,0.001,asymptotic,3,0.0026178010471204
0.0,0.001,0.0,0.0,0.0,3251,34,True,True,0,0.03266310691833496,{},False,,key3_asymptotic_final_key_0.001,18,final_key,0.001,asymptotic,3,0.0026178010471204
0.0,0.001,0.0,0.0,0.0,3251,34,True,True,0,0.03170466423034668,{},False,,key3_asymptotic_final_key_0.001,19,final_key,0.001,asymptotic,3,0.0026178010471204
0.0,0.0,0.5,0.0,0.006995045176333431,3251,34,False,False,1586,0.030020952224731445,{'reconciliation_state': 10},False,,key3_asymptotic_reconciliation_0.5,0,reconciliation,0.5,asymptotic,3,0.0026178010471204
0.0,0.0,0.5,0.0,0.004954823666569514,3251,34,False,False,1587,0.03351426124572754,{'reconciliation_state': 7},False,,key3_asymptotic_reconciliation_0.5,1,reconciliation,0.5,asymptotic,3,0.0026178010471204
0.0,0.0,0.5,0.0,0.006995045176333431,3251,34,False,False,1602,0.030718326568603516,{'reconciliation_state': 11},False,,key3_asymptotic_reconciliation_0.5,2,reconciliation,0.5,asymptotic,3,0.0026178010471204
0.0,0.0,0.5,0.0,0.00757796560769455,3251,34,False,False,1589,0.025693893432617188,{'reconciliation_state': 6},False,,key3_asymptotic_reconciliation_0.5,3,reconciliation,0.5,asymptotic,3,0.0026178010471204
0.0,0.0,0.5,0.0,0.006995045176333431,3251,34,False,False,1610,0.03303694725036621,{'reconciliation_state': 10},False,,key3_asymptotic_reconciliation_0.5,4,reconciliation,0.5,asymptotic,3,0.0026178010471204
0.0,0.0,0.5,0.0,0.006995045176333431,3251,34,False,False,1627,0.02627873420715332,{'reconciliation_state': 7},False,,key3_asymptotic_reconciliation_0.5,5,reconciliation,0.5,asymptotic,3,0.0026178010471204
0.0,0.0,0.5,0.0,0.008452346254736228,3251,34,False,False,1607,0.025017976760864258,{'reconciliation_state': 7},False,,key3_asymptotic_reconciliation_0.5,6,reconciliation,0.5,asymptotic,3,0.0026178010471204
0.0,0.0,0.5,0.0,0.006995045176333431,3251,34,False,False,1619,0.03529024124145508,{'reconciliation_state': 16},False,,key3_asymptotic_reconciliation_0.5,7,reconciliation,0.5,asymptotic,3,0.0026178010471204
0.0,0.0,0.5,0.0,0.00816088603905567,3251,34,False,False,1636,0.03129100799560547,{'reconciliation_state': 10},False,,key3_asymptotic_reconciliation_0.5,8,reconciliation,0.5,asymptotic,3,0.0026178010471204
0.0,0.0,0.5,0.0,0.0061206645292917515,3251,34,False,False,1602,0.034714698791503906,{'reconciliation_state': 10},False,,key3_asymptotic_reconciliation_0.5,9,reconciliation,0.5,asymptotic,3,0.0026178010471204
0.0,0.0,0.5,0.0,0.006995045176333431,3251,34,False,False,1589,0.03573274612426758,{'reconciliation_state': 12},False,,key3_asymptotic_reconciliation_0.5,10,reconciliation,0.5,asymptotic,3,0.0026178010471204
0.0,0.0,0.5,0.0,0.008743806470416789,3251,34,False,False,1613,0.02196812629699707,{'reconciliation_state': 8},False,,key3_asymptotic_reconciliation_0.5,11,reconciliation,0.5,asymptotic,3,0.0026178010471204
0.0,0.0,0.5,0.0,0.005829204313611192,3251,34,False,False,1610,0.030813932418823242,{'reconciliation_state': 13},False,,key3_asymptotic_reconciliation_0.5,12,reconciliation,0.5,asymptotic,3,0.0026178010471204
0.0,0.0,0.5,0.0,0.005829204313611192,3251,34,False,False,1608,0.03538155555725098,{'reconciliation_state': 15},False,,key3_asymptotic_reconciliation_0.5,13,reconciliation,0.5,asymptotic,3,0.0026178010471204
0.0,0.0,0.5,0.0,0.00728650539201399,3251,34,False,False,1616,0.03238368034362793,{'reconciliation_state': 14},False,,key3_asymptotic_reconciliation_0.5,14,reconciliation,0.5,asymptotic,3,0.0026178010471204
0.0,0.0,0.5,0.0,0.008452346254736228,3251,34,False,False,1613,0.03493952751159668,{'reconciliation_state': 14},False,,key3_asymptotic_reconciliation_0.5,15,reconciliation,0.5,asymptotic,3,0.0026178010471204
0.0,0.0,0.5,0.0,0.006995045176333431,3251,34,False,False,1675,0.02972579002380371,{'reconciliation_state': 11},False,,key3_asymptotic_reconciliation_0.5,16,reconciliation,0.5,asymptotic,3,0.0026178010471204
0.0,0.0,0.5,0.0,0.004663363450888954,3251,34,False,False,1651,0.051758766174316406,{'reconciliation_state': 11},False,,key3_asymptotic_reconciliation_0.5,17,reconciliation,0.5,asymptotic,3,0.0026178010471204
0.0,0.0,0.5,0.0,0.005829204313611192,3251,34,False,False,1631,0.05130124092102051,{'reconciliation_state': 12},False,,key3_asymptotic_reconciliation_0.5,18,reconciliation,0.5,asymptotic,3,0.0026178010471204
0.0,0.0,0.5,0.0,0.009326726901777908,3251,34,False,False,1593,0.023177623748779297,{'reconciliation_state': 9},False,,key3_asymptotic_reconciliation_0.5,19,reconciliation,0.5,asymptotic,3,0.0026178010471204
0.0,0.0,0.3,0.0,0.004663363450888954,3251,34,False,False,1603,0.037477970123291016,{'reconciliation_state': 12},False,,key3_asymptotic_reconciliation_0.3,0,reconciliation,0.3,asymptotic,3,0.0026178010471204
0.0,0.0,0.3,0.0,0.0034975225881667153,3251,34,False,False,1621,0.04167914390563965,{'reconciliation_state': 8},False,,key3_asymptotic_reconciliation_0.3,1,reconciliation,0.3,asymptotic,3,0.0026178010471204
0.0,0.0,0.3,0.0,0.003788982803847275,3251,34,False,False,1617,0.034156084060668945,{'reconciliation_state': 10},False,,key3_asymptotic_reconciliation_0.3,2,reconciliation,0.3,asymptotic,3,0.0026178010471204
0.0,0.0,0.3,0.0,0.002331681725444477,3251,34,False,False,1665,0.03993844985961914,{'reconciliation_state': 7},False,,key3_asymptotic_reconciliation_0.3,3,reconciliation,0.3,asymptotic,3,0.0026178010471204
0.0,0.0,0.3,0.0,0.004080443019527835,3251,34,False,False,1586,0.02900552749633789,{'reconciliation_state': 7},False,,key3_asymptotic_reconciliation_0.3,4,reconciliation,0.3,asymptotic,3,0.0026178010471204
0.0,0.0,0.3,0.0,0.004080443019527835,3251,34,False,False,1613,0.029933929443359375,{'reconciliation_state': 8},False,,key3_asymptotic_reconciliation_0.3,5,reconciliation,0.3,asymptotic,3,0.0026178010471204
0.0,0.0,0.3,0.0,0.005537744097930632,3251,34,False,False,1603,0.031769514083862305,{'reconciliation_state': 8},False,,key3_asymptotic_reconciliation_0.3,6,reconciliation,0.3,asymptotic,3,0.0026178010471204
0.0,0.0,0.3,0.0,0.0032060623724861556,3251,34,False,False,1633,0.04186654090881348,{'reconciliation_state': 11},False,,key3_asymptotic_reconciliation_0.3,7,reconciliation,0.3,asymptotic,3,0.0026178010471204
0.0,0.0,0.3,0.0,0.004954823666569514,3251,34,False,False,1625,0.03358602523803711,{'reconciliation_state': 9},False,,key3_asymptotic_reconciliation_0.3,8,reconciliation,0.3,asymptotic,3,0.0026178010471204
0.0,0.0,0.3,0.0,0.0032060623724861556,3251,34,False,False,1620,0.034067630767822266,{'reconciliation_state': 8},False,,key3_asymptotic_reconciliation_0.3,9,reconciliation,0.3,asymptotic,3,0.0026178010471204
0.0,0.0,0.3,0.0,0.0061206645292917515,3251,34,False,False,1655,0.034151554107666016,{'reconciliation_state': 10},False,,key3_asymptotic_reconciliation_0.3,10,reconciliation,0.3,asymptotic,3,0.0026178010471204
0.0,0.0,0.3,0.0,0.004371903235208394,3251,34,False,False,1640,0.04970431327819824,{'reconciliation_state': 8},False,,key3_asymptotic_reconciliation_0.3,11,reconciliation,0.3,asymptotic,3,0.0026178010471204
0.0,0.0,0.3,0.0,0.005829204313611192,3251,34,False,False,1647,0.03538107872009277,{'reconciliation_state': 8},False,,key3_asymptotic_reconciliation_0.3,12,reconciliation,0.3,asymptotic,3,0.0026178010471204
0.0,0.0,0.3,0.0,0.002331681725444477,3251,34,False,False,1635,0.038314104080200195,{'reconciliation_state': 8},False,,key3_asymptotic_reconciliation_0.3,13,reconciliation,0.3,asymptotic,3,0.0026178010471204
0.0,0.0,0.3,0.0,0.005829204313611192,3251,34,False,False,1573,0.03072524070739746,{'reconciliation_state': 10},False,,key3_asymptotic_reconciliation_0.3,14,reconciliation,0.3,asymptotic,3,0.0026178010471204
0.0,0.0,0.3,0.0,0.00728650539201399,3251,34,False,False,1580,0.034372806549072266,{'reconciliation_state': 11},False,,key3_asymptotic_reconciliation_0.3,15,reconciliation,0.3,asymptotic,3,0.0026178010471204
0.0,0.0,0.3,0.0,0.005829204313611192,3251,34,False,False,1635,0.029627084732055664,{'reconciliation_state': 7},False,,key3_asymptotic_reconciliation_0.3,16,reconciliation,0.3,asymptotic,3,0.0026178010471204
0.0,0.0,0.3,0.0,0.0034975225881667153,3251,34,False,False,1635,0.03694415092468262,{'reconciliation_state': 9},False,,key3_asymptotic_reconciliation_0.3,17,reconciliation,0.3,asymptotic,3,0.0026178010471204
0.0,0.0,0.3,0.0,0.002914602156805596,3251,34,False,False,1653,0.0368802547454834,{'reconciliation_state': 8},False,,key3_asymptotic_reconciliation_0.3,18,reconciliation,0.3,asymptotic,3,0.0026178010471204
0.0,0.0,0.3,0.0,0.0026231419411250363,3251,34,False,False,1638,0.04496645927429199,{'reconciliation_state': 9},False,,key3_asymptotic_reconciliation_0.3,19,reconciliation,0.3,asymptotic,3,0.0026178010471204
0.0,0.0,0.1,0.0,0.0005829204313611193,3251,34,False,False,1617,0.04011416435241699,{'reconciliation_state': 2},False,,key3_asymptotic_reconciliation_0.1,0,reconciliation,0.1,asymptotic,3,0.0026178010471204
0.0,0.0,0.1,0.0,0.001457301078402798,3251,34,False,False,1633,0.03720498085021973,{'reconciliation_state': 3},False,,key3_asymptotic_reconciliation_0.1,1,reconciliation,0.1,asymptotic,3,0.0026178010471204
0.0,0.0,0.1,0.0,0.0017487612940833576,3251,34,False,False,1629,0.04170536994934082,{'reconciliation_state': 6},False,,key3_asymptotic_reconciliation_0.1,2,reconciliation,0.1,asymptotic,3,0.0026178010471204
0.0,0.0,0.1,0.0,0.0002914602156805596,3251,34,False,False,1597,0.03313279151916504,{'reconciliation_state': 1},False,,key3_asymptotic_reconciliation_0.1,3,reconciliation,0.1,asymptotic,3,0.0026178010471204
0.0,0.0,0.1,0.0,0.0008743806470416788,3251,34,False,False,1664,0.03641653060913086,{'reconciliation_state': 3},False,,key3_asymptotic_reconciliation_0.1,4,reconciliation,0.1,asymptotic,3,0.0026178010471204
0.0,0.0,0.1,0.0,0.0017487612940833576,3251,34,False,False,1631,0.033501386642456055,{'reconciliation_state': 6},False,,key3_asymptotic_reconciliation_0.1,5,reconciliation,0.1,asymptotic,3,0.0026178010471204
0.0,0.0,0.1,0.0,0.001457301078402798,3251,34,False,False,1621,0.03785419464111328,{'reconciliation_state': 3},False,,key3_asymptotic_reconciliation_0.1,6,reconciliation,0.1,asymptotic,3,0.0026178010471204
0.0,0.0,0.1,0.0,0.0011658408627222385,3251,34,False,False,1640,0.03671908378601074,{'reconciliation_state': 4},False,,key3_asymptotic_reconciliation_0.1,7,reconciliation,0.1,asymptotic,3,0.0026178010471204
0.0,0.0,0.1,0.0,0.0032060623724861556,3251,34,False,False,1636,0.04325747489929199,{'reconciliation_state': 5},False,,key3_asymptotic_reconciliation_0.1,8,reconciliation,0.1,asymptotic,3,0.0026178010471204
0.0,0.0,0.1,0.0,0.0017487612940833576,3251,34,False,False,1604,0.03909015655517578,{'reconciliation_state': 4},False,,key3_asymptotic_reconciliation_0.1,9,reconciliation,0.1,asymptotic,3,0.0026178010471204
0.0,0.0,0.1,0.0,0.006412124744972311,3251,34,False,False,1607,0.023673534393310547,{'reconciliation_state': 2},False,,key3_asymptotic_reconciliation_0.1,10,reconciliation,0.1,asymptotic,3,0.0026178010471204
0.0,0.0,0.1,0.0,0.004080443019527835,3251,34,False,False,1628,0.03400087356567383,{'reconciliation_state': 5},False,,key3_asymptotic_reconciliation_0.1,11,reconciliation,0.1,asymptotic,3,0.0026178010471204
0.0,0.0,0.1,0.0,0.002331681725444477,3251,34,False,False,1637,0.027736425399780273,{'reconciliation_state': 3},False,,key3_asymptotic_reconciliation_0.1,12,reconciliation,0.1,asymptotic,3,0.0026178010471204
0.0,0.0,0.1,0.0,0.0020402215097639173,3251,34,False,False,1620,0.03090190887451172,{'reconciliation_state': 2},False,,key3_asymptotic_reconciliation_0.1,13,reconciliation,0.1,asymptotic,3,0.0026178010471204
0.0,0.0,0.1,0.0,0.0008743806470416788,3251,34,False,False,1656,0.035277605056762695,{'reconciliation_state': 3},False,,key3_asymptotic_reconciliation_0.1,14,reconciliation,0.1,asymptotic,3,0.0026178010471204
0.0,0.0,0.1,0.0,0.0008743806470416788,3251,34,False,False,1658,0.032156944274902344,{'reconciliation_state': 3},False,,key3_asymptotic_reconciliation_0.1,15,reconciliation,0.1,asymptotic,3,0.0026178010471204
0.0,0.0,0.1,0.0,0.0017487612940833576,3251,34,False,False,1665,0.03761410713195801,{'reconciliation_state': 6},False,,key3_asymptotic_reconciliation_0.1,16,reconciliation,0.1,asymptotic,3,0.0026178010471204
0.0,0.0,0.1,0.0,0.0011658408627222385,3251,34,False,False,1650,0.0329442024230957,{'reconciliation_state': 4},False,,key3_asymptotic_reconciliation_0.1,17,reconciliation,0.1,asymptotic,3,0.0026178010471204
0.0,0.0,0.1,0.0,0.0005829204313611193,3251,34,False,False,1592,0.040123939514160156,{'reconciliation_state': 2},False,,key3_asymptotic_reconciliation_0.1,18,reconciliation,0.1,asymptotic,3,0.0026178010471204
0.0,0.0,0.1,0.0,0.0005829204313611193,3251,34,False,False,1616,0.03851938247680664,{'reconciliation_state': 2},False,,key3_asymptotic_reconciliation_0.1,19,reconciliation,0.1,asymptotic,3,0.0026178010471204
0.0,0.0,0.05,0.0,0.0002914602156805596,3251,34,False,False,1604,0.03446674346923828,{'reconciliation_state': 1},False,,key3_asymptotic_reconciliation_0.05,0,reconciliation,0.05,asymptotic,3,0.0026178010471204
0.0,0.0,0.05,0.0,0.0005829204313611193,3251,34,False,False,1625,0.03758978843688965,{'reconciliation_state': 2},False,,key3_asymptotic_reconciliation_0.05,1,reconciliation,0.05,asymptotic,3,0.0026178010471204
0.0,0.0,0.05,0.0,0.0002914602156805596,3251,34,False,False,1656,0.03658723831176758,{'reconciliation_state': 1},False,,key3_asymptotic_reconciliation_0.05,2,reconciliation,0.05,asymptotic,3,0.0026178010471204
0.0,0.0,0.05,0.0,0.0,3251,34,True,True,0,0.032701730728149414,{},False,,key3_asymptotic_reconciliation_0.05,3,reconciliation,0.05,asymptotic,3,0.0026178010471204
0.0,0.0,0.05,0.0,0.0002914602156805596,3251,34,False,False,1601,0.03275442123413086,{'reconciliation_state': 1},False,,key3_asymptotic_reconciliation_0.05,4,reconciliation,0.05,asymptotic,3,0.0026178010471204
0.0,0.0,0.05,0.0,0.0011658408627222385,3251,34,False,False,1586,0.03812813758850098,{'reconciliation_state': 4},False,,key3_asymptotic_reconciliation_0.05,5,reconciliation,0.05,asymptotic,3,0.0026178010471204
0.0,0.0,0.05,0.0,0.0005829204313611193,3251,34,False,False,1611,0.034464359283447266,{'reconciliation_state': 2},False,,key3_asymptotic_reconciliation_0.05,6,reconciliation,0.05,asymptotic,3,0.0026178010471204
0.0,0.0,0.05,0.0,0.0002914602156805596,3251,34,False,False,1605,0.032240867614746094,{'reconciliation_state': 1},False,,key3_asymptotic_reconciliation_0.05,7,reconciliation,0.05,asymptotic,3,0.0026178010471204
0.0,0.0,0.05,0.0,0.0005829204313611193,3251,34,False,False,1633,0.03519392013549805,{'reconciliation_state': 2},False,,key3_asymptotic_reconciliation_0.05,8,reconciliation,0.05,asymptotic,3,0.0026178010471204
0.0,0.0,0.05,0.0,0.0008743806470416788,3251,34,False,False,1626,0.03403949737548828,{'reconciliation_state': 3},False,,key3_asymptotic_reconciliation_0.05,9,reconciliation,0.05,asymptotic,3,0.0026178010471204
0.0,0.0,0.05,0.0,0.0008743806470416788,3251,34,False,False,1649,0.040845632553100586,{'reconciliation_state': 3},False,,key3_asymptotic_reconciliation_0.05,10,reconciliation,0.05,asymptotic,3,0.0026178010471204
0.0,0.0,0.05,0.0,0.0005829204313611193,3251,34,False,False,1583,0.03756427764892578,{'reconciliation_state': 2},False,,key3_asymptotic_reconciliation_0.05,11,reconciliation,0.05,asymptotic,3,0.0026178010471204
0.0,0.0,0.05,0.0,0.0005829204313611193,3251,34,False,False,1678,0.03444480895996094,{'reconciliation_state': 2},False,,key3_asymptotic_reconciliation_0.05,12,reconciliation,0.05,asymptotic,3,0.0026178010471204
0.0,0.0,0.05,0.0,0.0,3251,34,True,True,0,0.03006887435913086,{},False,,key3_asymptotic_reconciliation_0.05,13,reconciliation,0.05,asymptotic,3,0.0026178010471204
0.0,0.0,0.05,0.0,0.0011658408627222385,3251,34,False,False,1641,0.034940481185913086,{'reconciliation_state': 2},False,,key3_asymptotic_reconciliation_0.05,14,reconciliation,0.05,asymptotic,3,0.0026178010471204
0.0,0.0,0.05,0.0,0.0005829204313611193,3251,34,False,False,1647,0.03552055358886719,{'reconciliation_state': 2},False,,key3_asymptotic_reconciliation_0.05,15,reconciliation,0.05,asymptotic,3,0.0026178010471204
0.0,0.0,0.05,0.0,0.0008743806470416788,3251,34,False,False,1612,0.037267208099365234,{'reconciliation_state': 3},False,,key3_asymptotic_reconciliation_0.05,16,reconciliation,0.05,asymptotic,3,0.0026178010471204
0.0,0.0,0.05,0.0,0.0011658408627222385,3251,34,False,False,1622,0.03950142860412598,{'reconciliation_state': 3},False,,key3_asymptotic_reconciliation_0.05,17,reconciliation,0.05,asymptotic,3,0.0026178010471204
0.0,0.0,0.05,0.0,0.0005829204313611193,3251,34,False,False,1631,0.036983489990234375,{'reconciliation_state': 2},False,,key3_asymptotic_reconciliation_0.05,18,reconciliation,0.05,asymptotic,3,0.0026178010471204
0.0,0.0,0.05,0.0,0.0002914602156805596,3251,34,False,False,1620,0.03429698944091797,{'reconciliation_state': 1},False,,key3_asymptotic_reconciliation_0.05,19,reconciliation,0.05,asymptotic,3,0.0026178010471204
0.0,0.0,0.03,0.0,0.0002914602156805596,3251,34,False,False,1623,0.03418231010437012,{'reconciliation_state': 1},False,,key3_asymptotic_reconciliation_0.03,0,reconciliation,0.03,asymptotic,3,0.0026178010471204
0.0,0.0,0.03,0.0,0.0,3251,34,True,True,0,0.03193163871765137,{},False,,key3_asymptotic_reconciliation_0.03,1,reconciliation,0.03,asymptotic,3,0.0026178010471204
0.0,0.0,0.03,0.0,0.0002914602156805596,3251,34,False,False,1627,0.03844046592712402,{'reconciliation_state': 1},False,,key3_asymptotic_reconciliation_0.03,2,reconciliation,0.03,asymptotic,3,0.0026178010471204
0.0,0.0,0.03,0.0,0.0,3251,34,True,True,0,0.03361392021179199,{},False,,key3_asymptotic_reconciliation_0.03,3,reconciliation,0.03,asymptotic,3,0.0026178010471204
0.0,0.0,0.03,0.0,0.0002914602156805596,3251,34,False,False,1623,0.033376455307006836,{'reconciliation_state': 1},False,,key3_asymptotic_reconciliation_0.03,4,reconciliation,0.03,asymptotic,3,0.0026178010471204
0.0,0.0,0.03,0.0,0.0005829204313611193,3251,34,False,False,1598,0.03598427772521973,{'reconciliation_state': 2},False,,key3_asymptotic_reconciliation_0.03,5,reconciliation,0.03,asymptotic,3,0.0026178010471204
0.0,0.0,0.03,0.0,0.0002914602156805596,3251,34,False,False,1645,0.03740072250366211,{'reconciliation_state': 1},False,,key3_asymptotic_reconciliation_0.03,6,reconciliation,0.03,asymptotic,3,0.0026178010471204
0.0,0.0,0.03,0.0,0.0,3251,34,True,True,0,0.03435683250427246,{},False,,key3_asymptotic_reconciliation_0.03,7,reconciliation,0.03,asymptotic,3,0.0026178010471204
0.0,0.0,0.03,0.0,0.0005829204313611193,3251,34,False,False,1618,0.03436112403869629,{'reconciliation_state': 2},False,,key3_asymptotic_reconciliation_0.03,8,reconciliation,0.03,asymptotic,3,0.0026178010471204
0.0,0.0,0.03,0.0,0.0005829204313611193,3251,34,False,False,1693,0.0329127311706543,{'reconciliation_state': 2},False,,key3_asymptotic_reconciliation_0.03,9,reconciliation,0.03,asymptotic,3,0.0026178010471204
0.0,0.0,0.03,0.0,0.0002914602156805596,3251,34,False,False,1671,0.038822174072265625,{'reconciliation_state': 1},False,,key3_asymptotic_reconciliation_0.03,10,reconciliation,0.03,asymptotic,3,0.0026178010471204
0.0,0.0,0.03,0.0,0.0002914602156805596,3251,34,False,False,1621,0.034848928451538086,{'reconciliation_state': 1},False,,key3_asymptotic_reconciliation_0.03,11,reconciliation,0.03,asymptotic,3,0.0026178010471204
0.0,0.0,0.03,0.0,0.0002914602156805596,3251,34,False,False,1557,0.03238534927368164,{'reconciliation_state': 1},False,,key3_asymptotic_reconciliation_0.03,12,reconciliation,0.03,asymptotic,3,0.0026178010471204
0.0,0.0,0.03,0.0,0.0,3251,34,True,True,0,0.03010392189025879,{},False,,key3_asymptotic_reconciliation_0.03,13,reconciliation,0.03,asymptotic,3,0.0026178010471204
0.0,0.0,0.03,0.0,0.0002914602156805596,3251,34,False,False,1610,0.03444480895996094,{'reconciliation_state': 1},False,,key3_asymptotic_reconciliation_0.03,14,reconciliation,0.03,asymptotic,3,0.0026178010471204
0.0,0.0,0.03,0.0,0.0005829204313611193,3251,34,False,False,1619,0.03464508056640625,{'reconciliation_state': 2},False,,key3_asymptotic_reconciliation_0.03,15,reconciliation,0.03,asymptotic,3,0.0026178010471204
0.0,0.0,0.03,0.0,0.0008743806470416788,3251,34,False,False,1581,0.035910844802856445,{'reconciliation_state': 3},False,,key3_asymptotic_reconciliation_0.03,16,reconciliation,0.03,asymptotic,3,0.0026178010471204
0.0,0.0,0.03,0.0,0.0011658408627222385,3251,34,False,False,1688,0.03509926795959473,{'reconciliation_state': 3},False,,key3_asymptotic_reconciliation_0.03,17,reconciliation,0.03,asymptotic,3,0.0026178010471204
0.0,0.0,0.03,0.0,0.0005829204313611193,3251,34,False,False,1575,0.03630542755126953,{'reconciliation_state': 2},False,,key3_asymptotic_reconciliation_0.03,18,reconciliation,0.03,asymptotic,3,0.0026178010471204
0.0,0.0,0.03,0.0,0.0002914602156805596,3251,34,False,False,1613,0.034009695053100586,{'reconciliation_state': 1},False,,key3_asymptotic_reconciliation_0.03,19,reconciliation,0.03,asymptotic,3,0.0026178010471204
0.0,0.0,0.01,0.0,0.0,3251,34,True,True,0,0.0352632999420166,{},False,,key3_asymptotic_reconciliation_0.01,0,reconciliation,0.01,asymptotic,3,0.0026178010471204
0.0,0.0,0.01,0.0,0.0,3251,34,True,True,0,0.03010869026184082,{},False,,key3_asymptotic_reconciliation_0.01,1,reconciliation,0.01,asymptotic,3,0.0026178010471204
0.0,0.0,0.01,0.0,0.0002914602156805596,3251,34,False,False,1620,0.03734135627746582,{'reconciliation_state': 1},False,,key3_asymptotic_reconciliation_0.01,2,reconciliation,0.01,asymptotic,3,0.0026178010471204
0.0,0.0,0.01,0.0,0.0,3251,34,True,True,0,0.03274250030517578,{},False,,key3_asymptotic_reconciliation_0.01,3,reconciliation,0.01,asymptotic,3,0.0026178010471204
0.0,0.0,0.01,0.0,0.0,3251,34,True,True,0,0.03188776969909668,{},False,,key3_asymptotic_reconciliation_0.01,4,reconciliation,0.01,asymptotic,3,0.0026178010471204
0.0,0.0,0.01,0.0,0.0,3251,34,True,True,0,0.03400611877441406,{},False,,key3_asymptotic_reconciliation_0.01,5,reconciliation,0.01,asymptotic,3,0.0026178010471204
0.0,0.0,0.01,0.0,0.0005829204313611193,3251,34,False,False,1657,0.029582500457763672,{},False,,key3_asymptotic_reconciliation_0.01,6,reconciliation,0.01,asymptotic,3,0.0026178010471204
0.0,0.0,0.01,0.0,0.0,3251,34,True,True,0,0.029309988021850586,{},False,,key3_asymptotic_reconciliation_0.01,7,reconciliation,0.01,asymptotic,3,0.0026178010471204
0.0,0.0,0.01,0.0,0.0002914602156805596,3251,34,False,False,1625,0.032483816146850586,{'reconciliation_state': 1},False,,key3_asymptotic_reconciliation_0.01,8,reconciliation,0.01,asymptotic,3,0.0026178010471204
0.0,0.0,0.01,0.0,0.0,3251,34,True,True,0,0.037836313247680664,{},False,,key3_asymptotic_reconciliation_0.01,9,reconciliation,0.01,asymptotic,3,0.0026178010471204
0.0,0.0,0.01,0.0,0.0,3251,34,True,True,0,0.03818941116333008,{},False,,key3_asymptotic_reconciliation_0.01,10,reconciliation,0.01,asymptotic,3,0.0026178010471204
0.0,0.0,0.01,0.0,0.0,3251,34,True,True,0,0.034001827239990234,{},False,,key3_asymptotic_reconciliation_0.01,11,reconciliation,0.01,asymptotic,3,0.0026178010471204
0.0,0.0,0.01,0.0,0.0,3251,34,True,True,0,0.03206157684326172,{},False,,key3_asymptotic_reconciliation_0.01,12,reconciliation,0.01,asymptotic,3,0.0026178010471204
0.0,0.0,0.01,0.0,0.0,3251,34,True,True,0,0.034931182861328125,{},False,,key3_asymptotic_reconciliation_0.01,13,reconciliation,0.01,asymptotic,3,0.0026178010471204
0.0,0.0,0.01,0.0,0.0002914602156805596,3251,34,False,False,1577,0.037398576736450195,{'reconciliation_state': 1},False,,key3_asymptotic_reconciliation_0.01,14,reconciliation,0.01,asymptotic,3,0.0026178010471204
0.0,0.0,0.01,0.0,0.0002914602156805596,3251,34,False,False,1630,0.03389477729797363,{'reconciliation_state': 1},False,,key3_asymptotic_reconciliation_0.01,15,reconciliation,0.01,asymptotic,3,0.0026178010471204
0.0,0.0,0.01,0.0,0.0002914602156805596,3251,34,False,False,1596,0.03756451606750488,{'reconciliation_state': 1},False,,key3_asymptotic_reconciliation_0.01,16,reconciliation,0.01,asymptotic,3,0.0026178010471204
0.0,0.0,0.01,0.0,0.0,3251,34,True,True,0,0.029314517974853516,{},False,,key3_asymptotic_reconciliation_0.01,17,reconciliation,0.01,asymptotic,3,0.0026178010471204
0.0,0.0,0.01,0.0,0.0,3251,34,True,True,0,0.03370213508605957,{},False,,key3_asymptotic_reconciliation_0.01,18,reconciliation,0.01,asymptotic,3,0.0026178010471204
0.0,0.0,0.01,0.0,0.0,3251,34,True,True,0,0.03403425216674805,{},False,,key3_asymptotic_reconciliation_0.01,19,reconciliation,0.01,asymptotic,3,0.0026178010471204
0.0,0.0,0.003,0.0,0.0,3251,34,True,True,0,0.034629106521606445,{},False,,key3_asymptotic_reconciliation_0.003,0,reconciliation,0.003,asymptotic,3,0.0026178010471204
0.0,0.0,0.003,0.0,0.0,3251,34,True,True,0,0.031372785568237305,{},False,,key3_asymptotic_reconciliation_0.003,1,reconciliation,0.003,asymptotic,3,0.0026178010471204
0.0,0.0,0.003,0.0,0.0,3251,34,True,True,0,0.032480716705322266,{},False,,key3_asymptotic_reconciliation_0.003,2,reconciliation,0.003,asymptotic,3,0.0026178010471204
0.0,0.0,0.003,0.0,0.0,3251,34,True,True,0,0.03436565399169922,{},False,,key3_asymptotic_reconciliation_0.003,3,reconciliation,0.003,asymptotic,3,0.0026178010471204
0.0,0.0,0.003,0.0,0.0,3251,34,True,True,0,0.031138896942138672,{},False,,key3_asymptotic_reconciliation_0.003,4,reconciliation,0.003,asymptotic,3,0.0026178010471204
0.0,0.0,0.003,0.0,0.0,3251,34,True,True,0,0.0299072265625,{},False,,key3_asymptotic_reconciliation_0.003,5,reconciliation,0.003,asymptotic,3,0.0026178010471204
0.0,0.0,0.003,0.0,0.0005829204313611193,3251,34,False,False,1619,0.028777599334716797,{},False,,key3_asymptotic_reconciliation_0.003,6,reconciliation,0.003,asymptotic,3,0.0026178010471204
0.0,0.0,0.003,0.0,0.0,3251,34,True,True,0,0.029043197631835938,{},False,,key3_asymptotic_reconciliation_0.003,7,reconciliation,0.003,asymptotic,3,0.0026178010471204
0.0,0.0,0.003,0.0,0.0017487612940833576,3251,34,False,False,1608,0.026304244995117188,{},False,,key3_asymptotic_reconciliation_0.003,8,reconciliation,0.003,asymptotic,3,0.0026178010471204
0.0,0.0,0.003,0.0,0.0,3251,34,True,True,0,0.03651237487792969,{},False,,key3_asymptotic_reconciliation_0.003,9,reconciliation,0.003,asymptotic,3,0.0026178010471204
0.0,0.0,0.003,0.0,0.0,3251,34,True,True,0,0.03829026222229004,{},False,,key3_asymptotic_reconciliation_0.003,10,reconciliation,0.003,asymptotic,3,0.0026178010471204
0.0,0.0,0.003,0.0,0.0,3251,34,True,True,0,0.036108970642089844,{},False,,key3_asymptotic_reconciliation_0.003,11,reconciliation,0.003,asymptotic,3,0.0026178010471204
0.0,0.0,0.003,0.0,0.0,3251,34,True,True,0,0.031252384185791016,{},False,,key3_asymptotic_reconciliation_0.003,12,reconciliation,0.003,asymptotic,3,0.0026178010471204
0.0,0.0,0.003,0.0,0.0,3251,34,True,True,0,0.030386924743652344,{},False,,key3_asymptotic_reconciliation_0.003,13,reconciliation,0.003,asymptotic,3,0.0026178010471204
0.0,0.0,0.003,0.0,0.002331681725444477,3251,34,False,False,1646,0.027744293212890625,{},False,,key3_asymptotic_reconciliation_0.003,14,reconciliation,0.003,asymptotic,3,0.0026178010471204
0.0,0.0,0.003,0.0,0.0,3251,34,True,True,0,0.036330461502075195,{},False,,key3_asymptotic_reconciliation_0.003,15,reconciliation,0.003,asymptotic,3,0.0026178010471204
0.0,0.0,0.003,0.0,0.0002914602156805596,3251,34,False,False,1596,0.06230473518371582,{'reconciliation_state': 1},False,,key3_asymptotic_reconciliation_0.003,16,reconciliation,0.003,asymptotic,3,0.0026178010471204
0.0,0.0,0.003,0.0,0.0,3251,34,True,True,0,0.02803206443786621,{},False,,key3_asymptotic_reconciliation_0.003,17,reconciliation,0.003,asymptotic,3,0.0026178010471204
0.0,0.0,0.003,0.0,0.0,3251,34,True,True,0,0.0327916145324707,{},False,,key3_asymptotic_reconciliation_0.003,18,reconciliation,0.003,asymptotic,3,0.0026178010471204
0.0,0.0,0.003,0.0,0.0,3251,34,True,True,0,0.037827253341674805,{},False,,key3_asymptotic_reconciliation_0.003,19,reconciliation,0.003,asymptotic,3,0.0026178010471204
0.0,0.0,0.001,0.0,0.0,3251,34,True,True,0,0.03418755531311035,{},False,,key3_asymptotic_reconciliation_0.001,0,reconciliation,0.001,asymptotic,3,0.0026178010471204
0.0,0.0,0.001,0.0,0.0,3251,34,True,True,0,0.031844139099121094,{},False,,key3_asymptotic_reconciliation_0.001,1,reconciliation,0.001,asymptotic,3,0.0026178010471204
0.0,0.0,0.001,0.0,0.0,3251,34,True,True,0,0.030039072036743164,{},False,,key3_asymptotic_reconciliation_0.001,2,reconciliation,0.001,asymptotic,3,0.0026178010471204
0.0,0.0,0.001,0.0,0.0,3251,34,True,True,0,0.03222203254699707,{},False,,key3_asymptotic_reconciliation_0.001,3,reconciliation,0.001,asymptotic,3,0.0026178010471204
0.0,0.0,0.001,0.0,0.0,3251,34,True,True,0,0.030552387237548828,{},False,,key3_asymptotic_reconciliation_0.001,4,reconciliation,0.001,asymptotic,3,0.0026178010471204
0.0,0.0,0.001,0.0,0.0,3251,34,True,True,0,0.028948545455932617,{},False,,key3_asymptotic_reconciliation_0.001,5,reconciliation,0.001,asymptotic,3,0.0026178010471204
0.0,0.0,0.001,0.0,0.0005829204313611193,3251,34,False,False,1617,0.0324559211730957,{},False,,key3_asymptotic_reconciliation_0.001,6,reconciliation,0.001,asymptotic,3,0.0026178010471204
0.0,0.0,0.001,0.0,0.0,3251,34,True,True,0,0.027521610260009766,{},False,,key3_asymptotic_reconciliation_0.001,7,reconciliation,0.001,asymptotic,3,0.0026178010471204
0.0,0.0,0.001,0.0,0.0017487612940833576,3251,34,False,False,1641,0.02602410316467285,{},False,,key3_asymptotic_reconciliation_0.001,8,reconciliation,0.001,asymptotic,3,0.0026178010471204
0.0,0.0,0.001,0.0,0.0,3251,34,True,True,0,0.03549551963806152,{},False,,key3_asymptotic_reconciliation_0.001,9,reconciliation,0.001,asymptotic,3,0.0026178010471204
0.0,0.0,0.001,0.0,0.0,3251,34,True,True,0,0.03811287879943848,{},False,,key3_asymptotic_reconciliation_0.001,10,reconciliation,0.001,asymptotic,3,0.0026178010471204
0.0,0.0,0.001,0.0,0.0,3251,34,True,True,0,0.03238940238952637,{},False,,key3_asymptotic_reconciliation_0.001,11,reconciliation,0.001,asymptotic,3,0.0026178010471204
0.0,0.0,0.001,0.0,0.0,3251,34,True,True,0,0.030159711837768555,{},False,,key3_asymptotic_reconciliation_0.001,12,reconciliation,0.001,asymptotic,3,0.0026178010471204
0.0,0.0,0.001,0.0,0.0,3251,34,True,True,0,0.030787229537963867,{},False,,key3_asymptotic_reconciliation_0.001,13,reconciliation,0.001,asymptotic,3,0.0026178010471204
0.0,0.0,0.001,0.0,0.002331681725444477,3251,34,False,False,1621,0.025493144989013672,{},False,,key3_asymptotic_reconciliation_0.001,14,reconciliation,0.001,asymptotic,3,0.0026178010471204
0.0,0.0,0.001,0.0,0.0,3251,34,True,True,0,0.03051447868347168,{},False,,key3_asymptotic_reconciliation_0.001,15,reconciliation,0.001,asymptotic,3,0.0026178010471204
0.0,0.0,0.001,0.0,0.0,3251,34,True,True,0,0.035126686096191406,{},False,,key3_asymptotic_reconciliation_0.001,16,reconciliation,0.001,asymptotic,3,0.0026178010471204
0.0,0.0,0.001,0.0,0.0,3251,34,True,True,0,0.028759002685546875,{},False,,key3_asymptotic_reconciliation_0.001,17,reconciliation,0.001,asymptotic,3,0.0026178010471204
0.0,0.0,0.001,0.0,0.0,3251,34,True,True,0,0.03374981880187988,{},False,,key3_asymptotic_reconciliation_0.001,18,reconciliation,0.001,asymptotic,3,0.0026178010471204
0.0,0.0,0.001,0.0,0.0,3251,34,True,True,0,0.03200483322143555,{},False,,key3_asymptotic_reconciliation_0.001,19,reconciliation,0.001,asymptotic,3,0.0026178010471204
0.5,0.0,0.0,0.0,0.0,1677,34,True,True,0,0.04382157325744629,{},False,,key3_placeholder_toeplitz_0.5,0,toeplitz,0.5,placeholder,3,0.0026178010471204
0.5,0.0,0.0,0.0,0.0,1677,34,True,False,1,0.04928874969482422,{'toeplitz_matrix': 1},False,,key3_placeholder_toeplitz_0.5,1,toeplitz,0.5,placeholder,3,0.0026178010471204
0.5,0.0,0.0,0.0,0.0,1677,34,True,False,1,0.028520584106445312,{'toeplitz_matrix': 1},False,,key3_placeholder_toeplitz_0.5,2,toeplitz,0.5,placeholder,3,0.0026178010471204
0.5,0.0,0.0,0.0,0.0,1677,34,True,True,0,0.032811880111694336,{},False,,key3_placeholder_toeplitz_0.5,3,toeplitz,0.5,placeholder,3,0.0026178010471204
0.5,0.0,0.0,0.0,0.0,1677,34,True,True,0,0.03167104721069336,{},False,,key3_placeholder_toeplitz_0.5,4,toeplitz,0.5,placeholder,3,0.0026178010471204
0.5,0.0,0.0,0.0,0.0,1677,34,True,True,0,0.035002946853637695,{},False,,key3_placeholder_toeplitz_0.5,5,toeplitz,0.5,placeholder,3,0.0026178010471204
0.5,0.0,0.0,0.0,0.0005829204313611193,1677,34,False,False,816,0.030045509338378906,{},False,,key3_placeholder_toeplitz_0.5,6,toeplitz,0.5,placeholder,3,0.0026178010471204
0.5,0.0,0.0,0.0,0.0,1677,34,True,True,0,0.029284954071044922,{},False,,key3_placeholder_toeplitz_0.5,7,toeplitz,0.5,placeholder,3,0.0026178010471204
0.5,0.0,0.0,0.0,0.0017487612940833576,1677,34,False,False,848,0.02629542350769043,{},False,,key3_placeholder_toeplitz_0.5,8,toeplitz,0.5,placeholder,3,0.0026178010471204
0.5,0.0,0.0,0.0,0.0,1677,34,True,True,0,0.03562808036804199,{},False,,key3_placeholder_toeplitz_0.5,9,toeplitz,0.5,placeholder,3,0.0026178010471204
0.5,0.0,0.0,0.0,0.0,1677,34,True,True,0,0.03969597816467285,{'toeplitz_matrix': 1},False,,key3_placeholder_toeplitz_0.5,10,toeplitz,0.5,placeholder,3,0.0026178010471204
0.5,0.0,0.0,0.0,0.0,1677,34,True,False,1,0.03313302993774414,{'toeplitz_matrix': 1},False,,key3_placeholder_toeplitz_0.5,11,toeplitz,0.5,placeholder,3,0.0026178010471204
0.5,0.0,0.0,0.0,0.0,1677,34,True,True,0,0.03161454200744629,{},False,,key3_placeholder_toeplitz_0.5,12,toeplitz,0.5,placeholder,3,0.0026178010471204
0.5,0.0,0.0,0.0,0.0,1677,34,True,True,0,0.03122687339782715,{},False,,key3_placeholder_toeplitz_0.5,13,toeplitz,0.5,placeholder,3,0.0026178010471204
0.5,0.0,0.0,0.0,0.002331681725444477,1677,34,False,False,834,0.026731014251708984,{'toeplitz_matrix': 1},False,,key3_placeholder_toeplitz_0.5,14,toeplitz,0.5,placeholder,3,0.0026178010471204
0.5,0.0,0.0,0.0,0.0,1677,34,True,True,0,0.0312955379486084,{},False,,key3_placeholder_toeplitz_0.5,15,toeplitz,0.5,placeholder,3,0.0026178010471204
0.5,0.0,0.0,0.0,0.0,1677,34,True,False,1,0.03449678421020508,{'toeplitz_matrix': 1},False,,key3_placeholder_toeplitz_0.5,16,toeplitz,0.5,placeholder,3,0.0026178010471204
0.5,0.0,0.0,0.0,0.0,1677,34,True,False,1,0.029407024383544922,{'toeplitz_matrix': 1},False,,key3_placeholder_toeplitz_0.5,17,toeplitz,0.5,placeholder,3,0.0026178010471204
0.5,0.0,0.0,0.0,0.0,1677,34,True,True,0,0.035180091857910156,{},False,,key3_placeholder_toeplitz_0.5,18,toeplitz,0.5,placeholder,3,0.0026178010471204
0.5,0.0,0.0,0.0,0.0,1677,34,True,False,1,0.03058767318725586,{'toeplitz_matrix': 1},False,,key3_placeholder_toeplitz_0.5,19,toeplitz,0.5,placeholder,3,0.0026178010471204
0.3,0.0,0.0,0.0,0.0,1677,34,True,True,0,0.034691810607910156,{},False,,key3_placeholder_toeplitz_0.3,0,toeplitz,0.3,placeholder,3,0.0026178010471204
0.3,0.0,0.0,0.0,0.0,1677,34,True,True,0,0.030117034912109375,{},False,,key3_placeholder_toeplitz_0.3,1,toeplitz,0.3,placeholder,3,0.0026178010471204
0.3,0.0,0.0,0.0,0.0,1677,34,True,False,1,0.02755904197692871,{'toeplitz_matrix': 1},False,,key3_placeholder_toeplitz_0.3,2,toeplitz,0.3,placeholder,3,0.0026178010471204
0.3,0.0,0.0,0.0,0.0,1677,34,True,True,0,0.032631635665893555,{},False,,key3_placeholder_toeplitz_0.3,3,toeplitz,0.3,placeholder,3,0.0026178010471204
0.3,0.0,0.0,0.0,0.0,1677,34,True,True,0,0.031339406967163086,{},False,,key3_placeholder_toeplitz_0.3,4,toeplitz,0.3,placeholder,3,0.0026178010471204
0.3,0.0,0.0,0.0,0.0,1677,34,True,True,0,0.030187368392944336,{},False,,key3_placeholder_toeplitz_0.3,5,toeplitz,0.3,placeholder,3,0.0026178010471204
0.3,0.0,0.0,0.0,0.0005829204313611193,1677,34,False,False,864,0.028613567352294922,{},False,,key3_placeholder_toeplitz_0.3,6,toeplitz,0.3,placeholder,3,0.0026178010471204
0.3,0.0,0.0,0.0,0.0,1677,34,True,True,0,0.029446840286254883,{},False,,key3_placeholder_toeplitz_0.3,7,toeplitz,0.3,placeholder,3,0.0026178010471204
0.3,0.0,0.0,0.0,0.0017487612940833576,1677,34,False,False,823,0.026400089263916016,{},False,,key3_placeholder_toeplitz_0.3,8,toeplitz,0.3,placeholder,3,0.0026178010471204
0.3,0.0,0.0,0.0,0.0,1677,34,True,True,0,0.036496877670288086,{},False,,key3_placeholder_toeplitz_0.3,9,toeplitz,0.3,placeholder,3,0.0026178010471204
0.3,0.0,0.0,0.0,0.0,1677,34,True,True,0,0.0377652645111084,{'toeplitz_matrix': 1},False,,key3_placeholder_toeplitz_0.3,10,toeplitz,0.3,placeholder,3,0.0026178010471204
0.3,0.0,0.0,0.0,0.0,1677,34,True,False,1,0.03247427940368652,{'toeplitz_matrix': 1},False,,key3_placeholder_toeplitz_0.3,11,toeplitz,0.3,placeholder,3,0.0026178010471204
0.3,0.0,0.0,0.0,0.0,1677,34,True,True,0,0.030111074447631836,{},False,,key3_placeholder_toeplitz_0.3,12,toeplitz,0.3,placeholder,3,0.0026178010471204
0.3,0.0,0.0,0.0,0.0,1677,34,True,True,0,0.030584335327148438,{},False,,key3_placeholder_toeplitz_0.3,13,toeplitz,0.3,placeholder,3,0.0026178010471204
0.3,0.0,0.0,0.0,0.002331681725444477,1677,34,False,False,831,0.026615381240844727,{'toeplitz_matrix': 1},False,,key3_placeholder_toeplitz_0.3,14,toeplitz,0.3,placeholder,3,0.0026178010471204
0.3,0.0,0.0,0.0,0.0,1677,34,True,True,0,0.030234575271606445,{},False,,key3_placeholder_toeplitz_0.3,15,toeplitz,0.3,placeholder,3,0.0026178010471204
0.3,0.0,0.0,0.0,0.0,1677,34,True,False,1,0.0391535758972168,{'toeplitz_matrix': 1},False,,key3_placeholder_toeplitz_0.3,16,toeplitz,0.3,placeholder,3,0.0026178010471204
0.3,0.0,0.0,0.0,0.0,1677,34,True,False,1,0.03232264518737793,{'toeplitz_matrix': 1},False,,key3_placeholder_toeplitz_0.3,17,toeplitz,0.3,placeholder,3,0.0026178010471204
0.3,0.0,0.0,0.0,0.0,1677,34,True,True,0,0.03318476676940918,{},False,,key3_placeholder_toeplitz_0.3,18,toeplitz,0.3,placeholder,3,0.0026178010471204
0.3,0.0,0.0,0.0,0.0,1677,34,True,False,1,0.032143592834472656,{'toeplitz_matrix': 1},False,,key3_placeholder_toeplitz_0.3,19,toeplitz,0.3,placeholder,3,0.0026178010471204
0.1,0.0,0.0,0.0,0.0,1677,34,True,True,0,0.03598308563232422,{},False,,key3_placeholder_toeplitz_0.1,0,toeplitz,0.1,placeholder,3,0.0026178010471204
0.1,0.0,0.0,0.0,0.0,1677,34,True,True,0,0.03071904182434082,{},False,,key3_placeholder_toeplitz_0.1,1,toeplitz,0.1,placeholder,3,0.0026178010471204
0.1,0.0,0.0,0.0,0.0,1677,34,True,False,1,0.028742074966430664,{'toeplitz_matrix': 1},False,,key3_placeholder_toeplitz_0.1,2,toeplitz,0.1,placeholder,3,0.0026178010471204
0.1,0.0,0.0,0.0,0.0,1677,34,True,True,0,0.032953739166259766,{},False,,key3_placeholder_toeplitz_0.1,3,toeplitz,0.1,placeholder,3,0.0026178010471204
0.1,0.0,0.0,0.0,0.0,1677,34,True,True,0,0.03247785568237305,{},False,,key3_placeholder_toeplitz_0.1,4,toeplitz,0.1,placeholder,3,0.0026178010471204
0.1,0.0,0.0,0.0,0.0,1677,34,True,True,0,0.029023170471191406,{},False,,key3_placeholder_toeplitz_0.1,5,toeplitz,0.1,placeholder,3,0.0026178010471204
0.1,0.0,0.0,0.0,0.0005829204313611193,1677,34,False,False,820,0.0278165340423584,{},False,,key3_placeholder_toeplitz_0.1,6,toeplitz,0.1,placeholder,3,0.0026178010471204
0.1,0.0,0.0,0.0,0.0,1677,34,True,True,0,0.027944564819335938,{},False,,key3_placeholder_toeplitz_0.1,7,toeplitz,0.1,placeholder,3,0.0026178010471204
0.1,0.0,0.0,0.0,0.0017487612940833576,1677,34,False,False,866,0.026871681213378906,{},False,,key3_placeholder_toeplitz_0.1,8,toeplitz,0.1,placeholder,3,0.0026178010471204
0.1,0.0,0.0,0.0,0.0,1677,34,True,True,0,0.03779172897338867,{},False,,key3_placeholder_toeplitz_0.1,9,toeplitz,0.1,placeholder,3,0.0026178010471204
0.1,0.0,0.0,0.0,0.0,1677,34,True,True,0,0.03966188430786133,{'toeplitz_matrix': 1},False,,key3_placeholder_toeplitz_0.1,10,toeplitz,0.1,placeholder,3,0.0026178010471204
0.1,0.0,0.0,0.0,0.0,1677,34,True,True,0,0.0330967903137207,{},False,,key3_placeholder_toeplitz_0.1,11,toeplitz,0.1,placeholder,3,0.0026178010471204
0.1,0.0,0.0,0.0,0.0,1677,34,True,True,0,0.031815290451049805,{},False,,key3_placeholder_toeplitz_0.1,12,toeplitz,0.1,placeholder,3,0.0026178010471204
0.1,0.0,0.0,0.0,0.0,1677,34,True,True,0,0.03280282020568848,{},False,,key3_placeholder_toeplitz_0.1,13,toeplitz,0.1,placeholder,3,0.0026178010471204
0.1,0.0,0.0,0.0,0.002331681725444477,1677,34,False,False,838,0.02651500701904297,{'toeplitz_matrix': 1},False,,key3_placeholder_toeplitz_0.1,14,toeplitz,0.1,placeholder,3,0.0026178010471204
0.1,0.0,0.0,0.0,0.0,1677,34,True,True,0,0.03015279769897461,{},False,,key3_placeholder_toeplitz_0.1,15,toeplitz,0.1,placeholder,3,0.0026178010471204
0.1,0.0,0.0,0.0,0.0,1677,34,True,False,1,0.03558778762817383,{'toeplitz_matrix': 1},False,,key3_placeholder_toeplitz_0.1,16,toeplitz,0.1,placeholder,3,0.0026178010471204
0.1,0.0,0.0,0.0,0.0,1677,34,True,True,0,0.028982877731323242,{},False,,key3_placeholder_toeplitz_0.1,17,toeplitz,0.1,placeholder,3,0.0026178010471204
0.1,0.0,0.0,0.0,0.0,1677,34,True,True,0,0.03274250030517578,{},False,,key3_placeholder_toeplitz_0.1,18,toeplitz,0.1,placeholder,3,0.0026178010471204
0.1,0.0,0.0,0.0,0.0,1677,34,True,True,0,0.03570127487182617,{},False,,key3_placeholder_toeplitz_0.1,19,toeplitz,0.1,placeholder,3,0.0026178010471204
0.05,0.0,0.0,0.0,0.0,1677,34,True,True,0,0.03849911689758301,{},False,,key3_placeholder_toeplitz_0.05,0,toeplitz,0.05,placeholder,3,0.0026178010471204
0.05,0.0,0.0,0.0,0.0,1677,34,True,True,0,0.03295755386352539,{},False,,key3_placeholder_toeplitz_0.05,1,toeplitz,0.05,placeholder,3,0.0026178010471204
0.05,0.0,0.0,0.0,0.0,1677,34,True,False,1,0.028185606002807617,{'toeplitz_matrix': 1},False,,key3_placeholder_toeplitz_0.05,2,toeplitz,0.05,placeholder,3,0.0026178010471204
0.05,0.0,0.0,0.0,0.0,1677,34,True,True,0,0.03345060348510742,{},False,,key3_placeholder_toeplitz_0.05,3,toeplitz,0.05,placeholder,3,0.0026178010471204
0.05,0.0,0.0,0.0,0.0,1677,34,True,True,0,0.033757686614990234,{},False,,key3_placeholder_toeplitz_0.05,4,toeplitz,0.05,placeholder,3,0.0026178010471204
0.05,0.0,0.0,0.0,0.0,1677,34,True,True,0,0.02874469757080078,{},False,,key3_placeholder_toeplitz_0.05,5,toeplitz,0.05,placeholder,3,0.0026178010471204
0.05,0.0,0.0,0.0,0.0005829204313611193,1677,34,False,False,882,0.02760791778564453,{},False,,key3_placeholder_toeplitz_0.05,6,toeplitz,0.05,placeholder,3,0.0026178010471204
0.05,0.0,0.0,0.0,0.0,1677,34,True,True,0,0.033951759338378906,{},False,,key3_placeholder_toeplitz_0.05,7,toeplitz,0.05,placeholder,3,0.0026178010471204
0.05,0.0,0.0,0.0,0.0017487612940833576,1677,34,False,False,840,0.031394004821777344,{},False,,key3_placeholder_toeplitz_0.05,8,toeplitz,0.05,placeholder,3,0.0026178010471204
0.05,0.0,0.0,0.0,0.0,1677,34,True,True,0,0.03940153121948242,{},False,,key3_placeholder_toeplitz_0.05,9,toeplitz,0.05,placeholder,3,0.0026178010471204
0.05,0.0,0.0,0.0,0.0,1677,34,True,True,0,0.0401303768157959,{},False,,key3_placeholder_toeplitz_0.05,10,toeplitz,0.05,placeholder,3,0.0026178010471204
0.05,0.0,0.0,0.0,0.0,1677,34,True,True,0,0.03344392776489258,{},False,,key3_placeholder_toeplitz_0.05,11,toeplitz,0.05,placeholder,3,0.0026178010471204
0.05,0.0,0.0,0.0,0.0,1677,34,True,True,0,0.030342817306518555,{},False,,key3_placeholder_toeplitz_0.05,12,toeplitz,0.05,placeholder,3,0.0026178010471204
0.05,0.0,0.0,0.0,0.0,1677,34,True,True,0,0.03307485580444336,{},False,,key3_placeholder_toeplitz_0.05,13,toeplitz,0.05,placeholder,3,0.0026178010471204
0.05,0.0,0.0,0.0,0.002331681725444477,1677,34,False,False,824,0.02603912353515625,{'toeplitz_matrix': 1},False,,key3_placeholder_toeplitz_0.05,14,toeplitz,0.05,placeholder,3,0.0026178010471204
0.05,0.0,0.0,0.0,0.0,1677,34,True,True,0,0.03101944923400879,{},False,,key3_placeholder_toeplitz_0.05,15,toeplitz,0.05,placeholder,3,0.0026178010471204
0.05,0.0,0.0,0.0,0.0,1677,34,True,True,0,0.037212371826171875,{},False,,key3_placeholder_toeplitz_0.05,16,toeplitz,0.05,placeholder,3,0.0026178010471204
0.05,0.0,0.0,0.0,0.0,1677,34,True,True,0,0.030304908752441406,{},False,,key3_placeholder_toeplitz_0.05,17,toeplitz,0.05,placeholder,3,0.0026178010471204
0.05,0.0,0.0,0.0,0.0,1677,34,True,True,0,0.032752275466918945,{},False,,key3_placeholder_toeplitz_0.05,18,toeplitz,0.05,placeholder,3,0.0026178010471204
0.05,0.0,0.0,0.0,0.0,1677,34,True,True,0,0.03424525260925293,{},False,,key3_placeholder_toeplitz_0.05,19,toeplitz,0.05,placeholder,3,0.0026178010471204
0.03,0.0,0.0,0.0,0.0,1677,34,True,True,0,0.03611564636230469,{},False,,key3_placeholder_toeplitz_0.03,0,toeplitz,0.03,placeholder,3,0.0026178010471204
0.03,0.0,0.0,0.0,0.0,1677,34,True,True,0,0.030421018600463867,{},False,,key3_placeholder_toeplitz_0.03,1,toeplitz,0.03,placeholder,3,0.0026178010471204
0.03,0.0,0.0,0.0,0.0,1677,34,True,True,0,0.029234647750854492,{},False,,key3_placeholder_toeplitz_0.03,2,toeplitz,0.03,placeholder,3,0.0026178010471204
0.03,0.0,0.0,0.0,0.0,1677,34,True,True,0,0.03298664093017578,{},False,,key3_placeholder_toeplitz_0.03,3,toeplitz,0.03,placeholder,3,0.0026178010471204
0.03,0.0,0.0,0.0,0.0,1677,34,True,True,0,0.031024456024169922,{},False,,key3_placeholder_toeplitz_0.03,4,toeplitz,0.03,placeholder,3,0.0026178010471204
0.03,0.0,0.0,0.0,0.0,1677,34,True,True,0,0.029766559600830078,{},False,,key3_placeholder_toeplitz_0.03,5,toeplitz,0.03,placeholder,3,0.0026178010471204
0.03,0.0,0.0,0.0,0.0005829204313611193,1677,34,False,False,865,0.027445316314697266,{},False,,key3_placeholder_toeplitz_0.03,6,toeplitz,0.03,placeholder,3,0.0026178010471204
0.03,0.0,0.0,0.0,0.0,1677,34,True,True,0,0.030119895935058594,{},False,,key3_placeholder_toeplitz_0.03,7,toeplitz,0.03,placeholder,3,0.0026178010471204
0.03,0.0,0.0,0.0,0.0017487612940833576,1677,34,False,False,857,0.026613712310791016,{},False,,key3_placeholder_toeplitz_0.03,8,toeplitz,0.03,placeholder,3,0.0026178010471204
0.03,0.0,0.0,0.0,0.0,1677,34,True,True,0,0.03561091423034668,{},False,,key3_placeholder_toeplitz_0.03,9,toeplitz,0.03,placeholder,3,0.0026178010471204
0.03,0.0,0.0,0.0,0.0,1677,34,True,True,0,0.0375516414642334,{},False,,key3_placeholder_toeplitz_0.03,10,toeplitz,0.03,placeholder,3,0.0026178010471204
0.03,0.0,0.0,0.0,0.0,1677,34,True,True,0,0.033689022064208984,{},False,,key3_placeholder_toeplitz_0.03,11,toeplitz,0.03,placeholder,3,0.0026178010471204
0.03,0.0,0.0,0.0,0.0,1677,34,True,True,0,0.030488014221191406,{},False,,key3_placeholder_toeplitz_0.03,12,toeplitz,0.03,placeholder,3,0.0026178010471204
0.03,0.0,0.0,0.0,0.0,1677,34,True,True,0,0.028858661651611328,{},False,,key3_placeholder_toeplitz_0.03,13,toeplitz,0.03,placeholder,3,0.0026178010471204
0.03,0.0,0.0,0.0,0.002331681725444477,1677,34,False,False,823,0.02697277069091797,{},False,,key3_placeholder_toeplitz_0.03,14,toeplitz,0.03,placeholder,3,0.0026178010471204
0.03,0.0,0.0,0.0,0.0,1677,34,True,True,0,0.03381085395812988,{},False,,key3_placeholder_toeplitz_0.03,15,toeplitz,0.03,placeholder,3,0.0026178010471204
0.03,0.0,0.0,0.0,0.0,1677,34,True,True,0,0.03611445426940918,{},False,,key3_placeholder_toeplitz_0.03,16,toeplitz,0.03,placeholder,3,0.0026178010471204
0.03,0.0,0.0,0.0,0.0,1677,34,True,True,0,0.028650760650634766,{},False,,key3_placeholder_toeplitz_0.03,17,toeplitz,0.03,placeholder,3,0.0026178010471204
0.03,0.0,0.0,0.0,0.0,1677,34,True,True,0,0.040430307388305664,{},False,,key3_placeholder_toeplitz_0.03,18,toeplitz,0.03,placeholder,3,0.0026178010471204
0.03,0.0,0.0,0.0,0.0,1677,34,True,True,0,0.033129215240478516,{},False,,key3_placeholder_toeplitz_0.03,19,toeplitz,0.03,placeholder,3,0.0026178010471204
0.01,0.0,0.0,0.0,0.0,1677,34,True,True,0,0.03713202476501465,{},False,,key3_placeholder_toeplitz_0.01,0,toeplitz,0.01,placeholder,3,0.0026178010471204
0.01,0.0,0.0,0.0,0.0,1677,34,True,True,0,0.030297517776489258,{},False,,key3_placeholder_toeplitz_0.01,1,toeplitz,0.01,placeholder,3,0.0026178010471204
0.01,0.0,0.0,0.0,0.0,1677,34,True,True,0,0.02787470817565918,{},False,,key3_placeholder_toeplitz_0.01,2,toeplitz,0.01,placeholder,3,0.0026178010471204
0.01,0.0,0.0,0.0,0.0,1677,34,True,True,0,0.033599853515625,{},False,,key3_placeholder_toeplitz_0.01,3,toeplitz,0.01,placeholder,3,0.0026178010471204
0.01,0.0,0.0,0.0,0.0,1677,34,True,True,0,0.031109094619750977,{},False,,key3_placeholder_toeplitz_0.01,4,toeplitz,0.01,placeholder,3,0.0026178010471204
0.01,0.0,0.0,0.0,0.0,1677,34,True,True,0,0.031914472579956055,{},False,,key3_placeholder_toeplitz_0.01,5,toeplitz,0.01,placeholder,3,0.0026178010471204
0.01,0.0,0.0,0.0,0.0005829204313611193,1677,34,False,False,826,0.0281679630279541,{},False,,key3_placeholder_toeplitz_0.01,6,toeplitz,0.01,placeholder,3,0.0026178010471204
0.01,0.0,0.0,0.0,0.0,1677,34,True,True,0,0.02941131591796875,{},False,,key3_placeholder_toeplitz_0.01,7,toeplitz,0.01,placeholder,3,0.0026178010471204
0.01,0.0,0.0,0.0,0.0017487612940833576,1677,34,False,False,851,0.026519060134887695,{},False,,key3_placeholder_toeplitz_0.01,8,toeplitz,0.01,placeholder,3,0.0026178010471204
0.01,0.0,0.0,0.0,0.0,1677,34,True,True,0,0.035962581634521484,{},False,,key3_placeholder_toeplitz_0.01,9,toeplitz,0.01,placeholder,3,0.0026178010471204
0.01,0.0,0.0,0.0,0.0,1677,34,True,True,0,0.04406595230102539,{},False,,key3_placeholder_toeplitz_0.01,10,toeplitz,0.01,placeholder,3,0.0026178010471204
0.01,0.0,0.0,0.0,0.0,1677,34,True,True,0,0.03399920463562012,{},False,,key3_placeholder_toeplitz_0.01,11,toeplitz,0.01,placeholder,3,0.0026178010471204
0.01,0.0,0.0,0.0,0.0,1677,34,True,True,0,0.03167152404785156,{},False,,key3_placeholder_toeplitz_0.01,12,toeplitz,0.01,placeholder,3,0.0026178010471204
0.01,0.0,0.0,0.0,0.0,1677,34,True,True,0,0.03315997123718262,{},False,,key3_placeholder_toeplitz_0.01,13,toeplitz,0.01,placeholder,3,0.0026178010471204
0.01,0.0,0.0,0.0,0.002331681725444477,1677,34,False,False,876,0.02771139144897461,{},False,,key3_placeholder_toeplitz_0.01,14,toeplitz,0.01,placeholder,3,0.0026178010471204
0.01,0.0,0.0,0.0,0.0,1677,34,True,True,0,0.034278154373168945,{},False,,key3_placeholder_toeplitz_0.01,15,toeplitz,0.01,placeholder,3,0.0026178010471204
0.01,0.0,0.0,0.0,0.0,1677,34,True,True,0,0.037123680114746094,{},False,,key3_placeholder_toeplitz_0.01,16,toeplitz,0.01,placeholder,3,0.0026178010471204
0.01,0.0,0.0,0.0,0.0,1677,34,True,True,0,0.0273897647857666,{},False,,key3_placeholder_toeplitz_0.01,17,toeplitz,0.01,placeholder,3,0.0026178010471204
0.01,0.0,0.0,0.0,0.0,1677,34,True,True,0,0.03354310989379883,{},False,,key3_placeholder_toeplitz_0.01,18,toeplitz,0.01,placeholder,3,0.0026178010471204
0.01,0.0,0.0,0.0,0.0,1677,34,True,True,0,0.03207898139953613,{},False,,key3_placeholder_toeplitz_0.01,19,toeplitz,0.01,placeholder,3,0.0026178010471204
0.003,0.0,0.0,0.0,0.0,1677,34,True,True,0,0.03418850898742676,{},False,,key3_placeholder_toeplitz_0.003,0,toeplitz,0.003,placeholder,3,0.0026178010471204
0.003,0.0,0.0,0.0,0.0,1677,34,True,True,0,0.030164003372192383,{},False,,key3_placeholder_toeplitz_0.003,1,toeplitz,0.003,placeholder,3,0.0026178010471204
0.003,0.0,0.0,0.0,0.0,1677,34,True,True,0,0.029109477996826172,{},False,,key3_placeholder_toeplitz_0.003,2,toeplitz,0.003,placeholder,3,0.0026178010471204
0.003,0.0,0.0,0.0,0.0,1677,34,True,True,0,0.031809091567993164,{},False,,key3_placeholder_toeplitz_0.003,3,toeplitz,0.003,placeholder,3,0.0026178010471204
0.003,0.0,0.0,0.0,0.0,1677,34,True,True,0,0.03318929672241211,{},False,,key3_placeholder_toeplitz_0.003,4,toeplitz,0.003,placeholder,3,0.0026178010471204
0.003,0.0,0.0,0.0,0.0,1677,34,True,True,0,0.030240297317504883,{},False,,key3_placeholder_toeplitz_0.003,5,toeplitz,0.003,placeholder,3,0.0026178010471204
0.003,0.0,0.0,0.0,0.0005829204313611193,1677,34,False,False,868,0.030124902725219727,{},False,,key3_placeholder_toeplitz_0.003,6,toeplitz,0.003,placeholder,3,0.0026178010471204
0.003,0.0,0.0,0.0,0.0,1677,34,True,True,0,0.02931666374206543,{},False,,key3_placeholder_toeplitz_0.003,7,toeplitz,0.003,placeholder,3,0.0026178010471204
0.003,0.0,0.0,0.0,0.0017487612940833576,1677,34,False,False,829,0.026256799697875977,{},False,,key3_placeholder_toeplitz_0.003,8,toeplitz,0.003,placeholder,3,0.0026178010471204
0.003,0.0,0.0,0.0,0.0,1677,34,True,True,0,0.045554399490356445,{},False,,key3_placeholder_toeplitz_0.003,9,toeplitz,0.003,placeholder,3,0.0026178010471204
0.003,0.0,0.0,0.0,0.0,1677,34,True,True,0,0.03779745101928711,{},False,,key3_placeholder_toeplitz_0.003,10,toeplitz,0.003,placeholder,3,0.0026178010471204
0.003,0.0,0.0,0.0,0.0,1677,34,True,True,0,0.03402423858642578,{},False,,key3_placeholder_toeplitz_0.003,11,toeplitz,0.003,placeholder,3,0.0026178010471204
0.003,0.0,0.0,0.0,0.0,1677,34,True,True,0,0.030986547470092773,{},False,,key3_placeholder_toeplitz_0.003,12,toeplitz,0.003,placeholder,3,0.0026178010471204
0.003,0.0,0.0,0.0,0.0,1677,34,True,True,0,0.0314791202545166,{},False,,key3_placeholder_toeplitz_0.003,13,toeplitz,0.003,placeholder,3,0.0026178010471204
0.003,0.0,0.0,0.0,0.002331681725444477,1677,34,False,False,811,0.025328874588012695,{},False,,key3_placeholder_toeplitz_0.003,14,toeplitz,0.003,placeholder,3,0.0026178010471204
0.003,0.0,0.0,0.0,0.0,1677,34,True,True,0,0.0329742431640625,{},False,,key3_placeholder_toeplitz_0.003,15,toeplitz,0.003,placeholder,3,0.0026178010471204
0.003,0.0,0.0,0.0,0.0,1677,34,True,True,0,0.03421926498413086,{},False,,key3_placeholder_toeplitz_0.003,16,toeplitz,0.003,placeholder,3,0.0026178010471204
0.003,0.0,0.0,0.0,0.0,1677,34,True,True,0,0.0282442569732666,{},False,,key3_placeholder_toeplitz_0.003,17,toeplitz,0.003,placeholder,3,0.0026178010471204
0.003,0.0,0.0,0.0,0.0,1677,34,True,True,0,0.03703927993774414,{},False,,key3_placeholder_toeplitz_0.003,18,toeplitz,0.003,placeholder,3,0.0026178010471204
0.003,0.0,0.0,0.0,0.0,1677,34,True,True,0,0.03113269805908203,{},False,,key3_placeholder_toeplitz_0.003,19,toeplitz,0.003,placeholder,3,0.0026178010471204
0.001,0.0,0.0,0.0,0.0,1677,34,True,True,0,0.035666465759277344,{},False,,key3_placeholder_toeplitz_0.001,0,toeplitz,0.001,placeholder,3,0.0026178010471204
0.001,0.0,0.0,0.0,0.0,1677,34,True,True,0,0.0325467586517334,{},False,,key3_placeholder_toeplitz_0.001,1,toeplitz,0.001,placeholder,3,0.0026178010471204
0.001,0.0,0.0,0.0,0.0,1677,34,True,True,0,0.026938199996948242,{},False,,key3_placeholder_toeplitz_0.001,2,toeplitz,0.001,placeholder,3,0.0026178010471204
0.001,0.0,0.0,0.0,0.0,1677,34,True,True,0,0.03228020668029785,{},False,,key3_placeholder_toeplitz_0.001,3,toeplitz,0.001,placeholder,3,0.0026178010471204
0.001,0.0,0.0,0.0,0.0,1677,34,True,True,0,0.03038787841796875,{},False,,key3_placeholder_toeplitz_0.001,4,toeplitz,0.001,placeholder,3,0.0026178010471204
0.001,0.0,0.0,0.0,0.0,1677,34,True,True,0,0.029701709747314453,{},False,,key3_placeholder_toeplitz_0.001,5,toeplitz,0.001,placeholder,3,0.0026178010471204
0.001,0.0,0.0,0.0,0.0005829204313611193,1677,34,False,False,833,0.026554107666015625,{},False,,key3_placeholder_toeplitz_0.001,6,toeplitz,0.001,placeholder,3,0.0026178010471204
0.001,0.0,0.0,0.0,0.0,1677,34,True,True,0,0.028366804122924805,{},False,,key3_placeholder_toeplitz_0.001,7,toeplitz,0.001,placeholder,3,0.0026178010471204
0.001,0.0,0.0,0.0,0.0017487612940833576,1677,34,False,False,834,0.02541184425354004,{},False,,key3_placeholder_toeplitz_0.001,8,toeplitz,0.001,placeholder,3,0.0026178010471204
0.001,0.0,0.0,0.0,0.0,1677,34,True,True,0,0.03594183921813965,{},False,,key3_placeholder_toeplitz_0.001,9,toeplitz,0.001,placeholder,3,0.0026178010471204
0.001,0.0,0.0,0.0,0.0,1677,34,True,True,0,0.038793325424194336,{},False,,key3_placeholder_toeplitz_0.001,10,toeplitz,0.001,placeholder,3,0.0026178010471204
0.001,0.0,0.0,0.0,0.0,1677,34,True,True,0,0.033926963806152344,{},False,,key3_placeholder_toeplitz_0.001,11,toeplitz,0.001,placeholder,3,0.0026178010471204
0.001,0.0,0.0,0.0,0.0,1677,34,True,True,0,0.031008481979370117,{},False,,key3_placeholder_toeplitz_0.001,12,toeplitz,0.001,placeholder,3,0.0026178010471204
0.001,0.0,0.0,0.0,0.0,1677,34,True,True,0,0.030983686447143555,{},False,,key3_placeholder_toeplitz_0.001,13,toeplitz,0.001,placeholder,3,0.0026178010471204
0.001,0.0,0.0,0.0,0.002331681725444477,1677,34,False,False,870,0.026532888412475586,{},False,,key3_placeholder_toeplitz_0.001,14,toeplitz,0.001,placeholder,3,0.0026178010471204
0.001,0.0,0.0,0.0,0.0,1677,34,True,True,0,0.03141522407531738,{},False,,key3_placeholder_toeplitz_0.001,15,toeplitz,0.001,placeholder,3,0.0026178010471204
0.001,0.0,0.0,0.0,0.0,1677,34,True,True,0,0.035219430923461914,{},False,,key3_placeholder_toeplitz_0.001,16,toeplitz,0.001,placeholder,3,0.0026178010471204
0.001,0.0,0.0,0.0,0.0,1677,34,True,True,0,0.040262460708618164,{},False,,key3_placeholder_toeplitz_0.001,17,toeplitz,0.001,placeholder,3,0.0026178010471204
0.001,0.0,0.0,0.0,0.0,1677,34,True,True,0,0.05773138999938965,{},False,,key3_placeholder_toeplitz_0.001,18,toeplitz,0.001,placeholder,3,0.0026178010471204
0.001,0.0,0.0,0.0,0.0,1677,34,True,True,0,0.04015302658081055,{},False,,key3_placeholder_toeplitz_0.001,19,toeplitz,0.001,placeholder,3,0.0026178010471204
0.0,0.5,0.0,0.0,0.0,1677,34,True,True,0,0.03345060348510742,{},False,,key3_placeholder_final_key_0.5,0,final_key,0.5,placeholder,3,0.0026178010471204
0.0,0.5,0.0,0.0,0.0,1677,34,True,False,1,0.030532121658325195,{'final_key': 1},False,,key3_placeholder_final_key_0.5,1,final_key,0.5,placeholder,3,0.0026178010471204
0.0,0.5,0.0,0.0,0.0,1677,34,True,False,1,0.027460813522338867,{'final_key': 1},False,,key3_placeholder_final_key_0.5,2,final_key,0.5,placeholder,3,0.0026178010471204
0.0,0.5,0.0,0.0,0.0,1677,34,True,False,1,0.03162670135498047,{'final_key': 1},False,,key3_placeholder_final_key_0.5,3,final_key,0.5,placeholder,3,0.0026178010471204
0.0,0.5,0.0,0.0,0.0,1677,34,True,False,1,0.033155202865600586,{'final_key': 1},False,,key3_placeholder_final_key_0.5,4,final_key,0.5,placeholder,3,0.0026178010471204
0.0,0.5,0.0,0.0,0.0,1677,34,True,True,0,0.029511213302612305,{},False,,key3_placeholder_final_key_0.5,5,final_key,0.5,placeholder,3,0.0026178010471204
0.0,0.5,0.0,0.0,0.0005829204313611193,1677,34,False,False,882,0.028649568557739258,{'final_key': 1},False,,key3_placeholder_final_key_0.5,6,final_key,0.5,placeholder,3,0.0026178010471204
0.0,0.5,0.0,0.0,0.0,1677,34,True,False,1,0.027697086334228516,{'final_key': 1},False,,key3_placeholder_final_key_0.5,7,final_key,0.5,placeholder,3,0.0026178010471204
0.0,0.5,0.0,0.0,0.0017487612940833576,1677,34,False,False,829,0.02624988555908203,{'final_key': 1},False,,key3_placeholder_final_key_0.5,8,final_key,0.5,placeholder,3,0.0026178010471204
0.0,0.5,0.0,0.0,0.0,1677,34,True,True,0,0.03771662712097168,{},False,,key3_placeholder_final_key_0.5,9,final_key,0.5,placeholder,3,0.0026178010471204
0.0,0.5,0.0,0.0,0.0,1677,34,True,True,0,0.04439830780029297,{},False,,key3_placeholder_final_key_0.5,10,final_key,0.5,placeholder,3,0.0026178010471204
0.0,0.5,0.0,0.0,0.0,1677,34,True,True,0,0.04748988151550293,{},False,,key3_placeholder_final_key_0.5,11,final_key,0.5,placeholder,3,0.0026178010471204
0.0,0.5,0.0,0.0,0.0,1677,34,True,False,1,0.03357815742492676,{'final_key': 1},False,,key3_placeholder_final_key_0.5,12,final_key,0.5,placeholder,3,0.0026178010471204
0.0,0.5,0.0,0.0,0.0,1677,34,True,False,1,0.03166961669921875,{'final_key': 1},False,,key3_placeholder_final_key_0.5,13,final_key,0.5,placeholder,3,0.0026178010471204
0.0,0.5,0.0,0.0,0.002331681725444477,1677,34,False,False,810,0.02457714080810547,{'final_key': 1},False,,key3_placeholder_final_key_0.5,14,final_key,0.5,placeholder,3,0.0026178010471204
0.0,0.5,0.0,0.0,0.0,1677,34,True,True,0,0.03056025505065918,{},False,,key3_placeholder_final_key_0.5,15,final_key,0.5,placeholder,3,0.0026178010471204
0.0,0.5,0.0,0.0,0.0,1677,34,True,True,0,0.03628134727478027,{},False,,key3_placeholder_final_key_0.5,16,final_key,0.5,placeholder,3,0.0026178010471204
0.0,0.5,0.0,0.0,0.0,1677,34,True,False,1,0.027950525283813477,{'final_key': 1},False,,key3_placeholder_final_key_0.5,17,final_key,0.5,placeholder,3,0.0026178010471204
0.0,0.5,0.0,0.0,0.0,1677,34,True,True,0,0.032550811767578125,{},False,,key3_placeholder_final_key_0.5,18,final_key,0.5,placeholder,3,0.0026178010471204
0.0,0.5,0.0,0.0,0.0,1677,34,True,True,0,0.03235030174255371,{},False,,key3_placeholder_final_key_0.5,19,final_key,0.5,placeholder,3,0.0026178010471204
0.0,0.3,0.0,0.0,0.0,1677,34,True,True,0,0.03467607498168945,{},False,,key3_placeholder_final_key_0.3,0,final_key,0.3,placeholder,3,0.0026178010471204
0.0,0.3,0.0,0.0,0.0,1677,34,True,False,1,0.03006887435913086,{'final_key': 1},False,,key3_placeholder_final_key_0.3,1,final_key,0.3,placeholder,3,0.0026178010471204
0.0,0.3,0.0,0.0,0.0,1677,34,True,False,1,0.027697324752807617,{'final_key': 1},False,,key3_placeholder_final_key_0.3,2,final_key,0.3,placeholder,3,0.0026178010471204
0.0,0.3,0.0,0.0,0.0,1677,34,True,True,0,0.03193163871765137,{},False,,key3_placeholder_final_key_0.3,3,final_key,0.3,placeholder,3,0.0026178010471204
0.0,0.3,0.0,0.0,0.0,1677,34,True,True,0,0.03252458572387695,{},False,,key3_placeholder_final_key_0.3,4,final_key,0.3,placeholder,3,0.0026178010471204
0.0,0.3,0.0,0.0,0.0,1677,34,True,True,0,0.029549837112426758,{},False,,key3_placeholder_final_key_0.3,5,final_key,0.3,placeholder,3,0.0026178010471204
0.0,0.3,0.0,0.0,0.0005829204313611193,1677,34,False,False,827,0.02918100357055664,{'final_key': 1},False,,key3_placeholder_final_key_0.3,6,final_key,0.3,placeholder,3,0.0026178010471204
0.0,0.3,0.0,0.0,0.0,1677,34,True,True,0,0.02921128273010254,{},False,,key3_placeholder_final_key_0.3,7,final_key,0.3,placeholder,3,0.0026178010471204
0.0,0.3,0.0,0.0,0.0017487612940833576,1677,34,False,False,854,0.026979684829711914,{},False,,key3_placeholder_final_key_0.3,8,final_key,0.3,placeholder,3,0.0026178010471204
0.0,0.3,0.0,0.0,0.0,1677,34,True,True,0,0.04018664360046387,{},False,,key3_placeholder_final_key_0.3,9,final_key,0.3,placeholder,3,0.0026178010471204
0.0,0.3,0.0,0.0,0.0,1677,34,True,True,0,0.04223775863647461,{},False,,key3_placeholder_final_key_0.3,10,final_key,0.3,placeholder,3,0.0026178010471204
0.0,0.3,0.0,0.0,0.0,1677,34,True,True,0,0.034694671630859375,{},False,,key3_placeholder_final_key_0.3,11,final_key,0.3,placeholder,3,0.0026178010471204
0.0,0.3,0.0,0.0,0.0,1677,34,True,True,0,0.033538818359375,{},False,,key3_placeholder_final_key_0.3,12,final_key,0.3,placeholder,3,0.0026178010471204
0.0,0.3,0.0,0.0,0.0,1677,34,True,False,1,0.030886173248291016,{'final_key': 1},False,,key3_placeholder_final_key_0.3,13,final_key,0.3,placeholder,3,0.0026178010471204
0.0,0.3,0.0,0.0,0.002331681725444477,1677,34,False,False,837,0.025003433227539062,{},False,,key3_placeholder_final_key_0.3,14,final_key,0.3,placeholder,3,0.0026178010471204
0.0,0.3,0.0,0.0,0.0,1677,34,True,True,0,0.03056478500366211,{},False,,key3_placeholder_final_key_0.3,15,final_key,0.3,placeholder,3,0.0026178010471204
0.0,0.3,0.0,0.0,0.0,1677,34,True,True,0,0.03578352928161621,{},False,,key3_placeholder_final_key_0.3,16,final_key,0.3,placeholder,3,0.0026178010471204
0.0,0.3,0.0,0.0,0.0,1677,34,True,False,1,0.028963804244995117,{'final_key': 1},False,,key3_placeholder_final_key_0.3,17,final_key,0.3,placeholder,3,0.0026178010471204
0.0,0.3,0.0,0.0,0.0,1677,34,True,True,0,0.03321981430053711,{},False,,key3_placeholder_final_key_0.3,18,final_key,0.3,placeholder,3,0.0026178010471204
0.0,0.3,0.0,0.0,0.0,1677,34,True,True,0,0.035448551177978516,{},False,,key3_placeholder_final_key_0.3,19,final_key,0.3,placeholder,3,0.0026178010471204
0.0,0.1,0.0,0.0,0.0,1677,34,True,True,0,0.03504514694213867,{},False,,key3_placeholder_final_key_0.1,0,final_key,0.1,placeholder,3,0.0026178010471204
0.0,0.1,0.0,0.0,0.0,1677,34,True,False,1,0.031247615814208984,{'final_key': 1},False,,key3_placeholder_final_key_0.1,1,final_key,0.1,placeholder,3,0.0026178010471204
0.0,0.1,0.0,0.0,0.0,1677,34,True,True,0,0.030211925506591797,{},False,,key3_placeholder_final_key_0.1,2,final_key,0.1,placeholder,3,0.0026178010471204
0.0,0.1,0.0,0.0,0.0,1677,34,True,True,0,0.03634238243103027,{},False,,key3_placeholder_final_key_0.1,3,final_key,0.1,placeholder,3,0.0026178010471204
0.0,0.1,0.0,0.0,0.0,1677,34,True,True,0,0.03191399574279785,{},False,,key3_placeholder_final_key_0.1,4,final_key,0.1,placeholder,3,0.0026178010471204
0.0,0.1,0.0,0.0,0.0,1677,34,True,True,0,0.029425382614135742,{},False,,key3_placeholder_final_key_0.1,5,final_key,0.1,placeholder,3,0.0026178010471204
0.0,0.1,0.0,0.0,0.0005829204313611193,1677,34,False,False,842,0.028895854949951172,{'final_key': 1},False,,key3_placeholder_final_key_0.1,6,final_key,0.1,placeholder,3,0.0026178010471204
0.0,0.1,0.0,0.0,0.0,1677,34,True,True,0,0.029284954071044922,{},False,,key3_placeholder_final_key_0.1,7,final_key,0.1,placeholder,3,0.0026178010471204
0.0,0.1,0.0,0.0,0.0017487612940833576,1677,34,False,False,827,0.025873422622680664,{},False,,key3_placeholder_final_key_0.1,8,final_key,0.1,placeholder,3,0.0026178010471204
0.0,0.1,0.0,0.0,0.0,1677,34,True,True,0,0.03563642501831055,{},False,,key3_placeholder_final_key_0.1,9,final_key,0.1,placeholder,3,0.0026178010471204
0.0,0.1,0.0,0.0,0.0,1677,34,True,True,0,0.0390472412109375,{},False,,key3_placeholder_final_key_0.1,10,final_key,0.1,placeholder,3,0.0026178010471204
0.0,0.1,0.0,0.0,0.0,1677,34,True,True,0,0.03452873229980469,{},False,,key3_placeholder_final_key_0.1,11,final_key,0.1,placeholder,3,0.0026178010471204
0.0,0.1,0.0,0.0,0.0,1677,34,True,True,0,0.03029775619506836,{},False,,key3_placeholder_final_key_0.1,12,final_key,0.1,placeholder,3,0.0026178010471204
0.0,0.1,0.0,0.0,0.0,1677,34,True,True,0,0.0308077335357666,{},False,,key3_placeholder_final_key_0.1,13,final_key,0.1,placeholder,3,0.0026178010471204
0.0,0.1,0.0,0.0,0.002331681725444477,1677,34,False,False,852,0.025815963745117188,{},False,,key3_placeholder_final_key_0.1,14,final_key,0.1,placeholder,3,0.0026178010471204
0.0,0.1,0.0,0.0,0.0,1677,34,True,True,0,0.029961109161376953,{},False,,key3_placeholder_final_key_0.1,15,final_key,0.1,placeholder,3,0.0026178010471204
0.0,0.1,0.0,0.0,0.0,1677,34,True,True,0,0.03536105155944824,{},False,,key3_placeholder_final_key_0.1,16,final_key,0.1,placeholder,3,0.0026178010471204
0.0,0.1,0.0,0.0,0.0,1677,34,True,False,1,0.028936147689819336,{'final_key': 1},False,,key3_placeholder_final_key_0.1,17,final_key,0.1,placeholder,3,0.0026178010471204
0.0,0.1,0.0,0.0,0.0,1677,34,True,True,0,0.03235340118408203,{},False,,key3_placeholder_final_key_0.1,18,final_key,0.1,placeholder,3,0.0026178010471204
0.0,0.1,0.0,0.0,0.0,1677,34,True,True,0,0.03297233581542969,{},False,,key3_placeholder_final_key_0.1,19,final_key,0.1,placeholder,3,0.0026178010471204
0.0,0.05,0.0,0.0,0.0,1677,34,True,True,0,0.03933978080749512,{},False,,key3_placeholder_final_key_0.05,0,final_key,0.05,placeholder,3,0.0026178010471204
0.0,0.05,0.0,0.0,0.0,1677,34,True,False,1,0.03227567672729492,{'final_key': 1},False,,key3_placeholder_final_key_0.05,1,final_key,0.05,placeholder,3,0.0026178010471204
0.0,0.05,0.0,0.0,0.0,1677,34,True,True,0,0.027516603469848633,{},False,,key3_placeholder_final_key_0.05,2,final_key,0.05,placeholder,3,0.0026178010471204
0.0,0.05,0.0,0.0,0.0,1677,34,True,True,0,0.03418135643005371,{},False,,key3_placeholder_final_key_0.05,3,final_key,0.05,placeholder,3,0.0026178010471204
0.0,0.05,0.0,0.0,0.0,1677,34,True,True,0,0.03123617172241211,{},False,,key3_placeholder_final_key_0.05,4,final_key,0.05,placeholder,3,0.0026178010471204
0.0,0.05,0.0,0.0,0.0,1677,34,True,True,0,0.028531789779663086,{},False,,key3_placeholder_final_key_0.05,5,final_key,0.05,placeholder,3,0.0026178010471204
0.0,0.05,0.0,0.0,0.0005829204313611193,1677,34,False,False,860,0.028729677200317383,{'final_key': 1},False,,key3_placeholder_final_key_0.05,6,final_key,0.05,placeholder,3,0.0026178010471204
0.0,0.05,0.0,0.0,0.0,1677,34,True,True,0,0.029872417449951172,{},False,,key3_placeholder_final_key_0.05,7,final_key,0.05,placeholder,3,0.0026178010471204
0.0,0.05,0.0,0.0,0.0017487612940833576,1677,34,False,False,821,0.026587963104248047,{},False,,key3_placeholder_final_key_0.05,8,final_key,0.05,placeholder,3,0.0026178010471204
0.0,0.05,0.0,0.0,0.0,1677,34,True,True,0,0.03607487678527832,{},False,,key3_placeholder_final_key_0.05,9,final_key,0.05,placeholder,3,0.0026178010471204
0.0,0.05,0.0,0.0,0.0,1677,34,True,True,0,0.03931570053100586,{},False,,key3_placeholder_final_key_0.05,10,final_key,0.05,placeholder,3,0.0026178010471204
0.0,0.05,0.0,0.0,0.0,1677,34,True,True,0,0.032607078552246094,{},False,,key3_placeholder_final_key_0.05,11,final_key,0.05,placeholder,3,0.0026178010471204
0.0,0.05,0.0,0.0,0.0,1677,34,True,True,0,0.031241655349731445,{},False,,key3_placeholder_final_key_0.05,12,final_key,0.05,placeholder,3,0.0026178010471204
0.0,0.05,0.0,0.0,0.0,1677,34,True,True,0,0.03125119209289551,{},False,,key3_placeholder_final_key_0.05,13,final_key,0.05,placeholder,3,0.0026178010471204
0.0,0.05,0.0,0.0,0.002331681725444477,1677,34,False,False,807,0.028304100036621094,{},False,,key3_placeholder_final_key_0.05,14,final_key,0.05,placeholder,3,0.0026178010471204
0.0,0.05,0.0,0.0,0.0,1677,34,True,True,0,0.03162121772766113,{},False,,key3_placeholder_final_key_0.05,15,final_key,0.05,placeholder,3,0.0026178010471204
0.0,0.05,0.0,0.0,0.0,1677,34,True,True,0,0.036382198333740234,{},False,,key3_placeholder_final_key_0.05,16,final_key,0.05,placeholder,3,0.0026178010471204
0.0,0.05,0.0,0.0,0.0,1677,34,True,True,0,0.02779674530029297,{},False,,key3_placeholder_final_key_0.05,17,final_key,0.05,placeholder,3,0.0026178010471204
0.0,0.05,0.0,0.0,0.0,1677,34,True,True,0,0.03351473808288574,{},False,,key3_placeholder_final_key_0.05,18,final_key,0.05,placeholder,3,0.0026178010471204
0.0,0.05,0.0,0.0,0.0,1677,34,True,True,0,0.032155513763427734,{},False,,key3_placeholder_final_key_0.05,19,final_key,0.05,placeholder,3,0.0026178010471204
0.0,0.03,0.0,0.0,0.0,1677,34,True,True,0,0.03312993049621582,{},False,,key3_placeholder_final_key_0.03,0,final_key,0.03,placeholder,3,0.0026178010471204
0.0,0.03,0.0,0.0,0.0,1677,34,True,True,0,0.032160043716430664,{},False,,key3_placeholder_final_key_0.03,1,final_key,0.03,placeholder,3,0.0026178010471204
0.0,0.03,0.0,0.0,0.0,1677,34,True,True,0,0.02924180030822754,{},False,,key3_placeholder_final_key_0.03,2,final_key,0.03,placeholder,3,0.0026178010471204
0.0,0.03,0.0,0.0,0.0,1677,34,True,True,0,0.033484458923339844,{},False,,key3_placeholder_final_key_0.03,3,final_key,0.03,placeholder,3,0.0026178010471204
0.0,0.03,0.0,0.0,0.0,1677,34,True,True,0,0.031131982803344727,{},False,,key3_placeholder_final_key_0.03,4,final_key,0.03,placeholder,3,0.0026178010471204
0.0,0.03,0.0,0.0,0.0,1677,34,True,True,0,0.029880523681640625,{},False,,key3_placeholder_final_key_0.03,5,final_key,0.03,placeholder,3,0.0026178010471204
0.0,0.03,0.0,0.0,0.0005829204313611193,1677,34,False,False,882,0.02845931053161621,{},False,,key3_placeholder_final_key_0.03,6,final_key,0.03,placeholder,3,0.0026178010471204
0.0,0.03,0.0,0.0,0.0,1677,34,True,True,0,0.02722454071044922,{},False,,key3_placeholder_final_key_0.03,7,final_key,0.03,placeholder,3,0.0026178010471204
0.0,0.03,0.0,0.0,0.0017487612940833576,1677,34,False,False,840,0.02680182456970215,{},False,,key3_placeholder_final_key_0.03,8,final_key,0.03,placeholder,3,0.0026178010471204
0.0,0.03,0.0,0.0,0.0,1677,34,True,True,0,0.03764462471008301,{},False,,key3_placeholder_final_key_0.03,9,final_key,0.03,placeholder,3,0.0026178010471204
0.0,0.03,0.0,0.0,0.0,1677,34,True,True,0,0.04040861129760742,{},False,,key3_placeholder_final_key_0.03,10,final_key,0.03,placeholder,3,0.0026178010471204
0.0,0.03,0.0,0.0,0.0,1677,34,True,True,0,0.03540611267089844,{},False,,key3_placeholder_final_key_0.03,11,final_key,0.03,placeholder,3,0.0026178010471204
0.0,0.03,0.0,0.0,0.0,1677,34,True,True,0,0.03432726860046387,{},False,,key3_placeholder_final_key_0.03,12,final_key,0.03,placeholder,3,0.0026178010471204
0.0,0.03,0.0,0.0,0.0,1677,34,True,True,0,0.029181241989135742,{},False,,key3_placeholder_final_key_0.03,13,final_key,0.03,placeholder,3,0.0026178010471204
0.0,0.03,0.0,0.0,0.002331681725444477,1677,34,False,False,842,0.026725292205810547,{},False,,key3_placeholder_final_key_0.03,14,final_key,0.03,placeholder,3,0.0026178010471204
0.0,0.03,0.0,0.0,0.0,1677,34,True,True,0,0.03103804588317871,{},False,,key3_placeholder_final_key_0.03,15,final_key,0.03,placeholder,3,0.0026178010471204
0.0,0.03,0.0,0.0,0.0,1677,34,True,True,0,0.03451180458068848,{},False,,key3_placeholder_final_key_0.03,16,final_key,0.03,placeholder,3,0.0026178010471204
0.0,0.03,0.0,0.0,0.0,1677,34,True,True,0,0.028025388717651367,{},False,,key3_placeholder_final_key_0.03,17,final_key,0.03,placeholder,3,0.0026178010471204
0.0,0.03,0.0,0.0,0.0,1677,34,True,True,0,0.035236358642578125,{},False,,key3_placeholder_final_key_0.03,18,final_key,0.03,placeholder,3,0.0026178010471204
0.0,0.03,0.0,0.0,0.0,1677,34,True,True,0,0.031220436096191406,{},False,,key3_placeholder_final_key_0.03,19,final_key,0.03,placeholder,3,0.0026178010471204
0.0,0.01,0.0,0.0,0.0,1677,34,True,True,0,0.033669233322143555,{},False,,key3_placeholder_final_key_0.01,0,final_key,0.01,placeholder,3,0.0026178010471204
0.0,0.01,0.0,0.0,0.0,1677,34,True,True,0,0.03283381462097168,{},False,,key3_placeholder_final_key_0.01,1,final_key,0.01,placeholder,3,0.0026178010471204
0.0,0.01,0.0,0.0,0.0,1677,34,True,True,0,0.02805471420288086,{},False,,key3_placeholder_final_key_0.01,2,final_key,0.01,placeholder,3,0.0026178010471204
0.0,0.01,0.0,0.0,0.0,1677,34,True,True,0,0.03222179412841797,{},False,,key3_placeholder_final_key_0.01,3,final_key,0.01,placeholder,3,0.0026178010471204
0.0,0.01,0.0,0.0,0.0,1677,34,True,True,0,0.03148365020751953,{},False,,key3_placeholder_final_key_0.01,4,final_key,0.01,placeholder,3,0.0026178010471204
0.0,0.01,0.0,0.0,0.0,1677,34,True,True,0,0.03289961814880371,{},False,,key3_placeholder_final_key_0.01,5,final_key,0.01,placeholder,3,0.0026178010471204
0.0,0.01,0.0,0.0,0.0005829204313611193,1677,34,False,False,860,0.027321815490722656,{},False,,key3_placeholder_final_key_0.01,6,final_key,0.01,placeholder,3,0.0026178010471204
0.0,0.01,0.0,0.0,0.0,1677,34,True,True,0,0.02802586555480957,{},False,,key3_placeholder_final_key_0.01,7,final_key,0.01,placeholder,3,0.0026178010471204
0.0,0.01,0.0,0.0,0.0017487612940833576,1677,34,False,False,853,0.026851177215576172,{},False,,key3_placeholder_final_key_0.01,8,final_key,0.01,placeholder,3,0.0026178010471204
0.0,0.01,0.0,0.0,0.0,1677,34,True,True,0,0.03592634201049805,{},False,,key3_placeholder_final_key_0.01,9,final_key,0.01,placeholder,3,0.0026178010471204
0.0,0.01,0.0,0.0,0.0,1677,34,True,True,0,0.038387298583984375,{},False,,key3_placeholder_final_key_0.01,10,final_key,0.01,placeholder,3,0.0026178010471204
0.0,0.01,0.0,0.0,0.0,1677,34,True,True,0,0.03243112564086914,{},False,,key3_placeholder_final_key_0.01,11,final_key,0.01,placeholder,3,0.0026178010471204
0.0,0.01,0.0,0.0,0.0,1677,34,True,True,0,0.029627561569213867,{},False,,key3_placeholder_final_key_0.01,12,final_key,0.01,placeholder,3,0.0026178010471204
0.0,0.01,0.0,0.0,0.0,1677,34,True,True,0,0.03317737579345703,{},False,,key3_placeholder_final_key_0.01,13,final_key,0.01,placeholder,3,0.0026178010471204
0.0,0.01,0.0,0.0,0.002331681725444477,1677,34,False,False,785,0.02599644660949707,{},False,,key3_placeholder_final_key_0.01,14,final_key,0.01,placeholder,3,0.0026178010471204
0.0,0.01,0.0,0.0,0.0,1677,34,True,True,0,0.03162074089050293,{},False,,key3_placeholder_final_key_0.01,15,final_key,0.01,placeholder,3,0.0026178010471204
0.0,0.01,0.0,0.0,0.0,1677,34,True,True,0,0.03491473197937012,{},False,,key3_placeholder_final_key_0.01,16,final_key,0.01,placeholder,3,0.0026178010471204
0.0,0.01,0.0,0.0,0.0,1677,34,True,True,0,0.028731107711791992,{},False,,key3_placeholder_final_key_0.01,17,final_key,0.01,placeholder,3,0.0026178010471204
0.0,0.01,0.0,0.0,0.0,1677,34,True,True,0,0.032387733459472656,{},False,,key3_placeholder_final_key_0.01,18,final_key,0.01,placeholder,3,0.0026178010471204
0.0,0.01,0.0,0.0,0.0,1677,34,True,True,0,0.031722307205200195,{},False,,key3_placeholder_final_key_0.01,19,final_key,0.01,placeholder,3,0.0026178010471204
0.0,0.003,0.0,0.0,0.0,1677,34,True,True,0,0.03436994552612305,{},False,,key3_placeholder_final_key_0.003,0,final_key,0.003,placeholder,3,0.0026178010471204
0.0,0.003,0.0,0.0,0.0,1677,34,True,True,0,0.030792236328125,{},False,,key3_placeholder_final_key_0.003,1,final_key,0.003,placeholder,3,0.0026178010471204
0.0,0.003,0.0,0.0,0.0,1677,34,True,True,0,0.029599905014038086,{},False,,key3_placeholder_final_key_0.003,2,final_key,0.003,placeholder,3,0.0026178010471204
0.0,0.003,0.0,0.0,0.0,1677,34,True,True,0,0.038599252700805664,{},False,,key3_placeholder_final_key_0.003,3,final_key,0.003,placeholder,3,0.0026178010471204
0.0,0.003,0.0,0.0,0.0,1677,34,True,True,0,0.031778812408447266,{},False,,key3_placeholder_final_key_0.003,4,final_key,0.003,placeholder,3,0.0026178010471204
0.0,0.003,0.0,0.0,0.0,1677,34,True,True,0,0.03125286102294922,{},False,,key3_placeholder_final_key_0.003,5,final_key,0.003,placeholder,3,0.0026178010471204
0.0,0.003,0.0,0.0,0.0005829204313611193,1677,34,False,False,820,0.027605295181274414,{},False,,key3_placeholder_final_key_0.003,6,final_key,0.003,placeholder,3,0.0026178010471204
0.0,0.003,0.0,0.0,0.0,1677,34,True,True,0,0.028572797775268555,{},False,,key3_placeholder_final_key_0.003,7,final_key,0.003,placeholder,3,0.0026178010471204
0.0,0.003,0.0,0.0,0.0017487612940833576,1677,34,False,False,890,0.026021480560302734,{},False,,key3_placeholder_final_key_0.003,8,final_key,0.003,placeholder,3,0.0026178010471204
0.0,0.003,0.0,0.0,0.0,1677,34,True,True,0,0.03851008415222168,{},False,,key3_placeholder_final_key_0.003,9,final_key,0.003,placeholder,3,0.0026178010471204
0.0,0.003,0.0,0.0,0.0,1677,34,True,True,0,0.0382688045501709,{},False,,key3_placeholder_final_key_0.003,10,final_key,0.003,placeholder,3,0.0026178010471204
0.0,0.003,0.0,0.0,0.0,1677,34,True,True,0,0.032732486724853516,{},False,,key3_placeholder_final_key_0.003,11,final_key,0.003,placeholder,3,0.0026178010471204
0.0,0.003,0.0,0.0,0.0,1677,34,True,True,0,0.03235125541687012,{},False,,key3_placeholder_final_key_0.003,12,final_key,0.003,placeholder,3,0.0026178010471204
0.0,0.003,0.0,0.0,0.0,1677,34,True,True,0,0.029534101486206055,{},False,,key3_placeholder_final_key_0.003,13,final_key,0.003,placeholder,3,0.0026178010471204
0.0,0.003,0.0,0.0,0.002331681725444477,1677,34,False,False,813,0.028521299362182617,{},False,,key3_placeholder_final_key_0.003,14,final_key,0.003,placeholder,3,0.0026178010471204
0.0,0.003,0.0,0.0,0.0,1677,34,True,True,0,0.030592918395996094,{},False,,key3_placeholder_final_key_0.003,15,final_key,0.003,placeholder,3,0.0026178010471204
0.0,0.003,0.0,0.0,0.0,1677,34,True,True,0,0.04168891906738281,{},False,,key3_placeholder_final_key_0.003,16,final_key,0.003,placeholder,3,0.0026178010471204
0.0,0.003,0.0,0.0,0.0,1677,34,True,True,0,0.02996683120727539,{},False,,key3_placeholder_final_key_0.003,17,final_key,0.003,placeholder,3,0.0026178010471204
0.0,0.003,0.0,0.0,0.0,1677,34,True,True,0,0.035614728927612305,{},False,,key3_placeholder_final_key_0.003,18,final_key,0.003,placeholder,3,0.0026178010471204
0.0,0.003,0.0,0.0,0.0,1677,34,True,True,0,0.03237795829772949,{},False,,key3_placeholder_final_key_0.003,19,final_key,0.003,placeholder,3,0.0026178010471204
0.0,0.001,0.0,0.0,0.0,1677,34,True,True,0,0.034714698791503906,{},False,,key3_placeholder_final_key_0.001,0,final_key,0.001,placeholder,3,0.0026178010471204
0.0,0.001,0.0,0.0,0.0,1677,34,True,True,0,0.03299760818481445,{},False,,key3_placeholder_final_key_0.001,1,final_key,0.001,placeholder,3,0.0026178010471204
0.0,0.001,0.0,0.0,0.0,1677,34,True,True,0,0.02965259552001953,{},False,,key3_placeholder_final_key_0.001,2,final_key,0.001,placeholder,3,0.0026178010471204
0.0,0.001,0.0,0.0,0.0,1677,34,True,True,0,0.03466439247131348,{},False,,key3_placeholder_final_key_0.001,3,final_key,0.001,placeholder,3,0.0026178010471204
0.0,0.001,0.0,0.0,0.0,1677,34,True,True,0,0.03344917297363281,{},False,,key3_placeholder_final_key_0.001,4,final_key,0.001,placeholder,3,0.0026178010471204
0.0,0.001,0.0,0.0,0.0,1677,34,True,True,0,0.029691696166992188,{},False,,key3_placeholder_final_key_0.001,5,final_key,0.001,placeholder,3,0.0026178010471204
0.0,0.001,0.0,0.0,0.0005829204313611193,1677,34,False,False,864,0.028888463973999023,{},False,,key3_placeholder_final_key_0.001,6,final_key,0.001,placeholder,3,0.0026178010471204
0.0,0.001,0.0,0.0,0.0,1677,34,True,True,0,0.028394222259521484,{},False,,key3_placeholder_final_key_0.001,7,final_key,0.001,placeholder,3,0.0026178010471204
0.0,0.001,0.0,0.0,0.0017487612940833576,1677,34,False,False,844,0.029635190963745117,{},False,,key3_placeholder_final_key_0.001,8,final_key,0.001,placeholder,3,0.0026178010471204
0.0,0.001,0.0,0.0,0.0,1677,34,True,True,0,0.036217689514160156,{},False,,key3_placeholder_final_key_0.001,9,final_key,0.001,placeholder,3,0.0026178010471204
0.0,0.001,0.0,0.0,0.0,1677,34,True,True,0,0.03866982460021973,{},False,,key3_placeholder_final_key_0.001,10,final_key,0.001,placeholder,3,0.0026178010471204
0.0,0.001,0.0,0.0,0.0,1677,34,True,True,0,0.03492307662963867,{},False,,key3_placeholder_final_key_0.001,11,final_key,0.001,placeholder,3,0.0026178010471204
0.0,0.001,0.0,0.0,0.0,1677,34,True,True,0,0.03184795379638672,{},False,,key3_placeholder_final_key_0.001,12,final_key,0.001,placeholder,3,0.0026178010471204
0.0,0.001,0.0,0.0,0.0,1677,34,True,True,0,0.03107619285583496,{},False,,key3_placeholder_final_key_0.001,13,final_key,0.001,placeholder,3,0.0026178010471204
0.0,0.001,0.0,0.0,0.002331681725444477,1677,34,False,False,839,0.03090500831604004,{},False,,key3_placeholder_final_key_0.001,14,final_key,0.001,placeholder,3,0.0026178010471204
0.0,0.001,0.0,0.0,0.0,1677,34,True,True,0,0.033399105072021484,{},False,,key3_placeholder_final_key_0.001,15,final_key,0.001,placeholder,3,0.0026178010471204
0.0,0.001,0.0,0.0,0.0,1677,34,True,True,0,0.03647017478942871,{},False,,key3_placeholder_final_key_0.001,16,final_key,0.001,placeholder,3,0.0026178010471204
0.0,0.001,0.0,0.0,0.0,1677,34,True,True,0,0.030037641525268555,{},False,,key3_placeholder_final_key_0.001,17,final_key,0.001,placeholder,3,0.0026178010471204
0.0,0.001,0.0,0.0,0.0,1677,34,True,True,0,0.034256935119628906,{},False,,key3_placeholder_final_key_0.001,18,final_key,0.001,placeholder,3,0.0026178010471204
0.0,0.001,0.0,0.0,0.0,1677,34,True,True,0,0.03279447555541992,{},False,,key3_placeholder_final_key_0.001,19,final_key,0.001,placeholder,3,0.0026178010471204
0.0,0.0,0.5,0.0,0.006995045176333431,1677,34,False,False,854,0.030061960220336914,{'reconciliation_state': 10},False,,key3_placeholder_reconciliation_0.5,0,reconciliation,0.5,placeholder,3,0.0026178010471204
0.0,0.0,0.5,0.0,0.004954823666569514,1677,34,False,False,825,0.03282642364501953,{'reconciliation_state': 7},False,,key3_placeholder_reconciliation_0.5,1,reconciliation,0.5,placeholder,3,0.0026178010471204
0.0,0.0,0.5,0.0,0.006995045176333431,1677,34,False,False,844,0.03030562400817871,{'reconciliation_state': 11},False,,key3_placeholder_reconciliation_0.5,2,reconciliation,0.5,placeholder,3,0.0026178010471204
0.0,0.0,0.5,0.0,0.00757796560769455,1677,34,False,False,861,0.02982163429260254,{'reconciliation_state': 6},False,,key3_placeholder_reconciliation_0.5,3,reconciliation,0.5,placeholder,3,0.0026178010471204
0.0,0.0,0.5,0.0,0.006995045176333431,1677,34,False,False,829,0.038079261779785156,{'reconciliation_state': 10},False,,key3_placeholder_reconciliation_0.5,4,reconciliation,0.5,placeholder,3,0.0026178010471204
0.0,0.0,0.5,0.0,0.006995045176333431,1677,34,False,False,829,0.02646470069885254,{'reconciliation_state': 7},False,,key3_placeholder_reconciliation_0.5,5,reconciliation,0.5,placeholder,3,0.0026178010471204
0.0,0.0,0.5,0.0,0.008452346254736228,1677,34,False,False,837,0.026256561279296875,{'reconciliation_state': 7},False,,key3_placeholder_reconciliation_0.5,6,reconciliation,0.5,placeholder,3,0.0026178010471204
0.0,0.0,0.5,0.0,0.006995045176333431,1677,34,False,False,851,0.040116071701049805,{'reconciliation_state': 16},False,,key3_placeholder_reconciliation_0.5,7,reconciliation,0.5,placeholder,3,0.0026178010471204
0.0,0.0,0.5,0.0,0.00816088603905567,1677,34,False,False,812,0.03142213821411133,{'reconciliation_state': 10},False,,key3_placeholder_reconciliation_0.5,8,reconciliation,0.5,placeholder,3,0.0026178010471204
0.0,0.0,0.5,0.0,0.0061206645292917515,1677,34,False,False,827,0.0360255241394043,{'reconciliation_state': 10},False,,key3_placeholder_reconciliation_0.5,9,reconciliation,0.5,placeholder,3,0.0026178010471204
0.0,0.0,0.5,0.0,0.006995045176333431,1677,34,False,False,847,0.037763357162475586,{'reconciliation_state': 12},False,,key3_placeholder_reconciliation_0.5,10,reconciliation,0.5,placeholder,3,0.0026178010471204
0.0,0.0,0.5,0.0,0.008743806470416789,1677,34,False,False,839,0.02478814125061035,{'reconciliation_state': 8},False,,key3_placeholder_reconciliation_0.5,11,reconciliation,0.5,placeholder,3,0.0026178010471204
0.0,0.0,0.5,0.0,0.005829204313611192,1677,34,False,False,834,0.0328521728515625,{'reconciliation_state': 13},False,,key3_placeholder_reconciliation_0.5,12,reconciliation,0.5,placeholder,3,0.0026178010471204
0.0,0.0,0.5,0.0,0.005829204313611192,1677,34,False,False,830,0.03625345230102539,{'reconciliation_state': 15},False,,key3_placeholder_reconciliation_0.5,13,reconciliation,0.5,placeholder,3,0.0026178010471204
0.0,0.0,0.5,0.0,0.00728650539201399,1677,34,False,False,809,0.03491520881652832,{'reconciliation_state': 14},False,,key3_placeholder_reconciliation_0.5,14,reconciliation,0.5,placeholder,3,0.0026178010471204
0.0,0.0,0.5,0.0,0.008452346254736228,1677,34,False,False,820,0.03431344032287598,{'reconciliation_state': 14},False,,key3_placeholder_reconciliation_0.5,15,reconciliation,0.5,placeholder,3,0.0026178010471204
0.0,0.0,0.5,0.0,0.006995045176333431,1677,34,False,False,812,0.030870676040649414,{'reconciliation_state': 11},False,,key3_placeholder_reconciliation_0.5,16,reconciliation,0.5,placeholder,3,0.0026178010471204
0.0,0.0,0.5,0.0,0.004663363450888954,1677,34,False,False,855,0.035956621170043945,{'reconciliation_state': 11},False,,key3_placeholder_reconciliation_0.5,17,reconciliation,0.5,placeholder,3,0.0026178010471204
0.0,0.0,0.5,0.0,0.005829204313611192,1677,34,False,False,829,0.0366513729095459,{'reconciliation_state': 12},False,,key3_placeholder_reconciliation_0.5,18,reconciliation,0.5,placeholder,3,0.0026178010471204
0.0,0.0,0.5,0.0,0.009326726901777908,1677,34,False,False,808,0.023821115493774414,{'reconciliation_state': 9},False,,key3_placeholder_reconciliation_0.5,19,reconciliation,0.5,placeholder,3,0.0026178010471204
0.0,0.0,0.3,0.0,0.004663363450888954,1677,34,False,False,861,0.03695845603942871,{'reconciliation_state': 12},False,,key3_placeholder_reconciliation_0.3,0,reconciliation,0.3,placeholder,3,0.0026178010471204
0.0,0.0,0.3,0.0,0.0034975225881667153,1677,34,False,False,846,0.037400007247924805,{'reconciliation_state': 8},False,,key3_placeholder_reconciliation_0.3,1,reconciliation,0.3,placeholder,3,0.0026178010471204
0.0,0.0,0.3,0.0,0.003788982803847275,1677,34,False,False,817,0.0337982177734375,{'reconciliation_state': 10},False,,key3_placeholder_reconciliation_0.3,2,reconciliation,0.3,placeholder,3,0.0026178010471204
0.0,0.0,0.3,0.0,0.002331681725444477,1677,34,False,False,850,0.047363996505737305,{'reconciliation_state': 7},False,,key3_placeholder_reconciliation_0.3,3,reconciliation,0.3,placeholder,3,0.0026178010471204
0.0,0.0,0.3,0.0,0.004080443019527835,1677,34,False,False,850,0.037863731384277344,{'reconciliation_state': 7},False,,key3_placeholder_reconciliation_0.3,4,reconciliation,0.3,placeholder,3,0.0026178010471204
0.0,0.0,0.3,0.0,0.004080443019527835,1677,34,False,False,819,0.030559301376342773,{'reconciliation_state': 8},False,,key3_placeholder_reconciliation_0.3,5,reconciliation,0.3,placeholder,3,0.0026178010471204
0.0,0.0,0.3,0.0,0.005537744097930632,1677,34,False,False,860,0.031096696853637695,{'reconciliation_state': 8},False,,key3_placeholder_reconciliation_0.3,6,reconciliation,0.3,placeholder,3,0.0026178010471204
0.0,0.0,0.3,0.0,0.0032060623724861556,1677,34,False,False,811,0.040651559829711914,{'reconciliation_state': 11},False,,key3_placeholder_reconciliation_0.3,7,reconciliation,0.3,placeholder,3,0.0026178010471204
0.0,0.0,0.3,0.0,0.004954823666569514,1677,34,False,False,843,0.03503894805908203,{'reconciliation_state': 9},False,,key3_placeholder_reconciliation_0.3,8,reconciliation,0.3,placeholder,3,0.0026178010471204
0.0,0.0,0.3,0.0,0.0032060623724861556,1677,34,False,False,792,0.03679680824279785,{'reconciliation_state': 8},False,,key3_placeholder_reconciliation_0.3,9,reconciliation,0.3,placeholder,3,0.0026178010471204
0.0,0.0,0.3,0.0,0.0061206645292917515,1677,34,False,False,855,0.036818504333496094,{'reconciliation_state': 10},False,,key3_placeholder_reconciliation_0.3,10,reconciliation,0.3,placeholder,3,0.0026178010471204
0.0,0.0,0.3,0.0,0.004371903235208394,1677,34,False,False,801,0.039752960205078125,{'reconciliation_state': 8},False,,key3_placeholder_reconciliation_0.3,11,reconciliation,0.3,placeholder,3,0.0026178010471204
0.0,0.0,0.3,0.0,0.005829204313611192,1677,34,False,False,876,0.0296323299407959,{'reconciliation_state': 8},False,,key3_placeholder_reconciliation_0.3,12,reconciliation,0.3,placeholder,3,0.0026178010471204
0.0,0.0,0.3,0.0,0.002331681725444477,1677,34,False,False,841,0.03754305839538574,{'reconciliation_state': 8},False,,key3_placeholder_reconciliation_0.3,13,reconciliation,0.3,placeholder,3,0.0026178010471204
0.0,0.0,0.3,0.0,0.005829204313611192,1677,34,False,False,841,0.0293118953704834,{'reconciliation_state': 10},False,,key3_placeholder_reconciliation_0.3,14,reconciliation,0.3,placeholder,3,0.0026178010471204
0.0,0.0,0.3,0.0,0.00728650539201399,1677,34,False,False,848,0.03363227844238281,{'reconciliation_state': 11},False,,key3_placeholder_reconciliation_0.3,15,reconciliation,0.3,placeholder,3,0.0026178010471204
0.0,0.0,0.3,0.0,0.005829204313611192,1677,34,False,False,871,0.03073716163635254,{'reconciliation_state': 7},False,,key3_placeholder_reconciliation_0.3,16,reconciliation,0.3,placeholder,3,0.0026178010471204
0.0,0.0,0.3,0.0,0.0034975225881667153,1677,34,False,False,837,0.03623700141906738,{'reconciliation_state': 9},False,,key3_placeholder_reconciliation_0.3,17,reconciliation,0.3,placeholder,3,0.0026178010471204
0.0,0.0,0.3,0.0,0.002914602156805596,1677,34,False,False,865,0.03622913360595703,{'reconciliation_state': 8},False,,key3_placeholder_reconciliation_0.3,18,reconciliation,0.3,placeholder,3,0.0026178010471204
0.0,0.0,0.3,0.0,0.0026231419411250363,1677,34,False,False,878,0.0399017333984375,{'reconciliation_state': 9},False,,key3_placeholder_reconciliation_0.3,19,reconciliation,0.3,placeholder,3,0.0026178010471204
0.0,0.0,0.1,0.0,0.0005829204313611193,1677,34,False,False,872,0.03813982009887695,{'reconciliation_state': 2},False,,key3_placeholder_reconciliation_0.1,0,reconciliation,0.1,placeholder,3,0.0026178010471204
0.0,0.0,0.1,0.0,0.001457301078402798,1677,34,False,False,867,0.03787851333618164,{'reconciliation_state': 3},False,,key3_placeholder_reconciliation_0.1,1,reconciliation,0.1,placeholder,3,0.0026178010471204
0.0,0.0,0.1,0.0,0.0017487612940833576,1677,34,False,False,870,0.03979015350341797,{'reconciliation_state': 6},False,,key3_placeholder_reconciliation_0.1,2,reconciliation,0.1,placeholder,3,0.0026178010471204
0.0,0.0,0.1,0.0,0.0002914602156805596,1677,34,False,False,858,0.033533334732055664,{'reconciliation_state': 1},False,,key3_placeholder_reconciliation_0.1,3,reconciliation,0.1,placeholder,3,0.0026178010471204
0.0,0.0,0.1,0.0,0.0008743806470416788,1677,34,False,False,825,0.03883099555969238,{'reconciliation_state': 3},False,,key3_placeholder_reconciliation_0.1,4,reconciliation,0.1,placeholder,3,0.0026178010471204
0.0,0.0,0.1,0.0,0.0017487612940833576,1677,34,False,False,860,0.03320765495300293,{'reconciliation_state': 6},False,,key3_placeholder_reconciliation_0.1,5,reconciliation,0.1,placeholder,3,0.0026178010471204
0.0,0.0,0.1,0.0,0.001457301078402798,1677,34,False,False,830,0.03959155082702637,{'reconciliation_state': 3},False,,key3_placeholder_reconciliation_0.1,6,reconciliation,0.1,placeholder,3,0.0026178010471204
0.0,0.0,0.1,0.0,0.0011658408627222385,1677,34,False,False,861,0.03684496879577637,{'reconciliation_state': 4},False,,key3_placeholder_reconciliation_0.1,7,reconciliation,0.1,placeholder,3,0.0026178010471204
0.0,0.0,0.1,0.0,0.0032060623724861556,1677,34,False,False,810,0.034964561462402344,{'reconciliation_state': 5},False,,key3_placeholder_reconciliation_0.1,8,reconciliation,0.1,placeholder,3,0.0026178010471204
0.0,0.0,0.1,0.0,0.0017487612940833576,1677,34,False,False,827,0.03936052322387695,{'reconciliation_state': 4},False,,key3_placeholder_reconciliation_0.1,9,reconciliation,0.1,placeholder,3,0.0026178010471204
0.0,0.0,0.1,0.0,0.006412124744972311,1677,34,False,False,865,0.022917747497558594,{'reconciliation_state': 2},False,,key3_placeholder_reconciliation_0.1,10,reconciliation,0.1,placeholder,3,0.0026178010471204
0.0,0.0,0.1,0.0,0.004080443019527835,1677,34,False,False,856,0.03599095344543457,{'reconciliation_state': 5},False,,key3_placeholder_reconciliation_0.1,11,reconciliation,0.1,placeholder,3,0.0026178010471204
0.0,0.0,0.1,0.0,0.002331681725444477,1677,34,False,False,809,0.02989482879638672,{'reconciliation_state': 3},False,,key3_placeholder_reconciliation_0.1,12,reconciliation,0.1,placeholder,3,0.0026178010471204
0.0,0.0,0.1,0.0,0.0020402215097639173,1677,34,False,False,844,0.03071737289428711,{'reconciliation_state': 2},False,,key3_placeholder_reconciliation_0.1,13,reconciliation,0.1,placeholder,3,0.0026178010471204
0.0,0.0,0.1,0.0,0.0008743806470416788,1677,34,False,False,828,0.037900447845458984,{'reconciliation_state': 3},False,,key3_placeholder_reconciliation_0.1,14,reconciliation,0.1,placeholder,3,0.0026178010471204
0.0,0.0,0.1,0.0,0.0008743806470416788,1677,34,False,False,832,0.032988786697387695,{'reconciliation_state': 3},False,,key3_placeholder_reconciliation_0.1,15,reconciliation,0.1,placeholder,3,0.0026178010471204
0.0,0.0,0.1,0.0,0.0017487612940833576,1677,34,False,False,850,0.040868282318115234,{'reconciliation_state': 6},False,,key3_placeholder_reconciliation_0.1,16,reconciliation,0.1,placeholder,3,0.0026178010471204
0.0,0.0,0.1,0.0,0.0011658408627222385,1677,34,False,False,869,0.035558223724365234,{'reconciliation_state': 4},False,,key3_placeholder_reconciliation_0.1,17,reconciliation,0.1,placeholder,3,0.0026178010471204
0.0,0.0,0.1,0.0,0.0005829204313611193,1677,34,False,False,864,0.039513587951660156,{'reconciliation_state': 2},False,,key3_placeholder_reconciliation_0.1,18,reconciliation,0.1,placeholder,3,0.0026178010471204
0.0,0.0,0.1,0.0,0.0005829204313611193,1677,34,False,False,862,0.03515338897705078,{'reconciliation_state': 2},False,,key3_placeholder_reconciliation_0.1,19,reconciliation,0.1,placeholder,3,0.0026178010471204
0.0,0.0,0.05,0.0,0.0002914602156805596,1677,34,False,False,818,0.03975558280944824,{'reconciliation_state': 1},False,,key3_placeholder_reconciliation_0.05,0,reconciliation,0.05,placeholder,3,0.0026178010471204
0.0,0.0,0.05,0.0,0.0005829204313611193,1677,34,False,False,823,0.03749561309814453,{'reconciliation_state': 2},False,,key3_placeholder_reconciliation_0.05,1,reconciliation,0.05,placeholder,3,0.0026178010471204
0.0,0.0,0.05,0.0,0.0002914602156805596,1677,34,False,False,808,0.03500199317932129,{'reconciliation_state': 1},False,,key3_placeholder_reconciliation_0.05,2,reconciliation,0.05,placeholder,3,0.0026178010471204
0.0,0.0,0.05,0.0,0.0,1677,34,True,True,0,0.035732269287109375,{},False,,key3_placeholder_reconciliation_0.05,3,reconciliation,0.05,placeholder,3,0.0026178010471204
0.0,0.0,0.05,0.0,0.0002914602156805596,1677,34,False,False,868,0.034241437911987305,{'reconciliation_state': 1},False,,key3_placeholder_reconciliation_0.05,4,reconciliation,0.05,placeholder,3,0.0026178010471204
0.0,0.0,0.05,0.0,0.0011658408627222385,1677,34,False,False,865,0.03704333305358887,{'reconciliation_state': 4},False,,key3_placeholder_reconciliation_0.05,5,reconciliation,0.05,placeholder,3,0.0026178010471204
0.0,0.0,0.05,0.0,0.0005829204313611193,1677,34,False,False,836,0.03689837455749512,{'reconciliation_state': 2},False,,key3_placeholder_reconciliation_0.05,6,reconciliation,0.05,placeholder,3,0.0026178010471204
0.0,0.0,0.05,0.0,0.0002914602156805596,1677,34,False,False,850,0.030936717987060547,{'reconciliation_state': 1},False,,key3_placeholder_reconciliation_0.05,7,reconciliation,0.05,placeholder,3,0.0026178010471204
0.0,0.0,0.05,0.0,0.0005829204313611193,1677,34,False,False,841,0.03315281867980957,{'reconciliation_state': 2},False,,key3_placeholder_reconciliation_0.05,8,reconciliation,0.05,placeholder,3,0.0026178010471204
0.0,0.0,0.05,0.0,0.0008743806470416788,1677,34,False,False,818,0.033052682876586914,{'reconciliation_state': 3},False,,key3_placeholder_reconciliation_0.05,9,reconciliation,0.05,placeholder,3,0.0026178010471204
0.0,0.0,0.05,0.0,0.0008743806470416788,1677,34,False,False,840,0.0390315055847168,{'reconciliation_state': 3},False,,key3_placeholder_reconciliation_0.05,10,reconciliation,0.05,placeholder,3,0.0026178010471204
0.0,0.0,0.05,0.0,0.0005829204313611193,1677,34,False,False,846,0.04039764404296875,{'reconciliation_state': 2},False,,key3_placeholder_reconciliation_0.05,11,reconciliation,0.05,placeholder,3,0.0026178010471204
0.0,0.0,0.05,0.0,0.0005829204313611193,1677,34,False,False,849,0.04604339599609375,{'reconciliation_state': 2},False,,key3_placeholder_reconciliation_0.05,12,reconciliation,0.05,placeholder,3,0.0026178010471204
0.0,0.0,0.05,0.0,0.0,1677,34,True,True,0,0.03104400634765625,{},False,,key3_placeholder_reconciliation_0.05,13,reconciliation,0.05,placeholder,3,0.0026178010471204
0.0,0.0,0.05,0.0,0.0011658408627222385,1677,34,False,False,828,0.034760236740112305,{'reconciliation_state': 2},False,,key3_placeholder_reconciliation_0.05,14,reconciliation,0.05,placeholder,3,0.0026178010471204
0.0,0.0,0.05,0.0,0.0005829204313611193,1677,34,False,False,833,0.040198564529418945,{'reconciliation_state': 2},False,,key3_placeholder_reconciliation_0.05,15,reconciliation,0.05,placeholder,3,0.0026178010471204
0.0,0.0,0.05,0.0,0.0008743806470416788,1677,34,False,False,889,0.038491010665893555,{'reconciliation_state': 3},False,,key3_placeholder_reconciliation_0.05,16,reconciliation,0.05,placeholder,3,0.0026178010471204
0.0,0.0,0.05,0.0,0.0011658408627222385,1677,34,False,False,847,0.03397011756896973,{'reconciliation_state': 3},False,,key3_placeholder_reconciliation_0.05,17,reconciliation,0.05,placeholder,3,0.0026178010471204
0.0,0.0,0.05,0.0,0.0005829204313611193,1677,34,False,False,830,0.03924894332885742,{'reconciliation_state': 2},False,,key3_placeholder_reconciliation_0.05,18,reconciliation,0.05,placeholder,3,0.0026178010471204
0.0,0.0,0.05,0.0,0.0002914602156805596,1677,34,False,False,843,0.04391002655029297,{'reconciliation_state': 1},False,,key3_placeholder_reconciliation_0.05,19,reconciliation,0.05,placeholder,3,0.0026178010471204
0.0,0.0,0.03,0.0,0.0002914602156805596,1677,34,False,False,830,0.033675193786621094,{'reconciliation_state': 1},False,,key3_placeholder_reconciliation_0.03,0,reconciliation,0.03,placeholder,3,0.0026178010471204
0.0,0.0,0.03,0.0,0.0,1677,34,True,True,0,0.036612749099731445,{},False,,key3_placeholder_reconciliation_0.03,1,reconciliation,0.03,placeholder,3,0.0026178010471204
0.0,0.0,0.03,0.0,0.0002914602156805596,1677,34,False,False,807,0.038610219955444336,{'reconciliation_state': 1},False,,key3_placeholder_reconciliation_0.03,2,reconciliation,0.03,placeholder,3,0.0026178010471204
0.0,0.0,0.03,0.0,0.0,1677,34,True,True,0,0.0324549674987793,{},False,,key3_placeholder_reconciliation_0.03,3,reconciliation,0.03,placeholder,3,0.0026178010471204
0.0,0.0,0.03,0.0,0.0002914602156805596,1677,34,False,False,804,0.03556323051452637,{'reconciliation_state': 1},False,,key3_placeholder_reconciliation_0.03,4,reconciliation,0.03,placeholder,3,0.0026178010471204
0.0,0.0,0.03,0.0,0.0005829204313611193,1677,34,False,False,868,0.03625941276550293,{'reconciliation_state': 2},False,,key3_placeholder_reconciliation_0.03,5,reconciliation,0.03,placeholder,3,0.0026178010471204
0.0,0.0,0.03,0.0,0.0002914602156805596,1677,34,False,False,846,0.04170870780944824,{'reconciliation_state': 1},False,,key3_placeholder_reconciliation_0.03,6,reconciliation,0.03,placeholder,3,0.0026178010471204
0.0,0.0,0.03,0.0,0.0,1677,34,True,True,0,0.029251575469970703,{},False,,key3_placeholder_reconciliation_0.03,7,reconciliation,0.03,placeholder,3,0.0026178010471204
0.0,0.0,0.03,0.0,0.0005829204313611193,1677,34,False,False,850,0.03565716743469238,{'reconciliation_state': 2},False,,key3_placeholder_reconciliation_0.03,8,reconciliation,0.03,placeholder,3,0.0026178010471204
0.0,0.0,0.03,0.0,0.0005829204313611193,1677,34,False,False,865,0.03251147270202637,{'reconciliation_state': 2},False,,key3_placeholder_reconciliation_0.03,9,reconciliation,0.03,placeholder,3,0.0026178010471204
0.0,0.0,0.03,0.0,0.0002914602156805596,1677,34,False,False,849,0.04226493835449219,{'reconciliation_state': 1},False,,key3_placeholder_reconciliation_0.03,10,reconciliation,0.03,placeholder,3,0.0026178010471204
0.0,0.0,0.03,0.0,0.0002914602156805596,1677,34,False,False,829,0.0379328727722168,{'reconciliation_state': 1},False,,key3_placeholder_reconciliation_0.03,11,reconciliation,0.03,placeholder,3,0.0026178010471204
0.0,0.0,0.03,0.0,0.0002914602156805596,1677,34,False,False,821,0.03537631034851074,{'reconciliation_state': 1},False,,key3_placeholder_reconciliation_0.03,12,reconciliation,0.03,placeholder,3,0.0026178010471204
0.0,0.0,0.03,0.0,0.0,1677,34,True,True,0,0.034391164779663086,{},False,,key3_placeholder_reconciliation_0.03,13,reconciliation,0.03,placeholder,3,0.0026178010471204
0.0,0.0,0.03,0.0,0.0002914602156805596,1677,34,False,False,828,0.05052828788757324,{'reconciliation_state': 1},False,,key3_placeholder_reconciliation_0.03,14,reconciliation,0.03,placeholder,3,0.0026178010471204
0.0,0.0,0.03,0.0,0.0005829204313611193,1677,34,False,False,834,0.05450129508972168,{'reconciliation_state': 2},False,,key3_placeholder_reconciliation_0.03,15,reconciliation,0.03,placeholder,3,0.0026178010471204
0.0,0.0,0.03,0.0,0.0008743806470416788,1677,34,False,False,814,0.05967235565185547,{'reconciliation_state': 3},False,,key3_placeholder_reconciliation_0.03,16,reconciliation,0.03,placeholder,3,0.0026178010471204
0.0,0.0,0.03,0.0,0.0011658408627222385,1677,34,False,False,836,0.03650474548339844,{'reconciliation_state': 3},False,,key3_placeholder_reconciliation_0.03,17,reconciliation,0.03,placeholder,3,0.0026178010471204
0.0,0.0,0.03,0.0,0.0005829204313611193,1677,34,False,False,829,0.05462002754211426,{'reconciliation_state': 2},False,,key3_placeholder_reconciliation_0.03,18,reconciliation,0.03,placeholder,3,0.0026178010471204
0.0,0.0,0.03,0.0,0.0002914602156805596,1677,34,False,False,888,0.0401158332824707,{'reconciliation_state': 1},False,,key3_placeholder_reconciliation_0.03,19,reconciliation,0.03,placeholder,3,0.0026178010471204
0.0,0.0,0.01,0.0,0.0,1677,34,True,True,0,0.03872227668762207,{},False,,key3_placeholder_reconciliation_0.01,0,reconciliation,0.01,placeholder,3,0.0026178010471204
0.0,0.0,0.01,0.0,0.0,1677,34,True,True,0,0.031086444854736328,{},False,,key3_placeholder_reconciliation_0.01,1,reconciliation,0.01,placeholder,3,0.0026178010471204
0.0,0.0,0.01,0.0,0.0002914602156805596,1677,34,False,False,832,0.047756195068359375,{'reconciliation_state': 1},False,,key3_placeholder_reconciliation_0.01,2,reconciliation,0.01,placeholder,3,0.0026178010471204
0.0,0.0,0.01,0.0,0.0,1677,34,True,True,0,0.03500676155090332,{},False,,key3_placeholder_reconciliation_0.01,3,reconciliation,0.01,placeholder,3,0.0026178010471204
0.0,0.0,0.01,0.0,0.0,1677,34,True,True,0,0.07461690902709961,{},False,,key3_placeholder_reconciliation_0.01,4,reconciliation,0.01,placeholder,3,0.0026178010471204
0.0,0.0,0.01,0.0,0.0,1677,34,True,True,0,0.03812980651855469,{},False,,key3_placeholder_reconciliation_0.01,5,reconciliation,0.01,placeholder,3,0.0026178010471204
0.0,0.0,0.01,0.0,0.0005829204313611193,1677,34,False,False,814,0.029486656188964844,{},False,,key3_placeholder_reconciliation_0.01,6,reconciliation,0.01,placeholder,3,0.0026178010471204
0.0,0.0,0.01,0.0,0.0,1677,34,True,True,0,0.028118610382080078,{},False,,key3_placeholder_reconciliation_0.01,7,reconciliation,0.01,placeholder,3,0.0026178010471204
0.0,0.0,0.01,0.0,0.0002914602156805596,1677,34,False,False,842,0.045900821685791016,{'reconciliation_state': 1},False,,key3_placeholder_reconciliation_0.01,8,reconciliation,0.01,placeholder,3,0.0026178010471204
0.0,0.0,0.01,0.0,0.0,1677,34,True,True,0,0.03727102279663086,{},False,,key3_placeholder_reconciliation_0.01,9,reconciliation,0.01,placeholder,3,0.0026178010471204
0.0,0.0,0.01,0.0,0.0,1677,34,True,True,0,0.0476689338684082,{},False,,key3_placeholder_reconciliation_0.01,10,reconciliation,0.01,placeholder,3,0.0026178010471204
0.0,0.0,0.01,0.0,0.0,1677,34,True,True,0,0.04072093963623047,{},False,,key3_placeholder_reconciliation_0.01,11,reconciliation,0.01,placeholder,3,0.0026178010471204
0.0,0.0,0.01,0.0,0.0,1677,34,True,True,0,0.033823490142822266,{},False,,key3_placeholder_reconciliation_0.01,12,reconciliation,0.01,placeholder,3,0.0026178010471204
0.0,0.0,0.01,0.0,0.0,1677,34,True,True,0,0.04056215286254883,{},False,,key3_placeholder_reconciliation_0.01,13,reconciliation,0.01,placeholder,3,0.0026178010471204
0.0,0.0,0.01,0.0,0.0002914602156805596,1677,34,False,False,817,0.05358004570007324,{'reconciliation_state': 1},False,,key3_placeholder_reconciliation_0.01,14,reconciliation,0.01,placeholder,3,0.0026178010471204
0.0,0.0,0.01,0.0,0.0002914602156805596,1677,34,False,False,866,0.04528331756591797,{'reconciliation_state': 1},False,,key3_placeholder_reconciliation_0.01,15,reconciliation,0.01,placeholder,3,0.0026178010471204
0.0,0.0,0.01,0.0,0.0002914602156805596,1677,34,False,False,851,0.037863969802856445,{'reconciliation_state': 1},False,,key3_placeholder_reconciliation_0.01,16,reconciliation,0.01,placeholder,3,0.0026178010471204
0.0,0.0,0.01,0.0,0.0,1677,34,True,True,0,0.029539108276367188,{},False,,key3_placeholder_reconciliation_0.01,17,reconciliation,0.01,placeholder,3,0.0026178010471204
0.0,0.0,0.01,0.0,0.0,1677,34,True,True,0,0.03298521041870117,{},False,,key3_placeholder_reconciliation_0.01,18,reconciliation,0.01,placeholder,3,0.0026178010471204
0.0,0.0,0.01,0.0,0.0,1677,34,True,True,0,0.05053067207336426,{},False,,key3_placeholder_reconciliation_0.01,19,reconciliation,0.01,placeholder,3,0.0026178010471204
0.0,0.0,0.003,0.0,0.0,1677,34,True,True,0,0.04112410545349121,{},False,,key3_placeholder_reconciliation_0.003,0,reconciliation,0.003,placeholder,3,0.0026178010471204
0.0,0.0,0.003,0.0,0.0,1677,34,True,True,0,0.0472712516784668,{},False,,key3_placeholder_reconciliation_0.003,1,reconciliation,0.003,placeholder,3,0.0026178010471204
0.0,0.0,0.003,0.0,0.0,1677,34,True,True,0,0.02944159507751465,{},False,,key3_placeholder_reconciliation_0.003,2,reconciliation,0.003,placeholder,3,0.0026178010471204
0.0,0.0,0.003,0.0,0.0,1677,34,True,True,0,0.03431892395019531,{},False,,key3_placeholder_reconciliation_0.003,3,reconciliation,0.003,placeholder,3,0.0026178010471204
0.0,0.0,0.003,0.0,0.0,1677,34,True,True,0,0.0410304069519043,{},False,,key3_placeholder_reconciliation_0.003,4,reconciliation,0.003,placeholder,3,0.0026178010471204
0.0,0.0,0.003,0.0,0.0,1677,34,True,True,0,0.029505491256713867,{},False,,key3_placeholder_reconciliation_0.003,5,reconciliation,0.003,placeholder,3,0.0026178010471204
0.0,0.0,0.003,0.0,0.0005829204313611193,1677,34,False,False,858,0.029101133346557617,{},False,,key3_placeholder_reconciliation_0.003,6,reconciliation,0.003,placeholder,3,0.0026178010471204
0.0,0.0,0.003,0.0,0.0,1677,34,True,True,0,0.033659934997558594,{},False,,key3_placeholder_reconciliation_0.003,7,reconciliation,0.003,placeholder,3,0.0026178010471204
0.0,0.0,0.003,0.0,0.0017487612940833576,1677,34,False,False,813,0.02719426155090332,{},False,,key3_placeholder_reconciliation_0.003,8,reconciliation,0.003,placeholder,3,0.0026178010471204
0.0,0.0,0.003,0.0,0.0,1677,34,True,True,0,0.06312322616577148,{},False,,key3_placeholder_reconciliation_0.003,9,reconciliation,0.003,placeholder,3,0.0026178010471204
0.0,0.0,0.003,0.0,0.0,1677,34,True,True,0,0.037656307220458984,{},False,,key3_placeholder_reconciliation_0.003,10,reconciliation,0.003,placeholder,3,0.0026178010471204
0.0,0.0,0.003,0.0,0.0,1677,34,True,True,0,0.034191131591796875,{},False,,key3_placeholder_reconciliation_0.003,11,reconciliation,0.003,placeholder,3,0.0026178010471204
0.0,0.0,0.003,0.0,0.0,1677,34,True,True,0,0.02994561195373535,{},False,,key3_placeholder_reconciliation_0.003,12,reconciliation,0.003,placeholder,3,0.0026178010471204
0.0,0.0,0.003,0.0,0.0,1677,34,True,True,0,0.03043842315673828,{},False,,key3_placeholder_reconciliation_0.003,13,reconciliation,0.003,placeholder,3,0.0026178010471204
0.0,0.0,0.003,0.0,0.002331681725444477,1677,34,False,False,859,0.02605915069580078,{},False,,key3_placeholder_reconciliation_0.003,14,reconciliation,0.003,placeholder,3,0.0026178010471204
0.0,0.0,0.003,0.0,0.0,1677,34,True,True,0,0.03369569778442383,{},False,,key3_placeholder_reconciliation_0.003,15,reconciliation,0.003,placeholder,3,0.0026178010471204
0.0,0.0,0.003,0.0,0.0002914602156805596,1677,34,False,False,844,0.036711931228637695,{'reconciliation_state': 1},False,,key3_placeholder_reconciliation_0.003,16,reconciliation,0.003,placeholder,3,0.0026178010471204
0.0,0.0,0.003,0.0,0.0,1677,34,True,True,0,0.027474164962768555,{},False,,key3_placeholder_reconciliation_0.003,17,reconciliation,0.003,placeholder,3,0.0026178010471204
0.0,0.0,0.003,0.0,0.0,1677,34,True,True,0,0.032242774963378906,{},False,,key3_placeholder_reconciliation_0.003,18,reconciliation,0.003,placeholder,3,0.0026178010471204
0.0,0.0,0.003,0.0,0.0,1677,34,True,True,0,0.031343936920166016,{},False,,key3_placeholder_reconciliation_0.003,19,reconciliation,0.003,placeholder,3,0.0026178010471204
0.0,0.0,0.001,0.0,0.0,1677,34,True,True,0,0.052597761154174805,{},False,,key3_placeholder_reconciliation_0.001,0,reconciliation,0.001,placeholder,3,0.0026178010471204
0.0,0.0,0.001,0.0,0.0,1677,34,True,True,0,0.030196428298950195,{},False,,key3_placeholder_reconciliation_0.001,1,reconciliation,0.001,placeholder,3,0.0026178010471204
0.0,0.0,0.001,0.0,0.0,1677,34,True,True,0,0.02998495101928711,{},False,,key3_placeholder_reconciliation_0.001,2,reconciliation,0.001,placeholder,3,0.0026178010471204
0.0,0.0,0.001,0.0,0.0,1677,34,True,True,0,0.03167605400085449,{},False,,key3_placeholder_reconciliation_0.001,3,reconciliation,0.001,placeholder,3,0.0026178010471204
0.0,0.0,0.001,0.0,0.0,1677,34,True,True,0,0.03110194206237793,{},False,,key3_placeholder_reconciliation_0.001,4,reconciliation,0.001,placeholder,3,0.0026178010471204
0.0,0.0,0.001,0.0,0.0,1677,34,True,True,0,0.029054641723632812,{},False,,key3_placeholder_reconciliation_0.001,5,reconciliation,0.001,placeholder,3,0.0026178010471204
0.0,0.0,0.001,0.0,0.0005829204313611193,1677,34,False,False,872,0.02865767478942871,{},False,,key3_placeholder_reconciliation_0.001,6,reconciliation,0.001,placeholder,3,0.0026178010471204
0.0,0.0,0.001,0.0,0.0,1677,34,True,True,0,0.029311656951904297,{},False,,key3_placeholder_reconciliation_0.001,7,reconciliation,0.001,placeholder,3,0.0026178010471204
0.0,0.0,0.001,0.0,0.0017487612940833576,1677,34,False,False,839,0.025469541549682617,{},False,,key3_placeholder_reconciliation_0.001,8,reconciliation,0.001,placeholder,3,0.0026178010471204
0.0,0.0,0.001,0.0,0.0,1677,34,True,True,0,0.03550982475280762,{},False,,key3_placeholder_reconciliation_0.001,9,reconciliation,0.001,placeholder,3,0.0026178010471204
0.0,0.0,0.001,0.0,0.0,1677,34,True,True,0,0.03841114044189453,{},False,,key3_placeholder_reconciliation_0.001,10,reconciliation,0.001,placeholder,3,0.0026178010471204
0.0,0.0,0.001,0.0,0.0,1677,34,True,True,0,0.032828569412231445,{},False,,key3_placeholder_reconciliation_0.001,11,reconciliation,0.001,placeholder,3,0.0026178010471204
0.0,0.0,0.001,0.0,0.0,1677,34,True,True,0,0.0302579402923584,{},False,,key3_placeholder_reconciliation_0.001,12,reconciliation,0.001,placeholder,3,0.0026178010471204
0.0,0.0,0.001,0.0,0.0,1677,34,True,True,0,0.02912616729736328,{},False,,key3_placeholder_reconciliation_0.001,13,reconciliation,0.001,placeholder,3,0.0026178010471204
0.0,0.0,0.001,0.0,0.002331681725444477,1677,34,False,False,852,0.026972055435180664,{},False,,key3_placeholder_reconciliation_0.001,14,reconciliation,0.001,placeholder,3,0.0026178010471204
0.0,0.0,0.001,0.0,0.0,1677,34,True,True,0,0.030313491821289062,{},False,,key3_placeholder_reconciliation_0.001,15,reconciliation,0.001,placeholder,3,0.0026178010471204
0.0,0.0,0.001,0.0,0.0,1677,34,True,True,0,0.03511691093444824,{},False,,key3_placeholder_reconciliation_0.001,16,reconciliation,0.001,placeholder,3,0.0026178010471204
0.0,0.0,0.001,0.0,0.0,1677,34,True,True,0,0.02692270278930664,{},False,,key3_placeholder_reconciliation_0.001,17,reconciliation,0.001,placeholder,3,0.0026178010471204
0.0,0.0,0.001,0.0,0.0,1677,34,True,True,0,0.03348541259765625,{},False,,key3_placeholder_reconciliation_0.001,18,reconciliation,0.001,placeholder,3,0.0026178010471204
0.0,0.0,0.001,0.0,0.0,1677,34,True,True,0,0.03623843193054199,{},False,,key3_placeholder_reconciliation_0.001,19,reconciliation,0.001,placeholder,3,0.0026178010471204
0.5,0.0,0.0,0.0,0.0,3131,34,True,False,1,0.024052143096923828,{'toeplitz_matrix': 1},False,,key4_asymptotic_toeplitz_0.5,0,toeplitz,0.5,asymptotic,4,0.0051948051948051
0.5,0.0,0.0,0.0,0.0,3131,34,True,True,0,0.02541184425354004,{},False,,key4_asymptotic_toeplitz_0.5,1,toeplitz,0.5,asymptotic,4,0.0051948051948051
0.5,0.0,0.0,0.0,0.0,3131,34,True,True,0,0.0321047306060791,{},False,,key4_asymptotic_toeplitz_0.5,2,toeplitz,0.5,asymptotic,4,0.0051948051948051
0.5,0.0,0.0,0.0,0.0,3131,34,True,True,0,0.024154186248779297,{},False,,key4_asymptotic_toeplitz_0.5,3,toeplitz,0.5,asymptotic,4,0.0051948051948051
0.5,0.0,0.0,0.0,0.0,3131,34,True,True,0,0.024558305740356445,{},False,,key4_asymptotic_toeplitz_0.5,4,toeplitz,0.5,asymptotic,4,0.0051948051948051
0.5,0.0,0.0,0.0,0.0,3131,34,True,True,0,0.027353763580322266,{},False,,key4_asymptotic_toeplitz_0.5,5,toeplitz,0.5,asymptotic,4,0.0051948051948051
0.5,0.0,0.0,0.0,0.0,3131,34,True,True,0,0.024600744247436523,{'toeplitz_matrix': 1},False,,key4_asymptotic_toeplitz_0.5,6,toeplitz,0.5,asymptotic,4,0.0051948051948051
0.5,0.0,0.0,0.0,0.0,3131,34,True,False,1,0.024926424026489258,{'toeplitz_matrix': 1},False,,key4_asymptotic_toeplitz_0.5,7,toeplitz,0.5,asymptotic,4,0.0051948051948051
0.5,0.0,0.0,0.0,0.0,3131,34,True,True,0,0.024141550064086914,{},False,,key4_asymptotic_toeplitz_0.5,8,toeplitz,0.5,asymptotic,4,0.0051948051948051
0.5,0.0,0.0,0.0,0.0,3131,34,True,False,1,0.026384830474853516,{'toeplitz_matrix': 1},False,,key4_asymptotic_toeplitz_0.5,9,toeplitz,0.5,asymptotic,4,0.0051948051948051
0.5,0.0,0.0,0.0,0.0,3131,34,True,False,1,0.02800917625427246,{'toeplitz_matrix': 1},False,,key4_asymptotic_toeplitz_0.5,10,toeplitz,0.5,asymptotic,4,0.0051948051948051
0.5,0.0,0.0,0.0,0.0,3131,34,True,True,0,0.02651238441467285,{},False,,key4_asymptotic_toeplitz_0.5,11,toeplitz,0.5,asymptotic,4,0.0051948051948051
0.5,0.0,0.0,0.0,0.0,3131,34,True,True,0,0.02397942543029785,{},False,,key4_asymptotic_toeplitz_0.5,12,toeplitz,0.5,asymptotic,4,0.0051948051948051
0.5,0.0,0.0,0.0,0.0,3131,34,True,True,0,0.03478646278381348,{},False,,key4_asymptotic_toeplitz_0.5,13,toeplitz,0.5,asymptotic,4,0.0051948051948051
0.5,0.0,0.0,0.0,0.0005787037037037037,3131,34,False,False,1554,0.024904251098632812,{'toeplitz_matrix': 1},False,,key4_asymptotic_toeplitz_0.5,14,toeplitz,0.5,asymptotic,4,0.0051948051948051
0.5,0.0,0.0,0.0,0.0,3131,34,True,True,0,0.027701854705810547,{'toeplitz_matrix': 1},False,,key4_asymptotic_toeplitz_0.5,15,toeplitz,0.5,asymptotic,4,0.0051948051948051
0.5,0.0,0.0,0.0,0.0,3131,34,True,True,0,0.02933526039123535,{},False,,key4_asymptotic_toeplitz_0.5,16,toeplitz,0.5,asymptotic,4,0.0051948051948051
0.5,0.0,0.0,0.0,0.0,3131,34,True,True,0,0.02500319480895996,{},False,,key4_asymptotic_toeplitz_0.5,17,toeplitz,0.5,asymptotic,4,0.0051948051948051
0.5,0.0,0.0,0.0,0.0,3131,34,True,True,0,0.025856971740722656,{},False,,key4_asymptotic_toeplitz_0.5,18,toeplitz,0.5,asymptotic,4,0.0051948051948051
0.5,0.0,0.0,0.0,0.0,3131,34,True,False,1,0.025941848754882812,{'toeplitz_matrix': 1},False,,key4_asymptotic_toeplitz_0.5,19,toeplitz,0.5,asymptotic,4,0.0051948051948051
0.3,0.0,0.0,0.0,0.0,3131,34,True,False,1,0.023866891860961914,{'toeplitz_matrix': 1},False,,key4_asymptotic_toeplitz_0.3,0,toeplitz,0.3,asymptotic,4,0.0051948051948051
0.3,0.0,0.0,0.0,0.0,3131,34,True,True,0,0.023903369903564453,{},False,,key4_asymptotic_toeplitz_0.3,1,toeplitz,0.3,asymptotic,4,0.0051948051948051
0.3,0.0,0.0,0.0,0.0,3131,34,True,True,0,0.027904748916625977,{},False,,key4_asymptotic_toeplitz_0.3,2,toeplitz,0.3,asymptotic,4,0.0051948051948051
0.3,0.0,0.0,0.0,0.0,3131,34,True,True,0,0.023282527923583984,{},False,,key4_asymptotic_toeplitz_0.3,3,toeplitz,0.3,asymptotic,4,0.0051948051948051
0.3,0.0,0.0,0.0,0.0,3131,34,True,True,0,0.0247955322265625,{},False,,key4_asymptotic_toeplitz_0.3,4,toeplitz,0.3,asymptotic,4,0.0051948051948051
0.3,0.0,0.0,0.0,0.0,3131,34,True,True,0,0.029248714447021484,{},False,,key4_asymptotic_toeplitz_0.3,5,toeplitz,0.3,asymptotic,4,0.0051948051948051
0.3,0.0,0.0,0.0,0.0,3131,34,True,True,0,0.024489402770996094,{'toeplitz_matrix': 1},False,,key4_asymptotic_toeplitz_0.3,6,toeplitz,0.3,asymptotic,4,0.0051948051948051
0.3,0.0,0.0,0.0,0.0,3131,34,True,False,1,0.02396106719970703,{'toeplitz_matrix': 1},False,,key4_asymptotic_toeplitz_0.3,7,toeplitz,0.3,asymptotic,4,0.0051948051948051
0.3,0.0,0.0,0.0,0.0,3131,34,True,True,0,0.023583650588989258,{},False,,key4_asymptotic_toeplitz_0.3,8,toeplitz,0.3,asymptotic,4,0.0051948051948051
0.3,0.0,0.0,0.0,0.0,3131,34,True,False,1,0.024063825607299805,{'toeplitz_matrix': 1},False,,key4_asymptotic_toeplitz_0.3,9,toeplitz,0.3,asymptotic,4,0.0051948051948051
0.3,0.0,0.0,0.0,0.0,3131,34,True,False,1,0.02770376205444336,{'toeplitz_matrix': 1},False,,key4_asymptotic_toeplitz_0.3,10,toeplitz,0.3,asymptotic,4,0.0051948051948051
0.3,0.0,0.0,0.0,0.0,3131,34,True,True,0,0.023444175720214844,{},False,,key4_asymptotic_toeplitz_0.3,11,toeplitz,0.3,asymptotic,4,0.0051948051948051
0.3,0.0,0.0,0.0,0.0,3131,34,True,True,0,0.023701190948486328,{},False,,key4_asymptotic_toeplitz_0.3,12,toeplitz,0.3,asymptotic,4,0.0051948051948051
0.3,0.0,0.0,0.0,0.0,3131,34,True,True,0,0.02679443359375,{},False,,key4_asymptotic_toeplitz_0.3,13,toeplitz,0.3,asymptotic,4,0.0051948051948051
0.3,0.0,0.0,0.0,0.0005787037037037037,3131,34,False,False,1543,0.02522420883178711,{},False,,key4_asymptotic_toeplitz_0.3,14,toeplitz,0.3,asymptotic,4,0.0051948051948051
0.3,0.0,0.0,0.0,0.0,3131,34,True,True,0,0.027364492416381836,{'toeplitz_matrix': 1},False,,key4_asymptotic_toeplitz_0.3,15,toeplitz,0.3,asymptotic,4,0.0051948051948051
0.3,0.0,0.0,0.0,0.0,3131,34,True,True,0,0.02749490737915039,{},False,,key4_asymptotic_toeplitz_0.3,16,toeplitz,0.3,asymptotic,4,0.0051948051948051
0.3,0.0,0.0,0.0,0.0,3131,34,True,True,0,0.02853989601135254,{},False,,key4_asymptotic_toeplitz_0.3,17,toeplitz,0.3,asymptotic,4,0.0051948051948051
0.3,0.0,0.0,0.0,0.0,3131,34,True,True,0,0.02530074119567871,{},False,,key4_asymptotic_toeplitz_0.3,18,toeplitz,0.3,asymptotic,4,0.0051948051948051
0.3,0.0,0.0,0.0,0.0,3131,34,True,True,0,0.025438308715820312,{},False,,key4_asymptotic_toeplitz_0.3,19,toeplitz,0.3,asymptotic,4,0.0051948051948051
0.1,0.0,0.0,0.0,0.0,3131,34,True,True,0,0.0269620418548584,{},False,,key4_asymptotic_toeplitz_0.1,0,toeplitz,0.1,asymptotic,4,0.0051948051948051
0.1,0.0,0.0,0.0,0.0,3131,34,True,True,0,0.02458024024963379,{},False,,key4_asymptotic_toeplitz_0.1,1,toeplitz,0.1,asymptotic,4,0.0051948051948051
0.1,0.0,0.0,0.0,0.0,3131,34,True,True,0,0.02946019172668457,{},False,,key4_asymptotic_toeplitz_0.1,2,toeplitz,0.1,asymptotic,4,0.0051948051948051
0.1,0.0,0.0,0.0,0.0,3131,34,True,True,0,0.026287078857421875,{},False,,key4_asymptotic_toeplitz_0.1,3,toeplitz,0.1,asymptotic,4,0.0051948051948051
0.1,0.0,0.0,0.0,0.0,3131,34,True,True,0,0.028609752655029297,{},False,,key4_asymptotic_toeplitz_0.1,4,toeplitz,0.1,asymptotic,4,0.0051948051948051
0.1,0.0,0.0,0.0,0.0,3131,34,True,True,0,0.028218746185302734,{},False,,key4_asymptotic_toeplitz_0.1,5,toeplitz,0.1,asymptotic,4,0.0051948051948051
0.1,0.0,0.0,0.0,0.0,3131,34,True,True,0,0.02589583396911621,{'toeplitz_matrix': 1},False,,key4_asymptotic_toeplitz_0.1,6,toeplitz,0.1,asymptotic,4,0.0051948051948051
0.1,0.0,0.0,0.0,0.0,3131,34,True,False,1,0.023784399032592773,{'toeplitz_matrix': 1},False,,key4_asymptotic_toeplitz_0.1,7,toeplitz,0.1,asymptotic,4,0.0051948051948051
0.1,0.0,0.0,0.0,0.0,3131,34,True,True,0,0.02373647689819336,{},False,,key4_asymptotic_toeplitz_0.1,8,toeplitz,0.1,asymptotic,4,0.0051948051948051
0.1,0.0,0.0,0.0,0.0,3131,34,True,False,1,0.0249178409576416,{'toeplitz_matrix': 1},False,,key4_asymptotic_toeplitz_0.1,9,toeplitz,0.1,asymptotic,4,0.0051948051948051
0.1,0.0,0.0,0.0,0.0,3131,34,True,True,0,0.030103445053100586,{},False,,key4_asymptotic_toeplitz_0.1,10,toeplitz,0.1,asymptotic,4,0.0051948051948051
0.1,0.0,0.0,0.0,0.0,3131,34,True,True,0,0.024321794509887695,{},False,,key4_asymptotic_toeplitz_0.1,11,toeplitz,0.1,asymptotic,4,0.0051948051948051
0.1,0.0,0.0,0.0,0.0,3131,34,True,True,0,0.02418351173400879,{},False,,key4_asymptotic_toeplitz_0.1,12,toeplitz,0.1,asymptotic,4,0.0051948051948051
0.1,0.0,0.0,0.0,0.0,3131,34,True,True,0,0.027119159698486328,{},False,,key4_asymptotic_toeplitz_0.1,13,toeplitz,0.1,asymptotic,4,0.0051948051948051
0.1,0.0,0.0,0.0,0.0005787037037037037,3131,34,False,False,1531,0.02365851402282715,{},False,,key4_asymptotic_toeplitz_0.1,14,toeplitz,0.1,asymptotic,4,0.0051948051948051
0.1,0.0,0.0,0.0,0.0,3131,34,True,True,0,0.029445409774780273,{},False,,key4_asymptotic_toeplitz_0.1,15,toeplitz,0.1,asymptotic,4,0.0051948051948051
0.1,0.0,0.0,0.0,0.0,3131,34,True,True,0,0.027138948440551758,{},False,,key4_asymptotic_toeplitz_0.1,16,toeplitz,0.1,asymptotic,4,0.0051948051948051
0.1,0.0,0.0,0.0,0.0,3131,34,True,True,0,0.023061752319335938,{},False,,key4_asymptotic_toeplitz_0.1,17,toeplitz,0.1,asymptotic,4,0.0051948051948051
0.1,0.0,0.0,0.0,0.0,3131,34,True,True,0,0.02606034278869629,{},False,,key4_asymptotic_toeplitz_0.1,18,toeplitz,0.1,asymptotic,4,0.0051948051948051
0.1,0.0,0.0,0.0,0.0,3131,34,True,True,0,0.026389360427856445,{},False,,key4_asymptotic_toeplitz_0.1,19,toeplitz,0.1,asymptotic,4,0.0051948051948051
0.05,0.0,0.0,0.0,0.0,3131,34,True,True,0,0.02426934242248535,{},False,,key4_asymptotic_toeplitz_0.05,0,toeplitz,0.05,asymptotic,4,0.0051948051948051
0.05,0.0,0.0,0.0,0.0,3131,34,True,True,0,0.023318767547607422,{},False,,key4_asymptotic_toeplitz_0.05,1,toeplitz,0.05,asymptotic,4,0.0051948051948051
0.05,0.0,0.0,0.0,0.0,3131,34,True,True,0,0.02788519859313965,{},False,,key4_asymptotic_toeplitz_0.05,2,toeplitz,0.05,asymptotic,4,0.0051948051948051
0.05,0.0,0.0,0.0,0.0,3131,34,True,True,0,0.023882389068603516,{},False,,key4_asymptotic_toeplitz_0.05,3,toeplitz,0.05,asymptotic,4,0.0051948051948051
0.05,0.0,0.0,0.0,0.0,3131,34,True,True,0,0.024903059005737305,{},False,,key4_asymptotic_toeplitz_0.05,4,toeplitz,0.05,asymptotic,4,0.0051948051948051
0.05,0.0,0.0,0.0,0.0,3131,34,True,True,0,0.0282437801361084,{},False,,key4_asymptotic_toeplitz_0.05,5,toeplitz,0.05,asymptotic,4,0.0051948051948051
0.05,0.0,0.0,0.0,0.0,3131,34,True,True,0,0.025609970092773438,{'toeplitz_matrix': 1},False,,key4_asymptotic_toeplitz_0.05,6,toeplitz,0.05,asymptotic,4,0.0051948051948051
0.05,0.0,0.0,0.0,0.0,3131,34,True,False,1,0.024936914443969727,{'toeplitz_matrix': 1},False,,key4_asymptotic_toeplitz_0.05,7,toeplitz,0.05,asymptotic,4,0.0051948051948051
0.05,0.0,0.0,0.0,0.0,3131,34,True,True,0,0.025595903396606445,{},False,,key4_asymptotic_toeplitz_0.05,8,toeplitz,0.05,asymptotic,4,0.0051948051948051
0.05,0.0,0.0,0.0,0.0,3131,34,True,False,1,0.024764537811279297,{'toeplitz_matrix': 1},False,,key4_asymptotic_toeplitz_0.05,9,toeplitz,0.05,asymptotic,4,0.0051948051948051
0.05,0.0,0.0,0.0,0.0,3131,34,True,True,0,0.027266502380371094,{},False,,key4_asymptotic_toeplitz_0.05,10,toeplitz,0.05,asymptotic,4,0.0051948051948051
0.05,0.0,0.0,0.0,0.0,3131,34,True,True,0,0.024133682250976562,{},False,,key4_asymptotic_toeplitz_0.05,11,toeplitz,0.05,asymptotic,4,0.0051948051948051
0.05,0.0,0.0,0.0,0.0,3131,34,True,True,0,0.024919748306274414,{},False,,key4_asymptotic_toeplitz_0.05,12,toeplitz,0.05,asymptotic,4,0.0051948051948051
0.05,0.0,0.0,0.0,0.0,3131,34,True,True,0,0.027937889099121094,{},False,,key4_asymptotic_toeplitz_0.05,13,toeplitz,0.05,asymptotic,4,0.0051948051948051
0.05,0.0,0.0,0.0,0.0005787037037037037,3131,34,False,False,1570,0.02565741539001465,{},False,,key4_asymptotic_toeplitz_0.05,14,toeplitz,0.05,asymptotic,4,0.0051948051948051
0.05,0.0,0.0,0.0,0.0,3131,34,True,True,0,0.03270101547241211,{},False,,key4_asymptotic_toeplitz_0.05,15,toeplitz,0.05,asymptotic,4,0.0051948051948051
0.05,0.0,0.0,0.0,0.0,3131,34,True,True,0,0.027651548385620117,{},False,,key4_asymptotic_toeplitz_0.05,16,toeplitz,0.05,asymptotic,4,0.0051948051948051
0.05,0.0,0.0,0.0,0.0,3131,34,True,True,0,0.02336907386779785,{},False,,key4_asymptotic_toeplitz_0.05,17,toeplitz,0.05,asymptotic,4,0.0051948051948051
0.05,0.0,0.0,0.0,0.0,3131,34,True,True,0,0.02515578269958496,{},False,,key4_asymptotic_toeplitz_0.05,18,toeplitz,0.05,asymptotic,4,0.0051948051948051
0.05,0.0,0.0,0.0,0.0,3131,34,True,True,0,0.026206493377685547,{},False,,key4_asymptotic_toeplitz_0.05,19,toeplitz,0.05,asymptotic,4,0.0051948051948051
0.03,0.0,0.0,0.0,0.0,3131,34,True,True,0,0.02457714080810547,{},False,,key4_asymptotic_toeplitz_0.03,0,toeplitz,0.03,asymptotic,4,0.0051948051948051
0.03,0.0,0.0,0.0,0.0,3131,34,True,True,0,0.027466297149658203,{},False,,key4_asymptotic_toeplitz_0.03,1,toeplitz,0.03,asymptotic,4,0.0051948051948051
0.03,0.0,0.0,0.0,0.0,3131,34,True,True,0,0.02981114387512207,{},False,,key4_asymptotic_toeplitz_0.03,2,toeplitz,0.03,asymptotic,4,0.0051948051948051
0.03,0.0,0.0,0.0,0.0,3131,34,True,True,0,0.024198293685913086,{},False,,key4_asymptotic_toeplitz_0.03,3,toeplitz,0.03,asymptotic,4,0.0051948051948051
0.03,0.0,0.0,0.0,0.0,3131,34,True,True,0,0.025048017501831055,{},False,,key4_asymptotic_toeplitz_0.03,4,toeplitz,0.03,asymptotic,4,0.0051948051948051
0.03,0.0,0.0,0.0,0.0,3131,34,True,True,0,0.02744150161743164,{},False,,key4_asymptotic_toeplitz_0.03,5,toeplitz,0.03,asymptotic,4,0.0051948051948051
0.03,0.0,0.0,0.0,0.0,3131,34,True,True,0,0.023366451263427734,{},False,,key4_asymptotic_toeplitz_0.03,6,toeplitz,0.03,asymptotic,4,0.0051948051948051
0.03,0.0,0.0,0.0,0.0,3131,34,True,True,0,0.024976253509521484,{},False,,key4_asymptotic_toeplitz_0.03,7,toeplitz,0.03,asymptotic,4,0.0051948051948051
0.03,0.0,0.0,0.0,0.0,3131,34,True,True,0,0.024396419525146484,{},False,,key4_asymptotic_toeplitz_0.03,8,toeplitz,0.03,asymptotic,4,0.0051948051948051
0.03,0.0,0.0,0.0,0.0,3131,34,True,True,0,0.024373769760131836,{},False,,key4_asymptotic_toeplitz_0.03,9,toeplitz,0.03,asymptotic,4,0.0051948051948051
0.03,0.0,0.0,0.0,0.0,3131,34,True,True,0,0.028859853744506836,{},False,,key4_asymptotic_toeplitz_0.03,10,toeplitz,0.03,asymptotic,4,0.0051948051948051
0.03,0.0,0.0,0.0,0.0,3131,34,True,True,0,0.024201393127441406,{},False,,key4_asymptotic_toeplitz_0.03,11,toeplitz,0.03,asymptotic,4,0.0051948051948051
0.03,0.0,0.0,0.0,0.0,3131,34,True,True,0,0.024564027786254883,{},False,,key4_asymptotic_toeplitz_0.03,12,toeplitz,0.03,asymptotic,4,0.0051948051948051
0.03,0.0,0.0,0.0,0.0,3131,34,True,True,0,0.03182578086853027,{},False,,key4_asymptotic_toeplitz_0.03,13,toeplitz,0.03,asymptotic,4,0.0051948051948051
0.03,0.0,0.0,0.0,0.0005787037037037037,3131,34,False,False,1528,0.02321910858154297,{},False,,key4_asymptotic_toeplitz_0.03,14,toeplitz,0.03,asymptotic,4,0.0051948051948051
0.03,0.0,0.0,0.0,0.0,3131,34,True,True,0,0.029227733612060547,{},False,,key4_asymptotic_toeplitz_0.03,15,toeplitz,0.03,asymptotic,4,0.0051948051948051
0.03,0.0,0.0,0.0,0.0,3131,34,True,True,0,0.027016162872314453,{},False,,key4_asymptotic_toeplitz_0.03,16,toeplitz,0.03,asymptotic,4,0.0051948051948051
0.03,0.0,0.0,0.0,0.0,3131,34,True,True,0,0.026436567306518555,{},False,,key4_asymptotic_toeplitz_0.03,17,toeplitz,0.03,asymptotic,4,0.0051948051948051
0.03,0.0,0.0,0.0,0.0,3131,34,True,True,0,0.025094270706176758,{},False,,key4_asymptotic_toeplitz_0.03,18,toeplitz,0.03,asymptotic,4,0.0051948051948051
0.03,0.0,0.0,0.0,0.0,3131,34,True,True,0,0.02598094940185547,{},False,,key4_asymptotic_toeplitz_0.03,19,toeplitz,0.03,asymptotic,4,0.0051948051948051
0.01,0.0,0.0,0.0,0.0,3131,34,True,True,0,0.024689674377441406,{},False,,key4_asymptotic_toeplitz_0.01,0,toeplitz,0.01,asymptotic,4,0.0051948051948051
0.01,0.0,0.0,0.0,0.0,3131,34,True,True,0,0.024108171463012695,{},False,,key4_asymptotic_toeplitz_0.01,1,toeplitz,0.01,asymptotic,4,0.0051948051948051
0.01,0.0,0.0,0.0,0.0,3131,34,True,True,0,0.02736830711364746,{},False,,key4_asymptotic_toeplitz_0.01,2,toeplitz,0.01,asymptotic,4,0.0051948051948051
0.01,0.0,0.0,0.0,0.0,3131,34,True,True,0,0.023988962173461914,{},False,,key4_asymptotic_toeplitz_0.01,3,toeplitz,0.01,asymptotic,4,0.0051948051948051
0.01,0.0,0.0,0.0,0.0,3131,34,True,True,0,0.024524450302124023,{},False,,key4_asymptotic_toeplitz_0.01,4,toeplitz,0.01,asymptotic,4,0.0051948051948051
0.01,0.0,0.0,0.0,0.0,3131,34,True,True,0,0.028337717056274414,{},False,,key4_asymptotic_toeplitz_0.01,5,toeplitz,0.01,asymptotic,4,0.0051948051948051
0.01,0.0,0.0,0.0,0.0,3131,34,True,True,0,0.02500176429748535,{},False,,key4_asymptotic_toeplitz_0.01,6,toeplitz,0.01,asymptotic,4,0.0051948051948051
0.01,0.0,0.0,0.0,0.0,3131,34,True,True,0,0.02404642105102539,{},False,,key4_asymptotic_toeplitz_0.01,7,toeplitz,0.01,asymptotic,4,0.0051948051948051
0.01,0.0,0.0,0.0,0.0,3131,34,True,True,0,0.02423262596130371,{},False,,key4_asymptotic_toeplitz_0.01,8,toeplitz,0.01,asymptotic,4,0.0051948051948051
0.01,0.0,0.0,0.0,0.0,3131,34,True,True,0,0.02458953857421875,{},False,,key4_asymptotic_toeplitz_0.01,9,toeplitz,0.01,asymptotic,4,0.0051948051948051
0.01,0.0,0.0,0.0,0.0,3131,34,True,True,0,0.026888608932495117,{},False,,key4_asymptotic_toeplitz_0.01,10,toeplitz,0.01,asymptotic,4,0.0051948051948051
0.01,0.0,0.0,0.0,0.0,3131,34,True,True,0,0.023302316665649414,{},False,,key4_asymptotic_toeplitz_0.01,11,toeplitz,0.01,asymptotic,4,0.0051948051948051
0.01,0.0,0.0,0.0,0.0,3131,34,True,True,0,0.024381399154663086,{},False,,key4_asymptotic_toeplitz_0.01,12,toeplitz,0.01,asymptotic,4,0.0051948051948051
0.01,0.0,0.0,0.0,0.0,3131,34,True,True,0,0.031158924102783203,{},False,,key4_asymptotic_toeplitz_0.01,13,toeplitz,0.01,asymptotic,4,0.0051948051948051
0.01,0.0,0.0,0.0,0.0005787037037037037,3131,34,False,False,1618,0.02859950065612793,{},False,,key4_asymptotic_toeplitz_0.01,14,toeplitz,0.01,asymptotic,4,0.0051948051948051
0.01,0.0,0.0,0.0,0.0,3131,34,True,True,0,0.029510974884033203,{},False,,key4_asymptotic_toeplitz_0.01,15,toeplitz,0.01,asymptotic,4,0.0051948051948051
0.01,0.0,0.0,0.0,0.0,3131,34,True,True,0,0.027739763259887695,{},False,,key4_asymptotic_toeplitz_0.01,16,toeplitz,0.01,asymptotic,4,0.0051948051948051
0.01,0.0,0.0,0.0,0.0,3131,34,True,True,0,0.025460481643676758,{},False,,key4_asymptotic_toeplitz_0.01,17,toeplitz,0.01,asymptotic,4,0.0051948051948051
0.01,0.0,0.0,0.0,0.0,3131,34,True,True,0,0.025570154190063477,{},False,,key4_asymptotic_toeplitz_0.01,18,toeplitz,0.01,asymptotic,4,0.0051948051948051
0.01,0.0,0.0,0.0,0.0,3131,34,True,True,0,0.027463436126708984,{},False,,key4_asymptotic_toeplitz_0.01,19,toeplitz,0.01,asymptotic,4,0.0051948051948051
0.003,0.0,0.0,0.0,0.0,3131,34,True,True,0,0.025056123733520508,{},False,,key4_asymptotic_toeplitz_0.003,0,toeplitz,0.003,asymptotic,4,0.0051948051948051
0.003,0.0,0.0,0.0,0.0,3131,34,True,True,0,0.02438950538635254,{},False,,key4_asymptotic_toeplitz_0.003,1,toeplitz,0.003,asymptotic,4,0.0051948051948051
0.003,0.0,0.0,0.0,0.0,3131,34,True,True,0,0.03022027015686035,{},False,,key4_asymptotic_toeplitz_0.003,2,toeplitz,0.003,asymptotic,4,0.0051948051948051
0.003,0.0,0.0,0.0,0.0,3131,34,True,True,0,0.02357172966003418,{},False,,key4_asymptotic_toeplitz_0.003,3,toeplitz,0.003,asymptotic,4,0.0051948051948051
0.003,0.0,0.0,0.0,0.0,3131,34,True,True,0,0.0257413387298584,{},False,,key4_asymptotic_toeplitz_0.003,4,toeplitz,0.003,asymptotic,4,0.0051948051948051
0.003,0.0,0.0,0.0,0.0,3131,34,True,True,0,0.028503894805908203,{},False,,key4_asymptotic_toeplitz_0.003,5,toeplitz,0.003,asymptotic,4,0.0051948051948051
0.003,0.0,0.0,0.0,0.0,3131,34,True,True,0,0.02589130401611328,{},False,,key4_asymptotic_toeplitz_0.003,6,toeplitz,0.003,asymptotic,4,0.0051948051948051
0.003,0.0,0.0,0.0,0.0,3131,34,True,True,0,0.024469614028930664,{},False,,key4_asymptotic_toeplitz_0.003,7,toeplitz,0.003,asymptotic,4,0.0051948051948051
0.003,0.0,0.0,0.0,0.0,3131,34,True,True,0,0.024415016174316406,{},False,,key4_asymptotic_toeplitz_0.003,8,toeplitz,0.003,asymptotic,4,0.0051948051948051
0.003,0.0,0.0,0.0,0.0,3131,34,True,True,0,0.02548360824584961,{},False,,key4_asymptotic_toeplitz_0.003,9,toeplitz,0.003,asymptotic,4,0.0051948051948051
0.003,0.0,0.0,0.0,0.0,3131,34,True,True,0,0.027910709381103516,{},False,,key4_asymptotic_toeplitz_0.003,10,toeplitz,0.003,asymptotic,4,0.0051948051948051
0.003,0.0,0.0,0.0,0.0,3131,34,True,True,0,0.026651859283447266,{},False,,key4_asymptotic_toeplitz_0.003,11,toeplitz,0.003,asymptotic,4,0.0051948051948051
0.003,0.0,0.0,0.0,0.0,3131,34,True,True,0,0.023763656616210938,{},False,,key4_asymptotic_toeplitz_0.003,12,toeplitz,0.003,asymptotic,4,0.0051948051948051
0.003,0.0,0.0,0.0,0.0,3131,34,True,True,0,0.028032541275024414,{},False,,key4_asymptotic_toeplitz_0.003,13,toeplitz,0.003,asymptotic,4,0.0051948051948051
0.003,0.0,0.0,0.0,0.0005787037037037037,3131,34,False,False,1603,0.0234372615814209,{},False,,key4_asymptotic_toeplitz_0.003,14,toeplitz,0.003,asymptotic,4,0.0051948051948051
0.003,0.0,0.0,0.0,0.0,3131,34,True,True,0,0.027617931365966797,{},False,,key4_asymptotic_toeplitz_0.003,15,toeplitz,0.003,asymptotic,4,0.0051948051948051
0.003,0.0,0.0,0.0,0.0,3131,34,True,True,0,0.02676105499267578,{},False,,key4_asymptotic_toeplitz_0.003,16,toeplitz,0.003,asymptotic,4,0.0051948051948051
0.003,0.0,0.0,0.0,0.0,3131,34,True,True,0,0.02447223663330078,{},False,,key4_asymptotic_toeplitz_0.003,17,toeplitz,0.003,asymptotic,4,0.0051948051948051
0.003,0.0,0.0,0.0,0.0,3131,34,True,True,0,0.02527475357055664,{},False,,key4_asymptotic_toeplitz_0.003,18,toeplitz,0.003,asymptotic,4,0.0051948051948051
0.003,0.0,0.0,0.0,0.0,3131,34,True,True,0,0.026921510696411133,{},False,,key4_asymptotic_toeplitz_0.003,19,toeplitz,0.003,asymptotic,4,0.0051948051948051
0.001,0.0,0.0,0.0,0.0,3131,34,True,True,0,0.023830175399780273,{},False,,key4_asymptotic_toeplitz_0.001,0,toeplitz,0.001,asymptotic,4,0.0051948051948051
0.001,0.0,0.0,0.0,0.0,3131,34,True,True,0,0.024630069732666016,{},False,,key4_asymptotic_toeplitz_0.001,1,toeplitz,0.001,asymptotic,4,0.0051948051948051
0.001,0.0,0.0,0.0,0.0,3131,34,True,True,0,0.02798628807067871,{},False,,key4_asymptotic_toeplitz_0.001,2,toeplitz,0.001,asymptotic,4,0.0051948051948051
0.001,0.0,0.0,0.0,0.0,3131,34,True,True,0,0.02402210235595703,{},False,,key4_asymptotic_toeplitz_0.001,3,toeplitz,0.001,asymptotic,4,0.0051948051948051
0.001,0.0,0.0,0.0,0.0,3131,34,True,True,0,0.025931596755981445,{},False,,key4_asymptotic_toeplitz_0.001,4,toeplitz,0.001,asymptotic,4,0.0051948051948051
0.001,0.0,0.0,0.0,0.0,3131,34,True,True,0,0.030286073684692383,{},False,,key4_asymptotic_toeplitz_0.001,5,toeplitz,0.001,asymptotic,4,0.0051948051948051
0.001,0.0,0.0,0.0,0.0,3131,34,True,True,0,0.024271011352539062,{},False,,key4_asymptotic_toeplitz_0.001,6,toeplitz,0.001,asymptotic,4,0.0051948051948051
0.001,0.0,0.0,0.0,0.0,3131,34,True,True,0,0.023970603942871094,{},False,,key4_asymptotic_toeplitz_0.001,7,toeplitz,0.001,asymptotic,4,0.0051948051948051
0.001,0.0,0.0,0.0,0.0,3131,34,True,True,0,0.023720264434814453,{},False,,key4_asymptotic_toeplitz_0.001,8,toeplitz,0.001,asymptotic,4,0.0051948051948051
0.001,0.0,0.0,0.0,0.0,3131,34,True,True,0,0.02514815330505371,{},False,,key4_asymptotic_toeplitz_0.001,9,toeplitz,0.001,asymptotic,4,0.0051948051948051
0.001,0.0,0.0,0.0,0.0,3131,34,True,True,0,0.02594733238220215,{},False,,key4_asymptotic_toeplitz_0.001,10,toeplitz,0.001,asymptotic,4,0.0051948051948051
0.001,0.0,0.0,0.0,0.0,3131,34,True,True,0,0.02766275405883789,{},False,,key4_asymptotic_toeplitz_0.001,11,toeplitz,0.001,asymptotic,4,0.0051948051948051
0.001,0.0,0.0,0.0,0.0,3131,34,True,True,0,0.02830672264099121,{},False,,key4_asymptotic_toeplitz_0.001,12,toeplitz,0.001,asymptotic,4,0.0051948051948051
0.001,0.0,0.0,0.0,0.0,3131,34,True,True,0,0.027992725372314453,{},False,,key4_asymptotic_toeplitz_0.001,13,toeplitz,0.001,asymptotic,4,0.0051948051948051
0.001,0.0,0.0,0.0,0.0005787037037037037,3131,34,False,False,1539,0.024486303329467773,{},False,,key4_asymptotic_toeplitz_0.001,14,toeplitz,0.001,asymptotic,4,0.0051948051948051
0.001,0.0,0.0,0.0,0.0,3131,34,True,True,0,0.028118133544921875,{},False,,key4_asymptotic_toeplitz_0.001,15,toeplitz,0.001,asymptotic,4,0.0051948051948051
0.001,0.0,0.0,0.0,0.0,3131,34,True,True,0,0.02855086326599121,{},False,,key4_asymptotic_toeplitz_0.001,16,toeplitz,0.001,asymptotic,4,0.0051948051948051
0.001,0.0,0.0,0.0,0.0,3131,34,True,True,0,0.024529218673706055,{},False,,key4_asymptotic_toeplitz_0.001,17,toeplitz,0.001,asymptotic,4,0.0051948051948051
0.001,0.0,0.0,0.0,0.0,3131,34,True,True,0,0.024854421615600586,{},False,,key4_asymptotic_toeplitz_0.001,18,toeplitz,0.001,asymptotic,4,0.0051948051948051
0.001,0.0,0.0,0.0,0.0,3131,34,True,True,0,0.026108741760253906,{},False,,key4_asymptotic_toeplitz_0.001,19,toeplitz,0.001,asymptotic,4,0.0051948051948051
0.0,0.5,0.0,0.0,0.0,3131,34,True,True,0,0.023897171020507812,{},False,,key4_asymptotic_final_key_0.5,0,final_key,0.5,asymptotic,4,0.0051948051948051
0.0,0.5,0.0,0.0,0.0,3131,34,True,False,1,0.02406454086303711,{'final_key': 1},False,,key4_asymptotic_final_key_0.5,1,final_key,0.5,asymptotic,4,0.0051948051948051
0.0,0.5,0.0,0.0,0.0,3131,34,True,False,1,0.028415918350219727,{'final_key': 1},False,,key4_asymptotic_final_key_0.5,2,final_key,0.5,asymptotic,4,0.0051948051948051
0.0,0.5,0.0,0.0,0.0,3131,34,True,True,0,0.025713205337524414,{},False,,key4_asymptotic_final_key_0.5,3,final_key,0.5,asymptotic,4,0.0051948051948051
0.0,0.5,0.0,0.0,0.0,3131,34,True,True,0,0.024127483367919922,{},False,,key4_asymptotic_final_key_0.5,4,final_key,0.5,asymptotic,4,0.0051948051948051
0.0,0.5,0.0,0.0,0.0,3131,34,True,True,0,0.027834415435791016,{},False,,key4_asymptotic_final_key_0.5,5,final_key,0.5,asymptotic,4,0.0051948051948051
0.0,0.5,0.0,0.0,0.0,3131,34,True,False,1,0.024649620056152344,{'final_key': 1},False,,key4_asymptotic_final_key_0.5,6,final_key,0.5,asymptotic,4,0.0051948051948051
0.0,0.5,0.0,0.0,0.0,3131,34,True,True,0,0.02414083480834961,{},False,,key4_asymptotic_final_key_0.5,7,final_key,0.5,asymptotic,4,0.0051948051948051
0.0,0.5,0.0,0.0,0.0,3131,34,True,True,0,0.023593425750732422,{},False,,key4_asymptotic_final_key_0.5,8,final_key,0.5,asymptotic,4,0.0051948051948051
0.0,0.5,0.0,0.0,0.0,3131,34,True,True,0,0.02440667152404785,{},False,,key4_asymptotic_final_key_0.5,9,final_key,0.5,asymptotic,4,0.0051948051948051
0.0,0.5,0.0,0.0,0.0,3131,34,True,False,1,0.028697490692138672,{'final_key': 1},False,,key4_asymptotic_final_key_0.5,10,final_key,0.5,asymptotic,4,0.0051948051948051
0.0,0.5,0.0,0.0,0.0,3131,34,True,False,1,0.02406167984008789,{'final_key': 1},False,,key4_asymptotic_final_key_0.5,11,final_key,0.5,asymptotic,4,0.0051948051948051
0.0,0.5,0.0,0.0,0.0,3131,34,True,True,0,0.02338385581970215,{},False,,key4_asymptotic_final_key_0.5,12,final_key,0.5,asymptotic,4,0.0051948051948051
0.0,0.5,0.0,0.0,0.0,3131,34,True,True,0,0.027711153030395508,{},False,,key4_asymptotic_final_key_0.5,13,final_key,0.5,asymptotic,4,0.0051948051948051
0.0,0.5,0.0,0.0,0.0005787037037037037,3131,34,False,False,1585,0.023213863372802734,{},False,,key4_asymptotic_final_key_0.5,14,final_key,0.5,asymptotic,4,0.0051948051948051
0.0,0.5,0.0,0.0,0.0,3131,34,True,True,0,0.027852773666381836,{},False,,key4_asymptotic_final_key_0.5,15,final_key,0.5,asymptotic,4,0.0051948051948051
0.0,0.5,0.0,0.0,0.0,3131,34,True,False,1,0.027215957641601562,{'final_key': 1},False,,key4_asymptotic_final_key_0.5,16,final_key,0.5,asymptotic,4,0.0051948051948051
0.0,0.5,0.0,0.0,0.0,3131,34,True,False,1,0.025121688842773438,{'final_key': 1},False,,key4_asymptotic_final_key_0.5,17,final_key,0.5,asymptotic,4,0.0051948051948051
0.0,0.5,0.0,0.0,0.0,3131,34,True,True,0,0.025618791580200195,{},False,,key4_asymptotic_final_key_0.5,18,final_key,0.5,asymptotic,4,0.0051948051948051
0.0,0.5,0.0,0.0,0.0,3131,34,True,False,1,0.02709650993347168,{'final_key': 1},False,,key4_asymptotic_final_key_0.5,19,final_key,0.5,asymptotic,4,0.0051948051948051
0.0,0.3,0.0,0.0,0.0,3131,34,True,True,0,0.025220394134521484,{},False,,key4_asymptotic_final_key_0.3,0,final_key,0.3,asymptotic,4,0.0051948051948051
0.0,0.3,0.0,0.0,0.0,3131,34,True,True,0,0.02441549301147461,{},False,,key4_asymptotic_final_key_0.3,1,final_key,0.3,asymptotic,4,0.0051948051948051
0.0,0.3,0.0,0.0,0.0,3131,34,True,False,1,0.028016328811645508,{'final_key': 1},False,,key4_asymptotic_final_key_0.3,2,final_key,0.3,asymptotic,4,0.0051948051948051
0.0,0.3,0.0,0.0,0.0,3131,34,True,True,0,0.0243375301361084,{},False,,key4_asymptotic_final_key_0.3,3,final_key,0.3,asymptotic,4,0.0051948051948051
0.0,0.3,0.0,0.0,0.0,3131,34,True,True,0,0.02503180503845215,{},False,,key4_asymptotic_final_key_0.3,4,final_key,0.3,asymptotic,4,0.0051948051948051
0.0,0.3,0.0,0.0,0.0,3131,34,True,True,0,0.027805089950561523,{},False,,key4_asymptotic_final_key_0.3,5,final_key,0.3,asymptotic,4,0.0051948051948051
0.0,0.3,0.0,0.0,0.0,3131,34,True,False,1,0.025312185287475586,{'final_key': 1},False,,key4_asymptotic_final_key_0.3,6,final_key,0.3,asymptotic,4,0.0051948051948051
0.0,0.3,0.0,0.0,0.0,3131,34,True,True,0,0.024348020553588867,{},False,,key4_asymptotic_final_key_0.3,7,final_key,0.3,asymptotic,4,0.0051948051948051
0.0,0.3,0.0,0.0,0.0,3131,34,True,True,0,0.02447509765625,{},False,,key4_asymptotic_final_key_0.3,8,final_key,0.3,asymptotic,4,0.0051948051948051
0.0,0.3,0.0,0.0,0.0,3131,34,True,True,0,0.027489185333251953,{},False,,key4_asymptotic_final_key_0.3,9,final_key,0.3,asymptotic,4,0.0051948051948051
0.0,0.3,0.0,0.0,0.0,3131,34,True,False,1,0.0322573184967041,{'final_key': 1},False,,key4_asymptotic_final_key_0.3,10,final_key,0.3,asymptotic,4,0.0051948051948051
0.0,0.3,0.0,0.0,0.0,3131,34,True,False,1,0.023871421813964844,{'final_key': 1},False,,key4_asymptotic_final_key_0.3,11,final_key,0.3,asymptotic,4,0.0051948051948051
0.0,0.3,0.0,0.0,0.0,3131,34,True,True,0,0.025101423263549805,{},False,,key4_asymptotic_final_key_0.3,12,final_key,0.3,asymptotic,4,0.0051948051948051
0.0,0.3,0.0,0.0,0.0,3131,34,True,True,0,0.030080318450927734,{},False,,key4_asymptotic_final_key_0.3,13,final_key,0.3,asymptotic,4,0.0051948051948051
0.0,0.3,0.0,0.0,0.0005787037037037037,3131,34,False,False,1611,0.023993492126464844,{},False,,key4_asymptotic_final_key_0.3,14,final_key,0.3,asymptotic,4,0.0051948051948051
0.0,0.3,0.0,0.0,0.0,3131,34,True,True,0,0.028022289276123047,{},False,,key4_asymptotic_final_key_0.3,15,final_key,0.3,asymptotic,4,0.0051948051948051
0.0,0.3,0.0,0.0,0.0,3131,34,True,False,1,0.02673029899597168,{'final_key': 1},False,,key4_asymptotic_final_key_0.3,16,final_key,0.3,asymptotic,4,0.0051948051948051
0.0,0.3,0.0,0.0,0.0,3131,34,True,False,1,0.024910688400268555,{'final_key': 1},False,,key4_asymptotic_final_key_0.3,17,final_key,0.3,asymptotic,4,0.0051948051948051
0.0,0.3,0.0,0.0,0.0,3131,34,True,True,0,0.02480602264404297,{},False,,key4_asymptotic_final_key_0.3,18,final_key,0.3,asymptotic,4,0.0051948051948051
0.0,0.3,0.0,0.0,0.0,3131,34,True,False,1,0.02676987648010254,{'final_key': 1},False,,key4_asymptotic_final_key_0.3,19,final_key,0.3,asymptotic,4,0.0051948051948051
0.0,0.1,0.0,0.0,0.0,3131,34,True,True,0,0.023851394653320312,{},False,,key4_asymptotic_final_key_0.1,0,final_key,0.1,asymptotic,4,0.0051948051948051
0.0,0.1,0.0,0.0,0.0,3131,34,True,True,0,0.02554011344909668,{},False,,key4_asymptotic_final_key_0.1,1,final_key,0.1,asymptotic,4,0.0051948051948051
0.0,0.1,0.0,0.0,0.0,3131,34,True,False,1,0.02780294418334961,{'final_key': 1},False,,key4_asymptotic_final_key_0.1,2,final_key,0.1,asymptotic,4,0.0051948051948051
0.0,0.1,0.0,0.0,0.0,3131,34,True,True,0,0.023991823196411133,{},False,,key4_asymptotic_final_key_0.1,3,final_key,0.1,asymptotic,4,0.0051948051948051
0.0,0.1,0.0,0.0,0.0,3131,34,True,True,0,0.024637222290039062,{},False,,key4_asymptotic_final_key_0.1,4,final_key,0.1,asymptotic,4,0.0051948051948051
0.0,0.1,0.0,0.0,0.0,3131,34,True,True,0,0.0276949405670166,{},False,,key4_asymptotic_final_key_0.1,5,final_key,0.1,asymptotic,4,0.0051948051948051
0.0,0.1,0.0,0.0,0.0,3131,34,True,True,0,0.024892330169677734,{},False,,key4_asymptotic_final_key_0.1,6,final_key,0.1,asymptotic,4,0.0051948051948051
0.0,0.1,0.0,0.0,0.0,3131,34,True,True,0,0.023740291595458984,{},False,,key4_asymptotic_final_key_0.1,7,final_key,0.1,asymptotic,4,0.0051948051948051
0.0,0.1,0.0,0.0,0.0,3131,34,True,True,0,0.025223970413208008,{},False,,key4_asymptotic_final_key_0.1,8,final_key,0.1,asymptotic,4,0.0051948051948051
0.0,0.1,0.0,0.0,0.0,3131,34,True,True,0,0.024779558181762695,{},False,,key4_asymptotic_final_key_0.1,9,final_key,0.1,asymptotic,4,0.0051948051948051
0.0,0.1,0.0,0.0,0.0,3131,34,True,False,1,0.02799224853515625,{'final_key': 1},False,,key4_asymptotic_final_key_0.1,10,final_key,0.1,asymptotic,4,0.0051948051948051
0.0,0.1,0.0,0.0,0.0,3131,34,True,True,0,0.023473024368286133,{},False,,key4_asymptotic_final_key_0.1,11,final_key,0.1,asymptotic,4,0.0051948051948051
0.0,0.1,0.0,0.0,0.0,3131,34,True,True,0,0.023952245712280273,{},False,,key4_asymptotic_final_key_0.1,12,final_key,0.1,asymptotic,4,0.0051948051948051
0.0,0.1,0.0,0.0,0.0,3131,34,True,True,0,0.028228759765625,{},False,,key4_asymptotic_final_key_0.1,13,final_key,0.1,asymptotic,4,0.0051948051948051
0.0,0.1,0.0,0.0,0.0005787037037037037,3131,34,False,False,1562,0.02346062660217285,{},False,,key4_asymptotic_final_key_0.1,14,final_key,0.1,asymptotic,4,0.0051948051948051
0.0,0.1,0.0,0.0,0.0,3131,34,True,True,0,0.028397321701049805,{},False,,key4_asymptotic_final_key_0.1,15,final_key,0.1,asymptotic,4,0.0051948051948051
0.0,0.1,0.0,0.0,0.0,3131,34,True,False,1,0.027080059051513672,{'final_key': 1},False,,key4_asymptotic_final_key_0.1,16,final_key,0.1,asymptotic,4,0.0051948051948051
0.0,0.1,0.0,0.0,0.0,3131,34,True,True,0,0.025660991668701172,{},False,,key4_asymptotic_final_key_0.1,17,final_key,0.1,asymptotic,4,0.0051948051948051
0.0,0.1,0.0,0.0,0.0,3131,34,True,True,0,0.028659582138061523,{},False,,key4_asymptotic_final_key_0.1,18,final_key,0.1,asymptotic,4,0.0051948051948051
0.0,0.1,0.0,0.0,0.0,3131,34,True,True,0,0.026622295379638672,{},False,,key4_asymptotic_final_key_0.1,19,final_key,0.1,asymptotic,4,0.0051948051948051
0.0,0.05,0.0,0.0,0.0,3131,34,True,True,0,0.024814844131469727,{},False,,key4_asymptotic_final_key_0.05,0,final_key,0.05,asymptotic,4,0.0051948051948051
0.0,0.05,0.0,0.0,0.0,3131,34,True,True,0,0.02478194236755371,{},False,,key4_asymptotic_final_key_0.05,1,final_key,0.05,asymptotic,4,0.0051948051948051
0.0,0.05,0.0,0.0,0.0,3131,34,True,False,1,0.02809929847717285,{'final_key': 1},False,,key4_asymptotic_final_key_0.05,2,final_key,0.05,asymptotic,4,0.0051948051948051
0.0,0.05,0.0,0.0,0.0,3131,34,True,True,0,0.023682117462158203,{},False,,key4_asymptotic_final_key_0.05,3,final_key,0.05,asymptotic,4,0.0051948051948051
0.0,0.05,0.0,0.0,0.0,3131,34,True,True,0,0.024744272232055664,{},False,,key4_asymptotic_final_key_0.05,4,final_key,0.05,asymptotic,4,0.0051948051948051
0.0,0.05,0.0,0.0,0.0,3131,34,True,True,0,0.028064966201782227,{},False,,key4_asymptotic_final_key_0.05,5,final_key,0.05,asymptotic,4,0.0051948051948051
0.0,0.05,0.0,0.0,0.0,3131,34,True,True,0,0.024622440338134766,{},False,,key4_asymptotic_final_key_0.05,6,final_key,0.05,asymptotic,4,0.0051948051948051
0.0,0.05,0.0,0.0,0.0,3131,34,True,True,0,0.02440667152404785,{},False,,key4_asymptotic_final_key_0.05,7,final_key,0.05,asymptotic,4,0.0051948051948051
0.0,0.05,0.0,0.0,0.0,3131,34,True,True,0,0.030024051666259766,{},False,,key4_asymptotic_final_key_0.05,8,final_key,0.05,asymptotic,4,0.0051948051948051
0.0,0.05,0.0,0.0,0.0,3131,34,True,True,0,0.026572465896606445,{},False,,key4_asymptotic_final_key_0.05,9,final_key,0.05,asymptotic,4,0.0051948051948051
0.0,0.05,0.0,0.0,0.0,3131,34,True,True,0,0.026582956314086914,{},False,,key4_asymptotic_final_key_0.05,10,final_key,0.05,asymptotic,4,0.0051948051948051
0.0,0.05,0.0,0.0,0.0,3131,34,True,True,0,0.02347278594970703,{},False,,key4_asymptotic_final_key_0.05,11,final_key,0.05,asymptotic,4,0.0051948051948051
0.0,0.05,0.0,0.0,0.0,3131,34,True,True,0,0.02391219139099121,{},False,,key4_asymptotic_final_key_0.05,12,final_key,0.05,asymptotic,4,0.0051948051948051
0.0,0.05,0.0,0.0,0.0,3131,34,True,True,0,0.02820754051208496,{},False,,key4_asymptotic_final_key_0.05,13,final_key,0.05,asymptotic,4,0.0051948051948051
0.0,0.05,0.0,0.0,0.0005787037037037037,3131,34,False,False,1600,0.025511980056762695,{},False,,key4_asymptotic_final_key_0.05,14,final_key,0.05,asymptotic,4,0.0051948051948051
0.0,0.05,0.0,0.0,0.0,3131,34,True,True,0,0.028392553329467773,{},False,,key4_asymptotic_final_key_0.05,15,final_key,0.05,asymptotic,4,0.0051948051948051
0.0,0.05,0.0,0.0,0.0,3131,34,True,True,0,0.027521610260009766,{},False,,key4_asymptotic_final_key_0.05,16,final_key,0.05,asymptotic,4,0.0051948051948051
0.0,0.05,0.0,0.0,0.0,3131,34,True,True,0,0.02595996856689453,{},False,,key4_asymptotic_final_key_0.05,17,final_key,0.05,asymptotic,4,0.0051948051948051
0.0,0.05,0.0,0.0,0.0,3131,34,True,True,0,0.025797605514526367,{},False,,key4_asymptotic_final_key_0.05,18,final_key,0.05,asymptotic,4,0.0051948051948051
0.0,0.05,0.0,0.0,0.0,3131,34,True,True,0,0.02669215202331543,{},False,,key4_asymptotic_final_key_0.05,19,final_key,0.05,asymptotic,4,0.0051948051948051
0.0,0.03,0.0,0.0,0.0,3131,34,True,True,0,0.02494049072265625,{},False,,key4_asymptotic_final_key_0.03,0,final_key,0.03,asymptotic,4,0.0051948051948051
0.0,0.03,0.0,0.0,0.0,3131,34,True,True,0,0.027561426162719727,{},False,,key4_asymptotic_final_key_0.03,1,final_key,0.03,asymptotic,4,0.0051948051948051
0.0,0.03,0.0,0.0,0.0,3131,34,True,True,0,0.03119516372680664,{},False,,key4_asymptotic_final_key_0.03,2,final_key,0.03,asymptotic,4,0.0051948051948051
0.0,0.03,0.0,0.0,0.0,3131,34,True,True,0,0.0238494873046875,{},False,,key4_asymptotic_final_key_0.03,3,final_key,0.03,asymptotic,4,0.0051948051948051
0.0,0.03,0.0,0.0,0.0,3131,34,True,True,0,0.02502298355102539,{},False,,key4_asymptotic_final_key_0.03,4,final_key,0.03,asymptotic,4,0.0051948051948051
0.0,0.03,0.0,0.0,0.0,3131,34,True,True,0,0.027999401092529297,{},False,,key4_asymptotic_final_key_0.03,5,final_key,0.03,asymptotic,4,0.0051948051948051
0.0,0.03,0.0,0.0,0.0,3131,34,True,True,0,0.025038957595825195,{},False,,key4_asymptotic_final_key_0.03,6,final_key,0.03,asymptotic,4,0.0051948051948051
0.0,0.03,0.0,0.0,0.0,3131,34,True,True,0,0.023597240447998047,{},False,,key4_asymptotic_final_key_0.03,7,final_key,0.03,asymptotic,4,0.0051948051948051
0.0,0.03,0.0,0.0,0.0,3131,34,True,True,0,0.023373842239379883,{},False,,key4_asymptotic_final_key_0.03,8,final_key,0.03,asymptotic,4,0.0051948051948051
0.0,0.03,0.0,0.0,0.0,3131,34,True,True,0,0.024503231048583984,{},False,,key4_asymptotic_final_key_0.03,9,final_key,0.03,asymptotic,4,0.0051948051948051
0.0,0.03,0.0,0.0,0.0,3131,34,True,True,0,0.028081417083740234,{},False,,key4_asymptotic_final_key_0.03,10,final_key,0.03,asymptotic,4,0.0051948051948051
0.0,0.03,0.0,0.0,0.0,3131,34,True,True,0,0.023828983306884766,{},False,,key4_asymptotic_final_key_0.03,11,final_key,0.03,asymptotic,4,0.0051948051948051
0.0,0.03,0.0,0.0,0.0,3131,34,True,True,0,0.02368903160095215,{},False,,key4_asymptotic_final_key_0.03,12,final_key,0.03,asymptotic,4,0.0051948051948051
0.0,0.03,0.0,0.0,0.0,3131,34,True,True,0,0.029139280319213867,{},False,,key4_asymptotic_final_key_0.03,13,final_key,0.03,asymptotic,4,0.0051948051948051
0.0,0.03,0.0,0.0,0.0005787037037037037,3131,34,False,False,1581,0.023799419403076172,{},False,,key4_asymptotic_final_key_0.03,14,final_key,0.03,asymptotic,4,0.0051948051948051
0.0,0.03,0.0,0.0,0.0,3131,34,True,True,0,0.02803778648376465,{},False,,key4_asymptotic_final_key_0.03,15,final_key,0.03,asymptotic,4,0.0051948051948051
0.0,0.03,0.0,0.0,0.0,3131,34,True,True,0,0.02711772918701172,{},False,,key4_asymptotic_final_key_0.03,16,final_key,0.03,asymptotic,4,0.0051948051948051
0.0,0.03,0.0,0.0,0.0,3131,34,True,True,0,0.02457880973815918,{},False,,key4_asymptotic_final_key_0.03,17,final_key,0.03,asymptotic,4,0.0051948051948051
0.0,0.03,0.0,0.0,0.0,3131,34,True,True,0,0.02658534049987793,{},False,,key4_asymptotic_final_key_0.03,18,final_key,0.03,asymptotic,4,0.0051948051948051
0.0,0.03,0.0,0.0,0.0,3131,34,True,True,0,0.02611851692199707,{},False,,key4_asymptotic_final_key_0.03,19,final_key,0.03,asymptotic,4,0.0051948051948051
0.0,0.01,0.0,0.0,0.0,3131,34,True,True,0,0.023311138153076172,{},False,,key4_asymptotic_final_key_0.01,0,final_key,0.01,asymptotic,4,0.0051948051948051
0.0,0.01,0.0,0.0,0.0,3131,34,True,True,0,0.024799108505249023,{},False,,key4_asymptotic_final_key_0.01,1,final_key,0.01,asymptotic,4,0.0051948051948051
0.0,0.01,0.0,0.0,0.0,3131,34,True,True,0,0.027050495147705078,{},False,,key4_asymptotic_final_key_0.01,2,final_key,0.01,asymptotic,4,0.0051948051948051
0.0,0.01,0.0,0.0,0.0,3131,34,True,True,0,0.023818016052246094,{},False,,key4_asymptotic_final_key_0.01,3,final_key,0.01,asymptotic,4,0.0051948051948051
0.0,0.01,0.0,0.0,0.0,3131,34,True,True,0,0.02459549903869629,{},False,,key4_asymptotic_final_key_0.01,4,final_key,0.01,asymptotic,4,0.0051948051948051
0.0,0.01,0.0,0.0,0.0,3131,34,True,True,0,0.02840590476989746,{},False,,key4_asymptotic_final_key_0.01,5,final_key,0.01,asymptotic,4,0.0051948051948051
0.0,0.01,0.0,0.0,0.0,3131,34,True,True,0,0.03336143493652344,{},False,,key4_asymptotic_final_key_0.01,6,final_key,0.01,asymptotic,4,0.0051948051948051
0.0,0.01,0.0,0.0,0.0,3131,34,True,True,0,0.025172710418701172,{},False,,key4_asymptotic_final_key_0.01,7,final_key,0.01,asymptotic,4,0.0051948051948051
0.0,0.01,0.0,0.0,0.0,3131,34,True,True,0,0.02353692054748535,{},False,,key4_asymptotic_final_key_0.01,8,final_key,0.01,asymptotic,4,0.0051948051948051
0.0,0.01,0.0,0.0,0.0,3131,34,True,True,0,0.027420997619628906,{},False,,key4_asymptotic_final_key_0.01,9,final_key,0.01,asymptotic,4,0.0051948051948051
0.0,0.01,0.0,0.0,0.0,3131,34,True,True,0,0.02763056755065918,{},False,,key4_asymptotic_final_key_0.01,10,final_key,0.01,asymptotic,4,0.0051948051948051
0.0,0.01,0.0,0.0,0.0,3131,34,True,True,0,0.02401590347290039,{},False,,key4_asymptotic_final_key_0.01,11,final_key,0.01,asymptotic,4,0.0051948051948051
0.0,0.01,0.0,0.0,0.0,3131,34,True,True,0,0.023904800415039062,{},False,,key4_asymptotic_final_key_0.01,12,final_key,0.01,asymptotic,4,0.0051948051948051
0.0,0.01,0.0,0.0,0.0,3131,34,True,True,0,0.028969287872314453,{},False,,key4_asymptotic_final_key_0.01,13,final_key,0.01,asymptotic,4,0.0051948051948051
0.0,0.01,0.0,0.0,0.0005787037037037037,3131,34,False,False,1595,0.024846553802490234,{},False,,key4_asymptotic_final_key_0.01,14,final_key,0.01,asymptotic,4,0.0051948051948051
0.0,0.01,0.0,0.0,0.0,3131,34,True,True,0,0.02831435203552246,{},False,,key4_asymptotic_final_key_0.01,15,final_key,0.01,asymptotic,4,0.0051948051948051
0.0,0.01,0.0,0.0,0.0,3131,34,True,True,0,0.027149438858032227,{},False,,key4_asymptotic_final_key_0.01,16,final_key,0.01,asymptotic,4,0.0051948051948051
0.0,0.01,0.0,0.0,0.0,3131,34,True,True,0,0.024710416793823242,{},False,,key4_asymptotic_final_key_0.01,17,final_key,0.01,asymptotic,4,0.0051948051948051
0.0,0.01,0.0,0.0,0.0,3131,34,True,True,0,0.02521038055419922,{},False,,key4_asymptotic_final_key_0.01,18,final_key,0.01,asymptotic,4,0.0051948051948051
0.0,0.01,0.0,0.0,0.0,3131,34,True,True,0,0.025623083114624023,{},False,,key4_asymptotic_final_key_0.01,19,final_key,0.01,asymptotic,4,0.0051948051948051
0.0,0.003,0.0,0.0,0.0,3131,34,True,True,0,0.025236129760742188,{},False,,key4_asymptotic_final_key_0.003,0,final_key,0.003,asymptotic,4,0.0051948051948051
0.0,0.003,0.0,0.0,0.0,3131,34,True,True,0,0.02478766441345215,{},False,,key4_asymptotic_final_key_0.003,1,final_key,0.003,asymptotic,4,0.0051948051948051
0.0,0.003,0.0,0.0,0.0,3131,34,True,True,0,0.028829574584960938,{},False,,key4_asymptotic_final_key_0.003,2,final_key,0.003,asymptotic,4,0.0051948051948051
0.0,0.003,0.0,0.0,0.0,3131,34,True,True,0,0.02364206314086914,{},False,,key4_asymptotic_final_key_0.003,3,final_key,0.003,asymptotic,4,0.0051948051948051
0.0,0.003,0.0,0.0,0.0,3131,34,True,True,0,0.024379730224609375,{},False,,key4_asymptotic_final_key_0.003,4,final_key,0.003,asymptotic,4,0.0051948051948051
0.0,0.003,0.0,0.0,0.0,3131,34,True,True,0,0.03273940086364746,{},False,,key4_asymptotic_final_key_0.003,5,final_key,0.003,asymptotic,4,0.0051948051948051
0.0,0.003,0.0,0.0,0.0,3131,34,True,True,0,0.024448871612548828,{},False,,key4_asymptotic_final_key_0.003,6,final_key,0.003,asymptotic,4,0.0051948051948051
0.0,0.003,0.0,0.0,0.0,3131,34,True,True,0,0.02331376075744629,{},False,,key4_asymptotic_final_key_0.003,7,final_key,0.003,asymptotic,4,0.0051948051948051
0.0,0.003,0.0,0.0,0.0,3131,34,True,True,0,0.024576425552368164,{},False,,key4_asymptotic_final_key_0.003,8,final_key,0.003,asymptotic,4,0.0051948051948051
0.0,0.003,0.0,0.0,0.0,3131,34,True,True,0,0.02848529815673828,{},False,,key4_asymptotic_final_key_0.003,9,final_key,0.003,asymptotic,4,0.0051948051948051
0.0,0.003,0.0,0.0,0.0,3131,34,True,True,0,0.028243064880371094,{},False,,key4_asymptotic_final_key_0.003,10,final_key,0.003,asymptotic,4,0.0051948051948051
0.0,0.003,0.0,0.0,0.0,3131,34,True,True,0,0.02512335777282715,{},False,,key4_asymptotic_final_key_0.003,11,final_key,0.003,asymptotic,4,0.0051948051948051
0.0,0.003,0.0,0.0,0.0,3131,34,True,True,0,0.02429056167602539,{},False,,key4_asymptotic_final_key_0.003,12,final_key,0.003,asymptotic,4,0.0051948051948051
0.0,0.003,0.0,0.0,0.0,3131,34,True,True,0,0.029442310333251953,{},False,,key4_asymptotic_final_key_0.003,13,final_key,0.003,asymptotic,4,0.0051948051948051
0.0,0.003,0.0,0.0,0.0005787037037037037,3131,34,False,False,1571,0.02498006820678711,{},False,,key4_asymptotic_final_key_0.003,14,final_key,0.003,asymptotic,4,0.0051948051948051
0.0,0.003,0.0,0.0,0.0,3131,34,True,True,0,0.028626441955566406,{},False,,key4_asymptotic_final_key_0.003,15,final_key,0.003,asymptotic,4,0.0051948051948051
0.0,0.003,0.0,0.0,0.0,3131,34,True,True,0,0.02749180793762207,{},False,,key4_asymptotic_final_key_0.003,16,final_key,0.003,asymptotic,4,0.0051948051948051
0.0,0.003,0.0,0.0,0.0,3131,34,True,True,0,0.02560591697692871,{},False,,key4_asymptotic_final_key_0.003,17,final_key,0.003,asymptotic,4,0.0051948051948051
0.0,0.003,0.0,0.0,0.0,3131,34,True,True,0,0.026634693145751953,{},False,,key4_asymptotic_final_key_0.003,18,final_key,0.003,asymptotic,4,0.0051948051948051
0.0,0.003,0.0,0.0,0.0,3131,34,True,True,0,0.026693344116210938,{},False,,key4_asymptotic_final_key_0.003,19,final_key,0.003,asymptotic,4,0.0051948051948051
0.0,0.001,0.0,0.0,0.0,3131,34,True,True,0,0.025506973266601562,{},False,,key4_asymptotic_final_key_0.001,0,final_key,0.001,asymptotic,4,0.0051948051948051
0.0,0.001,0.0,0.0,0.0,3131,34,True,True,0,0.02431035041809082,{},False,,key4_asymptotic_final_key_0.001,1,final_key,0.001,asymptotic,4,0.0051948051948051
0.0,0.001,0.0,0.0,0.0,3131,34,True,True,0,0.02687215805053711,{},False,,key4_asymptotic_final_key_0.001,2,final_key,0.001,asymptotic,4,0.0051948051948051
0.0,0.001,0.0,0.0,0.0,3131,34,True,True,0,0.026018857955932617,{},False,,key4_asymptotic_final_key_0.001,3,final_key,0.001,asymptotic,4,0.0051948051948051
0.0,0.001,0.0,0.0,0.0,3131,34,True,True,0,0.030619382858276367,{},False,,key4_asymptotic_final_key_0.001,4,final_key,0.001,asymptotic,4,0.0051948051948051
0.0,0.001,0.0,0.0,0.0,3131,34,True,True,0,0.029186248779296875,{},False,,key4_asymptotic_final_key_0.001,5,final_key,0.001,asymptotic,4,0.0051948051948051
0.0,0.001,0.0,0.0,0.0,3131,34,True,True,0,0.027345657348632812,{},False,,key4_asymptotic_final_key_0.001,6,final_key,0.001,asymptotic,4,0.0051948051948051
0.0,0.001,0.0,0.0,0.0,3131,34,True,True,0,0.02439141273498535,{},False,,key4_asymptotic_final_key_0.001,7,final_key,0.001,asymptotic,4,0.0051948051948051
0.0,0.001,0.0,0.0,0.0,3131,34,True,True,0,0.025729656219482422,{},False,,key4_asymptotic_final_key_0.001,8,final_key,0.001,asymptotic,4,0.0051948051948051
0.0,0.001,0.0,0.0,0.0,3131,34,True,True,0,0.025418758392333984,{},False,,key4_asymptotic_final_key_0.001,9,final_key,0.001,asymptotic,4,0.0051948051948051
0.0,0.001,0.0,0.0,0.0,3131,34,True,True,0,0.028612852096557617,{},False,,key4_asymptotic_final_key_0.001,10,final_key,0.001,asymptotic,4,0.0051948051948051
0.0,0.001,0.0,0.0,0.0,3131,34,True,True,0,0.024011850357055664,{},False,,key4_asymptotic_final_key_0.001,11,final_key,0.001,asymptotic,4,0.0051948051948051
0.0,0.001,0.0,0.0,0.0,3131,34,True,True,0,0.025271177291870117,{},False,,key4_asymptotic_final_key_0.001,12,final_key,0.001,asymptotic,4,0.0051948051948051
0.0,0.001,0.0,0.0,0.0,3131,34,True,True,0,0.028044939041137695,{},False,,key4_asymptotic_final_key_0.001,13,final_key,0.001,asymptotic,4,0.0051948051948051
0.0,0.001,0.0,0.0,0.0005787037037037037,3131,34,False,False,1560,0.025032758712768555,{},False,,key4_asymptotic_final_key_0.001,14,final_key,0.001,asymptotic,4,0.0051948051948051
0.0,0.001,0.0,0.0,0.0,3131,34,True,True,0,0.029737472534179688,{},False,,key4_asymptotic_final_key_0.001,15,final_key,0.001,asymptotic,4,0.0051948051948051
0.0,0.001,0.0,0.0,0.0,3131,34,True,True,0,0.028321266174316406,{},False,,key4_asymptotic_final_key_0.001,16,final_key,0.001,asymptotic,4,0.0051948051948051
0.0,0.001,0.0,0.0,0.0,3131,34,True,True,0,0.02309727668762207,{},False,,key4_asymptotic_final_key_0.001,17,final_key,0.001,asymptotic,4,0.0051948051948051
0.0,0.001,0.0,0.0,0.0,3131,34,True,True,0,0.024072885513305664,{},False,,key4_asymptotic_final_key_0.001,18,final_key,0.001,asymptotic,4,0.0051948051948051
0.0,0.001,0.0,0.0,0.0,3131,34,True,True,0,0.0258786678314209,{},False,,key4_asymptotic_final_key_0.001,19,final_key,0.001,asymptotic,4,0.0051948051948051
0.0,0.0,0.5,0.0,0.005497685185185185,3131,34,False,False,1577,0.030667543411254883,{'reconciliation_state': 15},False,,key4_asymptotic_reconciliation_0.5,0,reconciliation,0.5,asymptotic,4,0.0051948051948051
0.0,0.0,0.5,0.0,0.004629629629629629,3131,34,False,False,1565,0.028223514556884766,{'reconciliation_state': 10},False,,key4_asymptotic_reconciliation_0.5,1,reconciliation,0.5,asymptotic,4,0.0051948051948051
0.0,0.0,0.5,0.0,0.005497685185185185,3131,34,False,False,1569,0.03422284126281738,{'reconciliation_state': 14},False,,key4_asymptotic_reconciliation_0.5,2,reconciliation,0.5,asymptotic,4,0.0051948051948051
0.0,0.0,0.5,0.0,0.004050925925925926,3131,34,False,False,1544,0.025866985321044922,{'reconciliation_state': 10},False,,key4_asymptotic_reconciliation_0.5,3,reconciliation,0.5,asymptotic,4,0.0051948051948051
0.0,0.0,0.5,0.0,0.005787037037037037,3131,34,False,False,1549,0.028603315353393555,{'reconciliation_state': 12},False,,key4_asymptotic_reconciliation_0.5,4,reconciliation,0.5,asymptotic,4,0.0051948051948051
0.0,0.0,0.5,0.0,0.006076388888888889,3131,34,False,False,1501,0.025572538375854492,{'reconciliation_state': 11},False,,key4_asymptotic_reconciliation_0.5,5,reconciliation,0.5,asymptotic,4,0.0051948051948051
0.0,0.0,0.5,0.0,0.006655092592592593,3131,34,False,False,1533,0.02520608901977539,{'reconciliation_state': 16},False,,key4_asymptotic_reconciliation_0.5,6,reconciliation,0.5,asymptotic,4,0.0051948051948051
0.0,0.0,0.5,0.0,0.006655092592592593,3131,34,False,False,1528,0.0284879207611084,{'reconciliation_state': 14},False,,key4_asymptotic_reconciliation_0.5,7,reconciliation,0.5,asymptotic,4,0.0051948051948051
0.0,0.0,0.5,0.0,0.00636574074074074,3131,34,False,False,1593,0.03077983856201172,{'reconciliation_state': 15},False,,key4_asymptotic_reconciliation_0.5,8,reconciliation,0.5,asymptotic,4,0.0051948051948051
0.0,0.0,0.5,0.0,0.004629629629629629,3131,34,False,False,1553,0.03220558166503906,{'reconciliation_state': 12},False,,key4_asymptotic_reconciliation_0.5,9,reconciliation,0.5,asymptotic,4,0.0051948051948051
0.0,0.0,0.5,0.0,0.005787037037037037,3131,34,False,False,1574,0.03152775764465332,{'reconciliation_state': 14},False,,key4_asymptotic_reconciliation_0.5,10,reconciliation,0.5,asymptotic,4,0.0051948051948051
0.0,0.0,0.5,0.0,0.006076388888888889,3131,34,False,False,1574,0.032364845275878906,{'reconciliation_state': 18},False,,key4_asymptotic_reconciliation_0.5,11,reconciliation,0.5,asymptotic,4,0.0051948051948051
0.0,0.0,0.5,0.0,0.004340277777777778,3131,34,False,False,1618,0.03421187400817871,{'reconciliation_state': 15},False,,key4_asymptotic_reconciliation_0.5,12,reconciliation,0.5,asymptotic,4,0.0051948051948051
0.0,0.0,0.5,0.0,0.00636574074074074,3131,34,False,False,1550,0.0265653133392334,{'reconciliation_state': 14},False,,key4_asymptotic_reconciliation_0.5,13,reconciliation,0.5,asymptotic,4,0.0051948051948051
0.0,0.0,0.5,0.0,0.006655092592592593,3131,34,False,False,1606,0.029526710510253906,{'reconciliation_state': 15},False,,key4_asymptotic_reconciliation_0.5,14,reconciliation,0.5,asymptotic,4,0.0051948051948051
0.0,0.0,0.5,0.0,0.008101851851851851,3131,34,False,False,1556,0.027611970901489258,{'reconciliation_state': 15},False,,key4_asymptotic_reconciliation_0.5,15,reconciliation,0.5,asymptotic,4,0.0051948051948051
0.0,0.0,0.5,0.0,0.006076388888888889,3131,34,False,False,1554,0.031553030014038086,{'reconciliation_state': 11},False,,key4_asymptotic_reconciliation_0.5,16,reconciliation,0.5,asymptotic,4,0.0051948051948051
0.0,0.0,0.5,0.0,0.005497685185185185,3131,34,False,False,1608,0.028450965881347656,{'reconciliation_state': 9},False,,key4_asymptotic_reconciliation_0.5,17,reconciliation,0.5,asymptotic,4,0.0051948051948051
0.0,0.0,0.5,0.0,0.004340277777777778,3131,34,False,False,1567,0.030939340591430664,{'reconciliation_state': 13},False,,key4_asymptotic_reconciliation_0.5,18,reconciliation,0.5,asymptotic,4,0.0051948051948051
0.0,0.0,0.5,0.0,0.0078125,3131,34,False,False,1589,0.03334617614746094,{'reconciliation_state': 16},False,,key4_asymptotic_reconciliation_0.5,19,reconciliation,0.5,asymptotic,4,0.0051948051948051
0.0,0.0,0.3,0.0,0.003761574074074074,3131,34,False,False,1580,0.05259895324707031,{'reconciliation_state': 12},False,,key4_asymptotic_reconciliation_0.3,0,reconciliation,0.3,asymptotic,4,0.0051948051948051
0.0,0.0,0.3,0.0,0.004629629629629629,3131,34,False,False,1622,0.033565521240234375,{'reconciliation_state': 2},False,,key4_asymptotic_reconciliation_0.3,1,reconciliation,0.3,asymptotic,4,0.0051948051948051
0.0,0.0,0.3,0.0,0.0028935185185185184,3131,34,False,False,1562,0.03156924247741699,{'reconciliation_state': 10},False,,key4_asymptotic_reconciliation_0.3,2,reconciliation,0.3,asymptotic,4,0.0051948051948051
0.0,0.0,0.3,0.0,0.0023148148148148147,3131,34,False,False,1513,0.03150773048400879,{'reconciliation_state': 7},False,,key4_asymptotic_reconciliation_0.3,3,reconciliation,0.3,asymptotic,4,0.0051948051948051
0.0,0.0,0.3,0.0,0.00318287037037037,3131,34,False,False,1571,0.03062891960144043,{'reconciliation_state': 8},False,,key4_asymptotic_reconciliation_0.3,4,reconciliation,0.3,asymptotic,4,0.0051948051948051
0.0,0.0,0.3,0.0,0.003472222222222222,3131,34,False,False,1518,0.030563831329345703,{'reconciliation_state': 11},False,,key4_asymptotic_reconciliation_0.3,5,reconciliation,0.3,asymptotic,4,0.0051948051948051
0.0,0.0,0.3,0.0,0.003761574074074074,3131,34,False,False,1570,0.028599977493286133,{'reconciliation_state': 10},False,,key4_asymptotic_reconciliation_0.3,6,reconciliation,0.3,asymptotic,4,0.0051948051948051
0.0,0.0,0.3,0.0,0.0028935185185185184,3131,34,False,False,1587,0.028563976287841797,{'reconciliation_state': 10},False,,key4_asymptotic_reconciliation_0.3,7,reconciliation,0.3,asymptotic,4,0.0051948051948051
0.0,0.0,0.3,0.0,0.004050925925925926,3131,34,False,False,1533,0.029308080673217773,{'reconciliation_state': 10},False,,key4_asymptotic_reconciliation_0.3,8,reconciliation,0.3,asymptotic,4,0.0051948051948051
0.0,0.0,0.3,0.0,0.0023148148148148147,3131,34,False,False,1545,0.030714988708496094,{'reconciliation_state': 8},False,,key4_asymptotic_reconciliation_0.3,9,reconciliation,0.3,asymptotic,4,0.0051948051948051
0.0,0.0,0.3,0.0,0.004340277777777778,3131,34,False,False,1532,0.04661822319030762,{'reconciliation_state': 14},False,,key4_asymptotic_reconciliation_0.3,10,reconciliation,0.3,asymptotic,4,0.0051948051948051
0.0,0.0,0.3,0.0,0.0026041666666666665,3131,34,False,False,1515,0.03507852554321289,{'reconciliation_state': 8},False,,key4_asymptotic_reconciliation_0.3,11,reconciliation,0.3,asymptotic,4,0.0051948051948051
0.0,0.0,0.3,0.0,0.0026041666666666665,3131,34,False,False,1549,0.030302047729492188,{'reconciliation_state': 8},False,,key4_asymptotic_reconciliation_0.3,12,reconciliation,0.3,asymptotic,4,0.0051948051948051
0.0,0.0,0.3,0.0,0.0023148148148148147,3131,34,False,False,1509,0.030366182327270508,{'reconciliation_state': 7},False,,key4_asymptotic_reconciliation_0.3,13,reconciliation,0.3,asymptotic,4,0.0051948051948051
0.0,0.0,0.3,0.0,0.004629629629629629,3131,34,False,False,1578,0.0353851318359375,{'reconciliation_state': 13},False,,key4_asymptotic_reconciliation_0.3,14,reconciliation,0.3,asymptotic,4,0.0051948051948051
0.0,0.0,0.3,0.0,0.006076388888888889,3131,34,False,False,1553,0.027380943298339844,{'reconciliation_state': 12},False,,key4_asymptotic_reconciliation_0.3,15,reconciliation,0.3,asymptotic,4,0.0051948051948051
0.0,0.0,0.3,0.0,0.003472222222222222,3131,34,False,False,1616,0.027439117431640625,{'reconciliation_state': 10},False,,key4_asymptotic_reconciliation_0.3,16,reconciliation,0.3,asymptotic,4,0.0051948051948051
0.0,0.0,0.3,0.0,0.003761574074074074,3131,34,False,False,1518,0.028484821319580078,{'reconciliation_state': 8},False,,key4_asymptotic_reconciliation_0.3,17,reconciliation,0.3,asymptotic,4,0.0051948051948051
0.0,0.0,0.3,0.0,0.0026041666666666665,3131,34,False,False,1525,0.030764102935791016,{'reconciliation_state': 9},False,,key4_asymptotic_reconciliation_0.3,18,reconciliation,0.3,asymptotic,4,0.0051948051948051
0.0,0.0,0.3,0.0,0.004629629629629629,3131,34,False,False,1589,0.027986764907836914,{'reconciliation_state': 9},False,,key4_asymptotic_reconciliation_0.3,19,reconciliation,0.3,asymptotic,4,0.0051948051948051
0.0,0.0,0.1,0.0,0.0005787037037037037,3131,34,False,False,1599,0.029271364212036133,{'reconciliation_state': 2},False,,key4_asymptotic_reconciliation_0.1,0,reconciliation,0.1,asymptotic,4,0.0051948051948051
0.0,0.0,0.1,0.0,0.004629629629629629,3131,34,False,False,1552,0.02240777015686035,{'reconciliation_state': 2},False,,key4_asymptotic_reconciliation_0.1,1,reconciliation,0.1,asymptotic,4,0.0051948051948051
0.0,0.0,0.1,0.0,0.001736111111111111,3131,34,False,False,1547,0.03263378143310547,{'reconciliation_state': 6},False,,key4_asymptotic_reconciliation_0.1,2,reconciliation,0.1,asymptotic,4,0.0051948051948051
0.0,0.0,0.1,0.0,0.00028935185185185184,3131,34,False,False,1591,0.025437116622924805,{'reconciliation_state': 1},False,,key4_asymptotic_reconciliation_0.1,3,reconciliation,0.1,asymptotic,4,0.0051948051948051
0.0,0.0,0.1,0.0,0.0008680555555555555,3131,34,False,False,1625,0.02690744400024414,{'reconciliation_state': 3},False,,key4_asymptotic_reconciliation_0.1,4,reconciliation,0.1,asymptotic,4,0.0051948051948051
0.0,0.0,0.1,0.0,0.001736111111111111,3131,34,False,False,1560,0.0313570499420166,{'reconciliation_state': 6},False,,key4_asymptotic_reconciliation_0.1,5,reconciliation,0.1,asymptotic,4,0.0051948051948051
0.0,0.0,0.1,0.0,0.0008680555555555555,3131,34,False,False,1576,0.028941631317138672,{'reconciliation_state': 3},False,,key4_asymptotic_reconciliation_0.1,6,reconciliation,0.1,asymptotic,4,0.0051948051948051
0.0,0.0,0.1,0.0,0.0008680555555555555,3131,34,False,False,1602,0.027047157287597656,{'reconciliation_state': 3},False,,key4_asymptotic_reconciliation_0.1,7,reconciliation,0.1,asymptotic,4,0.0051948051948051
0.0,0.0,0.1,0.0,0.001736111111111111,3131,34,False,False,1612,0.027241945266723633,{'reconciliation_state': 5},False,,key4_asymptotic_reconciliation_0.1,8,reconciliation,0.1,asymptotic,4,0.0051948051948051
0.0,0.0,0.1,0.0,0.0011574074074074073,3131,34,False,False,1547,0.028857946395874023,{'reconciliation_state': 4},False,,key4_asymptotic_reconciliation_0.1,9,reconciliation,0.1,asymptotic,4,0.0051948051948051
0.0,0.0,0.1,0.0,0.001736111111111111,3131,34,False,False,1598,0.02814936637878418,{'reconciliation_state': 5},False,,key4_asymptotic_reconciliation_0.1,10,reconciliation,0.1,asymptotic,4,0.0051948051948051
0.0,0.0,0.1,0.0,0.002025462962962963,3131,34,False,False,1534,0.030711650848388672,{'reconciliation_state': 5},False,,key4_asymptotic_reconciliation_0.1,11,reconciliation,0.1,asymptotic,4,0.0051948051948051
0.0,0.0,0.1,0.0,0.0011574074074074073,3131,34,False,False,1581,0.03107285499572754,{'reconciliation_state': 4},False,,key4_asymptotic_reconciliation_0.1,12,reconciliation,0.1,asymptotic,4,0.0051948051948051
0.0,0.0,0.1,0.0,0.0005787037037037037,3131,34,False,False,1532,0.02950310707092285,{'reconciliation_state': 2},False,,key4_asymptotic_reconciliation_0.1,13,reconciliation,0.1,asymptotic,4,0.0051948051948051
0.0,0.0,0.1,0.0,0.0014467592592592592,3131,34,False,False,1559,0.029009103775024414,{'reconciliation_state': 3},False,,key4_asymptotic_reconciliation_0.1,14,reconciliation,0.1,asymptotic,4,0.0051948051948051
0.0,0.0,0.1,0.0,0.0008680555555555555,3131,34,False,False,1552,0.028726816177368164,{'reconciliation_state': 3},False,,key4_asymptotic_reconciliation_0.1,15,reconciliation,0.1,asymptotic,4,0.0051948051948051
0.0,0.0,0.1,0.0,0.0026041666666666665,3131,34,False,False,1587,0.027687549591064453,{'reconciliation_state': 5},False,,key4_asymptotic_reconciliation_0.1,16,reconciliation,0.1,asymptotic,4,0.0051948051948051
0.0,0.0,0.1,0.0,0.001736111111111111,3131,34,False,False,1558,0.02473282814025879,{'reconciliation_state': 4},False,,key4_asymptotic_reconciliation_0.1,17,reconciliation,0.1,asymptotic,4,0.0051948051948051
0.0,0.0,0.1,0.0,0.0005787037037037037,3131,34,False,False,1553,0.02964949607849121,{'reconciliation_state': 2},False,,key4_asymptotic_reconciliation_0.1,18,reconciliation,0.1,asymptotic,4,0.0051948051948051
0.0,0.0,0.1,0.0,0.0005787037037037037,3131,34,False,False,1551,0.028298377990722656,{'reconciliation_state': 2},False,,key4_asymptotic_reconciliation_0.1,19,reconciliation,0.1,asymptotic,4,0.0051948051948051
0.0,0.0,0.05,0.0,0.00028935185185185184,3131,34,False,False,1541,0.027286291122436523,{'reconciliation_state': 1},False,,key4_asymptotic_reconciliation_0.05,0,reconciliation,0.05,asymptotic,4,0.0051948051948051
0.0,0.0,0.05,0.0,0.0005787037037037037,3131,34,False,False,1612,0.029836654663085938,{'reconciliation_state': 2},False,,key4_asymptotic_reconciliation_0.05,1,reconciliation,0.05,asymptotic,4,0.0051948051948051
0.0,0.0,0.05,0.0,0.00028935185185185184,3131,34,False,False,1531,0.02884840965270996,{'reconciliation_state': 1},False,,key4_asymptotic_reconciliation_0.05,2,reconciliation,0.05,asymptotic,4,0.0051948051948051
0.0,0.0,0.05,0.0,0.0,3131,34,True,True,0,0.024322032928466797,{},False,,key4_asymptotic_reconciliation_0.05,3,reconciliation,0.05,asymptotic,4,0.0051948051948051
0.0,0.0,0.05,0.0,0.00028935185185185184,3131,34,False,False,1567,0.026411056518554688,{'reconciliation_state': 1},False,,key4_asymptotic_reconciliation_0.05,4,reconciliation,0.05,asymptotic,4,0.0051948051948051
0.0,0.0,0.05,0.0,0.001736111111111111,3131,34,False,False,1568,0.027321815490722656,{'reconciliation_state': 4},False,,key4_asymptotic_reconciliation_0.05,5,reconciliation,0.05,asymptotic,4,0.0051948051948051
0.0,0.0,0.05,0.0,0.00028935185185185184,3131,34,False,False,1553,0.02802300453186035,{'reconciliation_state': 1},False,,key4_asymptotic_reconciliation_0.05,6,reconciliation,0.05,asymptotic,4,0.0051948051948051
0.0,0.0,0.05,0.0,0.0,3131,34,True,True,0,0.024247169494628906,{},False,,key4_asymptotic_reconciliation_0.05,7,reconciliation,0.05,asymptotic,4,0.0051948051948051
0.0,0.0,0.05,0.0,0.0005787037037037037,3131,34,False,False,1565,0.029546737670898438,{'reconciliation_state': 2},False,,key4_asymptotic_reconciliation_0.05,8,reconciliation,0.05,asymptotic,4,0.0051948051948051
0.0,0.0,0.05,0.0,0.0005787037037037037,3131,34,False,False,1548,0.030777931213378906,{'reconciliation_state': 2},False,,key4_asymptotic_reconciliation_0.05,9,reconciliation,0.05,asymptotic,4,0.0051948051948051
0.0,0.0,0.05,0.0,0.0008680555555555555,3131,34,False,False,1605,0.02758955955505371,{'reconciliation_state': 3},False,,key4_asymptotic_reconciliation_0.05,10,reconciliation,0.05,asymptotic,4,0.0051948051948051
0.0,0.0,0.05,0.0,0.0005787037037037037,3131,34,False,False,1506,0.025480270385742188,{'reconciliation_state': 2},False,,key4_asymptotic_reconciliation_0.05,11,reconciliation,0.05,asymptotic,4,0.0051948051948051
0.0,0.0,0.05,0.0,0.0005787037037037037,3131,34,False,False,1569,0.028239727020263672,{'reconciliation_state': 2},False,,key4_asymptotic_reconciliation_0.05,12,reconciliation,0.05,asymptotic,4,0.0051948051948051
0.0,0.0,0.05,0.0,0.0,3131,34,True,True,0,0.027618408203125,{},False,,key4_asymptotic_reconciliation_0.05,13,reconciliation,0.05,asymptotic,4,0.0051948051948051
0.0,0.0,0.05,0.0,0.0011574074074074073,3131,34,False,False,1551,0.026819229125976562,{'reconciliation_state': 2},False,,key4_asymptotic_reconciliation_0.05,14,reconciliation,0.05,asymptotic,4,0.0051948051948051
0.0,0.0,0.05,0.0,0.0005787037037037037,3131,34,False,False,1515,0.03163290023803711,{'reconciliation_state': 2},False,,key4_asymptotic_reconciliation_0.05,15,reconciliation,0.05,asymptotic,4,0.0051948051948051
0.0,0.0,0.05,0.0,0.0008680555555555555,3131,34,False,False,1581,0.030354022979736328,{'reconciliation_state': 3},False,,key4_asymptotic_reconciliation_0.05,16,reconciliation,0.05,asymptotic,4,0.0051948051948051
0.0,0.0,0.05,0.0,0.0008680555555555555,3131,34,False,False,1586,0.026747703552246094,{'reconciliation_state': 3},False,,key4_asymptotic_reconciliation_0.05,17,reconciliation,0.05,asymptotic,4,0.0051948051948051
0.0,0.0,0.05,0.0,0.0005787037037037037,3131,34,False,False,1577,0.035051822662353516,{'reconciliation_state': 2},False,,key4_asymptotic_reconciliation_0.05,18,reconciliation,0.05,asymptotic,4,0.0051948051948051
0.0,0.0,0.05,0.0,0.00028935185185185184,3131,34,False,False,1560,0.02624964714050293,{'reconciliation_state': 1},False,,key4_asymptotic_reconciliation_0.05,19,reconciliation,0.05,asymptotic,4,0.0051948051948051
0.0,0.0,0.03,0.0,0.00028935185185185184,3131,34,False,False,1540,0.028711795806884766,{'reconciliation_state': 1},False,,key4_asymptotic_reconciliation_0.03,0,reconciliation,0.03,asymptotic,4,0.0051948051948051
0.0,0.0,0.03,0.0,0.0,3131,34,True,True,0,0.02442646026611328,{},False,,key4_asymptotic_reconciliation_0.03,1,reconciliation,0.03,asymptotic,4,0.0051948051948051
0.0,0.0,0.03,0.0,0.00028935185185185184,3131,34,False,False,1608,0.027129173278808594,{'reconciliation_state': 1},False,,key4_asymptotic_reconciliation_0.03,2,reconciliation,0.03,asymptotic,4,0.0051948051948051
0.0,0.0,0.03,0.0,0.0,3131,34,True,True,0,0.023601531982421875,{},False,,key4_asymptotic_reconciliation_0.03,3,reconciliation,0.03,asymptotic,4,0.0051948051948051
0.0,0.0,0.03,0.0,0.00028935185185185184,3131,34,False,False,1546,0.027422428131103516,{'reconciliation_state': 1},False,,key4_asymptotic_reconciliation_0.03,4,reconciliation,0.03,asymptotic,4,0.0051948051948051
0.0,0.0,0.03,0.0,0.0005787037037037037,3131,34,False,False,1542,0.031003952026367188,{'reconciliation_state': 2},False,,key4_asymptotic_reconciliation_0.03,5,reconciliation,0.03,asymptotic,4,0.0051948051948051
0.0,0.0,0.03,0.0,0.00028935185185185184,3131,34,False,False,1580,0.03255963325500488,{'reconciliation_state': 1},False,,key4_asymptotic_reconciliation_0.03,6,reconciliation,0.03,asymptotic,4,0.0051948051948051
0.0,0.0,0.03,0.0,0.0,3131,34,True,True,0,0.024491548538208008,{},False,,key4_asymptotic_reconciliation_0.03,7,reconciliation,0.03,asymptotic,4,0.0051948051948051
0.0,0.0,0.03,0.0,0.0005787037037037037,3131,34,False,False,1579,0.027205944061279297,{'reconciliation_state': 2},False,,key4_asymptotic_reconciliation_0.03,8,reconciliation,0.03,asymptotic,4,0.0051948051948051
0.0,0.0,0.03,0.0,0.0005787037037037037,3131,34,False,False,1588,0.02840876579284668,{'reconciliation_state': 2},False,,key4_asymptotic_reconciliation_0.03,9,reconciliation,0.03,asymptotic,4,0.0051948051948051
0.0,0.0,0.03,0.0,0.00028935185185185184,3131,34,False,False,1562,0.028748273849487305,{'reconciliation_state': 1},False,,key4_asymptotic_reconciliation_0.03,10,reconciliation,0.03,asymptotic,4,0.0051948051948051
0.0,0.0,0.03,0.0,0.00028935185185185184,3131,34,False,False,1573,0.025078535079956055,{'reconciliation_state': 1},False,,key4_asymptotic_reconciliation_0.03,11,reconciliation,0.03,asymptotic,4,0.0051948051948051
0.0,0.0,0.03,0.0,0.00028935185185185184,3131,34,False,False,1588,0.027193307876586914,{'reconciliation_state': 1},False,,key4_asymptotic_reconciliation_0.03,12,reconciliation,0.03,asymptotic,4,0.0051948051948051
0.0,0.0,0.03,0.0,0.0,3131,34,True,True,0,0.029436111450195312,{},False,,key4_asymptotic_reconciliation_0.03,13,reconciliation,0.03,asymptotic,4,0.0051948051948051
0.0,0.0,0.03,0.0,0.0008680555555555555,3131,34,False,False,1562,0.02523660659790039,{'reconciliation_state': 1},False,,key4_asymptotic_reconciliation_0.03,14,reconciliation,0.03,asymptotic,4,0.0051948051948051
0.0,0.0,0.03,0.0,0.0005787037037037037,3131,34,False,False,1579,0.03149890899658203,{'reconciliation_state': 2},False,,key4_asymptotic_reconciliation_0.03,15,reconciliation,0.03,asymptotic,4,0.0051948051948051
0.0,0.0,0.03,0.0,0.0008680555555555555,3131,34,False,False,1599,0.028374671936035156,{'reconciliation_state': 3},False,,key4_asymptotic_reconciliation_0.03,16,reconciliation,0.03,asymptotic,4,0.0051948051948051
0.0,0.0,0.03,0.0,0.0008680555555555555,3131,34,False,False,1534,0.027012109756469727,{'reconciliation_state': 3},False,,key4_asymptotic_reconciliation_0.03,17,reconciliation,0.03,asymptotic,4,0.0051948051948051
0.0,0.0,0.03,0.0,0.0005787037037037037,3131,34,False,False,1563,0.029656648635864258,{'reconciliation_state': 2},False,,key4_asymptotic_reconciliation_0.03,18,reconciliation,0.03,asymptotic,4,0.0051948051948051
0.0,0.0,0.03,0.0,0.00028935185185185184,3131,34,False,False,1580,0.02553558349609375,{'reconciliation_state': 1},False,,key4_asymptotic_reconciliation_0.03,19,reconciliation,0.03,asymptotic,4,0.0051948051948051
0.0,0.0,0.01,0.0,0.0,3131,34,True,True,0,0.02470541000366211,{},False,,key4_asymptotic_reconciliation_0.01,0,reconciliation,0.01,asymptotic,4,0.0051948051948051
0.0,0.0,0.01,0.0,0.0,3131,34,True,True,0,0.0233767032623291,{},False,,key4_asymptotic_reconciliation_0.01,1,reconciliation,0.01,asymptotic,4,0.0051948051948051
0.0,0.0,0.01,0.0,0.00028935185185185184,3131,34,False,False,1568,0.027325153350830078,{'reconciliation_state': 1},False,,key4_asymptotic_reconciliation_0.01,2,reconciliation,0.01,asymptotic,4,0.0051948051948051
0.0,0.0,0.01,0.0,0.0,3131,34,True,True,0,0.023657560348510742,{},False,,key4_asymptotic_reconciliation_0.01,3,reconciliation,0.01,asymptotic,4,0.0051948051948051
0.0,0.0,0.01,0.0,0.0,3131,34,True,True,0,0.02791118621826172,{},False,,key4_asymptotic_reconciliation_0.01,4,reconciliation,0.01,asymptotic,4,0.0051948051948051
0.0,0.0,0.01,0.0,0.0,3131,34,True,True,0,0.029836416244506836,{},False,,key4_asymptotic_reconciliation_0.01,5,reconciliation,0.01,asymptotic,4,0.0051948051948051
0.0,0.0,0.01,0.0,0.0,3131,34,True,True,0,0.02295660972595215,{},False,,key4_asymptotic_reconciliation_0.01,6,reconciliation,0.01,asymptotic,4,0.0051948051948051
0.0,0.0,0.01,0.0,0.0,3131,34,True,True,0,0.023492097854614258,{},False,,key4_asymptotic_reconciliation_0.01,7,reconciliation,0.01,asymptotic,4,0.0051948051948051
0.0,0.0,0.01,0.0,0.00028935185185185184,3131,34,False,False,1565,0.026863574981689453,{'reconciliation_state': 1},False,,key4_asymptotic_reconciliation_0.01,8,reconciliation,0.01,asymptotic,4,0.0051948051948051
0.0,0.0,0.01,0.0,0.0,3131,34,True,True,0,0.024013519287109375,{},False,,key4_asymptotic_reconciliation_0.01,9,reconciliation,0.01,asymptotic,4,0.0051948051948051
0.0,0.0,0.01,0.0,0.0,3131,34,True,True,0,0.02623462677001953,{},False,,key4_asymptotic_reconciliation_0.01,10,reconciliation,0.01,asymptotic,4,0.0051948051948051
0.0,0.0,0.01,0.0,0.0,3131,34,True,True,0,0.02667403221130371,{},False,,key4_asymptotic_reconciliation_0.01,11,reconciliation,0.01,asymptotic,4,0.0051948051948051
0.0,0.0,0.01,0.0,0.0,3131,34,True,True,0,0.025517702102661133,{},False,,key4_asymptotic_reconciliation_0.01,12,reconciliation,0.01,asymptotic,4,0.0051948051948051
0.0,0.0,0.01,0.0,0.0,3131,34,True,True,0,0.02792215347290039,{},False,,key4_asymptotic_reconciliation_0.01,13,reconciliation,0.01,asymptotic,4,0.0051948051948051
0.0,0.0,0.01,0.0,0.0008680555555555555,3131,34,False,False,1565,0.024476051330566406,{'reconciliation_state': 1},False,,key4_asymptotic_reconciliation_0.01,14,reconciliation,0.01,asymptotic,4,0.0051948051948051
0.0,0.0,0.01,0.0,0.00028935185185185184,3131,34,False,False,1571,0.028659343719482422,{'reconciliation_state': 1},False,,key4_asymptotic_reconciliation_0.01,15,reconciliation,0.01,asymptotic,4,0.0051948051948051
0.0,0.0,0.01,0.0,0.00028935185185185184,3131,34,False,False,1587,0.028674840927124023,{'reconciliation_state': 1},False,,key4_asymptotic_reconciliation_0.01,16,reconciliation,0.01,asymptotic,4,0.0051948051948051
0.0,0.0,0.01,0.0,0.0,3131,34,True,True,0,0.02323770523071289,{},False,,key4_asymptotic_reconciliation_0.01,17,reconciliation,0.01,asymptotic,4,0.0051948051948051
0.0,0.0,0.01,0.0,0.0,3131,34,True,True,0,0.02487039566040039,{},False,,key4_asymptotic_reconciliation_0.01,18,reconciliation,0.01,asymptotic,4,0.0051948051948051
0.0,0.0,0.01,0.0,0.0,3131,34,True,True,0,0.025864362716674805,{},False,,key4_asymptotic_reconciliation_0.01,19,reconciliation,0.01,asymptotic,4,0.0051948051948051
0.0,0.0,0.003,0.0,0.0,3131,34,True,True,0,0.02478957176208496,{},False,,key4_asymptotic_reconciliation_0.003,0,reconciliation,0.003,asymptotic,4,0.0051948051948051
0.0,0.0,0.003,0.0,0.0,3131,34,True,True,0,0.023568391799926758,{},False,,key4_asymptotic_reconciliation_0.003,1,reconciliation,0.003,asymptotic,4,0.0051948051948051
0.0,0.0,0.003,0.0,0.0,3131,34,True,True,0,0.026709318161010742,{},False,,key4_asymptotic_reconciliation_0.003,2,reconciliation,0.003,asymptotic,4,0.0051948051948051
0.0,0.0,0.003,0.0,0.0,3131,34,True,True,0,0.02552342414855957,{},False,,key4_asymptotic_reconciliation_0.003,3,reconciliation,0.003,asymptotic,4,0.0051948051948051
0.0,0.0,0.003,0.0,0.0,3131,34,True,True,0,0.029947280883789062,{},False,,key4_asymptotic_reconciliation_0.003,4,reconciliation,0.003,asymptotic,4,0.0051948051948051
0.0,0.0,0.003,0.0,0.0,3131,34,True,True,0,0.02697443962097168,{},False,,key4_asymptotic_reconciliation_0.003,5,reconciliation,0.003,asymptotic,4,0.0051948051948051
0.0,0.0,0.003,0.0,0.0,3131,34,True,True,0,0.02475285530090332,{},False,,key4_asymptotic_reconciliation_0.003,6,reconciliation,0.003,asymptotic,4,0.0051948051948051
0.0,0.0,0.003,0.0,0.0,3131,34,True,True,0,0.02308058738708496,{},False,,key4_asymptotic_reconciliation_0.003,7,reconciliation,0.003,asymptotic,4,0.0051948051948051
0.0,0.0,0.003,0.0,0.0,3131,34,True,True,0,0.025185823440551758,{},False,,key4_asymptotic_reconciliation_0.003,8,reconciliation,0.003,asymptotic,4,0.0051948051948051
0.0,0.0,0.003,0.0,0.0,3131,34,True,True,0,0.025862455368041992,{},False,,key4_asymptotic_reconciliation_0.003,9,reconciliation,0.003,asymptotic,4,0.0051948051948051
0.0,0.0,0.003,0.0,0.0,3131,34,True,True,0,0.027379512786865234,{},False,,key4_asymptotic_reconciliation_0.003,10,reconciliation,0.003,asymptotic,4,0.0051948051948051
0.0,0.0,0.003,0.0,0.0,3131,34,True,True,0,0.024100303649902344,{},False,,key4_asymptotic_reconciliation_0.003,11,reconciliation,0.003,asymptotic,4,0.0051948051948051
0.0,0.0,0.003,0.0,0.0,3131,34,True,True,0,0.026139497756958008,{},False,,key4_asymptotic_reconciliation_0.003,12,reconciliation,0.003,asymptotic,4,0.0051948051948051
0.0,0.0,0.003,0.0,0.0,3131,34,True,True,0,0.027635812759399414,{},False,,key4_asymptotic_reconciliation_0.003,13,reconciliation,0.003,asymptotic,4,0.0051948051948051
0.0,0.0,0.003,0.0,0.0005787037037037037,3131,34,False,False,1567,0.028762340545654297,{},False,,key4_asymptotic_reconciliation_0.003,14,reconciliation,0.003,asymptotic,4,0.0051948051948051
0.0,0.0,0.003,0.0,0.0,3131,34,True,True,0,0.03124260902404785,{},False,,key4_asymptotic_reconciliation_0.003,15,reconciliation,0.003,asymptotic,4,0.0051948051948051
0.0,0.0,0.003,0.0,0.00028935185185185184,3131,34,False,False,1584,0.028645992279052734,{'reconciliation_state': 1},False,,key4_asymptotic_reconciliation_0.003,16,reconciliation,0.003,asymptotic,4,0.0051948051948051
0.0,0.0,0.003,0.0,0.0,3131,34,True,True,0,0.023365259170532227,{},False,,key4_asymptotic_reconciliation_0.003,17,reconciliation,0.003,asymptotic,4,0.0051948051948051
0.0,0.0,0.003,0.0,0.0,3131,34,True,True,0,0.0246732234954834,{},False,,key4_asymptotic_reconciliation_0.003,18,reconciliation,0.003,asymptotic,4,0.0051948051948051
0.0,0.0,0.003,0.0,0.0,3131,34,True,True,0,0.025653600692749023,{},False,,key4_asymptotic_reconciliation_0.003,19,reconciliation,0.003,asymptotic,4,0.0051948051948051
0.0,0.0,0.001,0.0,0.0,3131,34,True,True,0,0.02676105499267578,{},False,,key4_asymptotic_reconciliation_0.001,0,reconciliation,0.001,asymptotic,4,0.0051948051948051
0.0,0.0,0.001,0.0,0.0,3131,34,True,True,0,0.023649930953979492,{},False,,key4_asymptotic_reconciliation_0.001,1,reconciliation,0.001,asymptotic,4,0.0051948051948051
0.0,0.0,0.001,0.0,0.0,3131,34,True,True,0,0.027731895446777344,{},False,,key4_asymptotic_reconciliation_0.001,2,reconciliation,0.001,asymptotic,4,0.0051948051948051
0.0,0.0,0.001,0.0,0.0,3131,34,True,True,0,0.02551436424255371,{},False,,key4_asymptotic_reconciliation_0.001,3,reconciliation,0.001,asymptotic,4,0.0051948051948051
0.0,0.0,0.001,0.0,0.0,3131,34,True,True,0,0.025496959686279297,{},False,,key4_asymptotic_reconciliation_0.001,4,reconciliation,0.001,asymptotic,4,0.0051948051948051
0.0,0.0,0.001,0.0,0.0,3131,34,True,True,0,0.027677536010742188,{},False,,key4_asymptotic_reconciliation_0.001,5,reconciliation,0.001,asymptotic,4,0.0051948051948051
0.0,0.0,0.001,0.0,0.0,3131,34,True,True,0,0.0256805419921875,{},False,,key4_asymptotic_reconciliation_0.001,6,reconciliation,0.001,asymptotic,4,0.0051948051948051
0.0,0.0,0.001,0.0,0.0,3131,34,True,True,0,0.023793935775756836,{},False,,key4_asymptotic_reconciliation_0.001,7,reconciliation,0.001,asymptotic,4,0.0051948051948051
0.0,0.0,0.001,0.0,0.0,3131,34,True,True,0,0.025445222854614258,{},False,,key4_asymptotic_reconciliation_0.001,8,reconciliation,0.001,asymptotic,4,0.0051948051948051
0.0,0.0,0.001,0.0,0.0,3131,34,True,True,0,0.025631189346313477,{},False,,key4_asymptotic_reconciliation_0.001,9,reconciliation,0.001,asymptotic,4,0.0051948051948051
0.0,0.0,0.001,0.0,0.0,3131,34,True,True,0,0.026921987533569336,{},False,,key4_asymptotic_reconciliation_0.001,10,reconciliation,0.001,asymptotic,4,0.0051948051948051
0.0,0.0,0.001,0.0,0.0,3131,34,True,True,0,0.02382516860961914,{},False,,key4_asymptotic_reconciliation_0.001,11,reconciliation,0.001,asymptotic,4,0.0051948051948051
0.0,0.0,0.001,0.0,0.0,3131,34,True,True,0,0.027226924896240234,{},False,,key4_asymptotic_reconciliation_0.001,12,reconciliation,0.001,asymptotic,4,0.0051948051948051
0.0,0.0,0.001,0.0,0.0,3131,34,True,True,0,0.028062105178833008,{},False,,key4_asymptotic_reconciliation_0.001,13,reconciliation,0.001,asymptotic,4,0.0051948051948051
0.0,0.0,0.001,0.0,0.0005787037037037037,3131,34,False,False,1654,0.023068666458129883,{},False,,key4_asymptotic_reconciliation_0.001,14,reconciliation,0.001,asymptotic,4,0.0051948051948051
0.0,0.0,0.001,0.0,0.0,3131,34,True,True,0,0.027771711349487305,{},False,,key4_asymptotic_reconciliation_0.001,15,reconciliation,0.001,asymptotic,4,0.0051948051948051
0.0,0.0,0.001,0.0,0.0,3131,34,True,True,0,0.02975296974182129,{},False,,key4_asymptotic_reconciliation_0.001,16,reconciliation,0.001,asymptotic,4,0.0051948051948051
0.0,0.0,0.001,0.0,0.0,3131,34,True,True,0,0.024306774139404297,{},False,,key4_asymptotic_reconciliation_0.001,17,reconciliation,0.001,asymptotic,4,0.0051948051948051
0.0,0.0,0.001,0.0,0.0,3131,34,True,True,0,0.02887129783630371,{},False,,key4_asymptotic_reconciliation_0.001,18,reconciliation,0.001,asymptotic,4,0.0051948051948051
0.0,0.0,0.001,0.0,0.0,3131,34,True,True,0,0.02653193473815918,{},False,,key4_asymptotic_reconciliation_0.001,19,reconciliation,0.001,asymptotic,4,0.0051948051948051
0.5,0.0,0.0,0.0,0.0,1690,34,True,False,1,0.027373075485229492,{'toeplitz_matrix': 1},False,,key4_placeholder_toeplitz_0.5,0,toeplitz,0.5,placeholder,4,0.0051948051948051
0.5,0.0,0.0,0.0,0.0,1690,34,True,True,0,0.04122447967529297,{},False,,key4_placeholder_toeplitz_0.5,1,toeplitz,0.5,placeholder,4,0.0051948051948051
0.5,0.0,0.0,0.0,0.0,1690,34,True,True,0,0.0423583984375,{},False,,key4_placeholder_toeplitz_0.5,2,toeplitz,0.5,placeholder,4,0.0051948051948051
0.5,0.0,0.0,0.0,0.0,1690,34,True,True,0,0.02688884735107422,{},False,,key4_placeholder_toeplitz_0.5,3,toeplitz,0.5,placeholder,4,0.0051948051948051
0.5,0.0,0.0,0.0,0.0,1690,34,True,True,0,0.028196334838867188,{},False,,key4_placeholder_toeplitz_0.5,4,toeplitz,0.5,placeholder,4,0.0051948051948051
0.5,0.0,0.0,0.0,0.0,1690,34,True,True,0,0.028757810592651367,{},False,,key4_placeholder_toeplitz_0.5,5,toeplitz,0.5,placeholder,4,0.0051948051948051
0.5,0.0,0.0,0.0,0.0,1690,34,True,True,0,0.025806665420532227,{'toeplitz_matrix': 1},False,,key4_placeholder_toeplitz_0.5,6,toeplitz,0.5,placeholder,4,0.0051948051948051
0.5,0.0,0.0,0.0,0.0,1690,34,True,False,1,0.025919675827026367,{'toeplitz_matrix': 1},False,,key4_placeholder_toeplitz_0.5,7,toeplitz,0.5,placeholder,4,0.0051948051948051
0.5,0.0,0.0,0.0,0.0,1690,34,True,True,0,0.026221513748168945,{},False,,key4_placeholder_toeplitz_0.5,8,toeplitz,0.5,placeholder,4,0.0051948051948051
0.5,0.0,0.0,0.0,0.0,1690,34,True,False,1,0.025702476501464844,{'toeplitz_matrix': 1},False,,key4_placeholder_toeplitz_0.5,9,toeplitz,0.5,placeholder,4,0.0051948051948051
0.5,0.0,0.0,0.0,0.0,1690,34,True,False,1,0.03354835510253906,{'toeplitz_matrix': 1},False,,key4_placeholder_toeplitz_0.5,10,toeplitz,0.5,placeholder,4,0.0051948051948051
0.5,0.0,0.0,0.0,0.0,1690,34,True,True,0,0.03035116195678711,{},False,,key4_placeholder_toeplitz_0.5,11,toeplitz,0.5,placeholder,4,0.0051948051948051
0.5,0.0,0.0,0.0,0.0,1690,34,True,True,0,0.026901960372924805,{},False,,key4_placeholder_toeplitz_0.5,12,toeplitz,0.5,placeholder,4,0.0051948051948051
0.5,0.0,0.0,0.0,0.0,1690,34,True,True,0,0.029695987701416016,{},False,,key4_placeholder_toeplitz_0.5,13,toeplitz,0.5,placeholder,4,0.0051948051948051
0.5,0.0,0.0,0.0,0.0005787037037037037,1690,34,False,False,857,0.02599954605102539,{'toeplitz_matrix': 1},False,,key4_placeholder_toeplitz_0.5,14,toeplitz,0.5,placeholder,4,0.0051948051948051
0.5,0.0,0.0,0.0,0.0,1690,34,True,True,0,0.03167390823364258,{'toeplitz_matrix': 1},False,,key4_placeholder_toeplitz_0.5,15,toeplitz,0.5,placeholder,4,0.0051948051948051
0.5,0.0,0.0,0.0,0.0,1690,34,True,True,0,0.029372453689575195,{},False,,key4_placeholder_toeplitz_0.5,16,toeplitz,0.5,placeholder,4,0.0051948051948051
0.5,0.0,0.0,0.0,0.0,1690,34,True,True,0,0.026178598403930664,{},False,,key4_placeholder_toeplitz_0.5,17,toeplitz,0.5,placeholder,4,0.0051948051948051
0.5,0.0,0.0,0.0,0.0,1690,34,True,True,0,0.02690601348876953,{},False,,key4_placeholder_toeplitz_0.5,18,toeplitz,0.5,placeholder,4,0.0051948051948051
0.5,0.0,0.0,0.0,0.0,1690,34,True,False,1,0.030272245407104492,{'toeplitz_matrix': 1},False,,key4_placeholder_toeplitz_0.5,19,toeplitz,0.5,placeholder,4,0.0051948051948051
0.3,0.0,0.0,0.0,0.0,1690,34,True,False,1,0.027193307876586914,{'toeplitz_matrix': 1},False,,key4_placeholder_toeplitz_0.3,0,toeplitz,0.3,placeholder,4,0.0051948051948051
0.3,0.0,0.0,0.0,0.0,1690,34,True,True,0,0.02530050277709961,{},False,,key4_placeholder_toeplitz_0.3,1,toeplitz,0.3,placeholder,4,0.0051948051948051
0.3,0.0,0.0,0.0,0.0,1690,34,True,True,0,0.02943873405456543,{},False,,key4_placeholder_toeplitz_0.3,2,toeplitz,0.3,placeholder,4,0.0051948051948051
0.3,0.0,0.0,0.0,0.0,1690,34,True,True,0,0.02587413787841797,{},False,,key4_placeholder_toeplitz_0.3,3,toeplitz,0.3,placeholder,4,0.0051948051948051
0.3,0.0,0.0,0.0,0.0,1690,34,True,True,0,0.02747821807861328,{},False,,key4_placeholder_toeplitz_0.3,4,toeplitz,0.3,placeholder,4,0.0051948051948051
0.3,0.0,0.0,0.0,0.0,1690,34,True,True,0,0.029747486114501953,{},False,,key4_placeholder_toeplitz_0.3,5,toeplitz,0.3,placeholder,4,0.0051948051948051
0.3,0.0,0.0,0.0,0.0,1690,34,True,True,0,0.026122093200683594,{'toeplitz_matrix': 1},False,,key4_placeholder_toeplitz_0.3,6,toeplitz,0.3,placeholder,4,0.0051948051948051
0.3,0.0,0.0,0.0,0.0,1690,34,True,False,1,0.027494430541992188,{'toeplitz_matrix': 1},False,,key4_placeholder_toeplitz_0.3,7,toeplitz,0.3,placeholder,4,0.0051948051948051
0.3,0.0,0.0,0.0,0.0,1690,34,True,True,0,0.027562618255615234,{},False,,key4_placeholder_toeplitz_0.3,8,toeplitz,0.3,placeholder,4,0.0051948051948051
0.3,0.0,0.0,0.0,0.0,1690,34,True,False,1,0.03942275047302246,{'toeplitz_matrix': 1},False,,key4_placeholder_toeplitz_0.3,9,toeplitz,0.3,placeholder,4,0.0051948051948051
0.3,0.0,0.0,0.0,0.0,1690,34,True,False,1,0.03914356231689453,{'toeplitz_matrix': 1},False,,key4_placeholder_toeplitz_0.3,10,toeplitz,0.3,placeholder,4,0.0051948051948051
0.3,0.0,0.0,0.0,0.0,1690,34,True,True,0,0.027293682098388672,{},False,,key4_placeholder_toeplitz_0.3,11,toeplitz,0.3,placeholder,4,0.0051948051948051
0.3,0.0,0.0,0.0,0.0,1690,34,True,True,0,0.027780771255493164,{},False,,key4_placeholder_toeplitz_0.3,12,toeplitz,0.3,placeholder,4,0.0051948051948051
0.3,0.0,0.0,0.0,0.0,1690,34,True,True,0,0.030207395553588867,{},False,,key4_placeholder_toeplitz_0.3,13,toeplitz,0.3,placeholder,4,0.0051948051948051
0.3,0.0,0.0,0.0,0.0005787037037037037,1690,34,False,False,855,0.02905869483947754,{},False,,key4_placeholder_toeplitz_0.3,14,toeplitz,0.3,placeholder,4,0.0051948051948051
0.3,0.0,0.0,0.0,0.0,1690,34,True,True,0,0.03854489326477051,{'toeplitz_matrix': 1},False,,key4_placeholder_toeplitz_0.3,15,toeplitz,0.3,placeholder,4,0.0051948051948051
0.3,0.0,0.0,0.0,0.0,1690,34,True,True,0,0.03059554100036621,{},False,,key4_placeholder_toeplitz_0.3,16,toeplitz,0.3,placeholder,4,0.0051948051948051
0.3,0.0,0.0,0.0,0.0,1690,34,True,True,0,0.025755643844604492,{},False,,key4_placeholder_toeplitz_0.3,17,toeplitz,0.3,placeholder,4,0.0051948051948051
0.3,0.0,0.0,0.0,0.0,1690,34,True,True,0,0.027031421661376953,{},False,,key4_placeholder_toeplitz_0.3,18,toeplitz,0.3,placeholder,4,0.0051948051948051
0.3,0.0,0.0,0.0,0.0,1690,34,True,True,0,0.02844524383544922,{},False,,key4_placeholder_toeplitz_0.3,19,toeplitz,0.3,placeholder,4,0.0051948051948051
0.1,0.0,0.0,0.0,0.0,1690,34,True,True,0,0.025557279586791992,{},False,,key4_placeholder_toeplitz_0.1,0,toeplitz,0.1,placeholder,4,0.0051948051948051
0.1,0.0,0.0,0.0,0.0,1690,34,True,True,0,0.028247356414794922,{},False,,key4_placeholder_toeplitz_0.1,1,toeplitz,0.1,placeholder,4,0.0051948051948051
0.1,0.0,0.0,0.0,0.0,1690,34,True,True,0,0.03092217445373535,{},False,,key4_placeholder_toeplitz_0.1,2,toeplitz,0.1,placeholder,4,0.0051948051948051
0.1,0.0,0.0,0.0,0.0,1690,34,True,True,0,0.027386903762817383,{},False,,key4_placeholder_toeplitz_0.1,3,toeplitz,0.1,placeholder,4,0.0051948051948051
0.1,0.0,0.0,0.0,0.0,1690,34,True,True,0,0.027208328247070312,{},False,,key4_placeholder_toeplitz_0.1,4,toeplitz,0.1,placeholder,4,0.0051948051948051
0.1,0.0,0.0,0.0,0.0,1690,34,True,True,0,0.033329010009765625,{},False,,key4_placeholder_toeplitz_0.1,5,toeplitz,0.1,placeholder,4,0.0051948051948051
0.1,0.0,0.0,0.0,0.0,1690,34,True,True,0,0.025278091430664062,{'toeplitz_matrix': 1},False,,key4_placeholder_toeplitz_0.1,6,toeplitz,0.1,placeholder,4,0.0051948051948051
0.1,0.0,0.0,0.0,0.0,1690,34,True,False,1,0.02695608139038086,{'toeplitz_matrix': 1},False,,key4_placeholder_toeplitz_0.1,7,toeplitz,0.1,placeholder,4,0.0051948051948051
0.1,0.0,0.0,0.0,0.0,1690,34,True,True,0,0.02751898765563965,{},False,,key4_placeholder_toeplitz_0.1,8,toeplitz,0.1,placeholder,4,0.0051948051948051
0.1,0.0,0.0,0.0,0.0,1690,34,True,False,1,0.027526140213012695,{'toeplitz_matrix': 1},False,,key4_placeholder_toeplitz_0.1,9,toeplitz,0.1,placeholder,4,0.0051948051948051
0.1,0.0,0.0,0.0,0.0,1690,34,True,True,0,0.029484033584594727,{},False,,key4_placeholder_toeplitz_0.1,10,toeplitz,0.1,placeholder,4,0.0051948051948051
0.1,0.0,0.0,0.0,0.0,1690,34,True,True,0,0.026681184768676758,{},False,,key4_placeholder_toeplitz_0.1,11,toeplitz,0.1,placeholder,4,0.0051948051948051
0.1,0.0,0.0,0.0,0.0,1690,34,True,True,0,0.026877641677856445,{},False,,key4_placeholder_toeplitz_0.1,12,toeplitz,0.1,placeholder,4,0.0051948051948051
0.1,0.0,0.0,0.0,0.0,1690,34,True,True,0,0.031064271926879883,{},False,,key4_placeholder_toeplitz_0.1,13,toeplitz,0.1,placeholder,4,0.0051948051948051
0.1,0.0,0.0,0.0,0.0005787037037037037,1690,34,False,False,841,0.025043010711669922,{},False,,key4_placeholder_toeplitz_0.1,14,toeplitz,0.1,placeholder,4,0.0051948051948051
0.1,0.0,0.0,0.0,0.0,1690,34,True,True,0,0.030091285705566406,{},False,,key4_placeholder_toeplitz_0.1,15,toeplitz,0.1,placeholder,4,0.0051948051948051
0.1,0.0,0.0,0.0,0.0,1690,34,True,True,0,0.029854536056518555,{},False,,key4_placeholder_toeplitz_0.1,16,toeplitz,0.1,placeholder,4,0.0051948051948051
0.1,0.0,0.0,0.0,0.0,1690,34,True,True,0,0.027111291885375977,{},False,,key4_placeholder_toeplitz_0.1,17,toeplitz,0.1,placeholder,4,0.0051948051948051
0.1,0.0,0.0,0.0,0.0,1690,34,True,True,0,0.027157068252563477,{},False,,key4_placeholder_toeplitz_0.1,18,toeplitz,0.1,placeholder,4,0.0051948051948051
0.1,0.0,0.0,0.0,0.0,1690,34,True,True,0,0.02993917465209961,{},False,,key4_placeholder_toeplitz_0.1,19,toeplitz,0.1,placeholder,4,0.0051948051948051
0.05,0.0,0.0,0.0,0.0,1690,34,True,True,0,0.027236223220825195,{},False,,key4_placeholder_toeplitz_0.05,0,toeplitz,0.05,placeholder,4,0.0051948051948051
0.05,0.0,0.0,0.0,0.0,1690,34,True,True,0,0.025900602340698242,{},False,,key4_placeholder_toeplitz_0.05,1,toeplitz,0.05,placeholder,4,0.0051948051948051
0.05,0.0,0.0,0.0,0.0,1690,34,True,True,0,0.029541492462158203,{},False,,key4_placeholder_toeplitz_0.05,2,toeplitz,0.05,placeholder,4,0.0051948051948051
0.05,0.0,0.0,0.0,0.0,1690,34,True,True,0,0.027080297470092773,{},False,,key4_placeholder_toeplitz_0.05,3,toeplitz,0.05,placeholder,4,0.0051948051948051
0.05,0.0,0.0,0.0,0.0,1690,34,True,True,0,0.02610468864440918,{},False,,key4_placeholder_toeplitz_0.05,4,toeplitz,0.05,placeholder,4,0.0051948051948051
0.05,0.0,0.0,0.0,0.0,1690,34,True,True,0,0.031581878662109375,{},False,,key4_placeholder_toeplitz_0.05,5,toeplitz,0.05,placeholder,4,0.0051948051948051
0.05,0.0,0.0,0.0,0.0,1690,34,True,True,0,0.025656700134277344,{'toeplitz_matrix': 1},False,,key4_placeholder_toeplitz_0.05,6,toeplitz,0.05,placeholder,4,0.0051948051948051
0.05,0.0,0.0,0.0,0.0,1690,34,True,False,1,0.02732253074645996,{'toeplitz_matrix': 1},False,,key4_placeholder_toeplitz_0.05,7,toeplitz,0.05,placeholder,4,0.0051948051948051
0.05,0.0,0.0,0.0,0.0,1690,34,True,True,0,0.026203155517578125,{},False,,key4_placeholder_toeplitz_0.05,8,toeplitz,0.05,placeholder,4,0.0051948051948051
0.05,0.0,0.0,0.0,0.0,1690,34,True,False,1,0.02744460105895996,{'toeplitz_matrix': 1},False,,key4_placeholder_toeplitz_0.05,9,toeplitz,0.05,placeholder,4,0.0051948051948051
0.05,0.0,0.0,0.0,0.0,1690,34,True,True,0,0.03278803825378418,{},False,,key4_placeholder_toeplitz_0.05,10,toeplitz,0.05,placeholder,4,0.0051948051948051
0.05,0.0,0.0,0.0,0.0,1690,34,True,True,0,0.02630782127380371,{},False,,key4_placeholder_toeplitz_0.05,11,toeplitz,0.05,placeholder,4,0.0051948051948051
0.05,0.0,0.0,0.0,0.0,1690,34,True,True,0,0.026723384857177734,{},False,,key4_placeholder_toeplitz_0.05,12,toeplitz,0.05,placeholder,4,0.0051948051948051
0.05,0.0,0.0,0.0,0.0,1690,34,True,True,0,0.030613183975219727,{},False,,key4_placeholder_toeplitz_0.05,13,toeplitz,0.05,placeholder,4,0.0051948051948051
0.05,0.0,0.0,0.0,0.0005787037037037037,1690,34,False,False,812,0.026314973831176758,{},False,,key4_placeholder_toeplitz_0.05,14,toeplitz,0.05,placeholder,4,0.0051948051948051
0.05,0.0,0.0,0.0,0.0,1690,34,True,True,0,0.03049445152282715,{},False,,key4_placeholder_toeplitz_0.05,15,toeplitz,0.05,placeholder,4,0.0051948051948051
0.05,0.0,0.0,0.0,0.0,1690,34,True,True,0,0.0291292667388916,{},False,,key4_placeholder_toeplitz_0.05,16,toeplitz,0.05,placeholder,4,0.0051948051948051
0.05,0.0,0.0,0.0,0.0,1690,34,True,True,0,0.02586984634399414,{},False,,key4_placeholder_toeplitz_0.05,17,toeplitz,0.05,placeholder,4,0.0051948051948051
0.05,0.0,0.0,0.0,0.0,1690,34,True,True,0,0.027161836624145508,{},False,,key4_placeholder_toeplitz_0.05,18,toeplitz,0.05,placeholder,4,0.0051948051948051
0.05,0.0,0.0,0.0,0.0,1690,34,True,True,0,0.030738353729248047,{},False,,key4_placeholder_toeplitz_0.05,19,toeplitz,0.05,placeholder,4,0.0051948051948051
0.03,0.0,0.0,0.0,0.0,1690,34,True,True,0,0.03090357780456543,{},False,,key4_placeholder_toeplitz_0.03,0,toeplitz,0.03,placeholder,4,0.0051948051948051
0.03,0.0,0.0,0.0,0.0,1690,34,True,True,0,0.027203083038330078,{},False,,key4_placeholder_toeplitz_0.03,1,toeplitz,0.03,placeholder,4,0.0051948051948051
0.03,0.0,0.0,0.0,0.0,1690,34,True,True,0,0.02992558479309082,{},False,,key4_placeholder_toeplitz_0.03,2,toeplitz,0.03,placeholder,4,0.0051948051948051
0.03,0.0,0.0,0.0,0.0,1690,34,True,True,0,0.027190446853637695,{},False,,key4_placeholder_toeplitz_0.03,3,toeplitz,0.03,placeholder,4,0.0051948051948051
0.03,0.0,0.0,0.0,0.0,1690,34,True,True,0,0.026255369186401367,{},False,,key4_placeholder_toeplitz_0.03,4,toeplitz,0.03,placeholder,4,0.0051948051948051
0.03,0.0,0.0,0.0,0.0,1690,34,True,True,0,0.029788732528686523,{},False,,key4_placeholder_toeplitz_0.03,5,toeplitz,0.03,placeholder,4,0.0051948051948051
0.03,0.0,0.0,0.0,0.0,1690,34,True,True,0,0.026051759719848633,{},False,,key4_placeholder_toeplitz_0.03,6,toeplitz,0.03,placeholder,4,0.0051948051948051
0.03,0.0,0.0,0.0,0.0,1690,34,True,True,0,0.02974224090576172,{},False,,key4_placeholder_toeplitz_0.03,7,toeplitz,0.03,placeholder,4,0.0051948051948051
0.03,0.0,0.0,0.0,0.0,1690,34,True,True,0,0.02894282341003418,{},False,,key4_placeholder_toeplitz_0.03,8,toeplitz,0.03,placeholder,4,0.0051948051948051
0.03,0.0,0.0,0.0,0.0,1690,34,True,True,0,0.02592182159423828,{},False,,key4_placeholder_toeplitz_0.03,9,toeplitz,0.03,placeholder,4,0.0051948051948051
0.03,0.0,0.0,0.0,0.0,1690,34,True,True,0,0.02874755859375,{},False,,key4_placeholder_toeplitz_0.03,10,toeplitz,0.03,placeholder,4,0.0051948051948051
0.03,0.0,0.0,0.0,0.0,1690,34,True,True,0,0.026838064193725586,{},False,,key4_placeholder_toeplitz_0.03,11,toeplitz,0.03,placeholder,4,0.0051948051948051
0.03,0.0,0.0,0.0,0.0,1690,34,True,True,0,0.026646137237548828,{},False,,key4_placeholder_toeplitz_0.03,12,toeplitz,0.03,placeholder,4,0.0051948051948051
0.03,0.0,0.0,0.0,0.0,1690,34,True,True,0,0.03141641616821289,{},False,,key4_placeholder_toeplitz_0.03,13,toeplitz,0.03,placeholder,4,0.0051948051948051
0.03,0.0,0.0,0.0,0.0005787037037037037,1690,34,False,False,826,0.025592565536499023,{},False,,key4_placeholder_toeplitz_0.03,14,toeplitz,0.03,placeholder,4,0.0051948051948051
0.03,0.0,0.0,0.0,0.0,1690,34,True,True,0,0.030474424362182617,{},False,,key4_placeholder_toeplitz_0.03,15,toeplitz,0.03,placeholder,4,0.0051948051948051
0.03,0.0,0.0,0.0,0.0,1690,34,True,True,0,0.044306278228759766,{},False,,key4_placeholder_toeplitz_0.03,16,toeplitz,0.03,placeholder,4,0.0051948051948051
0.03,0.0,0.0,0.0,0.0,1690,34,True,True,0,0.026837825775146484,{},False,,key4_placeholder_toeplitz_0.03,17,toeplitz,0.03,placeholder,4,0.0051948051948051
0.03,0.0,0.0,0.0,0.0,1690,34,True,True,0,0.027393579483032227,{},False,,key4_placeholder_toeplitz_0.03,18,toeplitz,0.03,placeholder,4,0.0051948051948051
0.03,0.0,0.0,0.0,0.0,1690,34,True,True,0,0.0322260856628418,{},False,,key4_placeholder_toeplitz_0.03,19,toeplitz,0.03,placeholder,4,0.0051948051948051
0.01,0.0,0.0,0.0,0.0,1690,34,True,True,0,0.027156829833984375,{},False,,key4_placeholder_toeplitz_0.01,0,toeplitz,0.01,placeholder,4,0.0051948051948051
0.01,0.0,0.0,0.0,0.0,1690,34,True,True,0,0.026221752166748047,{},False,,key4_placeholder_toeplitz_0.01,1,toeplitz,0.01,placeholder,4,0.0051948051948051
0.01,0.0,0.0,0.0,0.0,1690,34,True,True,0,0.029295921325683594,{},False,,key4_placeholder_toeplitz_0.01,2,toeplitz,0.01,placeholder,4,0.0051948051948051
0.01,0.0,0.0,0.0,0.0,1690,34,True,True,0,0.027542591094970703,{},False,,key4_placeholder_toeplitz_0.01,3,toeplitz,0.01,placeholder,4,0.0051948051948051
0.01,0.0,0.0,0.0,0.0,1690,34,True,True,0,0.02955770492553711,{},False,,key4_placeholder_toeplitz_0.01,4,toeplitz,0.01,placeholder,4,0.0051948051948051
0.01,0.0,0.0,0.0,0.0,1690,34,True,True,0,0.0295107364654541,{},False,,key4_placeholder_toeplitz_0.01,5,toeplitz,0.01,placeholder,4,0.0051948051948051
0.01,0.0,0.0,0.0,0.0,1690,34,True,True,0,0.02565598487854004,{},False,,key4_placeholder_toeplitz_0.01,6,toeplitz,0.01,placeholder,4,0.0051948051948051
0.01,0.0,0.0,0.0,0.0,1690,34,True,True,0,0.0267179012298584,{},False,,key4_placeholder_toeplitz_0.01,7,toeplitz,0.01,placeholder,4,0.0051948051948051
0.01,0.0,0.0,0.0,0.0,1690,34,True,True,0,0.026138782501220703,{},False,,key4_placeholder_toeplitz_0.01,8,toeplitz,0.01,placeholder,4,0.0051948051948051
0.01,0.0,0.0,0.0,0.0,1690,34,True,True,0,0.026068449020385742,{},False,,key4_placeholder_toeplitz_0.01,9,toeplitz,0.01,placeholder,4,0.0051948051948051
0.01,0.0,0.0,0.0,0.0,1690,34,True,True,0,0.02892327308654785,{},False,,key4_placeholder_toeplitz_0.01,10,toeplitz,0.01,placeholder,4,0.0051948051948051
0.01,0.0,0.0,0.0,0.0,1690,34,True,True,0,0.027590036392211914,{},False,,key4_placeholder_toeplitz_0.01,11,toeplitz,0.01,placeholder,4,0.0051948051948051
0.01,0.0,0.0,0.0,0.0,1690,34,True,True,0,0.025799989700317383,{},False,,key4_placeholder_toeplitz_0.01,12,toeplitz,0.01,placeholder,4,0.0051948051948051
0.01,0.0,0.0,0.0,0.0,1690,34,True,True,0,0.02918553352355957,{},False,,key4_placeholder_toeplitz_0.01,13,toeplitz,0.01,placeholder,4,0.0051948051948051
0.01,0.0,0.0,0.0,0.0005787037037037037,1690,34,False,False,818,0.02496051788330078,{},False,,key4_placeholder_toeplitz_0.01,14,toeplitz,0.01,placeholder,4,0.0051948051948051
0.01,0.0,0.0,0.0,0.0,1690,34,True,True,0,0.03134584426879883,{},False,,key4_placeholder_toeplitz_0.01,15,toeplitz,0.01,placeholder,4,0.0051948051948051
0.01,0.0,0.0,0.0,0.0,1690,34,True,True,0,0.028074979782104492,{},False,,key4_placeholder_toeplitz_0.01,16,toeplitz,0.01,placeholder,4,0.0051948051948051
0.01,0.0,0.0,0.0,0.0,1690,34,True,True,0,0.024927139282226562,{},False,,key4_placeholder_toeplitz_0.01,17,toeplitz,0.01,placeholder,4,0.0051948051948051
0.01,0.0,0.0,0.0,0.0,1690,34,True,True,0,0.026346921920776367,{},False,,key4_placeholder_toeplitz_0.01,18,toeplitz,0.01,placeholder,4,0.0051948051948051
0.01,0.0,0.0,0.0,0.0,1690,34,True,True,0,0.03128671646118164,{},False,,key4_placeholder_toeplitz_0.01,19,toeplitz,0.01,placeholder,4,0.0051948051948051
0.003,0.0,0.0,0.0,0.0,1690,34,True,True,0,0.027135372161865234,{},False,,key4_placeholder_toeplitz_0.003,0,toeplitz,0.003,placeholder,4,0.0051948051948051
0.003,0.0,0.0,0.0,0.0,1690,34,True,True,0,0.026269197463989258,{},False,,key4_placeholder_toeplitz_0.003,1,toeplitz,0.003,placeholder,4,0.0051948051948051
0.003,0.0,0.0,0.0,0.0,1690,34,True,True,0,0.030792951583862305,{},False,,key4_placeholder_toeplitz_0.003,2,toeplitz,0.003,placeholder,4,0.0051948051948051
0.003,0.0,0.0,0.0,0.0,1690,34,True,True,0,0.028566598892211914,{},False,,key4_placeholder_toeplitz_0.003,3,toeplitz,0.003,placeholder,4,0.0051948051948051
0.003,0.0,0.0,0.0,0.0,1690,34,True,True,0,0.026997804641723633,{},False,,key4_placeholder_toeplitz_0.003,4,toeplitz,0.003,placeholder,4,0.0051948051948051
0.003,0.0,0.0,0.0,0.0,1690,34,True,True,0,0.028100252151489258,{},False,,key4_placeholder_toeplitz_0.003,5,toeplitz,0.003,placeholder,4,0.0051948051948051
0.003,0.0,0.0,0.0,0.0,1690,34,True,True,0,0.02568650245666504,{},False,,key4_placeholder_toeplitz_0.003,6,toeplitz,0.003,placeholder,4,0.0051948051948051
0.003,0.0,0.0,0.0,0.0,1690,34,True,True,0,0.029438495635986328,{},False,,key4_placeholder_toeplitz_0.003,7,toeplitz,0.003,placeholder,4,0.0051948051948051
0.003,0.0,0.0,0.0,0.0,1690,34,True,True,0,0.026549816131591797,{},False,,key4_placeholder_toeplitz_0.003,8,toeplitz,0.003,placeholder,4,0.0051948051948051
0.003,0.0,0.0,0.0,0.0,1690,34,True,True,0,0.025602102279663086,{},False,,key4_placeholder_toeplitz_0.003,9,toeplitz,0.003,placeholder,4,0.0051948051948051
0.003,0.0,0.0,0.0,0.0,1690,34,True,True,0,0.027858972549438477,{},False,,key4_placeholder_toeplitz_0.003,10,toeplitz,0.003,placeholder,4,0.0051948051948051
0.003,0.0,0.0,0.0,0.0,1690,34,True,True,0,0.02735304832458496,{},False,,key4_placeholder_toeplitz_0.003,11,toeplitz,0.003,placeholder,4,0.0051948051948051
0.003,0.0,0.0,0.0,0.0,1690,34,True,True,0,0.025368213653564453,{},False,,key4_placeholder_toeplitz_0.003,12,toeplitz,0.003,placeholder,4,0.0051948051948051
0.003,0.0,0.0,0.0,0.0,1690,34,True,True,0,0.029256820678710938,{},False,,key4_placeholder_toeplitz_0.003,13,toeplitz,0.003,placeholder,4,0.0051948051948051
0.003,0.0,0.0,0.0,0.0005787037037037037,1690,34,False,False,848,0.02522420883178711,{},False,,key4_placeholder_toeplitz_0.003,14,toeplitz,0.003,placeholder,4,0.0051948051948051
0.003,0.0,0.0,0.0,0.0,1690,34,True,True,0,0.034441232681274414,{},False,,key4_placeholder_toeplitz_0.003,15,toeplitz,0.003,placeholder,4,0.0051948051948051
0.003,0.0,0.0,0.0,0.0,1690,34,True,True,0,0.02861309051513672,{},False,,key4_placeholder_toeplitz_0.003,16,toeplitz,0.003,placeholder,4,0.0051948051948051
0.003,0.0,0.0,0.0,0.0,1690,34,True,True,0,0.02554917335510254,{},False,,key4_placeholder_toeplitz_0.003,17,toeplitz,0.003,placeholder,4,0.0051948051948051
0.003,0.0,0.0,0.0,0.0,1690,34,True,True,0,0.02590155601501465,{},False,,key4_placeholder_toeplitz_0.003,18,toeplitz,0.003,placeholder,4,0.0051948051948051
0.003,0.0,0.0,0.0,0.0,1690,34,True,True,0,0.028509140014648438,{},False,,key4_placeholder_toeplitz_0.003,19,toeplitz,0.003,placeholder,4,0.0051948051948051
0.001,0.0,0.0,0.0,0.0,1690,34,True,True,0,0.02802562713623047,{},False,,key4_placeholder_toeplitz_0.001,0,toeplitz,0.001,placeholder,4,0.0051948051948051
0.001,0.0,0.0,0.0,0.0,1690,34,True,True,0,0.026894569396972656,{},False,,key4_placeholder_toeplitz_0.001,1,toeplitz,0.001,placeholder,4,0.0051948051948051
0.001,0.0,0.0,0.0,0.0,1690,34,True,True,0,0.02860116958618164,{},False,,key4_placeholder_toeplitz_0.001,2,toeplitz,0.001,placeholder,4,0.0051948051948051
0.001,0.0,0.0,0.0,0.0,1690,34,True,True,0,0.027649402618408203,{},False,,key4_placeholder_toeplitz_0.001,3,toeplitz,0.001,placeholder,4,0.0051948051948051
0.001,0.0,0.0,0.0,0.0,1690,34,True,True,0,0.027292728424072266,{},False,,key4_placeholder_toeplitz_0.001,4,toeplitz,0.001,placeholder,4,0.0051948051948051
0.001,0.0,0.0,0.0,0.0,1690,34,True,True,0,0.029306411743164062,{},False,,key4_placeholder_toeplitz_0.001,5,toeplitz,0.001,placeholder,4,0.0051948051948051
0.001,0.0,0.0,0.0,0.0,1690,34,True,True,0,0.02629828453063965,{},False,,key4_placeholder_toeplitz_0.001,6,toeplitz,0.001,placeholder,4,0.0051948051948051
0.001,0.0,0.0,0.0,0.0,1690,34,True,True,0,0.026900529861450195,{},False,,key4_placeholder_toeplitz_0.001,7,toeplitz,0.001,placeholder,4,0.0051948051948051
0.001,0.0,0.0,0.0,0.0,1690,34,True,True,0,0.02645134925842285,{},False,,key4_placeholder_toeplitz_0.001,8,toeplitz,0.001,placeholder,4,0.0051948051948051
0.001,0.0,0.0,0.0,0.0,1690,34,True,True,0,0.0267794132232666,{},False,,key4_placeholder_toeplitz_0.001,9,toeplitz,0.001,placeholder,4,0.0051948051948051
0.001,0.0,0.0,0.0,0.0,1690,34,True,True,0,0.028215646743774414,{},False,,key4_placeholder_toeplitz_0.001,10,toeplitz,0.001,placeholder,4,0.0051948051948051
0.001,0.0,0.0,0.0,0.0,1690,34,True,True,0,0.02950310707092285,{},False,,key4_placeholder_toeplitz_0.001,11,toeplitz,0.001,placeholder,4,0.0051948051948051
0.001,0.0,0.0,0.0,0.0,1690,34,True,True,0,0.025712251663208008,{},False,,key4_placeholder_toeplitz_0.001,12,toeplitz,0.001,placeholder,4,0.0051948051948051
0.001,0.0,0.0,0.0,0.0,1690,34,True,True,0,0.02878880500793457,{},False,,key4_placeholder_toeplitz_0.001,13,toeplitz,0.001,placeholder,4,0.0051948051948051
0.001,0.0,0.0,0.0,0.0005787037037037037,1690,34,False,False,843,0.0247499942779541,{},False,,key4_placeholder_toeplitz_0.001,14,toeplitz,0.001,placeholder,4,0.0051948051948051
0.001,0.0,0.0,0.0,0.0,1690,34,True,True,0,0.03035259246826172,{},False,,key4_placeholder_toeplitz_0.001,15,toeplitz,0.001,placeholder,4,0.0051948051948051
0.001,0.0,0.0,0.0,0.0,1690,34,True,True,0,0.028424501419067383,{},False,,key4_placeholder_toeplitz_0.001,16,toeplitz,0.001,placeholder,4,0.0051948051948051
0.001,0.0,0.0,0.0,0.0,1690,34,True,True,0,0.026183605194091797,{},False,,key4_placeholder_toeplitz_0.001,17,toeplitz,0.001,placeholder,4,0.0051948051948051
0.001,0.0,0.0,0.0,0.0,1690,34,True,True,0,0.02652263641357422,{},False,,key4_placeholder_toeplitz_0.001,18,toeplitz,0.001,placeholder,4,0.0051948051948051
0.001,0.0,0.0,0.0,0.0,1690,34,True,True,0,0.031035900115966797,{},False,,key4_placeholder_toeplitz_0.001,19,toeplitz,0.001,placeholder,4,0.0051948051948051
0.0,0.5,0.0,0.0,0.0,1690,34,True,True,0,0.025493860244750977,{},False,,key4_placeholder_final_key_0.5,0,final_key,0.5,placeholder,4,0.0051948051948051
0.0,0.5,0.0,0.0,0.0,1690,34,True,False,1,0.025468826293945312,{'final_key': 1},False,,key4_placeholder_final_key_0.5,1,final_key,0.5,placeholder,4,0.0051948051948051
0.0,0.5,0.0,0.0,0.0,1690,34,True,False,1,0.029346466064453125,{'final_key': 1},False,,key4_placeholder_final_key_0.5,2,final_key,0.5,placeholder,4,0.0051948051948051
0.0,0.5,0.0,0.0,0.0,1690,34,True,True,0,0.027190208435058594,{},False,,key4_placeholder_final_key_0.5,3,final_key,0.5,placeholder,4,0.0051948051948051
0.0,0.5,0.0,0.0,0.0,1690,34,True,True,0,0.027083635330200195,{},False,,key4_placeholder_final_key_0.5,4,final_key,0.5,placeholder,4,0.0051948051948051
0.0,0.5,0.0,0.0,0.0,1690,34,True,True,0,0.03005385398864746,{},False,,key4_placeholder_final_key_0.5,5,final_key,0.5,placeholder,4,0.0051948051948051
0.0,0.5,0.0,0.0,0.0,1690,34,True,False,1,0.026122093200683594,{'final_key': 1},False,,key4_placeholder_final_key_0.5,6,final_key,0.5,placeholder,4,0.0051948051948051
0.0,0.5,0.0,0.0,0.0,1690,34,True,True,0,0.028009891510009766,{},False,,key4_placeholder_final_key_0.5,7,final_key,0.5,placeholder,4,0.0051948051948051
0.0,0.5,0.0,0.0,0.0,1690,34,True,True,0,0.025815725326538086,{},False,,key4_placeholder_final_key_0.5,8,final_key,0.5,placeholder,4,0.0051948051948051
0.0,0.5,0.0,0.0,0.0,1690,34,True,True,0,0.027597904205322266,{},False,,key4_placeholder_final_key_0.5,9,final_key,0.5,placeholder,4,0.0051948051948051
0.0,0.5,0.0,0.0,0.0,1690,34,True,False,1,0.027880430221557617,{'final_key': 1},False,,key4_placeholder_final_key_0.5,10,final_key,0.5,placeholder,4,0.0051948051948051
0.0,0.5,0.0,0.0,0.0,1690,34,True,False,1,0.027298927307128906,{'final_key': 1},False,,key4_placeholder_final_key_0.5,11,final_key,0.5,placeholder,4,0.0051948051948051
0.0,0.5,0.0,0.0,0.0,1690,34,True,True,0,0.025831222534179688,{},False,,key4_placeholder_final_key_0.5,12,final_key,0.5,placeholder,4,0.0051948051948051
0.0,0.5,0.0,0.0,0.0,1690,34,True,True,0,0.029137849807739258,{},False,,key4_placeholder_final_key_0.5,13,final_key,0.5,placeholder,4,0.0051948051948051
0.0,0.5,0.0,0.0,0.0005787037037037037,1690,34,False,False,812,0.024939537048339844,{},False,,key4_placeholder_final_key_0.5,14,final_key,0.5,placeholder,4,0.0051948051948051
0.0,0.5,0.0,0.0,0.0,1690,34,True,True,0,0.03240823745727539,{},False,,key4_placeholder_final_key_0.5,15,final_key,0.5,placeholder,4,0.0051948051948051
0.0,0.5,0.0,0.0,0.0,1690,34,True,False,1,0.03518080711364746,{'final_key': 1},False,,key4_placeholder_final_key_0.5,16,final_key,0.5,placeholder,4,0.0051948051948051
0.0,0.5,0.0,0.0,0.0,1690,34,True,False,1,0.026769161224365234,{'final_key': 1},False,,key4_placeholder_final_key_0.5,17,final_key,0.5,placeholder,4,0.0051948051948051
0.0,0.5,0.0,0.0,0.0,1690,34,True,True,0,0.029542922973632812,{},False,,key4_placeholder_final_key_0.5,18,final_key,0.5,placeholder,4,0.0051948051948051
0.0,0.5,0.0,0.0,0.0,1690,34,True,False,1,0.029847383499145508,{'final_key': 1},False,,key4_placeholder_final_key_0.5,19,final_key,0.5,placeholder,4,0.0051948051948051
0.0,0.3,0.0,0.0,0.0,1690,34,True,True,0,0.02604842185974121,{},False,,key4_placeholder_final_key_0.3,0,final_key,0.3,placeholder,4,0.0051948051948051
0.0,0.3,0.0,0.0,0.0,1690,34,True,True,0,0.024947404861450195,{},False,,key4_placeholder_final_key_0.3,1,final_key,0.3,placeholder,4,0.0051948051948051
0.0,0.3,0.0,0.0,0.0,1690,34,True,False,1,0.030364036560058594,{'final_key': 1},False,,key4_placeholder_final_key_0.3,2,final_key,0.3,placeholder,4,0.0051948051948051
0.0,0.3,0.0,0.0,0.0,1690,34,True,True,0,0.03149271011352539,{},False,,key4_placeholder_final_key_0.3,3,final_key,0.3,placeholder,4,0.0051948051948051
0.0,0.3,0.0,0.0,0.0,1690,34,True,True,0,0.03300166130065918,{},False,,key4_placeholder_final_key_0.3,4,final_key,0.3,placeholder,4,0.0051948051948051
0.0,0.3,0.0,0.0,0.0,1690,34,True,True,0,0.030219316482543945,{},False,,key4_placeholder_final_key_0.3,5,final_key,0.3,placeholder,4,0.0051948051948051
0.0,0.3,0.0,0.0,0.0,1690,34,True,False,1,0.027436494827270508,{'final_key': 1},False,,key4_placeholder_final_key_0.3,6,final_key,0.3,placeholder,4,0.0051948051948051
0.0,0.3,0.0,0.0,0.0,1690,34,True,True,0,0.026361703872680664,{},False,,key4_placeholder_final_key_0.3,7,final_key,0.3,placeholder,4,0.0051948051948051
0.0,0.3,0.0,0.0,0.0,1690,34,True,True,0,0.02661895751953125,{},False,,key4_placeholder_final_key_0.3,8,final_key,0.3,placeholder,4,0.0051948051948051
0.0,0.3,0.0,0.0,0.0,1690,34,True,True,0,0.026072025299072266,{},False,,key4_placeholder_final_key_0.3,9,final_key,0.3,placeholder,4,0.0051948051948051
0.0,0.3,0.0,0.0,0.0,1690,34,True,False,1,0.029353857040405273,{'final_key': 1},False,,key4_placeholder_final_key_0.3,10,final_key,0.3,placeholder,4,0.0051948051948051
0.0,0.3,0.0,0.0,0.0,1690,34,True,False,1,0.026259183883666992,{'final_key': 1},False,,key4_placeholder_final_key_0.3,11,final_key,0.3,placeholder,4,0.0051948051948051
0.0,0.3,0.0,0.0,0.0,1690,34,True,True,0,0.025594472885131836,{},False,,key4_placeholder_final_key_0.3,12,final_key,0.3,placeholder,4,0.0051948051948051
0.0,0.3,0.0,0.0,0.0,1690,34,True,True,0,0.028825044631958008,{},False,,key4_placeholder_final_key_0.3,13,final_key,0.3,placeholder,4,0.0051948051948051
0.0,0.3,0.0,0.0,0.0005787037037037037,1690,34,False,False,897,0.025722026824951172,{},False,,key4_placeholder_final_key_0.3,14,final_key,0.3,placeholder,4,0.0051948051948051
0.0,0.3,0.0,0.0,0.0,1690,34,True,True,0,0.03148221969604492,{},False,,key4_placeholder_final_key_0.3,15,final_key,0.3,placeholder,4,0.0051948051948051
0.0,0.3,0.0,0.0,0.0,1690,34,True,False,1,0.028986215591430664,{'final_key': 1},False,,key4_placeholder_final_key_0.3,16,final_key,0.3,placeholder,4,0.0051948051948051
0.0,0.3,0.0,0.0,0.0,1690,34,True,False,1,0.028371810913085938,{'final_key': 1},False,,key4_placeholder_final_key_0.3,17,final_key,0.3,placeholder,4,0.0051948051948051
0.0,0.3,0.0,0.0,0.0,1690,34,True,True,0,0.029120683670043945,{},False,,key4_placeholder_final_key_0.3,18,final_key,0.3,placeholder,4,0.0051948051948051
0.0,0.3,0.0,0.0,0.0,1690,34,True,False,1,0.02902960777282715,{'final_key': 1},False,,key4_placeholder_final_key_0.3,19,final_key,0.3,placeholder,4,0.0051948051948051
0.0,0.1,0.0,0.0,0.0,1690,34,True,True,0,0.025732040405273438,{},False,,key4_placeholder_final_key_0.1,0,final_key,0.1,placeholder,4,0.0051948051948051
0.0,0.1,0.0,0.0,0.0,1690,34,True,True,0,0.02681279182434082,{},False,,key4_placeholder_final_key_0.1,1,final_key,0.1,placeholder,4,0.0051948051948051
0.0,0.1,0.0,0.0,0.0,1690,34,True,False,1,0.029152393341064453,{'final_key': 1},False,,key4_placeholder_final_key_0.1,2,final_key,0.1,placeholder,4,0.0051948051948051
0.0,0.1,0.0,0.0,0.0,1690,34,True,True,0,0.027408361434936523,{},False,,key4_placeholder_final_key_0.1,3,final_key,0.1,placeholder,4,0.0051948051948051
0.0,0.1,0.0,0.0,0.0,1690,34,True,True,0,0.026561498641967773,{},False,,key4_placeholder_final_key_0.1,4,final_key,0.1,placeholder,4,0.0051948051948051
0.0,0.1,0.0,0.0,0.0,1690,34,True,True,0,0.03110671043395996,{},False,,key4_placeholder_final_key_0.1,5,final_key,0.1,placeholder,4,0.0051948051948051
0.0,0.1,0.0,0.0,0.0,1690,34,True,True,0,0.026024341583251953,{},False,,key4_placeholder_final_key_0.1,6,final_key,0.1,placeholder,4,0.0051948051948051
0.0,0.1,0.0,0.0,0.0,1690,34,True,True,0,0.026678800582885742,{},False,,key4_placeholder_final_key_0.1,7,final_key,0.1,placeholder,4,0.0051948051948051
0.0,0.1,0.0,0.0,0.0,1690,34,True,True,0,0.026413440704345703,{},False,,key4_placeholder_final_key_0.1,8,final_key,0.1,placeholder,4,0.0051948051948051
0.0,0.1,0.0,0.0,0.0,1690,34,True,True,0,0.0263674259185791,{},False,,key4_placeholder_final_key_0.1,9,final_key,0.1,placeholder,4,0.0051948051948051
0.0,0.1,0.0,0.0,0.0,1690,34,True,False,1,0.029133319854736328,{'final_key': 1},False,,key4_placeholder_final_key_0.1,10,final_key,0.1,placeholder,4,0.0051948051948051
0.0,0.1,0.0,0.0,0.0,1690,34,True,True,0,0.0338892936706543,{},False,,key4_placeholder_final_key_0.1,11,final_key,0.1,placeholder,4,0.0051948051948051
0.0,0.1,0.0,0.0,0.0,1690,34,True,True,0,0.02850508689880371,{},False,,key4_placeholder_final_key_0.1,12,final_key,0.1,placeholder,4,0.0051948051948051
0.0,0.1,0.0,0.0,0.0,1690,34,True,True,0,0.03001117706298828,{},False,,key4_placeholder_final_key_0.1,13,final_key,0.1,placeholder,4,0.0051948051948051
0.0,0.1,0.0,0.0,0.0005787037037037037,1690,34,False,False,831,0.025475740432739258,{},False,,key4_placeholder_final_key_0.1,14,final_key,0.1,placeholder,4,0.0051948051948051
0.0,0.1,0.0,0.0,0.0,1690,34,True,True,0,0.05272698402404785,{},False,,key4_placeholder_final_key_0.1,15,final_key,0.1,placeholder,4,0.0051948051948051
0.0,0.1,0.0,0.0,0.0,1690,34,True,False,1,0.04606509208679199,{'final_key': 1},False,,key4_placeholder_final_key_0.1,16,final_key,0.1,placeholder,4,0.0051948051948051
0.0,0.1,0.0,0.0,0.0,1690,34,True,True,0,0.02592754364013672,{},False,,key4_placeholder_final_key_0.1,17,final_key,0.1,placeholder,4,0.0051948051948051
0.0,0.1,0.0,0.0,0.0,1690,34,True,True,0,0.027357816696166992,{},False,,key4_placeholder_final_key_0.1,18,final_key,0.1,placeholder,4,0.0051948051948051
0.0,0.1,0.0,0.0,0.0,1690,34,True,True,0,0.029004335403442383,{},False,,key4_placeholder_final_key_0.1,19,final_key,0.1,placeholder,4,0.0051948051948051
0.0,0.05,0.0,0.0,0.0,1690,34,True,True,0,0.026287317276000977,{},False,,key4_placeholder_final_key_0.05,0,final_key,0.05,placeholder,4,0.0051948051948051
0.0,0.05,0.0,0.0,0.0,1690,34,True,True,0,0.02687549591064453,{},False,,key4_placeholder_final_key_0.05,1,final_key,0.05,placeholder,4,0.0051948051948051
0.0,0.05,0.0,0.0,0.0,1690,34,True,False,1,0.02950596809387207,{'final_key': 1},False,,key4_placeholder_final_key_0.05,2,final_key,0.05,placeholder,4,0.0051948051948051
0.0,0.05,0.0,0.0,0.0,1690,34,True,True,0,0.04252433776855469,{},False,,key4_placeholder_final_key_0.05,3,final_key,0.05,placeholder,4,0.0051948051948051
0.0,0.05,0.0,0.0,0.0,1690,34,True,True,0,0.02957749366760254,{},False,,key4_placeholder_final_key_0.05,4,final_key,0.05,placeholder,4,0.0051948051948051
0.0,0.05,0.0,0.0,0.0,1690,34,True,True,0,0.029000520706176758,{},False,,key4_placeholder_final_key_0.05,5,final_key,0.05,placeholder,4,0.0051948051948051
0.0,0.05,0.0,0.0,0.0,1690,34,True,True,0,0.025911569595336914,{},False,,key4_placeholder_final_key_0.05,6,final_key,0.05,placeholder,4,0.0051948051948051
0.0,0.05,0.0,0.0,0.0,1690,34,True,True,0,0.02649831771850586,{},False,,key4_placeholder_final_key_0.05,7,final_key,0.05,placeholder,4,0.0051948051948051
0.0,0.05,0.0,0.0,0.0,1690,34,True,True,0,0.02739429473876953,{},False,,key4_placeholder_final_key_0.05,8,final_key,0.05,placeholder,4,0.0051948051948051
0.0,0.05,0.0,0.0,0.0,1690,34,True,True,0,0.02676868438720703,{},False,,key4_placeholder_final_key_0.05,9,final_key,0.05,placeholder,4,0.0051948051948051
0.0,0.05,0.0,0.0,0.0,1690,34,True,True,0,0.02819538116455078,{},False,,key4_placeholder_final_key_0.05,10,final_key,0.05,placeholder,4,0.0051948051948051
0.0,0.05,0.0,0.0,0.0,1690,34,True,True,0,0.029308319091796875,{},False,,key4_placeholder_final_key_0.05,11,final_key,0.05,placeholder,4,0.0051948051948051
0.0,0.05,0.0,0.0,0.0,1690,34,True,True,0,0.027906417846679688,{},False,,key4_placeholder_final_key_0.05,12,final_key,0.05,placeholder,4,0.0051948051948051
0.0,0.05,0.0,0.0,0.0,1690,34,True,True,0,0.030651569366455078,{},False,,key4_placeholder_final_key_0.05,13,final_key,0.05,placeholder,4,0.0051948051948051
0.0,0.05,0.0,0.0,0.0005787037037037037,1690,34,False,False,859,0.026148557662963867,{},False,,key4_placeholder_final_key_0.05,14,final_key,0.05,placeholder,4,0.0051948051948051
0.0,0.05,0.0,0.0,0.0,1690,34,True,True,0,0.032295942306518555,{},False,,key4_placeholder_final_key_0.05,15,final_key,0.05,placeholder,4,0.0051948051948051
0.0,0.05,0.0,0.0,0.0,1690,34,True,True,0,0.029416322708129883,{},False,,key4_placeholder_final_key_0.05,16,final_key,0.05,placeholder,4,0.0051948051948051
0.0,0.05,0.0,0.0,0.0,1690,34,True,True,0,0.026018381118774414,{},False,,key4_placeholder_final_key_0.05,17,final_key,0.05,placeholder,4,0.0051948051948051
0.0,0.05,0.0,0.0,0.0,1690,34,True,True,0,0.026727914810180664,{},False,,key4_placeholder_final_key_0.05,18,final_key,0.05,placeholder,4,0.0051948051948051
0.0,0.05,0.0,0.0,0.0,1690,34,True,True,0,0.03031611442565918,{},False,,key4_placeholder_final_key_0.05,19,final_key,0.05,placeholder,4,0.0051948051948051
0.0,0.03,0.0,0.0,0.0,1690,34,True,True,0,0.025710105895996094,{},False,,key4_placeholder_final_key_0.03,0,final_key,0.03,placeholder,4,0.0051948051948051
0.0,0.03,0.0,0.0,0.0,1690,34,True,True,0,0.0250089168548584,{},False,,key4_placeholder_final_key_0.03,1,final_key,0.03,placeholder,4,0.0051948051948051
0.0,0.03,0.0,0.0,0.0,1690,34,True,True,0,0.03087162971496582,{},False,,key4_placeholder_final_key_0.03,2,final_key,0.03,placeholder,4,0.0051948051948051
0.0,0.03,0.0,0.0,0.0,1690,34,True,True,0,0.026499032974243164,{},False,,key4_placeholder_final_key_0.03,3,final_key,0.03,placeholder,4,0.0051948051948051
0.0,0.03,0.0,0.0,0.0,1690,34,True,True,0,0.03042459487915039,{},False,,key4_placeholder_final_key_0.03,4,final_key,0.03,placeholder,4,0.0051948051948051
0.0,0.03,0.0,0.0,0.0,1690,34,True,True,0,0.03250861167907715,{},False,,key4_placeholder_final_key_0.03,5,final_key,0.03,placeholder,4,0.0051948051948051
0.0,0.03,0.0,0.0,0.0,1690,34,True,True,0,0.026876211166381836,{},False,,key4_placeholder_final_key_0.03,6,final_key,0.03,placeholder,4,0.0051948051948051
0.0,0.03,0.0,0.0,0.0,1690,34,True,True,0,0.025775671005249023,{},False,,key4_placeholder_final_key_0.03,7,final_key,0.03,placeholder,4,0.0051948051948051
0.0,0.03,0.0,0.0,0.0,1690,34,True,True,0,0.025979995727539062,{},False,,key4_placeholder_final_key_0.03,8,final_key,0.03,placeholder,4,0.0051948051948051
0.0,0.03,0.0,0.0,0.0,1690,34,True,True,0,0.026741981506347656,{},False,,key4_placeholder_final_key_0.03,9,final_key,0.03,placeholder,4,0.0051948051948051
0.0,0.03,0.0,0.0,0.0,1690,34,True,True,0,0.030579328536987305,{},False,,key4_placeholder_final_key_0.03,10,final_key,0.03,placeholder,4,0.0051948051948051
0.0,0.03,0.0,0.0,0.0,1690,34,True,True,0,0.028178691864013672,{},False,,key4_placeholder_final_key_0.03,11,final_key,0.03,placeholder,4,0.0051948051948051
0.0,0.03,0.0,0.0,0.0,1690,34,True,True,0,0.025834321975708008,{},False,,key4_placeholder_final_key_0.03,12,final_key,0.03,placeholder,4,0.0051948051948051
0.0,0.03,0.0,0.0,0.0,1690,34,True,True,0,0.030366182327270508,{},False,,key4_placeholder_final_key_0.03,13,final_key,0.03,placeholder,4,0.0051948051948051
0.0,0.03,0.0,0.0,0.0005787037037037037,1690,34,False,False,860,0.025589942932128906,{},False,,key4_placeholder_final_key_0.03,14,final_key,0.03,placeholder,4,0.0051948051948051
0.0,0.03,0.0,0.0,0.0,1690,34,True,True,0,0.03327441215515137,{},False,,key4_placeholder_final_key_0.03,15,final_key,0.03,placeholder,4,0.0051948051948051
0.0,0.03,0.0,0.0,0.0,1690,34,True,True,0,0.02884054183959961,{},False,,key4_placeholder_final_key_0.03,16,final_key,0.03,placeholder,4,0.0051948051948051
0.0,0.03,0.0,0.0,0.0,1690,34,True,True,0,0.026228904724121094,{},False,,key4_placeholder_final_key_0.03,17,final_key,0.03,placeholder,4,0.0051948051948051
0.0,0.03,0.0,0.0,0.0,1690,34,True,True,0,0.02765822410583496,{},False,,key4_placeholder_final_key_0.03,18,final_key,0.03,placeholder,4,0.0051948051948051
0.0,0.03,0.0,0.0,0.0,1690,34,True,True,0,0.028597116470336914,{},False,,key4_placeholder_final_key_0.03,19,final_key,0.03,placeholder,4,0.0051948051948051
0.0,0.01,0.0,0.0,0.0,1690,34,True,True,0,0.02555060386657715,{},False,,key4_placeholder_final_key_0.01,0,final_key,0.01,placeholder,4,0.0051948051948051
0.0,0.01,0.0,0.0,0.0,1690,34,True,True,0,0.0258333683013916,{},False,,key4_placeholder_final_key_0.01,1,final_key,0.01,placeholder,4,0.0051948051948051
0.0,0.01,0.0,0.0,0.0,1690,34,True,True,0,0.029780149459838867,{},False,,key4_placeholder_final_key_0.01,2,final_key,0.01,placeholder,4,0.0051948051948051
0.0,0.01,0.0,0.0,0.0,1690,34,True,True,0,0.02554774284362793,{},False,,key4_placeholder_final_key_0.01,3,final_key,0.01,placeholder,4,0.0051948051948051
0.0,0.01,0.0,0.0,0.0,1690,34,True,True,0,0.029004812240600586,{},False,,key4_placeholder_final_key_0.01,4,final_key,0.01,placeholder,4,0.0051948051948051
0.0,0.01,0.0,0.0,0.0,1690,34,True,True,0,0.02871394157409668,{},False,,key4_placeholder_final_key_0.01,5,final_key,0.01,placeholder,4,0.0051948051948051
0.0,0.01,0.0,0.0,0.0,1690,34,True,True,0,0.027546167373657227,{},False,,key4_placeholder_final_key_0.01,6,final_key,0.01,placeholder,4,0.0051948051948051
0.0,0.01,0.0,0.0,0.0,1690,34,True,True,0,0.027727127075195312,{},False,,key4_placeholder_final_key_0.01,7,final_key,0.01,placeholder,4,0.0051948051948051
0.0,0.01,0.0,0.0,0.0,1690,34,True,True,0,0.028983116149902344,{},False,,key4_placeholder_final_key_0.01,8,final_key,0.01,placeholder,4,0.0051948051948051
0.0,0.01,0.0,0.0,0.0,1690,34,True,True,0,0.026968955993652344,{},False,,key4_placeholder_final_key_0.01,9,final_key,0.01,placeholder,4,0.0051948051948051
0.0,0.01,0.0,0.0,0.0,1690,34,True,True,0,0.029543161392211914,{},False,,key4_placeholder_final_key_0.01,10,final_key,0.01,placeholder,4,0.0051948051948051
0.0,0.01,0.0,0.0,0.0,1690,34,True,True,0,0.02635955810546875,{},False,,key4_placeholder_final_key_0.01,11,final_key,0.01,placeholder,4,0.0051948051948051
0.0,0.01,0.0,0.0,0.0,1690,34,True,True,0,0.02616739273071289,{},False,,key4_placeholder_final_key_0.01,12,final_key,0.01,placeholder,4,0.0051948051948051
0.0,0.01,0.0,0.0,0.0,1690,34,True,True,0,0.02904677391052246,{},False,,key4_placeholder_final_key_0.01,13,final_key,0.01,placeholder,4,0.0051948051948051
0.0,0.01,0.0,0.0,0.0005787037037037037,1690,34,False,False,857,0.02769160270690918,{},False,,key4_placeholder_final_key_0.01,14,final_key,0.01,placeholder,4,0.0051948051948051
0.0,0.01,0.0,0.0,0.0,1690,34,True,True,0,0.031192302703857422,{},False,,key4_placeholder_final_key_0.01,15,final_key,0.01,placeholder,4,0.0051948051948051
0.0,0.01,0.0,0.0,0.0,1690,34,True,True,0,0.028512001037597656,{},False,,key4_placeholder_final_key_0.01,16,final_key,0.01,placeholder,4,0.0051948051948051
0.0,0.01,0.0,0.0,0.0,1690,34,True,True,0,0.025466442108154297,{},False,,key4_placeholder_final_key_0.01,17,final_key,0.01,placeholder,4,0.0051948051948051
0.0,0.01,0.0,0.0,0.0,1690,34,True,True,0,0.02738332748413086,{},False,,key4_placeholder_final_key_0.01,18,final_key,0.01,placeholder,4,0.0051948051948051
0.0,0.01,0.0,0.0,0.0,1690,34,True,True,0,0.034925222396850586,{},False,,key4_placeholder_final_key_0.01,19,final_key,0.01,placeholder,4,0.0051948051948051
0.0,0.003,0.0,0.0,0.0,1690,34,True,True,0,0.030417680740356445,{},False,,key4_placeholder_final_key_0.003,0,final_key,0.003,placeholder,4,0.0051948051948051
0.0,0.003,0.0,0.0,0.0,1690,34,True,True,0,0.026932239532470703,{},False,,key4_placeholder_final_key_0.003,1,final_key,0.003,placeholder,4,0.0051948051948051
0.0,0.003,0.0,0.0,0.0,1690,34,True,True,0,0.031036376953125,{},False,,key4_placeholder_final_key_0.003,2,final_key,0.003,placeholder,4,0.0051948051948051
0.0,0.003,0.0,0.0,0.0,1690,34,True,True,0,0.02635478973388672,{},False,,key4_placeholder_final_key_0.003,3,final_key,0.003,placeholder,4,0.0051948051948051
0.0,0.003,0.0,0.0,0.0,1690,34,True,True,0,0.02890491485595703,{},False,,key4_placeholder_final_key_0.003,4,final_key,0.003,placeholder,4,0.0051948051948051
0.0,0.003,0.0,0.0,0.0,1690,34,True,True,0,0.029329299926757812,{},False,,key4_placeholder_final_key_0.003,5,final_key,0.003,placeholder,4,0.0051948051948051
0.0,0.003,0.0,0.0,0.0,1690,34,True,True,0,0.027004718780517578,{},False,,key4_placeholder_final_key_0.003,6,final_key,0.003,placeholder,4,0.0051948051948051
0.0,0.003,0.0,0.0,0.0,1690,34,True,True,0,0.02581048011779785,{},False,,key4_placeholder_final_key_0.003,7,final_key,0.003,placeholder,4,0.0051948051948051
0.0,0.003,0.0,0.0,0.0,1690,34,True,True,0,0.026643037796020508,{},False,,key4_placeholder_final_key_0.003,8,final_key,0.003,placeholder,4,0.0051948051948051
0.0,0.003,0.0,0.0,0.0,1690,34,True,True,0,0.027729511260986328,{},False,,key4_placeholder_final_key_0.003,9,final_key,0.003,placeholder,4,0.0051948051948051
0.0,0.003,0.0,0.0,0.0,1690,34,True,True,0,0.029027938842773438,{},False,,key4_placeholder_final_key_0.003,10,final_key,0.003,placeholder,4,0.0051948051948051
0.0,0.003,0.0,0.0,0.0,1690,34,True,True,0,0.02628469467163086,{},False,,key4_placeholder_final_key_0.003,11,final_key,0.003,placeholder,4,0.0051948051948051
0.0,0.003,0.0,0.0,0.0,1690,34,True,True,0,0.027187824249267578,{},False,,key4_placeholder_final_key_0.003,12,final_key,0.003,placeholder,4,0.0051948051948051
0.0,0.003,0.0,0.0,0.0,1690,34,True,True,0,0.02896595001220703,{},False,,key4_placeholder_final_key_0.003,13,final_key,0.003,placeholder,4,0.0051948051948051
0.0,0.003,0.0,0.0,0.0005787037037037037,1690,34,False,False,875,0.025202512741088867,{},False,,key4_placeholder_final_key_0.003,14,final_key,0.003,placeholder,4,0.0051948051948051
0.0,0.003,0.0,0.0,0.0,1690,34,True,True,0,0.03197503089904785,{},False,,key4_placeholder_final_key_0.003,15,final_key,0.003,placeholder,4,0.0051948051948051
0.0,0.003,0.0,0.0,0.0,1690,34,True,True,0,0.02857184410095215,{},False,,key4_placeholder_final_key_0.003,16,final_key,0.003,placeholder,4,0.0051948051948051
0.0,0.003,0.0,0.0,0.0,1690,34,True,True,0,0.026825666427612305,{},False,,key4_placeholder_final_key_0.003,17,final_key,0.003,placeholder,4,0.0051948051948051
0.0,0.003,0.0,0.0,0.0,1690,34,True,True,0,0.0264437198638916,{},False,,key4_placeholder_final_key_0.003,18,final_key,0.003,placeholder,4,0.0051948051948051
0.0,0.003,0.0,0.0,0.0,1690,34,True,True,0,0.030462026596069336,{},False,,key4_placeholder_final_key_0.003,19,final_key,0.003,placeholder,4,0.0051948051948051
0.0,0.001,0.0,0.0,0.0,1690,34,True,True,0,0.025599241256713867,{},False,,key4_placeholder_final_key_0.001,0,final_key,0.001,placeholder,4,0.0051948051948051
0.0,0.001,0.0,0.0,0.0,1690,34,True,True,0,0.02516961097717285,{},False,,key4_placeholder_final_key_0.001,1,final_key,0.001,placeholder,4,0.0051948051948051
0.0,0.001,0.0,0.0,0.0,1690,34,True,True,0,0.029885053634643555,{},False,,key4_placeholder_final_key_0.001,2,final_key,0.001,placeholder,4,0.0051948051948051
0.0,0.001,0.0,0.0,0.0,1690,34,True,True,0,0.026232004165649414,{},False,,key4_placeholder_final_key_0.001,3,final_key,0.001,placeholder,4,0.0051948051948051
0.0,0.001,0.0,0.0,0.0,1690,34,True,True,0,0.02733635902404785,{},False,,key4_placeholder_final_key_0.001,4,final_key,0.001,placeholder,4,0.0051948051948051
0.0,0.001,0.0,0.0,0.0,1690,34,True,True,0,0.030157089233398438,{},False,,key4_placeholder_final_key_0.001,5,final_key,0.001,placeholder,4,0.0051948051948051
0.0,0.001,0.0,0.0,0.0,1690,34,True,True,0,0.02825760841369629,{},False,,key4_placeholder_final_key_0.001,6,final_key,0.001,placeholder,4,0.0051948051948051
0.0,0.001,0.0,0.0,0.0,1690,34,True,True,0,0.025940418243408203,{},False,,key4_placeholder_final_key_0.001,7,final_key,0.001,placeholder,4,0.0051948051948051
0.0,0.001,0.0,0.0,0.0,1690,34,True,True,0,0.026705265045166016,{},False,,key4_placeholder_final_key_0.001,8,final_key,0.001,placeholder,4,0.0051948051948051
0.0,0.001,0.0,0.0,0.0,1690,34,True,True,0,0.02619171142578125,{},False,,key4_placeholder_final_key_0.001,9,final_key,0.001,placeholder,4,0.0051948051948051
0.0,0.001,0.0,0.0,0.0,1690,34,True,True,0,0.029659032821655273,{},False,,key4_placeholder_final_key_0.001,10,final_key,0.001,placeholder,4,0.0051948051948051
0.0,0.001,0.0,0.0,0.0,1690,34,True,True,0,0.025452375411987305,{},False,,key4_placeholder_final_key_0.001,11,final_key,0.001,placeholder,4,0.0051948051948051
0.0,0.001,0.0,0.0,0.0,1690,34,True,True,0,0.02728581428527832,{},False,,key4_placeholder_final_key_0.001,12,final_key,0.001,placeholder,4,0.0051948051948051
0.0,0.001,0.0,0.0,0.0,1690,34,True,True,0,0.030443906784057617,{},False,,key4_placeholder_final_key_0.001,13,final_key,0.001,placeholder,4,0.0051948051948051
0.0,0.001,0.0,0.0,0.0005787037037037037,1690,34,False,False,825,0.025991439819335938,{},False,,key4_placeholder_final_key_0.001,14,final_key,0.001,placeholder,4,0.0051948051948051
0.0,0.001,0.0,0.0,0.0,1690,34,True,True,0,0.03624749183654785,{},False,,key4_placeholder_final_key_0.001,15,final_key,0.001,placeholder,4,0.0051948051948051
0.0,0.001,0.0,0.0,0.0,1690,34,True,True,0,0.03172612190246582,{},False,,key4_placeholder_final_key_0.001,16,final_key,0.001,placeholder,4,0.0051948051948051
0.0,0.001,0.0,0.0,0.0,1690,34,True,True,0,0.026009082794189453,{},False,,key4_placeholder_final_key_0.001,17,final_key,0.001,placeholder,4,0.0051948051948051
0.0,0.001,0.0,0.0,0.0,1690,34,True,True,0,0.026807308197021484,{},False,,key4_placeholder_final_key_0.001,18,final_key,0.001,placeholder,4,0.0051948051948051
0.0,0.001,0.0,0.0,0.0,1690,34,True,True,0,0.028937816619873047,{},False,,key4_placeholder_final_key_0.001,19,final_key,0.001,placeholder,4,0.0051948051948051
0.0,0.0,0.5,0.0,0.005497685185185185,1690,34,False,False,858,0.034456729888916016,{'reconciliation_state': 15},False,,key4_placeholder_reconciliation_0.5,0,reconciliation,0.5,placeholder,4,0.0051948051948051
0.0,0.0,0.5,0.0,0.004629629629629629,1690,34,False,False,853,0.03178763389587402,{'reconciliation_state': 10},False,,key4_placeholder_reconciliation_0.5,1,reconciliation,0.5,placeholder,4,0.0051948051948051
0.0,0.0,0.5,0.0,0.005497685185185185,1690,34,False,False,886,0.034698486328125,{'reconciliation_state': 14},False,,key4_placeholder_reconciliation_0.5,2,reconciliation,0.5,placeholder,4,0.0051948051948051
0.0,0.0,0.5,0.0,0.004050925925925926,1690,34,False,False,872,0.028161287307739258,{'reconciliation_state': 10},False,,key4_placeholder_reconciliation_0.5,3,reconciliation,0.5,placeholder,4,0.0051948051948051
0.0,0.0,0.5,0.0,0.005787037037037037,1690,34,False,False,816,0.030882835388183594,{'reconciliation_state': 12},False,,key4_placeholder_reconciliation_0.5,4,reconciliation,0.5,placeholder,4,0.0051948051948051
0.0,0.0,0.5,0.0,0.006076388888888889,1690,34,False,False,863,0.030767440795898438,{'reconciliation_state': 11},False,,key4_placeholder_reconciliation_0.5,5,reconciliation,0.5,placeholder,4,0.0051948051948051
0.0,0.0,0.5,0.0,0.006655092592592593,1690,34,False,False,854,0.03093862533569336,{'reconciliation_state': 16},False,,key4_placeholder_reconciliation_0.5,6,reconciliation,0.5,placeholder,4,0.0051948051948051
0.0,0.0,0.5,0.0,0.006655092592592593,1690,34,False,False,858,0.0303499698638916,{'reconciliation_state': 14},False,,key4_placeholder_reconciliation_0.5,7,reconciliation,0.5,placeholder,4,0.0051948051948051
0.0,0.0,0.5,0.0,0.00636574074074074,1690,34,False,False,835,0.03150320053100586,{'reconciliation_state': 15},False,,key4_placeholder_reconciliation_0.5,8,reconciliation,0.5,placeholder,4,0.0051948051948051
0.0,0.0,0.5,0.0,0.004629629629629629,1690,34,False,False,860,0.035433292388916016,{'reconciliation_state': 12},False,,key4_placeholder_reconciliation_0.5,9,reconciliation,0.5,placeholder,4,0.0051948051948051
0.0,0.0,0.5,0.0,0.005787037037037037,1690,34,False,False,840,0.03207993507385254,{'reconciliation_state': 14},False,,key4_placeholder_reconciliation_0.5,10,reconciliation,0.5,placeholder,4,0.0051948051948051
0.0,0.0,0.5,0.0,0.006076388888888889,1690,34,False,False,894,0.03403496742248535,{'reconciliation_state': 18},False,,key4_placeholder_reconciliation_0.5,11,reconciliation,0.5,placeholder,4,0.0051948051948051
0.0,0.0,0.5,0.0,0.004340277777777778,1690,34,False,False,873,0.03624725341796875,{'reconciliation_state': 15},False,,key4_placeholder_reconciliation_0.5,12,reconciliation,0.5,placeholder,4,0.0051948051948051
0.0,0.0,0.5,0.0,0.00636574074074074,1690,34,False,False,832,0.030129432678222656,{'reconciliation_state': 14},False,,key4_placeholder_reconciliation_0.5,13,reconciliation,0.5,placeholder,4,0.0051948051948051
0.0,0.0,0.5,0.0,0.006655092592592593,1690,34,False,False,808,0.032393693923950195,{'reconciliation_state': 15},False,,key4_placeholder_reconciliation_0.5,14,reconciliation,0.5,placeholder,4,0.0051948051948051
0.0,0.0,0.5,0.0,0.008101851851851851,1690,34,False,False,805,0.02942180633544922,{'reconciliation_state': 15},False,,key4_placeholder_reconciliation_0.5,15,reconciliation,0.5,placeholder,4,0.0051948051948051
0.0,0.0,0.5,0.0,0.006076388888888889,1690,34,False,False,876,0.031560420989990234,{'reconciliation_state': 11},False,,key4_placeholder_reconciliation_0.5,16,reconciliation,0.5,placeholder,4,0.0051948051948051
0.0,0.0,0.5,0.0,0.005497685185185185,1690,34,False,False,819,0.028439044952392578,{'reconciliation_state': 9},False,,key4_placeholder_reconciliation_0.5,17,reconciliation,0.5,placeholder,4,0.0051948051948051
0.0,0.0,0.5,0.0,0.004340277777777778,1690,34,False,False,854,0.03390097618103027,{'reconciliation_state': 13},False,,key4_placeholder_reconciliation_0.5,18,reconciliation,0.5,placeholder,4,0.0051948051948051
0.0,0.0,0.5,0.0,0.0078125,1690,34,False,False,831,0.028482437133789062,{'reconciliation_state': 16},False,,key4_placeholder_reconciliation_0.5,19,reconciliation,0.5,placeholder,4,0.0051948051948051
0.0,0.0,0.3,0.0,0.003761574074074074,1690,34,False,False,846,0.031005382537841797,{'reconciliation_state': 12},False,,key4_placeholder_reconciliation_0.3,0,reconciliation,0.3,placeholder,4,0.0051948051948051
0.0,0.0,0.3,0.0,0.004629629629629629,1690,34,False,False,806,0.024791955947875977,{'reconciliation_state': 2},False,,key4_placeholder_reconciliation_0.3,1,reconciliation,0.3,placeholder,4,0.0051948051948051
0.0,0.0,0.3,0.0,0.0028935185185185184,1690,34,False,False,846,0.03341984748840332,{'reconciliation_state': 10},False,,key4_placeholder_reconciliation_0.3,2,reconciliation,0.3,placeholder,4,0.0051948051948051
0.0,0.0,0.3,0.0,0.0023148148148148147,1690,34,False,False,851,0.032392263412475586,{'reconciliation_state': 7},False,,key4_placeholder_reconciliation_0.3,3,reconciliation,0.3,placeholder,4,0.0051948051948051
0.0,0.0,0.3,0.0,0.00318287037037037,1690,34,False,False,808,0.03162336349487305,{'reconciliation_state': 8},False,,key4_placeholder_reconciliation_0.3,4,reconciliation,0.3,placeholder,4,0.0051948051948051
0.0,0.0,0.3,0.0,0.003472222222222222,1690,34,False,False,832,0.032477378845214844,{'reconciliation_state': 11},False,,key4_placeholder_reconciliation_0.3,5,reconciliation,0.3,placeholder,4,0.0051948051948051
0.0,0.0,0.3,0.0,0.003761574074074074,1690,34,False,False,879,0.030392169952392578,{'reconciliation_state': 10},False,,key4_placeholder_reconciliation_0.3,6,reconciliation,0.3,placeholder,4,0.0051948051948051
0.0,0.0,0.3,0.0,0.0028935185185185184,1690,34,False,False,816,0.037506818771362305,{'reconciliation_state': 10},False,,key4_placeholder_reconciliation_0.3,7,reconciliation,0.3,placeholder,4,0.0051948051948051
0.0,0.0,0.3,0.0,0.004050925925925926,1690,34,False,False,841,0.03229856491088867,{'reconciliation_state': 10},False,,key4_placeholder_reconciliation_0.3,8,reconciliation,0.3,placeholder,4,0.0051948051948051
0.0,0.0,0.3,0.0,0.0023148148148148147,1690,34,False,False,866,0.03490471839904785,{'reconciliation_state': 8},False,,key4_placeholder_reconciliation_0.3,9,reconciliation,0.3,placeholder,4,0.0051948051948051
0.0,0.0,0.3,0.0,0.004340277777777778,1690,34,False,False,825,0.03174233436584473,{'reconciliation_state': 14},False,,key4_placeholder_reconciliation_0.3,10,reconciliation,0.3,placeholder,4,0.0051948051948051
0.0,0.0,0.3,0.0,0.0026041666666666665,1690,34,False,False,883,0.0337214469909668,{'reconciliation_state': 8},False,,key4_placeholder_reconciliation_0.3,11,reconciliation,0.3,placeholder,4,0.0051948051948051
0.0,0.0,0.3,0.0,0.0026041666666666665,1690,34,False,False,818,0.030675649642944336,{'reconciliation_state': 8},False,,key4_placeholder_reconciliation_0.3,12,reconciliation,0.3,placeholder,4,0.0051948051948051
0.0,0.0,0.3,0.0,0.0023148148148148147,1690,34,False,False,849,0.03197169303894043,{'reconciliation_state': 7},False,,key4_placeholder_reconciliation_0.3,13,reconciliation,0.3,placeholder,4,0.0051948051948051
0.0,0.0,0.3,0.0,0.004629629629629629,1690,34,False,False,821,0.03486466407775879,{'reconciliation_state': 13},False,,key4_placeholder_reconciliation_0.3,14,reconciliation,0.3,placeholder,4,0.0051948051948051
0.0,0.0,0.3,0.0,0.006076388888888889,1690,34,False,False,816,0.03161883354187012,{'reconciliation_state': 12},False,,key4_placeholder_reconciliation_0.3,15,reconciliation,0.3,placeholder,4,0.0051948051948051
0.0,0.0,0.3,0.0,0.003472222222222222,1690,34,False,False,821,0.030084609985351562,{'reconciliation_state': 10},False,,key4_placeholder_reconciliation_0.3,16,reconciliation,0.3,placeholder,4,0.0051948051948051
0.0,0.0,0.3,0.0,0.003761574074074074,1690,34,False,False,883,0.029773712158203125,{'reconciliation_state': 8},False,,key4_placeholder_reconciliation_0.3,17,reconciliation,0.3,placeholder,4,0.0051948051948051
0.0,0.0,0.3,0.0,0.0026041666666666665,1690,34,False,False,855,0.0314183235168457,{'reconciliation_state': 9},False,,key4_placeholder_reconciliation_0.3,18,reconciliation,0.3,placeholder,4,0.0051948051948051
0.0,0.0,0.3,0.0,0.004629629629629629,1690,34,False,False,847,0.029491186141967773,{'reconciliation_state': 9},False,,key4_placeholder_reconciliation_0.3,19,reconciliation,0.3,placeholder,4,0.0051948051948051
0.0,0.0,0.1,0.0,0.0005787037037037037,1690,34,False,False,830,0.030709266662597656,{'reconciliation_state': 2},False,,key4_placeholder_reconciliation_0.1,0,reconciliation,0.1,placeholder,4,0.0051948051948051
0.0,0.0,0.1,0.0,0.004629629629629629,1690,34,False,False,843,0.02445220947265625,{'reconciliation_state': 2},False,,key4_placeholder_reconciliation_0.1,1,reconciliation,0.1,placeholder,4,0.0051948051948051
0.0,0.0,0.1,0.0,0.001736111111111111,1690,34,False,False,869,0.03567981719970703,{'reconciliation_state': 6},False,,key4_placeholder_reconciliation_0.1,2,reconciliation,0.1,placeholder,4,0.0051948051948051
0.0,0.0,0.1,0.0,0.00028935185185185184,1690,34,False,False,827,0.028537988662719727,{'reconciliation_state': 1},False,,key4_placeholder_reconciliation_0.1,3,reconciliation,0.1,placeholder,4,0.0051948051948051
0.0,0.0,0.1,0.0,0.0008680555555555555,1690,34,False,False,868,0.029019594192504883,{'reconciliation_state': 3},False,,key4_placeholder_reconciliation_0.1,4,reconciliation,0.1,placeholder,4,0.0051948051948051
0.0,0.0,0.1,0.0,0.001736111111111111,1690,34,False,False,850,0.033327341079711914,{'reconciliation_state': 6},False,,key4_placeholder_reconciliation_0.1,5,reconciliation,0.1,placeholder,4,0.0051948051948051
0.0,0.0,0.1,0.0,0.0008680555555555555,1690,34,False,False,819,0.03131365776062012,{'reconciliation_state': 3},False,,key4_placeholder_reconciliation_0.1,6,reconciliation,0.1,placeholder,4,0.0051948051948051
0.0,0.0,0.1,0.0,0.0008680555555555555,1690,34,False,False,820,0.0331578254699707,{'reconciliation_state': 3},False,,key4_placeholder_reconciliation_0.1,7,reconciliation,0.1,placeholder,4,0.0051948051948051
0.0,0.0,0.1,0.0,0.001736111111111111,1690,34,False,False,844,0.0298159122467041,{'reconciliation_state': 5},False,,key4_placeholder_reconciliation_0.1,8,reconciliation,0.1,placeholder,4,0.0051948051948051
0.0,0.0,0.1,0.0,0.0011574074074074073,1690,34,False,False,815,0.03133893013000488,{'reconciliation_state': 4},False,,key4_placeholder_reconciliation_0.1,9,reconciliation,0.1,placeholder,4,0.0051948051948051
0.0,0.0,0.1,0.0,0.001736111111111111,1690,34,False,False,862,0.03317975997924805,{'reconciliation_state': 5},False,,key4_placeholder_reconciliation_0.1,10,reconciliation,0.1,placeholder,4,0.0051948051948051
0.0,0.0,0.1,0.0,0.002025462962962963,1690,34,False,False,866,0.03073716163635254,{'reconciliation_state': 5},False,,key4_placeholder_reconciliation_0.1,11,reconciliation,0.1,placeholder,4,0.0051948051948051
0.0,0.0,0.1,0.0,0.0011574074074074073,1690,34,False,False,865,0.0317685604095459,{'reconciliation_state': 4},False,,key4_placeholder_reconciliation_0.1,12,reconciliation,0.1,placeholder,4,0.0051948051948051
0.0,0.0,0.1,0.0,0.0005787037037037037,1690,34,False,False,836,0.03260350227355957,{'reconciliation_state': 2},False,,key4_placeholder_reconciliation_0.1,13,reconciliation,0.1,placeholder,4,0.0051948051948051
0.0,0.0,0.1,0.0,0.0014467592592592592,1690,34,False,False,802,0.0328669548034668,{'reconciliation_state': 3},False,,key4_placeholder_reconciliation_0.1,14,reconciliation,0.1,placeholder,4,0.0051948051948051
0.0,0.0,0.1,0.0,0.0008680555555555555,1690,34,False,False,865,0.030585527420043945,{'reconciliation_state': 3},False,,key4_placeholder_reconciliation_0.1,15,reconciliation,0.1,placeholder,4,0.0051948051948051
0.0,0.0,0.1,0.0,0.0026041666666666665,1690,34,False,False,812,0.030338525772094727,{'reconciliation_state': 5},False,,key4_placeholder_reconciliation_0.1,16,reconciliation,0.1,placeholder,4,0.0051948051948051
0.0,0.0,0.1,0.0,0.001736111111111111,1690,34,False,False,812,0.028163433074951172,{'reconciliation_state': 4},False,,key4_placeholder_reconciliation_0.1,17,reconciliation,0.1,placeholder,4,0.0051948051948051
0.0,0.0,0.1,0.0,0.0005787037037037037,1690,34,False,False,852,0.03633522987365723,{'reconciliation_state': 2},False,,key4_placeholder_reconciliation_0.1,18,reconciliation,0.1,placeholder,4,0.0051948051948051
0.0,0.0,0.1,0.0,0.0005787037037037037,1690,34,False,False,840,0.028443336486816406,{'reconciliation_state': 2},False,,key4_placeholder_reconciliation_0.1,19,reconciliation,0.1,placeholder,4,0.0051948051948051
0.0,0.0,0.05,0.0,0.00028935185185185184,1690,34,False,False,879,0.02752518653869629,{'reconciliation_state': 1},False,,key4_placeholder_reconciliation_0.05,0,reconciliation,0.05,placeholder,4,0.0051948051948051
0.0,0.0,0.05,0.0,0.0005787037037037037,1690,34,False,False,805,0.0318598747253418,{'reconciliation_state': 2},False,,key4_placeholder_reconciliation_0.05,1,reconciliation,0.05,placeholder,4,0.0051948051948051
0.0,0.0,0.05,0.0,0.00028935185185185184,1690,34,False,False,828,0.02899026870727539,{'reconciliation_state': 1},False,,key4_placeholder_reconciliation_0.05,2,reconciliation,0.05,placeholder,4,0.0051948051948051
0.0,0.0,0.05,0.0,0.0,1690,34,True,True,0,0.029271841049194336,{},False,,key4_placeholder_reconciliation_0.05,3,reconciliation,0.05,placeholder,4,0.0051948051948051
0.0,0.0,0.05,0.0,0.00028935185185185184,1690,34,False,False,848,0.029394149780273438,{'reconciliation_state': 1},False,,key4_placeholder_reconciliation_0.05,4,reconciliation,0.05,placeholder,4,0.0051948051948051
0.0,0.0,0.05,0.0,0.001736111111111111,1690,34,False,False,860,0.02973008155822754,{'reconciliation_state': 4},False,,key4_placeholder_reconciliation_0.05,5,reconciliation,0.05,placeholder,4,0.0051948051948051
0.0,0.0,0.05,0.0,0.00028935185185185184,1690,34,False,False,853,0.0300140380859375,{'reconciliation_state': 1},False,,key4_placeholder_reconciliation_0.05,6,reconciliation,0.05,placeholder,4,0.0051948051948051
0.0,0.0,0.05,0.0,0.0,1690,34,True,True,0,0.025638580322265625,{},False,,key4_placeholder_reconciliation_0.05,7,reconciliation,0.05,placeholder,4,0.0051948051948051
0.0,0.0,0.05,0.0,0.0005787037037037037,1690,34,False,False,824,0.029041528701782227,{'reconciliation_state': 2},False,,key4_placeholder_reconciliation_0.05,8,reconciliation,0.05,placeholder,4,0.0051948051948051
0.0,0.0,0.05,0.0,0.0005787037037037037,1690,34,False,False,834,0.0331120491027832,{'reconciliation_state': 2},False,,key4_placeholder_reconciliation_0.05,9,reconciliation,0.05,placeholder,4,0.0051948051948051
0.0,0.0,0.05,0.0,0.0008680555555555555,1690,34,False,False,822,0.02948451042175293,{'reconciliation_state': 3},False,,key4_placeholder_reconciliation_0.05,10,reconciliation,0.05,placeholder,4,0.0051948051948051
0.0,0.0,0.05,0.0,0.0005787037037037037,1690,34,False,False,853,0.026435375213623047,{'reconciliation_state': 2},False,,key4_placeholder_reconciliation_0.05,11,reconciliation,0.05,placeholder,4,0.0051948051948051
0.0,0.0,0.05,0.0,0.0005787037037037037,1690,34,False,False,844,0.03125452995300293,{'reconciliation_state': 2},False,,key4_placeholder_reconciliation_0.05,12,reconciliation,0.05,placeholder,4,0.0051948051948051
0.0,0.0,0.05,0.0,0.0,1690,34,True,True,0,0.028682947158813477,{},False,,key4_placeholder_reconciliation_0.05,13,reconciliation,0.05,placeholder,4,0.0051948051948051
0.0,0.0,0.05,0.0,0.0011574074074074073,1690,34,False,False,852,0.02749490737915039,{'reconciliation_state': 2},False,,key4_placeholder_reconciliation_0.05,14,reconciliation,0.05,placeholder,4,0.0051948051948051
0.0,0.0,0.05,0.0,0.0005787037037037037,1690,34,False,False,889,0.032326459884643555,{'reconciliation_state': 2},False,,key4_placeholder_reconciliation_0.05,15,reconciliation,0.05,placeholder,4,0.0051948051948051
0.0,0.0,0.05,0.0,0.0008680555555555555,1690,34,False,False,868,0.03045964241027832,{'reconciliation_state': 3},False,,key4_placeholder_reconciliation_0.05,16,reconciliation,0.05,placeholder,4,0.0051948051948051
0.0,0.0,0.05,0.0,0.0008680555555555555,1690,34,False,False,897,0.02981281280517578,{'reconciliation_state': 3},False,,key4_placeholder_reconciliation_0.05,17,reconciliation,0.05,placeholder,4,0.0051948051948051
0.0,0.0,0.05,0.0,0.0005787037037037037,1690,34,False,False,870,0.03292679786682129,{'reconciliation_state': 2},False,,key4_placeholder_reconciliation_0.05,18,reconciliation,0.05,placeholder,4,0.0051948051948051
0.0,0.0,0.05,0.0,0.00028935185185185184,1690,34,False,False,830,0.02852797508239746,{'reconciliation_state': 1},False,,key4_placeholder_reconciliation_0.05,19,reconciliation,0.05,placeholder,4,0.0051948051948051
0.0,0.0,0.03,0.0,0.00028935185185185184,1690,34,False,False,819,0.02756047248840332,{'reconciliation_state': 1},False,,key4_placeholder_reconciliation_0.03,0,reconciliation,0.03,placeholder,4,0.0051948051948051
0.0,0.0,0.03,0.0,0.0,1690,34,True,True,0,0.026629924774169922,{},False,,key4_placeholder_reconciliation_0.03,1,reconciliation,0.03,placeholder,4,0.0051948051948051
0.0,0.0,0.03,0.0,0.00028935185185185184,1690,34,False,False,831,0.029500484466552734,{'reconciliation_state': 1},False,,key4_placeholder_reconciliation_0.03,2,reconciliation,0.03,placeholder,4,0.0051948051948051
0.0,0.0,0.03,0.0,0.0,1690,34,True,True,0,0.026795387268066406,{},False,,key4_placeholder_reconciliation_0.03,3,reconciliation,0.03,placeholder,4,0.0051948051948051
0.0,0.0,0.03,0.0,0.00028935185185185184,1690,34,False,False,895,0.030500411987304688,{'reconciliation_state': 1},False,,key4_placeholder_reconciliation_0.03,4,reconciliation,0.03,placeholder,4,0.0051948051948051
0.0,0.0,0.03,0.0,0.0005787037037037037,1690,34,False,False,848,0.03297901153564453,{'reconciliation_state': 2},False,,key4_placeholder_reconciliation_0.03,5,reconciliation,0.03,placeholder,4,0.0051948051948051
0.0,0.0,0.03,0.0,0.00028935185185185184,1690,34,False,False,841,0.03077101707458496,{'reconciliation_state': 1},False,,key4_placeholder_reconciliation_0.03,6,reconciliation,0.03,placeholder,4,0.0051948051948051
0.0,0.0,0.03,0.0,0.0,1690,34,True,True,0,0.027253150939941406,{},False,,key4_placeholder_reconciliation_0.03,7,reconciliation,0.03,placeholder,4,0.0051948051948051
0.0,0.0,0.03,0.0,0.0005787037037037037,1690,34,False,False,867,0.02975320816040039,{'reconciliation_state': 2},False,,key4_placeholder_reconciliation_0.03,8,reconciliation,0.03,placeholder,4,0.0051948051948051
0.0,0.0,0.03,0.0,0.0005787037037037037,1690,34,False,False,814,0.031171083450317383,{'reconciliation_state': 2},False,,key4_placeholder_reconciliation_0.03,9,reconciliation,0.03,placeholder,4,0.0051948051948051
0.0,0.0,0.03,0.0,0.00028935185185185184,1690,34,False,False,869,0.031105518341064453,{'reconciliation_state': 1},False,,key4_placeholder_reconciliation_0.03,10,reconciliation,0.03,placeholder,4,0.0051948051948051
0.0,0.0,0.03,0.0,0.00028935185185185184,1690,34,False,False,822,0.03323006629943848,{'reconciliation_state': 1},False,,key4_placeholder_reconciliation_0.03,11,reconciliation,0.03,placeholder,4,0.0051948051948051
0.0,0.0,0.03,0.0,0.00028935185185185184,1690,34,False,False,817,0.03270387649536133,{'reconciliation_state': 1},False,,key4_placeholder_reconciliation_0.03,12,reconciliation,0.03,placeholder,4,0.0051948051948051
0.0,0.0,0.03,0.0,0.0,1690,34,True,True,0,0.030236005783081055,{},False,,key4_placeholder_reconciliation_0.03,13,reconciliation,0.03,placeholder,4,0.0051948051948051
0.0,0.0,0.03,0.0,0.0008680555555555555,1690,34,False,False,821,0.027808427810668945,{'reconciliation_state': 1},False,,key4_placeholder_reconciliation_0.03,14,reconciliation,0.03,placeholder,4,0.0051948051948051
0.0,0.0,0.03,0.0,0.0005787037037037037,1690,34,False,False,797,0.03653907775878906,{'reconciliation_state': 2},False,,key4_placeholder_reconciliation_0.03,15,reconciliation,0.03,placeholder,4,0.0051948051948051
0.0,0.0,0.03,0.0,0.0008680555555555555,1690,34,False,False,855,0.030215978622436523,{'reconciliation_state': 3},False,,key4_placeholder_reconciliation_0.03,16,reconciliation,0.03,placeholder,4,0.0051948051948051
0.0,0.0,0.03,0.0,0.0008680555555555555,1690,34,False,False,830,0.029141902923583984,{'reconciliation_state': 3},False,,key4_placeholder_reconciliation_0.03,17,reconciliation,0.03,placeholder,4,0.0051948051948051
0.0,0.0,0.03,0.0,0.0005787037037037037,1690,34,False,False,835,0.03360295295715332,{'reconciliation_state': 2},False,,key4_placeholder_reconciliation_0.03,18,reconciliation,0.03,placeholder,4,0.0051948051948051
0.0,0.0,0.03,0.0,0.00028935185185185184,1690,34,False,False,874,0.027582645416259766,{'reconciliation_state': 1},False,,key4_placeholder_reconciliation_0.03,19,reconciliation,0.03,placeholder,4,0.0051948051948051
0.0,0.0,0.01,0.0,0.0,1690,34,True,True,0,0.026287555694580078,{},False,,key4_placeholder_reconciliation_0.01,0,reconciliation,0.01,placeholder,4,0.0051948051948051
0.0,0.0,0.01,0.0,0.0,1690,34,True,True,0,0.02549600601196289,{},False,,key4_placeholder_reconciliation_0.01,1,reconciliation,0.01,placeholder,4,0.0051948051948051
0.0,0.0,0.01,0.0,0.00028935185185185184,1690,34,False,False,856,0.031332969665527344,{'reconciliation_state': 1},False,,key4_placeholder_reconciliation_0.01,2,reconciliation,0.01,placeholder,4,0.0051948051948051
0.0,0.0,0.01,0.0,0.0,1690,34,True,True,0,0.025668621063232422,{},False,,key4_placeholder_reconciliation_0.01,3,reconciliation,0.01,placeholder,4,0.0051948051948051
0.0,0.0,0.01,0.0,0.0,1690,34,True,True,0,0.026981830596923828,{},False,,key4_placeholder_reconciliation_0.01,4,reconciliation,0.01,placeholder,4,0.0051948051948051
0.0,0.0,0.01,0.0,0.0,1690,34,True,True,0,0.028676986694335938,{},False,,key4_placeholder_reconciliation_0.01,5,reconciliation,0.01,placeholder,4,0.0051948051948051
0.0,0.0,0.01,0.0,0.0,1690,34,True,True,0,0.027116060256958008,{},False,,key4_placeholder_reconciliation_0.01,6,reconciliation,0.01,placeholder,4,0.0051948051948051
0.0,0.0,0.01,0.0,0.0,1690,34,True,True,0,0.026733875274658203,{},False,,key4_placeholder_reconciliation_0.01,7,reconciliation,0.01,placeholder,4,0.0051948051948051
0.0,0.0,0.01,0.0,0.00028935185185185184,1690,34,False,False,869,0.027894973754882812,{'reconciliation_state': 1},False,,key4_placeholder_reconciliation_0.01,8,reconciliation,0.01,placeholder,4,0.0051948051948051
0.0,0.0,0.01,0.0,0.0,1690,34,True,True,0,0.02599310874938965,{},False,,key4_placeholder_reconciliation_0.01,9,reconciliation,0.01,placeholder,4,0.0051948051948051
0.0,0.0,0.01,0.0,0.0,1690,34,True,True,0,0.028743267059326172,{},False,,key4_placeholder_reconciliation_0.01,10,reconciliation,0.01,placeholder,4,0.0051948051948051
0.0,0.0,0.01,0.0,0.0,1690,34,True,True,0,0.025739669799804688,{},False,,key4_placeholder_reconciliation_0.01,11,reconciliation,0.01,placeholder,4,0.0051948051948051
0.0,0.0,0.01,0.0,0.0,1690,34,True,True,0,0.027866363525390625,{},False,,key4_placeholder_reconciliation_0.01,12,reconciliation,0.01,placeholder,4,0.0051948051948051
0.0,0.0,0.01,0.0,0.0,1690,34,True,True,0,0.029070138931274414,{},False,,key4_placeholder_reconciliation_0.01,13,reconciliation,0.01,placeholder,4,0.0051948051948051
0.0,0.0,0.01,0.0,0.0008680555555555555,1690,34,False,False,856,0.028120756149291992,{'reconciliation_state': 1},False,,key4_placeholder_reconciliation_0.01,14,reconciliation,0.01,placeholder,4,0.0051948051948051
0.0,0.0,0.01,0.0,0.00028935185185185184,1690,34,False,False,860,0.03410506248474121,{'reconciliation_state': 1},False,,key4_placeholder_reconciliation_0.01,15,reconciliation,0.01,placeholder,4,0.0051948051948051
0.0,0.0,0.01,0.0,0.00028935185185185184,1690,34,False,False,809,0.029876708984375,{'reconciliation_state': 1},False,,key4_placeholder_reconciliation_0.01,16,reconciliation,0.01,placeholder,4,0.0051948051948051
0.0,0.0,0.01,0.0,0.0,1690,34,True,True,0,0.048236846923828125,{},False,,key4_placeholder_reconciliation_0.01,17,reconciliation,0.01,placeholder,4,0.0051948051948051
0.0,0.0,0.01,0.0,0.0,1690,34,True,True,0,0.0431826114654541,{},False,,key4_placeholder_reconciliation_0.01,18,reconciliation,0.01,placeholder,4,0.0051948051948051
0.0,0.0,0.01,0.0,0.0,1690,34,True,True,0,0.039366960525512695,{},False,,key4_placeholder_reconciliation_0.01,19,reconciliation,0.01,placeholder,4,0.0051948051948051
0.0,0.0,0.003,0.0,0.0,1690,34,True,True,0,0.027153730392456055,{},False,,key4_placeholder_reconciliation_0.003,0,reconciliation,0.003,placeholder,4,0.0051948051948051
0.0,0.0,0.003,0.0,0.0,1690,34,True,True,0,0.026008129119873047,{},False,,key4_placeholder_reconciliation_0.003,1,reconciliation,0.003,placeholder,4,0.0051948051948051
0.0,0.0,0.003,0.0,0.0,1690,34,True,True,0,0.03038477897644043,{},False,,key4_placeholder_reconciliation_0.003,2,reconciliation,0.003,placeholder,4,0.0051948051948051
0.0,0.0,0.003,0.0,0.0,1690,34,True,True,0,0.025551319122314453,{},False,,key4_placeholder_reconciliation_0.003,3,reconciliation,0.003,placeholder,4,0.0051948051948051
0.0,0.0,0.003,0.0,0.0,1690,34,True,True,0,0.027187824249267578,{},False,,key4_placeholder_reconciliation_0.003,4,reconciliation,0.003,placeholder,4,0.0051948051948051
0.0,0.0,0.003,0.0,0.0,1690,34,True,True,0,0.03504467010498047,{},False,,key4_placeholder_reconciliation_0.003,5,reconciliation,0.003,placeholder,4,0.0051948051948051
0.0,0.0,0.003,0.0,0.0,1690,34,True,True,0,0.025417566299438477,{},False,,key4_placeholder_reconciliation_0.003,6,reconciliation,0.003,placeholder,4,0.0051948051948051
0.0,0.0,0.003,0.0,0.0,1690,34,True,True,0,0.02583169937133789,{},False,,key4_placeholder_reconciliation_0.003,7,reconciliation,0.003,placeholder,4,0.0051948051948051
0.0,0.0,0.003,0.0,0.0,1690,34,True,True,0,0.027456045150756836,{},False,,key4_placeholder_reconciliation_0.003,8,reconciliation,0.003,placeholder,4,0.0051948051948051
0.0,0.0,0.003,0.0,0.0,1690,34,True,True,0,0.026116132736206055,{},False,,key4_placeholder_reconciliation_0.003,9,reconciliation,0.003,placeholder,4,0.0051948051948051
0.0,0.0,0.003,0.0,0.0,1690,34,True,True,0,0.03106403350830078,{},False,,key4_placeholder_reconciliation_0.003,10,reconciliation,0.003,placeholder,4,0.0051948051948051
0.0,0.0,0.003,0.0,0.0,1690,34,True,True,0,0.025985240936279297,{},False,,key4_placeholder_reconciliation_0.003,11,reconciliation,0.003,placeholder,4,0.0051948051948051
0.0,0.0,0.003,0.0,0.0,1690,34,True,True,0,0.02696847915649414,{},False,,key4_placeholder_reconciliation_0.003,12,reconciliation,0.003,placeholder,4,0.0051948051948051
0.0,0.0,0.003,0.0,0.0,1690,34,True,True,0,0.03136014938354492,{},False,,key4_placeholder_reconciliation_0.003,13,reconciliation,0.003,placeholder,4,0.0051948051948051
0.0,0.0,0.003,0.0,0.0005787037037037037,1690,34,False,False,859,0.026148557662963867,{},False,,key4_placeholder_reconciliation_0.003,14,reconciliation,0.003,placeholder,4,0.0051948051948051
0.0,0.0,0.003,0.0,0.0,1690,34,True,True,0,0.030153989791870117,{},False,,key4_placeholder_reconciliation_0.003,15,reconciliation,0.003,placeholder,4,0.0051948051948051
0.0,0.0,0.003,0.0,0.00028935185185185184,1690,34,False,False,817,0.03312063217163086,{'reconciliation_state': 1},False,,key4_placeholder_reconciliation_0.003,16,reconciliation,0.003,placeholder,4,0.0051948051948051
0.0,0.0,0.003,0.0,0.0,1690,34,True,True,0,0.025894641876220703,{},False,,key4_placeholder_reconciliation_0.003,17,reconciliation,0.003,placeholder,4,0.0051948051948051
0.0,0.0,0.003,0.0,0.0,1690,34,True,True,0,0.026645421981811523,{},False,,key4_placeholder_reconciliation_0.003,18,reconciliation,0.003,placeholder,4,0.0051948051948051
0.0,0.0,0.003,0.0,0.0,1690,34,True,True,0,0.027564287185668945,{},False,,key4_placeholder_reconciliation_0.003,19,reconciliation,0.003,placeholder,4,0.0051948051948051
0.0,0.0,0.001,0.0,0.0,1690,34,True,True,0,0.02604079246520996,{},False,,key4_placeholder_reconciliation_0.001,0,reconciliation,0.001,placeholder,4,0.0051948051948051
0.0,0.0,0.001,0.0,0.0,1690,34,True,True,0,0.028897523880004883,{},False,,key4_placeholder_reconciliation_0.001,1,reconciliation,0.001,placeholder,4,0.0051948051948051
0.0,0.0,0.001,0.0,0.0,1690,34,True,True,0,0.029874324798583984,{},False,,key4_placeholder_reconciliation_0.001,2,reconciliation,0.001,placeholder,4,0.0051948051948051
0.0,0.0,0.001,0.0,0.0,1690,34,True,True,0,0.026012420654296875,{},False,,key4_placeholder_reconciliation_0.001,3,reconciliation,0.001,placeholder,4,0.0051948051948051
0.0,0.0,0.001,0.0,0.0,1690,34,True,True,0,0.028743982315063477,{},False,,key4_placeholder_reconciliation_0.001,4,reconciliation,0.001,placeholder,4,0.0051948051948051
0.0,0.0,0.001,0.0,0.0,1690,34,True,True,0,0.0317683219909668,{},False,,key4_placeholder_reconciliation_0.001,5,reconciliation,0.001,placeholder,4,0.0051948051948051
0.0,0.0,0.001,0.0,0.0,1690,34,True,True,0,0.026209592819213867,{},False,,key4_placeholder_reconciliation_0.001,6,reconciliation,0.001,placeholder,4,0.0051948051948051
0.0,0.0,0.001,0.0,0.0,1690,34,True,True,0,0.025943994522094727,{},False,,key4_placeholder_reconciliation_0.001,7,reconciliation,0.001,placeholder,4,0.0051948051948051
0.0,0.0,0.001,0.0,0.0,1690,34,True,True,0,0.02626967430114746,{},False,,key4_placeholder_reconciliation_0.001,8,reconciliation,0.001,placeholder,4,0.0051948051948051
0.0,0.0,0.001,0.0,0.0,1690,34,True,True,0,0.026530981063842773,{},False,,key4_placeholder_reconciliation_0.001,9,reconciliation,0.001,placeholder,4,0.0051948051948051
0.0,0.0,0.001,0.0,0.0,1690,34,True,True,0,0.030864238739013672,{},False,,key4_placeholder_reconciliation_0.001,10,reconciliation,0.001,placeholder,4,0.0051948051948051
0.0,0.0,0.001,0.0,0.0,1690,34,True,True,0,0.02598118782043457,{},False,,key4_placeholder_reconciliation_0.001,11,reconciliation,0.001,placeholder,4,0.0051948051948051
0.0,0.0,0.001,0.0,0.0,1690,34,True,True,0,0.02813887596130371,{},False,,key4_placeholder_reconciliation_0.001,12,reconciliation,0.001,placeholder,4,0.0051948051948051
0.0,0.0,0.001,0.0,0.0,1690,34,True,True,0,0.032184600830078125,{},False,,key4_placeholder_reconciliation_0.001,13,reconciliation,0.001,placeholder,4,0.0051948051948051
0.0,0.0,0.001,0.0,0.0005787037037037037,1690,34,False,False,838,0.02561664581298828,{},False,,key4_placeholder_reconciliation_0.001,14,reconciliation,0.001,placeholder,4,0.0051948051948051
0.0,0.0,0.001,0.0,0.0,1690,34,True,True,0,0.030432939529418945,{},False,,key4_placeholder_reconciliation_0.001,15,reconciliation,0.001,placeholder,4,0.0051948051948051
0.0,0.0,0.001,0.0,0.0,1690,34,True,True,0,0.02813243865966797,{},False,,key4_placeholder_reconciliation_0.001,16,reconciliation,0.001,placeholder,4,0.0051948051948051
0.0,0.0,0.001,0.0,0.0,1690,34,True,True,0,0.026864051818847656,{},False,,key4_placeholder_reconciliation_0.001,17,reconciliation,0.001,placeholder,4,0.0051948051948051
0.0,0.0,0.001,0.0,0.0,1690,34,True,True,0,0.026546955108642578,{},False,,key4_placeholder_reconciliation_0.001,18,reconciliation,0.001,placeholder,4,0.0051948051948051
0.0,0.0,0.001,0.0,0.0,1690,34,True,True,0,0.027744770050048828,{},False,,key4_placeholder_reconciliation_0.001,19,reconciliation,0.001,placeholder,4,0.0051948051948051
