toeplitz_prob,final_key_prob,reconciliation_prob,verify_digest_prob,seed,output_path,k_pe,total_corrections,secure_key_length,t_verify,digest_length,verification_passed,remaining_errors_after_reconciliation,non_convergent,error,elapsed_seconds,faults_fired,length_mode,keys_match,alice_measurement_error,run,bob_output_path,alice_output_path,code_version,collection_timestamp,fault_type,prob,key_index,qber,mismatch,is_baseline_contaminated
0.5,0.0,0.0,0.0,42,results/bob_realchannel_run_tp0.5_fk0.0_rp0.0_vd0.0_seed42_20260831_194029_299729.json,390,33,2810,34,34,True,0,False,,4.169816732406616,{'toeplitz_matrix': 1},asymptotic,True,,0,results/bob_realchannel_run_tp0.5_fk0.0_rp0.0_vd0.0_seed42_20260831_194029_299729.json,results/alice_realchannel_run_seed42_20260831_194029_249806.json,unknown,2026-08-31T19:40:33.892058,toeplitz,0.5,0,0.0128205128205128,False,False
0.5,0.0,0.0,0.0,43,results/bob_realchannel_run_tp0.5_fk0.0_rp0.0_vd0.0_seed43_20260831_194034_892694.json,390,33,2810,34,34,True,0,False,,4.2210657596588135,{},asymptotic,True,,1,results/bob_realchannel_run_tp0.5_fk0.0_rp0.0_vd0.0_seed43_20260831_194034_892694.json,results/alice_realchannel_run_seed43_20260831_194034_887266.json,unknown,2026-08-31T19:40:39.563765,toeplitz,0.5,0,0.0128205128205128,False,False
0.5,0.0,0.0,0.0,44,results/bob_realchannel_run_tp0.5_fk0.0_rp0.0_vd0.0_seed44_20260831_194040_568700.json,390,33,2810,34,34,True,0,False,,2.4527571201324463,{},asymptotic,True,,2,results/bob_realchannel_run_tp0.5_fk0.0_rp0.0_vd0.0_seed44_20260831_194040_568700.json,results/alice_realchannel_run_seed44_20260831_194040_571758.json,unknown,2026-08-31T19:40:43.431671,toeplitz,0.5,0,0.0128205128205128,False,False
0.5,0.0,0.0,0.0,45,results/bob_realchannel_run_tp0.5_fk0.0_rp0.0_vd0.0_seed45_20260831_194044_437516.json,390,33,2810,34,34,True,0,False,,4.283936738967896,{},asymptotic,True,,3,results/bob_realchannel_run_tp0.5_fk0.0_rp0.0_vd0.0_seed45_20260831_194044_437516.json,results/alice_realchannel_run_seed45_20260831_194044_428214.json,unknown,2026-08-31T19:40:49.171721,toeplitz,0.5,0,0.0128205128205128,False,False
0.5,0.0,0.0,0.0,46,results/bob_realchannel_run_tp0.5_fk0.0_rp0.0_vd0.0_seed46_20260831_194050_174704.json,390,33,2810,34,34,True,0,False,,2.2075510025024414,{'toeplitz_matrix': 1},asymptotic,False,,4,results/bob_realchannel_run_tp0.5_fk0.0_rp0.0_vd0.0_seed46_20260831_194050_174704.json,results/alice_realchannel_run_seed46_20260831_194050_172686.json,unknown,2026-08-31T19:40:52.808118,toeplitz,0.5,0,0.0128205128205128,True,False
0.5,0.0,0.0,0.0,47,results/bob_realchannel_run_tp0.5_fk0.0_rp0.0_vd0.0_seed47_20260831_194053_801757.json,390,33,2810,34,34,True,0,False,,2.4684038162231445,{'toeplitz_matrix': 1},asymptotic,False,,5,results/bob_realchannel_run_tp0.5_fk0.0_rp0.0_vd0.0_seed47_20260831_194053_801757.json,results/alice_realchannel_run_seed47_20260831_194053_821466.json,unknown,2026-08-31T19:40:56.702896,toeplitz,0.5,0,0.0128205128205128,True,False
0.5,0.0,0.0,0.0,48,results/bob_realchannel_run_tp0.5_fk0.0_rp0.0_vd0.0_seed48_20260831_194057_719567.json,390,33,2810,34,34,True,0,False,,4.366448879241943,{},asymptotic,True,,6,results/bob_realchannel_run_tp0.5_fk0.0_rp0.0_vd0.0_seed48_20260831_194057_719567.json,results/alice_realchannel_run_seed48_20260831_194057_685820.json,unknown,2026-08-31T19:41:02.477393,toeplitz,0.5,0,0.0128205128205128,False,False
0.5,0.0,0.0,0.0,49,results/bob_realchannel_run_tp0.5_fk0.0_rp0.0_vd0.0_seed49_20260831_194103_480539.json,390,33,2810,34,34,True,0,False,,4.353216886520386,{},asymptotic,True,,7,results/bob_realchannel_run_tp0.5_fk0.0_rp0.0_vd0.0_seed49_20260831_194103_480539.json,results/alice_realchannel_run_seed49_20260831_194103_459895.json,unknown,2026-08-31T19:41:08.224143,toeplitz,0.5,0,0.0128205128205128,False,False
0.5,0.0,0.0,0.0,50,results/bob_realchannel_run_tp0.5_fk0.0_rp0.0_vd0.0_seed50_20260831_194109_232868.json,390,33,2810,34,34,True,0,False,,3.452483892440796,{'toeplitz_matrix': 1},asymptotic,True,,8,results/bob_realchannel_run_tp0.5_fk0.0_rp0.0_vd0.0_seed50_20260831_194109_232868.json,results/alice_realchannel_run_seed50_20260831_194109_205734.json,unknown,2026-08-31T19:41:13.076516,toeplitz,0.5,0,0.0128205128205128,False,False
0.5,0.0,0.0,0.0,51,results/bob_realchannel_run_tp0.5_fk0.0_rp0.0_vd0.0_seed51_20260831_194114_079388.json,390,33,2810,34,34,True,0,False,,4.358343839645386,{},asymptotic,True,,9,results/bob_realchannel_run_tp0.5_fk0.0_rp0.0_vd0.0_seed51_20260831_194114_079388.json,results/alice_realchannel_run_seed51_20260831_194114_064718.json,unknown,2026-08-31T19:41:18.828306,toeplitz,0.5,0,0.0128205128205128,False,False
0.3,0.0,0.0,0.0,42,results/bob_realchannel_run_tp0.3_fk0.0_rp0.0_vd0.0_seed42_20260831_194119_832244.json,390,33,2810,34,34,True,0,False,,1.9811663627624512,{},asymptotic,True,,0,results/bob_realchannel_run_tp0.3_fk0.0_rp0.0_vd0.0_seed42_20260831_194119_832244.json,results/alice_realchannel_run_seed42_20260831_194119_838556.json,unknown,2026-08-31T19:41:22.281452,toeplitz,0.3,0,0.0128205128205128,False,False
0.3,0.0,0.0,0.0,43,results/bob_realchannel_run_tp0.3_fk0.0_rp0.0_vd0.0_seed43_20260831_194123_286860.json,390,33,2810,34,34,True,0,False,,4.198647737503052,{},asymptotic,True,,1,results/bob_realchannel_run_tp0.3_fk0.0_rp0.0_vd0.0_seed43_20260831_194123_286860.json,results/alice_realchannel_run_seed43_20260831_194123_265161.json,unknown,2026-08-31T19:41:27.881108,toeplitz,0.3,0,0.0128205128205128,False,False
0.3,0.0,0.0,0.0,44,results/bob_realchannel_run_tp0.3_fk0.0_rp0.0_vd0.0_seed44_20260831_194128_893311.json,390,33,2810,34,34,True,0,False,,1.7282803058624268,{},asymptotic,True,,2,results/bob_realchannel_run_tp0.3_fk0.0_rp0.0_vd0.0_seed44_20260831_194128_893311.json,results/alice_realchannel_run_seed44_20260831_194128_893360.json,unknown,2026-08-31T19:41:31.071347,toeplitz,0.3,0,0.0128205128205128,False,False
0.3,0.0,0.0,0.0,45,results/bob_realchannel_run_tp0.3_fk0.0_rp0.0_vd0.0_seed45_20260831_194132_078250.json,390,33,2810,34,34,True,0,False,,3.5634610652923584,{},asymptotic,True,,3,results/bob_realchannel_run_tp0.3_fk0.0_rp0.0_vd0.0_seed45_20260831_194132_078250.json,results/alice_realchannel_run_seed45_20260831_194132_059280.json,unknown,2026-08-31T19:41:36.034584,toeplitz,0.3,0,0.0128205128205128,False,False
0.3,0.0,0.0,0.0,46,results/bob_realchannel_run_tp0.3_fk0.0_rp0.0_vd0.0_seed46_20260831_194137_035552.json,390,33,2810,34,34,True,0,False,,3.4860987663269043,{'toeplitz_matrix': 1},asymptotic,False,,4,results/bob_realchannel_run_tp0.3_fk0.0_rp0.0_vd0.0_seed46_20260831_194137_035552.json,results/alice_realchannel_run_seed46_20260831_194137_015558.json,unknown,2026-08-31T19:41:40.914435,toeplitz,0.3,0,0.0128205128205128,True,False
0.3,0.0,0.0,0.0,47,results/bob_realchannel_run_tp0.3_fk0.0_rp0.0_vd0.0_seed47_20260831_194141_931923.json,390,33,2810,34,34,True,0,False,,4.457513093948364,{'toeplitz_matrix': 1},asymptotic,False,,5,results/bob_realchannel_run_tp0.3_fk0.0_rp0.0_vd0.0_seed47_20260831_194141_931923.json,results/alice_realchannel_run_seed47_20260831_194141_924527.json,unknown,2026-08-31T19:41:46.787846,toeplitz,0.3,0,0.0128205128205128,True,False
0.3,0.0,0.0,0.0,48,results/bob_realchannel_run_tp0.3_fk0.0_rp0.0_vd0.0_seed48_20260831_194147_790201.json,390,33,2810,34,34,True,0,False,,4.383454322814941,{},asymptotic,True,,6,results/bob_realchannel_run_tp0.3_fk0.0_rp0.0_vd0.0_seed48_20260831_194147_790201.json,results/alice_realchannel_run_seed48_20260831_194147_775538.json,unknown,2026-08-31T19:41:52.563794,toeplitz,0.3,0,0.0128205128205128,False,False
0.3,0.0,0.0,0.0,49,results/bob_realchannel_run_tp0.3_fk0.0_rp0.0_vd0.0_seed49_20260831_194153_576237.json,390,33,2810,34,34,True,0,False,,4.341421365737915,{},asymptotic,True,,7,results/bob_realchannel_run_tp0.3_fk0.0_rp0.0_vd0.0_seed49_20260831_194153_576237.json,results/alice_realchannel_run_seed49_20260831_194153_543465.json,unknown,2026-08-31T19:41:58.291531,toeplitz,0.3,0,0.0128205128205128,False,False
0.3,0.0,0.0,0.0,50,results/bob_realchannel_run_tp0.3_fk0.0_rp0.0_vd0.0_seed50_20260831_194159_306462.json,390,33,2810,34,34,True,0,False,,3.919117212295532,{},asymptotic,True,,8,results/bob_realchannel_run_tp0.3_fk0.0_rp0.0_vd0.0_seed50_20260831_194159_306462.json,results/alice_realchannel_run_seed50_20260831_194159_292173.json,unknown,2026-08-31T19:42:03.622540,toeplitz,0.3,0,0.0128205128205128,False,False
0.3,0.0,0.0,0.0,51,results/bob_realchannel_run_tp0.3_fk0.0_rp0.0_vd0.0_seed51_20260831_194204_661659.json,390,33,2810,34,34,True,0,False,,3.864370346069336,{},asymptotic,True,,9,results/bob_realchannel_run_tp0.3_fk0.0_rp0.0_vd0.0_seed51_20260831_194204_661659.json,results/alice_realchannel_run_seed51_20260831_194204_608825.json,unknown,2026-08-31T19:42:08.904073,toeplitz,0.3,0,0.0128205128205128,False,False
0.1,0.0,0.0,0.0,42,results/bob_realchannel_run_tp0.1_fk0.0_rp0.0_vd0.0_seed42_20260831_194209_893622.json,390,33,2810,34,34,True,0,False,,4.216099977493286,{},asymptotic,True,,0,results/bob_realchannel_run_tp0.1_fk0.0_rp0.0_vd0.0_seed42_20260831_194209_893622.json,results/alice_realchannel_run_seed42_20260831_194209_885753.json,unknown,2026-08-31T19:42:14.500955,toeplitz,0.1,0,0.0128205128205128,False,False
0.1,0.0,0.0,0.0,43,results/bob_realchannel_run_tp0.1_fk0.0_rp0.0_vd0.0_seed43_20260831_194215_514327.json,390,33,2810,34,34,True,0,False,,3.751326084136963,{},asymptotic,True,,1,results/bob_realchannel_run_tp0.1_fk0.0_rp0.0_vd0.0_seed43_20260831_194215_514327.json,results/alice_realchannel_run_seed43_20260831_194215_491306.json,unknown,2026-08-31T19:42:19.637854,toeplitz,0.1,0,0.0128205128205128,False,False
0.1,0.0,0.0,0.0,44,results/bob_realchannel_run_tp0.1_fk0.0_rp0.0_vd0.0_seed44_20260831_194220_652846.json,390,33,2810,34,34,True,0,False,,4.428927183151245,{},asymptotic,True,,2,results/bob_realchannel_run_tp0.1_fk0.0_rp0.0_vd0.0_seed44_20260831_194220_652846.json,results/alice_realchannel_run_seed44_20260831_194220_624734.json,unknown,2026-08-31T19:42:25.468273,toeplitz,0.1,0,0.0128205128205128,False,False
0.1,0.0,0.0,0.0,45,results/bob_realchannel_run_tp0.1_fk0.0_rp0.0_vd0.0_seed45_20260831_194226_480182.json,390,33,2810,34,34,True,0,False,,0.9015088081359864,{},asymptotic,True,,3,results/bob_realchannel_run_tp0.1_fk0.0_rp0.0_vd0.0_seed45_20260831_194226_480182.json,results/alice_realchannel_run_seed45_20260831_194226_486100.json,unknown,2026-08-31T19:42:27.770810,toeplitz,0.1,0,0.0128205128205128,False,False
0.1,0.0,0.0,0.0,46,results/bob_realchannel_run_tp0.1_fk0.0_rp0.0_vd0.0_seed46_20260831_194228_790434.json,390,33,2810,34,34,True,0,False,,4.18745756149292,{},asymptotic,True,,4,results/bob_realchannel_run_tp0.1_fk0.0_rp0.0_vd0.0_seed46_20260831_194228_790434.json,results/alice_realchannel_run_seed46_20260831_194228_754887.json,unknown,2026-08-31T19:42:33.367132,toeplitz,0.1,0,0.0128205128205128,False,False
0.1,0.0,0.0,0.0,47,results/bob_realchannel_run_tp0.1_fk0.0_rp0.0_vd0.0_seed47_20260831_194234_362833.json,390,33,2810,34,34,True,0,False,,4.454131126403809,{},asymptotic,True,,5,results/bob_realchannel_run_tp0.1_fk0.0_rp0.0_vd0.0_seed47_20260831_194234_362833.json,results/alice_realchannel_run_seed47_20260831_194234_357687.json,unknown,2026-08-31T19:42:39.217438,toeplitz,0.1,0,0.0128205128205128,False,False
0.1,0.0,0.0,0.0,48,results/bob_realchannel_run_tp0.1_fk0.0_rp0.0_vd0.0_seed48_20260831_194240_214479.json,390,33,2810,34,34,True,0,False,,2.3792383670806885,{},asymptotic,True,,6,results/bob_realchannel_run_tp0.1_fk0.0_rp0.0_vd0.0_seed48_20260831_194240_214479.json,results/alice_realchannel_run_seed48_20260831_194240_210733.json,unknown,2026-08-31T19:42:42.984021,toeplitz,0.1,0,0.0128205128205128,False,False
0.1,0.0,0.0,0.0,49,results/bob_realchannel_run_tp0.1_fk0.0_rp0.0_vd0.0_seed49_20260831_194243_980215.json,390,33,2810,34,34,True,0,False,,4.365885257720947,{},asymptotic,True,,7,results/bob_realchannel_run_tp0.1_fk0.0_rp0.0_vd0.0_seed49_20260831_194243_980215.json,results/alice_realchannel_run_seed49_20260831_194243_974191.json,unknown,2026-08-31T19:42:48.735324,toeplitz,0.1,0,0.0128205128205128,False,False
0.1,0.0,0.0,0.0,50,results/bob_realchannel_run_tp0.1_fk0.0_rp0.0_vd0.0_seed50_20260831_194249_732608.json,390,33,2810,34,34,True,0,False,,4.377515077590942,{},asymptotic,True,,8,results/bob_realchannel_run_tp0.1_fk0.0_rp0.0_vd0.0_seed50_20260831_194249_732608.json,results/alice_realchannel_run_seed50_20260831_194249_722603.json,unknown,2026-08-31T19:42:54.552741,toeplitz,0.1,0,0.0128205128205128,False,False
0.1,0.0,0.0,0.0,51,results/bob_realchannel_run_tp0.1_fk0.0_rp0.0_vd0.0_seed51_20260831_194255_536532.json,390,33,2810,34,34,True,0,False,,2.3613991737365723,{},asymptotic,True,,9,results/bob_realchannel_run_tp0.1_fk0.0_rp0.0_vd0.0_seed51_20260831_194255_536532.json,results/alice_realchannel_run_seed51_20260831_194255_540828.json,unknown,2026-08-31T19:42:58.293752,toeplitz,0.1,0,0.0128205128205128,False,False
0.05,0.0,0.0,0.0,42,results/bob_realchannel_run_tp0.05_fk0.0_rp0.0_vd0.0_seed42_20260831_194259_292182.json,390,33,2810,34,34,True,0,False,,4.213248252868652,{},asymptotic,True,,0,results/bob_realchannel_run_tp0.05_fk0.0_rp0.0_vd0.0_seed42_20260831_194259_292182.json,results/alice_realchannel_run_seed42_20260831_194259_278148.json,unknown,2026-08-31T19:43:03.894399,toeplitz,0.05,0,0.0128205128205128,False,False
0.05,0.0,0.0,0.0,43,results/bob_realchannel_run_tp0.05_fk0.0_rp0.0_vd0.0_seed43_20260831_194304_888881.json,390,33,2810,34,34,True,0,False,,4.212487697601318,{},asymptotic,True,,1,results/bob_realchannel_run_tp0.05_fk0.0_rp0.0_vd0.0_seed43_20260831_194304_888881.json,results/alice_realchannel_run_seed43_20260831_194304_880815.json,unknown,2026-08-31T19:43:09.489427,toeplitz,0.05,0,0.0128205128205128,False,False
0.05,0.0,0.0,0.0,44,results/bob_realchannel_run_tp0.05_fk0.0_rp0.0_vd0.0_seed44_20260831_194310_492484.json,390,33,2810,34,34,True,0,False,,4.441673994064331,{},asymptotic,True,,2,results/bob_realchannel_run_tp0.05_fk0.0_rp0.0_vd0.0_seed44_20260831_194310_492484.json,results/alice_realchannel_run_seed44_20260831_194310_469234.json,unknown,2026-08-31T19:43:15.322473,toeplitz,0.05,0,0.0128205128205128,False,False
0.05,0.0,0.0,0.0,45,results/bob_realchannel_run_tp0.05_fk0.0_rp0.0_vd0.0_seed45_20260831_194316_319000.json,390,33,2810,34,34,True,0,False,,2.702123641967773,{},asymptotic,True,,3,results/bob_realchannel_run_tp0.05_fk0.0_rp0.0_vd0.0_seed45_20260831_194316_319000.json,results/alice_realchannel_run_seed45_20260831_194316_310956.json,unknown,2026-08-31T19:43:19.663868,toeplitz,0.05,0,0.0128205128205128,False,False
0.05,0.0,0.0,0.0,46,results/bob_realchannel_run_tp0.05_fk0.0_rp0.0_vd0.0_seed46_20260831_194320_665994.json,390,33,2810,34,34,True,0,False,,4.204056739807129,{},asymptotic,True,,4,results/bob_realchannel_run_tp0.05_fk0.0_rp0.0_vd0.0_seed46_20260831_194320_665994.json,results/alice_realchannel_run_seed46_20260831_194320_651965.json,unknown,2026-08-31T19:43:25.264412,toeplitz,0.05,0,0.0128205128205128,False,False
0.05,0.0,0.0,0.0,47,results/bob_realchannel_run_tp0.05_fk0.0_rp0.0_vd0.0_seed47_20260831_194326_294192.json,390,33,2810,34,34,True,0,False,,4.415336847305298,{},asymptotic,True,,5,results/bob_realchannel_run_tp0.05_fk0.0_rp0.0_vd0.0_seed47_20260831_194326_294192.json,results/alice_realchannel_run_seed47_20260831_194326_250020.json,unknown,2026-08-31T19:43:31.097709,toeplitz,0.05,0,0.0128205128205128,False,False
0.05,0.0,0.0,0.0,48,results/bob_realchannel_run_tp0.05_fk0.0_rp0.0_vd0.0_seed48_20260831_194332_088963.json,390,33,2810,34,34,True,0,False,,2.3924479484558105,{},asymptotic,True,,6,results/bob_realchannel_run_tp0.05_fk0.0_rp0.0_vd0.0_seed48_20260831_194332_088963.json,results/alice_realchannel_run_seed48_20260831_194332_103101.json,unknown,2026-08-31T19:43:34.870800,toeplitz,0.05,0,0.0128205128205128,False,False
0.05,0.0,0.0,0.0,49,results/bob_realchannel_run_tp0.05_fk0.0_rp0.0_vd0.0_seed49_20260831_194335_886806.json,390,33,2810,34,34,True,0,False,,4.339393854141235,{},asymptotic,True,,7,results/bob_realchannel_run_tp0.05_fk0.0_rp0.0_vd0.0_seed49_20260831_194335_886806.json,results/alice_realchannel_run_seed49_20260831_194335_853355.json,unknown,2026-08-31T19:43:40.613350,toeplitz,0.05,0,0.0128205128205128,False,False
0.05,0.0,0.0,0.0,50,results/bob_realchannel_run_tp0.05_fk0.0_rp0.0_vd0.0_seed50_20260831_194341_608160.json,390,33,2810,34,34,True,0,False,,2.373329162597656,{},asymptotic,True,,8,results/bob_realchannel_run_tp0.05_fk0.0_rp0.0_vd0.0_seed50_20260831_194341_608160.json,results/alice_realchannel_run_seed50_20260831_194341_613106.json,unknown,2026-08-31T19:43:44.371210,toeplitz,0.05,0,0.0128205128205128,False,False
0.05,0.0,0.0,0.0,51,results/bob_realchannel_run_tp0.05_fk0.0_rp0.0_vd0.0_seed51_20260831_194345_378948.json,390,33,2810,34,34,True,0,False,,3.8987090587615967,{},asymptotic,True,,9,results/bob_realchannel_run_tp0.05_fk0.0_rp0.0_vd0.0_seed51_20260831_194345_378948.json,results/alice_realchannel_run_seed51_20260831_194345_355294.json,unknown,2026-08-31T19:43:49.665465,toeplitz,0.05,0,0.0128205128205128,False,False
0.03,0.0,0.0,0.0,42,results/bob_realchannel_run_tp0.03_fk0.0_rp0.0_vd0.0_seed42_20260831_194350_667421.json,390,33,2810,34,34,True,0,False,,4.214221715927124,{},asymptotic,True,,0,results/bob_realchannel_run_tp0.03_fk0.0_rp0.0_vd0.0_seed42_20260831_194350_667421.json,results/alice_realchannel_run_seed42_20260831_194350_651599.json,unknown,2026-08-31T19:43:55.260052,toeplitz,0.03,0,0.0128205128205128,False,False
0.03,0.0,0.0,0.0,43,results/bob_realchannel_run_tp0.03_fk0.0_rp0.0_vd0.0_seed43_20260831_194356_265707.json,390,33,2810,34,34,True,0,False,,4.203706741333008,{},asymptotic,True,,1,results/bob_realchannel_run_tp0.03_fk0.0_rp0.0_vd0.0_seed43_20260831_194356_265707.json,results/alice_realchannel_run_seed43_20260831_194356_248209.json,unknown,2026-08-31T19:44:00.849635,toeplitz,0.03,0,0.0128205128205128,False,False
0.03,0.0,0.0,0.0,44,results/bob_realchannel_run_tp0.03_fk0.0_rp0.0_vd0.0_seed44_20260831_194401_848154.json,390,33,2810,34,34,True,0,False,,4.4614362716674805,{},asymptotic,True,,2,results/bob_realchannel_run_tp0.03_fk0.0_rp0.0_vd0.0_seed44_20260831_194401_848154.json,results/alice_realchannel_run_seed44_20260831_194401_842114.json,unknown,2026-08-31T19:44:06.697538,toeplitz,0.03,0,0.0128205128205128,False,False
0.03,0.0,0.0,0.0,45,results/bob_realchannel_run_tp0.03_fk0.0_rp0.0_vd0.0_seed45_20260831_194407_703660.json,390,33,2810,34,34,True,0,False,,4.28580641746521,{},asymptotic,True,,3,results/bob_realchannel_run_tp0.03_fk0.0_rp0.0_vd0.0_seed45_20260831_194407_703660.json,results/alice_realchannel_run_seed45_20260831_194407_688826.json,unknown,2026-08-31T19:44:12.377342,toeplitz,0.03,0,0.0128205128205128,False,False
0.03,0.0,0.0,0.0,46,results/bob_realchannel_run_tp0.03_fk0.0_rp0.0_vd0.0_seed46_20260831_194413_375921.json,390,33,2810,34,34,True,0,False,,4.210592746734619,{},asymptotic,True,,4,results/bob_realchannel_run_tp0.03_fk0.0_rp0.0_vd0.0_seed46_20260831_194413_375921.json,results/alice_realchannel_run_seed46_20260831_194413_358876.json,unknown,2026-08-31T19:44:17.979191,toeplitz,0.03,0,0.0128205128205128,False,False
0.03,0.0,0.0,0.0,47,results/bob_realchannel_run_tp0.03_fk0.0_rp0.0_vd0.0_seed47_20260831_194418_979895.json,390,33,2810,34,34,True,0,False,,4.44982385635376,{},asymptotic,True,,5,results/bob_realchannel_run_tp0.03_fk0.0_rp0.0_vd0.0_seed47_20260831_194418_979895.json,results/alice_realchannel_run_seed47_20260831_194418_967414.json,unknown,2026-08-31T19:44:23.819934,toeplitz,0.03,0,0.0128205128205128,False,False
0.03,0.0,0.0,0.0,48,results/bob_realchannel_run_tp0.03_fk0.0_rp0.0_vd0.0_seed48_20260831_194424_814283.json,390,33,2810,34,34,True,0,False,,3.4794936180114746,{},asymptotic,True,,6,results/bob_realchannel_run_tp0.03_fk0.0_rp0.0_vd0.0_seed48_20260831_194424_814283.json,results/alice_realchannel_run_seed48_20260831_194424_802353.json,unknown,2026-08-31T19:44:28.682812,toeplitz,0.03,0,0.0128205128205128,False,False
0.03,0.0,0.0,0.0,49,results/bob_realchannel_run_tp0.03_fk0.0_rp0.0_vd0.0_seed49_20260831_194429_705223.json,390,33,2810,34,34,True,0,False,,4.344461441040039,{},asymptotic,True,,7,results/bob_realchannel_run_tp0.03_fk0.0_rp0.0_vd0.0_seed49_20260831_194429_705223.json,results/alice_realchannel_run_seed49_20260831_194429_673412.json,unknown,2026-08-31T19:44:34.438360,toeplitz,0.03,0,0.0128205128205128,False,False
0.03,0.0,0.0,0.0,50,results/bob_realchannel_run_tp0.03_fk0.0_rp0.0_vd0.0_seed50_20260831_194435_438845.json,390,33,2810,34,34,True,0,False,,4.3752312660217285,{},asymptotic,True,,8,results/bob_realchannel_run_tp0.03_fk0.0_rp0.0_vd0.0_seed50_20260831_194435_438845.json,results/alice_realchannel_run_seed50_20260831_194435_430056.json,unknown,2026-08-31T19:44:40.265025,toeplitz,0.03,0,0.0128205128205128,False,False
0.03,0.0,0.0,0.0,51,results/bob_realchannel_run_tp0.03_fk0.0_rp0.0_vd0.0_seed51_20260831_194441_258162.json,390,33,2810,34,34,True,0,False,,2.3677144050598145,{},asymptotic,True,,9,results/bob_realchannel_run_tp0.03_fk0.0_rp0.0_vd0.0_seed51_20260831_194441_258162.json,results/alice_realchannel_run_seed51_20260831_194441_267708.json,unknown,2026-08-31T19:44:44.022690,toeplitz,0.03,0,0.0128205128205128,False,False
0.01,0.0,0.0,0.0,42,results/bob_realchannel_run_tp0.01_fk0.0_rp0.0_vd0.0_seed42_20260831_194445_013621.json,390,33,2810,34,34,True,0,False,,2.2119476795196533,{},asymptotic,True,,0,results/bob_realchannel_run_tp0.01_fk0.0_rp0.0_vd0.0_seed42_20260831_194445_013621.json,results/alice_realchannel_run_seed42_20260831_194445_015390.json,unknown,2026-08-31T19:44:47.616711,toeplitz,0.01,0,0.0128205128205128,False,False
0.01,0.0,0.0,0.0,43,results/bob_realchannel_run_tp0.01_fk0.0_rp0.0_vd0.0_seed43_20260831_194448_616015.json,390,33,2810,34,34,True,0,False,,4.209669589996338,{},asymptotic,True,,1,results/bob_realchannel_run_tp0.01_fk0.0_rp0.0_vd0.0_seed43_20260831_194448_616015.json,results/alice_realchannel_run_seed43_20260831_194448_597061.json,unknown,2026-08-31T19:44:53.220623,toeplitz,0.01,0,0.0128205128205128,False,False
0.01,0.0,0.0,0.0,44,results/bob_realchannel_run_tp0.01_fk0.0_rp0.0_vd0.0_seed44_20260831_194454_224230.json,390,33,2810,34,34,True,0,False,,4.001397609710693,{},asymptotic,True,,2,results/bob_realchannel_run_tp0.01_fk0.0_rp0.0_vd0.0_seed44_20260831_194454_224230.json,results/alice_realchannel_run_seed44_20260831_194454_217758.json,unknown,2026-08-31T19:44:58.615205,toeplitz,0.01,0,0.0128205128205128,False,False
0.01,0.0,0.0,0.0,45,results/bob_realchannel_run_tp0.01_fk0.0_rp0.0_vd0.0_seed45_20260831_194459_617658.json,390,33,2810,34,34,True,0,False,,2.292353868484497,{},asymptotic,True,,3,results/bob_realchannel_run_tp0.01_fk0.0_rp0.0_vd0.0_seed45_20260831_194459_617658.json,results/alice_realchannel_run_seed45_20260831_194459_626333.json,unknown,2026-08-31T19:45:02.325376,toeplitz,0.01,0,0.0128205128205128,False,False
0.01,0.0,0.0,0.0,46,results/bob_realchannel_run_tp0.01_fk0.0_rp0.0_vd0.0_seed46_20260831_194503_319899.json,390,33,2810,34,34,True,0,False,,2.2180252075195312,{},asymptotic,True,,4,results/bob_realchannel_run_tp0.01_fk0.0_rp0.0_vd0.0_seed46_20260831_194503_319899.json,results/alice_realchannel_run_seed46_20260831_194503_324554.json,unknown,2026-08-31T19:45:05.927246,toeplitz,0.01,0,0.0128205128205128,False,False
0.01,0.0,0.0,0.0,47,results/bob_realchannel_run_tp0.01_fk0.0_rp0.0_vd0.0_seed47_20260831_194506_930677.json,390,33,2810,34,34,True,0,False,,4.446966648101807,{},asymptotic,True,,5,results/bob_realchannel_run_tp0.01_fk0.0_rp0.0_vd0.0_seed47_20260831_194506_930677.json,results/alice_realchannel_run_seed47_20260831_194506_915787.json,unknown,2026-08-31T19:45:11.767376,toeplitz,0.01,0,0.0128205128205128,False,False
0.01,0.0,0.0,0.0,48,results/bob_realchannel_run_tp0.01_fk0.0_rp0.0_vd0.0_seed48_20260831_194512_767766.json,390,33,2810,34,34,True,0,False,,4.385669946670532,{},asymptotic,True,,6,results/bob_realchannel_run_tp0.01_fk0.0_rp0.0_vd0.0_seed48_20260831_194512_767766.json,results/alice_realchannel_run_seed48_20260831_194512_755597.json,unknown,2026-08-31T19:45:17.541651,toeplitz,0.01,0,0.0128205128205128,False,False
0.01,0.0,0.0,0.0,49,results/bob_realchannel_run_tp0.01_fk0.0_rp0.0_vd0.0_seed49_20260831_194518_527058.json,390,33,2810,34,34,True,0,False,,1.9102778434753416,{},asymptotic,True,,7,results/bob_realchannel_run_tp0.01_fk0.0_rp0.0_vd0.0_seed49_20260831_194518_527058.json,results/alice_realchannel_run_seed49_20260831_194518_531423.json,unknown,2026-08-31T19:45:20.823167,toeplitz,0.01,0,0.0128205128205128,False,False
0.01,0.0,0.0,0.0,50,results/bob_realchannel_run_tp0.01_fk0.0_rp0.0_vd0.0_seed50_20260831_194521_820154.json,390,33,2810,34,34,True,0,False,,4.373666286468506,{},asymptotic,True,,8,results/bob_realchannel_run_tp0.01_fk0.0_rp0.0_vd0.0_seed50_20260831_194521_820154.json,results/alice_realchannel_run_seed50_20260831_194521_809301.json,unknown,2026-08-31T19:45:26.582267,toeplitz,0.01,0,0.0128205128205128,False,False
0.01,0.0,0.0,0.0,51,results/bob_realchannel_run_tp0.01_fk0.0_rp0.0_vd0.0_seed51_20260831_194527_592952.json,390,33,2810,34,34,True,0,False,,4.348423480987549,{},asymptotic,True,,9,results/bob_realchannel_run_tp0.01_fk0.0_rp0.0_vd0.0_seed51_20260831_194527_592952.json,results/alice_realchannel_run_seed51_20260831_194527_569500.json,unknown,2026-08-31T19:45:32.331153,toeplitz,0.01,0,0.0128205128205128,False,False
0.003,0.0,0.0,0.0,42,results/bob_realchannel_run_tp0.003_fk0.0_rp0.0_vd0.0_seed42_20260831_194533_336712.json,390,33,2810,34,34,True,0,False,,3.7488701343536377,{},asymptotic,True,,0,results/bob_realchannel_run_tp0.003_fk0.0_rp0.0_vd0.0_seed42_20260831_194533_336712.json,results/alice_realchannel_run_seed42_20260831_194533_310431.json,unknown,2026-08-31T19:45:37.473476,toeplitz,0.003,0,0.0128205128205128,False,False
0.003,0.0,0.0,0.0,43,results/bob_realchannel_run_tp0.003_fk0.0_rp0.0_vd0.0_seed43_20260831_194538_468163.json,390,33,2810,34,34,True,0,False,,2.2093377113342285,{},asymptotic,True,,1,results/bob_realchannel_run_tp0.003_fk0.0_rp0.0_vd0.0_seed43_20260831_194538_468163.json,results/alice_realchannel_run_seed43_20260831_194538_467338.json,unknown,2026-08-31T19:45:41.065001,toeplitz,0.003,0,0.0128205128205128,False,False
0.003,0.0,0.0,0.0,44,results/bob_realchannel_run_tp0.003_fk0.0_rp0.0_vd0.0_seed44_20260831_194542_053845.json,390,33,2810,34,34,True,0,False,,2.44766616821289,{},asymptotic,True,,2,results/bob_realchannel_run_tp0.003_fk0.0_rp0.0_vd0.0_seed44_20260831_194542_053845.json,results/alice_realchannel_run_seed44_20260831_194542_051569.json,unknown,2026-08-31T19:45:44.895124,toeplitz,0.003,0,0.0128205128205128,False,False
0.003,0.0,0.0,0.0,45,results/bob_realchannel_run_tp0.003_fk0.0_rp0.0_vd0.0_seed45_20260831_194545_891710.json,390,33,2810,34,34,True,0,False,,4.294068813323975,{},asymptotic,True,,3,results/bob_realchannel_run_tp0.003_fk0.0_rp0.0_vd0.0_seed45_20260831_194545_891710.json,results/alice_realchannel_run_seed45_20260831_194545_884046.json,unknown,2026-08-31T19:45:50.574442,toeplitz,0.003,0,0.0128205128205128,False,False
0.003,0.0,0.0,0.0,46,results/bob_realchannel_run_tp0.003_fk0.0_rp0.0_vd0.0_seed46_20260831_194551_567303.json,390,33,2810,34,34,True,0,False,,4.218593597412109,{},asymptotic,True,,4,results/bob_realchannel_run_tp0.003_fk0.0_rp0.0_vd0.0_seed46_20260831_194551_567303.json,results/alice_realchannel_run_seed46_20260831_194551_562715.json,unknown,2026-08-31T19:45:56.183931,toeplitz,0.003,0,0.0128205128205128,False,False
0.003,0.0,0.0,0.0,47,results/bob_realchannel_run_tp0.003_fk0.0_rp0.0_vd0.0_seed47_20260831_194557_165126.json,390,33,2810,34,34,True,0,False,,2.4483535289764404,{},asymptotic,True,,5,results/bob_realchannel_run_tp0.003_fk0.0_rp0.0_vd0.0_seed47_20260831_194557_165126.json,results/alice_realchannel_run_seed47_20260831_194557_170485.json,unknown,2026-08-31T19:46:00.001443,toeplitz,0.003,0,0.0128205128205128,False,False
0.003,0.0,0.0,0.0,48,results/bob_realchannel_run_tp0.003_fk0.0_rp0.0_vd0.0_seed48_20260831_194601_033853.json,390,33,2810,34,34,True,0,False,,4.355890989303589,{},asymptotic,True,,6,results/bob_realchannel_run_tp0.003_fk0.0_rp0.0_vd0.0_seed48_20260831_194601_033853.json,results/alice_realchannel_run_seed48_20260831_194600_988832.json,unknown,2026-08-31T19:46:05.779885,toeplitz,0.003,0,0.0128205128205128,False,False
0.003,0.0,0.0,0.0,49,results/bob_realchannel_run_tp0.003_fk0.0_rp0.0_vd0.0_seed49_20260831_194606_771498.json,390,33,2810,34,34,True,0,False,,4.157953262329102,{},asymptotic,True,,7,results/bob_realchannel_run_tp0.003_fk0.0_rp0.0_vd0.0_seed49_20260831_194606_771498.json,results/alice_realchannel_run_seed49_20260831_194606_760453.json,unknown,2026-08-31T19:46:11.321340,toeplitz,0.003,0,0.0128205128205128,False,False
0.003,0.0,0.0,0.0,50,results/bob_realchannel_run_tp0.003_fk0.0_rp0.0_vd0.0_seed50_20260831_194612_359634.json,390,33,2810,34,34,True,0,False,,3.877974033355713,{},asymptotic,True,,8,results/bob_realchannel_run_tp0.003_fk0.0_rp0.0_vd0.0_seed50_20260831_194612_359634.json,results/alice_realchannel_run_seed50_20260831_194612_307051.json,unknown,2026-08-31T19:46:16.618489,toeplitz,0.003,0,0.0128205128205128,False,False
0.003,0.0,0.0,0.0,51,results/bob_realchannel_run_tp0.003_fk0.0_rp0.0_vd0.0_seed51_20260831_194617_602835.json,390,33,2810,34,34,True,0,False,,2.354710817337036,{},asymptotic,True,,9,results/bob_realchannel_run_tp0.003_fk0.0_rp0.0_vd0.0_seed51_20260831_194617_602835.json,results/alice_realchannel_run_seed51_20260831_194617_601278.json,unknown,2026-08-31T19:46:20.345245,toeplitz,0.003,0,0.0128205128205128,False,False
0.001,0.0,0.0,0.0,42,results/bob_realchannel_run_tp0.001_fk0.0_rp0.0_vd0.0_seed42_20260831_194621_327309.json,390,33,2810,34,34,True,0,False,,2.2148380279541016,{},asymptotic,True,,0,results/bob_realchannel_run_tp0.001_fk0.0_rp0.0_vd0.0_seed42_20260831_194621_327309.json,results/alice_realchannel_run_seed42_20260831_194621_333226.json,unknown,2026-08-31T19:46:23.929566,toeplitz,0.001,0,0.0128205128205128,False,False
0.001,0.0,0.0,0.0,43,results/bob_realchannel_run_tp0.001_fk0.0_rp0.0_vd0.0_seed43_20260831_194624_911979.json,390,33,2810,34,34,True,0,False,,1.761894941329956,{},asymptotic,True,,1,results/bob_realchannel_run_tp0.001_fk0.0_rp0.0_vd0.0_seed43_20260831_194624_911979.json,results/alice_realchannel_run_seed43_20260831_194624_916140.json,unknown,2026-08-31T19:46:27.062114,toeplitz,0.001,0,0.0128205128205128,False,False
0.001,0.0,0.0,0.0,44,results/bob_realchannel_run_tp0.001_fk0.0_rp0.0_vd0.0_seed44_20260831_194628_050720.json,390,33,2810,34,34,True,0,False,,2.011462450027466,{},asymptotic,True,,2,results/bob_realchannel_run_tp0.001_fk0.0_rp0.0_vd0.0_seed44_20260831_194628_050720.json,results/alice_realchannel_run_seed44_20260831_194628_068720.json,unknown,2026-08-31T19:46:30.450897,toeplitz,0.001,0,0.0128205128205128,False,False
0.001,0.0,0.0,0.0,45,results/bob_realchannel_run_tp0.001_fk0.0_rp0.0_vd0.0_seed45_20260831_194631_442475.json,390,33,2810,34,34,True,0,False,,4.291175842285156,{},asymptotic,True,,3,results/bob_realchannel_run_tp0.001_fk0.0_rp0.0_vd0.0_seed45_20260831_194631_442475.json,results/alice_realchannel_run_seed45_20260831_194631_433325.json,unknown,2026-08-31T19:46:36.121631,toeplitz,0.001,0,0.0128205128205128,False,False
0.001,0.0,0.0,0.0,46,results/bob_realchannel_run_tp0.001_fk0.0_rp0.0_vd0.0_seed46_20260831_194637_123950.json,390,33,2810,34,34,True,0,False,,4.209585666656494,{},asymptotic,True,,4,results/bob_realchannel_run_tp0.001_fk0.0_rp0.0_vd0.0_seed46_20260831_194637_123950.json,results/alice_realchannel_run_seed46_20260831_194637_106068.json,unknown,2026-08-31T19:46:41.722033,toeplitz,0.001,0,0.0128205128205128,False,False
0.001,0.0,0.0,0.0,47,results/bob_realchannel_run_tp0.001_fk0.0_rp0.0_vd0.0_seed47_20260831_194642_717503.json,390,33,2810,34,34,True,0,False,,4.45257306098938,{},asymptotic,True,,5,results/bob_realchannel_run_tp0.001_fk0.0_rp0.0_vd0.0_seed47_20260831_194642_717503.json,results/alice_realchannel_run_seed47_20260831_194642_712565.json,unknown,2026-08-31T19:46:47.560129,toeplitz,0.001,0,0.0128205128205128,False,False
0.001,0.0,0.0,0.0,48,results/bob_realchannel_run_tp0.001_fk0.0_rp0.0_vd0.0_seed48_20260831_194648_557871.json,390,33,2810,34,34,True,0,False,,4.387752056121826,{},asymptotic,True,,6,results/bob_realchannel_run_tp0.001_fk0.0_rp0.0_vd0.0_seed48_20260831_194648_557871.json,results/alice_realchannel_run_seed48_20260831_194648_548948.json,unknown,2026-08-31T19:46:53.333434,toeplitz,0.001,0,0.0128205128205128,False,False
0.001,0.0,0.0,0.0,49,results/bob_realchannel_run_tp0.001_fk0.0_rp0.0_vd0.0_seed49_20260831_194654_318683.json,390,33,2810,34,34,True,0,False,,2.3787009716033936,{},asymptotic,True,,7,results/bob_realchannel_run_tp0.001_fk0.0_rp0.0_vd0.0_seed49_20260831_194654_318683.json,results/alice_realchannel_run_seed49_20260831_194654_327654.json,unknown,2026-08-31T19:46:57.085092,toeplitz,0.001,0,0.0128205128205128,False,False
0.001,0.0,0.0,0.0,50,results/bob_realchannel_run_tp0.001_fk0.0_rp0.0_vd0.0_seed50_20260831_194658_078443.json,390,33,2810,34,34,True,0,False,,3.922792673110962,{},asymptotic,True,,8,results/bob_realchannel_run_tp0.001_fk0.0_rp0.0_vd0.0_seed50_20260831_194658_078443.json,results/alice_realchannel_run_seed50_20260831_194658_070408.json,unknown,2026-08-31T19:47:02.389187,toeplitz,0.001,0,0.0128205128205128,False,False
0.001,0.0,0.0,0.0,51,results/bob_realchannel_run_tp0.001_fk0.0_rp0.0_vd0.0_seed51_20260831_194703_387426.json,390,33,2810,34,34,True,0,False,,4.366156339645386,{},asymptotic,True,,9,results/bob_realchannel_run_tp0.001_fk0.0_rp0.0_vd0.0_seed51_20260831_194703_387426.json,results/alice_realchannel_run_seed51_20260831_194703_381313.json,unknown,2026-08-31T19:47:08.145782,toeplitz,0.001,0,0.0128205128205128,False,False
0.5,0.0,0.0,0.0,42,results/bob_realchannel_run_tp0.5_fk0.0_rp0.0_vd0.0_seed42_20260831_200804_184076.json,379,35,2608,34,34,True,0,False,,2.7194573879241943,{'toeplitz_matrix': 1},asymptotic,False,,0,results/bob_realchannel_run_tp0.5_fk0.0_rp0.0_vd0.0_seed42_20260831_200804_184076.json,results/alice_realchannel_run_seed42_20260831_200803_989945.json,unknown,2026-08-31T20:08:07.328884,toeplitz,0.5,1,0.0158311345646438,True,False
0.5,0.0,0.0,0.0,43,results/bob_realchannel_run_tp0.5_fk0.0_rp0.0_vd0.0_seed43_20260831_200808_390815.json,379,35,2608,34,34,True,0,False,,2.6926729679107666,{},asymptotic,True,,1,results/bob_realchannel_run_tp0.5_fk0.0_rp0.0_vd0.0_seed43_20260831_200808_390815.json,results/alice_realchannel_run_seed43_20260831_200808_328629.json,unknown,2026-08-31T20:08:11.508196,toeplitz,0.5,1,0.0158311345646438,False,False
0.5,0.0,0.0,0.0,44,results/bob_realchannel_run_tp0.5_fk0.0_rp0.0_vd0.0_seed44_20260831_200812_526344.json,379,35,2608,34,34,True,0,False,,2.813077688217163,{},asymptotic,True,,2,results/bob_realchannel_run_tp0.5_fk0.0_rp0.0_vd0.0_seed44_20260831_200812_526344.json,results/alice_realchannel_run_seed44_20260831_200812_512091.json,unknown,2026-08-31T20:08:15.789053,toeplitz,0.5,1,0.0158311345646438,False,False
0.5,0.0,0.0,0.0,45,results/bob_realchannel_run_tp0.5_fk0.0_rp0.0_vd0.0_seed45_20260831_200816_805744.json,379,35,2608,34,34,True,0,False,,3.20566463470459,{},asymptotic,True,,3,results/bob_realchannel_run_tp0.5_fk0.0_rp0.0_vd0.0_seed45_20260831_200816_805744.json,results/alice_realchannel_run_seed45_20260831_200816_793826.json,unknown,2026-08-31T20:08:20.461929,toeplitz,0.5,1,0.0158311345646438,False,False
0.5,0.0,0.0,0.0,46,results/bob_realchannel_run_tp0.5_fk0.0_rp0.0_vd0.0_seed46_20260831_200821_487568.json,379,35,2608,34,34,True,0,False,,2.803920269012451,{},asymptotic,True,,4,results/bob_realchannel_run_tp0.5_fk0.0_rp0.0_vd0.0_seed46_20260831_200821_487568.json,results/alice_realchannel_run_seed46_20260831_200821_467166.json,unknown,2026-08-31T20:08:24.717079,toeplitz,0.5,1,0.0158311345646438,False,False
0.5,0.0,0.0,0.0,47,results/bob_realchannel_run_tp0.5_fk0.0_rp0.0_vd0.0_seed47_20260831_200825_733479.json,379,35,2608,34,34,True,0,False,,1.2147207260131836,{},asymptotic,True,,5,results/bob_realchannel_run_tp0.5_fk0.0_rp0.0_vd0.0_seed47_20260831_200825_733479.json,results/alice_realchannel_run_seed47_20260831_200825_759955.json,unknown,2026-08-31T20:08:27.355800,toeplitz,0.5,1,0.0158311345646438,False,False
0.5,0.0,0.0,0.0,48,results/bob_realchannel_run_tp0.5_fk0.0_rp0.0_vd0.0_seed48_20260831_200828_367639.json,379,35,2608,34,34,True,0,False,,1.2003097534179688,{'toeplitz_matrix': 1},asymptotic,False,,6,results/bob_realchannel_run_tp0.5_fk0.0_rp0.0_vd0.0_seed48_20260831_200828_367639.json,results/alice_realchannel_run_seed48_20260831_200828_362000.json,unknown,2026-08-31T20:08:29.990206,toeplitz,0.5,1,0.0158311345646438,True,False
0.5,0.0,0.0,0.0,49,results/bob_realchannel_run_tp0.5_fk0.0_rp0.0_vd0.0_seed49_20260831_200831_020908.json,379,35,2608,34,34,True,0,False,,3.110858678817749,{'toeplitz_matrix': 1},asymptotic,False,,7,results/bob_realchannel_run_tp0.5_fk0.0_rp0.0_vd0.0_seed49_20260831_200831_020908.json,results/alice_realchannel_run_seed49_20260831_200830_983790.json,unknown,2026-08-31T20:08:34.553653,toeplitz,0.5,1,0.0158311345646438,True,False
0.5,0.0,0.0,0.0,50,results/bob_realchannel_run_tp0.5_fk0.0_rp0.0_vd0.0_seed50_20260831_200835_614952.json,379,35,2608,34,34,True,0,False,,2.6886415481567383,{},asymptotic,True,,8,results/bob_realchannel_run_tp0.5_fk0.0_rp0.0_vd0.0_seed50_20260831_200835_614952.json,results/alice_realchannel_run_seed50_20260831_200835_545346.json,unknown,2026-08-31T20:08:38.722979,toeplitz,0.5,1,0.0158311345646438,False,False
0.5,0.0,0.0,0.0,51,results/bob_realchannel_run_tp0.5_fk0.0_rp0.0_vd0.0_seed51_20260831_200839_755678.json,379,35,2608,34,34,True,0,False,,2.8763227462768555,{'toeplitz_matrix': 1},asymptotic,True,,9,results/bob_realchannel_run_tp0.5_fk0.0_rp0.0_vd0.0_seed51_20260831_200839_755678.json,results/alice_realchannel_run_seed51_20260831_200839_721648.json,unknown,2026-08-31T20:08:43.052332,toeplitz,0.5,1,0.0158311345646438,False,False
0.3,0.0,0.0,0.0,42,results/bob_realchannel_run_tp0.3_fk0.0_rp0.0_vd0.0_seed42_20260831_200844_096227.json,379,35,2608,34,34,True,0,False,,3.259434223175049,{'toeplitz_matrix': 1},asymptotic,False,,0,results/bob_realchannel_run_tp0.3_fk0.0_rp0.0_vd0.0_seed42_20260831_200844_096227.json,results/alice_realchannel_run_seed42_20260831_200844_047536.json,unknown,2026-08-31T20:08:47.775184,toeplitz,0.3,1,0.0158311345646438,True,False
0.3,0.0,0.0,0.0,43,results/bob_realchannel_run_tp0.3_fk0.0_rp0.0_vd0.0_seed43_20260831_200848_791277.json,379,35,2608,34,34,True,0,False,,3.33256196975708,{},asymptotic,True,,1,results/bob_realchannel_run_tp0.3_fk0.0_rp0.0_vd0.0_seed43_20260831_200848_791277.json,results/alice_realchannel_run_seed43_20260831_200848_770364.json,unknown,2026-08-31T20:08:52.545475,toeplitz,0.3,1,0.0158311345646438,False,False
0.3,0.0,0.0,0.0,44,results/bob_realchannel_run_tp0.3_fk0.0_rp0.0_vd0.0_seed44_20260831_200853_576292.json,379,35,2608,34,34,True,0,False,,3.175532102584839,{},asymptotic,True,,2,results/bob_realchannel_run_tp0.3_fk0.0_rp0.0_vd0.0_seed44_20260831_200853_576292.json,results/alice_realchannel_run_seed44_20260831_200853_532185.json,unknown,2026-08-31T20:08:57.173066,toeplitz,0.3,1,0.0158311345646438,False,False
0.3,0.0,0.0,0.0,45,results/bob_realchannel_run_tp0.3_fk0.0_rp0.0_vd0.0_seed45_20260831_200858_191493.json,379,35,2608,34,34,True,0,False,,2.812638759613037,{},asymptotic,True,,3,results/bob_realchannel_run_tp0.3_fk0.0_rp0.0_vd0.0_seed45_20260831_200858_191493.json,results/alice_realchannel_run_seed45_20260831_200858_172255.json,unknown,2026-08-31T20:09:01.424802,toeplitz,0.3,1,0.0158311345646438,False,False
0.3,0.0,0.0,0.0,46,results/bob_realchannel_run_tp0.3_fk0.0_rp0.0_vd0.0_seed46_20260831_200902_512134.json,379,35,2608,34,34,True,0,False,,2.7393505573272705,{},asymptotic,True,,4,results/bob_realchannel_run_tp0.3_fk0.0_rp0.0_vd0.0_seed46_20260831_200902_512134.json,results/alice_realchannel_run_seed46_20260831_200902_422336.json,unknown,2026-08-31T20:09:05.774933,toeplitz,0.3,1,0.0158311345646438,False,False
0.3,0.0,0.0,0.0,47,results/bob_realchannel_run_tp0.3_fk0.0_rp0.0_vd0.0_seed47_20260831_200906_849748.json,379,35,2608,34,34,True,0,False,,2.7378320693969727,{},asymptotic,True,,5,results/bob_realchannel_run_tp0.3_fk0.0_rp0.0_vd0.0_seed47_20260831_200906_849748.json,results/alice_realchannel_run_seed47_20260831_200906_772805.json,unknown,2026-08-31T20:09:10.009289,toeplitz,0.3,1,0.0158311345646438,False,False
0.3,0.0,0.0,0.0,48,results/bob_realchannel_run_tp0.3_fk0.0_rp0.0_vd0.0_seed48_20260831_200911_099120.json,379,35,2608,34,34,True,0,False,,2.736288547515869,{'toeplitz_matrix': 1},asymptotic,False,,6,results/bob_realchannel_run_tp0.3_fk0.0_rp0.0_vd0.0_seed48_20260831_200911_099120.json,results/alice_realchannel_run_seed48_20260831_200911_010450.json,unknown,2026-08-31T20:09:14.269514,toeplitz,0.3,1,0.0158311345646438,True,False
0.3,0.0,0.0,0.0,49,results/bob_realchannel_run_tp0.3_fk0.0_rp0.0_vd0.0_seed49_20260831_200915_299812.json,379,35,2608,34,34,True,0,False,,2.7120089530944824,{'toeplitz_matrix': 1},asymptotic,False,,7,results/bob_realchannel_run_tp0.3_fk0.0_rp0.0_vd0.0_seed49_20260831_200915_299812.json,results/alice_realchannel_run_seed49_20260831_200915_257119.json,unknown,2026-08-31T20:09:18.431855,toeplitz,0.3,1,0.0158311345646438,True,False
0.3,0.0,0.0,0.0,50,results/bob_realchannel_run_tp0.3_fk0.0_rp0.0_vd0.0_seed50_20260831_200919_438780.json,379,35,2608,34,34,True,0,False,,2.6933279037475586,{},asymptotic,True,,8,results/bob_realchannel_run_tp0.3_fk0.0_rp0.0_vd0.0_seed50_20260831_200919_438780.json,results/alice_realchannel_run_seed50_20260831_200919_427774.json,unknown,2026-08-31T20:09:22.554833,toeplitz,0.3,1,0.0158311345646438,False,False
0.3,0.0,0.0,0.0,51,results/bob_realchannel_run_tp0.3_fk0.0_rp0.0_vd0.0_seed51_20260831_200923_565214.json,379,35,2608,34,34,True,0,False,,2.9023869037628174,{'toeplitz_matrix': 1},asymptotic,True,,9,results/bob_realchannel_run_tp0.3_fk0.0_rp0.0_vd0.0_seed51_20260831_200923_565214.json,results/alice_realchannel_run_seed51_20260831_200923_550100.json,unknown,2026-08-31T20:09:26.892442,toeplitz,0.3,1,0.0158311345646438,False,False
0.1,0.0,0.0,0.0,42,results/bob_realchannel_run_tp0.1_fk0.0_rp0.0_vd0.0_seed42_20260831_200927_892570.json,379,35,2608,34,34,True,0,False,,1.2832696437835691,{},asymptotic,True,,0,results/bob_realchannel_run_tp0.1_fk0.0_rp0.0_vd0.0_seed42_20260831_200927_892570.json,results/alice_realchannel_run_seed42_20260831_200927_888917.json,unknown,2026-08-31T20:09:29.599703,toeplitz,0.1,1,0.0158311345646438,False,False
0.1,0.0,0.0,0.0,43,results/bob_realchannel_run_tp0.1_fk0.0_rp0.0_vd0.0_seed43_20260831_200930_627246.json,379,35,2608,34,34,True,0,False,,2.7167134284973145,{},asymptotic,True,,1,results/bob_realchannel_run_tp0.1_fk0.0_rp0.0_vd0.0_seed43_20260831_200930_627246.json,results/alice_realchannel_run_seed43_20260831_200930_589695.json,unknown,2026-08-31T20:09:33.765030,toeplitz,0.1,1,0.0158311345646438,False,False
0.1,0.0,0.0,0.0,44,results/bob_realchannel_run_tp0.1_fk0.0_rp0.0_vd0.0_seed44_20260831_200934_772553.json,379,35,2608,34,34,True,0,False,,2.819880962371826,{},asymptotic,True,,2,results/bob_realchannel_run_tp0.1_fk0.0_rp0.0_vd0.0_seed44_20260831_200934_772553.json,results/alice_realchannel_run_seed44_20260831_200934_761650.json,unknown,2026-08-31T20:09:38.017276,toeplitz,0.1,1,0.0158311345646438,False,False
0.1,0.0,0.0,0.0,45,results/bob_realchannel_run_tp0.1_fk0.0_rp0.0_vd0.0_seed45_20260831_200939_041604.json,379,35,2608,34,34,True,0,False,,2.7981865406036377,{},asymptotic,True,,3,results/bob_realchannel_run_tp0.1_fk0.0_rp0.0_vd0.0_seed45_20260831_200939_041604.json,results/alice_realchannel_run_seed45_20260831_200939_014993.json,unknown,2026-08-31T20:09:42.261649,toeplitz,0.1,1,0.0158311345646438,False,False
0.1,0.0,0.0,0.0,46,results/bob_realchannel_run_tp0.1_fk0.0_rp0.0_vd0.0_seed46_20260831_200943_304353.json,379,35,2608,34,34,True,0,False,,2.783771276473999,{},asymptotic,True,,4,results/bob_realchannel_run_tp0.1_fk0.0_rp0.0_vd0.0_seed46_20260831_200943_304353.json,results/alice_realchannel_run_seed46_20260831_200943_255665.json,unknown,2026-08-31T20:09:46.513658,toeplitz,0.1,1,0.0158311345646438,False,False
0.1,0.0,0.0,0.0,47,results/bob_realchannel_run_tp0.1_fk0.0_rp0.0_vd0.0_seed47_20260831_200947_538115.json,379,35,2608,34,34,True,0,False,,2.785985946655273,{},asymptotic,True,,5,results/bob_realchannel_run_tp0.1_fk0.0_rp0.0_vd0.0_seed47_20260831_200947_538115.json,results/alice_realchannel_run_seed47_20260831_200947_506803.json,unknown,2026-08-31T20:09:50.744238,toeplitz,0.1,1,0.0158311345646438,False,False
0.1,0.0,0.0,0.0,48,results/bob_realchannel_run_tp0.1_fk0.0_rp0.0_vd0.0_seed48_20260831_200951_862459.json,379,35,2608,34,34,True,0,False,,2.7056000232696533,{'toeplitz_matrix': 1},asymptotic,False,,6,results/bob_realchannel_run_tp0.1_fk0.0_rp0.0_vd0.0_seed48_20260831_200951_862459.json,results/alice_realchannel_run_seed48_20260831_200951_737240.json,unknown,2026-08-31T20:09:54.989679,toeplitz,0.1,1,0.0158311345646438,True,False
0.1,0.0,0.0,0.0,49,results/bob_realchannel_run_tp0.1_fk0.0_rp0.0_vd0.0_seed49_20260831_200956_045646.json,379,35,2608,34,34,True,0,False,,0.8667089939117432,{'toeplitz_matrix': 1},asymptotic,False,,7,results/bob_realchannel_run_tp0.1_fk0.0_rp0.0_vd0.0_seed49_20260831_200956_045646.json,results/alice_realchannel_run_seed49_20260831_200956_163281.json,unknown,2026-08-31T20:09:57.587893,toeplitz,0.1,1,0.0158311345646438,True,False
0.1,0.0,0.0,0.0,50,results/bob_realchannel_run_tp0.1_fk0.0_rp0.0_vd0.0_seed50_20260831_200958_603683.json,379,35,2608,34,34,True,0,False,,3.124366521835327,{},asymptotic,True,,8,results/bob_realchannel_run_tp0.1_fk0.0_rp0.0_vd0.0_seed50_20260831_200958_603683.json,results/alice_realchannel_run_seed50_20260831_200958_586542.json,unknown,2026-08-31T20:10:02.156876,toeplitz,0.1,1,0.0158311345646438,False,False
0.1,0.0,0.0,0.0,51,results/bob_realchannel_run_tp0.1_fk0.0_rp0.0_vd0.0_seed51_20260831_201003_212302.json,379,35,2608,34,34,True,0,False,,2.751180648803711,{'toeplitz_matrix': 1},asymptotic,True,,9,results/bob_realchannel_run_tp0.1_fk0.0_rp0.0_vd0.0_seed51_20260831_201003_212302.json,results/alice_realchannel_run_seed51_20260831_201003_150114.json,unknown,2026-08-31T20:10:06.385556,toeplitz,0.1,1,0.0158311345646438,False,False
0.05,0.0,0.0,0.0,42,results/bob_realchannel_run_tp0.05_fk0.0_rp0.0_vd0.0_seed42_20260831_201007_403113.json,379,35,2608,34,34,True,0,False,,2.8972861766815186,{},asymptotic,True,,0,results/bob_realchannel_run_tp0.05_fk0.0_rp0.0_vd0.0_seed42_20260831_201007_403113.json,results/alice_realchannel_run_seed42_20260831_201007_384239.json,unknown,2026-08-31T20:10:10.724043,toeplitz,0.05,1,0.0158311345646438,False,False
0.05,0.0,0.0,0.0,43,results/bob_realchannel_run_tp0.05_fk0.0_rp0.0_vd0.0_seed43_20260831_201011_762044.json,379,35,2608,34,34,True,0,False,,0.7416799068450928,{},asymptotic,True,,1,results/bob_realchannel_run_tp0.05_fk0.0_rp0.0_vd0.0_seed43_20260831_201011_762044.json,results/alice_realchannel_run_seed43_20260831_201011_763283.json,unknown,2026-08-31T20:10:12.940357,toeplitz,0.05,1,0.0158311345646438,False,False
0.05,0.0,0.0,0.0,44,results/bob_realchannel_run_tp0.05_fk0.0_rp0.0_vd0.0_seed44_20260831_201013_956389.json,379,35,2608,34,34,True,0,False,,2.815317392349243,{},asymptotic,True,,2,results/bob_realchannel_run_tp0.05_fk0.0_rp0.0_vd0.0_seed44_20260831_201013_956389.json,results/alice_realchannel_run_seed44_20260831_201013_946528.json,unknown,2026-08-31T20:10:17.193474,toeplitz,0.05,1,0.0158311345646438,False,False
0.05,0.0,0.0,0.0,45,results/bob_realchannel_run_tp0.05_fk0.0_rp0.0_vd0.0_seed45_20260831_201018_225431.json,379,35,2608,34,34,True,0,False,,2.782074451446533,{},asymptotic,True,,3,results/bob_realchannel_run_tp0.05_fk0.0_rp0.0_vd0.0_seed45_20260831_201018_225431.json,results/alice_realchannel_run_seed45_20260831_201018_182191.json,unknown,2026-08-31T20:10:21.429353,toeplitz,0.05,1,0.0158311345646438,False,False
0.05,0.0,0.0,0.0,46,results/bob_realchannel_run_tp0.05_fk0.0_rp0.0_vd0.0_seed46_20260831_201022_461121.json,379,35,2608,34,34,True,0,False,,2.7991323471069336,{},asymptotic,True,,4,results/bob_realchannel_run_tp0.05_fk0.0_rp0.0_vd0.0_seed46_20260831_201022_461121.json,results/alice_realchannel_run_seed46_20260831_201022_423539.json,unknown,2026-08-31T20:10:25.668995,toeplitz,0.05,1,0.0158311345646438,False,False
0.05,0.0,0.0,0.0,47,results/bob_realchannel_run_tp0.05_fk0.0_rp0.0_vd0.0_seed47_20260831_201026_689533.json,379,35,2608,34,34,True,0,False,,2.7861316204071045,{},asymptotic,True,,5,results/bob_realchannel_run_tp0.05_fk0.0_rp0.0_vd0.0_seed47_20260831_201026_689533.json,results/alice_realchannel_run_seed47_20260831_201026_657597.json,unknown,2026-08-31T20:10:29.895788,toeplitz,0.05,1,0.0158311345646438,False,False
0.05,0.0,0.0,0.0,48,results/bob_realchannel_run_tp0.05_fk0.0_rp0.0_vd0.0_seed48_20260831_201030_951051.json,379,35,2608,34,34,True,0,False,,3.149449825286865,{'toeplitz_matrix': 1},asymptotic,False,,6,results/bob_realchannel_run_tp0.05_fk0.0_rp0.0_vd0.0_seed48_20260831_201030_951051.json,results/alice_realchannel_run_seed48_20260831_201030_882683.json,unknown,2026-08-31T20:10:34.776064,toeplitz,0.05,1,0.0158311345646438,True,False
0.05,0.0,0.0,0.0,49,results/bob_realchannel_run_tp0.05_fk0.0_rp0.0_vd0.0_seed49_20260831_201035_804362.json,379,35,2608,34,34,True,0,False,,3.10733413696289,{'toeplitz_matrix': 1},asymptotic,False,,7,results/bob_realchannel_run_tp0.05_fk0.0_rp0.0_vd0.0_seed49_20260831_201035_804362.json,results/alice_realchannel_run_seed49_20260831_201035_770063.json,unknown,2026-08-31T20:10:39.337763,toeplitz,0.05,1,0.0158311345646438,True,False
0.05,0.0,0.0,0.0,50,results/bob_realchannel_run_tp0.05_fk0.0_rp0.0_vd0.0_seed50_20260831_201040_367951.json,379,35,2608,34,34,True,0,False,,0.7480654716491699,{},asymptotic,True,,8,results/bob_realchannel_run_tp0.05_fk0.0_rp0.0_vd0.0_seed50_20260831_201040_367951.json,results/alice_realchannel_run_seed50_20260831_201040_378529.json,unknown,2026-08-31T20:10:41.613218,toeplitz,0.05,1,0.0158311345646438,False,False
0.05,0.0,0.0,0.0,51,results/bob_realchannel_run_tp0.05_fk0.0_rp0.0_vd0.0_seed51_20260831_201042_646278.json,379,35,2608,34,34,True,0,False,,2.857452630996704,{'toeplitz_matrix': 1},asymptotic,True,,9,results/bob_realchannel_run_tp0.05_fk0.0_rp0.0_vd0.0_seed51_20260831_201042_646278.json,results/alice_realchannel_run_seed51_20260831_201042_601478.json,unknown,2026-08-31T20:10:45.924402,toeplitz,0.05,1,0.0158311345646438,False,False
0.03,0.0,0.0,0.0,42,results/bob_realchannel_run_tp0.03_fk0.0_rp0.0_vd0.0_seed42_20260831_201047_077571.json,379,35,2608,34,34,True,0,False,,2.786266326904297,{},asymptotic,True,,0,results/bob_realchannel_run_tp0.03_fk0.0_rp0.0_vd0.0_seed42_20260831_201047_077571.json,results/alice_realchannel_run_seed42_20260831_201046_944553.json,unknown,2026-08-31T20:10:50.361340,toeplitz,0.03,1,0.0158311345646438,False,False
0.03,0.0,0.0,0.0,43,results/bob_realchannel_run_tp0.03_fk0.0_rp0.0_vd0.0_seed43_20260831_201051_433366.json,379,35,2608,34,34,True,0,False,,2.566812753677368,{},asymptotic,True,,1,results/bob_realchannel_run_tp0.03_fk0.0_rp0.0_vd0.0_seed43_20260831_201051_433366.json,results/alice_realchannel_run_seed43_20260831_201051_352097.json,unknown,2026-08-31T20:10:54.425070,toeplitz,0.03,1,0.0158311345646438,False,False
0.03,0.0,0.0,0.0,44,results/bob_realchannel_run_tp0.03_fk0.0_rp0.0_vd0.0_seed44_20260831_201055_594211.json,379,35,2608,34,34,True,0,False,,3.298152208328247,{},asymptotic,True,,2,results/bob_realchannel_run_tp0.03_fk0.0_rp0.0_vd0.0_seed44_20260831_201055_594211.json,results/alice_realchannel_run_seed44_20260831_201055_460245.json,unknown,2026-08-31T20:10:59.375963,toeplitz,0.03,1,0.0158311345646438,False,False
0.03,0.0,0.0,0.0,45,results/bob_realchannel_run_tp0.03_fk0.0_rp0.0_vd0.0_seed45_20260831_201100_420711.json,379,35,2608,34,34,True,0,False,,2.77929949760437,{},asymptotic,True,,3,results/bob_realchannel_run_tp0.03_fk0.0_rp0.0_vd0.0_seed45_20260831_201100_420711.json,results/alice_realchannel_run_seed45_20260831_201100_364535.json,unknown,2026-08-31T20:11:03.608502,toeplitz,0.03,1,0.0158311345646438,False,False
0.03,0.0,0.0,0.0,46,results/bob_realchannel_run_tp0.03_fk0.0_rp0.0_vd0.0_seed46_20260831_201104_678801.json,379,35,2608,34,34,True,0,False,,3.161548614501953,{},asymptotic,True,,4,results/bob_realchannel_run_tp0.03_fk0.0_rp0.0_vd0.0_seed46_20260831_201104_678801.json,results/alice_realchannel_run_seed46_20260831_201104_642435.json,unknown,2026-08-31T20:11:08.329189,toeplitz,0.03,1,0.0158311345646438,False,False
0.03,0.0,0.0,0.0,47,results/bob_realchannel_run_tp0.03_fk0.0_rp0.0_vd0.0_seed47_20260831_201109_354220.json,379,35,2608,34,34,True,0,False,,2.794133186340332,{},asymptotic,True,,5,results/bob_realchannel_run_tp0.03_fk0.0_rp0.0_vd0.0_seed47_20260831_201109_354220.json,results/alice_realchannel_run_seed47_20260831_201109_327209.json,unknown,2026-08-31T20:11:12.570579,toeplitz,0.03,1,0.0158311345646438,False,False
0.03,0.0,0.0,0.0,48,results/bob_realchannel_run_tp0.03_fk0.0_rp0.0_vd0.0_seed48_20260831_201113_636835.json,379,35,2608,34,34,True,0,False,,2.776205539703369,{},asymptotic,True,,6,results/bob_realchannel_run_tp0.03_fk0.0_rp0.0_vd0.0_seed48_20260831_201113_636835.json,results/alice_realchannel_run_seed48_20260831_201113_628155.json,unknown,2026-08-31T20:11:17.129040,toeplitz,0.03,1,0.0158311345646438,False,False
0.03,0.0,0.0,0.0,49,results/bob_realchannel_run_tp0.03_fk0.0_rp0.0_vd0.0_seed49_20260831_201118_159831.json,379,35,2608,34,34,True,0,False,,2.736261367797852,{},asymptotic,True,,7,results/bob_realchannel_run_tp0.03_fk0.0_rp0.0_vd0.0_seed49_20260831_201118_159831.json,results/alice_realchannel_run_seed49_20260831_201118_122305.json,unknown,2026-08-31T20:11:21.322789,toeplitz,0.03,1,0.0158311345646438,False,False
0.03,0.0,0.0,0.0,50,results/bob_realchannel_run_tp0.03_fk0.0_rp0.0_vd0.0_seed50_20260831_201122_342415.json,379,35,2608,34,34,True,0,False,,1.1253924369812012,{},asymptotic,True,,8,results/bob_realchannel_run_tp0.03_fk0.0_rp0.0_vd0.0_seed50_20260831_201122_342415.json,results/alice_realchannel_run_seed50_20260831_201122_341260.json,unknown,2026-08-31T20:11:23.970258,toeplitz,0.03,1,0.0158311345646438,False,False
0.03,0.0,0.0,0.0,51,results/bob_realchannel_run_tp0.03_fk0.0_rp0.0_vd0.0_seed51_20260831_201124_991135.json,379,35,2608,34,34,True,0,False,,2.8725101947784424,{},asymptotic,True,,9,results/bob_realchannel_run_tp0.03_fk0.0_rp0.0_vd0.0_seed51_20260831_201124_991135.json,results/alice_realchannel_run_seed51_20260831_201124_961303.json,unknown,2026-08-31T20:11:28.270305,toeplitz,0.03,1,0.0158311345646438,False,False
0.01,0.0,0.0,0.0,42,results/bob_realchannel_run_tp0.01_fk0.0_rp0.0_vd0.0_seed42_20260831_201129_290708.json,379,35,2608,34,34,True,0,False,,2.8850536346435547,{},asymptotic,True,,0,results/bob_realchannel_run_tp0.01_fk0.0_rp0.0_vd0.0_seed42_20260831_201129_290708.json,results/alice_realchannel_run_seed42_20260831_201129_261159.json,unknown,2026-08-31T20:11:32.598553,toeplitz,0.01,1,0.0158311345646438,False,False
0.01,0.0,0.0,0.0,43,results/bob_realchannel_run_tp0.01_fk0.0_rp0.0_vd0.0_seed43_20260831_201133_614672.json,379,35,2608,34,34,True,0,False,,0.4292550086975097,{},asymptotic,True,,1,results/bob_realchannel_run_tp0.01_fk0.0_rp0.0_vd0.0_seed43_20260831_201133_614672.json,results/alice_realchannel_run_seed43_20260831_201133_623736.json,unknown,2026-08-31T20:11:34.525166,toeplitz,0.01,1,0.0158311345646438,False,False
0.01,0.0,0.0,0.0,44,results/bob_realchannel_run_tp0.01_fk0.0_rp0.0_vd0.0_seed44_20260831_201135_564437.json,379,35,2608,34,34,True,0,False,,2.783596992492676,{},asymptotic,True,,2,results/bob_realchannel_run_tp0.01_fk0.0_rp0.0_vd0.0_seed44_20260831_201135_564437.json,results/alice_realchannel_run_seed44_20260831_201135_521009.json,unknown,2026-08-31T20:11:38.822687,toeplitz,0.01,1,0.0158311345646438,False,False
0.01,0.0,0.0,0.0,45,results/bob_realchannel_run_tp0.01_fk0.0_rp0.0_vd0.0_seed45_20260831_201139_843121.json,379,35,2608,34,34,True,0,False,,0.8125834465026855,{},asymptotic,True,,3,results/bob_realchannel_run_tp0.01_fk0.0_rp0.0_vd0.0_seed45_20260831_201139_843121.json,results/alice_realchannel_run_seed45_20260831_201139_844486.json,unknown,2026-08-31T20:11:41.143249,toeplitz,0.01,1,0.0158311345646438,False,False
0.01,0.0,0.0,0.0,46,results/bob_realchannel_run_tp0.01_fk0.0_rp0.0_vd0.0_seed46_20260831_201142_235679.json,379,35,2608,34,34,True,0,False,,2.740636110305786,{},asymptotic,True,,4,results/bob_realchannel_run_tp0.01_fk0.0_rp0.0_vd0.0_seed46_20260831_201142_235679.json,results/alice_realchannel_run_seed46_20260831_201142_140560.json,unknown,2026-08-31T20:11:45.381864,toeplitz,0.01,1,0.0158311345646438,False,False
0.01,0.0,0.0,0.0,47,results/bob_realchannel_run_tp0.01_fk0.0_rp0.0_vd0.0_seed47_20260831_201146_402144.json,379,35,2608,34,34,True,0,False,,2.785351276397705,{},asymptotic,True,,5,results/bob_realchannel_run_tp0.01_fk0.0_rp0.0_vd0.0_seed47_20260831_201146_402144.json,results/alice_realchannel_run_seed47_20260831_201146_371876.json,unknown,2026-08-31T20:11:49.609259,toeplitz,0.01,1,0.0158311345646438,False,False
0.01,0.0,0.0,0.0,48,results/bob_realchannel_run_tp0.01_fk0.0_rp0.0_vd0.0_seed48_20260831_201150_628179.json,379,35,2608,34,34,True,0,False,,0.8126163482666016,{},asymptotic,True,,6,results/bob_realchannel_run_tp0.01_fk0.0_rp0.0_vd0.0_seed48_20260831_201150_628179.json,results/alice_realchannel_run_seed48_20260831_201150_624352.json,unknown,2026-08-31T20:11:51.907381,toeplitz,0.01,1,0.0158311345646438,False,False
0.01,0.0,0.0,0.0,49,results/bob_realchannel_run_tp0.01_fk0.0_rp0.0_vd0.0_seed49_20260831_201152_925452.json,379,35,2608,34,34,True,0,False,,2.730301856994629,{},asymptotic,True,,7,results/bob_realchannel_run_tp0.01_fk0.0_rp0.0_vd0.0_seed49_20260831_201152_925452.json,results/alice_realchannel_run_seed49_20260831_201152_900409.json,unknown,2026-08-31T20:11:56.060125,toeplitz,0.01,1,0.0158311345646438,False,False
0.01,0.0,0.0,0.0,50,results/bob_realchannel_run_tp0.01_fk0.0_rp0.0_vd0.0_seed50_20260831_201157_072337.json,379,35,2608,34,34,True,0,False,,2.7356173992156982,{},asymptotic,True,,8,results/bob_realchannel_run_tp0.01_fk0.0_rp0.0_vd0.0_seed50_20260831_201157_072337.json,results/alice_realchannel_run_seed50_20260831_201157_046661.json,unknown,2026-08-31T20:12:00.227890,toeplitz,0.01,1,0.0158311345646438,False,False
0.01,0.0,0.0,0.0,51,results/bob_realchannel_run_tp0.01_fk0.0_rp0.0_vd0.0_seed51_20260831_201201_251824.json,379,35,2608,34,34,True,0,False,,2.8806681632995605,{},asymptotic,True,,9,results/bob_realchannel_run_tp0.01_fk0.0_rp0.0_vd0.0_seed51_20260831_201201_251824.json,results/alice_realchannel_run_seed51_20260831_201201_223830.json,unknown,2026-08-31T20:12:04.553737,toeplitz,0.01,1,0.0158311345646438,False,False
0.003,0.0,0.0,0.0,42,results/bob_realchannel_run_tp0.003_fk0.0_rp0.0_vd0.0_seed42_20260831_201205_572403.json,379,35,2608,34,34,True,0,False,,0.9079906940460204,{},asymptotic,True,,0,results/bob_realchannel_run_tp0.003_fk0.0_rp0.0_vd0.0_seed42_20260831_201205_572403.json,results/alice_realchannel_run_seed42_20260831_201205_577048.json,unknown,2026-08-31T20:12:06.970005,toeplitz,0.003,1,0.0158311345646438,False,False
0.003,0.0,0.0,0.0,43,results/bob_realchannel_run_tp0.003_fk0.0_rp0.0_vd0.0_seed43_20260831_201207_987433.json,379,35,2608,34,34,True,0,False,,2.728377342224121,{},asymptotic,True,,1,results/bob_realchannel_run_tp0.003_fk0.0_rp0.0_vd0.0_seed43_20260831_201207_987433.json,results/alice_realchannel_run_seed43_20260831_201207_956506.json,unknown,2026-08-31T20:12:11.121862,toeplitz,0.003,1,0.0158311345646438,False,False
0.003,0.0,0.0,0.0,44,results/bob_realchannel_run_tp0.003_fk0.0_rp0.0_vd0.0_seed44_20260831_201212_131979.json,379,35,2608,34,34,True,0,False,,3.2079501152038574,{},asymptotic,True,,2,results/bob_realchannel_run_tp0.003_fk0.0_rp0.0_vd0.0_seed44_20260831_201212_131979.json,results/alice_realchannel_run_seed44_20260831_201212_120526.json,unknown,2026-08-31T20:12:15.751442,toeplitz,0.003,1,0.0158311345646438,False,False
0.003,0.0,0.0,0.0,45,results/bob_realchannel_run_tp0.003_fk0.0_rp0.0_vd0.0_seed45_20260831_201216_792021.json,379,35,2608,34,34,True,0,False,,2.8079183101654053,{},asymptotic,True,,3,results/bob_realchannel_run_tp0.003_fk0.0_rp0.0_vd0.0_seed45_20260831_201216_792021.json,results/alice_realchannel_run_seed45_20260831_201216_771739.json,unknown,2026-08-31T20:12:20.083283,toeplitz,0.003,1,0.0158311345646438,False,False
0.003,0.0,0.0,0.0,46,results/bob_realchannel_run_tp0.003_fk0.0_rp0.0_vd0.0_seed46_20260831_201221_108772.json,379,35,2608,34,34,True,0,False,,0.8428986072540283,{},asymptotic,True,,4,results/bob_realchannel_run_tp0.003_fk0.0_rp0.0_vd0.0_seed46_20260831_201221_108772.json,results/alice_realchannel_run_seed46_20260831_201221_106395.json,unknown,2026-08-31T20:12:22.354912,toeplitz,0.003,1,0.0158311345646438,False,False
0.003,0.0,0.0,0.0,47,results/bob_realchannel_run_tp0.003_fk0.0_rp0.0_vd0.0_seed47_20260831_201223_359919.json,379,35,2608,34,34,True,0,False,,3.191901206970215,{},asymptotic,True,,5,results/bob_realchannel_run_tp0.003_fk0.0_rp0.0_vd0.0_seed47_20260831_201223_359919.json,results/alice_realchannel_run_seed47_20260831_201223_346612.json,unknown,2026-08-31T20:12:26.971540,toeplitz,0.003,1,0.0158311345646438,False,False
0.003,0.0,0.0,0.0,48,results/bob_realchannel_run_tp0.003_fk0.0_rp0.0_vd0.0_seed48_20260831_201227_985583.json,379,35,2608,34,34,True,0,False,,2.798400640487671,{},asymptotic,True,,6,results/bob_realchannel_run_tp0.003_fk0.0_rp0.0_vd0.0_seed48_20260831_201227_985583.json,results/alice_realchannel_run_seed48_20260831_201227_958891.json,unknown,2026-08-31T20:12:31.433954,toeplitz,0.003,1,0.0158311345646438,False,False
0.003,0.0,0.0,0.0,49,results/bob_realchannel_run_tp0.003_fk0.0_rp0.0_vd0.0_seed49_20260831_201232_446495.json,379,35,2608,34,34,True,0,False,,3.1255218982696533,{},asymptotic,True,,7,results/bob_realchannel_run_tp0.003_fk0.0_rp0.0_vd0.0_seed49_20260831_201232_446495.json,results/alice_realchannel_run_seed49_20260831_201232_425450.json,unknown,2026-08-31T20:12:35.992424,toeplitz,0.003,1,0.0158311345646438,False,False
0.003,0.0,0.0,0.0,50,results/bob_realchannel_run_tp0.003_fk0.0_rp0.0_vd0.0_seed50_20260831_201237_022191.json,379,35,2608,34,34,True,0,False,,2.7135655879974365,{},asymptotic,True,,8,results/bob_realchannel_run_tp0.003_fk0.0_rp0.0_vd0.0_seed50_20260831_201237_022191.json,results/alice_realchannel_run_seed50_20260831_201236_982221.json,unknown,2026-08-31T20:12:40.159480,toeplitz,0.003,1,0.0158311345646438,False,False
0.003,0.0,0.0,0.0,51,results/bob_realchannel_run_tp0.003_fk0.0_rp0.0_vd0.0_seed51_20260831_201241_178912.json,379,35,2608,34,34,True,0,False,,2.877061367034912,{},asymptotic,True,,9,results/bob_realchannel_run_tp0.003_fk0.0_rp0.0_vd0.0_seed51_20260831_201241_178912.json,results/alice_realchannel_run_seed51_20260831_201241_151227.json,unknown,2026-08-31T20:12:44.476534,toeplitz,0.003,1,0.0158311345646438,False,False
0.001,0.0,0.0,0.0,42,results/bob_realchannel_run_tp0.001_fk0.0_rp0.0_vd0.0_seed42_20260831_201245_496796.json,379,35,2608,34,34,True,0,False,,1.0475249290466309,{},asymptotic,True,,0,results/bob_realchannel_run_tp0.001_fk0.0_rp0.0_vd0.0_seed42_20260831_201245_496796.json,results/alice_realchannel_run_seed42_20260831_201245_641571.json,unknown,2026-08-31T20:12:47.225547,toeplitz,0.001,1,0.0158311345646438,False,False
0.001,0.0,0.0,0.0,43,results/bob_realchannel_run_tp0.001_fk0.0_rp0.0_vd0.0_seed43_20260831_201248_244009.json,379,35,2608,34,34,True,0,False,,3.123809576034546,{},asymptotic,True,,1,results/bob_realchannel_run_tp0.001_fk0.0_rp0.0_vd0.0_seed43_20260831_201248_244009.json,results/alice_realchannel_run_seed43_20260831_201248_225505.json,unknown,2026-08-31T20:12:51.792515,toeplitz,0.001,1,0.0158311345646438,False,False
0.001,0.0,0.0,0.0,44,results/bob_realchannel_run_tp0.001_fk0.0_rp0.0_vd0.0_seed44_20260831_201252_815261.json,379,35,2608,34,34,True,0,False,,2.7964608669281006,{},asymptotic,True,,2,results/bob_realchannel_run_tp0.001_fk0.0_rp0.0_vd0.0_seed44_20260831_201252_815261.json,results/alice_realchannel_run_seed44_20260831_201252_783499.json,unknown,2026-08-31T20:12:56.038517,toeplitz,0.001,1,0.0158311345646438,False,False
0.001,0.0,0.0,0.0,45,results/bob_realchannel_run_tp0.001_fk0.0_rp0.0_vd0.0_seed45_20260831_201257_076436.json,379,35,2608,34,34,True,0,False,,2.787249088287353,{},asymptotic,True,,3,results/bob_realchannel_run_tp0.001_fk0.0_rp0.0_vd0.0_seed45_20260831_201257_076436.json,results/alice_realchannel_run_seed45_20260831_201257_033593.json,unknown,2026-08-31T20:13:00.288320,toeplitz,0.001,1,0.0158311345646438,False,False
0.001,0.0,0.0,0.0,46,results/bob_realchannel_run_tp0.001_fk0.0_rp0.0_vd0.0_seed46_20260831_201301_309098.json,379,35,2608,34,34,True,0,False,,2.802442789077759,{},asymptotic,True,,4,results/bob_realchannel_run_tp0.001_fk0.0_rp0.0_vd0.0_seed46_20260831_201301_309098.json,results/alice_realchannel_run_seed46_20260831_201301_280144.json,unknown,2026-08-31T20:13:04.532741,toeplitz,0.001,1,0.0158311345646438,False,False
0.001,0.0,0.0,0.0,47,results/bob_realchannel_run_tp0.001_fk0.0_rp0.0_vd0.0_seed47_20260831_201305_545458.json,379,35,2608,34,34,True,0,False,,2.7940495014190674,{},asymptotic,True,,5,results/bob_realchannel_run_tp0.001_fk0.0_rp0.0_vd0.0_seed47_20260831_201305_545458.json,results/alice_realchannel_run_seed47_20260831_201305_525304.json,unknown,2026-08-31T20:13:08.761702,toeplitz,0.001,1,0.0158311345646438,False,False
0.001,0.0,0.0,0.0,48,results/bob_realchannel_run_tp0.001_fk0.0_rp0.0_vd0.0_seed48_20260831_201309_786565.json,379,35,2608,34,34,True,0,False,,3.1812961101531982,{},asymptotic,True,,6,results/bob_realchannel_run_tp0.001_fk0.0_rp0.0_vd0.0_seed48_20260831_201309_786565.json,results/alice_realchannel_run_seed48_20260831_201309_751649.json,unknown,2026-08-31T20:13:13.381053,toeplitz,0.001,1,0.0158311345646438,False,False
0.001,0.0,0.0,0.0,49,results/bob_realchannel_run_tp0.001_fk0.0_rp0.0_vd0.0_seed49_20260831_201314_415229.json,379,35,2608,34,34,True,0,False,,3.0963382720947266,{},asymptotic,True,,7,results/bob_realchannel_run_tp0.001_fk0.0_rp0.0_vd0.0_seed49_20260831_201314_415229.json,results/alice_realchannel_run_seed49_20260831_201314_367117.json,unknown,2026-08-31T20:13:17.935020,toeplitz,0.001,1,0.0158311345646438,False,False
0.001,0.0,0.0,0.0,50,results/bob_realchannel_run_tp0.001_fk0.0_rp0.0_vd0.0_seed50_20260831_201318_961182.json,379,35,2608,34,34,True,0,False,,2.738481044769287,{},asymptotic,True,,8,results/bob_realchannel_run_tp0.001_fk0.0_rp0.0_vd0.0_seed50_20260831_201318_961182.json,results/alice_realchannel_run_seed50_20260831_201318_945940.json,unknown,2026-08-31T20:13:22.124541,toeplitz,0.001,1,0.0158311345646438,False,False
0.001,0.0,0.0,0.0,51,results/bob_realchannel_run_tp0.001_fk0.0_rp0.0_vd0.0_seed51_20260831_201323_146161.json,379,35,2608,34,34,True,0,False,,0.84206223487854,{},asymptotic,True,,9,results/bob_realchannel_run_tp0.001_fk0.0_rp0.0_vd0.0_seed51_20260831_201323_146161.json,results/alice_realchannel_run_seed51_20260831_201323_140462.json,unknown,2026-08-31T20:13:24.415071,toeplitz,0.001,1,0.0158311345646438,False,False
0.5,0.0,0.0,0.0,42,results/bob_realchannel_run_tp0.5_fk0.0_rp0.0_vd0.0_seed42_20260831_203002_538549.json,374,37,3180,34,34,True,0,False,,4.190289258956909,{},asymptotic,True,,0,results/bob_realchannel_run_tp0.5_fk0.0_rp0.0_vd0.0_seed42_20260831_203002_538549.json,results/alice_realchannel_run_seed42_20260831_203002_436130.json,unknown,2026-08-31T20:30:07.224701,toeplitz,0.5,2,0.0026737967914438,False,False
0.5,0.0,0.0,0.0,43,results/bob_realchannel_run_tp0.5_fk0.0_rp0.0_vd0.0_seed43_20260831_203008_270598.json,374,37,3180,34,34,True,0,False,,3.8583016395568848,{'toeplitz_matrix': 1},asymptotic,True,,1,results/bob_realchannel_run_tp0.5_fk0.0_rp0.0_vd0.0_seed43_20260831_203008_270598.json,results/alice_realchannel_run_seed43_20260831_203008_213074.json,unknown,2026-08-31T20:30:12.578176,toeplitz,0.5,2,0.0026737967914438,False,False
0.5,0.0,0.0,0.0,44,results/bob_realchannel_run_tp0.5_fk0.0_rp0.0_vd0.0_seed44_20260831_203013_604241.json,374,37,3180,34,34,True,0,False,,4.57257604598999,{'toeplitz_matrix': 1},asymptotic,False,,2,results/bob_realchannel_run_tp0.5_fk0.0_rp0.0_vd0.0_seed44_20260831_203013_604241.json,results/alice_realchannel_run_seed44_20260831_203013_578251.json,unknown,2026-08-31T20:30:18.597967,toeplitz,0.5,2,0.0026737967914438,True,False
0.5,0.0,0.0,0.0,45,results/bob_realchannel_run_tp0.5_fk0.0_rp0.0_vd0.0_seed45_20260831_203019_611930.json,374,37,3180,34,34,True,0,False,,5.057585716247559,{'toeplitz_matrix': 1},asymptotic,False,,3,results/bob_realchannel_run_tp0.5_fk0.0_rp0.0_vd0.0_seed45_20260831_203019_611930.json,results/alice_realchannel_run_seed45_20260831_203019_600037.json,unknown,2026-08-31T20:30:25.167984,toeplitz,0.5,2,0.0026737967914438,True,False
0.5,0.0,0.0,0.0,46,results/bob_realchannel_run_tp0.5_fk0.0_rp0.0_vd0.0_seed46_20260831_203026_238882.json,374,37,3180,34,34,True,0,False,,5.12651515007019,{'toeplitz_matrix': 1},asymptotic,True,,4,results/bob_realchannel_run_tp0.5_fk0.0_rp0.0_vd0.0_seed46_20260831_203026_238882.json,results/alice_realchannel_run_seed46_20260831_203026_174324.json,unknown,2026-08-31T20:30:31.788664,toeplitz,0.5,2,0.0026737967914438,False,False
0.5,0.0,0.0,0.0,47,results/bob_realchannel_run_tp0.5_fk0.0_rp0.0_vd0.0_seed47_20260831_203032_845124.json,374,37,3180,34,34,True,0,False,,3.259976387023926,{},asymptotic,True,,5,results/bob_realchannel_run_tp0.5_fk0.0_rp0.0_vd0.0_seed47_20260831_203032_845124.json,results/alice_realchannel_run_seed47_20260831_203032_863083.json,unknown,2026-08-31T20:30:36.581178,toeplitz,0.5,2,0.0026737967914438,False,False
0.5,0.0,0.0,0.0,48,results/bob_realchannel_run_tp0.5_fk0.0_rp0.0_vd0.0_seed48_20260831_203037_603935.json,374,37,3180,34,34,True,0,False,,4.569750547409058,{},asymptotic,True,,6,results/bob_realchannel_run_tp0.5_fk0.0_rp0.0_vd0.0_seed48_20260831_203037_603935.json,results/alice_realchannel_run_seed48_20260831_203037_585685.json,unknown,2026-08-31T20:30:42.595213,toeplitz,0.5,2,0.0026737967914438,False,False
0.5,0.0,0.0,0.0,50,results/bob_realchannel_run_tp0.5_fk0.0_rp0.0_vd0.0_seed50_20260831_203048_623892.json,374,37,3180,34,34,True,0,False,,5.248839378356934,{'toeplitz_matrix': 1},asymptotic,False,,8,results/bob_realchannel_run_tp0.5_fk0.0_rp0.0_vd0.0_seed50_20260831_203048_623892.json,results/alice_realchannel_run_seed50_20260831_203048_616354.json,unknown,2026-08-31T20:30:54.298076,toeplitz,0.5,2,0.0026737967914438,True,False
0.5,0.0,0.0,0.0,51,results/bob_realchannel_run_tp0.5_fk0.0_rp0.0_vd0.0_seed51_20260831_203055_312105.json,374,37,3180,34,34,True,0,False,,5.600653648376465,{},asymptotic,True,,9,results/bob_realchannel_run_tp0.5_fk0.0_rp0.0_vd0.0_seed51_20260831_203055_312105.json,results/alice_realchannel_run_seed51_20260831_203055_295469.json,unknown,2026-08-31T20:31:01.331272,toeplitz,0.5,2,0.0026737967914438,False,False
0.3,0.0,0.0,0.0,42,results/bob_realchannel_run_tp0.3_fk0.0_rp0.0_vd0.0_seed42_20260831_203102_345313.json,374,37,3180,34,34,True,0,False,,4.26345682144165,{},asymptotic,True,,0,results/bob_realchannel_run_tp0.3_fk0.0_rp0.0_vd0.0_seed42_20260831_203102_345313.json,results/alice_realchannel_run_seed42_20260831_203102_321477.json,unknown,2026-08-31T20:31:07.102931,toeplitz,0.3,2,0.0026737967914438,False,False
0.3,0.0,0.0,0.0,43,results/bob_realchannel_run_tp0.3_fk0.0_rp0.0_vd0.0_seed43_20260831_203108_174637.json,374,37,3180,34,34,True,0,False,,5.166261434555054,{'toeplitz_matrix': 1},asymptotic,True,,1,results/bob_realchannel_run_tp0.3_fk0.0_rp0.0_vd0.0_seed43_20260831_203108_174637.json,results/alice_realchannel_run_seed43_20260831_203108_098179.json,unknown,2026-08-31T20:31:13.872193,toeplitz,0.3,2,0.0026737967914438,False,False
0.3,0.0,0.0,0.0,44,results/bob_realchannel_run_tp0.3_fk0.0_rp0.0_vd0.0_seed44_20260831_203114_932642.json,374,37,3180,34,34,True,0,False,,4.307698249816895,{'toeplitz_matrix': 1},asymptotic,False,,2,results/bob_realchannel_run_tp0.3_fk0.0_rp0.0_vd0.0_seed44_20260831_203114_932642.json,results/alice_realchannel_run_seed44_20260831_203114_841085.json,unknown,2026-08-31T20:31:19.660738,toeplitz,0.3,2,0.0026737967914438,True,False
0.3,0.0,0.0,0.0,45,results/bob_realchannel_run_tp0.3_fk0.0_rp0.0_vd0.0_seed45_20260831_203120_683688.json,374,37,3180,34,34,True,0,False,,5.502073287963867,{},asymptotic,True,,3,results/bob_realchannel_run_tp0.3_fk0.0_rp0.0_vd0.0_seed45_20260831_203120_683688.json,results/alice_realchannel_run_seed45_20260831_203120_657689.json,unknown,2026-08-31T20:31:26.550893,toeplitz,0.3,2,0.0026737967914438,False,False
0.3,0.0,0.0,0.0,46,results/bob_realchannel_run_tp0.3_fk0.0_rp0.0_vd0.0_seed46_20260831_203127_577620.json,374,37,3180,34,34,True,0,False,,5.135272264480591,{},asymptotic,True,,4,results/bob_realchannel_run_tp0.3_fk0.0_rp0.0_vd0.0_seed46_20260831_203127_577620.json,results/alice_realchannel_run_seed46_20260831_203127_524922.json,unknown,2026-08-31T20:31:33.104720,toeplitz,0.3,2,0.0026737967914438,False,False
0.3,0.0,0.0,0.0,47,results/bob_realchannel_run_tp0.3_fk0.0_rp0.0_vd0.0_seed47_20260831_203134_136591.json,374,37,3180,34,34,True,0,False,,5.680800676345825,{},asymptotic,True,,5,results/bob_realchannel_run_tp0.3_fk0.0_rp0.0_vd0.0_seed47_20260831_203134_136591.json,results/alice_realchannel_run_seed47_20260831_203134_094911.json,unknown,2026-08-31T20:31:40.197672,toeplitz,0.3,2,0.0026737967914438,False,False
0.3,0.0,0.0,0.0,48,results/bob_realchannel_run_tp0.3_fk0.0_rp0.0_vd0.0_seed48_20260831_203141_195411.json,374,37,3180,34,34,True,0,False,,5.466041088104248,{},asymptotic,True,,6,results/bob_realchannel_run_tp0.3_fk0.0_rp0.0_vd0.0_seed48_20260831_203141_195411.json,results/alice_realchannel_run_seed48_20260831_203141_168226.json,unknown,2026-08-31T20:31:47.037235,toeplitz,0.3,2,0.0026737967914438,False,False
0.3,0.0,0.0,0.0,50,results/bob_realchannel_run_tp0.3_fk0.0_rp0.0_vd0.0_seed50_20260831_203154_943113.json,374,37,3180,34,34,True,0,False,,5.230085372924805,{},asymptotic,True,,8,results/bob_realchannel_run_tp0.3_fk0.0_rp0.0_vd0.0_seed50_20260831_203154_943113.json,results/alice_realchannel_run_seed50_20260831_203154_916589.json,unknown,2026-08-31T20:32:00.552676,toeplitz,0.3,2,0.0026737967914438,False,False
0.3,0.0,0.0,0.0,51,results/bob_realchannel_run_tp0.3_fk0.0_rp0.0_vd0.0_seed51_20260831_203201_560978.json,374,37,3180,34,34,True,0,False,,2.89201021194458,{},asymptotic,True,,9,results/bob_realchannel_run_tp0.3_fk0.0_rp0.0_vd0.0_seed51_20260831_203201_560978.json,results/alice_realchannel_run_seed51_20260831_203201_558719.json,unknown,2026-08-31T20:32:04.818426,toeplitz,0.3,2,0.0026737967914438,False,False
0.1,0.0,0.0,0.0,42,results/bob_realchannel_run_tp0.1_fk0.0_rp0.0_vd0.0_seed42_20260831_203205_831597.json,374,37,3180,34,34,True,0,False,,4.088935136795044,{},asymptotic,True,,0,results/bob_realchannel_run_tp0.1_fk0.0_rp0.0_vd0.0_seed42_20260831_203205_831597.json,results/alice_realchannel_run_seed42_20260831_203205_794299.json,unknown,2026-08-31T20:32:10.282948,toeplitz,0.1,2,0.0026737967914438,False,False
0.1,0.0,0.0,0.0,43,results/bob_realchannel_run_tp0.1_fk0.0_rp0.0_vd0.0_seed43_20260831_203211_303629.json,374,37,3180,34,34,True,0,False,,4.765098333358765,{'toeplitz_matrix': 1},asymptotic,True,,1,results/bob_realchannel_run_tp0.1_fk0.0_rp0.0_vd0.0_seed43_20260831_203211_303629.json,results/alice_realchannel_run_seed43_20260831_203211_276079.json,unknown,2026-08-31T20:32:16.445711,toeplitz,0.1,2,0.0026737967914438,False,False
0.1,0.0,0.0,0.0,44,results/bob_realchannel_run_tp0.1_fk0.0_rp0.0_vd0.0_seed44_20260831_203217_456946.json,374,37,3180,34,34,True,0,False,,4.583784818649292,{},asymptotic,True,,2,results/bob_realchannel_run_tp0.1_fk0.0_rp0.0_vd0.0_seed44_20260831_203217_456946.json,results/alice_realchannel_run_seed44_20260831_203217_433446.json,unknown,2026-08-31T20:32:22.415163,toeplitz,0.1,2,0.0026737967914438,False,False
0.1,0.0,0.0,0.0,45,results/bob_realchannel_run_tp0.1_fk0.0_rp0.0_vd0.0_seed45_20260831_203223_433451.json,374,37,3180,34,34,True,0,False,,5.031312942504883,{},asymptotic,True,,3,results/bob_realchannel_run_tp0.1_fk0.0_rp0.0_vd0.0_seed45_20260831_203223_433451.json,results/alice_realchannel_run_seed45_20260831_203223_391232.json,unknown,2026-08-31T20:32:28.827102,toeplitz,0.1,2,0.0026737967914438,False,False
0.1,0.0,0.0,0.0,46,results/bob_realchannel_run_tp0.1_fk0.0_rp0.0_vd0.0_seed46_20260831_203229_846091.json,374,37,3180,34,34,True,0,False,,3.974533796310425,{},asymptotic,True,,4,results/bob_realchannel_run_tp0.1_fk0.0_rp0.0_vd0.0_seed46_20260831_203229_846091.json,results/alice_realchannel_run_seed46_20260831_203229_801211.json,unknown,2026-08-31T20:32:34.184186,toeplitz,0.1,2,0.0026737967914438,False,False
0.1,0.0,0.0,0.0,47,results/bob_realchannel_run_tp0.1_fk0.0_rp0.0_vd0.0_seed47_20260831_203235_199104.json,374,37,3180,34,34,True,0,False,,5.6777167320251465,{},asymptotic,True,,5,results/bob_realchannel_run_tp0.1_fk0.0_rp0.0_vd0.0_seed47_20260831_203235_199104.json,results/alice_realchannel_run_seed47_20260831_203235_158256.json,unknown,2026-08-31T20:32:41.253384,toeplitz,0.1,2,0.0026737967914438,False,False
0.1,0.0,0.0,0.0,48,results/bob_realchannel_run_tp0.1_fk0.0_rp0.0_vd0.0_seed48_20260831_203242_279908.json,374,37,3180,34,34,True,0,False,,5.432963609695435,{},asymptotic,True,,6,results/bob_realchannel_run_tp0.1_fk0.0_rp0.0_vd0.0_seed48_20260831_203242_279908.json,results/alice_realchannel_run_seed48_20260831_203242_238400.json,unknown,2026-08-31T20:32:48.088170,toeplitz,0.1,2,0.0026737967914438,False,False
0.1,0.0,0.0,0.0,50,results/bob_realchannel_run_tp0.1_fk0.0_rp0.0_vd0.0_seed50_20260831_203254_453649.json,374,37,3180,34,34,True,0,False,,5.199512720108032,{},asymptotic,True,,8,results/bob_realchannel_run_tp0.1_fk0.0_rp0.0_vd0.0_seed50_20260831_203254_453649.json,results/alice_realchannel_run_seed50_20260831_203254_406180.json,unknown,2026-08-31T20:33:00.028948,toeplitz,0.1,2,0.0026737967914438,False,False
0.1,0.0,0.0,0.0,51,results/bob_realchannel_run_tp0.1_fk0.0_rp0.0_vd0.0_seed51_20260831_203301_049287.json,374,37,3180,34,34,True,0,False,,5.587299346923828,{},asymptotic,True,,9,results/bob_realchannel_run_tp0.1_fk0.0_rp0.0_vd0.0_seed51_20260831_203301_049287.json,results/alice_realchannel_run_seed51_20260831_203301_007769.json,unknown,2026-08-31T20:33:07.011802,toeplitz,0.1,2,0.0026737967914438,False,False
0.05,0.0,0.0,0.0,42,results/bob_realchannel_run_tp0.05_fk0.0_rp0.0_vd0.0_seed42_20260831_203308_044438.json,374,37,3180,34,34,True,0,False,,5.400146722793579,{},asymptotic,True,,0,results/bob_realchannel_run_tp0.05_fk0.0_rp0.0_vd0.0_seed42_20260831_203308_044438.json,results/alice_realchannel_run_seed42_20260831_203307_986903.json,unknown,2026-08-31T20:33:13.820455,toeplitz,0.05,2,0.0026737967914438,False,False
0.05,0.0,0.0,0.0,43,results/bob_realchannel_run_tp0.05_fk0.0_rp0.0_vd0.0_seed43_20260831_203314_838150.json,374,37,3180,34,34,True,0,False,,5.198777437210083,{'toeplitz_matrix': 1},asymptotic,True,,1,results/bob_realchannel_run_tp0.05_fk0.0_rp0.0_vd0.0_seed43_20260831_203314_838150.json,results/alice_realchannel_run_seed43_20260831_203314_797615.json,unknown,2026-08-31T20:33:20.410409,toeplitz,0.05,2,0.0026737967914438,False,False
0.05,0.0,0.0,0.0,44,results/bob_realchannel_run_tp0.05_fk0.0_rp0.0_vd0.0_seed44_20260831_203321_423502.json,374,37,3180,34,34,True,0,False,,4.569748878479004,{},asymptotic,True,,2,results/bob_realchannel_run_tp0.05_fk0.0_rp0.0_vd0.0_seed44_20260831_203321_423502.json,results/alice_realchannel_run_seed44_20260831_203321_390551.json,unknown,2026-08-31T20:33:26.361205,toeplitz,0.05,2,0.0026737967914438,False,False
0.05,0.0,0.0,0.0,45,results/bob_realchannel_run_tp0.05_fk0.0_rp0.0_vd0.0_seed45_20260831_203327_380690.json,374,37,3180,34,34,True,0,False,,5.020298957824707,{},asymptotic,True,,3,results/bob_realchannel_run_tp0.05_fk0.0_rp0.0_vd0.0_seed45_20260831_203327_380690.json,results/alice_realchannel_run_seed45_20260831_203327_337358.json,unknown,2026-08-31T20:33:32.774684,toeplitz,0.05,2,0.0026737967914438,False,False
0.05,0.0,0.0,0.0,46,results/bob_realchannel_run_tp0.05_fk0.0_rp0.0_vd0.0_seed46_20260831_203333_792152.json,374,37,3180,34,34,True,0,False,,4.688719749450684,{},asymptotic,True,,4,results/bob_realchannel_run_tp0.05_fk0.0_rp0.0_vd0.0_seed46_20260831_203333_792152.json,results/alice_realchannel_run_seed46_20260831_203333_750457.json,unknown,2026-08-31T20:33:38.856194,toeplitz,0.05,2,0.0026737967914438,False,False
0.05,0.0,0.0,0.0,47,results/bob_realchannel_run_tp0.05_fk0.0_rp0.0_vd0.0_seed47_20260831_203339_869323.json,374,37,3180,34,34,True,0,False,,5.691663026809692,{},asymptotic,True,,5,results/bob_realchannel_run_tp0.05_fk0.0_rp0.0_vd0.0_seed47_20260831_203339_869323.json,results/alice_realchannel_run_seed47_20260831_203339_836024.json,unknown,2026-08-31T20:33:45.937312,toeplitz,0.05,2,0.0026737967914438,False,False
0.05,0.0,0.0,0.0,48,results/bob_realchannel_run_tp0.05_fk0.0_rp0.0_vd0.0_seed48_20260831_203346_947285.json,374,37,3180,34,34,True,0,False,,5.457590818405151,{},asymptotic,True,,6,results/bob_realchannel_run_tp0.05_fk0.0_rp0.0_vd0.0_seed48_20260831_203346_947285.json,results/alice_realchannel_run_seed48_20260831_203346_914032.json,unknown,2026-08-31T20:33:52.780398,toeplitz,0.05,2,0.0026737967914438,False,False
0.05,0.0,0.0,0.0,50,results/bob_realchannel_run_tp0.05_fk0.0_rp0.0_vd0.0_seed50_20260831_203400_716038.json,374,37,3180,34,34,True,0,False,,4.757150411605835,{},asymptotic,True,,8,results/bob_realchannel_run_tp0.05_fk0.0_rp0.0_vd0.0_seed50_20260831_203400_716038.json,results/alice_realchannel_run_seed50_20260831_203400_661192.json,unknown,2026-08-31T20:34:05.847895,toeplitz,0.05,2,0.0026737967914438,False,False
0.05,0.0,0.0,0.0,51,results/bob_realchannel_run_tp0.05_fk0.0_rp0.0_vd0.0_seed51_20260831_203407_039998.json,374,37,3180,34,34,True,0,False,,5.416935920715332,{},asymptotic,True,,9,results/bob_realchannel_run_tp0.05_fk0.0_rp0.0_vd0.0_seed51_20260831_203407_039998.json,results/alice_realchannel_run_seed51_20260831_203406_829938.json,unknown,2026-08-31T20:34:12.940423,toeplitz,0.05,2,0.0026737967914438,False,False
0.03,0.0,0.0,0.0,42,results/bob_realchannel_run_tp0.03_fk0.0_rp0.0_vd0.0_seed42_20260831_203414_006564.json,374,37,3180,34,34,True,0,False,,4.069622993469238,{},asymptotic,True,,0,results/bob_realchannel_run_tp0.03_fk0.0_rp0.0_vd0.0_seed42_20260831_203414_006564.json,results/alice_realchannel_run_seed42_20260831_203413_908996.json,unknown,2026-08-31T20:34:18.451161,toeplitz,0.03,2,0.0026737967914438,False,False
0.03,0.0,0.0,0.0,43,results/bob_realchannel_run_tp0.03_fk0.0_rp0.0_vd0.0_seed43_20260831_203419_474527.json,374,37,3180,34,34,True,0,False,,4.030296802520752,{},asymptotic,True,,1,results/bob_realchannel_run_tp0.03_fk0.0_rp0.0_vd0.0_seed43_20260831_203419_474527.json,results/alice_realchannel_run_seed43_20260831_203419_430792.json,unknown,2026-08-31T20:34:23.880140,toeplitz,0.03,2,0.0026737967914438,False,False
0.03,0.0,0.0,0.0,44,results/bob_realchannel_run_tp0.03_fk0.0_rp0.0_vd0.0_seed44_20260831_203425_118276.json,374,37,3180,34,34,True,0,False,,4.80278468132019,{},asymptotic,True,,2,results/bob_realchannel_run_tp0.03_fk0.0_rp0.0_vd0.0_seed44_20260831_203425_118276.json,results/alice_realchannel_run_seed44_20260831_203424_853124.json,unknown,2026-08-31T20:34:30.315565,toeplitz,0.03,2,0.0026737967914438,False,False
0.03,0.0,0.0,0.0,45,results/bob_realchannel_run_tp0.03_fk0.0_rp0.0_vd0.0_seed45_20260831_203431_332366.json,374,37,3180,34,34,True,0,False,,5.504613161087036,{},asymptotic,True,,3,results/bob_realchannel_run_tp0.03_fk0.0_rp0.0_vd0.0_seed45_20260831_203431_332366.json,results/alice_realchannel_run_seed45_20260831_203431_301790.json,unknown,2026-08-31T20:34:37.212339,toeplitz,0.03,2,0.0026737967914438,False,False
0.03,0.0,0.0,0.0,46,results/bob_realchannel_run_tp0.03_fk0.0_rp0.0_vd0.0_seed46_20260831_203438_202263.json,374,37,3180,34,34,True,0,False,,2.308072328567505,{},asymptotic,True,,4,results/bob_realchannel_run_tp0.03_fk0.0_rp0.0_vd0.0_seed46_20260831_203438_202263.json,results/alice_realchannel_run_seed46_20260831_203438_236083.json,unknown,2026-08-31T20:34:40.998978,toeplitz,0.03,2,0.0026737967914438,False,False
0.03,0.0,0.0,0.0,47,results/bob_realchannel_run_tp0.03_fk0.0_rp0.0_vd0.0_seed47_20260831_203442_148205.json,374,37,3180,34,34,True,0,False,,5.56464433670044,{},asymptotic,True,,5,results/bob_realchannel_run_tp0.03_fk0.0_rp0.0_vd0.0_seed47_20260831_203442_148205.json,results/alice_realchannel_run_seed47_20260831_203441_989166.json,unknown,2026-08-31T20:34:48.091859,toeplitz,0.03,2,0.0026737967914438,False,False
0.03,0.0,0.0,0.0,48,results/bob_realchannel_run_tp0.03_fk0.0_rp0.0_vd0.0_seed48_20260831_203449_110323.json,374,37,3180,34,34,True,0,False,,4.5463738441467285,{},asymptotic,True,,6,results/bob_realchannel_run_tp0.03_fk0.0_rp0.0_vd0.0_seed48_20260831_203449_110323.json,results/alice_realchannel_run_seed48_20260831_203449_070739.json,unknown,2026-08-31T20:34:54.037054,toeplitz,0.03,2,0.0026737967914438,False,False
0.03,0.0,0.0,0.0,50,results/bob_realchannel_run_tp0.03_fk0.0_rp0.0_vd0.0_seed50_20260831_203501_290915.json,374,37,3180,34,34,True,0,False,,5.245948076248169,{},asymptotic,True,,8,results/bob_realchannel_run_tp0.03_fk0.0_rp0.0_vd0.0_seed50_20260831_203501_290915.json,results/alice_realchannel_run_seed50_20260831_203501_282001.json,unknown,2026-08-31T20:35:06.911469,toeplitz,0.03,2,0.0026737967914438,False,False
0.03,0.0,0.0,0.0,51,results/bob_realchannel_run_tp0.03_fk0.0_rp0.0_vd0.0_seed51_20260831_203507_924476.json,374,37,3180,34,34,True,0,False,,5.576278448104858,{},asymptotic,True,,9,results/bob_realchannel_run_tp0.03_fk0.0_rp0.0_vd0.0_seed51_20260831_203507_924476.json,results/alice_realchannel_run_seed51_20260831_203507_880349.json,unknown,2026-08-31T20:35:13.874347,toeplitz,0.03,2,0.0026737967914438,False,False
0.01,0.0,0.0,0.0,42,results/bob_realchannel_run_tp0.01_fk0.0_rp0.0_vd0.0_seed42_20260831_203514_893787.json,374,37,3180,34,34,True,0,False,,5.419451475143433,{},asymptotic,True,,0,results/bob_realchannel_run_tp0.01_fk0.0_rp0.0_vd0.0_seed42_20260831_203514_893787.json,results/alice_realchannel_run_seed42_20260831_203514_853416.json,unknown,2026-08-31T20:35:20.731918,toeplitz,0.01,2,0.0026737967914438,False,False
0.01,0.0,0.0,0.0,43,results/bob_realchannel_run_tp0.01_fk0.0_rp0.0_vd0.0_seed43_20260831_203521_750448.json,374,37,3180,34,34,True,0,False,,5.214470624923706,{},asymptotic,True,,1,results/bob_realchannel_run_tp0.01_fk0.0_rp0.0_vd0.0_seed43_20260831_203521_750448.json,results/alice_realchannel_run_seed43_20260831_203521_720425.json,unknown,2026-08-31T20:35:27.339562,toeplitz,0.01,2,0.0026737967914438,False,False
0.01,0.0,0.0,0.0,44,results/bob_realchannel_run_tp0.01_fk0.0_rp0.0_vd0.0_seed44_20260831_203528_349918.json,374,37,3180,34,34,True,0,False,,5.023006677627564,{},asymptotic,True,,2,results/bob_realchannel_run_tp0.01_fk0.0_rp0.0_vd0.0_seed44_20260831_203528_349918.json,results/alice_realchannel_run_seed44_20260831_203528_310651.json,unknown,2026-08-31T20:35:33.747097,toeplitz,0.01,2,0.0026737967914438,False,False
0.01,0.0,0.0,0.0,45,results/bob_realchannel_run_tp0.01_fk0.0_rp0.0_vd0.0_seed45_20260831_203534_760068.json,374,37,3180,34,34,True,0,False,,5.488579750061035,{},asymptotic,True,,3,results/bob_realchannel_run_tp0.01_fk0.0_rp0.0_vd0.0_seed45_20260831_203534_760068.json,results/alice_realchannel_run_seed45_20260831_203534_726093.json,unknown,2026-08-31T20:35:40.625537,toeplitz,0.01,2,0.0026737967914438,False,False
0.01,0.0,0.0,0.0,46,results/bob_realchannel_run_tp0.01_fk0.0_rp0.0_vd0.0_seed46_20260831_203541_627181.json,374,37,3180,34,34,True,0,False,,5.161740779876709,{},asymptotic,True,,4,results/bob_realchannel_run_tp0.01_fk0.0_rp0.0_vd0.0_seed46_20260831_203541_627181.json,results/alice_realchannel_run_seed46_20260831_203541_605596.json,unknown,2026-08-31T20:35:47.167590,toeplitz,0.01,2,0.0026737967914438,False,False
0.01,0.0,0.0,0.0,47,results/bob_realchannel_run_tp0.01_fk0.0_rp0.0_vd0.0_seed47_20260831_203548_180285.json,374,37,3180,34,34,True,0,False,,5.697420597076416,{},asymptotic,True,,5,results/bob_realchannel_run_tp0.01_fk0.0_rp0.0_vd0.0_seed47_20260831_203548_180285.json,results/alice_realchannel_run_seed47_20260831_203548_163264.json,unknown,2026-08-31T20:35:54.285751,toeplitz,0.01,2,0.0026737967914438,False,False
0.01,0.0,0.0,0.0,48,results/bob_realchannel_run_tp0.01_fk0.0_rp0.0_vd0.0_seed48_20260831_203555_291668.json,374,37,3180,34,34,True,0,False,,5.453609466552734,{},asymptotic,True,,6,results/bob_realchannel_run_tp0.01_fk0.0_rp0.0_vd0.0_seed48_20260831_203555_291668.json,results/alice_realchannel_run_seed48_20260831_203555_253728.json,unknown,2026-08-31T20:36:01.120780,toeplitz,0.01,2,0.0026737967914438,False,False
0.01,0.0,0.0,0.0,50,results/bob_realchannel_run_tp0.01_fk0.0_rp0.0_vd0.0_seed50_20260831_203606_267924.json,374,37,3180,34,34,True,0,False,,5.232520341873169,{},asymptotic,True,,8,results/bob_realchannel_run_tp0.01_fk0.0_rp0.0_vd0.0_seed50_20260831_203606_267924.json,results/alice_realchannel_run_seed50_20260831_203606_242108.json,unknown,2026-08-31T20:36:11.875355,toeplitz,0.01,2,0.0026737967914438,False,False
0.01,0.0,0.0,0.0,51,results/bob_realchannel_run_tp0.01_fk0.0_rp0.0_vd0.0_seed51_20260831_203612_891417.json,374,37,3180,34,34,True,0,False,,5.57707142829895,{},asymptotic,True,,9,results/bob_realchannel_run_tp0.01_fk0.0_rp0.0_vd0.0_seed51_20260831_203612_891417.json,results/alice_realchannel_run_seed51_20260831_203612_858405.json,unknown,2026-08-31T20:36:18.832477,toeplitz,0.01,2,0.0026737967914438,False,False
0.003,0.0,0.0,0.0,42,results/bob_realchannel_run_tp0.003_fk0.0_rp0.0_vd0.0_seed42_20260831_203619_838438.json,374,37,3180,34,34,True,0,False,,4.970525503158569,{},asymptotic,True,,0,results/bob_realchannel_run_tp0.003_fk0.0_rp0.0_vd0.0_seed42_20260831_203619_838438.json,results/alice_realchannel_run_seed42_20260831_203619_805684.json,unknown,2026-08-31T20:36:25.190626,toeplitz,0.003,2,0.0026737967914438,False,False
0.003,0.0,0.0,0.0,43,results/bob_realchannel_run_tp0.003_fk0.0_rp0.0_vd0.0_seed43_20260831_203626_196839.json,374,37,3180,34,34,True,0,False,,5.223954677581787,{},asymptotic,True,,1,results/bob_realchannel_run_tp0.003_fk0.0_rp0.0_vd0.0_seed43_20260831_203626_196839.json,results/alice_realchannel_run_seed43_20260831_203626_177589.json,unknown,2026-08-31T20:36:31.843822,toeplitz,0.003,2,0.0026737967914438,False,False
0.003,0.0,0.0,0.0,44,results/bob_realchannel_run_tp0.003_fk0.0_rp0.0_vd0.0_seed44_20260831_203632_844359.json,374,37,3180,34,34,True,0,False,,4.584321260452271,{},asymptotic,True,,2,results/bob_realchannel_run_tp0.003_fk0.0_rp0.0_vd0.0_seed44_20260831_203632_844359.json,results/alice_realchannel_run_seed44_20260831_203632_822192.json,unknown,2026-08-31T20:36:37.805139,toeplitz,0.003,2,0.0026737967914438,False,False
0.003,0.0,0.0,0.0,45,results/bob_realchannel_run_tp0.003_fk0.0_rp0.0_vd0.0_seed45_20260831_203638_837497.json,374,37,3180,34,34,True,0,False,,5.4596991539001465,{},asymptotic,True,,3,results/bob_realchannel_run_tp0.003_fk0.0_rp0.0_vd0.0_seed45_20260831_203638_837497.json,results/alice_realchannel_run_seed45_20260831_203638_779993.json,unknown,2026-08-31T20:36:44.671718,toeplitz,0.003,2,0.0026737967914438,False,False
0.003,0.0,0.0,0.0,46,results/bob_realchannel_run_tp0.003_fk0.0_rp0.0_vd0.0_seed46_20260831_203645_709651.json,374,37,3180,34,34,True,0,False,,5.131146430969238,{},asymptotic,True,,4,results/bob_realchannel_run_tp0.003_fk0.0_rp0.0_vd0.0_seed46_20260831_203645_709651.json,results/alice_realchannel_run_seed46_20260831_203645_649896.json,unknown,2026-08-31T20:36:51.221961,toeplitz,0.003,2,0.0026737967914438,False,False
0.003,0.0,0.0,0.0,47,results/bob_realchannel_run_tp0.003_fk0.0_rp0.0_vd0.0_seed47_20260831_203652_244667.json,374,37,3180,34,34,True,0,False,,5.652498245239258,{},asymptotic,True,,5,results/bob_realchannel_run_tp0.003_fk0.0_rp0.0_vd0.0_seed47_20260831_203652_244667.json,results/alice_realchannel_run_seed47_20260831_203652_198322.json,unknown,2026-08-31T20:36:58.276463,toeplitz,0.003,2,0.0026737967914438,False,False
0.003,0.0,0.0,0.0,48,results/bob_realchannel_run_tp0.003_fk0.0_rp0.0_vd0.0_seed48_20260831_203659_318927.json,374,37,3180,34,34,True,0,False,,4.974300622940064,{},asymptotic,True,,6,results/bob_realchannel_run_tp0.003_fk0.0_rp0.0_vd0.0_seed48_20260831_203659_318927.json,results/alice_realchannel_run_seed48_20260831_203659_258544.json,unknown,2026-08-31T20:37:04.671117,toeplitz,0.003,2,0.0026737967914438,False,False
0.003,0.0,0.0,0.0,50,results/bob_realchannel_run_tp0.003_fk0.0_rp0.0_vd0.0_seed50_20260831_203712_575942.json,374,37,3180,34,34,True,0,False,,5.2008819580078125,{},asymptotic,True,,8,results/bob_realchannel_run_tp0.003_fk0.0_rp0.0_vd0.0_seed50_20260831_203712_575942.json,results/alice_realchannel_run_seed50_20260831_203712_527635.json,unknown,2026-08-31T20:37:18.152447,toeplitz,0.003,2,0.0026737967914438,False,False
0.003,0.0,0.0,0.0,51,results/bob_realchannel_run_tp0.003_fk0.0_rp0.0_vd0.0_seed51_20260831_203719_213956.json,374,37,3180,34,34,True,0,False,,5.526870012283325,{},asymptotic,True,,9,results/bob_realchannel_run_tp0.003_fk0.0_rp0.0_vd0.0_seed51_20260831_203719_213956.json,results/alice_realchannel_run_seed51_20260831_203719_128982.json,unknown,2026-08-31T20:37:25.123381,toeplitz,0.003,2,0.0026737967914438,False,False
0.001,0.0,0.0,0.0,42,results/bob_realchannel_run_tp0.001_fk0.0_rp0.0_vd0.0_seed42_20260831_203726_145610.json,374,37,3180,34,34,True,0,False,,5.4194207191467285,{},asymptotic,True,,0,results/bob_realchannel_run_tp0.001_fk0.0_rp0.0_vd0.0_seed42_20260831_203726_145610.json,results/alice_realchannel_run_seed42_20260831_203726_105721.json,unknown,2026-08-31T20:37:31.940433,toeplitz,0.001,2,0.0026737967914438,False,False
0.001,0.0,0.0,0.0,43,results/bob_realchannel_run_tp0.001_fk0.0_rp0.0_vd0.0_seed43_20260831_203732_959426.json,374,37,3180,34,34,True,0,False,,4.293898820877075,{},asymptotic,True,,1,results/bob_realchannel_run_tp0.001_fk0.0_rp0.0_vd0.0_seed43_20260831_203732_959426.json,results/alice_realchannel_run_seed43_20260831_203732_922514.json,unknown,2026-08-31T20:37:37.629849,toeplitz,0.001,2,0.0026737967914438,False,False
0.001,0.0,0.0,0.0,44,results/bob_realchannel_run_tp0.001_fk0.0_rp0.0_vd0.0_seed44_20260831_203738_644756.json,374,37,3180,34,34,True,0,False,,5.040177345275879,{},asymptotic,True,,2,results/bob_realchannel_run_tp0.001_fk0.0_rp0.0_vd0.0_seed44_20260831_203738_644756.json,results/alice_realchannel_run_seed44_20260831_203738_621642.json,unknown,2026-08-31T20:37:44.059984,toeplitz,0.001,2,0.0026737967914438,False,False
0.001,0.0,0.0,0.0,45,results/bob_realchannel_run_tp0.001_fk0.0_rp0.0_vd0.0_seed45_20260831_203745_062933.json,374,37,3180,34,34,True,0,False,,5.497649908065796,{},asymptotic,True,,3,results/bob_realchannel_run_tp0.001_fk0.0_rp0.0_vd0.0_seed45_20260831_203745_062933.json,results/alice_realchannel_run_seed45_20260831_203745_037552.json,unknown,2026-08-31T20:37:50.936477,toeplitz,0.001,2,0.0026737967914438,False,False
0.001,0.0,0.0,0.0,46,results/bob_realchannel_run_tp0.001_fk0.0_rp0.0_vd0.0_seed46_20260831_203751_953000.json,374,37,3180,34,34,True,0,False,,5.144285440444946,{},asymptotic,True,,4,results/bob_realchannel_run_tp0.001_fk0.0_rp0.0_vd0.0_seed46_20260831_203751_953000.json,results/alice_realchannel_run_seed46_20260831_203751_913459.json,unknown,2026-08-31T20:37:57.472636,toeplitz,0.001,2,0.0026737967914438,False,False
0.001,0.0,0.0,0.0,47,results/bob_realchannel_run_tp0.001_fk0.0_rp0.0_vd0.0_seed47_20260831_203758_483662.json,374,37,3180,34,34,True,0,False,,4.773263216018677,{},asymptotic,True,,5,results/bob_realchannel_run_tp0.001_fk0.0_rp0.0_vd0.0_seed47_20260831_203758_483662.json,results/alice_realchannel_run_seed47_20260831_203758_448459.json,unknown,2026-08-31T20:38:03.698981,toeplitz,0.001,2,0.0026737967914438,False,False
0.001,0.0,0.0,0.0,48,results/bob_realchannel_run_tp0.001_fk0.0_rp0.0_vd0.0_seed48_20260831_203804_738157.json,374,37,3180,34,34,True,0,False,,5.422946453094482,{},asymptotic,True,,6,results/bob_realchannel_run_tp0.001_fk0.0_rp0.0_vd0.0_seed48_20260831_203804_738157.json,results/alice_realchannel_run_seed48_20260831_203804_672345.json,unknown,2026-08-31T20:38:10.536946,toeplitz,0.001,2,0.0026737967914438,False,False
0.001,0.0,0.0,0.0,50,results/bob_realchannel_run_tp0.001_fk0.0_rp0.0_vd0.0_seed50_20260831_203818_426282.json,374,37,3180,34,34,True,0,False,,5.218863725662232,{},asymptotic,True,,8,results/bob_realchannel_run_tp0.001_fk0.0_rp0.0_vd0.0_seed50_20260831_203818_426282.json,results/alice_realchannel_run_seed50_20260831_203818_389683.json,unknown,2026-08-31T20:38:24.021516,toeplitz,0.001,2,0.0026737967914438,False,False
0.001,0.0,0.0,0.0,51,results/bob_realchannel_run_tp0.001_fk0.0_rp0.0_vd0.0_seed51_20260831_203825_085794.json,374,37,3180,34,34,True,0,False,,5.527197599411011,{},asymptotic,True,,9,results/bob_realchannel_run_tp0.001_fk0.0_rp0.0_vd0.0_seed51_20260831_203825_085794.json,results/alice_realchannel_run_seed51_20260831_203825_001101.json,unknown,2026-08-31T20:38:30.987180,toeplitz,0.001,2,0.0026737967914438,False,False
0.5,0.0,0.0,0.0,42,results/bob_realchannel_run_tp0.5_fk0.0_rp0.0_vd0.0_seed42_20260831_210206_343887.json,382,36,3251,34,34,True,0,False,,5.448021411895752,{},asymptotic,True,,0,results/bob_realchannel_run_tp0.5_fk0.0_rp0.0_vd0.0_seed42_20260831_210206_343887.json,results/alice_realchannel_run_seed42_20260831_210206_294257.json,unknown,2026-08-31T21:02:12.242885,toeplitz,0.5,3,0.0026178010471204,False,False
0.5,0.0,0.0,0.0,43,results/bob_realchannel_run_tp0.5_fk0.0_rp0.0_vd0.0_seed43_20260831_210213_238251.json,382,36,3251,34,34,True,0,False,,4.11773681640625,{'toeplitz_matrix': 1},asymptotic,False,,1,results/bob_realchannel_run_tp0.5_fk0.0_rp0.0_vd0.0_seed43_20260831_210213_238251.json,results/alice_realchannel_run_seed43_20260831_210213_249282.json,unknown,2026-08-31T21:02:17.819392,toeplitz,0.5,3,0.0026178010471204,True,False
0.5,0.0,0.0,0.0,44,results/bob_realchannel_run_tp0.5_fk0.0_rp0.0_vd0.0_seed44_20260831_210218_812397.json,382,36,3251,34,34,True,0,False,,6.368051528930664,{'toeplitz_matrix': 1},asymptotic,False,,2,results/bob_realchannel_run_tp0.5_fk0.0_rp0.0_vd0.0_seed44_20260831_210218_812397.json,results/alice_realchannel_run_seed44_20260831_210218_800270.json,unknown,2026-08-31T21:02:25.599752,toeplitz,0.5,3,0.0026178010471204,True,False
0.5,0.0,0.0,0.0,45,results/bob_realchannel_run_tp0.5_fk0.0_rp0.0_vd0.0_seed45_20260831_210226_611814.json,382,36,3251,34,34,True,0,False,,3.428544044494629,{},asymptotic,True,,3,results/bob_realchannel_run_tp0.5_fk0.0_rp0.0_vd0.0_seed45_20260831_210226_611814.json,results/alice_realchannel_run_seed45_20260831_210226_606985.json,unknown,2026-08-31T21:02:30.449857,toeplitz,0.5,3,0.0026178010471204,False,False
0.5,0.0,0.0,0.0,46,results/bob_realchannel_run_tp0.5_fk0.0_rp0.0_vd0.0_seed46_20260831_210231_441669.json,382,36,3251,34,34,True,0,False,,3.3904149532318115,{},asymptotic,True,,4,results/bob_realchannel_run_tp0.5_fk0.0_rp0.0_vd0.0_seed46_20260831_210231_441669.json,results/alice_realchannel_run_seed46_20260831_210231_438818.json,unknown,2026-08-31T21:02:35.246765,toeplitz,0.5,3,0.0026178010471204,False,False
0.5,0.0,0.0,0.0,47,results/bob_realchannel_run_tp0.5_fk0.0_rp0.0_vd0.0_seed47_20260831_210236_262017.json,382,36,3251,34,34,True,0,False,,5.218637228012085,{},asymptotic,True,,5,results/bob_realchannel_run_tp0.5_fk0.0_rp0.0_vd0.0_seed47_20260831_210236_262017.json,results/alice_realchannel_run_seed47_20260831_210236_251319.json,unknown,2026-08-31T21:02:41.890908,toeplitz,0.5,3,0.0026178010471204,False,False
0.5,0.0,0.0,0.0,48,results/bob_realchannel_run_tp0.5_fk0.0_rp0.0_vd0.0_seed48_20260831_210242_905243.json,382,36,3251,34,34,True,0,False,,5.903045415878296,{'toeplitz_matrix': 1},asymptotic,True,,6,results/bob_realchannel_run_tp0.5_fk0.0_rp0.0_vd0.0_seed48_20260831_210242_905243.json,results/alice_realchannel_run_seed48_20260831_210242_875714.json,unknown,2026-08-31T21:02:49.207763,toeplitz,0.5,3,0.0026178010471204,False,False
0.5,0.0,0.0,0.0,49,results/bob_realchannel_run_tp0.5_fk0.0_rp0.0_vd0.0_seed49_20260831_210250_199916.json,382,36,3251,34,34,True,0,False,,3.504648208618164,{},asymptotic,True,,7,results/bob_realchannel_run_tp0.5_fk0.0_rp0.0_vd0.0_seed49_20260831_210250_199916.json,results/alice_realchannel_run_seed49_20260831_210250_216985.json,unknown,2026-08-31T21:02:54.110681,toeplitz,0.5,3,0.0026178010471204,False,False
0.5,0.0,0.0,0.0,50,results/bob_realchannel_run_tp0.5_fk0.0_rp0.0_vd0.0_seed50_20260831_210255_121490.json,382,36,3251,34,34,True,0,False,,5.114701986312866,{},asymptotic,True,,8,results/bob_realchannel_run_tp0.5_fk0.0_rp0.0_vd0.0_seed50_20260831_210255_121490.json,results/alice_realchannel_run_seed50_20260831_210255_106448.json,unknown,2026-08-31T21:03:00.597731,toeplitz,0.5,3,0.0026178010471204,False,False
0.5,0.0,0.0,0.0,51,results/bob_realchannel_run_tp0.5_fk0.0_rp0.0_vd0.0_seed51_20260831_210301_589314.json,382,36,3251,34,34,True,0,False,,3.307090997695923,{},asymptotic,True,,9,results/bob_realchannel_run_tp0.5_fk0.0_rp0.0_vd0.0_seed51_20260831_210301_589314.json,results/alice_realchannel_run_seed51_20260831_210301_599863.json,unknown,2026-08-31T21:03:05.307990,toeplitz,0.5,3,0.0026178010471204,False,False
0.3,0.0,0.0,0.0,42,results/bob_realchannel_run_tp0.3_fk0.0_rp0.0_vd0.0_seed42_20260831_210306_319878.json,382,36,3251,34,34,True,0,False,,4.555925369262695,{},asymptotic,True,,0,results/bob_realchannel_run_tp0.3_fk0.0_rp0.0_vd0.0_seed42_20260831_210306_319878.json,results/alice_realchannel_run_seed42_20260831_210306_283681.json,unknown,2026-08-31T21:03:11.219392,toeplitz,0.3,3,0.0026178010471204,False,False
0.3,0.0,0.0,0.0,43,results/bob_realchannel_run_tp0.3_fk0.0_rp0.0_vd0.0_seed43_20260831_210312_241276.json,382,36,3251,34,34,True,0,False,,5.655125141143799,{},asymptotic,True,,1,results/bob_realchannel_run_tp0.3_fk0.0_rp0.0_vd0.0_seed43_20260831_210312_241276.json,results/alice_realchannel_run_seed43_20260831_210312_219895.json,unknown,2026-08-31T21:03:18.304586,toeplitz,0.3,3,0.0026178010471204,False,False
0.3,0.0,0.0,0.0,44,results/bob_realchannel_run_tp0.3_fk0.0_rp0.0_vd0.0_seed44_20260831_210319_313234.json,382,36,3251,34,34,True,0,False,,6.343041896820068,{'toeplitz_matrix': 1},asymptotic,False,,2,results/bob_realchannel_run_tp0.3_fk0.0_rp0.0_vd0.0_seed44_20260831_210319_313234.json,results/alice_realchannel_run_seed44_20260831_210319_281350.json,unknown,2026-08-31T21:03:26.116883,toeplitz,0.3,3,0.0026178010471204,True,False
0.3,0.0,0.0,0.0,45,results/bob_realchannel_run_tp0.3_fk0.0_rp0.0_vd0.0_seed45_20260831_210327_144544.json,382,36,3251,34,34,True,0,False,,2.727318525314331,{},asymptotic,True,,3,results/bob_realchannel_run_tp0.3_fk0.0_rp0.0_vd0.0_seed45_20260831_210327_144544.json,results/alice_realchannel_run_seed45_20260831_210327_157826.json,unknown,2026-08-31T21:03:30.326675,toeplitz,0.3,3,0.0026178010471204,False,False
0.3,0.0,0.0,0.0,46,results/bob_realchannel_run_tp0.3_fk0.0_rp0.0_vd0.0_seed46_20260831_210331_331344.json,382,36,3251,34,34,True,0,False,,5.384336471557617,{},asymptotic,True,,4,results/bob_realchannel_run_tp0.3_fk0.0_rp0.0_vd0.0_seed46_20260831_210331_331344.json,results/alice_realchannel_run_seed46_20260831_210331_312836.json,unknown,2026-08-31T21:03:37.103046,toeplitz,0.3,3,0.0026178010471204,False,False
0.3,0.0,0.0,0.0,47,results/bob_realchannel_run_tp0.3_fk0.0_rp0.0_vd0.0_seed47_20260831_210338_118643.json,382,36,3251,34,34,True,0,False,,3.205508232116699,{},asymptotic,True,,5,results/bob_realchannel_run_tp0.3_fk0.0_rp0.0_vd0.0_seed47_20260831_210338_118643.json,results/alice_realchannel_run_seed47_20260831_210338_112934.json,unknown,2026-08-31T21:03:41.782714,toeplitz,0.3,3,0.0026178010471204,False,False
0.3,0.0,0.0,0.0,48,results/bob_realchannel_run_tp0.3_fk0.0_rp0.0_vd0.0_seed48_20260831_210342_790488.json,382,36,3251,34,34,True,0,False,,5.910987138748169,{'toeplitz_matrix': 1},asymptotic,True,,6,results/bob_realchannel_run_tp0.3_fk0.0_rp0.0_vd0.0_seed48_20260831_210342_790488.json,results/alice_realchannel_run_seed48_20260831_210342_770207.json,unknown,2026-08-31T21:03:49.194135,toeplitz,0.3,3,0.0026178010471204,False,False
0.3,0.0,0.0,0.0,49,results/bob_realchannel_run_tp0.3_fk0.0_rp0.0_vd0.0_seed49_20260831_210350_206953.json,382,36,3251,34,34,True,0,False,,2.789119005203247,{},asymptotic,True,,7,results/bob_realchannel_run_tp0.3_fk0.0_rp0.0_vd0.0_seed49_20260831_210350_206953.json,results/alice_realchannel_run_seed49_20260831_210350_228545.json,unknown,2026-08-31T21:03:53.446896,toeplitz,0.3,3,0.0026178010471204,False,False
0.3,0.0,0.0,0.0,50,results/bob_realchannel_run_tp0.3_fk0.0_rp0.0_vd0.0_seed50_20260831_210354_455068.json,382,36,3251,34,34,True,0,False,,2.409066677093506,{},asymptotic,True,,8,results/bob_realchannel_run_tp0.3_fk0.0_rp0.0_vd0.0_seed50_20260831_210354_455068.json,results/alice_realchannel_run_seed50_20260831_210354_462983.json,unknown,2026-08-31T21:03:57.317145,toeplitz,0.3,3,0.0026178010471204,False,False
0.3,0.0,0.0,0.0,51,results/bob_realchannel_run_tp0.3_fk0.0_rp0.0_vd0.0_seed51_20260831_210358_329186.json,382,36,3251,34,34,True,0,False,,3.302971601486206,{},asymptotic,True,,9,results/bob_realchannel_run_tp0.3_fk0.0_rp0.0_vd0.0_seed51_20260831_210358_329186.json,results/alice_realchannel_run_seed51_20260831_210358_337977.json,unknown,2026-08-31T21:04:02.107536,toeplitz,0.3,3,0.0026178010471204,False,False
0.1,0.0,0.0,0.0,42,results/bob_realchannel_run_tp0.1_fk0.0_rp0.0_vd0.0_seed42_20260831_210403_107489.json,382,36,3251,34,34,True,0,False,,3.484865665435791,{},asymptotic,True,,0,results/bob_realchannel_run_tp0.1_fk0.0_rp0.0_vd0.0_seed42_20260831_210403_107489.json,results/alice_realchannel_run_seed42_20260831_210403_117403.json,unknown,2026-08-31T21:04:07.063958,toeplitz,0.1,3,0.0026178010471204,False,False
0.1,0.0,0.0,0.0,43,results/bob_realchannel_run_tp0.1_fk0.0_rp0.0_vd0.0_seed43_20260831_210408_065168.json,382,36,3251,34,34,True,0,False,,4.147011280059815,{},asymptotic,True,,1,results/bob_realchannel_run_tp0.1_fk0.0_rp0.0_vd0.0_seed43_20260831_210408_065168.json,results/alice_realchannel_run_seed43_20260831_210408_087508.json,unknown,2026-08-31T21:04:12.677354,toeplitz,0.1,3,0.0026178010471204,False,False
0.1,0.0,0.0,0.0,44,results/bob_realchannel_run_tp0.1_fk0.0_rp0.0_vd0.0_seed44_20260831_210413_678087.json,382,36,3251,34,34,True,0,False,,6.358775854110718,{'toeplitz_matrix': 1},asymptotic,False,,2,results/bob_realchannel_run_tp0.1_fk0.0_rp0.0_vd0.0_seed44_20260831_210413_678087.json,results/alice_realchannel_run_seed44_20260831_210413_666211.json,unknown,2026-08-31T21:04:20.423094,toeplitz,0.1,3,0.0026178010471204,True,False
0.1,0.0,0.0,0.0,45,results/bob_realchannel_run_tp0.1_fk0.0_rp0.0_vd0.0_seed45_20260831_210421_442870.json,382,36,3251,34,34,True,0,False,,2.968963861465454,{},asymptotic,True,,3,results/bob_realchannel_run_tp0.1_fk0.0_rp0.0_vd0.0_seed45_20260831_210421_442870.json,results/alice_realchannel_run_seed45_20260831_210421_441814.json,unknown,2026-08-31T21:04:24.840913,toeplitz,0.1,3,0.0026178010471204,False,False
0.1,0.0,0.0,0.0,46,results/bob_realchannel_run_tp0.1_fk0.0_rp0.0_vd0.0_seed46_20260831_210425_854767.json,382,36,3251,34,34,True,0,False,,2.2332301139831543,{},asymptotic,True,,4,results/bob_realchannel_run_tp0.1_fk0.0_rp0.0_vd0.0_seed46_20260831_210425_854767.json,results/alice_realchannel_run_seed46_20260831_210425_869649.json,unknown,2026-08-31T21:04:28.518271,toeplitz,0.1,3,0.0026178010471204,False,False
0.1,0.0,0.0,0.0,47,results/bob_realchannel_run_tp0.1_fk0.0_rp0.0_vd0.0_seed47_20260831_210429_517217.json,382,36,3251,34,34,True,0,False,,3.2349274158477783,{},asymptotic,True,,5,results/bob_realchannel_run_tp0.1_fk0.0_rp0.0_vd0.0_seed47_20260831_210429_517217.json,results/alice_realchannel_run_seed47_20260831_210429_546885.json,unknown,2026-08-31T21:04:33.219288,toeplitz,0.1,3,0.0026178010471204,False,False
0.1,0.0,0.0,0.0,48,results/bob_realchannel_run_tp0.1_fk0.0_rp0.0_vd0.0_seed48_20260831_210434_230749.json,382,36,3251,34,34,True,0,False,,5.929125308990479,{},asymptotic,True,,6,results/bob_realchannel_run_tp0.1_fk0.0_rp0.0_vd0.0_seed48_20260831_210434_230749.json,results/alice_realchannel_run_seed48_20260831_210434_217634.json,unknown,2026-08-31T21:04:40.594066,toeplitz,0.1,3,0.0026178010471204,False,False
0.1,0.0,0.0,0.0,49,results/bob_realchannel_run_tp0.1_fk0.0_rp0.0_vd0.0_seed49_20260831_210441_626760.json,382,36,3251,34,34,True,0,False,,4.998337507247925,{},asymptotic,True,,7,results/bob_realchannel_run_tp0.1_fk0.0_rp0.0_vd0.0_seed49_20260831_210441_626760.json,results/alice_realchannel_run_seed49_20260831_210441_581089.json,unknown,2026-08-31T21:04:47.065709,toeplitz,0.1,3,0.0026178010471204,False,False
0.1,0.0,0.0,0.0,50,results/bob_realchannel_run_tp0.1_fk0.0_rp0.0_vd0.0_seed50_20260831_210448_083916.json,382,36,3251,34,34,True,0,False,,5.11647891998291,{},asymptotic,True,,8,results/bob_realchannel_run_tp0.1_fk0.0_rp0.0_vd0.0_seed50_20260831_210448_083916.json,results/alice_realchannel_run_seed50_20260831_210448_066728.json,unknown,2026-08-31T21:04:53.619946,toeplitz,0.1,3,0.0026178010471204,False,False
0.1,0.0,0.0,0.0,51,results/bob_realchannel_run_tp0.1_fk0.0_rp0.0_vd0.0_seed51_20260831_210454_624834.json,382,36,3251,34,34,True,0,False,,3.311879396438598,{},asymptotic,True,,9,results/bob_realchannel_run_tp0.1_fk0.0_rp0.0_vd0.0_seed51_20260831_210454_624834.json,results/alice_realchannel_run_seed51_20260831_210454_633069.json,unknown,2026-08-31T21:04:58.369743,toeplitz,0.1,3,0.0026178010471204,False,False
0.05,0.0,0.0,0.0,42,results/bob_realchannel_run_tp0.05_fk0.0_rp0.0_vd0.0_seed42_20260831_210459_389832.json,382,36,3251,34,34,True,0,False,,5.486758470535278,{},asymptotic,True,,0,results/bob_realchannel_run_tp0.05_fk0.0_rp0.0_vd0.0_seed42_20260831_210459_389832.json,results/alice_realchannel_run_seed42_20260831_210459_377287.json,unknown,2026-08-31T21:05:05.287301,toeplitz,0.05,3,0.0026178010471204,False,False
0.05,0.0,0.0,0.0,43,results/bob_realchannel_run_tp0.05_fk0.0_rp0.0_vd0.0_seed43_20260831_210506_296500.json,382,36,3251,34,34,True,0,False,,3.6633613109588623,{},asymptotic,True,,1,results/bob_realchannel_run_tp0.05_fk0.0_rp0.0_vd0.0_seed43_20260831_210506_296500.json,results/alice_realchannel_run_seed43_20260831_210506_296885.json,unknown,2026-08-31T21:05:10.382997,toeplitz,0.05,3,0.0026178010471204,False,False
0.05,0.0,0.0,0.0,44,results/bob_realchannel_run_tp0.05_fk0.0_rp0.0_vd0.0_seed44_20260831_210511_386052.json,382,36,3251,34,34,True,0,False,,3.461890697479248,{'toeplitz_matrix': 1},asymptotic,False,,2,results/bob_realchannel_run_tp0.05_fk0.0_rp0.0_vd0.0_seed44_20260831_210511_386052.json,results/alice_realchannel_run_seed44_20260831_210511_388045.json,unknown,2026-08-31T21:05:15.247713,toeplitz,0.05,3,0.0026178010471204,True,False
0.05,0.0,0.0,0.0,45,results/bob_realchannel_run_tp0.05_fk0.0_rp0.0_vd0.0_seed45_20260831_210516_251913.json,382,36,3251,34,34,True,0,False,,1.776921272277832,{},asymptotic,True,,3,results/bob_realchannel_run_tp0.05_fk0.0_rp0.0_vd0.0_seed45_20260831_210516_251913.json,results/alice_realchannel_run_seed45_20260831_210516_264020.json,unknown,2026-08-31T21:05:18.466193,toeplitz,0.05,3,0.0026178010471204,False,False
0.05,0.0,0.0,0.0,46,results/bob_realchannel_run_tp0.05_fk0.0_rp0.0_vd0.0_seed46_20260831_210519_474425.json,382,36,3251,34,34,True,0,False,,2.961490631103516,{},asymptotic,True,,4,results/bob_realchannel_run_tp0.05_fk0.0_rp0.0_vd0.0_seed46_20260831_210519_474425.json,results/alice_realchannel_run_seed46_20260831_210519_498692.json,unknown,2026-08-31T21:05:22.876510,toeplitz,0.05,3,0.0026178010471204,False,False
0.05,0.0,0.0,0.0,47,results/bob_realchannel_run_tp0.05_fk0.0_rp0.0_vd0.0_seed47_20260831_210523_880786.json,382,36,3251,34,34,True,0,False,,3.2553036212921143,{},asymptotic,True,,5,results/bob_realchannel_run_tp0.05_fk0.0_rp0.0_vd0.0_seed47_20260831_210523_880786.json,results/alice_realchannel_run_seed47_20260831_210523_916554.json,unknown,2026-08-31T21:05:27.628298,toeplitz,0.05,3,0.0026178010471204,False,False
0.05,0.0,0.0,0.0,48,results/bob_realchannel_run_tp0.05_fk0.0_rp0.0_vd0.0_seed48_20260831_210528_622576.json,382,36,3251,34,34,True,0,False,,3.929520606994629,{},asymptotic,True,,6,results/bob_realchannel_run_tp0.05_fk0.0_rp0.0_vd0.0_seed48_20260831_210528_622576.json,results/alice_realchannel_run_seed48_20260831_210528_632998.json,unknown,2026-08-31T21:05:33.012343,toeplitz,0.05,3,0.0026178010471204,False,False
0.05,0.0,0.0,0.0,49,results/bob_realchannel_run_tp0.05_fk0.0_rp0.0_vd0.0_seed49_20260831_210534_108123.json,382,36,3251,34,34,True,0,False,,5.436182737350464,{},asymptotic,True,,7,results/bob_realchannel_run_tp0.05_fk0.0_rp0.0_vd0.0_seed49_20260831_210534_108123.json,results/alice_realchannel_run_seed49_20260831_210534_045954.json,unknown,2026-08-31T21:05:40.035440,toeplitz,0.05,3,0.0026178010471204,False,False
0.05,0.0,0.0,0.0,50,results/bob_realchannel_run_tp0.05_fk0.0_rp0.0_vd0.0_seed50_20260831_210541_031455.json,382,36,3251,34,34,True,0,False,,3.588917016983032,{},asymptotic,True,,8,results/bob_realchannel_run_tp0.05_fk0.0_rp0.0_vd0.0_seed50_20260831_210541_031455.json,results/alice_realchannel_run_seed50_20260831_210541_057962.json,unknown,2026-08-31T21:05:45.067484,toeplitz,0.05,3,0.0026178010471204,False,False
0.05,0.0,0.0,0.0,51,results/bob_realchannel_run_tp0.05_fk0.0_rp0.0_vd0.0_seed51_20260831_210546_074052.json,382,36,3251,34,34,True,0,False,,3.309791088104248,{},asymptotic,True,,9,results/bob_realchannel_run_tp0.05_fk0.0_rp0.0_vd0.0_seed51_20260831_210546_074052.json,results/alice_realchannel_run_seed51_20260831_210546_107537.json,unknown,2026-08-31T21:05:49.852691,toeplitz,0.05,3,0.0026178010471204,False,False
0.03,0.0,0.0,0.0,42,results/bob_realchannel_run_tp0.03_fk0.0_rp0.0_vd0.0_seed42_20260831_210550_861621.json,382,36,3251,34,34,True,0,False,,2.342843532562256,{},asymptotic,True,,0,results/bob_realchannel_run_tp0.03_fk0.0_rp0.0_vd0.0_seed42_20260831_210550_861621.json,results/alice_realchannel_run_seed42_20260831_210550_863138.json,unknown,2026-08-31T21:05:53.642735,toeplitz,0.03,3,0.0026178010471204,False,False
0.03,0.0,0.0,0.0,43,results/bob_realchannel_run_tp0.03_fk0.0_rp0.0_vd0.0_seed43_20260831_210554_644001.json,382,36,3251,34,34,True,0,False,,4.12041711807251,{},asymptotic,True,,1,results/bob_realchannel_run_tp0.03_fk0.0_rp0.0_vd0.0_seed43_20260831_210554_644001.json,results/alice_realchannel_run_seed43_20260831_210554_670203.json,unknown,2026-08-31T21:05:59.217179,toeplitz,0.03,3,0.0026178010471204,False,False
0.03,0.0,0.0,0.0,44,results/bob_realchannel_run_tp0.03_fk0.0_rp0.0_vd0.0_seed44_20260831_210600_253610.json,382,36,3251,34,34,True,0,False,,3.898371934890747,{},asymptotic,True,,2,results/bob_realchannel_run_tp0.03_fk0.0_rp0.0_vd0.0_seed44_20260831_210600_253610.json,results/alice_realchannel_run_seed44_20260831_210600_250532.json,unknown,2026-08-31T21:06:04.618922,toeplitz,0.03,3,0.0026178010471204,False,False
0.03,0.0,0.0,0.0,45,results/bob_realchannel_run_tp0.03_fk0.0_rp0.0_vd0.0_seed45_20260831_210605_628718.json,382,36,3251,34,34,True,0,False,,4.967777252197266,{},asymptotic,True,,3,results/bob_realchannel_run_tp0.03_fk0.0_rp0.0_vd0.0_seed45_20260831_210605_628718.json,results/alice_realchannel_run_seed45_20260831_210605_603922.json,unknown,2026-08-31T21:06:10.992012,toeplitz,0.03,3,0.0026178010471204,False,False
0.03,0.0,0.0,0.0,46,results/bob_realchannel_run_tp0.03_fk0.0_rp0.0_vd0.0_seed46_20260831_210612_011035.json,382,36,3251,34,34,True,0,False,,4.469587564468384,{},asymptotic,True,,4,results/bob_realchannel_run_tp0.03_fk0.0_rp0.0_vd0.0_seed46_20260831_210612_011035.json,results/alice_realchannel_run_seed46_20260831_210611_976167.json,unknown,2026-08-31T21:06:16.861833,toeplitz,0.03,3,0.0026178010471204,False,False
0.03,0.0,0.0,0.0,47,results/bob_realchannel_run_tp0.03_fk0.0_rp0.0_vd0.0_seed47_20260831_210617_855779.json,382,36,3251,34,34,True,0,False,,5.220275402069092,{},asymptotic,True,,5,results/bob_realchannel_run_tp0.03_fk0.0_rp0.0_vd0.0_seed47_20260831_210617_855779.json,results/alice_realchannel_run_seed47_20260831_210617_844365.json,unknown,2026-08-31T21:06:23.463880,toeplitz,0.03,3,0.0026178010471204,False,False
0.03,0.0,0.0,0.0,48,results/bob_realchannel_run_tp0.03_fk0.0_rp0.0_vd0.0_seed48_20260831_210624_475188.json,382,36,3251,34,34,True,0,False,,2.740454196929932,{},asymptotic,True,,6,results/bob_realchannel_run_tp0.03_fk0.0_rp0.0_vd0.0_seed48_20260831_210624_475188.json,results/alice_realchannel_run_seed48_20260831_210624_483309.json,unknown,2026-08-31T21:06:27.640276,toeplitz,0.03,3,0.0026178010471204,False,False
0.03,0.0,0.0,0.0,49,results/bob_realchannel_run_tp0.03_fk0.0_rp0.0_vd0.0_seed49_20260831_210628_642415.json,382,36,3251,34,34,True,0,False,,3.485659122467041,{},asymptotic,True,,7,results/bob_realchannel_run_tp0.03_fk0.0_rp0.0_vd0.0_seed49_20260831_210628_642415.json,results/alice_realchannel_run_seed49_20260831_210628_649986.json,unknown,2026-08-31T21:06:32.582288,toeplitz,0.03,3,0.0026178010471204,False,False
0.03,0.0,0.0,0.0,50,results/bob_realchannel_run_tp0.03_fk0.0_rp0.0_vd0.0_seed50_20260831_210633_590115.json,382,36,3251,34,34,True,0,False,,3.577731132507324,{},asymptotic,True,,8,results/bob_realchannel_run_tp0.03_fk0.0_rp0.0_vd0.0_seed50_20260831_210633_590115.json,results/alice_realchannel_run_seed50_20260831_210633_607289.json,unknown,2026-08-31T21:06:37.644876,toeplitz,0.03,3,0.0026178010471204,False,False
0.03,0.0,0.0,0.0,51,results/bob_realchannel_run_tp0.03_fk0.0_rp0.0_vd0.0_seed51_20260831_210638_654972.json,382,36,3251,34,34,True,0,False,,3.3053219318389893,{},asymptotic,True,,9,results/bob_realchannel_run_tp0.03_fk0.0_rp0.0_vd0.0_seed51_20260831_210638_654972.json,results/alice_realchannel_run_seed51_20260831_210638_665236.json,unknown,2026-08-31T21:06:42.412718,toeplitz,0.03,3,0.0026178010471204,False,False
0.01,0.0,0.0,0.0,42,results/bob_realchannel_run_tp0.01_fk0.0_rp0.0_vd0.0_seed42_20260831_210643_418917.json,382,36,3251,34,34,True,0,False,,3.4649364948272705,{},asymptotic,True,,0,results/bob_realchannel_run_tp0.01_fk0.0_rp0.0_vd0.0_seed42_20260831_210643_418917.json,results/alice_realchannel_run_seed42_20260831_210643_419183.json,unknown,2026-08-31T21:06:47.351972,toeplitz,0.01,3,0.0026178010471204,False,False
0.01,0.0,0.0,0.0,43,results/bob_realchannel_run_tp0.01_fk0.0_rp0.0_vd0.0_seed43_20260831_210648_361336.json,382,36,3251,34,34,True,0,False,,4.118880748748779,{},asymptotic,True,,1,results/bob_realchannel_run_tp0.01_fk0.0_rp0.0_vd0.0_seed43_20260831_210648_361336.json,results/alice_realchannel_run_seed43_20260831_210648_378784.json,unknown,2026-08-31T21:06:52.910068,toeplitz,0.01,3,0.0026178010471204,False,False
0.01,0.0,0.0,0.0,44,results/bob_realchannel_run_tp0.01_fk0.0_rp0.0_vd0.0_seed44_20260831_210653_904454.json,382,36,3251,34,34,True,0,False,,3.22031831741333,{},asymptotic,True,,2,results/bob_realchannel_run_tp0.01_fk0.0_rp0.0_vd0.0_seed44_20260831_210653_904454.json,results/alice_realchannel_run_seed44_20260831_210653_906389.json,unknown,2026-08-31T21:06:57.536440,toeplitz,0.01,3,0.0026178010471204,False,False
0.01,0.0,0.0,0.0,45,results/bob_realchannel_run_tp0.01_fk0.0_rp0.0_vd0.0_seed45_20260831_210658_584035.json,382,36,3251,34,34,True,0,False,,5.396260976791382,{},asymptotic,True,,3,results/bob_realchannel_run_tp0.01_fk0.0_rp0.0_vd0.0_seed45_20260831_210658_584035.json,results/alice_realchannel_run_seed45_20260831_210658_532728.json,unknown,2026-08-31T21:07:04.455737,toeplitz,0.01,3,0.0026178010471204,False,False
0.01,0.0,0.0,0.0,46,results/bob_realchannel_run_tp0.01_fk0.0_rp0.0_vd0.0_seed46_20260831_210705_468397.json,382,36,3251,34,34,True,0,False,,4.031717538833618,{},asymptotic,True,,4,results/bob_realchannel_run_tp0.01_fk0.0_rp0.0_vd0.0_seed46_20260831_210705_468397.json,results/alice_realchannel_run_seed46_20260831_210705_451083.json,unknown,2026-08-31T21:07:09.889949,toeplitz,0.01,3,0.0026178010471204,False,False
0.01,0.0,0.0,0.0,47,results/bob_realchannel_run_tp0.01_fk0.0_rp0.0_vd0.0_seed47_20260831_210710_895233.json,382,36,3251,34,34,True,0,False,,4.756713390350342,{},asymptotic,True,,5,results/bob_realchannel_run_tp0.01_fk0.0_rp0.0_vd0.0_seed47_20260831_210710_895233.json,results/alice_realchannel_run_seed47_20260831_210710_874293.json,unknown,2026-08-31T21:07:16.045704,toeplitz,0.01,3,0.0026178010471204,False,False
0.01,0.0,0.0,0.0,48,results/bob_realchannel_run_tp0.01_fk0.0_rp0.0_vd0.0_seed48_20260831_210717_049974.json,382,36,3251,34,34,True,0,False,,3.938171148300171,{},asymptotic,True,,6,results/bob_realchannel_run_tp0.01_fk0.0_rp0.0_vd0.0_seed48_20260831_210717_049974.json,results/alice_realchannel_run_seed48_20260831_210717_055907.json,unknown,2026-08-31T21:07:21.406329,toeplitz,0.01,3,0.0026178010471204,False,False
0.01,0.0,0.0,0.0,49,results/bob_realchannel_run_tp0.01_fk0.0_rp0.0_vd0.0_seed49_20260831_210722_551392.json,382,36,3251,34,34,True,0,False,,5.336511850357056,{},asymptotic,True,,7,results/bob_realchannel_run_tp0.01_fk0.0_rp0.0_vd0.0_seed49_20260831_210722_551392.json,results/alice_realchannel_run_seed49_20260831_210722_393277.json,unknown,2026-08-31T21:07:28.337730,toeplitz,0.01,3,0.0026178010471204,False,False
0.01,0.0,0.0,0.0,50,results/bob_realchannel_run_tp0.01_fk0.0_rp0.0_vd0.0_seed50_20260831_210729_376195.json,382,36,3251,34,34,True,0,False,,5.539892673492432,{},asymptotic,True,,8,results/bob_realchannel_run_tp0.01_fk0.0_rp0.0_vd0.0_seed50_20260831_210729_376195.json,results/alice_realchannel_run_seed50_20260831_210729_333322.json,unknown,2026-08-31T21:07:35.344888,toeplitz,0.01,3,0.0026178010471204,False,False
0.01,0.0,0.0,0.0,51,results/bob_realchannel_run_tp0.01_fk0.0_rp0.0_vd0.0_seed51_20260831_210736_374238.json,382,36,3251,34,34,True,0,False,,5.257799386978149,{},asymptotic,True,,9,results/bob_realchannel_run_tp0.01_fk0.0_rp0.0_vd0.0_seed51_20260831_210736_374238.json,results/alice_realchannel_run_seed51_20260831_210736_330060.json,unknown,2026-08-31T21:07:42.017292,toeplitz,0.01,3,0.0026178010471204,False,False
0.003,0.0,0.0,0.0,42,results/bob_realchannel_run_tp0.003_fk0.0_rp0.0_vd0.0_seed42_20260831_210743_022810.json,382,36,3251,34,34,True,0,False,,2.7851953506469727,{},asymptotic,True,,0,results/bob_realchannel_run_tp0.003_fk0.0_rp0.0_vd0.0_seed42_20260831_210743_022810.json,results/alice_realchannel_run_seed42_20260831_210743_020896.json,unknown,2026-08-31T21:07:46.255704,toeplitz,0.003,3,0.0026178010471204,False,False
0.003,0.0,0.0,0.0,43,results/bob_realchannel_run_tp0.003_fk0.0_rp0.0_vd0.0_seed43_20260831_210747_369832.json,382,36,3251,34,34,True,0,False,,5.994133472442627,{},asymptotic,True,,1,results/bob_realchannel_run_tp0.003_fk0.0_rp0.0_vd0.0_seed43_20260831_210747_369832.json,results/alice_realchannel_run_seed43_20260831_210747_256897.json,unknown,2026-08-31T21:07:53.792340,toeplitz,0.003,3,0.0026178010471204,False,False
0.003,0.0,0.0,0.0,44,results/bob_realchannel_run_tp0.003_fk0.0_rp0.0_vd0.0_seed44_20260831_210754_822648.json,382,36,3251,34,34,True,0,False,,3.661687612533569,{},asymptotic,True,,2,results/bob_realchannel_run_tp0.003_fk0.0_rp0.0_vd0.0_seed44_20260831_210754_822648.json,results/alice_realchannel_run_seed44_20260831_210754_848372.json,unknown,2026-08-31T21:07:58.928193,toeplitz,0.003,3,0.0026178010471204,False,False
0.003,0.0,0.0,0.0,45,results/bob_realchannel_run_tp0.003_fk0.0_rp0.0_vd0.0_seed45_20260831_210759_967800.json,382,36,3251,34,34,True,0,False,,5.424487352371216,{},asymptotic,True,,3,results/bob_realchannel_run_tp0.003_fk0.0_rp0.0_vd0.0_seed45_20260831_210759_967800.json,results/alice_realchannel_run_seed45_20260831_210759_957220.json,unknown,2026-08-31T21:08:05.863762,toeplitz,0.003,3,0.0026178010471204,False,False
0.003,0.0,0.0,0.0,46,results/bob_realchannel_run_tp0.003_fk0.0_rp0.0_vd0.0_seed46_20260831_210806_880418.json,382,36,3251,34,34,True,0,False,,3.4238734245300293,{},asymptotic,True,,4,results/bob_realchannel_run_tp0.003_fk0.0_rp0.0_vd0.0_seed46_20260831_210806_880418.json,results/alice_realchannel_run_seed46_20260831_210806_908252.json,unknown,2026-08-31T21:08:10.840096,toeplitz,0.003,3,0.0026178010471204,False,False
0.003,0.0,0.0,0.0,47,results/bob_realchannel_run_tp0.003_fk0.0_rp0.0_vd0.0_seed47_20260831_210811_894949.json,382,36,3251,34,34,True,0,False,,3.333097219467163,{},asymptotic,True,,5,results/bob_realchannel_run_tp0.003_fk0.0_rp0.0_vd0.0_seed47_20260831_210811_894949.json,results/alice_realchannel_run_seed47_20260831_210812_018171.json,unknown,2026-08-31T21:08:15.673173,toeplitz,0.003,3,0.0026178010471204,False,False
0.003,0.0,0.0,0.0,48,results/bob_realchannel_run_tp0.003_fk0.0_rp0.0_vd0.0_seed48_20260831_210816_689390.json,382,36,3251,34,34,True,0,False,,5.931024551391602,{},asymptotic,True,,6,results/bob_realchannel_run_tp0.003_fk0.0_rp0.0_vd0.0_seed48_20260831_210816_689390.json,results/alice_realchannel_run_seed48_20260831_210816_675398.json,unknown,2026-08-31T21:08:23.051857,toeplitz,0.003,3,0.0026178010471204,False,False
0.003,0.0,0.0,0.0,49,results/bob_realchannel_run_tp0.003_fk0.0_rp0.0_vd0.0_seed49_20260831_210824_108249.json,382,36,3251,34,34,True,0,False,,5.45576286315918,{},asymptotic,True,,7,results/bob_realchannel_run_tp0.003_fk0.0_rp0.0_vd0.0_seed49_20260831_210824_108249.json,results/alice_realchannel_run_seed49_20260831_210824_055768.json,unknown,2026-08-31T21:08:29.995360,toeplitz,0.003,3,0.0026178010471204,False,False
0.003,0.0,0.0,0.0,50,results/bob_realchannel_run_tp0.003_fk0.0_rp0.0_vd0.0_seed50_20260831_210831_010865.json,382,36,3251,34,34,True,0,False,,3.5774965286254883,{},asymptotic,True,,8,results/bob_realchannel_run_tp0.003_fk0.0_rp0.0_vd0.0_seed50_20260831_210831_010865.json,results/alice_realchannel_run_seed50_20260831_210831_008943.json,unknown,2026-08-31T21:08:35.018290,toeplitz,0.003,3,0.0026178010471204,False,False
0.003,0.0,0.0,0.0,51,results/bob_realchannel_run_tp0.003_fk0.0_rp0.0_vd0.0_seed51_20260831_210836_061332.json,382,36,3251,34,34,True,0,False,,4.558717727661133,{},asymptotic,True,,9,results/bob_realchannel_run_tp0.003_fk0.0_rp0.0_vd0.0_seed51_20260831_210836_061332.json,results/alice_realchannel_run_seed51_20260831_210836_034706.json,unknown,2026-08-31T21:08:41.052519,toeplitz,0.003,3,0.0026178010471204,False,False
0.001,0.0,0.0,0.0,42,results/bob_realchannel_run_tp0.001_fk0.0_rp0.0_vd0.0_seed42_20260831_210842_088641.json,382,36,3251,34,34,True,0,False,,2.311719417572021,{},asymptotic,True,,0,results/bob_realchannel_run_tp0.001_fk0.0_rp0.0_vd0.0_seed42_20260831_210842_088641.json,results/alice_realchannel_run_seed42_20260831_210842_087854.json,unknown,2026-08-31T21:08:44.914860,toeplitz,0.001,3,0.0026178010471204,False,False
0.001,0.0,0.0,0.0,43,results/bob_realchannel_run_tp0.001_fk0.0_rp0.0_vd0.0_seed43_20260831_210845_926050.json,382,36,3251,34,34,True,0,False,,3.638167381286621,{},asymptotic,True,,1,results/bob_realchannel_run_tp0.001_fk0.0_rp0.0_vd0.0_seed43_20260831_210845_926050.json,results/alice_realchannel_run_seed43_20260831_210845_923427.json,unknown,2026-08-31T21:08:50.007278,toeplitz,0.001,3,0.0026178010471204,False,False
0.001,0.0,0.0,0.0,44,results/bob_realchannel_run_tp0.001_fk0.0_rp0.0_vd0.0_seed44_20260831_210851_029825.json,382,36,3251,34,34,True,0,False,,3.45415997505188,{},asymptotic,True,,2,results/bob_realchannel_run_tp0.001_fk0.0_rp0.0_vd0.0_seed44_20260831_210851_029825.json,results/alice_realchannel_run_seed44_20260831_210851_027387.json,unknown,2026-08-31T21:08:54.955876,toeplitz,0.001,3,0.0026178010471204,False,False
0.001,0.0,0.0,0.0,45,results/bob_realchannel_run_tp0.001_fk0.0_rp0.0_vd0.0_seed45_20260831_210856_092563.json,382,36,3251,34,34,True,0,False,,4.899484634399414,{},asymptotic,True,,3,results/bob_realchannel_run_tp0.001_fk0.0_rp0.0_vd0.0_seed45_20260831_210856_092563.json,results/alice_realchannel_run_seed45_20260831_210855_987725.json,unknown,2026-08-31T21:09:01.400709,toeplitz,0.001,3,0.0026178010471204,False,False
0.001,0.0,0.0,0.0,46,results/bob_realchannel_run_tp0.001_fk0.0_rp0.0_vd0.0_seed46_20260831_210902_425194.json,382,36,3251,34,34,True,0,False,,5.398796319961548,{},asymptotic,True,,4,results/bob_realchannel_run_tp0.001_fk0.0_rp0.0_vd0.0_seed46_20260831_210902_425194.json,results/alice_realchannel_run_seed46_20260831_210902_411915.json,unknown,2026-08-31T21:09:08.231708,toeplitz,0.001,3,0.0026178010471204,False,False
0.001,0.0,0.0,0.0,47,results/bob_realchannel_run_tp0.001_fk0.0_rp0.0_vd0.0_seed47_20260831_210909_262106.json,382,36,3251,34,34,True,0,False,,3.790494441986084,{},asymptotic,True,,5,results/bob_realchannel_run_tp0.001_fk0.0_rp0.0_vd0.0_seed47_20260831_210909_262106.json,results/alice_realchannel_run_seed47_20260831_210909_229286.json,unknown,2026-08-31T21:09:13.484891,toeplitz,0.001,3,0.0026178010471204,False,False
0.001,0.0,0.0,0.0,48,results/bob_realchannel_run_tp0.001_fk0.0_rp0.0_vd0.0_seed48_20260831_210914_500023.json,382,36,3251,34,34,True,0,False,,2.5087602138519287,{},asymptotic,True,,6,results/bob_realchannel_run_tp0.001_fk0.0_rp0.0_vd0.0_seed48_20260831_210914_500023.json,results/alice_realchannel_run_seed48_20260831_210914_504791.json,unknown,2026-08-31T21:09:17.420694,toeplitz,0.001,3,0.0026178010471204,False,False
0.001,0.0,0.0,0.0,49,results/bob_realchannel_run_tp0.001_fk0.0_rp0.0_vd0.0_seed49_20260831_210918_465452.json,382,36,3251,34,34,True,0,False,,4.746367931365967,{},asymptotic,True,,7,results/bob_realchannel_run_tp0.001_fk0.0_rp0.0_vd0.0_seed49_20260831_210918_465452.json,results/alice_realchannel_run_seed49_20260831_210918_429666.json,unknown,2026-08-31T21:09:23.618452,toeplitz,0.001,3,0.0026178010471204,False,False
0.001,0.0,0.0,0.0,50,results/bob_realchannel_run_tp0.001_fk0.0_rp0.0_vd0.0_seed50_20260831_210924_649289.json,382,36,3251,34,34,True,0,False,,4.662907600402832,{},asymptotic,True,,8,results/bob_realchannel_run_tp0.001_fk0.0_rp0.0_vd0.0_seed50_20260831_210924_649289.json,results/alice_realchannel_run_seed50_20260831_210924_629317.json,unknown,2026-08-31T21:09:29.718176,toeplitz,0.001,3,0.0026178010471204,False,False
0.001,0.0,0.0,0.0,51,results/bob_realchannel_run_tp0.001_fk0.0_rp0.0_vd0.0_seed51_20260831_210930_760281.json,382,36,3251,34,34,True,0,False,,5.260066509246826,{},asymptotic,True,,9,results/bob_realchannel_run_tp0.001_fk0.0_rp0.0_vd0.0_seed51_20260831_210930_760281.json,results/alice_realchannel_run_seed51_20260831_210930_721007.json,unknown,2026-08-31T21:09:36.452811,toeplitz,0.001,3,0.0026178010471204,False,False
0.5,0.0,0.0,0.0,42,results/bob_realchannel_run_tp0.5_fk0.0_rp0.0_vd0.0_seed42_20260831_213355_948394.json,385,35,3131,34,34,True,0,False,,3.704542398452759,{'toeplitz_matrix': 1},asymptotic,False,,0,results/bob_realchannel_run_tp0.5_fk0.0_rp0.0_vd0.0_seed42_20260831_213355_948394.json,results/alice_realchannel_run_seed42_20260831_213355_822917.json,unknown,2026-08-31T21:33:59.997501,toeplitz,0.5,4,0.0051948051948051,True,False
0.5,0.0,0.0,0.0,43,results/bob_realchannel_run_tp0.5_fk0.0_rp0.0_vd0.0_seed43_20260831_213401_006735.json,385,35,3131,34,34,True,0,False,,4.602194786071777,{},asymptotic,True,,1,results/bob_realchannel_run_tp0.5_fk0.0_rp0.0_vd0.0_seed43_20260831_213401_006735.json,results/alice_realchannel_run_seed43_20260831_213400_967106.json,unknown,2026-08-31T21:34:05.964638,toeplitz,0.5,4,0.0051948051948051,False,False
0.5,0.0,0.0,0.0,44,results/bob_realchannel_run_tp0.5_fk0.0_rp0.0_vd0.0_seed44_20260831_213406_964134.json,385,35,3131,34,34,True,0,False,,4.724539756774902,{},asymptotic,True,,2,results/bob_realchannel_run_tp0.5_fk0.0_rp0.0_vd0.0_seed44_20260831_213406_964134.json,results/alice_realchannel_run_seed44_20260831_213406_939991.json,unknown,2026-08-31T21:34:12.047182,toeplitz,0.5,4,0.0051948051948051,False,False
0.5,0.0,0.0,0.0,45,results/bob_realchannel_run_tp0.5_fk0.0_rp0.0_vd0.0_seed45_20260831_213413_056165.json,385,35,3131,34,34,True,0,False,,4.096232891082764,{},asymptotic,True,,3,results/bob_realchannel_run_tp0.5_fk0.0_rp0.0_vd0.0_seed45_20260831_213413_056165.json,results/alice_realchannel_run_seed45_20260831_213413_018840.json,unknown,2026-08-31T21:34:17.516641,toeplitz,0.5,4,0.0051948051948051,False,False
0.5,0.0,0.0,0.0,46,results/bob_realchannel_run_tp0.5_fk0.0_rp0.0_vd0.0_seed46_20260831_213418_529432.json,385,35,3131,34,34,True,0,False,,4.619493246078491,{},asymptotic,True,,4,results/bob_realchannel_run_tp0.5_fk0.0_rp0.0_vd0.0_seed46_20260831_213418_529432.json,results/alice_realchannel_run_seed46_20260831_213418_491737.json,unknown,2026-08-31T21:34:23.520915,toeplitz,0.5,4,0.0051948051948051,False,False
0.5,0.0,0.0,0.0,47,results/bob_realchannel_run_tp0.5_fk0.0_rp0.0_vd0.0_seed47_20260831_213424_677384.json,385,35,3131,34,34,True,0,False,,4.319837808609009,{},asymptotic,True,,5,results/bob_realchannel_run_tp0.5_fk0.0_rp0.0_vd0.0_seed47_20260831_213424_677384.json,results/alice_realchannel_run_seed47_20260831_213424_521499.json,unknown,2026-08-31T21:34:29.359740,toeplitz,0.5,4,0.0051948051948051,False,False
0.5,0.0,0.0,0.0,48,results/bob_realchannel_run_tp0.5_fk0.0_rp0.0_vd0.0_seed48_20260831_213430_360573.json,385,35,3131,34,34,True,0,False,,5.112716197967529,{'toeplitz_matrix': 1},asymptotic,True,,6,results/bob_realchannel_run_tp0.5_fk0.0_rp0.0_vd0.0_seed48_20260831_213430_360573.json,results/alice_realchannel_run_seed48_20260831_213430_347019.json,unknown,2026-08-31T21:34:35.916468,toeplitz,0.5,4,0.0051948051948051,False,False
0.5,0.0,0.0,0.0,50,results/bob_realchannel_run_tp0.5_fk0.0_rp0.0_vd0.0_seed50_20260831_213442_773825.json,385,35,3131,34,34,True,0,False,,5.011096239089966,{},asymptotic,True,,8,results/bob_realchannel_run_tp0.5_fk0.0_rp0.0_vd0.0_seed50_20260831_213442_773825.json,results/alice_realchannel_run_seed50_20260831_213442_761647.json,unknown,2026-08-31T21:34:48.185588,toeplitz,0.5,4,0.0051948051948051,False,False
0.5,0.0,0.0,0.0,51,results/bob_realchannel_run_tp0.5_fk0.0_rp0.0_vd0.0_seed51_20260831_213449_189294.json,385,35,3131,34,34,True,0,False,,4.7679970264434814,{'toeplitz_matrix': 1},asymptotic,False,,9,results/bob_realchannel_run_tp0.5_fk0.0_rp0.0_vd0.0_seed51_20260831_213449_189294.json,results/alice_realchannel_run_seed51_20260831_213449_163064.json,unknown,2026-08-31T21:34:54.315060,toeplitz,0.5,4,0.0051948051948051,True,False
0.3,0.0,0.0,0.0,42,results/bob_realchannel_run_tp0.3_fk0.0_rp0.0_vd0.0_seed42_20260831_213455_304289.json,385,35,3131,34,34,True,0,False,,1.8208158016204836,{'toeplitz_matrix': 1},asymptotic,False,,0,results/bob_realchannel_run_tp0.3_fk0.0_rp0.0_vd0.0_seed42_20260831_213455_304289.json,results/alice_realchannel_run_seed42_20260831_213455_308512.json,unknown,2026-08-31T21:34:57.520034,toeplitz,0.3,4,0.0051948051948051,True,False
0.3,0.0,0.0,0.0,43,results/bob_realchannel_run_tp0.3_fk0.0_rp0.0_vd0.0_seed43_20260831_213458_524655.json,385,35,3131,34,34,True,0,False,,2.624638557434082,{},asymptotic,True,,1,results/bob_realchannel_run_tp0.3_fk0.0_rp0.0_vd0.0_seed43_20260831_213458_524655.json,results/alice_realchannel_run_seed43_20260831_213458_521260.json,unknown,2026-08-31T21:35:01.531888,toeplitz,0.3,4,0.0051948051948051,False,False
0.3,0.0,0.0,0.0,44,results/bob_realchannel_run_tp0.3_fk0.0_rp0.0_vd0.0_seed44_20260831_213502_517229.json,385,35,3131,34,34,True,0,False,,4.759933233261108,{},asymptotic,True,,2,results/bob_realchannel_run_tp0.3_fk0.0_rp0.0_vd0.0_seed44_20260831_213502_517229.json,results/alice_realchannel_run_seed44_20260831_213502_509655.json,unknown,2026-08-31T21:35:07.634316,toeplitz,0.3,4,0.0051948051948051,False,False
0.3,0.0,0.0,0.0,45,results/bob_realchannel_run_tp0.3_fk0.0_rp0.0_vd0.0_seed45_20260831_213508_631890.json,385,35,3131,34,34,True,0,False,,2.581237554550171,{},asymptotic,True,,3,results/bob_realchannel_run_tp0.3_fk0.0_rp0.0_vd0.0_seed45_20260831_213508_631890.json,results/alice_realchannel_run_seed45_20260831_213508_629615.json,unknown,2026-08-31T21:35:11.608834,toeplitz,0.3,4,0.0051948051948051,False,False
0.3,0.0,0.0,0.0,46,results/bob_realchannel_run_tp0.3_fk0.0_rp0.0_vd0.0_seed46_20260831_213512_603294.json,385,35,3131,34,34,True,0,False,,2.253615617752075,{},asymptotic,True,,4,results/bob_realchannel_run_tp0.3_fk0.0_rp0.0_vd0.0_seed46_20260831_213512_603294.json,results/alice_realchannel_run_seed46_20260831_213512_660849.json,unknown,2026-08-31T21:35:15.262148,toeplitz,0.3,4,0.0051948051948051,False,False
0.3,0.0,0.0,0.0,47,results/bob_realchannel_run_tp0.3_fk0.0_rp0.0_vd0.0_seed47_20260831_213516_263375.json,385,35,3131,34,34,True,0,False,,4.44588041305542,{},asymptotic,True,,5,results/bob_realchannel_run_tp0.3_fk0.0_rp0.0_vd0.0_seed47_20260831_213516_263375.json,results/alice_realchannel_run_seed47_20260831_213516_253965.json,unknown,2026-08-31T21:35:21.109376,toeplitz,0.3,4,0.0051948051948051,False,False
0.3,0.0,0.0,0.0,48,results/bob_realchannel_run_tp0.3_fk0.0_rp0.0_vd0.0_seed48_20260831_213522_112642.json,385,35,3131,34,34,True,0,False,,5.1129539012908936,{'toeplitz_matrix': 1},asymptotic,True,,6,results/bob_realchannel_run_tp0.3_fk0.0_rp0.0_vd0.0_seed48_20260831_213522_112642.json,results/alice_realchannel_run_seed48_20260831_213522_097386.json,unknown,2026-08-31T21:35:27.664201,toeplitz,0.3,4,0.0051948051948051,False,False
0.3,0.0,0.0,0.0,50,results/bob_realchannel_run_tp0.3_fk0.0_rp0.0_vd0.0_seed50_20260831_213533_876709.json,385,35,3131,34,34,True,0,False,,5.016574144363403,{},asymptotic,True,,8,results/bob_realchannel_run_tp0.3_fk0.0_rp0.0_vd0.0_seed50_20260831_213533_876709.json,results/alice_realchannel_run_seed50_20260831_213533_869862.json,unknown,2026-08-31T21:35:39.345914,toeplitz,0.3,4,0.0051948051948051,False,False
0.3,0.0,0.0,0.0,51,results/bob_realchannel_run_tp0.3_fk0.0_rp0.0_vd0.0_seed51_20260831_213540_355736.json,385,35,3131,34,34,True,0,False,,4.745581865310669,{'toeplitz_matrix': 1},asymptotic,False,,9,results/bob_realchannel_run_tp0.3_fk0.0_rp0.0_vd0.0_seed51_20260831_213540_355736.json,results/alice_realchannel_run_seed51_20260831_213540_321020.json,unknown,2026-08-31T21:35:45.448330,toeplitz,0.3,4,0.0051948051948051,True,False
0.1,0.0,0.0,0.0,42,results/bob_realchannel_run_tp0.1_fk0.0_rp0.0_vd0.0_seed42_20260831_213546_484304.json,385,35,3131,34,34,True,0,False,,4.681647777557373,{},asymptotic,True,,0,results/bob_realchannel_run_tp0.1_fk0.0_rp0.0_vd0.0_seed42_20260831_213546_484304.json,results/alice_realchannel_run_seed42_20260831_213546_427266.json,unknown,2026-08-31T21:35:51.561369,toeplitz,0.1,4,0.0051948051948051,False,False
0.1,0.0,0.0,0.0,43,results/bob_realchannel_run_tp0.1_fk0.0_rp0.0_vd0.0_seed43_20260831_213552_567924.json,385,35,3131,34,34,True,0,False,,4.629681348800659,{},asymptotic,True,,1,results/bob_realchannel_run_tp0.1_fk0.0_rp0.0_vd0.0_seed43_20260831_213552_567924.json,results/alice_realchannel_run_seed43_20260831_213552_550953.json,unknown,2026-08-31T21:35:57.563254,toeplitz,0.1,4,0.0051948051948051,False,False
0.1,0.0,0.0,0.0,44,results/bob_realchannel_run_tp0.1_fk0.0_rp0.0_vd0.0_seed44_20260831_213558_583243.json,385,35,3131,34,34,True,0,False,,4.749837398529053,{},asymptotic,True,,2,results/bob_realchannel_run_tp0.1_fk0.0_rp0.0_vd0.0_seed44_20260831_213558_583243.json,results/alice_realchannel_run_seed44_20260831_213558_574743.json,unknown,2026-08-31T21:36:03.758778,toeplitz,0.1,4,0.0051948051948051,False,False
0.1,0.0,0.0,0.0,45,results/bob_realchannel_run_tp0.1_fk0.0_rp0.0_vd0.0_seed45_20260831_213604_766679.json,385,35,3131,34,34,True,0,False,,4.1142213344573975,{},asymptotic,True,,3,results/bob_realchannel_run_tp0.1_fk0.0_rp0.0_vd0.0_seed45_20260831_213604_766679.json,results/alice_realchannel_run_seed45_20260831_213604_730843.json,unknown,2026-08-31T21:36:09.239206,toeplitz,0.1,4,0.0051948051948051,False,False
0.1,0.0,0.0,0.0,46,results/bob_realchannel_run_tp0.1_fk0.0_rp0.0_vd0.0_seed46_20260831_213610_251212.json,385,35,3131,34,34,True,0,False,,2.4655840396881104,{},asymptotic,True,,4,results/bob_realchannel_run_tp0.1_fk0.0_rp0.0_vd0.0_seed46_20260831_213610_251212.json,results/alice_realchannel_run_seed46_20260831_213610_248765.json,unknown,2026-08-31T21:36:13.188337,toeplitz,0.1,4,0.0051948051948051,False,False
0.1,0.0,0.0,0.0,47,results/bob_realchannel_run_tp0.1_fk0.0_rp0.0_vd0.0_seed47_20260831_213614_185777.json,385,35,3131,34,34,True,0,False,,2.451367139816284,{},asymptotic,True,,5,results/bob_realchannel_run_tp0.1_fk0.0_rp0.0_vd0.0_seed47_20260831_213614_185777.json,results/alice_realchannel_run_seed47_20260831_213614_196106.json,unknown,2026-08-31T21:36:17.102263,toeplitz,0.1,4,0.0051948051948051,False,False
0.1,0.0,0.0,0.0,48,results/bob_realchannel_run_tp0.1_fk0.0_rp0.0_vd0.0_seed48_20260831_213618_102110.json,385,35,3131,34,34,True,0,False,,4.895366907119751,{'toeplitz_matrix': 1},asymptotic,True,,6,results/bob_realchannel_run_tp0.1_fk0.0_rp0.0_vd0.0_seed48_20260831_213618_102110.json,results/alice_realchannel_run_seed48_20260831_213618_079067.json,unknown,2026-08-31T21:36:23.403464,toeplitz,0.1,4,0.0051948051948051,False,False
0.1,0.0,0.0,0.0,50,results/bob_realchannel_run_tp0.1_fk0.0_rp0.0_vd0.0_seed50_20260831_213630_317956.json,385,35,3131,34,34,True,0,False,,4.978959083557129,{},asymptotic,True,,8,results/bob_realchannel_run_tp0.1_fk0.0_rp0.0_vd0.0_seed50_20260831_213630_317956.json,results/alice_realchannel_run_seed50_20260831_213630_277491.json,unknown,2026-08-31T21:36:35.656886,toeplitz,0.1,4,0.0051948051948051,False,False
0.1,0.0,0.0,0.0,51,results/bob_realchannel_run_tp0.1_fk0.0_rp0.0_vd0.0_seed51_20260831_213636_656790.json,385,35,3131,34,34,True,0,False,,4.060328006744385,{'toeplitz_matrix': 1},asymptotic,False,,9,results/bob_realchannel_run_tp0.1_fk0.0_rp0.0_vd0.0_seed51_20260831_213636_656790.json,results/alice_realchannel_run_seed51_20260831_213636_638275.json,unknown,2026-08-31T21:36:41.078838,toeplitz,0.1,4,0.0051948051948051,True,False
0.05,0.0,0.0,0.0,42,results/bob_realchannel_run_tp0.05_fk0.0_rp0.0_vd0.0_seed42_20260831_213642_085016.json,385,35,3131,34,34,True,0,False,,4.700015544891357,{},asymptotic,True,,0,results/bob_realchannel_run_tp0.05_fk0.0_rp0.0_vd0.0_seed42_20260831_213642_085016.json,results/alice_realchannel_run_seed42_20260831_213642_051842.json,unknown,2026-08-31T21:36:47.149315,toeplitz,0.05,4,0.0051948051948051,False,False
0.05,0.0,0.0,0.0,43,results/bob_realchannel_run_tp0.05_fk0.0_rp0.0_vd0.0_seed43_20260831_213648_206055.json,385,35,3131,34,34,True,0,False,,2.8104677200317383,{},asymptotic,True,,1,results/bob_realchannel_run_tp0.05_fk0.0_rp0.0_vd0.0_seed43_20260831_213648_206055.json,results/alice_realchannel_run_seed43_20260831_213648_125881.json,unknown,2026-08-31T21:36:51.376826,toeplitz,0.05,4,0.0051948051948051,False,False
0.05,0.0,0.0,0.0,44,results/bob_realchannel_run_tp0.05_fk0.0_rp0.0_vd0.0_seed44_20260831_213652_427444.json,385,35,3131,34,34,True,0,False,,4.733252286911011,{},asymptotic,True,,2,results/bob_realchannel_run_tp0.05_fk0.0_rp0.0_vd0.0_seed44_20260831_213652_427444.json,results/alice_realchannel_run_seed44_20260831_213652_399416.json,unknown,2026-08-31T21:36:57.614006,toeplitz,0.05,4,0.0051948051948051,False,False
0.05,0.0,0.0,0.0,45,results/bob_realchannel_run_tp0.05_fk0.0_rp0.0_vd0.0_seed45_20260831_213658_667515.json,385,35,3131,34,34,True,0,False,,3.3493192195892334,{},asymptotic,True,,3,results/bob_realchannel_run_tp0.05_fk0.0_rp0.0_vd0.0_seed45_20260831_213658_667515.json,results/alice_realchannel_run_seed45_20260831_213658_594132.json,unknown,2026-08-31T21:37:02.386909,toeplitz,0.05,4,0.0051948051948051,False,False
0.05,0.0,0.0,0.0,46,results/bob_realchannel_run_tp0.05_fk0.0_rp0.0_vd0.0_seed46_20260831_213703_386868.json,385,35,3131,34,34,True,0,False,,1.498063564300537,{},asymptotic,True,,4,results/bob_realchannel_run_tp0.05_fk0.0_rp0.0_vd0.0_seed46_20260831_213703_386868.json,results/alice_realchannel_run_seed46_20260831_213703_409871.json,unknown,2026-08-31T21:37:05.354336,toeplitz,0.05,4,0.0051948051948051,False,False
0.05,0.0,0.0,0.0,47,results/bob_realchannel_run_tp0.05_fk0.0_rp0.0_vd0.0_seed47_20260831_213706_359567.json,385,35,3131,34,34,True,0,False,,3.261317014694214,{},asymptotic,True,,5,results/bob_realchannel_run_tp0.05_fk0.0_rp0.0_vd0.0_seed47_20260831_213706_359567.json,results/alice_realchannel_run_seed47_20260831_213706_333299.json,unknown,2026-08-31T21:37:09.982152,toeplitz,0.05,4,0.0051948051948051,False,False
0.05,0.0,0.0,0.0,48,results/bob_realchannel_run_tp0.05_fk0.0_rp0.0_vd0.0_seed48_20260831_213710_986032.json,385,35,3131,34,34,True,0,False,,2.682603359222412,{'toeplitz_matrix': 1},asymptotic,True,,6,results/bob_realchannel_run_tp0.05_fk0.0_rp0.0_vd0.0_seed48_20260831_213710_986032.json,results/alice_realchannel_run_seed48_20260831_213711_018080.json,unknown,2026-08-31T21:37:14.148902,toeplitz,0.05,4,0.0051948051948051,False,False
0.05,0.0,0.0,0.0,50,results/bob_realchannel_run_tp0.05_fk0.0_rp0.0_vd0.0_seed50_20260831_213721_018344.json,385,35,3131,34,34,True,0,False,,4.999311208724976,{},asymptotic,True,,8,results/bob_realchannel_run_tp0.05_fk0.0_rp0.0_vd0.0_seed50_20260831_213721_018344.json,results/alice_realchannel_run_seed50_20260831_213721_002167.json,unknown,2026-08-31T21:37:26.415469,toeplitz,0.05,4,0.0051948051948051,False,False
0.05,0.0,0.0,0.0,51,results/bob_realchannel_run_tp0.05_fk0.0_rp0.0_vd0.0_seed51_20260831_213727_409350.json,385,35,3131,34,34,True,0,False,,1.8554978370666504,{'toeplitz_matrix': 1},asymptotic,False,,9,results/bob_realchannel_run_tp0.05_fk0.0_rp0.0_vd0.0_seed51_20260831_213727_409350.json,results/alice_realchannel_run_seed51_20260831_213727_405578.json,unknown,2026-08-31T21:37:29.630483,toeplitz,0.05,4,0.0051948051948051,True,False
0.03,0.0,0.0,0.0,42,results/bob_realchannel_run_tp0.03_fk0.0_rp0.0_vd0.0_seed42_20260831_213730_644963.json,385,35,3131,34,34,True,0,False,,3.1522014141082764,{},asymptotic,True,,0,results/bob_realchannel_run_tp0.03_fk0.0_rp0.0_vd0.0_seed42_20260831_213730_644963.json,results/alice_realchannel_run_seed42_20260831_213730_623462.json,unknown,2026-08-31T21:37:34.158779,toeplitz,0.03,4,0.0051948051948051,False,False
0.03,0.0,0.0,0.0,43,results/bob_realchannel_run_tp0.03_fk0.0_rp0.0_vd0.0_seed43_20260831_213735_160942.json,385,35,3131,34,34,True,0,False,,4.6324217319488525,{},asymptotic,True,,1,results/bob_realchannel_run_tp0.03_fk0.0_rp0.0_vd0.0_seed43_20260831_213735_160942.json,results/alice_realchannel_run_seed43_20260831_213735_142164.json,unknown,2026-08-31T21:37:40.172525,toeplitz,0.03,4,0.0051948051948051,False,False
0.03,0.0,0.0,0.0,44,results/bob_realchannel_run_tp0.03_fk0.0_rp0.0_vd0.0_seed44_20260831_213741_227032.json,385,35,3131,34,34,True,0,False,,5.125741243362427,{},asymptotic,True,,2,results/bob_realchannel_run_tp0.03_fk0.0_rp0.0_vd0.0_seed44_20260831_213741_227032.json,results/alice_realchannel_run_seed44_20260831_213741_146701.json,unknown,2026-08-31T21:37:46.709876,toeplitz,0.03,4,0.0051948051948051,False,False
0.03,0.0,0.0,0.0,45,results/bob_realchannel_run_tp0.03_fk0.0_rp0.0_vd0.0_seed45_20260831_213747_705500.json,385,35,3131,34,34,True,0,False,,4.575413942337036,{},asymptotic,True,,3,results/bob_realchannel_run_tp0.03_fk0.0_rp0.0_vd0.0_seed45_20260831_213747_705500.json,results/alice_realchannel_run_seed45_20260831_213747_685963.json,unknown,2026-08-31T21:37:52.650746,toeplitz,0.03,4,0.0051948051948051,False,False
0.03,0.0,0.0,0.0,46,results/bob_realchannel_run_tp0.03_fk0.0_rp0.0_vd0.0_seed46_20260831_213753_655883.json,385,35,3131,34,34,True,0,False,,3.022546529769897,{},asymptotic,True,,4,results/bob_realchannel_run_tp0.03_fk0.0_rp0.0_vd0.0_seed46_20260831_213753_655883.json,results/alice_realchannel_run_seed46_20260831_213753_628059.json,unknown,2026-08-31T21:37:57.044538,toeplitz,0.03,4,0.0051948051948051,False,False
0.03,0.0,0.0,0.0,47,results/bob_realchannel_run_tp0.03_fk0.0_rp0.0_vd0.0_seed47_20260831_213758_186700.json,385,35,3131,34,34,True,0,False,,3.11795711517334,{},asymptotic,True,,5,results/bob_realchannel_run_tp0.03_fk0.0_rp0.0_vd0.0_seed47_20260831_213758_186700.json,results/alice_realchannel_run_seed47_20260831_213758_020456.json,unknown,2026-08-31T21:38:01.676411,toeplitz,0.03,4,0.0051948051948051,False,False
0.03,0.0,0.0,0.0,48,results/bob_realchannel_run_tp0.03_fk0.0_rp0.0_vd0.0_seed48_20260831_213802_688331.json,385,35,3131,34,34,True,0,False,,5.084702730178833,{},asymptotic,True,,6,results/bob_realchannel_run_tp0.03_fk0.0_rp0.0_vd0.0_seed48_20260831_213802_688331.json,results/alice_realchannel_run_seed48_20260831_213802_656699.json,unknown,2026-08-31T21:38:08.130792,toeplitz,0.03,4,0.0051948051948051,False,False
0.03,0.0,0.0,0.0,50,results/bob_realchannel_run_tp0.03_fk0.0_rp0.0_vd0.0_seed50_20260831_213814_334898.json,385,35,3131,34,34,True,0,False,,4.09058690071106,{},asymptotic,True,,8,results/bob_realchannel_run_tp0.03_fk0.0_rp0.0_vd0.0_seed50_20260831_213814_334898.json,results/alice_realchannel_run_seed50_20260831_213814_305356.json,unknown,2026-08-31T21:38:18.785851,toeplitz,0.03,4,0.0051948051948051,False,False
0.03,0.0,0.0,0.0,51,results/bob_realchannel_run_tp0.03_fk0.0_rp0.0_vd0.0_seed51_20260831_213819_785649.json,385,35,3131,34,34,True,0,False,,4.763355493545532,{},asymptotic,True,,9,results/bob_realchannel_run_tp0.03_fk0.0_rp0.0_vd0.0_seed51_20260831_213819_785649.json,results/alice_realchannel_run_seed51_20260831_213819_763258.json,unknown,2026-08-31T21:38:24.916307,toeplitz,0.03,4,0.0051948051948051,False,False
0.01,0.0,0.0,0.0,42,results/bob_realchannel_run_tp0.01_fk0.0_rp0.0_vd0.0_seed42_20260831_213825_925227.json,385,35,3131,34,34,True,0,False,,2.715535879135132,{},asymptotic,True,,0,results/bob_realchannel_run_tp0.01_fk0.0_rp0.0_vd0.0_seed42_20260831_213825_925227.json,results/alice_realchannel_run_seed42_20260831_213825_921931.json,unknown,2026-08-31T21:38:29.053201,toeplitz,0.01,4,0.0051948051948051,False,False
0.01,0.0,0.0,0.0,43,results/bob_realchannel_run_tp0.01_fk0.0_rp0.0_vd0.0_seed43_20260831_213830_065041.json,385,35,3131,34,34,True,0,False,,4.6002516746521,{},asymptotic,True,,1,results/bob_realchannel_run_tp0.01_fk0.0_rp0.0_vd0.0_seed43_20260831_213830_065041.json,results/alice_realchannel_run_seed43_20260831_213830_018820.json,unknown,2026-08-31T21:38:35.029054,toeplitz,0.01,4,0.0051948051948051,False,False
0.01,0.0,0.0,0.0,44,results/bob_realchannel_run_tp0.01_fk0.0_rp0.0_vd0.0_seed44_20260831_213836_031663.json,385,35,3131,34,34,True,0,False,,5.18922758102417,{},asymptotic,True,,2,results/bob_realchannel_run_tp0.01_fk0.0_rp0.0_vd0.0_seed44_20260831_213836_031663.json,results/alice_realchannel_run_seed44_20260831_213836_006892.json,unknown,2026-08-31T21:38:41.582925,toeplitz,0.01,4,0.0051948051948051,False,False
0.01,0.0,0.0,0.0,45,results/bob_realchannel_run_tp0.01_fk0.0_rp0.0_vd0.0_seed45_20260831_213842_590247.json,385,35,3131,34,34,True,0,False,,3.2344486713409424,{},asymptotic,True,,3,results/bob_realchannel_run_tp0.01_fk0.0_rp0.0_vd0.0_seed45_20260831_213842_590247.json,results/alice_realchannel_run_seed45_20260831_213842_558114.json,unknown,2026-08-31T21:38:46.190300,toeplitz,0.01,4,0.0051948051948051,False,False
0.01,0.0,0.0,0.0,46,results/bob_realchannel_run_tp0.01_fk0.0_rp0.0_vd0.0_seed46_20260831_213847_212903.json,385,35,3131,34,34,True,0,False,,4.607976913452148,{},asymptotic,True,,4,results/bob_realchannel_run_tp0.01_fk0.0_rp0.0_vd0.0_seed46_20260831_213847_212903.json,results/alice_realchannel_run_seed46_20260831_213847_166735.json,unknown,2026-08-31T21:38:52.226668,toeplitz,0.01,4,0.0051948051948051,False,False
0.01,0.0,0.0,0.0,47,results/bob_realchannel_run_tp0.01_fk0.0_rp0.0_vd0.0_seed47_20260831_213853_235250.json,385,35,3131,34,34,True,0,False,,2.450042247772217,{},asymptotic,True,,5,results/bob_realchannel_run_tp0.01_fk0.0_rp0.0_vd0.0_seed47_20260831_213853_235250.json,results/alice_realchannel_run_seed47_20260831_213853_246975.json,unknown,2026-08-31T21:38:56.103658,toeplitz,0.01,4,0.0051948051948051,False,False
0.01,0.0,0.0,0.0,48,results/bob_realchannel_run_tp0.01_fk0.0_rp0.0_vd0.0_seed48_20260831_213857_114388.json,385,35,3131,34,34,True,0,False,,3.967158555984497,{},asymptotic,True,,6,results/bob_realchannel_run_tp0.01_fk0.0_rp0.0_vd0.0_seed48_20260831_213857_114388.json,results/alice_realchannel_run_seed48_20260831_213857_095539.json,unknown,2026-08-31T21:39:01.471429,toeplitz,0.01,4,0.0051948051948051,False,False
0.01,0.0,0.0,0.0,50,results/bob_realchannel_run_tp0.01_fk0.0_rp0.0_vd0.0_seed50_20260831_213908_404272.json,385,35,3131,34,34,True,0,False,,5.005108118057251,{},asymptotic,True,,8,results/bob_realchannel_run_tp0.01_fk0.0_rp0.0_vd0.0_seed50_20260831_213908_404272.json,results/alice_realchannel_run_seed50_20260831_213908_393302.json,unknown,2026-08-31T21:39:13.848548,toeplitz,0.01,4,0.0051948051948051,False,False
0.01,0.0,0.0,0.0,51,results/bob_realchannel_run_tp0.01_fk0.0_rp0.0_vd0.0_seed51_20260831_213914_894012.json,385,35,3131,34,34,True,0,False,,3.422368049621582,{},asymptotic,True,,9,results/bob_realchannel_run_tp0.01_fk0.0_rp0.0_vd0.0_seed51_20260831_213914_894012.json,results/alice_realchannel_run_seed51_20260831_213914_869462.json,unknown,2026-08-31T21:39:18.757363,toeplitz,0.01,4,0.0051948051948051,False,False
0.003,0.0,0.0,0.0,42,results/bob_realchannel_run_tp0.003_fk0.0_rp0.0_vd0.0_seed42_20260831_213919_794646.json,385,35,3131,34,34,True,0,False,,4.686050415039063,{},asymptotic,True,,0,results/bob_realchannel_run_tp0.003_fk0.0_rp0.0_vd0.0_seed42_20260831_213919_794646.json,results/alice_realchannel_run_seed42_20260831_213919_753192.json,unknown,2026-08-31T21:39:24.908243,toeplitz,0.003,4,0.0051948051948051,False,False
0.003,0.0,0.0,0.0,43,results/bob_realchannel_run_tp0.003_fk0.0_rp0.0_vd0.0_seed43_20260831_213926_002644.json,385,35,3131,34,34,True,0,False,,4.55000638961792,{},asymptotic,True,,1,results/bob_realchannel_run_tp0.003_fk0.0_rp0.0_vd0.0_seed43_20260831_213926_002644.json,results/alice_realchannel_run_seed43_20260831_213925_910655.json,unknown,2026-08-31T21:39:31.028919,toeplitz,0.003,4,0.0051948051948051,False,False
0.003,0.0,0.0,0.0,44,results/bob_realchannel_run_tp0.003_fk0.0_rp0.0_vd0.0_seed44_20260831_213932_184619.json,385,35,3131,34,34,True,0,False,,5.032254457473755,{},asymptotic,True,,2,results/bob_realchannel_run_tp0.003_fk0.0_rp0.0_vd0.0_seed44_20260831_213932_184619.json,results/alice_realchannel_run_seed44_20260831_213932_017317.json,unknown,2026-08-31T21:39:37.655422,toeplitz,0.003,4,0.0051948051948051,False,False
0.003,0.0,0.0,0.0,45,results/bob_realchannel_run_tp0.003_fk0.0_rp0.0_vd0.0_seed45_20260831_213938_707867.json,385,35,3131,34,34,True,0,False,,4.541423320770264,{},asymptotic,True,,3,results/bob_realchannel_run_tp0.003_fk0.0_rp0.0_vd0.0_seed45_20260831_213938_707867.json,results/alice_realchannel_run_seed45_20260831_213938_660955.json,unknown,2026-08-31T21:39:43.679383,toeplitz,0.003,4,0.0051948051948051,False,False
0.003,0.0,0.0,0.0,46,results/bob_realchannel_run_tp0.003_fk0.0_rp0.0_vd0.0_seed46_20260831_213944_891741.json,385,35,3131,34,34,True,0,False,,4.4775550365448,{},asymptotic,True,,4,results/bob_realchannel_run_tp0.003_fk0.0_rp0.0_vd0.0_seed46_20260831_213944_891741.json,results/alice_realchannel_run_seed46_20260831_213944_713281.json,unknown,2026-08-31T21:39:49.821558,toeplitz,0.003,4,0.0051948051948051,False,False
0.003,0.0,0.0,0.0,47,results/bob_realchannel_run_tp0.003_fk0.0_rp0.0_vd0.0_seed47_20260831_213950_846395.json,385,35,3131,34,34,True,0,False,,1.2705903053283691,{},asymptotic,True,,5,results/bob_realchannel_run_tp0.003_fk0.0_rp0.0_vd0.0_seed47_20260831_213950_846395.json,results/alice_realchannel_run_seed47_20260831_213950_848332.json,unknown,2026-08-31T21:39:52.572471,toeplitz,0.003,4,0.0051948051948051,False,False
0.003,0.0,0.0,0.0,48,results/bob_realchannel_run_tp0.003_fk0.0_rp0.0_vd0.0_seed48_20260831_213953_585717.json,385,35,3131,34,34,True,0,False,,5.095072984695435,{},asymptotic,True,,6,results/bob_realchannel_run_tp0.003_fk0.0_rp0.0_vd0.0_seed48_20260831_213953_585717.json,results/alice_realchannel_run_seed48_20260831_213953_559054.json,unknown,2026-08-31T21:39:59.070550,toeplitz,0.003,4,0.0051948051948051,False,False
0.003,0.0,0.0,0.0,50,results/bob_realchannel_run_tp0.003_fk0.0_rp0.0_vd0.0_seed50_20260831_214004_015276.json,385,35,3131,34,34,True,0,False,,5.005724191665649,{},asymptotic,True,,8,results/bob_realchannel_run_tp0.003_fk0.0_rp0.0_vd0.0_seed50_20260831_214004_015276.json,results/alice_realchannel_run_seed50_20260831_214004_003078.json,unknown,2026-08-31T21:40:09.422753,toeplitz,0.003,4,0.0051948051948051,False,False
0.003,0.0,0.0,0.0,51,results/bob_realchannel_run_tp0.003_fk0.0_rp0.0_vd0.0_seed51_20260831_214010_407984.json,385,35,3131,34,34,True,0,False,,2.324382781982422,{},asymptotic,True,,9,results/bob_realchannel_run_tp0.003_fk0.0_rp0.0_vd0.0_seed51_20260831_214010_407984.json,results/alice_realchannel_run_seed51_20260831_214010_423599.json,unknown,2026-08-31T21:40:13.154355,toeplitz,0.003,4,0.0051948051948051,False,False
0.001,0.0,0.0,0.0,42,results/bob_realchannel_run_tp0.001_fk0.0_rp0.0_vd0.0_seed42_20260831_214014_156532.json,385,35,3131,34,34,True,0,False,,4.264911651611328,{},asymptotic,True,,0,results/bob_realchannel_run_tp0.001_fk0.0_rp0.0_vd0.0_seed42_20260831_214014_156532.json,results/alice_realchannel_run_seed42_20260831_214014_140280.json,unknown,2026-08-31T21:40:18.822174,toeplitz,0.001,4,0.0051948051948051,False,False
0.001,0.0,0.0,0.0,43,results/bob_realchannel_run_tp0.001_fk0.0_rp0.0_vd0.0_seed43_20260831_214019_820728.json,385,35,3131,34,34,True,0,False,,4.640085935592651,{},asymptotic,True,,1,results/bob_realchannel_run_tp0.001_fk0.0_rp0.0_vd0.0_seed43_20260831_214019_820728.json,results/alice_realchannel_run_seed43_20260831_214019_814309.json,unknown,2026-08-31T21:40:24.892681,toeplitz,0.001,4,0.0051948051948051,False,False
0.001,0.0,0.0,0.0,44,results/bob_realchannel_run_tp0.001_fk0.0_rp0.0_vd0.0_seed44_20260831_214025_887166.json,385,35,3131,34,34,True,0,False,,3.22172474861145,{},asymptotic,True,,2,results/bob_realchannel_run_tp0.001_fk0.0_rp0.0_vd0.0_seed44_20260831_214025_887166.json,results/alice_realchannel_run_seed44_20260831_214025_917549.json,unknown,2026-08-31T21:40:29.519337,toeplitz,0.001,4,0.0051948051948051,False,False
0.001,0.0,0.0,0.0,45,results/bob_realchannel_run_tp0.001_fk0.0_rp0.0_vd0.0_seed45_20260831_214030_520388.json,385,35,3131,34,34,True,0,False,,1.4041998386383057,{},asymptotic,True,,3,results/bob_realchannel_run_tp0.001_fk0.0_rp0.0_vd0.0_seed45_20260831_214030_520388.json,results/alice_realchannel_run_seed45_20260831_214030_516213.json,unknown,2026-08-31T21:40:32.347293,toeplitz,0.001,4,0.0051948051948051,False,False
0.001,0.0,0.0,0.0,46,results/bob_realchannel_run_tp0.001_fk0.0_rp0.0_vd0.0_seed46_20260831_214033_348465.json,385,35,3131,34,34,True,0,False,,2.192336082458496,{},asymptotic,True,,4,results/bob_realchannel_run_tp0.001_fk0.0_rp0.0_vd0.0_seed46_20260831_214033_348465.json,results/alice_realchannel_run_seed46_20260831_214033_349448.json,unknown,2026-08-31T21:40:35.926194,toeplitz,0.001,4,0.0051948051948051,False,False
0.001,0.0,0.0,0.0,47,results/bob_realchannel_run_tp0.001_fk0.0_rp0.0_vd0.0_seed47_20260831_214036_935047.json,385,35,3131,34,34,True,0,False,,3.3375048637390137,{},asymptotic,True,,5,results/bob_realchannel_run_tp0.001_fk0.0_rp0.0_vd0.0_seed47_20260831_214036_935047.json,results/alice_realchannel_run_seed47_20260831_214036_929496.json,unknown,2026-08-31T21:40:40.685856,toeplitz,0.001,4,0.0051948051948051,False,False
0.001,0.0,0.0,0.0,48,results/bob_realchannel_run_tp0.001_fk0.0_rp0.0_vd0.0_seed48_20260831_214041_693468.json,385,35,3131,34,34,True,0,False,,4.668411731719971,{},asymptotic,True,,6,results/bob_realchannel_run_tp0.001_fk0.0_rp0.0_vd0.0_seed48_20260831_214041_693468.json,results/alice_realchannel_run_seed48_20260831_214041_684712.json,unknown,2026-08-31T21:40:46.788723,toeplitz,0.001,4,0.0051948051948051,False,False
0.001,0.0,0.0,0.0,50,results/bob_realchannel_run_tp0.001_fk0.0_rp0.0_vd0.0_seed50_20260831_214053_750081.json,385,35,3131,34,34,True,0,False,,2.286869525909424,{},asymptotic,True,,8,results/bob_realchannel_run_tp0.001_fk0.0_rp0.0_vd0.0_seed50_20260831_214053_750081.json,results/alice_realchannel_run_seed50_20260831_214053_746979.json,unknown,2026-08-31T21:40:56.454808,toeplitz,0.001,4,0.0051948051948051,False,False
0.001,0.0,0.0,0.0,51,results/bob_realchannel_run_tp0.001_fk0.0_rp0.0_vd0.0_seed51_20260831_214057_455243.json,385,35,3131,34,34,True,0,False,,2.7814412117004395,{},asymptotic,True,,9,results/bob_realchannel_run_tp0.001_fk0.0_rp0.0_vd0.0_seed51_20260831_214057_455243.json,results/alice_realchannel_run_seed51_20260831_214057_472464.json,unknown,2026-08-31T21:41:00.654444,toeplitz,0.001,4,0.0051948051948051,False,False
